order_number,entry,establishments_1980,personnel_total_1980,personnel_linked_to_commercialization_1980,salaries_withdrawals_other_compensation_1980_mil_cruzeiros,total_revenue_1980_mil_cruzeiros,commercialization_revenue_1980_mil_cruzeiros,companies_headquartered_in_municipality_1985,establishments_1985,personnel_total_1985,personnel_linked_to_commercialization_1985,salaries_withdrawals_other_compensation_1985_mil_cruzeiros,total_revenue_1985_mil_cruzeiros,commercialization_revenue_1985_mil_cruzeiros,source_page_1980,source_page_1985,left_extraction_method,right_extraction_method,needs_review
1,BRASIL,616 051,2 899 808,1 400 683,336 374 405,7 365 875 544,7 306 849 325,,,,,,,,50,51,mistral_table,mistral_table_partial,yes
2,COMERCIO VAREJISTA,570 733,2 360 085,1 197 161,225 839 906,4 244 112 493,4 207 100 387,,,,,,,,50,51,mistral_table,mistral_table_partial,yes
3,"PROD. ALIMENTICIOS, BEBIDAS E FUMO",252 715,532 138,111 940,33 106 006,464 150 946,461 859 505,682,211,239 013,4 516,532 391,296 000,822 749,50,51,mistral_table,pdf_text_tokens,no
4,PROD. FARMACÑO,252 715,532 138,111 940,33 106 006,464 150 946,461 859 505,,,,,,,,50,51,mistral_table,mistral_table_partial,yes
5,"PROD. ALIMENTICIOS, ODONT. E VETER",31 605,139 248,78 452,13 629 895,219 239 442,216 902 722,,,,,,,,50,51,mistral_table,mistral_table_partial,yes
6,"TECIDOS, VESTUARIO E ARMARINHO",107 052,439 864,246 740,37 512 955,431 527 595,430 261 066,,,,,,,,50,51,mistral_table,mistral_table_partial,yes
7,MAG. E APARELHOS ELETR. USO DOMEST,25 923,172 449,98 967,20 554 336,355 149 005,352 597 265,2 35 1,2 759,17 OIS,10 931,141 506 045,2 417 016 365,2 354 400 096,50,51,mistral_table,pdf_text_layout,no
8,"FERNAGENS, MAT. ELETR. E ELECTRONICO",36 436,207 827,104 491,22 677 834,410 433 115,406 686 622,,,,,,,,50,51,mistral_table,mistral_table_partial,yes
9,"VEICULOS NOVOS E USADOS, PECAS",24 716,156 591,77 074,22 040 932,588 486 152,580 702 092,,,,,,,,50,51,mistral_table,mistral_table_partial,yes
10,MAG. E EQUIP. DE USO INDUSTRIAL,6 610,59 407,28 866,12 301 580,210 153 837,204 315 389,612,853,14 20,10 245,110 741 943,4 431 362 120,315 729 009,50,51,mistral_table,pdf_text_layout,no
11,COMBUSTIVEIS E LUBRIFICANTES,19 525,138 075,85 796,14 015 878,597 953 680,593 316 849,12 202,13 636,56 167,33 108,'31 3&6 845,4 158 498 163,4 097 544 111,50,51,mistral_table,pdf_text_layout,no
12,"PAPELARIAS, LIVRARIAS",14 100,55 223,30 258,6 101 862,55 563 737,55 116 736,,,,,,,,50,51,mistral_table,mistral_table_partial,yes
13,MERC. EM GERAL - INC. ALIMENTICIOS,15 395,278 123,229 600,24 208 763,659 175 478,657 495 118,,,,,,,,50,51,mistral_table,mistral_table_partial,yes
14,MERC. EM GERAL - EXC. ALIMENTICIOS,3 108,60 236,44 150,7 994 169,125 269 152,124 245 602,,,,,,,,50,51,mistral_table,mistral_table_partial,yes
15,ARTIGOS DIVERSOS,30 520,112 138,57 547,10 866 074,118 913 960,115 676 364,,,,,,,,50,51,mistral_table,mistral_table_partial,yes
16,ARTIGOS USADOS,3 028,8 766,3 280,727 619,8 096 394,8 024 996,,,,,,,,50,51,mistral_table,mistral_table_partial,yes
17,COMERCIO ATACADISTA,39 099,387 621,196 356,64 412 327,3 1217 763 051,3 099 748 938,,,,,,,,50,51,mistral_table,mistral_table_partial,yes
18,PRODUTOS EXTRATIVOS E AGROPECUARIOS,3 842,34 792,16 818,4 778 279,323 613 418,318 855 006,,,,,,,,50,51,mistral_table,mistral_table_partial,yes
19,"PROD. ALIMENTICIOS, BEBIDAS E FUMO",17 752,143 558,72 758,19 246 146,903 344 852,898 483 387,2 419,3 010,46 406,30 396,737 671 266,19 878 &IS 504,19 00 513 125 .',50,51,mistral_table,pdf_text_layout,no
20,"PROD. FARMACÑO, COMERCIA E VETER",2 318,31 651,15 899,6 389 471,181 576 324,179 505 911,3 328,3 174,35 900,24 006,400 11 1 781,12 520 900 921,12 236 425 785,50,51,mistral_table,pdf_text_layout,no
21,"TECIDOS, VESTUARIO E ARMARINHO",2 773,24 670,13 861,3 983 486,101 358 882,100 735 446,128,203,3 733,2 515,61 603 355,2 011 311 540,2 009 237 611,50,51,mistral_table,pdf_text_layout,no
22,MAG. E APARELHOS ELETR. USO DOMEST,2 442,21 123,2 811,907 318,1413 396,39 289 984,3 132,4 599,57 tu,33 775,117 174 930,22 245 507 770,21 907 292 390,50,51,mistral_table,pdf_text_layout,no
23,"FERNAGENS, MAT. ELETR. E ELECTRONICO",4 009,48 669,22 348,9 730 213,247 183 111,245 140 841,,,,,,,,50,51,mistral_table,pdf_text_layout_partial,yes
24,"VEICULOS NOVOS E USADOS, PECAS",964,14 692,7 325,3 105 692,64 490 416,63 900 647,,,,,,,,50,51,mistral_table,mistral_table_partial,yes
25,MAG. E EQUIP. DE USO INDUSTRIAL,1 053,14 381,6 245,4 420 849,79 422 721,76 426 937,,,,,,,,50,51,mistral_table,mistral_table_partial,yes
26,COMBUSTIVEIS E LUBRIFICANTES,875,11 276,6 741,3 192 849,920 082 217,919 182 586,114,1 275,17 145,9 930,274 427 267,' 513 310 . . .,6 421 636 172,50,51,mistral_table,pdf_text_layout,no
27,"PAPELARIAS, LIVRARIAS",1 106,12 105,6 311,2 243 546,50 461 127,50 021 970,217,397,15 325,9 116,3 42 570 115,16 512 62• 028,16 301 264 7 61,50,51,mistral_table,pdf_text_layout,no
28,MERC. EM GERAL - INC. ALIMENTICIOS,443,17 881,11 843,2 714 247,104 624 976,106 878 263,,,,,,,,50,51,mistral_table,mistral_table_partial,yes
29,MERC. EM GERAL - EXC. ALIMENTICIOS,1 180,2 501,1 287,383 461,11 608 455,11 640 154,775,999,17 117,10 109,237 299 015,• 669 911 907,4 543 314 217,50,51,mistral_table,pdf_text_layout,no
30,ARTIGOS DIVERSOS,1 453,12 129,6 007,2 176 734,38 895 791,38 388 303,789,813,14 18$,8 314,133 591 075,2 948 220 528,2 921 553 141,50,51,mistral_table,pdf_text_layout,no
31,ARTIGOS USADOS,1 789,13 153,6 106,1 459 636,31 683 358,31 404 901,,,,,,,,50,51,mistral_table,mistral_table_partial,yes
32,COMERCIO VAREJISTA,114 229,479 442,246 984,46 003 544,886 950 728,877 295 856,,,,,,,,50,51,mistral_table,mistral_table_partial,yes
33,"PROD. ALIMENTICIOS, BEBIDAS E FUMO",53 400,109 805,18 932,6 228 804,90 658 952,90 086 516,t50 3$2,52 260,119 311,34 316,639 711 079,9 118 949 994,9 032 681 911,50,51,mistral_table,pdf_text_layout,no
34,"PROD. FARMACÑO, COMERCIA E VETER",6 291,27 413,16 471,2 919 760,56 509 111,55 428 058,,,,,,,,50,51,mistral_table,mistral_table_partial,yes
35,"TECIDOS, VESTUARIO E ARMARINHO",19 909,89 214,51 895,8 000 471,99 220 671,98 865 191,,,,,,,,50,51,mistral_table,mistral_table_partial,yes
36,MAG. E APARELHOS ELETR. USO DOMEST,4 388,35 911,22 599,4 408 348,79 513 747,78 408 003,3 347,5 017,36 715,2' 390,350 1..a 774,5 027 169 379,4 9 40 897 917,50,51,mistral_table,pdf_text_layout,no
37,"FERNAGENS, MAT. ELETR. E ELECTRONICO",5 972,39 006,21 671,4 532 965,77 320 647,76 187 532,7 411,1 856,54 021,34 015,06 IU 360,7 065 502 069,6 197 631 502,50,51,mistral_table,pdf_text_layout,no
38,"VEICULOS NOVOS E USADOS, PECAS",4 769,31 882,17 474,4 745 333,127 982 806,125 643 696,,,,,,,,50,51,mistral_table,mistral_table_partial,yes
39,MAG. E EQUIP. DE USO INDUSTRIAL,1 180,12 105,6 311,2 243 546,50 461 127,50 021 970,,,,,,,,50,51,mistral_table,mistral_table_partial,yes
40,COMBUSTIVEIS E LUBRIFICANTES,4 665,31 236,19 775,3 100 540,118 729 353,117 493 023,,,,,,,,50,51,mistral_table,mistral_table_partial,yes
41,"PAPELARIAS, LIVRARIAS",2 087,8 251,4 482,834 027,8 645 473,8 538 809,,,,,,,,50,51,mistral_table,mistral_table_partial,yes
42,MERC. EM GERAL - INC. ALIMENTICIOS,4 150,60 604,48 064,5 192 074,131 280 656,130 821 624,,,,,,,,50,51,mistral_table,mistral_table_partial,yes
43,MERC. EM GERAL - EXC. ALIMENTICIOS,432,9 906,6 847,1 203 013,22 250 023,22 140 166,,,,,,,,50,51,mistral_table,mistral_table_partial,yes
44,ARTIGOS DIVERSOS,5 729,20 201,10 470,1 988 603,20 789 248,20 160 163,,,,,,,,50,51,mistral_table,mistral_table_partial,yes
45,ARTIGOS USADOS,552,1 548,586,114 703,1 016 753,1 002 533,,,,,,,,50,51,mistral_table,mistral_table_partial,yes
46,COMERCIO ATACADISTA,8 893,86 689,45 683,12 428 627,660 797 896,654 027 239,,,,,,,,50,51,mistral_table,mistral_table_partial,yes
47,PRODUTOS EXTRATIVOS E AGROPECUARIOS,1 690,21 282,11 209,2 610 471,198 270 195,194 764 398,,,,,,,,50,51,mistral_table,mistral_table_partial,yes
48,"PROD. ALIMENTICIOS, BEBIDAS E FUMO",4 384,31 584,16 361,3 665 215,161 151 613,159 852 564,,,,,,,,50,51,mistral_table,mistral_table_partial,yes
49,"PROD. FARMACÑO, COMERCIA E VETER",495,6 714,3 338,1 255 127,33 593 953,33 137 341,,,,,,,,50,51,mistral_table,mistral_table_partial,yes
50,"TECIDOS, VESTUARIO E ARMARINHO",366,2 915,1 534,458 974,12 654 063,12 546 854,,,,,,,,50,51,mistral_table,mistral_table_partial,yes
51,MAG. E APARELHOS ELETR. USO DOMEST,86,890,511,130 648,2 167 575,2 145 437,215,701,770,279,591,43,1,50,51,mistral_table,pdf_text_tokens,no
52,"FERNAGENS, MAT. ELETR. E ELECTRONICO",564,7 345,3 482,1 354 580,32 684 885,32 251 607,543,8110,9 116,s 259,147 211 · 202,3 ou 291 025,3 029 131 161,50,51,mistral_table,pdf_text_layout,no
53,"VEICULOS NOVOS E USADOS, PECAS",189,2 885,1 464,571 683,13 177 162,13 035 539,195 253,4 103,2 529,66 st7 053,1 470 161 653,1,226 711,50,51,mistral_table,pdf_text_layout,no
54,MAG. E EQUIP. DE USO INDUSTRIAL,171,1 653,809,421 135,8 460 945,8 279 909,,,,,,,,50,51,mistral_table,mistral_table_partial,yes
55,COMBUSTIVEIS E LUBRIFICANTES,182,2 176,1 282,597 694,156 971 936,156 886 184,,,,,,,,50,51,mistral_table,mistral_table_partial,yes
56,"PAPELARIAS, LIVRARIAS",146,1 697,880,290 319,5 313 354,5 184 859,,,,,,,,50,51,mistral_table,mistral_table_partial,yes
57,MERC. EM GERAL - INC. ALIMENTICIOS,141,4 338,2 996,609 231,27 462 701,27 221 896,51,113,3 175,2 052,50 761 368,"2 319 730 ,f53",2 343 51' 109,50,51,mistral_table,pdf_text_layout,no
58,MERC. EM GERAL - EXC. ALIMENTICIOS,37,559,244,93 125,1 705 799,1 668 551,,,,,,,,50,51,mistral_table,mistral_table_partial,yes
59,ARTIGOS DIVERSOS,209,1 337,669,226 482,3 864 810,3 776 168,,,,,,,,50,51,mistral_table,mistral_table_partial,yes
60,ARTIGOS USADOS,233,1 474,904,143 943,3 319 095,3 273 932,,,,,,,,50,51,mistral_table,mistral_table_partial,yes
61,PARANA,46 440,216 781,101 955,21 857 183,623 084 199,616 788 615,,,,,,,,50,51,mistral_table,mistral_table_partial,yes
62,COMERCIO VAREJISTA,41 775,170 653,84 202,14 685 619,314 621 686,311 135 876,,,,,,,,50,51,mistral_table,mistral_table_partial,yes
63,"PROD. ALIMENTICIOS, BEBIDAS E FUMO",18 882,40 412,7 393,1 666 213,35 378 895,33 214 817,,,,,,,,50,51,mistral_table,mistral_table_partial,yes
64,"PROD. FARMACÑO, COMERCIA E VETER",2 861,11 066,5 991,1 047 190,24 819 590,24 212 085,,,,,,,,50,51,mistral_table,mistral_table_partial,yes
65,"TECIDOS, VESTUARIO E ARMARINHO",7 363,31 311,16 963,2 360 173,30 845 567,30 746 710,,,,,,,,50,51,mistral_table,missing,yes
66,MAG. E APARELHOS ELETR. USO DOMEST,1 619,11 997,6 863,1 361 898,23 667 633,23 518 296,,,,,,,,50,51,mistral_table,mistral_table_partial,yes
67,"FERNAGENS, MAT. ELETR. E ELECTRONICO",2 068,12 563,6 943,1 337 845,24 028 191,23 651 247,,,,,,,,50,51,mistral_table,mistral_table_partial,yes
68,"VEICULOS NOVOS E USADOS, PECAS",2 001,12 723,7 168,1 707 596,50 999 262,50 341 612,,,,,,,,50,51,mistral_table,mistral_table_partial,yes
69,MAG. E EQUIP. DE USO INDUSTRIAL,738,5 761,3 074,1 001 625,23 173 013,22 555 311,,,,,,,,50,51,mistral_table,mistral_table_partial,yes
70,COMBUSTIVEIS E LUBRIFICANTES,1 818,12 599,7 795,1 140 418,46 570 177,46 120 476,,,,,,,,50,51,mistral_table,mistral_table_partial,yes
71,"PAPELARIAS, LIVRARIAS",849,3 146,1 697,289 396,3 046 500,3 003 399,,,,,,,,50,51,mistral_table,mistral_table_partial,yes
72,MERC. EM GERAL - INC. ALIMENTICIOS,206,8 272,14 260,1 470 249,40 323 397,40 244 964,,,,,,,,50,51,mistral_table,mistral_table_partial,yes
73,MERC. EM GERAL - EXC. ALIMENTICIOS,121,2 865,1 855,356 395,6 762 080,6 747 728,,,,,,,,50,51,mistral_table,mistral_table_partial,yes
74,ARTIGOS DIVERSOS,2 004,7 277,3 953,607 368,6 596 316,6 376 763,,,,,,,,50,51,mistral_table,mistral_table_partial,yes
75,ARTIGOS USADOS,225,664,247,39 313,405 568,398 466,,,,,,,,50,51,mistral_table,mistral_table_partial,yes
76,COMERCIO ATACADISTA,3 971,33 800,17 153,4 486 291,308 462 513,305 652 739,,,,,,,,52,53,mistral_table,mistral_table_partial,yes
77,PRODUTOS EXTRATIVOS E AGROPECUARIOS,1 062,10 034,4 923,1 152 713,103 326 192,101 906 813,,,,,,,,52,53,mistral_table,mistral_table_partial,yes
78,"PROD. ALIMENTICIOS, BEBIDAS E FUMO",1 899,11 903,5 801,1 389 057,87 244 388,86 633 383,,,,,,,,52,53,mistral_table,mistral_table_partial,yes
79,"PROD. FARMACÊUTICOS, ODONT. E VETER",189,2 448,1 232,416 524,13 965 588,13 787 481,169,279,4 063,2 519,5 8 419 049,t 921 72.3 09,t 110 0'2 805,52,53,mistral_table,pdf_text_layout,no
80,"TECIDOS, VESTUARIO E ARMARINHO",141,982,490,125 697,4 168 507,4 105 037,124,131,t 206,133,12 912 627,454 611 733,"""2 311 143",52,53,mistral_table,pdf_text_layout,no
81,MAG. E APARELHOS ELETR. USO DOMEST,41,420,236,62 780,1 131 150,1 115 258,•3,so,uo,395,1 272 563,Ili 565 915,114 171 601,52,53,mistral_table,pdf_text_layout,no
82,"FERRAGENS, MAT. ELETR. E ELECTRONICOS",178,12 006,941,312 372,6 645 186,6 517 577,7 -876,9 220,SI 568,31 924,493 713 918,9 009 07S 346,8 17S ISO 975,52,53,mistral_table,pdf_text_layout,no
83,"VEICULOS NOVOS E USADOS, PECAS",75,21 293,623,240 967,5 999 821,5 958 593,,,,,,,,52,53,mistral_table,mistral_table_partial,yes
84,MAG. E EQUIP. DE USO INDUSTRIAL,54,476,237,103 293,1 704 427,1 653 542,,,,,,,,52,53,mistral_table,mistral_table_partial,yes
85,COMBUSTIVEIS E LUBRIFICANTES,70,624,427,144 113,61 666 307,61 642 129,,,,,,,,52,53,mistral_table,mistral_table_partial,yes
86,"PAPELARIAS, LIVRARIAS",52,680,427,129 984,2 213 268,2 116 961,,,,,,,,52,53,mistral_table,missing,yes
87,MERC. EM GERAL - INC. ALIMENTICIOS,58,938,1 290,300 358,14 910 109,14 764 951,,,,,,,,52,53,mistral_table,mistral_table_partial,yes
88,MERC. EM GERAL - EXC. ALIMENTICIOS,4,147,28,21 125,504 392,483 754,,,,,,,,52,53,mistral_table,mistral_table_partial,yes
89,ARTIGOS DIVERSOS,48,283,139,37 948,823 704,819 242,,,,,,,,52,53,mistral_table,mistral_table_partial,yes
90,ARTIGOS USADOS,100,562,359,49 340,1 157 374,1 148 018,,,,,,,,52,53,mistral_table,mistral_table_partial,yes
91,REGIÃO METROPOLITANA,9 367,57 382,31 295,7 785 249,166 153 514,164 526 510,,,,,,,,52,53,mistral_table,mistral_table_partial,yes
92,COMERCIO VAREJISTA,8 493,43 194,25 700,4 892 385,90 860 544,89 699 889,,,,,,,,52,53,mistral_table,mistral_table_partial,yes
93,"PROD. ALIMENTICIOS, BEBIDAS E FUMO",3 760,7 113,1 621,474 749,7 020 814,6 975 279,,,,,,,,52,53,mistral_table,mistral_table_partial,yes
94,"PROD. FARMACEUTICOS, ODONT",,,,,,,,,,,,,,52,53,tesseract_por_review_partial,mistral_table_partial,yes
95,"TECIDOS, VESTUARIO",,,,,,,,,,,,,,52,53,tesseract_por_review_partial,mistral_table_partial,yes
96,MAG. E APARELHOS ELETR. USO DOMEST,364,3 594,2 179,472 726,8 357 909,8 287 984,,,,,,,,52,53,mistral_table,mistral_table_partial,yes
97,"FERRAGENS, MAT. ELETR. E ELECTRONICOS",566,2 684,2 684,602 001,9 524 107,9 353 186,607,711,s 282,3 474,50 '75 30,772 7 13 504,754 336 110,52,53,mistral_table,pdf_text_layout,no
98,"VEICULOS NOVOS E USADOS, PECAS",410,3 318,1 936,574 778,16 287 590,16 050 870,,,,,,,,52,53,mistral_table,mistral_table_partial,yes
99,MAG. E EQUIP. DE USO INDUSTRIAL,170,1 623,811,372 176,6 235 199,5 912 914,,,,,,,,52,53,mistral_table,mistral_table_partial,yes
100,COMBUSTIVEIS E LUBRIFICANTES,272,2 647,1 850,293 844,11 178 358,11 072 751,,,,,,,,52,53,mistral_table,pdf_text_layout_partial,yes
101,"PAPELARIAS, LIVRARIAS",367,541,854,188 909,1 713 236,1 682 109,56,61,1 168,H4,29 40• •u,na 619 505,631 317 754,52,53,mistral_table,pdf_text_layout,no
102,MERC. EM GERAL - INC. ALIMENTICIOS,194,4 922,4 358,443 972,12 747 808,12 742 161,,,,,,,,52,53,mistral_table,mistral_table_partial,yes
103,MERC. EM GERAL - EXC. ALIMENTICIOS,18,1 194,848,150 273,2 476 106,2 476 074,,,,,,,,52,53,mistral_table,mistral_table_partial,yes
104,ARTIGOS DIVERSOS,534,2 596,1 700,301 151,2 866 142,2 784 305,,,,,,,,52,53,mistral_table,mistral_table_partial,yes
105,ARTIGOS USADOS,59,219,99,14 407,125 952,124 871,95,98,309,160,1 186 352,t3 '69 aos,13 272 123,52,53,mistral_table,pdf_text_layout,no
106,COMERCIO ATACADISTA,722,9 483,5 240,1 583 949,75 292 970,74 828 621,,,,,,,,52,53,mistral_table,mistral_table_partial,yes
107,"PROD. FARMACÊUTICOS, ODONT. E VETER",404,2 051,1 418,215 617,2 942 590,2 819 300,,,,,,,,52,53,mistral_table,mistral_table_partial,yes
108,"TECIDOS, VESTUARIO E ARMARINHO",1 373,7 884,5 342,780 382,9 304 738,9 266 090,,,,,,,,52,53,mistral_table,mistral_table_partial,yes
109,"PROD. FARMACÊUTICOS, ODONT. E VETER",67,293,686,241 789,6 353 043,6 336 429,,,,,,,,52,53,mistral_table,mistral_table_partial,yes
110,"TECIDOS, VESTUARIO E ARMARINHO",110,32,115,274 149,1 482 149,1 453 058,26,32,208,135,2 116 20•,5• 291 040,54 033 039,52,53,mistral_table,pdf_text_layout,no
111,MAG. E APARELHOS ELETR. USO DOMEST,15,269,157,49 082,790 310,775 345,,,,,,,,52,53,mistral_table,mistral_table_partial,yes
112,"FERRAGENS, MAT. ELETR. E ELECTRONICOS",74,1174,518,207 494,5 482 058,5 385 299,91,tt6,737,045,2.8 461 732,593 201 176,H6 su on,52,53,mistral_table,pdf_text_layout,no
113,"VEICULOS NOVOS E USADOS, PECAS",37,832,361,158 982,3 992 250,3 968 084,36,'9,133,678,10 038 073,442 5'0 362,". , . 7S5 657",52,53,mistral_table,pdf_text_layout,no
114,MAG. E EQUIP. DE USO INDUSTRIAL,27,289,137,77 610,1 037 570,1 001 027,,,,,,,,52,53,mistral_table,mistral_table_partial,yes
115,COMBUSTIVEIS E LUBRIFICANTES,23,403,266,86 991,28 996 731,28 977 454,,,,,,,,52,53,mistral_table,mistral_table_partial,yes
116,"PAPELARIAS, LIVRARIAS",34,583,378,121 602,2 011 977,1 916 950,,,,,,,,52,53,mistral_table,mistral_table_partial,yes
117,MERC. EM GERAL - INC. ALIMENTICIOS,9,301,232,36 944,1 646 940,1 646 940,Ot,s..,4 679,3 129,4 6 117 426,699 931 37S,. 611 910 U3,52,53,mistral_table,pdf_text_layout,no
118,MERC. EM GERAL - EXC. ALIMENTICIOS,1,17,63,26 733,356 890,356 888,,,,,,,,52,53,mistral_table,missing,yes
119,ARTIGOS DIVERSOS,15,17,63,26 733,356 890,356 888,,,,,,,,52,53,mistral_table,missing,yes
120,ARTIGOS USADOS,25,230,171,26 447,674 655,668 325,17,20,230,152,2 010 427,37 206 '37,36 421 301,52,53,mistral_table,pdf_text_layout,no
121,CURITIBA,7 257,51 194,28 673,7 266 432,126 521 602,125 039 215,6 840,7 947,64 231,40 559,686 248 800,11 855 299 763,11 680 337 689,52,53,mistral_table,mistral_table,no
122,COMERCIO VAREJISTA,6 500,37 934,23 658,4 504 153,81 989 522,80 910 775,6 101,7 207,50 671,34 437,442 765 365,7 812 766 043,7 689 317 018,52,53,mistral_table,mistral_table,no
123,"PROD. ALIMENTICIOS, BEBIDAS E FUMO",2 419,4 908,1 360,359 908,5 340 526,5 312 583,2 092,2 184,6 091,2 485,35 111 464,478 702 768,475 375 984,52,53,mistral_table,mistral_table,no
124,"PROD. FARMACÊUTICOS, ODONT. E VETER",324,1 826,1 310,196 134,2 396 859,2 274 376,366,452,2 366,1 664,20 133 944,229 772 505,225 020 098,52,53,mistral_table,mistral_table,no
125,"TECIDOS, VESTUARIO E ARMARINHO",1 214,7 490,5 199,747 559,8 854 423,8 822 368,1 180,1 456,9 482,6 821,77 987 942,888 843 154,885 617 370,52,53,mistral_table,mistral_table,no
126,MAG. E APARELHOS ELETR. USO DOMEST,316,3 373,2 081,452 693,8 028 023,7 958 619,238,375,3 159,2 239,29 350 803,481 519 080,477 160 867,52,53,mistral_table,mistral_table,no
127,"FERRAGENS, MAT. ELETR. E ELECTRONICOS",480,4 102,2 504,574 098,9 091 977,8 977 261,491,584,4 679,3 139,46 127 426,699 938 375,661 980 143,52,53,mistral_table,mistral_table,no
128,"VEICULOS NOVOS E USADOS, PECAS",346,3 049,1 783,546 679,15 865 500,15 670 776,413,485,5 575,3 386,76 789 739,2 082 958 453,2 035 623 547,52,53,mistral_table,mistral_table,no
129,MAG. E EQUIP. DE USO INDUSTRIAL,159,1 591,792,369 277,6 164 261,5 842 732,166,187,1 575,883,23 712 673,350 997 673,330 869 158,52,53,mistral_table,mistral_table,no
130,COMBUSTIVEIS E LUBRIFICANTES,193,1 903,1 296,211 722,7 407 623,7 328 140,165,193,2 047,1 590,17 907 129,604 907 201,597 754 585,52,53,mistral_table,mistral_table,no
131,"PAPELARIAS, LIVRARIAS",347,1 505,842,187 595,1 694 773,1 663 718,332,353,1 238,705,8 358 939,104 039 233,102 352 142,52,53,mistral_table,mistral_table,no
132,MERC. EM GERAL - INC. ALIMENTICIOS,153,4 347,3 905,403 715,11 793 377,11 787 805,92,186,7 816,6 924,50 794 124,1 239 295 082,1 233 584 718,52,53,mistral_table,mistral_table,no
133,MERC. EM GERAL - EXC. ALIMENTICIOS,12,1 167,832,148 281,2 431 261,2 431 261,7,38,3 171,2 375,27 873 401,409 800 555,407 108 692,52,53,mistral_table,mistral_table,no
134,ARTIGOS DIVERSOS,485,2 488,1 661,293 797,2 806 017,2 726 951,476,632,3 201,2 091,26 946 888,233 163 536,225 238 308,52,53,mistral_table,mistral_table,no
135,ARTIGOS USADOS,52,18,93,12 735,114 902,114 187,79,82,271,145,1 670 893,71 828 388,11 631 406,52,53,mistral_table,mistral_table,no
136,COMERCIO ATACADISTA,609,8 634,4 722,1 481 252,44 532 080,44 128 440,539,648,10 176,6 044,159 041 371,4 039 581 218,3 991 020 671,52,53,mistral_table,mistral_table,no
137,PRODUTOS EXTRATIVOS E AGROPECUARIOS,20,20,299,42 434,2 134 613,2 086 856,,,,,,,,52,53,mistral_table,missing,yes
138,"PROD. ALIMENTICIOS, BEBIDAS E FUMO",275,2 808,1 539,420 585,17 628 428,17 576 633,203,225,3 133,2 103,38 544 973,1 482 799 218,1 470 899 974,52,53,mistral_table,mistral_table,no
139,"PROD. FARMACÊUTICOS, ODONT. E VETER",59,1 244,670,237 061,5 966 828,5 955 044,48,57,1 793,942,28 456 577,611 060 036,604 011 937,52,53,mistral_table,mistral_table,no
140,"TECIDOS, VESTUARIO E ARMARINHO",30,193,113,35 960,1 405 649,1 386 039,,,,,,,,52,53,mistral_table,missing,yes
141,MAG. E APARELHOS ELETR. USO DOMEST,7,199,118,42 052,670 373,667 839,16,19,303,157,5 508 354,101 014 854,97 635 289,52,53,mistral_table,mistral_table,no
142,"FERRAGENS, MAT. ELETR. E ELECTRONICOS",61,1 116,495,200 505,5 901 907,5 798 737,82,105,1 624,970,27 352 025,573 813 674,569 359 950,52,53,mistral_table,mistral_table,no
143,"VEICULOS NOVOS E USADOS, PECAS",35,796,332,155 702,3 832 916,3 807 750,32,45,1 016,582,19 101 311,418 316 624,410 531 919,52,53,mistral_table,mistral_table,no
144,MAG. E EQUIP. DE USO INDUSTRIAL,26,261,137,76 981,1 036 246,1 000 835,36,45,840,395,16 145 640,367 161 546,358 486 256,52,53,mistral_table,mistral_table,no
145,COMBUSTIVEIS E LUBRIFICANTES,15,315,180,59 006,1 273 128,1 265 290,5,9,130,95,4 583 841,106 967 351,106 375 390,52,53,mistral_table,mistral_table,no
146,"PAPELARIAS, LIVRARIAS",34,583,378,121 602,2 011 977,1 916 950,20,32,427,268,7 964 291,148 444 661,146 939 165,52,53,mistral_table,mistral_table,no
147,MERC. EM GERAL - INC. ALIMENTICIOS,9,301,232,36 944,1 646 940,1 646 940,,,,,,,,52,53,mistral_table,pdf_text_layout_partial,yes
148,MERC. EM GERAL - EXC. ALIMENTICIOS,1,130,61,25 973,346 425,346 403,-,1,(E),(D),(X),(D),(D),52,53,mistral_table,tesseract_por_review,no
149,ARTIGOS DIVERSOS,13,130,61,25 973,346 425,346 403,16,22,158,108,1 577 480,29 108 833,28 846 680,52,53,mistral_table,mistral_table,no
150,ARTIGOS USADOS,25,230,171,26 447,674 655,668 325,16,19,226,152,1 890 170,34 810 961,34 699 656,52,53,mistral_table,mistral_table,no
151,CASCAVEL,1 108,7 513,3 749,846 450,28 195 763,27 938 873,971,1 183,9 709,6 442,93 064 086,2 688 164 120,2 653 161 549,52,53,mistral_table,mistral_table,no
152,COMERCIO VAREJISTA,958,5 360,3 019,504 314,13 651 624,13 518 374,877,1 024,7 190,4 774,54 799 432,1 280 315 709,1 261 676 057,52,53,mistral_table,mistral_table,no
153,"VEICULOS NOVOS E USADOS, PECAS",81,593,407,89 875,3 466 904,3 442 038,108,133,1 291,808,16 522 790,412 385 993,402 134 396,52,53,mistral_table,mistral_table,no
154,COMBUSTIVEIS E LUBRIFICANTES,56,405,234,37 009,1 476 205,1 466 987,40,45,447,327,3 967 939,159 037 562,156 960 557,52,53,mistral_table,mistral_table,no
155,MERC. EM GERAL - INC. ALIMENTICIOS,41,773,629,53 704,1 307 276,1 305 983,12,23,991,944,4 809 660,155 175 118,165 153 855,52,53,mistral_table,mistral_table,no
156,DEMAIS GÉNEROS,780,3 589,1 749,323 726,7 396 239,7 303 366,717,823,4 421,2 695,29 799 073,553 717 036,547 427 248,52,53,mistral_table,mistral_table,no
157,COMERCIO ATACADISTA,109,1 186,727,170 388,14 544 139,14 420 499,94,146,2 364,1 668,34 359 198,1 405 002 110,1 391 485 492,54,55,mistral_table,mistral_table,no
158,FOZ DO IGUAÇU,962,6 137,3 550,621 260,20 009 176,19 875 255,1 042,1 240,6 916,4 862,56 355 320,1 620 123 942,1 605 212 779,54,55,mistral_table,mistral_table,no
159,COMERCIO VAREJISTA,848,5 298,3 105,521 652,13 805 404,13 701 117,945,1 105,5 807,4 106,44 371 269,999 649 654,991 399 386,54,55,mistral_table,mistral_table,no
160,"TECIDOS, VESTUARIO E ARMARINHA",221,1 144,675,93 449,1 606 307,1 602 447,274,305,1 420,957,9 829 636,136 410 376,136 229 308,54,55,mistral_table,mistral_table,no
161,"VEICULOS NOVOS E USADOS, PECAS",70,477,307,62 624,2 411 381,2 361 141,72,93,661,506,7 291 873,191 589 979,188 513 404,54,55,mistral_table,mistral_table,no
162,MERC. EM GERAL - INC. ALIMENTICIOS,49,797,587,66 665,2 238 665,2 230 696,20,39,721,653,4 802 346,187 965 336,187 963 632,54,55,mistral_table,mistral_table,no
163,DEMAIS GENEROS,508,2 880,1 536,298 914,7 549 051,7 506 833,579,668,3 005,1 990,22 447 414,483 683 963,478 693 042,54,55,mistral_table,mistral_table,no
164,COMERCIO ATACADISTA,106,763,444,87 126,6 203 772,6 174 138,97,132,1 058,756,11 195 159,620 474 288,613 813 393,54,55,mistral_table,mistral_table,no
165,GUARAPUAYA,991,4 574,1 947,413 787,21 277 744,21 134 365,646,750,4 703,2 791,38 483 596,1 786 855 633,1 767 401 850,54,55,mistral_table,mistral_table,no
166,COMERCIO VAREJISTA,923,3 783,1 624,294 223,7 462 834,7 401 485,612,689,3 791,2 383,25 915 239,584 067 071,576 189 522,54,55,mistral_table,mistral_table,no
167,"VEICULOS NOVOS E USADOS, PECAS",39,364,202,47 698,1 684 184,1 668 496,45,52,466,305,5 416 755,154 883 558,151 956 648,54,55,mistral_table,mistral_table,no
168,COMBUSTIVEIS E LUBRIFICANTES,50,372,244,32 642,1 413 957,1 403 377,42,53,420,281,3 134 119,103 535 954,101 857 919,54,55,mistral_table,mistral_table,no
169,MERC. EM GERAL - INC. ALIMENTICIOS,15,373,260,31 092,905 552,901 744,8,18,463,426,2 848 154,73 081 458,73 065 923,54,55,mistral_table,mistral_table,no
170,DEMAIS GENEROS,819,2 674,918,182 791,3 459 141,3 427 868,517,566,2 442,1 371,14 516 211,252 566 091,249 509 032,54,55,mistral_table,mistral_table,no
171,COMERCIO ATACADISTA,50,566,323,81 327,13 814 910,13 732 880,34,57,746,408,9 461 022,1 201 244 131,1 191 212 328,54,55,mistral_table,mistral_table,no
172,LONDRINA,2 162,14 635,8 080,1 803 126,49 275 942,48 849 737,2 108,2 467,18 896,12 182,209 316 057,5 209 399 496,5 150 377 349,54,55,mistral_table,mistral_table,no
173,COMERCIO VAREJISTA,1 831,11 034,6 894,1 145 917,22 726 632,22 450 640,1 924,2 189,15 153,10 072,143 849 034,2 174 539 256,2 129 937 883,54,55,mistral_table,mistral_table,no
174,"VEICULOS NOVOS E USADOS, PECAS",105,898,572,136 294,4 601 191,4 550 861,122,143,1 780,1 075,24 398 277,480 904 521,459 486 703,54,55,mistral_table,mistral_table,no
175,COMBUSTIVEIS E LUBRIFICANTES,77,507,457,76 719,2 393 288,2 377 097,71,78,832,577,8 150 027,272 834 147,270 754 227,54,55,mistral_table,mistral_table,no
176,MERC. EM GERAL - INC. ALIMENTICIOS,56,1 157,997,99 441,2 377 061,2 375 162,23,61,1 593,1 421,10 072 851,234 409 485,234 285 628,54,55,mistral_table,mistral_table,no
177,DEMAIS GENEROS,1 593,8 272,4 868,833 463,13 355 092,13 147 520,708,1 907,10 968,6 999,101 227 879,1 186 391 103,1 165 411 325,54,55,mistral_table,mistral_table,no
178,COMERCIO ATACADISTA,248,2 341,1 166,382 620,26 549 310,26 399 097,184,255,3 033,2 039,45 045 897,3 034 860 240,3 020 436 466,54,55,mistral_table,mistral_table,no
179,MARINGA,1 526,9 950,5 405,1 203 049,39 436 543,39 189 388,1 578,1 888,14 227,8 935,158 498 415,5 394 739 738,5 352 368 487,54,55,mistral_table,mistral_table,no
180,COMERCIO VAREJISTA,1 223,9 964,4 200,721 988,15 242 814,15 036 643,1 383,1 602,10 056,6 688,86 338 908,1 663 752 341,1 635 489 056,54,55,mistral_table,mistral_table,no
181,"PROD. FARMACÊUTICOS, SOONT. E VETER",93,442,267,53 845,1 117 345,1 085 032,100,120,719,444,7 225 997,207 198 471,206 429 241,54,55,mistral_table,mistral_table,no
182,"FERRAGENS, MAT. ELETR. E ELECTRONICO",94,555,304,56 043,1 111 519,1 100 255,136,157,1 272,923,10 579 638,223 516 469,215 367 676,54,55,mistral_table,mistral_table,no
183,"VEICULOS NOVOS E USADOS, PECAS",121,835,519,112 986,3 209 741,3 162 945,163,181,1 458,1 000,18 884 998,331 530 121,320 543 778,54,55,mistral_table,mistral_table,no
184,DEMAIS GENEROS,915,5 132,3 110,499 114,9 804 209,9 688 411,984,1 144,6 607,4 321,49 648 275,901 507 280,893 148 361,54,55,mistral_table,mistral_table,no
185,COMERCIO ATACADISTA,258,2 287,1 202,344 084,24 193 729,24 152 745,195,259,3 545,2.219,60 925 830,3 730 862 237,3 716 879 431,54,55,mistral_table,mistral_table,no
186,PONTA GROSSA,1 380,7 496,3 862,873 594,19 672 269,19 415 138,1 161,1 383,8 745,5 330,82 985 443,1 849 232 270,1 803 367 227,54,55,mistral_table,mistral_table,no
187,COMERCIO VAREJISTA,1 215,5 825,3 322,610 303,12 526 414,12 379 338,1 064,1 267,7 088,4 434,62 042 938,1 151 874 182,1 126 304 621,54,55,mistral_table,mistral_table,no
188,"VEICULOS NOVOS E USADOS, PECAS",75,627,441,88 255,2 849 708,2 823 942,76,94,878,482,10 916 570,273 237 600,265 284 584,54,55,mistral_table,mistral_table,no
189,COMBUSTIVEIS E LUBRIFICANTES,62,530,376,54 881,2 034 180,2 018 767,45,65,535,406,4 915 556,195 213 187,193 530 955,54,55,mistral_table,mistral_table,no
190,MERC. EM GERAL - INC. ALIMENTICIOS,26,550,461,49 410,1 496 559,1 496 514,14,31,843,770,7 477 386,195 405 046,190 581 700,54,55,mistral_table,mistral_table,no
191,DEMAIS GENEROS,1 052,4 118,2 044,417 757,6 145 967,6 040 115,949,1 077,4 832,2 776,38 733 426,488 018 349,476 907 382,54,55,mistral_table,mistral_table,no
192,COMERCIO ATACADISTA,104,873,460,119 370,7 145 855,7 035 800,77,97,1 352,876,15 777 058,697 358 088,677 062 606,54,55,mistral_table,mistral_table,no
193,ABATIA,49,149,37,8 949,125 387,125 118,38,40,142,67,724 906,18 523 028,18 456 028,54,55,mistral_table,mistral_table,no
194,ADRIANOPOLIS,54,127,20,5 382,95 855,93 360,,,,,,,,54,55,mistral_table,missing,yes
195,AQUOS DO SUL,34,59,3,2 298,41 550,38 493,27,27,86,22,286 214,5 772 345,5 654 575,54,55,mistral_table,mistral_table,no
196,ALMIRANTE TAMANDARO,152,311,37,14 711,276 888,275 070,145,147,473,215,2 751 747,76 961 263,76 766 611,54,55,mistral_table,mistral_table,no
197,ALTAMIRA DO PARANA,-,-,-,-,-,-,35,36,123,19,803 012,10 824 326,10 669 494,54,55,mistral_table,mistral_table,no
198,ALTONIA,260,796,274,37 185,1 185 998,1 182 532,192,209,633,243,2 873 040,104 161 907,103 788 268,54,55,mistral_table,mistral_table,no
199,ALTO PARANA,52,150,60,7 658,166 290,164 848,55,61,162,60,802 151,18 646 904,18 601 725,54,55,mistral_table,mistral_table,no
200,ALTO PIQUIRI,149,620,206,29 876,453 297,448 207,123,138,479,221,2 142 247,85 865 086,85 788 218,54,55,mistral_table,mistral_table,no
201,ALVORADA DO SUL,45,228,80,21 085,782 453,781 597,33,43,354,195,3 314 126,100 882 553,100 711 573,54,55,mistral_table,mistral_table,no
202,AMAPORA,14,36,5,1 204,24 753,24 753,15,15,30,3,103 125,2 331 771,2 320 870,54,55,mistral_table,mistral_table,no
203,AMPERE,77,268,66,16 090,613 502,610 437,70,75,248,108,1 282 106,35 561 068,35 440 835,54,55,mistral_table,mistral_table,no
204,ANDIRA,127,567,292,43 266,1 360 244,1 352 175,115,127,700,411,6 184 468,240 365 900,236 387 472,54,55,mistral_table,mistral_table,no
205,ANTONINA,145,343,95,21 281,524 303,522 881,106,119,311,117,1 694 529,34 045 405,34 031 161,54,55,mistral_table,mistral_table,no
206,ANTONIO OLINTO,43,58,11,3 215,66 945,66 164,39,41,92,30,395 458,7 713 559,7 708 759,54,55,mistral_table,mistral_table,no
207,APUCARANA,522,2 970,1 449,277 375,8 193 162,8 040 414,511,616,3 849,2 265,33 488 580,1 003 678 172,971 471 792,54,55,mistral_table,mistral_table,no
208,ARAPONGAS,443,1 964,994,206 097,5 838 967,5 799 091,430,510,2 690,1 686,22 592 146,566 269 748,562 813 599,54,55,mistral_table,mistral_table,no
209,ARAPOTI,84,351,80,32 067,1 438 955,1 356 683,74,85,332,137,2 207 701,107 326 423,105 396 179,54,55,mistral_table,mistral_table,no
210,ARARUNA,76,189,58,11 284,248 657,246 666,66,72,174,63,852 842,19 020 991,18 845 364,54,55,mistral_table,mistral_table,no
211,ARAUCAIA,219,720,365,95 909,29 214 069,29 191 561,175,208,1 265,717,17 031 803,2 844 886 272,2 840 901 838,54,55,mistral_table,mistral_table,no
212,ASSAI,142,571,258,55 281,1 672 860,1 660 093,146,161,827,401,6 070 783,182 724 898,181 094 167,56,57,mistral_table,mistral_table,no
213,ASSIS CHATEAUBRIAND,342,1 508,669,117 822,4 918 771,4 856 416,252,301,1 711,1 020,14 628 707,600 393 452,594 656 407,56,57,mistral_table,mistral_table,no
214,ASTORGA,143,579,249,36 744,1 424 064,1 390 231,128,143,606,310,3 853 665,144 628 099,143 896 369,56,57,mistral_table,mistral_table,no
215,ATALAIA,29,70,19,3 989,115 533,113 974,24,28,96,16,699 891,15 040 807,14 995 108,56,57,mistral_table,mistral_table,no
216,BALSA NOVA,32,68,24,4 549,117 374,110 129,27,27,77,34,441 373,12 650 528,12 562 193,56,57,mistral_table,mistral_table,no
217,BANDEIRANTES,218,1 001,411,82 194,2 521 628,2 503 506,176,231,1 041,565,8 461 606,281 419 235,268 938 330,56,57,mistral_table,mistral_table,no
218,BARBOSA FERRAZ,153,534,243,25 915,1 214 284,1 206 389,129,145,492,197,2 630 027,90 910 723,90 332 583,56,57,mistral_table,mistral_table,no
219,BARRACÃO,124,503,190,37 466,946 368,911 124,116,120,363,137,1 571 303,25 265 711,24 984 246,56,57,mistral_table,mistral_table,no
220,BARRA DO JACARE,16,40,16,4 112,165 040,164 240,12,13,52,30,543 637,56 248 681,56 185 345,56,57,mistral_table,mistral_table,no
221,BELA VISTA DO PARAÍSO,117,402,172,32 675,858 540,853 193,109,125,469,282,3 131 400,167 794 805,165 932 091,56,57,mistral_table,mistral_table,no
222,BITURUNA,37,87,26,6 752,154 485,154 426,38,45,122,56,775 940,13 981 865,13 566 204,56,57,mistral_table,mistral_table,no
223,BOA ESPERANÇA,49,164,43,9 943,720 301,695 445,31,32,145,30,1 453 763,111 675 485,109 379 450,56,57,mistral_table,mistral_table,no
224,BOA VISTA DA APARECIDA,-,-,-,-,-,-,50,52,196,72,750 735,16 667 618,15 972 047,56,57,mistral_table,mistral_table,no
225,BOCAIUVA DO SUL,55,105,12,3 929,99 892,99 892,42,43,115,19,296 183,6 888 698,6 806 707,56,57,mistral_table,mistral_table,no
226,BOM SUCESSO,53,155,55,7 282,163 013,162 508,49,55,197,69,725 801,16 540 303,16 323 455,56,57,mistral_table,mistral_table,no
227,BORRAZOPOLIS,101,270,91,15 362,541 366,535 717,88,98,265,123,1 476 679,28 298 278,28 039 337,56,57,mistral_table,mistral_table,no
228,BRAGANEY,-,-,-,-,-,-,54,59,142,41,687 312,18 073 530,18 037 712,56,57,mistral_table,mistral_table,no
229,CAFEARA,9,17,-,949,18 574,18 574,13,14,35,3,100 977,3 010 921,3 003 343,56,57,mistral_table,mistral_table,no
230,CAFELANDIA,-,-,-,-,-,-,43,45,430,261,7 408 260,220 056 561,217 036 271,56,57,mistral_table,mistral_table,no
231,CALIFORNIA,41,110,39,6 605,191 304,190 459,41,42,130,43,652 582,15 425 134,15 226 441,56,57,mistral_table,mistral_table,no
232,CAMBARA,173,743,320,61 461,1 969 366,1 894 123,151,176,928,436,11 347 707,261 236 011,244 918 108,56,57,mistral_table,mistral_table,no
233,CAMBE,242,826,313,61 681,1 193 156,1 184 210,278,303,1 147,640,7 922 027,321 021 621,318 986 096,56,57,mistral_table,mistral_table,no
234,CAMBIRA,58,160,43,7 508,208 469,206 725,57,63,165,67,928 973,21 710 709,21 456 177,56,57,mistral_table,mistral_table,no
235,CAMPINA DA LAGOA,94,411,214,22 625,613 736,598 855,109,118,505,222,3 628 358,145 646 885,145 193 561,56,57,mistral_table,mistral_table,no
236,CAMPINA GRANDE DO SUL,59,193,99,17 976,589 891,588 272,47,50,230,144,1 738 269,56 715 364,56 532 747,56,57,mistral_table,mistral_table,no
237,CAMPO DO TENENTE,28,53,11,3 814,56 718,56 415,15,15,24,5,107 428,2 382 618,2 304 393,56,57,mistral_table,mistral_table,no
238,CAMPO LARGO,353,1 312,604,118 874,2 771 640,2 694 944,286,322,1 445,886,10 325 497,216 773 722,215 188 467,56,57,mistral_table,mistral_table,no
239,CAMPO MOURÃO,457,2 858,1 345,317 195,9 201 645,8 953 051,400,483,4 102,2 044,51 331 536,922 321 235,900 073 561,56,57,mistral_table,mistral_table,no
240,CANDIDO DE ABREU,108,213,50,11 117,206 352,205 955,96,102,315,104,1 612 155,25 777 860,25 713 742,56,57,mistral_table,mistral_table,no
241,CANTAGALO,-,-,-,-,-,-,97,106,290,91,1 330 777,25 116 796,24 804 038,56,57,mistral_table,mistral_table,no
242,CAPANEMA,141,791,243,57 048,2 104 410,2 089 759,115,137,711,312,5 622 632,126 028 934,122 238 265,56,57,mistral_table,mistral_table,no
243,CAPITÃO LEONIDAS MARQUES,171,597,184,35 896,807 852,807 564,121,133,509,186,2 145 332,49 433 741,49 032 551,56,57,mistral_table,mistral_table,no
244,CARLOPOLIS,82,235,60,14 725,384 939,381 230,80,90,284,127,1 337 686,40 327 595,39 646 628,56,57,mistral_table,mistral_table,no
245,CASTRO,280,1 283,519,155 738,5 635 672,5 546 665,277,312,1 498,677,14 882 075,656 310 027,634 832 620,56,57,mistral_table,mistral_table,no
246,CATANDUVAS,110,508,95,29 175,716 118,714 224,74,81,295,138,1 431 479,60 153 183,60 064 722,56,57,mistral_table,mistral_table,no
247,CENTENARIO DO SUL,64,235,80,13 556,347 852,347 178,50,62,269,170,1 886 710,68 730 784,66 265 929,56,57,mistral_table,mistral_table,no
248,CERRO AZUL,101,207,24,7 966,122 457,121 809,105,107,174,23,658 672,10 941 634,10 902 561,56,57,mistral_table,mistral_table,no
249,CEU AZUL,95,447,187,30 691,845 353,840 322,51,61,300,176,1 942 156,65 501 545,64 462 262,56,57,mistral_table,mistral_table,no
250,CHOPINZINHO,155,398,171,23 872,1 196 468,1 180 453,104,114,503,323,3 091 790,131 840 566,126 563 104,56,57,mistral_table,mistral_table,no
251,CIAMORTE,320,1 409,708,126 003,2 467 296,2 446 622,310,360,2 009,1 284,14 310 784,407 393 526,402 229 519,56,57,mistral_table,mistral_table,no
252,CIDADE GAUCHA,49,151,61,9 127,173 765,172 389,42,48,204,109,1 062 414,25 565 845,25 283 314,56,57,mistral_table,mistral_table,no
253,CLEVELANDIA,92,316,153,21 152,621 359,613 075,107,115,395,203,1 906 695,62 486 594,61 796 810,56,57,mistral_table,mistral_table,no
254,COLOMBO,205,626,261,45 282,1 243 614,1 236 103,256,272,1 157,696,6 758 403,196 486 866,195 268 310,56,57,mistral_table,mistral_table,no
255,COLORADO,140,421,172,25 783,632 883,629 355,142,159,474,194,2 783 696,59 043 009,58 277 600,56,57,mistral_table,mistral_table,no
256,CONGOMHINHAS,38,90,25,4 050,77 420,77 392,43,45,107,28,454 314,11 780 326,11 760 197,56,57,mistral_table,mistral_table,no
257,CONSELHEIRO MAIRINCK,15,40,14,1 849,47 006,44 705,15,17,30,8,210 840,4 389 834,4 370 634,58,59,mistral_table,mistral_table,no
258,CONTENDA,75,267,164,18 908,855 604,853 519,74,82,387,278,2 237 469,97 659 510,97 461 576,58,59,mistral_table,mistral_table,no
259,CORBELIA,177,648,196,43 891,1 168 668,1 164 654,140,154,635,329,3 924 203,203 373 168,201 807 259,58,59,mistral_table,mistral_table,no
260,CORNELIO PROCOPIO,335,1 486,824,152 254,6 465 729,6 452 761,319,380,2 348,1 413,22 667 791,777 072 724,763 072 088,58,59,mistral_table,mistral_table,no
261,CORONEL VIVIDA,99,536,288,36 797,1 239 817,1 232 123,102,116,555,372,3 361 686,111 023 458,110 445 143,58,59,mistral_table,mistral_table,no
262,CRUZEIRO DO OESTE,170,593,242,40 786,798 380,794 797,132,147,543,278,3 173 000,127 516 507,125 878 764,58,59,mistral_table,mistral_table,no
263,CRUZEIRO DO SUL,18,46,13,1 612,46 909,46 907,15,17,50,17,160 742,3 867 954,3 857 725,58,59,mistral_table,mistral_table,no
264,CRUZ MACHADO,84,188,30,7 663,228 693,228 434,71,74,177,67,804 916,21 310 523,20 796 021,58,59,mistral_table,mistral_table,no
265,CURIUVA,142,299,75,14 172,300 384,299 305,62,64,151,44,551 307,19 472 011,19 438 255,58,59,mistral_table,mistral_table,no
266,DIAMANTE DO NORTE,50,109,36,6 935,221 485,220 700,47,52,153,64,983 102,28 715 429,28 662 813,58,59,mistral_table,mistral_table,no
267,DOIS VIZINHOS,179,756,299,52 048,1 743 695,1 729 071,167,188,985,422,6 732 969,151 344 936,149 404 218,58,59,mistral_table,mistral_table,no
268,DOURADINA,-,-,-,-,-,-,61,67,194,65,684 193,29 684 456,29 297 555,58,59,mistral_table,mistral_table,no
269,DOUTOR CAMARGO,45,155,64,12 826,458 589,458 116,50,52,170,41,1 314 584,57 124 509,56 881 045,58,59,mistral_table,mistral_table,no
270,ENEAS MARQUES,49,148,24,8 246,299 223,297 097,38,40,176,68,703 768,16 009 446,15 928 579,58,59,mistral_table,mistral_table,no
271,ENGENHEIRO BELTRÃO,76,410,179,33 443,1 584 524,1 529 706,67,77,383,175,3 537 076,242 545 107,238 127 959,58,59,mistral_table,mistral_table,no
272,FAXINAL,123,507,224,27 149,599 799,594 162,127,139,510,220,2 280 251,64 770 684,61 936 703,58,59,mistral_table,mistral_table,no
273,FENIX,43,163,52,11 774,417 192,394 723,37,41,172,30,1 409 538,107 275 591,105 441 090,58,59,mistral_table,mistral_table,no
274,FIGUEIRA,-,-,-,-,-,-,66,71,265,74,1 073 522,16 456 234,16 366 786,58,59,mistral_table,mistral_table,no
275,FLORAI,42,171,63,10 585,238 783,235 310,37,41,205,80,1 534 674,85 034 480,84 736 482,58,59,mistral_table,mistral_table,no
276,FLORESTA,19,94,26,8 240,225 984,225 620,26,27,116,23,1 071 339,62 056 798,61 795 389,58,59,mistral_table,mistral_table,no
277,FLORESTOPOLIS,40,117,42,5 646,169 450,168 953,45,49,161,78,769 868,57 982 569,53 589 212,58,59,mistral_table,mistral_table,no
278,FLORIDA,12,33,5,1 694,29 883,29 782,12,13,28,6,130 524,4 805 350,4 662 336,58,59,mistral_table,mistral_table,no
279,FORMOSA DO OESTE,196,639,201,31 699,1 248 775,1 243 659,99,107,426,181,2 937 531,102 363 617,101 213 407,58,59,mistral_table,mistral_table,no
280,FRANCISCO ALVES,79,203,36,8 087,365 220,364 693,70,71,191,58,617 905,19 031 855,18 971 674,58,59,mistral_table,mistral_table,no
281,FRANCISCO BELTRÃO,281,1 737,776,156 297,4 543 708,4 463 191,259,295,2 009,1 283,14 652 778,415 699 121,409 708 685,58,59,mistral_table,mistral_table,no
282,GENERAL CARNEIRO,36,102,50,7 811,217 999,217 699,36,42,103,49,494 738,19 487 330,19 289 057,58,59,mistral_table,mistral_table,no
283,GOIO-ERE,309,1 352,548,119 776,3 476 055,3 427 818,272,312,1 679,920,14 258 097,458 118 649,447 151 596,58,59,mistral_table,mistral_table,no
284,GRANDES RIOS,177,461,79,18 532,540 350,537 468,122,138,405,138,1 502 115,42 010 016,41 942 927,58,59,mistral_table,mistral_table,no
285,GUAIRA,204,1 052,543,91 626,2 268 015,2 237 768,180,212,1 193,768,9 454 650,220 132 799,216 525 762,58,59,mistral_table,mistral_table,no
286,GUAIRAÇA,31,59,6,3 174,57 749,57 277,28,29,85,19,277 033,7 399 252,7 389 752,58,59,mistral_table,mistral_table,no
287,GUAPIRAMA,11,24,-,574,8 365,7 977,16,15,31,-,58 590,2 234 648,2 234 648,58,59,mistral_table,mistral_table,no
288,GUAPOREMA,18,39,7,1 640,44 546,44 083,16,16,33,2,114 111,2 952 602,2 950 767,58,59,mistral_table,mistral_table,no
289,GUARACI,42,104,23,5 912,116 837,116 679,37,39,118,42,631 405,13 376 342,13 219 236,58,59,mistral_table,mistral_table,no
290,GUARANIAÇU,155,543,229,36 740,1 101 301,1 096 351,148,161,556,225,2 959 137,92 994 737,91 449 128,58,59,mistral_table,mistral_table,no
291,GUARAQUEÇABA,56,83,1,398,5 275,5 244,28,29,63,10,268 271,1 988 415,1 988 415,58,59,mistral_table,mistral_table,no
292,GUARATUBA,116,322,132,20 213,448 891,445 826,112,124,495,247,2 430 540,52 697 998,52 687 341,58,59,mistral_table,mistral_table,no
293,IBAITI,225,671,246,38 229,884 713,877 599,183,203,731,300,3 600 475,121 646 153,121 339 263,58,59,mistral_table,mistral_table,no
294,IBIPORA,145,696,216,56 642,938 611,919 168,146,159,877,466,7 903 891,160 567 778,156 589 926,58,59,mistral_table,mistral_table,no
295,ICARAIMA,100,307,95,15 818,421 531,419 492,76,84,322,136,1 423 031,29 061 397,28 428 894,58,59,mistral_table,mistral_table,no
296,IGUARAÇU,29,89,13,3 409,137 044,135 261,26,29,80,30,337 223,20 682 504,20 266 146,58,59,mistral_table,mistral_table,no
297,IMBITUVA,123,234,44,12 627,229 134,228 470,111,116,264,74,1 260 247,25 634 071,25 624 301,58,59,mistral_table,mistral_table,no
298,INACIO MARTINS,44,87,20,4 710,73 602,73 530,54,60,150,50,617 166,8 804 462,8 694 982,58,59,mistral_table,mistral_table,no
299,INAJA,16,26,2,1 192,28 114,28 085,15,16,41,5,159 682,2 962 996,2 919 266,58,59,mistral_table,mistral_table,no
300,INDIANOPOLIS,49,114,8,3 910,89 358,88 550,42,44,98,23,344 976,8 633 752,8 563 990,58,59,mistral_table,mistral_table,no
301,IPIRANGA,48,88,27,5 348,127 536,126 687,42,43,116,53,674 804,14 385 881,14 104 241,58,59,mistral_table,mistral_table,no
302,IPORÃ,270,798,246,43 959,1 253 749,1 245 208,211,237,707,324,3 507 255,83 830 002,83 368 448,60,61,mistral_table,mistral_table,no
303,IRATI,294,1 283,593,119 517,3 584 629,3 546 388,308,340,1 692,1 010,14 777 126,358 541 988,354 370 246,60,61,mistral_table,mistral_table,no
304,IRETAMA,90,301,113,16 693,392 277,383 693,78,88,333,111,2 132 266,53 773 446,52 870 861,60,61,mistral_table,mistral_table,no
305,ITAQUAJE,15,53,26,2 698,90 833,90 483,23,26,56,20,238 260,7 612 030,7 572 989,60,61,mistral_table,mistral_table,no
306,ITAMBARACA,31,81,18,4 645,102 166,99 193,27,30,108,46,620 274,16 572 642,16 127 398,60,61,mistral_table,mistral_table,no
307,ITAMBE,48,164,72,9 672,787 999,786 476,31,36,148,84,1 166 782,106 847 489,104 879 456,60,61,mistral_table,mistral_table,no
308,ITAPEJARA D'OESTE,40,137,48,10 098,838 936,838 839,43,51,180,83,841 138,56 071 324,54 692 907,60,61,mistral_table,mistral_table,no
309,ITAUNA DO SUL,9,18,5,965,28 336,28 336,11,11,28,6,127 935,3 300 610,3 300 610,60,61,mistral_table,mistral_table,no
310,IVAI,57,160,9,6 438,103 615,102 320,47,49,147,46,596 029,15 686 351,15 490 153,60,61,mistral_table,mistral_table,no
311,IVAIPORÃ,415,1 631,712,105 203,3 132 801,3 125 723,300,351,1 564,816,11 595 521,331 142 284,326 035 485,60,61,mistral_table,mistral_table,no
312,IVATUBA,15,59,9,1 661,56 937,56 222,10,10,22,3,77 818,3 022 438,3 010 017,60,61,mistral_table,mistral_table,no
313,JABOTI,11,30,7,1 006,18 317,17 461,14,15,26,4,95 865,2 127 290,2 127 290,60,61,mistral_table,mistral_table,no
314,JACAREZINHO,248,912,369,82 632,1 841 476,1 809 935,207,238,944,488,6 618 580,112 806 688,112 005 561,60,61,mistral_table,mistral_table,no
315,JAQUAPITÃ,59,155,55,9 035,242 724,242 061,55,60,215,118,1 201 001,54 471 976,54 424 396,60,61,mistral_table,mistral_table,no
316,JAQUARIAIVA,109,307,90,13 713,385 609,381 388,137,154,419,173,1 835 935,49 140 535,48 941 589,60,61,mistral_table,mistral_table,no
317,JANDAIA DO SUL,169,718,293,44 975,1 714 568,1 703 265,145,176,727,427,4 443 222,176 867 902,173 520 475,60,61,mistral_table,mistral_table,no
318,JANIOPOLIS,88,242,46,9 063,265 996,265 783,76,80,277,161,1 450 528,30 597 680,29 743 290,60,61,mistral_table,mistral_table,no
319,JAPIRA,18,36,6,1 348,26 474,26 363,15,15,31,5,89 993,3 262 075,3 260 361,60,61,mistral_table,mistral_table,no
320,JAPURA,67,229,67,11 723,330 275,326 362,60,62,240,93,1 070 840,28 498 581,28 308 682,60,61,mistral_table,mistral_table,no
321,JARDIM ALEGRE,150,432,150,20 391,641 033,639 744,106,116,387,173,1 814 474,54 172 382,54 111 433,60,61,mistral_table,mistral_table,no
322,JARDIM OLINDA,2,(A),(A),(X),(A),(A),3,3,5,-,12 913,200 564,200 564,60,61,mistral_table,mistral_table,no
323,JATAIZINHO,51,134,57,8 379,243 059,241 497,46,50,155,70,914 742,26 672 367,26 523 241,60,61,mistral_table,mistral_table,no
324,JESUITAS,-,-,-,-,-,-,92,97,340,168,2 673 915,140 729 978,139 687 564,60,61,mistral_table,mistral_table,no
325,JOAQUIM TAVORA,98,289,98,18 051,394 068,382 747,84,97,286,126,1 441 129,40 676 873,40 517 280,60,61,mistral_table,mistral_table,no
326,JUNDIAI DO SUL,14,28,5,1 365,30 127,30 127,17,17,50,10,192 255,2 058 480,2 037 908,60,61,mistral_table,mistral_table,no
327,JURANDA,-,-,-,-,-,-,37,39,141,21,1 459 272,116 192 189,114 207 212,60,61,mistral_table,mistral_table,no
328,JUSSARA,24,108,43,11 136,325 486,325 332,26,31,160,40,1 599 232,78 683 279,78 402 147,60,61,mistral_table,mistral_table,no
329,KALORE,50,123,51,6 758,372 329,372 190,40,44,133,52,694 772,20 021 915,19 880 260,60,61,mistral_table,mistral_table,no
330,LAPA,263,630,235,50 907,1 100 888,1 098 262,243,255,927,451,5 090 319,136 962 646,134 410 345,60,61,mistral_table,mistral_table,no
331,LARANJEIRAS DO SUL,224,1 026,484,76 680,2 239 302,2 191 708,206,229,1 020,553,6 793 191,265 908 560,261 677 698,60,61,mistral_table,mistral_table,no
332,LEOPOLIS,24,36,9,2 162,138 496,138 016,19,20,53,28,314 767,5 114 765,5 091 633,60,61,mistral_table,mistral_table,no
333,LOANDA,145,505,204,29 601,826 174,820 114,140,159,655,331,3 300 499,89 412 177,88 254 978,60,61,mistral_table,mistral_table,no
334,LOBATO,18,45,7,2 388,57 392,57 265,17,18,55,10,196 468,6 979 554,6 748 262,60,61,mistral_table,mistral_table,no
335,LUNARDELLI,-,-,-,-,-,-,39,44,133,66,589 221,14 958 386,14 897 386,60,61,mistral_table,mistral_table,no
336,LUPIONOPOLIS,27,70,11,3 684,78 605,78 140,25,26,62,9,221 917,5 794 511,5 691 008,60,61,mistral_table,mistral_table,no
337,MALLET,55,136,30,6 606,146 855,145 991,52,54,142,42,595 158,19 084 631,18 972 706,60,61,mistral_table,mistral_table,no
338,MAMBORE,120,464,182,28 845,1 754 244,1 674 323,91,100,393,163,3 428 145,211 596 519,207 355 629,60,61,mistral_table,mistral_table,no
339,MANDAQUAÇU,67,246,111,13 280,270 976,269 788,65,71,278,124,1 391 385,66 498 304,66 209 661,60,61,mistral_table,mistral_table,no
340,MANDAQUARI,136,645,287,58 457,1 776 670,1 770 070,131,148,886,349,9 328 981,285 402 275,232 243 234,60,61,mistral_table,mistral_table,no
341,MANDIRITUBA,85,263,124,19 167,476 073,474 536,87,92,400,220,2 581 904,74 596 988,73 734 451,60,61,mistral_table,mistral_table,no
342,MANQUEIRINHA,51,175,68,11 093,427 488,401 585,61,69,330,111,3 112 340,100 821 674,99 613 362,60,61,mistral_table,mistral_table,no
343,MANGEL RIBAS,59,150,39,6 940,207 474,206 701,72,78,261,67,826 419,20 900 920,20 751 958,60,61,mistral_table,mistral_table,no
344,MARECHAL CANDIDO RONDON,295,1 817,780,163 475,5 802 321,5 769 748,308,358,2 385,1 399,24 421 818,600 625 563,595 259 189,60,61,mistral_table,mistral_table,no
345,MARIA HELENA,146,408,136,17 654,421 388,419 265,43,47,131,66,744 886,14 130 358,14 056 999,60,61,mistral_table,mistral_table,no
346,MARIALVA,207,752,295,50 902,1 689 739,1 677 465,144,161,756,431,5 482 937,253 846 535,251 035 192,60,61,mistral_table,mistral_table,no
347,MARILANDIA DO SUL,68,275,91,22 307,1 090 405,1 049 511,56,67,252,140,2 055 259,70 220 371,69 630 034,62,63,mistral_table,mistral_table,no
348,MARILENA,22,36,11,2 082,40 733,40 610,23,23,53,9,179 672,2 899 443,2 832 006,62,63,mistral_table,mistral_table,no
349,MARILUZ,82,264,81,12 501,242 730,241 503,63,69,201,100,1 076 661,23 612 970,22 728 953,62,63,mistral_table,mistral_table,no
350,MARIOPOLIS,29,198,88,20 737,707 959,695 807,27,31,194,140,1 849 701,94 670 371,87 200 836,62,63,mistral_table,mistral_table,no
351,MARMELEIRO,58,229,59,18 570,856 042,850 428,55,60,320,196,2 108 630,61 144 538,59 873 863,62,63,mistral_table,mistral_table,no
352,MARUMBI,35,90,41,4 983,209 856,209 803,26,28,90,45,581 782,17 686 331,17 368 568,62,63,mistral_table,mistral_table,no
353,MATELANDIA,156,547,176,32 950,1 021 182,1 009 732,113,132,620,288,4 074 920,125 149 188,124 942 630,62,63,mistral_table,mistral_table,no
354,MATINHOS,62,244,137,22 716,302 996,300 238,55,61,306,188,1 681 047,40 842 670,40 755 855,62,63,mistral_table,mistral_table,no
355,MEDIANEIRA,312,703,773,157 088,4 932 373,4 876 811,183,218,2 099,1 017,22 971 475,352 891 170,345 274 258,62,63,mistral_table,mistral_table,no
356,MIRADOR,5,16,-,288,4 266,2 686,12,12,19,1,122 580,1 109 295,1 077 030,62,63,mistral_table,mistral_table,no
357,MIRASELVA,27,59,18,3 020,340 849,340 805,19,22,78,35,437 445,57 974 272,52 817 921,62,63,mistral_table,mistral_table,no
358,MISSAL,-,-,-,-,-,-,59,69,334,176,2 331 637,73 230 013,72 887 419,62,63,mistral_table,mistral_table,no
359,MOREIRA SALES,98,356,140,16 011,499 048,483 656,78,94,334,181,1 694 153,39 162 569,38 291 743,62,63,mistral_table,mistral_table,no
360,MORRETES,106,301,108,15 380,396 726,396 409,88,94,261,107,1 399 574,24 404 638,23 947 951,62,63,mistral_table,mistral_table,no
361,MUNHOZ DE MELO,23,55,6,1 794,34 156,33 255,17,19,50,12,213 878,3 703 625,3 688 449,62,63,mistral_table,mistral_table,no
362,NOSSA SENHORA DAS GRAÇAS,19,45,4,1 903,32 303,32 193,19,20,55,8,167 487,3 907 883,3 786 281,62,63,mistral_table,mistral_table,no
363,NOVA ALIANÇA DO IVAI,2,(B),(A),(X),(A),(A),3,3,5,1,44 460,470 706,418 826,62,63,mistral_table,mistral_table,no
364,NOVA AMERICA DA COLINA,19,35,4,1 652,37 982,37 802,16,16,29,8,128 765,2 987 287,2 965 687,62,63,mistral_table,mistral_table,no
365,NOVA AURORA,102,368,171,24 227,1 027 495,1 022 228,96,109,499,245,3 770 697,185 842 180,183 612 406,62,63,mistral_table,mistral_table,no
366,NOVA CANTU,77,162,54,7 502,237 409,230 811,52,57,213,49,1 153 127,55 467 400,55 454 200,62,63,mistral_table,mistral_table,no
367,NOVA ESPERANÇA,175,798,393,58 200,1 065 130,1 060 327,190,210,915,450,5 197 909,106 085 687,101 568 793,62,63,mistral_table,mistral_table,no
368,NOVA FATIMA,72,179,63,11 615,271 463,271 125,55,61,190,73,1 073 563,23 870 708,23 780 807,62,63,mistral_table,mistral_table,no
369,NOVA LONDRINA,85,354,176,28 204,674 246,671 350,92,105,401,185,2 517 570,60 187 145,59 393 193,62,63,mistral_table,mistral_table,no
370,NOVA OLIMPIA,70,184,55,8 197,185 331,184 962,71,72,195,48,699 595,18 536 091,18 378 312,62,63,mistral_table,mistral_table,no
371,NOVA SANTA ROSA,65,214,64,14 195,281 906,279 210,49,57,219,114,1 348 945,38 025 270,37 756 125,62,63,mistral_table,mistral_table,no
372,NOVA PRATA DO IGUAÇU,-,-,-,-,-,-,70,71,295,127,1 264 394,53 285 046,52 763 706,62,63,mistral_table,mistral_table,no
373,ORTIGUEIRA,140,231,37,10 228,276 599,274 482,134,139,408,117,1 447 486,28 602 906,26 941 176,62,63,mistral_table,mistral_table,no
374,OURIZONA,24,53,13,2 073,55 050,54 697,19,19,66,13,148 193,2 799 808,2 775 346,62,63,mistral_table,mistral_table,no
375,PAIÇANDU,47,155,68,13 506,569 302,568 895,50,54,176,56,1 278 568,28 134 433,28 083 283,62,63,mistral_table,mistral_table,no
376,PALMAS,159,715,300,58 193,1 493 249,1 468 574,146,158,734,405,4 954 510,134 832 203,130 741 319,62,63,mistral_table,mistral_table,no
377,PALMEIRA,167,601,240,43 735,1 197 617,1 188 069,158,174,660,335,4 354 236,131 034 039,126 705 694,62,63,mistral_table,mistral_table,no
378,PALMITAL,171,333,31,12 006,366 245,365 628,91,97,281,57,1 563 121,42 095 746,41 139 210,62,63,mistral_table,mistral_table,no
379,PALOTINA,156,1 432,703,178 896,7 061 703,6 968 803,167,206,2 113,1 184,26 340 697,923 603 909,900 670 499,62,63,mistral_table,mistral_table,no
380,PARAI SO DO NORTE,63,196,71,11 766,253 700,260 980,61,62,243,116,1 192 937,29 730 833,29 422 662,62,63,mistral_table,mistral_table,no
381,PARANACITY,44,135,46,8 421,143 541,142 208,46,52,203,88,1 244 791,23 869 270,23 727 115,62,63,mistral_table,mistral_table,no
382,PARANAQUA,608,2 511,1 314,254 582,39 059 864,38 900 287,465,564,3 050,2 022,25 242 495,3 285 314 386,3 261 202 487,62,63,mistral_table,mistral_table,no
383,PARANAPOEMA,11,18,2,984,17 478,17 335,13,14,30,3,107 843,2 565 068,2 484 941,62,63,mistral_table,mistral_table,no
384,PARANAVAI,519,2 807,1 331,267 292,5 361 584,5 330 534,461,533,3 109,1 848,27 301 840,491 709 304,486 673 609,62,63,mistral_table,mistral_table,no
385,PATO BRANCO,377,2 145,1 054,217 546,6 177 609,6 095 605,406,466,3 100,1 947,24 963 942,740 110 081,699 168 297,62,63,mistral_table,mistral_table,no
386,PAULA FREITAS,17,33,6,1 662,145 407,143 929,18,20,46,18,299 702,15 117 716,15 091 504,62,63,mistral_table,mistral_table,no
387,PAULO FRONTIN,30,65,12,2 497,76 883,78 702,26,29,69,16,272 249,6 315 509,6 278 423,62,63,mistral_table,mistral_table,no
388,PEABIRU,79,313,122,17 856,305 884,304 203,74,82,302,113,2 459 375,106 934 404,106 155 509,62,63,mistral_table,mistral_table,no
389,PEROLA,180,495,132,22 189,755 460,753 861,156,168,495,197,2 431 648,91 321 100,89 488 288,62,63,mistral_table,mistral_table,no
390,PEROLA D'OESTE,73,279,77,16 277,381 977,375 972,66,73,255,77,1 429 039,37 445 650,37 190 176,62,63,mistral_table,mistral_table,no
391,PIEN,34,82,39,6 157,110 785,110 377,24,28,73,18,369 770,6 549 448,6 537 819,62,63,mistral_table,mistral_table,no
392,PINHÁLÃO,32,75,12,3 145,91 291,90 689,30,32,112,47,379 836,17 264 790,17 263 400,64,65,mistral_table,mistral_table,no
393,PINHÃO,132,465,131,27 338,460 549,456 395,111,124,424,189,2 072 094,88 051 257,87 181 523,64,65,mistral_table,mistral_table,no
394,PIRAI DO SUL,125,355,87,19 305,390 002,388 391,112,117,321,115,2 123 192,37 213 714,36 224 705,64,65,mistral_table,mistral_table,no
395,PIRAQUARA,231,541,147,33 455,444 705,443 080,203,225,1 686,1 178,14 449 568,409 497 572,407 360 789,64,65,mistral_table,mistral_table,no
396,PITANGA,364,862,264,47 387,1 145 183,1 131 462,350,382,1 065,323,6 400 690,229 435 573,226 377 805,64,65,mistral_table,mistral_table,no
397,PLANALTINA DO PARANÁ,28,71,7,2 717,64 098,63 685,24,23,51,12,203 882,5 389 990,5 376 625,64,65,mistral_table,mistral_table,no
398,PLANALTO,85,356,94,23 714,654 348,644 804,80,90,319,129,2 002 740,67 170 413,66 836 445,64,65,mistral_table,mistral_table,no
399,PORECATU,107,559,266,49 477,2 111 664,1 975 572,70,83,515,257,4 808 334,146 657 543,124 300 436,64,65,mistral_table,mistral_table,no
400,PORTO AMAZONAS,17,36,6,1 835,23 380,23 280,13,13,38,5,99 056,3 888 038,3 887 950,64,65,mistral_table,mistral_table,no
401,PORTO RICO,20,57,10,2 256,47 630,47 386,11,11,26,7,101 783,3 624 546,3 507 147,64,65,mistral_table,mistral_table,no
402,PORTO VITORIA,17,40,13,1 802,34 430,34 394,11,14,29,14,167 841,3 018 222,2 992 549,64,65,mistral_table,mistral_table,no
403,PRANCHITA,-,-,-,-,-,-,55,57,173,45,857 377,36 505 312,35 706 415,64,65,mistral_table,mistral_table,no
404,PRESIDENTE CASTELO BRANCO,9,31,10,1 310,13 443,13 163,12,12,28,7,96 979,2 084 488,2 067 396,64,65,mistral_table,mistral_table,no
405,PRIMEIRO DE MAIO,80,232,88,17 795,626 882,623 068,72,81,389,148,3 298 782,83 589 188,82 824 432,64,65,mistral_table,mistral_table,no
406,PRUDENTOPOLIS,248,551,145,33 939,846 537,839 658,232,243,664,242,4 571 955,117 778 866,117 250 732,64,65,mistral_table,mistral_table,no
407,QUATIQUA,69,202,59,9 150,307 276,305 035,68,71,205,77,858 491,38 199 404,37 807 130,64,65,mistral_table,mistral_table,no
408,QUATRO BARRAS,26,87,53,7 349,191 807,188 557,20,22,115,74,812 313,26 009 595,24 349 732,64,65,mistral_table,mistral_table,no
409,QUEDAS DO IGUAÇU,104,407,155,20 280,720 768,720 607,130,144,585,310,2 645 804,70 720 672,69 019 362,64,65,mistral_table,mistral_table,no
410,QUERENCIA DO NORTE,48,137,40,8 025,236 440,234 683,53,59,174,77,842 662,23 978 857,21 671 815,64,65,mistral_table,mistral_table,no
411,QUINTA DO SOL,26,94,45,5 618,168 680,167 894,34,34,84,39,430 195,10 847 994,10 805 691,64,65,mistral_table,mistral_table,no
412,QUITANDINHA,107,168,24,13 111,253 251,252 940,103,106,259,62,1 131 247,27 986 635,27 197 093,64,65,mistral_table,mistral_table,no
413,RANCHO ALEGRE,33,78,16,4 329,158 643,158 291,27,28,81,17,426 242,7 619 485,7 532 145,64,65,mistral_table,mistral_table,no
414,REALEZA,166,652,229,47 006,1 676 455,1 651 941,120,141,658,346,4 173 840,118 502 838,116 759 950,64,65,mistral_table,mistral_table,no
415,REBOUÇAS,82,197,38,7 089,102 328,100 769,57,60,153,53,618 562,14 914 882,14 746 798,64,65,mistral_table,mistral_table,no
416,RENASCENÇA,24,117,43,11 551,538 553,529 363,24,27,140,69,964 979,32 080 496,32 026 482,64,65,mistral_table,mistral_table,no
417,RESERVA,117,264,49,11 520,402 254,402 204,105,105,306,124,1 342 878,40 245 128,40 214 217,64,65,mistral_table,mistral_table,no
418,RIBEIRÃO CLARO,78,201,50,9 550,188 103,187 089,83,86,225,72,941 351,22 506 528,22 212 409,64,65,mistral_table,mistral_table,no
419,RIBEIRÃO DO PINHAL,92,226,58,10 088,240 860,239 491,97,102,351,154,1 879 706,30 702 937,30 214 798,64,65,mistral_table,mistral_table,no
420,RIO AZUL,61,127,19,4 847,136 273,136 095,59,62,162,45,523 261,13 264 161,13 201 582,64,65,mistral_table,mistral_table,no
421,RIO BOM,28,82,18,3 357,77 238,76 519,23,25,65,15,328 025,6 632 358,6 587 827,64,65,mistral_table,mistral_table,no
422,RIO BRANCO DO SUL,169,288,56,17 911,380 855,377 808,136,139,316,100,1 738 299,28 148 379,28 046 937,64,65,mistral_table,mistral_table,no
423,RIO NEGRO,171,605,277,51 787,893 003,880 257,177,196,641,291,4 429 058,81 654 929,78 982 211,64,65,mistral_table,mistral_table,no
424,ROLANDIA,288,1 206,487,99 153,2 512 022,2 461 999,312,332,1 649,698,14 070 703,334 401 549,331 471 650,64,65,mistral_table,mistral_table,no
425,RONCADOR,80,300,113,24 212,385 456,380 179,90,96,365,102,2 328 073,79 576 589,78 541 579,64,65,mistral_table,mistral_table,no
426,RONDON,78,207,72,12 497,191 865,190 500,55,58,200,83,1 099 304,19 174 863,19 087 554,64,65,mistral_table,mistral_table,no
427,SABAUDIA,16,43,13,2 663,53 137,52 649,17,18,68,25,434 308,25 453 631,25 421 064,64,65,mistral_table,mistral_table,no
428,SALGADO FILHO,37,120,26,6 217,186 205,185 000,47,53,150,57,441 417,11 695 704,11 673 266,64,65,mistral_table,mistral_table,no
429,SALTO DO ITARARE,31,73,16,4 682,239 987,239 807,41,42,98,22,334 336,7 426 828,7 340 855,64,65,mistral_table,mistral_table,no
430,SALTO DO LONTRA,146,479,171,28 349,1 082 150,1 080 693,69,75,224,99,1 241 278,34 886 254,34 854 583,64,65,mistral_table,mistral_table,no
431,SANTA AMELIA,34,69,19,3 776,98 257,95 570,25,27,90,26,580 759,24 401 315,22 825 307,64,65,mistral_table,mistral_table,no
432,SANTA CECÍLIA DO PAVÃO,73,163,13,8 592,210 648,210 648,70,72,180,52,898 733,15 111 506,15 090 272,64,65,mistral_table,mistral_table,no
433,SANTA CRUZ DE MONTE CASTELO,73,245,106,9 816,195 176,194 879,77,83,213,82,1 327 070,23 580 721,23 366 908,64,65,mistral_table,mistral_table,no
434,SANTA FE,58,180,64,10 730,266 612,266 193,61,64,238,114,1 097 396,26 462 645,25 748 719,64,65,mistral_table,mistral_table,no
435,SANTA HELENA,199,765,283,46 312,1 729 997,1 722 148,166,187,758,365,5 032 223,144 128 543,143 644 983,64,65,mistral_table,mistral_table,no
436,SANTA INÉS,9,16,1,695,7 801,7 801,8,9,15,3,62 636,1 105 801,1 105 801,64,65,mistral_table,mistral_table,no
437,SANTA ISABEL DO IVAI,107,291,96,15 968,299 443,298 337,97,101,270,71,1 273 299,28 089 801,28 000 747,66,67,mistral_table,mistral_table,no
438,SANTA IZABEL DO OESTE,57,199,62,11 852,479 872,476 500,40,51,231,100,1 475 602,51 673 198,50 545 338,66,67,mistral_table,mistral_table,no
439,SANTA MARIANA,93,291,114,18 549,374 369,371 679,80,88,315,150,1 962 865,109 715 064,109 406 321,66,67,mistral_table,mistral_table,no
440,SANTANA DO ITARARE,41,77,4,2 832,83 437,82 778,41,42,92,9,241 420,6 516 063,6 510 567,66,67,mistral_table,mistral_table,no
441,SANTA TEREZINHA DE ITAIPU,-,-,-,-,-,-,64,72,348,221,1 944 184,36 788 475,36 783 475,66,67,mistral_table,mistral_table,no
442,SANTO ANTONIO DA PLATINA,260,990,482,94 597,2 174 776,2 156 749,240,269,496,857,12 736 798,263 512 099,259 195 181,66,67,mistral_table,mistral_table,no
443,SANTO ANTONIO DO CAIUA,22,44,11,1 534,40 357,38 766,13,13,29,8,91 554,2 747 197,2 722 508,66,67,mistral_table,mistral_table,no
444,SANTO ANTONIO DO PARAISO,18,39,5,1 236,23 419,23 338,7,8,15,4,131 278,1 612 015,1 511 015,66,67,mistral_table,mistral_table,no
445,SANTO ANTONIO DO SUDOESTE,187,635,178,36 950,1 080 169,1 068 446,140,147,562,191,3 460 440,67 351 760,64 099 467,66,67,mistral_table,mistral_table,no
446,SANTO IMACIO,35,67,26,5 230,172 093,171 868,34,38,92,40,677 446,16 589 213,15 552 932,66,67,mistral_table,mistral_table,no
447,SÃO CARLOS DO IVAI,22,51,11,2 401,56 680,56 680,23,24,68,15,276 839,6 080 832,6 052 206,66,67,mistral_table,mistral_table,no
448,SÃO JERONIMO DA SERRA,84,142,9,7 025,144 897,144 809,59,61,104,30,1 050 323,21 405 860,20 740 765,66,67,mistral_table,mistral_table,no
449,SÃO JOÃO,67,261,132,19 705,847 863,822 936,53,59,401,281,2 892 116,93 127 373,89 447 980,66,67,mistral_table,mistral_table,no
450,SÃO JOÃO DO CAIUA,42,148,65,7 328,140 380,139 921,28,29,101,49,506 238,13 481 024,13 477 773,66,67,mistral_table,mistral_table,no
451,SÃO JOÃO DO IVAI,226,706,254,31 156,1 206 331,1 204 156,149,169,526,233,2 641 830,51 061 262,50 837 985,66,67,mistral_table,mistral_table,no
452,SÃO JOÃO DO TRIUNFO,65,130,19,6 556,91 537,90 182,72,75,186,40,604 699,12 095 406,11 843 788,66,67,mistral_table,mistral_table,no
453,SÃO JORGE D'OESTE,63,165,48,9 130,402 966,389 790,65,68,226,100,948 815,53 099 567,50 667 033,66,67,mistral_table,mistral_table,no
454,SÃO JORGE DO IVAI,42,170,87,17 037,557 483,555 062,39,46,270,119,2 781 573,127 710 565,126 850 769,66,67,mistral_table,mistral_table,no
455,SÃO JORGE DO PATROCINIO,-,-,-,-,-,-,64,67,185,65,744 066,37 028 685,36 625 120,66,67,mistral_table,mistral_table,no
456,SÃO JOSE DA BOA VISTA,42,141,34,6 497,238 891,236 613,53,58,163,72,626 644,13 742 493,13 616 513,66,67,mistral_table,mistral_table,no
457,SÃO JOSE DOS PINHAIS,449,1 407,676,120 797,2 969 500,2 951 824,500,542,2 198,1 259,14 631 172,343 661 793,340 927 390,66,67,mistral_table,mistral_table,no
458,SÃO MATEUS DO SUL,185,598,211,33 076,1 003 778,998 165,172,195,637,328,3 270 375,95 498 232,95 103 945,66,67,mistral_table,mistral_table,no
459,SÃO MIQUEL DO IGUAÇU,127,575,248,39 343,2 273 619,2 267 241,200,224,1 006,566,7 074 554,247 988 964,247 034 706,66,67,mistral_table,mistral_table,no
460,SÃO PEDRO DO IVAI,67,242,93,12 831,467 835,463 520,60,69,234,119,1 447 125,85 558 091,84 246 705,66,67,mistral_table,mistral_table,no
461,SÃO PEDRO DO PARANA,13,27,4,1 001,30 482,30 452,20,21,53,22,131 797,2 519 368,2 435 767,66,67,mistral_table,mistral_table,no
462,SÃO SEBASTIÃO DA AMOREIRA,21,60,22,3 163,89 554,89 554,29,30,98,29,664 870,22 996 701,22 980 528,66,67,mistral_table,mistral_table,no
463,SÃO TOMÉ,28,66,19,2 853,58 761,58 522,29,30,83,18,303 078,10 635 586,10 577 289,66,67,mistral_table,mistral_table,no
464,SAPOPEMA,43,76,9,4 105,73 349,73 337,27,29,68,14,229 267,6 991 182,6 991 182,66,67,mistral_table,mistral_table,no
465,SARANDI,-,-,-,-,-,-,137,141,453,166,2 383 289,51 598 321,49 409 364,66,67,mistral_table,mistral_table,no
466,SENGES,66,191,52,12 932,234 763,234 006,57,62,187,61,810 788,18 736 959,18 727 473,66,67,mistral_table,mistral_table,no
467,SERTANEJA,51,208,85,20 599,695 281,693 572,29,39,212,122,2 458 257,56 993 917,56 349 760,66,67,mistral_table,mistral_table,no
468,SERTANOPOLIS,66,266,105,26 746,1 297 377,1 289 753,75,83,364,196,3 067 156,192 111 143,189 703 849,66,67,mistral_table,mistral_table,no
469,SIQUEIRA CAMPOS,138,337,116,18 712,586 461,583 596,116,133,354,143,1 517 603,35 672 943,35 624 963,66,67,mistral_table,mistral_table,no
470,TAMBOARA,27,66,13,2 258,65 736,65 444,17,17,46,13,223 239,6 024 723,5 994 723,66,67,mistral_table,mistral_table,no
471,TAPEJARA,68,195,65,9 615,197 938,196 005,66,69,211,75,962 447,21 796 592,21 746 821,66,67,mistral_table,mistral_table,no
472,TAPIRA,73,175,25,6 405,184 983,183 921,58,60,181,48,653 643,13 192 563,13 181 798,66,67,mistral_table,mistral_table,no
473,TEIXEIRA SOARES,55,84,11,4 311,93 265,93 133,51,52,113,27,633 644,12 170 763,12 140 396,66,67,mistral_table,mistral_table,no
474,TELEMACO BORBA,309,1 100,547,83 448,1 873 568,1 856 446,312,354,1 400,819,10 071 386,191 102 515,189 618 893,66,67,mistral_table,mistral_table,no
475,TERRA BOA,82,264,107,18 760,428 420,426 911,86,89,292,126,1 347 433,36 362 924,36 105 957,66,67,mistral_table,mistral_table,no
476,TERRA RICA,94,318,117,16 556,307 585,306 346,106,111,339,127,1 751 954,40 326 057,39 944 334,66,67,mistral_table,mistral_table,no
477,TERRA ROXA,186,815,334,46 594,1 821 192,1 796 868,170,189,870,515,6 144 800,211 011 223,209 119 121,66,67,mistral_table,mistral_table,no
478,TIBAQI,118,325,127,19 048,1 042 452,1 024 429,106,113,361,126,2 415 692,111 171 888,109 160 158,66,67,mistral_table,mistral_table,no
479,TIJUCAS DO SUL,46,109,26,6 651,198 847,196 416,49,49,137,51,604 341,13 944 525,13 471 645,66,67,mistral_table,mistral_table,no
480,TOLEDO,397,2 551,1 423,242 865,9 388 017,9 194 555,481,581,4 360,2 703,38 456 755,1 253 240 596,1 240 642 774,66,67,mistral_table,mistral_table,no
481,TOMAZINA,65,118,31,4 572,96 291,95 983,53,58,115,31,394 952,9 090 237,9 075 900,66,67,mistral_table,mistral_table,no
482,TRES BARRAS DO PARANA,-,-,-,-,-,-,121,124,325,109,2 448 570,24 968 126,24 707 891,68,69,mistral_table,mistral_table,no
483,TUNEIRAS DO OESTE,63,162,36,5 721,160 114,159 471,53,57,138,39,538 371,10 727 335,10 624 666,68,69,mistral_table,mistral_table,no
484,TUPÁSSI,-,-,-,-,-,-,71,79,312,160,1 722 179,57 188 065,57 169 024,68,69,mistral_table,mistral_table,no
485,TURVO,-,-,-,-,-,-,46,47,121,40,615 021,12 020 111,11 936 709,68,69,mistral_table,mistral_table,no
486,UBIRATÁ,152,754,422,71 209,2 865 286,2 800 325,175,204,1 088,495,8 944 925,333 610 801,332 581 320,68,69,mistral_table,mistral_table,no
487,UMUARAMA,702,3 279,1 706,318 167,7 265 061,7 196 152,617,716,4 298,2 551,36 980 356,911 627 019,895 772 290,68,69,mistral_table,mistral_table,no
488,UNIÃO DA VITORIA,352,1 686,856,164 874,3 294 096,3 249 176,326,383,1 781,1 115,14 671 656,241 776 246,237 957 177,68,69,mistral_table,mistral_table,no
489,UNIFLOR,12,19,5,761,20 127,19 936,10,10,23,4,96 514,2 886 448,2 886 448,68,69,mistral_table,mistral_table,no
490,URAI,81,250,84,15 667,377 362,376 155,91,98,358,128,1 838 785,38 956 491,38 869 115,68,69,mistral_table,mistral_table,no
491,VENCESLAU BRAZ,147,472,214,29 818,1 283 645,1 273 940,167,194,537,230,2 616 070,73 862 508,73 381 991,68,69,mistral_table,mistral_table,no
492,VERA CRUZ DO OESTE,-,-,-,-,-,-,49,52,255,147,1 684 205,40 019 425,39 882 022,68,69,mistral_table,mistral_table,no
493,VERE,47,142,33,5 247,292 207,291 100,40,42,133,41,702 738,27 572 227,27 500 084,68,69,mistral_table,mistral_table,no
494,VITORINO,28,121,41,5 787,181 424,179 368,22,27,191,119,1 351 130,31 539 076,30 757 918,68,69,mistral_table,mistral_table,no
495,XAMBRE,69,158,42,6 973,141 513,141 274,40,44,121,48,808 652,22 157 643,22 150 062,68,69,mistral_table,mistral_table,no
496,SANTA CATARINA,21 160,99 917,48 356,10 115 407,218 157 140,216 293 081,,,,,,,,68,69,mistral_table,mistral_table_partial,yes
497,COMERCIO VAREJISTA,19 703,84 687,42 646,7 825 257,153 450 897,152 066 942,,,,,,,,68,69,mistral_table,mistral_table_partial,yes
498,"PROD. ALIMENTICIOS, BEBIDAS E FUMO",8 319,19 003,3 584,1 140 635,14 815 217,14 677 138,,,,,,,,68,69,mistral_table,mistral_table_partial,yes
499,"PROD. FARMACÊUTICOS, ODONT. E VETER",1 135,4 522,2 616,450 586,6 597 732,6 482 343,,,,,,,,68,69,mistral_table,mistral_table_partial,yes
500,"TECIDOS, VESTUARIO E ARMARINHO",3 993,17 226,9 426,1 447 554,18 532 730,18 448 944,,,,,,,,68,69,mistral_table,mistral_table_partial,yes
501,MAQ. E APARELHOS ELETR. USO DOMEST,794,6 245,3 617,757 324,14 492 635,14 429 971,,,,,,,,68,69,mistral_table,mistral_table_partial,yes
502,"FERRAGENS, MAT. ELETR. E ELETRÔNICO",1 122,6 987,3 901,740 449,12 383 138,13 232 599,,,,,,,,68,69,mistral_table,mistral_table_partial,yes
503,"VEICULOS NOVOS E USADOS, PEÇAS",823,329,2 957,785 531,23 573 189,23 310 015,,,,,,,,68,69,mistral_table,mistral_table_partial,yes
504,MAQ. E EQUIP. DE USO INDUSTRIAL,317,2 394,1 173,413 027,7 689 940,7 525 092,,,,,,,,68,69,mistral_table,mistral_table_partial,yes
505,COMBUSTÍVEIS E LUBRIFICANTES,857,5 536,3 408,533 772,20 950 527,20 764 244,,,,,,,,68,69,mistral_table,mistral_table_partial,yes
506,"PAPELARIAS, LIVRARIAS",346,1 213,662,108 621,191 075,1 171 520,,,,,,,,68,69,mistral_table,mistral_table_partial,yes
507,MERC. EM GERAL - INC. ALIMENTÍCIOS,934,11 778,8 888,995 037,25 493 207,25 381 777,,,,,,,,68,69,mistral_table,mistral_table_partial,yes
508,MERC. EM GERAL - EXC. ALIMENTÍCIOS,49,993,537,143 298,3 520 833,3 515 846,,,,,,,,68,69,mistral_table,mistral_table_partial,yes
509,ARTIGOS DIVERSOS,962,3 385,1 803,294 532,3 114 415,3 027 943,,,,,,,,68,69,mistral_table,mistral_table_partial,yes
510,ARTIGOS USADOS,58,206,94,14 891,99 247,98 508,,,,,,,,68,69,mistral_table,mistral_table_partial,yes
511,COMÉRCIO ATACADISTA,1 134,10 764,5 563,1 396 323,64 706 243,64 226 139,1 140,1 446,15 794,11 183,180 170 827,7 876 847 538,7 768 051 782,68,69,mistral_table,mistral_table,no
512,PRODUTOS EXTRATIVOS E AGROPECUÁRIOS,119,1 154,577,123 875,9 692 428,9 561 461,160,220,2 254,1 472,24 387 632,947 328 516,920 419 817,68,69,mistral_table,mistral_table,no
513,"PROD. ALIMENTÍCIOS, BEBIDAS E FUMO",598,6 269,2 843,520 172,14 098 093,13 956 394,579,683,7 711,5 751,69 698 203,2 501 467 000,2 465 503 264,68,69,mistral_table,mistral_table,no
514,"PROD. FARMACÊUTICOS, ODONT. E VETER",65,788,278,127 519,4 412 962,4 390 763,61,77,1 068,768,15 530 543,343 002 823,339 530 329,68,69,mistral_table,mistral_table,no
515,"TECIDOS, VESTUARIO E ARMARINHO",43,415,182,70 785,2 181 177,2 165 225,57,58,485,267,7 718 075,368 261 975,355 006 435,68,69,mistral_table,mistral_table,no
516,MAQ. E APARELHOS ELETR. USO DOMEST,14,212,107,30 473,587 640,587 640,12,17,107,65,11 168 783,21 500 913,21 239 834,68,69,mistral_table,mistral_table,no
517,"FERRAGENS, MAT. ELETR. E ELETRÔNICO",94,788,397,114 651,3 735 845,3 696 614,85,119,1 536,1 078,20 883 837,597 287 899,593 549 135,68,69,mistral_table,mistral_table,no
518,"VEICULOS NOVOS E USADOS, PEÇAS",26,248,162,31 782,930 372,926 285,25,35,323,215,2 499 013,140 883 542,137 606 046,68,69,mistral_table,mistral_table,no
519,MAQ. E EQUIP. DE USO INDUSTRIAL,31,199,107,45 543,869 483,848 648,24,52,531,364,10 771 152,215 590 847,208 939 775,68,69,mistral_table,mistral_table,no
520,COMBUSTÍVEIS E LUBRIFICANTES,29,360,135,142 807,24 346 503,24 334 392,10,33,427,350,9 242 003,2 271 652 049,2 267 268 242,68,69,mistral_table,mistral_table,no
521,"PAPELARIAS, LIVRARIAS",19,91,58,10 785,223 976,221 767,22,26,173,84,2 137 426,35 443 125,35 017 556,68,69,mistral_table,mistral_table,no
522,MERC. EM GERAL - INC. ALIMENTÍCIOS,21,443,265,57 399,2 096 011,2 040 995,10,21,454,281,5 781 782,232 862 818,224 861 579,68,69,mistral_table,mistral_table,no
523,MERC. EM GERAL - EXC. ALIMENTÍCIOS,7,96,45,13 340,258 090,258 090,15,15,175,118,3 221 643,37 888 038,36 237 426,68,69,mistral_table,mistral_table,no
524,ARTIGOS DIVERSOS,35,279,138,31 859,539 361,533 093,40,42,198,112,2 882 753,91 122 632,90 913 175,68,69,mistral_table,mistral_table,no
525,ARTIGOS USADOS,43,421,269,45 333,734 302,704 772,46,48,352,258,3 279 982,72 555 361,71 999 169,68,69,mistral_table,mistral_table,no
526,FLORIANÓPOLIS,1 567,8 839,5 426,964 053,16 850 604,16 750 856,1 504,1 768,11 949,8 118,102 582 980,1 569 003 345,1 540 736 808,68,69,mistral_table,mistral_table,no
527,COMÉRCIO VAREJISTA,1 481,8 039,5 189,822 629,14 938 814,14 844 787,1 462,1 693,10 956,7 781,86 637 347,1 375 789 274,1 348 592 395,68,69,mistral_table,mistral_table,no
528,"PROD. ALIMENTÍCIOS, BEBIDAS E FUMO",568,1 143,262,75 134,897 101,896 602,536,552,1 370,544,7 668 081,74 171 647,73 517 121,68,69,mistral_table,mistral_table,no
529,"PROD. FARMACÊUTICOS, ODONT. E VETER",63,409,295,45 196,439 193,437 371,69,84,535,418,4 085 806,40 224 499,39 975 997,68,69,mistral_table,mistral_table,no
530,"TECIDOS, VESTUARIO E ARMARINHO",364,2 329,1 689,198 021,2 319 792,2 317 176,373,427,2 707,2 030,18 644 202,198 961 754,197 603 541,68,69,mistral_table,mistral_table,no
531,MAQ. E APARELHOS ELETR. USO DOMEST,31,79,560,12 124,2 912 812,2 937 384,56,77,689,452,7 636 345,122 845 086,118 632 069,68,69,mistral_table,mistral_table,no
532,"FERRAGENS, MAT. ELETR. E ELETRÔNICO",80,609,365,73 540,1 176 592,1 157 600,85,109,941,644,8 578 817,104 570 627,102 299 608,68,69,mistral_table,mistral_table,no
533,"VEICULOS NOVOS E USADOS, PEÇAS",70,439,299,63 183,1 962 045,1 948 675,96,102,776,444,7 263 398,198 015 645,187 600 607,68,69,mistral_table,mistral_table,no
534,MAQ. E EQUIP. DE USO INDUSTRIAL,28,200,122,38 791,375 629,359 512,34,37,258,177,3 308 655,42 973 881,40 375 531,68,69,mistral_table,mistral_table,no
535,COMBUSTÍVEIS E LUBRIFICANTES,38,310,216,29 238,1 235 088,1 221 806,38,45,411,324,3 788 716,122 344 912,120 488 596,68,69,mistral_table,mistral_table,no
536,"PAPELARIAS, LIVRARIAS",54,191,123,16 014,280 547,273 577,45,58,277,189,2 001 617,27 618 080,26 836 332,68,69,mistral_table,mistral_table,no
537,MERC. EM GERAL - INC. ALIMENTÍCIOS,18,808,775,71 449,2 243 838,2 240 859,5,30,1 475,1 412,9 612 943,274 355 865,272 977 131,68,69,mistral_table,mistral_table,no
538,MERC. EM GERAL - EXC. ALIMENTÍCIOS,3,192,105,31 835,742 335,742 329,4,21,799,649,8 591 344,121 135 214,120 596 788,68,69,mistral_table,mistral_table,no
539,ARTIGOS DIVERSOS,112,546,372,53 090,652 368,639 745,117,147,706,491,5 225 923,48 543 164,47 360 341,68,69,mistral_table,mistral_table,no
540,ARTIGOS USADOS,4,14,5,626,1 946,1 946,4,4,12,7,61 490,228 900,228 900,68,69,mistral_table,mistral_table,no
541,COMÉRCIO ATACADISTA,48,371,216,47 434,1 911 790,1 906 069,42,56,477,333,5 452 779,193 214 071,162 144 414,68,69,mistral_table,mistral_table,no
542,PRODUTOS EXTRATIVOS E AGROPECUÁRIOS,24,210,139,22 892,1 024 251,1 023 434,,,,,,,,68,69,mistral_table,missing,yes
543,"PROD. ALIMENTÍCIOS, BEBIDAS E FUMO",5,46,22,7 204,147 913,144 745,19,22,239,191,2 337 799,64 844 817,64 654 983,68,69,mistral_table,mistral_table,no
544,"PROD. FARMACÊUTICOS, ODONT. E VETER",5,46,22,7 204,147 913,144 745,,,,,,,,68,69,mistral_table,missing,yes
545,"TECIDOS, VESTUARIO E ARMARINHO",1,(A),(A),(X),(A),(A),5,6,84,90,921 411,21 842 821,21 426 119,68,69,mistral_table,mistral_table,no
546,MAQ. E APARELHOS ELETR. USO DOMEST,1,(A),(A),(X),(A),(A),,,,,,,,68,69,mistral_table,missing,yes
547,"FERRAGENS, MAT. ELETR. E ELETRÔNICO",3,30,18,5 365,254 266,254 266,,,,,,,,68,69,mistral_table,missing,yes
548,"VEICULOS NOVOS E USADOS, PEÇAS",3,30,18,5 365,254 266,254 266,,,,,,,,68,69,mistral_table,missing,yes
549,MAQ. E EQUIP. DE USO INDUSTRIAL,2,(C),(B),(X),(C),(C),2,5,20,13,207 333,4 891 380,4 885 241,68,69,mistral_table,mistral_table,no
550,,,,,,,,,,,,,,,70,71,missing,missing,yes
551,"PAPELARIAS, LIVRARIAS... .cuscussusssesses",,,,,,,,,,,,,,70,71,tesseract_por_review_partial,missing,yes
552,MERC. EM GERAL,,,,,,,,,,,,,,70,71,tesseract_por_review_partial,missing,yes
553,ARTIGOS DIVERSOS... ..cccertuasaeseeeseses,3,19,3,2 713,87 418,87 418,7,7,42,21,716 671,59 652 7!IO,59 652 790,70,71,tesseract_por_review,pdf_text_layout,no
554,ARTIGOS USADOS. ...ccsccscoreserccercrsess,1,(A),(A),(X),(A),(A),,,,,,,,70,71,tesseract_por_review,missing,yes
555,8LUMENAU,,,,,,,,,,,,,,70,71,pdf_text_tokens_partial,missing,yes
556,COMERCIO VAREJISTA... .ccccccsssstrcueesos,,,,,,,014 131,7 66',168,71,957 124,241 126 362,1 226 619 Z94,70,71,tesseract_por_review_partial,pdf_text_layout,yes
557,"TEC IDOS, VESTUARIO E ARMARINHO",116,1 755,1 169,221 510,3 414 712,3 479 307,234,253,1 129 446,17,431 693,221 456 712,220 711 295,70,71,pdf_text_layout,pdf_text_layout,no
558,"VEICULOS NOVOS E USADOS, PEÇAS",41,512,275,97 693,2 352 315,2 321 175,17,95,722 404,11,597 362,236 139 616,233 . 664 629,70,71,pdf_text_layout,pdf_text_layout,no
559,MERC. EM GERAL,,,,,,,,,,,,,,70,71,pdf_text_tokens_partial,missing,yes
560,DEMAIS QENEROS,652,3 7Õ',2 077,511 592,• 422 742,• 301 277,,,,,,,,70,71,pdf_text_layout,missing,yes
561,COMERCIO ATACADISTA... .cccusersssacarsesss,,,,,,,,,,,,,,70,71,tesseract_por_review_partial,pdf_text_layout_partial,yes
562,COMERCIO ATACADISTA... ...cccerneusersaeass,,,,,,,,,,,,,,70,71,tesseract_por_review_partial,pdf_text_layout_partial,yes
563,COMERCIO VAREJISTA,311,2 306,191,20 '82,5 217 011,10 553,399,475,3 '31,2 234,30 73 1 163,594 757 164,515 104 519,70,71,pdf_text_layout,pdf_text_layout,no
564,,,,,,,,121,141,415,156,2 155 634,55 138 115,54 U9 751,70,71,missing,pdf_text_layout,yes
565,VEICULOS NOVOS,,,,,,,,,,,,,,70,71,tesseract_por_review_partial,pdf_text_layout_partial,yes
566,MAQ,,,,,,,,,,,,,,70,71,tesseract_por_review_partial,missing,yes
567,DEMAIS OENEROS,,,,,,,,,,,,,,70,71,pdf_text_tokens_partial,missing,yes
568,COMERCIO ATACADISTA. ...cccccsessrussuasass,,,,,,,,,,,,,,70,71,tesseract_por_review_partial,missing,yes
569,CRICIUMA,,,,,,,755,161,003,3 7H,50 028 079,70 504 471,736 024 403,70,71,pdf_text_tokens_partial,pdf_text_layout,yes
570,COMERCIO VAREJISTA,661,3 355,03,;110 '31,• 460 724,li 429 812,,,,,,,,70,71,pdf_text_layout,missing,yes
571,"TECIDOS, VESTUARIO",,,,,,,211,233,1 110 777,6,254 670,"67 . , , 734",67 295 371,70,71,tesseract_por_review_partial,pdf_text_layout,yes
572,VEICULOS NOVOS,,,,,,,,,,,,,,70,71,tesseract_por_review_partial,missing,yes
573,MERC. EM GERAL,,,,,,,,,,,,,,70,71,tesseract_por_review_partial,missing,yes
574,DEMAIS GENEROS. ...ccercercrscenerscanssass,,,,,,,435,4 16 551,1 04,19,3115 510,217 143 115,ae3 sn 415,70,71,tesseract_por_review_partial,pdf_text_layout,yes
575,COMERCIO ATACADISTA... ..ccecuusucaseusesos,36,334 182,41,957 771,z80,767 979,,,,,,,,70,71,tesseract_por_review,pdf_text_layout_partial,yes
576,JTAJAI,,,,,,,,,,,,,,70,71,pdf_text_tokens_partial,missing,yes
577,COMERCIO VAREJISTA,577,3 308,U7,351 •04,• H9 50,• 9'4 4 51,,,,,,,,70,71,pdf_text_layout,missing,yes
578,"VEICUlOS NOVOS E USADOS, PEÇAS",31,IFI,lf'),IX),101,(Q),,,,,,,,70,71,pdf_text_layout,missing,yes
579,MERC . EM OERAL - INC . ALIMENTICIOS,19,'72,•OS,37 U7,361 192,359 171,,,,,,,,70,71,pdf_text_layout,missing,yes
580,MERC. EM GERAL,,,,,,,,,,,,,,70,71,tesseract_por_review_partial,missing,yes
581,COMERCIO VAREJISTA... ccccrcscrerrecessasss,,,,,,,16,35,' 404,273,565 914,10 471 157,14S 244 73 1,70,71,tesseract_por_review_partial,pdf_text_layout,yes
582,,,,,,,,,,,,,,,70,71,missing,missing,yes
583,JOINVILLE. erescrrrcrroronncrocanocerenans,,,,,,,,,,,,,,70,71,tesseract_por_review_partial,missing,yes
584,"COMERCIO VAREJISTA, ..cccesuenecensrassesos",,,,,,,,,,,,,,70,71,tesseract_por_review_partial,missing,yes
585,,,,,,,,,,,,,,,70,71,missing,missing,yes
586,COMBUSTIVEIS,,,,,,,,,,,,,,70,71,tesseract_por_review_partial,missing,yes
587,MERC. EM GERAL,,,,,,,,,,,,,,70,71,tesseract_por_review_partial,missing,yes
588,DEMAIS GENEROS... ..cccercrccereecoreascos,,,,,,,,,,,,,,70,71,tesseract_por_review_partial,missing,yes
589,COMERCIO ATACADISTA... ccccccneceeessesueas so,,,,,,,,,,,,,,70,71,tesseract_por_review_partial,missing,yes
590,LAGES. .ccossecrororocon arco sno ce ce sor s0,,,,,,,6&4,806 635,3 755,"""",20• 755,532 402 310,517 220 161,70,71,tesseract_por_review_partial,pdf_text_layout,yes
591,COMERCIO VAREJISTA,799,3,z,002,305,271,,,,,,,,70,71,pdf_text_tokens,pdf_text_layout_partial,yes
592,VEICULOS NOVOS,,,,,,,,,,,,,,70,71,tesseract_por_review_partial,missing,yes
593,COMBUSTIVEIS,,,,,,,,,,,,,,70,71,tesseract_por_review_partial,missing,yes
594,MERC. EM OEAAL,,,,,,,,,,,,,,70,71,pdf_text_tokens_partial,missing,yes
595,COMERCIO ATACADISTA.......cccerereressaros,,,,,,,,,,,,,,70,71,tesseract_por_review_partial,missing,yes
596,,,,,,,,,,,,,,,70,71,missing,missing,yes
597,BÃO MS scsaasaronssosissi serto sessao 4a,,,,,,,,,,,,,,70,71,tesseract_por_review_partial,pdf_text_layout_partial,yes
598,COMERCIO VAREJISTA... .ccccnsenecessereeas,,,,,,,,,,,,,,70,71,tesseract_por_review_partial,missing,yes
599,"FERRAGENS, MAT., ELETR",,,,,,,,,,,,,,70,71,tesseract_por_review_partial,missing,yes
600,"VtlCULOS NOVOS E USADOS, PEÇAS",20,t3,'1,u 211,570 012,HI 012,,,,,,,,70,71,pdf_text_layout,missing,yes
601,MERC. EM GERAL,,,,,,,,,,,,,,70,71,tesseract_por_review_partial,missing,yes
602,,,,,,,,,,,,,,,70,71,missing,pdf_text_layout_partial,yes
603,COMERCIO ATACADISTA... ..cccscrcescenerasss “as s72,286,7 911,2,231 646,2,216 639,,,,,,,,70,71,tesseract_por_review,missing,yes
604,ABELARDO LUZ... cccccerrersrcrorsrccc cosas,70,2m,s3,19 882,679 184,656 507,,,,,,,,70,71,tesseract_por_review,missing,yes
605,AOROLANDIA •••••••••••• • •••• •• •••••••••• •• • .u IOt H,,,,,,,,,,,,,,70,71,pdf_text_tokens_partial,missing,yes
606,,,,,,,,,,,,,,,70,71,missing,missing,yes
607,AQUA DOCE. ...cccrersrreccoro soc rricacsceds,37,vm,3,5 613,147 451,143 453,,,,,,,,70,71,tesseract_por_review,pdf_text_layout_partial,yes
608,,,,,,,,,,,,,,,70,71,missing,missing,yes
609,AGUAS MORNAS,,,,,,,,,,,,,,70,71,pdf_text_tokens_partial,missing,yes
610,,,,,,,,,,,,,,,70,71,missing,missing,yes
611,ANCHIETA,47,191,57,9 659,307 452,306 773,,,,,,,,70,71,tesseract_por_review,pdf_text_layout_partial,yes
612,ANGELINA,30,63,8,2 383,46 392,46 392,30,31,78,26,463 363,5 373 887,5 371 387,72,73,mistral_table,mistral_table,no
613,ANITA GARIBALDI,63,223,55,10 884,147 393,145 237,66,75,244,112,1 124 907,20 513 821,20 238 990,72,73,mistral_table,mistral_table,no
614,ANITAPOLIS,28,54,3,11 467,49 971,49 971,26,27,61,12,757 545,4 719 751,4 603 751,72,73,mistral_table,mistral_table,no
615,ANTONIO CARLOS,23,44,-,2 182,23 434,23 413,27,28,61,15,352 299,5 963 351,5 925 351,72,73,mistral_table,mistral_table,no
616,ARAQUARI,60,181,73,12 315,189 892,188 172,59,59,123,24,599 228,11 318 058,11 312 765,72,73,mistral_table,mistral_table,no
617,ARARANQUA,259,1 224,639,125 695,2 719 172,2 707 177,318,351,1 879,1 014,15 485 950,318 626 984,314 110 719,72,73,mistral_table,mistral_table,no
618,ARMAZEM,35,141,14,3 673,84 537,84 475,46,47,100,22,473 292,7 765 401,7 671 541,72,73,mistral_table,mistral_table,no
619,ARROIO TRINTA,17,77,26,3 249,75 368,75 075,24,26,88,34,302 797,8 446 153,8 423 836,72,73,mistral_table,mistral_table,no
620,ASCURRA,16,47,21,5 440,99 168,99 168,29,29,65,28,496 605,6 508 704,6 492 086,72,73,mistral_table,mistral_table,no
621,ATALANTA,13,53,33,3 663,59 924,59 924,20,22,56,26,352 731,6 985 086,6 968 231,72,73,mistral_table,mistral_table,no
622,AURORA,19,44,8,2 318,26 659,25 402,27,29,61,18,284 179,5 533 896,5 474 521,72,73,mistral_table,mistral_table,no
623,BALNEARIO CAMBORIU,227,1 051,593,71 427,1 663 634,1 657 052,292,337,1 753,1 225,10 194 128,178 596 576,177 818 088,72,73,mistral_table,mistral_table,no
624,BARRA VELHA,73,203,58,13 037,281 085,280 978,86,89,272,132,1 461 450,35 324 110,35 024 506,72,73,mistral_table,mistral_table,no
625,BENEDITO NOVO,37,145,82,11 467,199 241,196 992,34,36,126,68,830 396,17 131 777,16 333 715,72,73,mistral_table,mistral_table,no
626,BIQUAÇU,152,426,110,34 066,645 584,645 193,145,153,495,260,4 221 449,53 985 971,53 849 025,72,73,mistral_table,mistral_table,no
627,BOM JARDIM DA SERRA,24,54,13,2 395,72 629,72 629,18,30,53,22,280 324,5 347 837,5 296 386,72,73,mistral_table,mistral_table,no
628,BOM RETIRO,39,135,34,6 288,146 848,145 914,54,59,247,155,1 298 250,16 143 498,16 053 433,72,73,mistral_table,mistral_table,no
629,BOTUVERA,10,23,2,1 018,26 795,26 795,8,8,22,3,92 677,3 183 023,3 183 023,72,73,mistral_table,mistral_table,no
630,BRAÇO DO NORTE,110,303,80,24 828,417 186,414 950,118,125,456,201,2 422 696,81 033 197,80 606 451,72,73,mistral_table,mistral_table,no
631,BRUSQUE,242,1 848,1 088,213 079,3 887 743,3 850 934,254,296,2 181,1 430,23 696 067,328 052 043,321 902 767,72,73,mistral_table,mistral_table,no
632,CAÇADOR,194,1 071,579,105 813,1 916 938,1 904 257,203,247,1 347,915,12 062 155,191 696 334,188 899 221,72,73,mistral_table,mistral_table,no
633,CAIBI,42,134,24,7 337,181 159,175 429,56,64,165,59,706 642,31 230 305,31 059 444,72,73,mistral_table,mistral_table,no
634,CAMBORIU,77,170,49,8 373,157 970,157 970,74,77,286,153,1 520 783,34 579 051,29 834 527,72,73,mistral_table,mistral_table,no
635,CAMPO ALEGRE,36,86,44,9 744,165 806,165 257,39,42,74,23,896 960,9 744 961,9 717 261,72,73,mistral_table,mistral_table,no
636,CAMPO BELO DO SUL,60,113,13,4 829,77 961,77 601,43,45,107,38,573 173,11 508 594,11 437 341,72,73,mistral_table,mistral_table,no
637,CAMPO ERE,115,348,75,17 577,506 262,492 046,113,131,415,140,1 845 423,59 813 337,59 100 084,72,73,mistral_table,mistral_table,no
638,CAMPOS NOVOS,160,747,306,76 367,1 823 427,1 766 020,173,203,1 027,556,7 270 490,222 159 248,214 772 999,72,73,mistral_table,mistral_table,no
639,CANELINHA,33,76,6,4 112,83 854,83 854,29,30,64,16,299 044,9 680 602,9 669 295,72,73,mistral_table,mistral_table,no
640,CANOINHAS,278,1 322,597,122 829,2 631 200,2 606 019,278,312,1 919,1 274,16 967 599,385 824 504,364 813 852,72,73,mistral_table,mistral_table,no
641,CAPINZAL,66,341,173,33 500,721 502,689 001,71,86,452,277,3 187 211,68 350 940,66 345 354,72,73,mistral_table,mistral_table,no
642,CATANDUVAS,42,168,59,9 891,233 732,233 502,34,42,145,88,1 007 226,28 337 551,28 197 792,72,73,mistral_table,mistral_table,no
643,CAXAMBU DO SUL,35,135,44,10 564,204 548,195 831,37,46,150,48,1 078 957,33 320 621,33 107 995,72,73,mistral_table,mistral_table,no
644,CONCORDIA,266,1 429,646,163 640,3 468 635,3 381 650,299,349,1 940,1 282,17 580 395,350 229 825,346 132 552,72,73,mistral_table,mistral_table,no
645,CORONEL FREITAS,90,316,105,19 726,459 128,455 154,86,99,366,145,2 387 353,40 539 360,40 388 048,72,73,mistral_table,mistral_table,no
646,CORUPA,64,239,107,21 471,260 948,256 192,81,83,276,164,2 350 858,22 702 959,22 281 591,72,73,mistral_table,mistral_table,no
647,CORREIA PINTO,-,-,-,-,-,-,51,55,144,65,1 181 653,17 839 525,17 721 525,72,73,mistral_table,mistral_table,no
648,CUNHA PORÃ,87,292,87,25 156,633 754,610 085,115,129,511,253,4 894 714,94 890 990,93 845 640,72,73,mistral_table,mistral_table,no
649,CURITIBANOS,204,1 058,558,87 176,2 221 384,2 186 385,206,243,1 350,824,9 451 250,179 975 050,176 329 076,72,73,mistral_table,mistral_table,no
650,DESCANSO,72,255,94,16 202,799 538,792 704,47,57,298,160,2 156 181,77 670 842,75 497 258,72,73,mistral_table,mistral_table,no
651,DIONISIO CERQUEIRA,109,406,142,27 800,592 261,587 850,82,90,291,90,1 441 090,29 253 046,28 837 442,72,73,mistral_table,mistral_table,no
652,DONA EMMA,11,31,6,1 763,30 418,29 819,19,20,48,12,229 590,5 119 645,4 849 998,72,73,mistral_table,mistral_table,no
653,ERVAL VELHO,23,59,19,3 589,86 405,85 771,24,28,76,29,322 138,8 068 096,8 031 612,72,73,mistral_table,mistral_table,no
654,FACHINAL DOS GUEDES,32,133,70,7 299,223 586,222 784,37,43,143,66,809 170,39 167 019,39 089 394,72,73,mistral_table,mistral_table,no
655,FRAIBURGO,65,213,92,18 737,383 906,381 811,122,136,877,619,8 485 770,113 495 177,107 246 811,72,73,mistral_table,mistral_table,no
656,GALVÃO,36,145,42,4 771,230 546,226 606,34,41,108,57,526 075,21 520 568,21 041 297,72,73,mistral_table,mistral_table,no
657,GAROPABA,51,104,10,4 567,51 093,51 093,45,47,124,38,544 019,6 546 696,6 355 196,74,75,mistral_table,mistral_table,no
658,GARUVA,89,206,53,13 754,183 800,180 923,45,52,155,57,729 331,13 411 135,13 159 292,74,75,mistral_table,mistral_table,no
659,GASPAR,144,522,228,35 633,627 766,620 637,175,190,632,346,4 661 841,287 388 282,287 307 192,74,75,mistral_table,mistral_table,no
660,GOVERNADOR CELSO RAMOS,69,135,7,7 676,70 434,69 598,67,69,146,30,1 097 819,5 630 940,5 604 245,74,75,mistral_table,mistral_table,no
661,GRÃO PARA,39,83,10,4 384,54 150,53 594,34,37,74,25,319 136,5 873 424,5 770 329,74,75,mistral_table,mistral_table,no
662,GRAVATAL,35,113,17,3 904,54 920,54 920,47,48,148,85,1 017 794,6 830 282,6 820 152,74,75,mistral_table,mistral_table,no
663,GUABIRUBA,23,54,14,3 756,73 831,72 385,31,33,100,50,671 968,6 962 404,6 848 545,74,75,mistral_table,mistral_table,no
664,GUARACIABA,37,187,48,9 854,451 055,442 593,58,62,276,141,1 389 428,29 820 025,29 142 645,74,75,mistral_table,mistral_table,no
665,GUARAMIRIM,55,186,93,15 117,371 382,369 986,55,65,322,212,2 294 279,47 057 982,45 331 419,74,75,mistral_table,mistral_table,no
666,GUARUJA DO SUL,36,119,33,6 253,171 508,169 386,34,37,97,33,510 905,12 058 584,12 025 859,74,75,mistral_table,mistral_table,no
667,HERVAL D'OESTE,54,203,59,12 872,196 040,195 193,58,71,247,134,1 510 678,25 597 546,24 942 186,74,75,mistral_table,mistral_table,no
668,IBICARE,19,74,27,4 573,118 299,117 951,19,22,68,31,558 299,10 366 188,9 894 185,74,75,mistral_table,mistral_table,no
669,IBIRAMA,119,425,206,36 410,656 711,646 219,107,127,496,309,3 801 472,66 568 249,65 737 669,74,75,mistral_table,mistral_table,no
670,ICARA,112,471,196,33 857,589 254,587 241,138,146,600,350,4 494 153,83 725 131,83 241 389,74,75,mistral_table,mistral_table,no
671,ILNOTA,35,86,14,3 722,69 063,69 063,30,32,60,19,337 325,5 449 738,5 376 596,74,75,mistral_table,mistral_table,no
672,IMARUI,118,290,15,8 846,120 184,119 322,80,80,164,18,396 928,6 653 951,6 642 951,74,75,mistral_table,mistral_table,no
673,IMBITUBA,201,732,243,43 252,739 609,723 238,174,183,750,394,4 881 882,74 529 455,73 174 196,74,75,mistral_table,mistral_table,no
674,IMBUIA,28,70,6,2 671,42 228,41 911,38,40,73,18,225 162,5 114 017,5 114 017,74,75,mistral_table,mistral_table,no
675,INDAIAL,184,652,284,57 094,1 129 542,1 108 203,199,212,743,418,5 518 704,110 628 755,109 634 325,74,75,mistral_table,mistral_table,no
676,IPIRA,26,68,22,4 835,87 406,85 518,34,35,75,25,373 191,5 233 817,5 055 608,74,75,mistral_table,mistral_table,no
677,IPUMIRIM,34,150,20,6 767,100 434,93 783,29,33,103,49,666 181,13 227 826,12 649 292,74,75,mistral_table,mistral_table,no
678,IRANI,22,76,32,6 178,115 295,113 592,25,27,91,50,453 458,9 864 802,9 690 243,74,75,mistral_table,mistral_table,no
679,IRINEOPOLIS,52,118,29,8 384,255 950,255 950,52,57,157,67,1 145 835,14 928 175,14 892 227,74,75,mistral_table,mistral_table,no
680,ITA,19,75,28,7 151,101 375,99 786,13,18,94,56,758 712,11 695 796,11 463 644,74,75,mistral_table,mistral_table,no
681,ITAIOPOLIS,138,306,62,15 965,292 146,287 976,138,147,313,89,1 739 890,29 045 483,28 714 245,74,75,mistral_table,mistral_table,no
682,ITAPEMA,47,269,157,24 186,456 310,454 359,60,67,259,160,2 020 131,37 545 791,37 005 253,74,75,mistral_table,mistral_table,no
683,ITAPIRANGA,98,574,258,54 551,1 268 567,1 238 044,95,125,611,402,5 121 855,106 033 451,100 740 170,74,75,mistral_table,mistral_table,no
684,ITUPORANGA,101,386,170,23 938,517 864,515 716,134,146,574,330,3 588 634,81 513 751,81 179 366,74,75,mistral_table,mistral_table,no
685,JABORA,14,67,17,2 402,83 812,83 305,19,23,63,23,271 631,7 493 623,7 380 119,74,75,mistral_table,mistral_table,no
686,JACINTO MACHADO,90,233,29,16 941,147 004,141 820,89,91,216,73,720 507,11 563 700,11 442 436,74,75,mistral_table,mistral_table,no
687,JAGUARUNA,71,206,36,9 095,171 777,170 541,110,112,300,96,1 273 443,25 887 369,25 835 524,74,75,mistral_table,mistral_table,no
688,JARAGUA DO SUL,232,1 781,1 114,223 602,3 890 793,3 840 443,250,332,2 445,1 711,21 782 492,356 773 837,351 284 060,74,75,mistral_table,mistral_table,no
689,JOACABA,236,1 555,817,187 163,3 743 349,3 682 315,191,253,2 095,1 266,19 623 927,333 616 504,328 272 073,74,75,mistral_table,mistral_table,no
690,LACERDOPLOIS,15,43,21,3 780,47 953,47 376,18,18,55,20,359 876,8 979 416,8 872 260,74,75,mistral_table,mistral_table,no
691,LAGUNA,262,776,274,58 093,909 402,906 378,276,290,1 128,577,6 367 789,86 272 343,84 890 607,74,75,mistral_table,mistral_table,no
692,LAURENTINO,13,53,9,2 039,50 112,50 112,29,29,84,25,359 638,10 987 430,10 944 893,74,75,mistral_table,mistral_table,no
693,LAURO MULLER,59,142,53,11 680,195 378,195 378,67,72,197,100,1 351 510,25 460 220,25 405 131,74,75,mistral_table,mistral_table,no
694,LEBON REGIS,36,94,23,4 747,91 154,90 763,44,48,117,68,634 211,12 804 532,12 804 532,74,75,mistral_table,mistral_table,no
695,LEOBERTO LEAL,18,33,-,1 372,18 208,17 847,20,21,35,5,172 168,3 626 562,3 606 710,74,75,mistral_table,mistral_table,no
696,LONTRAS,24,74,19,6 232,101 087,101 087,28,31,95,38,522 547,13 225 590,12 949 040,74,75,mistral_table,mistral_table,no
697,LUIZ ALVES,32,48,8,3 601,44 961,44 961,31,35,78,35,461 671,6 005 538,5 934 026,74,75,mistral_table,mistral_table,no
698,MAFRA,263,1 282,575,143 077,3 091 312,3 077 330,259,297,1 569,1 034,14 210 250,320 027 327,315 530 265,74,75,mistral_table,mistral_table,no
699,MAJOR GERCINO,21,51,5,1 484,23 883,23 883,17,18,30,3,158 716,3 191 955,3 191 955,74,75,mistral_table,mistral_table,no
700,MAJOR VIEIRA,38,91,20,3 937,89 439,89 024,33,36,77,33,401 285,8 903 012,8 903 012,74,75,mistral_table,mistral_table,no
701,MARACAJA,35,99,33,9 710,151 312,149 291,35,37,114,53,683 996,20 189 872,20 011 962,74,75,mistral_table,mistral_table,no
702,MARAVILNA,129,449,209,34 591,791 644,785 825,137,159,685,371,4 491 895,107 272 681,104 160 321,76,77,mistral_table,mistral_table,no
703,MASSARANCUBA,71,165,49,10 642,181 093,162 414,65,70,179,94,1 243 477,22 154 113,21 474 611,76,77,mistral_table,mistral_table,no
704,MATOS COSTA,14,24,7,1 672,28 195,27 670,12,15,28,10,115 861,2 597 734,2 597 734,76,77,mistral_table,mistral_table,no
705,MELEIRO,53,141,23,5 849,114 267,113 738,61,63,129,46,899 114,18 186 056,18 165 117,76,77,mistral_table,mistral_table,no
706,MODELO,49,202,51,10 282,231 146,229 138,61,70,287,162,1 332 358,41 974 703,40 881 886,76,77,mistral_table,mistral_table,no
707,MONDAI,125,516,176,32 306,742 700,723 207,119,143,510,259,3 122 654,79 629 196,77 411 279,76,77,mistral_table,mistral_table,no
708,MONTE CASTELO,36,117,49,5 500,133 184,128 748,45,46,138,56,667 377,12 286 306,11 830 117,76,77,mistral_table,mistral_table,no
709,MORRO DA FUMAÇA,49,123,32,9 715,163 369,162 779,61,65,216,107,1 493 655,22 368 208,21 952 358,76,77,mistral_table,mistral_table,no
710,NAVEGANTES,54,275,186,22 279,339 802,339 729,93,96,346,172,3 228 032,40 615 343,40 430 511,76,77,mistral_table,mistral_table,no
711,NOVA ERECHIM,13,104,53,7 259,198 735,191 619,19,23,132,50,736 154,27 004 825,25 695 544,76,77,mistral_table,mistral_table,no
712,NOVA TRENTO,49,140,46,6 470,120 859,120 849,62,65,194,70,1 138 629,15 217 868,15 211 868,76,77,mistral_table,mistral_table,no
713,NOVA VENEZA,46,96,14,5 645,89 854,88 312,35,36,95,39,455 878,8 861 031,8 831 958,76,77,mistral_table,mistral_table,no
714,ORLEANS,92,276,81,19 832,375 877,372 346,108,119,371,153,1 852 897,51 496 224,49 557 210,76,77,mistral_table,mistral_table,no
715,OTACILIO COSTA,-,-,-,-,-,pq,69,81,252,122,7 322 099,122 015 417,121 673 601,76,77,tesseract_por_review,mistral_table,no
716,OURO,19,82,36,8 824,152 131,149 452,29,37,199,123,1 032 299,17 873 392,17 392 513,76,77,mistral_table,mistral_table,no
717,PALHOCA,197,420,113,26 833,459 983,458 793,225,233,619,242,3 417 392,69 017 936,68 482 115,76,77,mistral_table,mistral_table,no
718,PALMA SOLA,35,139,33,7 273,219 212,218 073,40,44,153,69,617 868,14 463 853,14 253 094,76,77,mistral_table,mistral_table,no
719,PALMITOS,88,477,208,42 858,1 210 300,1 175 407,114,129,589,326,4 155 101,123 719 107,111 317 864,76,77,mistral_table,mistral_table,no
720,PAPANDUVA,88,253,67,12 816,416 739,411 788,87,91,473,298,2 140 507,52 114 930,52 091 035,76,77,mistral_table,mistral_table,no
721,PAULO LOPES,41,75,27,6 625,137 477,137 477,45,46,120,27,487 638,12 542 445,12 484 554,76,77,mistral_table,mistral_table,no
722,PEDRAS GRANDES,26,38,2,2 305,27 003,26 823,25,25,46,4,383 928,2 938 311,2 921 311,76,77,mistral_table,mistral_table,no
723,PENHA,58,152,61,9 152,148 451,148 451,54,56,111,43,714 648,11 590 794,11 557 243,76,77,mistral_table,mistral_table,no
724,PERITIBA,12,42,17,3 090,62 540,57 930,16,18,67,33,374 110,6 518 324,6 463 764,76,77,mistral_table,mistral_table,no
725,PETROLANDIA,24,51,15,3 001,77 278,76 672,28,31,83,31,366 745,11 203 322,10 628 034,76,77,mistral_table,mistral_table,no
726,PIÇARRAS,40,157,84,15 617,468 819,468 649,43,46,236,90,2 002 208,50 028 012,48 545 359,76,77,mistral_table,mistral_table,no
727,PINHALZINHO,60,357,127,26 785,663 503,652 500,82,96,416,203,2 702 752,77 573 484,75 084 377,76,77,mistral_table,mistral_table,no
728,PINHEIRO PRETO,8,16,6,1 579,23 724,23 724,12,12,22,5,120 157,2 180 348,2 174 157,76,77,mistral_table,mistral_table,no
729,PIRATUBA,30,89,29,5 624,111 226,109 572,27,31,88,39,565 100,9 447 484,9 214 267,76,77,mistral_table,mistral_table,no
730,POMERODE,71,348,197,30 877,587 328,574 033,90,99,437,262,3 531 981,54 211 407,53 740 990,76,77,mistral_table,mistral_table,no
731,PONTE ALTA,19,68,22,2 421,65 433,65 433,14,16,52,26,285 228,9 731 037,9 731 037,76,77,mistral_table,mistral_table,no
732,PONTE SERRADA,56,214,77,13 470,278 716,278 282,66,70,205,72,863 160,21 679 736,21 405 391,76,77,mistral_table,mistral_table,no
733,PORTO BELO,54,156,56,7 929,163 621,163 111,71,74,301,164,1 398 349,29 875 280,29 766 685,76,77,mistral_table,mistral_table,no
734,PORTO UNIÃO,145,627,289,57 978,1 155 785,1 143 495,156,170,725,424,5 177 359,109 655 599,109 219 725,76,77,mistral_table,mistral_table,no
735,POUSO REDONDO,42,156,54,10 896,247 160,245 141,37,42,141,58,773 331,18 362 379,17 978 276,76,77,mistral_table,mistral_table,no
736,PRAIA GRANDE,51,143,42,13 166,142 356,138 568,63,67,128,38,835 806,11 196 480,11 087 730,76,77,mistral_table,mistral_table,no
737,PRESIDENTE CASTELO BRANCO,6,11,1,456,22 121,22 063,8,8,18,8,115 791,1 765 955,1 677 075,76,77,mistral_table,mistral_table,no
738,PRESIDENTE GETULIO,61,293,139,27 048,428 395,417 322,57,65,297,180,2 069 310,50 105 808,48 016 633,76,77,mistral_table,mistral_table,no
739,PRESIDENTE MEREU,9,24,6,1 541,20 917,20 507,11,12,40,16,191 522,3 131 871,3 101 871,76,77,mistral_table,mistral_table,no
740,QUILOMBO,95,314,124,21 502,471 996,468 189,93,107,401,137,2 327 985,52 703 965,52 486 822,76,77,mistral_table,mistral_table,no
741,RANCHO QUEINADO,18,28,-,2 515,10 999,10 999,19,21,37,3,183 193,2 404 400,2 389 400,76,77,mistral_table,mistral_table,no
742,RIO DAS ANTAS,14,39,22,2 855,64 387,64 387,11,13,38,25,238 224,7 565 463,7 332 570,76,77,mistral_table,mistral_table,no
743,RIO DO CAMPO,29,75,14,4 139,78 825,75 560,34,37,101,40,703 657,13 824 718,13 553 558,76,77,mistral_table,mistral_table,no
744,RIO DO OESTE,23,93,36,6 996,107 125,105 859,40,44,152,62,695 934,11 387 604,11 232 840,76,77,mistral_table,mistral_table,no
745,RIO DOS CEDROS,32,123,50,7 665,148 787,147 076,34,37,126,69,720 472,13 317 856,13 194 430,76,77,mistral_table,mistral_table,no
746,RIO DO SUL,292,2 190,1 225,297 660,4 906 378,4 888 720,322,392,2 619,1 678,27 717 489,446 301 124,436 459 715,76,77,mistral_table,mistral_table,no
747,RIO FORTUNA,9,23,2,2 755,65 976,61 461,14,15,51,16,230 075,7 339 391,7 191 836,78,79,mistral_table,mistral_table,no
748,RIO NEGRINHO,131,615,363,68 371,955 369,939 893,148,167,588,317,4 202 705,66 558 076,65 001 869,78,79,mistral_table,mistral_table,no
749,RODEIO,39,83,32,7 234,139 054,138 811,47,51,115,41,854 844,14 489 677,14 488 036,78,79,mistral_table,mistral_table,no
750,ROMELANDIA,37,123,32,7 279,174 026,172 351,37,43,137,65,780 774,16 750 466,16 553 000,78,79,mistral_table,mistral_table,no
751,SALETE,19,50,18,3 114,66 434,65 749,29,37,73,29,480 256,11 502 512,11 329 982,78,79,mistral_table,mistral_table,no
752,SALTO VELOSO,23,80,34,5 677,74 277,73 811,19,21,81,50,444 865,6 037 743,6 018 289,78,79,mistral_table,mistral_table,no
753,SANTA CECILIA,68,236,115,15 300,357 104,353 906,59,63,210,115,1 078 916,25 541 735,25 217 343,78,79,mistral_table,mistral_table,no
754,SANTA ROSA DE LIMA,7,12,-,764,3 174,3 064,8,9,14,2,45 019,705 448,705 448,78,79,mistral_table,mistral_table,no
755,SANTO AMARO DA IMPERATRIZ,67,231,60,22 179,349 593,348 193,68,72,234,109,1 607 103,28 647 558,28 490 898,78,79,mistral_table,mistral_table,no
756,SÃO BENTO DO SUL,216,1 001,586,123 918,2 056 831,2 032 880,248,289,1 368,840,12 493 000,198 691 431,193 241 581,78,79,mistral_table,mistral_table,no
757,SÃO BONIFACIO,21,64,6,1 271,43 796,43 281,19,23,51,15,296 036,3 369 987,3 354 987,78,79,mistral_table,mistral_table,no
758,SÃO CARLOS,65,244,98,20 629,441 046,436 912,65,85,304,168,1 976 772,49 986 876,49 024 505,78,79,mistral_table,mistral_table,no
759,SÃO DOMINGOS,58,231,86,13 680,663 251,651 671,78,84,279,117,1 718 013,60 841 445,59 894 247,78,79,mistral_table,mistral_table,no
760,SÃO FRANCISCO DO SUL,171,570,256,44 532,734 052,733 261,135,154,569,334,3 724 101,57 493 300,57 445 743,78,79,mistral_table,mistral_table,no
761,SÃO JOÃO BATISTA,82,201,48,12 852,285 181,284 768,70,75,255,148,2 855 801,38 390 127,38 040 127,78,79,mistral_table,mistral_table,no
762,SÃO JOÃO DO SUL,51,116,5,4 405,57 067,56 540,72,74,173,89,2 143 805,15 474 352,15 394 552,78,79,mistral_table,mistral_table,no
763,SÃO JOAQUIM,150,564,245,37 711,723 767,714 821,146,163,552,308,4 722 334,81 084 215,80 563 428,78,79,mistral_table,mistral_table,no
764,SÃO JOSE DO CEDRO,79,312,118,19 041,659 218,653 478,86,95,373,206,2 335 576,54 378 198,53 483 913,78,79,mistral_table,mistral_table,no
765,SÃO JOSE DO CERRITO,57,88,6,3 323,64 852,64 852,40,41,98,20,294 184,6 068 381,6 005 276,78,79,mistral_table,mistral_table,no
766,SÃO LOURENÇO DO OESTE,135,720,204,35 301,1 185 751,1 178 062,116,136,569,306,3 400 292,81 033 833,80 259 923,78,79,mistral_table,mistral_table,no
767,SÃO LUDGERO,20,71,11,2 011,61 737,60 937,37,39,108,32,360 566,9 170 092,8 945 201,78,79,mistral_table,mistral_table,no
768,SÃO MARTINHO,12,37,7,2 797,38 373,38 373,17,19,29,3,136 777,1 592 099,1 551 999,78,79,mistral_table,mistral_table,no
769,SÃO MIGUEL D'OESTE,211,1 227,554,135 717,3 465 300,3 420 391,248,280,1 722,1 060,14 085 635,362 350 487,356 771 534,78,79,mistral_table,mistral_table,no
770,SAUDADES,37,145,51,13 993,368 611,357 650,34,46,282,177,2 602 771,60 314 452,55 967 302,78,79,mistral_table,mistral_table,no
771,SCHROEDER,15,46,13,2 889,37 824,37 824,16,17,56,27,230 656,2 021 890,1 992 045,78,79,mistral_table,mistral_table,no
772,SEARA,55,281,154,21 767,493 185,488 652,55,62,262,158,2 193 482,44 373 693,44 294 638,78,79,mistral_table,mistral_table,no
773,SIDEROPOLIS,62,158,49,10 075,140 290,138 291,55,60,152,70,961 578,17 144 503,17 141 055,78,79,mistral_table,mistral_table,no
774,SOMBRIO,130,296,87,19 402,266 284,265 736,210,222,612,274,5 050 548,54 846 908,54 800 508,78,79,mistral_table,mistral_table,no
775,TAIO,102,333,133,19 800,451 735,445 544,97,111,489,256,3 011 076,66 078 738,64 656 467,78,79,mistral_table,mistral_table,no
776,TANGARA,40,170,81,16 402,349 034,347 077,64,68,279,111,2 840 773,41 542 419,41 158 346,78,79,mistral_table,mistral_table,no
777,TIJUCAS,84,195,56,13 743,427 311,424 667,109,121,324,152,2 166 688,45 777 788,45 458 883,78,79,mistral_table,mistral_table,no
778,TIMBE DO SUL,31,90,31,4 307,70 225,69 334,31,32,111,47,431 586,8 979 838,8 904 336,78,79,mistral_table,mistral_table,no
779,TIMBO,134,681,380,67 006,1 147 664,1 133 140,145,165,824,547,6 041 610,113 139 271,110 044 768,78,79,mistral_table,mistral_table,no
780,TRES BARRAS,41,100,25,5 642,75 254,75 254,35,39,101,51,597 068,12 324 275,12 320 441,78,79,mistral_table,mistral_table,no
781,TREZE DE MAIO,29,51,11,4 069,48 103,47 616,39,39,59,9,330 894,5 283 505,5 255 694,78,79,mistral_table,mistral_table,no
782,TREZE TILIAS,24,83,21,3 243,87 872,85 916,22,24,64,26,472 360,7 583 395,7 539 656,78,79,mistral_table,mistral_table,no
783,TROMBUDO CENTRAL,32,76,35,7 326,91 720,91 720,35,40,108,58,630 152,10 919 442,10 892 914,78,79,mistral_table,mistral_table,no
784,TUBARÃO,636,2 898,1 511,291 242,6 862 161,6 804 949,625,687,3 653,2 279,28 617 828,557 235 630,543 927 861,78,79,mistral_table,mistral_table,no
785,TURVO,89,200,56,11 446,274 708,273 484,116,118,343,113,1 396 921,38 977 196,38 144 274,78,79,mistral_table,mistral_table,no
786,URUBICI,68,223,61,8 976,207 924,207 747,86,89,286,108,1 007 050,22 637 181,22 420 092,78,79,mistral_table,mistral_table,no
787,URUSSANGA,129,380,152,27 748,491 125,489 748,134,143,556,308,3 446 516,68 166 432,67 074 475,78,79,mistral_table,mistral_table,no
788,VARGEÃO,15,52,17,3 312,76 707,74 540,14,16,42,12,160 959,6 160 403,5 970 475,78,79,mistral_table,mistral_table,no
789,VIDAL RAMOS,41,104,27,6 700,89 730,86 279,37,40,143,66,679 974,10 896 448,10 895 448,78,79,mistral_table,mistral_table,no
790,VIDEIRA,163,896,460,86 203,2 152 345,2 135 588,168,235,1 581,1 108,12 291 778,706 146 854,702 809 495,78,79,mistral_table,mistral_table,no
791,WITMARSUM,8,29,14,2 634,46 396,46 282,10,11,40,16,276 568,6 649 068,6 637 690,78,79,mistral_table,mistral_table,no
792,XANKERE,200,1 210,644,106 228,3 083 722,3 050 852,251,281,1 716,777,12 640 896,316 728 638,307 113 420,80,81,mistral_table,mistral_table,no
793,XAVANTINA,17,57,19,3 793,75 491,73 608,15,16,56,28,276 854,7 249 446,7 134 330,80,81,mistral_table,mistral_table,no
794,XAXIM,128,482,168,34 378,674 383,672 346,148,168,591,263,3 877 265,81 362 283,80 128 402,80,81,mistral_table,mistral_table,no
795,RIO GRANDE DO SUL,57 219,282 307,143 803,34 086 056,706 507 285,698 241 399,57 670,65 838,351 322,206 060,3 526 559 652,66 684 502 334,65 356 241 553,80,81,mistral_table,mistral_table,no
796,COMERCIO VAREJISTA,52 751,224 102,120 136,23 492 868,418 878 145,414 093 038,53 971,60 802,288 764,172 963,2 553 014 385,39 125 075 501,38 423 932 768,80,81,mistral_table,mistral_table,no
797,"PROD. ALIMENTICIOS, BEBIDAS E FUMO",26 199,50 390,7 975,3 121 956,42 464 840,42 194 561,25 650,26 650,56 217,14 968,329 141 081,4 296 134 033,4 254 409 857,80,81,mistral_table,mistral_table,no
798,"PROD. FARMACÊUTICOS, ODONT. E VETER",2 295,11 825,7 864,1 421 984,25 091 789,24 732 630,2 392,3 019,13 496,8 894,125 001 867,1 851 494 045,1 823 233 291,80,81,mistral_table,mistral_table,no
799,"TECIDOS, VESTUÁRIO E ARMARINHO",8 878,40 671,25 506,4 192 744,49 842 374,49 689 537,9 229,10 730,51 146,33 334,417 128 800,4 439 626 021,4 402 970 395,80,81,mistral_table,mistral_table,no
800,MAG. E APARELHOS ELETR. USO DOMEST,1 975,17 669,12 119,2 289 126,41 353 479,41 016 736,1 423,2 291,18 835,12 473,197 506 528,2 604 460 660,2 550 326 145,80,81,mistral_table,mistral_table,no
801,"FERRAGENS, MAT. ELETR. E ELECTRONICO",2 782,19 456,10 827,2 454 671,39 909 318,39 302 686,3 674,4 181,26 639,16 319,262 808 883,3 411 891 481,3 341 247 958,80,81,mistral_table,mistral_table,no
802,"VEICULOS NOVOS E USADOS, PECAS",1 945,13 830,7 349,2 252 266,53 390 358,52 292 069,3 219,3 573,25 619,14 222,342 244 191,6 024 725 487,5 774 391 507,80,81,mistral_table,mistral_table,no
803,MAG. E EQUIP. DE USO INDUSTRIAL,836,6 710,3 471,1 320 251,22 193 320,21 563 135,880,1 067,8 430,5 109,123 293 799,2 035 392 878,1 946 959 332,80,81,mistral_table,mistral_table,no
804,COMBUSTÍVEIS E LUBRIFICANTES,990,13 110,8 572,1 436 350,51 203 152,50 608 477,1 812,2 116,16 036,11 598,157 100 365,4 892 363 273,4 826 579 038,80,81,mistral_table,mistral_table,no
805,"PAPELARIAS, LIVRARIAS",892,3 892,2 123,436 010,4 407 898,4 363 890,949,1 056,3 886,2 206,33 398 042,314 988 758,312 148 498,80,81,mistral_table,mistral_table,no
806,MERC. EM GERAL - INC. ALIMENTÍCIOS,2 010,30 564,24 916,2 726 788,85 464 052,85 194 883,956,1 725,42 556,36 647,323 333 221,6 643 085 853,6 613 386 549,80,81,mistral_table,mistral_table,no
807,MERC. EM GERAL - EXC. ALIMENTÍCIOS,262,5 778,4 455,703 320,11 967 110,11 876 592,133,349,12 484,10 304,121 763 744,1 633 005 399,1 623 955 554,80,81,mistral_table,mistral_table,no
808,ARTIGOS DIVERSOS,2 763,9 539,4 714,1 086 703,11 078 517,10 785 457,3 293,3 673,12 469,6 501,113 037 362,918 040 898,896 472 838,80,81,mistral_table,mistral_table,no
809,ARTIGOS USADOS,269,678,245,60 499,511 938,504 561,361,372,949,388,7 256 502,59 866 715,57 851 806,80,81,mistral_table,mistral_table,no
810,COMERCIO ATACADISTA,3 788,42 125,22 967,6 576 013,297 629 140,284 146 361,3 699,4 624,50 806,32 256,715 949 822,27 504 222 213,26 932 308 785,80,81,mistral_table,mistral_table,no
811,PRODUTOS EXTRATIVOS E AGROPECUARIOS,509,10 094,5 709,1 333 883,85 251 575,83 296 124,575,825,12 056,8 114,149 635 120,7 969 981 320,7 769 773 569,80,81,mistral_table,mistral_table,no
812,"PROD. ALIMENTÍCIOS, BEBIDAS E FUMO",887,14 412,7 717,1 755 983,59 809 133,59 282 597,1 653,1 971,17 769,11 626,195 044 346,5 803 261 899,5 744 748 875,80,81,mistral_table,mistral_table,no
813,"PROD. FARMACÊUTICOS, ODONT. E VETER",241,9 478,1 828,711 084,15 215 403,14 959 097,297,371,4 198,2 660,72 827 824,1 541 696 978,1 508 225 081,80,81,mistral_table,mistral_table,no
814,"TECIDOS, VESTUÁRIO E ARMARINHO",182,5 518,862,262 492,6 906 279,6 276 592,166,192,1 963,1 253,27 132 661,979 292 580,1 796 367 024,80,81,mistral_table,mistral_table,no
815,MAG. E APARELHOS ELETR. USO DOMEST,31,258,168,37 395,448 785,442 539,24,26,385,236,7 675 933,75 634 872,73 487 003,80,81,mistral_table,mistral_table,no
816,"FERRAGENS, MAT. ELETR. E ELECTRONICO",292,6 550,2 144,927 557,19 305 854,19 037 416,270,327,4 686,2 334,86 388 247,1 516 819 617,1 499 342 809,80,81,mistral_table,mistral_table,no
817,"VEICULOS NOVOS E USADOS, PECAS",88,340,679,298 914,6 246 969,6 150 661,1066,118,1 886,1 123,15 272 751,596 346 294,589 442 215,80,81,mistral_table,mistral_table,no
818,MAG. E EQUIP. DE USO INDUSTRIAL,96,5 978,465,272 299,5 887 035,5 777 719,148,198,2 368,1 198,32 052 569,849 612 184,822 095 654,80,81,mistral_table,mistral_table,no
819,COMBUSTÍVEIS E LUBRIFICANTES,83,1192,720,310 774,70 857 427,70 909 663,52,114,1 367,1 173,21 296 044,6 500 222 651,6 460 885 787,80,81,mistral_table,mistral_table,no
820,"PAPELARIAS, LIVRARIAS",75,766,395,149 550,2 875 920,2 846 131,81,101,837,535,15 873 933,294 826 043,292 201 600,80,81,mistral_table,mistral_table,no
821,MERC. EM GERAL - INC. ALIMENTÍCIOS,219,957,1 441,251 474,10 456 581,10 415 950,28,50,1 101,835,16 972 354,750 717 769,741 047 976,80,81,mistral_table,mistral_table,no
822,MERC. EM GERAL - EXC. ALIMENTÍCIOS,26,316,171,58 680,943 317,926 707,9,14,208,148,4 389 974,151 070 547,149 500 884,80,81,mistral_table,mistral_table,no
823,ARTIGOS DIVERSOS,126,775,392,156 675,2 501 745,2 425 833,157,171,1 173,611,17 511 444,358 822 862,349 922 407,80,81,mistral_table,mistral_table,no
824,ARTIGOS USADOS,90,491,276,49 270,1 427 419,1 421 142,141,146,809,410,6 876 622,115 916 597,115 276 637,80,81,mistral_table,mistral_table,no
825,REGIÃO METROPOLITANA,16 599,105 805,57 477,15 635 713,297 695 493,294 038 231,15 846,18 322,132 559,80 661,1 574 457 211,26 774 214 004,26 322 045 272,80,81,mistral_table,mistral_table,no
826,COMÉRCIO VAREJISTA,14 926,76 680,46 987,9 719 901,156 426 872,154 698 809,14 566,16 633,105 231,68 299,1 056 891 473,14 828 736 547,14 593 114 247,80,81,mistral_table,mistral_table,no
827,"PROD. ALIMENTÍCIOS, BEBIDAS E FUMO",7 151,14 211,2 315,1 096 014,13 649 901,13 585 737,6 746,6 966,15 679,4 591,110 694 408,1 351 206 800,1 342 663 944,80,81,mistral_table,mistral_table,no
828,"PROD. FARMACÊUTICOS, ODONT. E VETER",579,3 591,2 649,431 610,4 698 536,4 667 567,680,906,4 649,3 273,43 974 743,426 521 163,423 713 501,80,81,mistral_table,mistral_table,no
829,"TECIDOS, VESTUÁRIO E ARMARINHO",2 528,15 138,10 412,1 839 702,19 579 163,19 487 377,2 361,2 936,20 027,14 651,190 173 840,1 901 516 834,1 881 673 051,80,81,mistral_table,mistral_table,no
830,MAG. E APARELHOS ELETR. USO DOMEST,558,6 677,4 625,951 244,15 595 413,15 485 759,400,655,7 270,4 515,87 704 716,979 677 083,938 690 064,80,81,mistral_table,mistral_table,no
831,"FERRAGENS, MAT. ELETR. E ELECTRONICO",991,7 324,4 036,1 086 951,17 095 065,16 820 523,1 201,1 342,9 221,5 542,105 724 716,1 344 563 733,1 327 343 917,80,81,mistral_table,mistral_table,no
832,"VEICULOS NOVOS E USADOS, PECAS",526,4 150,2 325,840 467,20 954 409,20 613 753,825,914,7 747,4 140,127 250 335,2 373 837 840,2 297 924 150,80,81,mistral_table,mistral_table,no
833,MAG. E EQUIP. DE USO INDUSTRIAL,212,5 235,1 220,578 054,7 210 844,6 882 055,229,253,2 088,1 149,34 437 569,449 996 146,420 904 722,80,81,mistral_table,mistral_table,no
834,COMBUSTÍVEIS E LUBRIFICANTES,434,3 639,2 449,469 412,16 237 347,16 002 627,368,431,4 759,3 634,53 756 763,1 423 401 821,1 404 199 795,80,81,mistral_table,mistral_table,no
835,"PAPELARIAS, LIVRARIAS",342,1 894,1 038,250 795,2 345 151,2 323 717,338,378,1 725,1 039,18 298 779,180 661 929,179 261 549,80,81,mistral_table,mistral_table,no
836,MERC. EM GERAL - INC. ALIMENTÍCIOS,413,11 522,10 340,1 094 511,25 106 598,25 080 183,173,357,19 239,16 681,146 750 263,2 926 247 764,2 919 612 035,80,81,mistral_table,mistral_table,no
837,MERC. EM GERAL - EXC. ALIMENTÍCIOS,,,,,,,19,95,6 978,5 688,70 332 677,916 411 755,912 993 302,80,81,mistral_table_partial,mistral_table,yes
838,ARTIGOS DIVERSOS,960,4 195,2 306,597 939,6 268 252,6 093 168,1 065,1 239,5 379,3 193,63 983 515,525 758 997,515 456 344,80,81,mistral_table,mistral_table,no
839,ARTIGOS USADOS,154,347,103,34 010,268 312,263 812,161,162,470,203,3 809 029,28 934 682,28 677 873,80,81,mistral_table,mistral_table,no
840,COMÉRCIO ATACADISTA,1 383,17 855,9 919,3 552 100,141 268 621,139 339 422,1 280,1 501,20 073,12 021,351 082 052,11 911 621 183,11 628 831 025,80,81,mistral_table,mistral_table,no
841,PRODUTOS EXTRATIVOS E AGROPECUARIOS,37,423,208,108 027,14 836 661,13 880 224,66,71,632,233,14 445 980,761 216 630,756 485 481,80,81,mistral_table,mistral_table,no
842,"PROD. ALIMENTÍCIOS, BEBIDAS E FUMO",516,5 076,2 799,746 775,29 118 193,28 792 764,414,475,5 885,3 791,72 148 774,2 413 944 834,2 396 037 680,80,81,mistral_table,mistral_table,no
843,"PROD. FARMACÊUTICOS, ODONT. E VETER",133,2 420,1 381,546 057,10 229 218,10 153 016,125,163,2 648,1 739,51 477 360,993 692 664,970 974 275,80,81,mistral_table,mistral_table,no
844,"TECIDOS, VESTUÁRIO E ARMARINHO",127,1 212,670,228 640,5 509 548,5 487 960,101,118,1 498,924,22 312 419,882 034 611,700 438 001,80,81,mistral_table,mistral_table,no
845,MAG. E APARELHOS ELETR. USO DOMEST,19,175,111,30 136,390 916,385 342,16,18,352,225,7 387 746,69 653 167,67 608 598,80,81,mistral_table,mistral_table,no
846,"FERRAGENS, MAT. ELETR. E ELECTRONICO",183,3 145,1 509,710 566,15 590 177,15 385 115,153,188,3 312,1 608,70 909 541,236 458 886,227 113 891,80,81,mistral_table,mistral_table,no
847,"VEICULOS NOVOS E USADOS, PECAS",64,1 088,561,254 160,5 306 424,5 222 763,60,71,1 269,779,22 499 435,425 371 920,422 244 179,80,81,mistral_table,mistral_table,no
848,MAG. E EQUIP. DE USO INDUSTRIAL,64,798,357,236 260,5 220 479,5 114 629,79,91,1 197,527,31 025 407,497 983 946,483 536 356,80,81,mistral_table,mistral_table,no
849,COMBUSTÍVEIS E LUBRIFICANTES,36,517,504,219 047,42 592 017,42 559 868,12,26,700,612,17 531 255,3 603 543 547,3 586 533 053,80,81,mistral_table,mistral_table,no
850,"PAPELARIAS, LIVRARIAS",19,693,364,140 640,2 739 422,2 712 158,58,73,691,433,14 287 254,267 786 110,265 186 888,80,81,mistral_table,mistral_table,no
851,MERC. EM GERAL - INC. ALIMENTÍCIOS,15,964,859,137 478,6 092 680,6 082 981,4,4,312,299,5 958 671,251 660 761,251 549 888,80,81,mistral_table,mistral_table,no
852,MERC. EM GERAL - EXC. ALIMENTÍCIOS,13,142,88,29 975,412 666,408 417,4,6,88,70,1 892 282,106 022 314,107 570 612,80,81,mistral_table,mistral_table,no
853,ARTIGOS DIVERSOS,75,583,307,128 658,1 947 028,1 872 195,,,,,,,,80,81,mistral_table,mistral_table_partial,yes
854,ARTIGOS USADOS,40,319,201,35 681,1 283 193,1 281 990,72,76,560,274,4 579 130,94 726 747,94 296 666,80,81,mistral_table,mistral_table,no
855,PORTO ALEGRE,8 922,75 240,42 081,12 319 284,202 310 366,199 223 094,7 610,9 216,90 316,55 677,1 181 714 180,16 564 132 168,16 276 633 330,80,81,mistral_table,mistral_table,no
856,COMÉRCIO VAREJISTA,7 676,52 200,33 616,7 113 970,111 210 778,109 876 199,6 766,8 068,88 390,46 536,745 398 609,9 884 139 112,9 701 766 826,80,81,mistral_table,mistral_table,no
857,"PROD. ALIMENTÍCIOS, BEBIDAS E FUMO",3 094,6 636,1 505,618 801,7 801 468,7 765 454,2 555,2 671,7 250,2 789,60 761 400,740 248 295,795 076 985,80,81,mistral_table,mistral_table,no
858,"PROD. FARMACÊUTICOS, ODONT. E VETER",356,2 464,1 864,301 813,3 568 232,3 548 923,390,530,2 895,2 153,39 785 823,292 139 447,288 881 017,80,81,mistral_table,mistral_table,no
859,"TECIDOS, VESTUÁRIO E ARMARINHO",1 380,10 788,7 920,420 310,14 921 759,14 859 370,1 103,1 481,13 841,10 763,142 254 709,1 424 162 171,1 407 524 959,80,81,mistral_table,mistral_table,no
860,MAG. E APARELHOS ELETR. USO DOMEST,370,4 993,3 302,715 271,10 837 165,10 748 852,377,428,5 312,2 834,66 745 373,631 736 071,594 744 352,80,81,mistral_table,mistral_table,no
861,"FERRAGENS, MAT. ELETR. E ELECTRONICO",515,4 491,2 549,745 597,12 404 246,12 203 864,588,670,5 269,3 125,66 345 438,879 127 142,869 263 375,80,81,mistral_table,mistral_table,no
862,"VEICULOS NOVOS E USADOS, PECAS",577,4 175,1 586,615 460,992 714,992 635,434,497,5 195,2 731,89 415 754,1 599 092 876,1 542 164 406,80,81,mistral_table,mistral_table,no
863,MAG. E EQUIP. DE USO INDUSTRIAL,174,1 971,1 085,531 160,6 580 543,6 287 464,167,186,1 782,1 013,30 500 125,409 803 095,385 128 567,80,81,mistral_table,mistral_table,no
864,COMBUSTÍVEIS E LUBRIFICANTES,243,2 199,1 518,282 651,9 325 468,9 163 944,198,237,2 579,2 054,29 034 705,669 515 254,675 367 928,80,81,mistral_table,mistral_table,no
865,"PAPELARIAS, LIVRARIAS",259,1 631,896,227 459,2 097 221,2 085 292,222,254,1 384,880,15 797 522,160 805 363,158 747 962,80,81,mistral_table,mistral_table,no
866,MERC. EM GERAL - INC. ALIMENTÍCIOS,188,7 516,6 714,764 163,16 860 265,16 847 683,73,174,12 873,10 897,109 843 138,1 893 125 497,1 889 216 435,80,81,mistral_table,mistral_table,no
867,MERC. EM GERAL - EXC. ALIMENTÍCIOS,47,3 288,2 791,385 314,6 554 940,6 540 446,716,60,5 655,4 573,57 391 107,718 534 439,715 316 818,80,81,mistral_table,mistral_table,no
868,ARTIGOS DIVERSOS,639,3 218,1 831,489 520,5 193 062,5 054 052,666,798,4 036,2 517,53 113 590,428 344 333,420 896 938,80,81,mistral_table,mistral_table,no
869,ARTIGOS USADOS... .ceccrcerererererscocass,88,191,55,18 661,103 690,101 222,81,82,249,107,2 429 925,17 515 029,17 369 332,82,83,tesseract_por_review,mistral_table,no
870,COMERCIO ATACADISTA,1 004,14 905,7 918,3 008 669,91 099 588,89 346 895,844,1 000,15 336,8 810,283 999 990,6 646 257 526,6 574 866 504,82,83,mistral_table,mistral_table,no
871,PRODUTOS EXTRATIVOS E AGROPECUARIOS,32,402,197,105 573,14 789 005,13 832 589,37,43,558,205,13 970 037,751 863 914,747 316 365,82,83,mistral_table,mistral_table,no
872,"PROD. ALIMENTICIOS, BEBIDAS E FUMO",322,3 371,1 771,522 503,18 545 317,18 259 672,216,255,3 545,2 090,47 927 193,1 631 794 372,1 619 753 417,82,83,mistral_table,mistral_table,no
873,"PROD. FARMACÑICOS, ODONT. E VETER",111,2 275,1 309,504 932,8 522 291,8 452 041,111,125,2 375,1 555,45 193 103,787 275 473,771 975 581,82,83,mistral_table,mistral_table,no
874,"TECIDOS, VESTUARIO E ARRARINHO",98,1 088,630,213 327,5 125 912,5 111 068,75,88,1 249,763,17 681 433,514 491 928,508 780 598,82,83,mistral_table,mistral_table,no
875,MAQ. E APARELHOS ELETR. USO DOMEST,17,160,97,29 116,389 864,364 290,14,16,345,221,7 309 346,69 246 367,67 264 808,82,83,mistral_table,mistral_table,no
876,"FERRADES, MAT. ELETR. E ELECTRONICO",149,2 834,1 328,663 432,14 817 551,14 622 075,114,142,2 820,1 373,62 360 041,1 033 457 591,1 023 400 415,82,83,mistral_table,mistral_table,no
877,"VEICULOS NOVOS E USADOS, PECAS",58,1 022,528,247 354,4 999 729,4 917 145,50,61,1 133,678,20 770 460,365 202 284,363 349 996,82,83,mistral_table,mistral_table,no
878,MAQ. E EQUIP. DE USO INDUSTRIAL,55,744,345,216 437,3 854 080,3 765 617,63,72,1 094,482,29 056 532,470 997 449,457 425 367,82,83,mistral_table,mistral_table,no
879,COMBUSTIVEIS E LUBRIFICANTES,13,273,104,94 550,8 863 977,8 859 113,9,12,156,89,5 084 932,110 610 712,109 996 026,82,83,mistral_table,mistral_table,no
880,"PAPELARIAS, LIVRARIAS",52,653,350,134 927,2 640 494,2 614 039,46,58,606,380,12 880 461,231 739 918,230 177 452,82,83,mistral_table,mistral_table,no
881,MERC. EM GERAL - INC. ALIMENTICIOS,8,888,790,129 792,5 938 982,5 930 545,1,4,312,299,5 958 671,251 660 761,251 649 695,82,83,mistral_table,mistral_table,no
882,MERC. EM GERAL - EXC. ALIMENTICIOS,6,90,58,14 983,199 851,199 409,1,3,53,49,1 296 694,100 171 875,99 781 431,82,83,mistral_table,mistral_table,no
883,ARTIGOS DIVERSOS,56,516,284,111 300,1 704 111,1 681 936,70,80,754,429,11 871 487,237 100 180,233 670 985,82,83,mistral_table,mistral_table,no
884,ARTIGOS USADOS,27,190,127,20 443,708 424,707 376,38,40,336,197,2 639 600,70 644 702,70 332 396,82,83,mistral_table,mistral_table,no
885,ALVORADA,459,1 345,497,93 030,1 743 930,1 736 041,452,493,1 667,782,11 235 932,185 944 312,164 236 815,82,83,mistral_table,mistral_table,no
886,COMERCIO VAREJISTA,441,1 174,379,77 492,1 407 052,1 399 912,439,477,1 543,730,10 147 876,144 922 360,143 228 946,82,83,mistral_table,mistral_table,no
887,"PROD. ALIMENTICIOS, BEBIDAS E FUMO",330,611,20,28 529,296 738,295 197,304,312,632,97,3 605 694,33 532 470,33 525 481,82,83,mistral_table,mistral_table,no
888,COMBUSTIVEIS E LUBRIFICANTES,5,52,40,6 760,316 125,311 519,5,5,53,40,449 717,17 367 455,16 999 763,82,83,mistral_table,mistral_table,no
889,MERC. EM GERAL - INC. ALIMENTICIOS,18,199,161,14 068,468 628,468 627,7,13,284,263,1 791 599,47 212 313,47 212 107,82,83,mistral_table,mistral_table,no
890,DEMAIS GENEROS,88,312,158,28 135,325 561,324 589,123,147,574,330,4 300 866,46 610 122,45 491 595,82,83,mistral_table,mistral_table,no
891,COMERCIO ATACADISTA,18,171,118,15 538,336 878,336 129,13,16,124,52,1 088 056,21 021 952,21 007 869,82,83,mistral_table,mistral_table,no
892,BAGE,966,4 317,2 305,386 056,8 504 107,8 446 249,880,995,4 839,2 788,39 994 403,807 981 368,800 621 597,82,83,mistral_table,mistral_table,no
893,COMERCIO VAREJISTA,915,3 675,1 943,301 709,5 940 137,5 890 568,844,949,4 241,2 424,33 293 688,550 448 579,543 553 741,82,83,mistral_table,mistral_table,no
894,"PROD. ALIMENTICIOS, BEBIDAS E FUMO",541,928,138,44 103,841 586,834 257,492,510,944,245,5 394 629,94 612 124,94 323 397,82,83,mistral_table,mistral_table,no
895,"VEICULOS NOVOS E USADOS, PECAS",35,237,133,27 576,678 704,676 286,46,52,414,276,4 196 618,69 721 086,67 426 094,82,83,mistral_table,mistral_table,no
896,COMBUSTIVEIS E LUBRIFICANTES,21,156,128,12 750,656 230,653 805,20,28,232,179,2 005 807,88 206 780,85 037 106,82,83,mistral_table,mistral_table,no
897,DEMAIS GENEROS,316,2 354,1 544,217 280,3 762 617,3 726 220,286,358,2 651,1 724,21 696 634,299 906 589,296 767 144,82,83,mistral_table,mistral_table,no
898,COMERCIO ATACADISTA,41,459,361,45 530,2 563 970,2 555 881,36,43,439,362,4 031 981,257 532 789,257 067 856,82,83,mistral_table,mistral_table,no
899,CANOAS,1 551,7 653,4 229,874 215,38 331 310,38 157 820,1 530,1 671,9 690,6 075,94 320 335,3 401 641 338,3 383 263 752,82,83,mistral_table,mistral_table,no
900,COMERCIO VAREJISTA,1 444,6 340,3 451,643 528,11 713 530,11 619 585,1 422,1 548,7 991,4 940,69 873 049,1 263 155 042,1 253 102 435,82,83,mistral_table,mistral_table,no
901,"VEICULOS NOVOS E USADOS, PECAS",53,489,219,89 283,2 298 546,2 284 652,108,112,888,472,12 870 731,319 937 500,313 792 661,82,83,mistral_table,mistral_table,no
902,COMBUSTIVEIS E LUBRIFICANTES,38,417,264,62 561,2 064 459,2 024 751,33,39,908,646,12 286 063,283 758 131,283 032 749,82,83,mistral_table,mistral_table,no
903,MERC. EM GERAL - INC. ALIMENTICIOS,41,1 266,1 193,102 347,2 436 904,2 436 879,17,32,1 483,426,9 816 207,257 528 377,257 070 279,82,83,mistral_table,mistral_table,no
904,DEMAIS GENEROS,1 312,4 171,1 775,389 337,4 912 621,4 873 303,1 264,1 365,4 712,2 396,34 900 048,401 931 034,399 236 746,82,83,mistral_table,mistral_table,no
905,COMERCIO ATACADISTA,103,1 247,773,213 155,26 617 780,26 538 235,108,119,1 553,1 135,20 890 874,2 138 486 296,2 130 161 317,82,83,mistral_table,mistral_table,no
906,CAXIAS DO SUL,1 502,9 349,5 282,1 283 770,22 022 473,21 736 443,1 644,1 855,11 656,7 304,133 998 845,2 118 534 785,2 076 717 581,82,83,mistral_table,mistral_table,no
907,COMERCIO VAREJISTA,1 363,7 928,4 634,1 010 999,17 095 531,16 885 285,1 480,1 665,9 899,6 280,109 123 678,1 516 499 411,1 580 156 433,82,83,mistral_table,mistral_table,no
908,"TECIDOS, VESTUARIO E ARMARINHO",185,1 762,1 388,226 832,2 340 307,2 337 781,228,272,2 060,1 587,21 128 987,234 840 432,234 520 875,82,83,mistral_table,mistral_table,no
909,"FERRADES, MAT. ELETR. E ELECTRONICO",60,1 026,393,152 869,2 789 816,2 759 823,106,114,925,506,10 587 028,162 091 909,159 317 461,82,83,mistral_table,mistral_table,no
910,"VEICULOS NOVOS E USADOS, PECAS",74,793,316,142 502,3 010 358,2 919 267,103,116,1 281,644,22 046 385,394 918 251,374 777 022,82,83,mistral_table,mistral_table,no
911,DEMAIS GENEROS,1 024,4 347,2 537,488 798,8 955 050,8 888 614,1 043,1 163,5 633,3 543,55 361 278,824 648 822,811 541 075,82,83,mistral_table,mistral_table,no
912,COMERCIO ATACADISTA,126,1 324,638,253 386,4 926 942,4 851 158,164,185,1 662,1 013,22 071 196,501 913 163,496 561 148,82,83,mistral_table,mistral_table,no
913,GRAVATAI,664,2 015,787,158 470,2 694 608,2 670 771,750,798,2 850,1 554,19 539 860,312 805 217,311 253 086,82,83,mistral_table,mistral_table,no
914,COMERCIO VAREJISTA,644,1 923,737,149 630,2 423 372,2 399 555,735,780,2 726,1 470,18 365 080,294 999 742,293 792 737,82,83,mistral_table,mistral_table,no
915,"PROD. ALIMENTICIOS, BEBIDAS E FUMO",396,747,50,35 066,449 142,446 900,425,437,840,164,4 613 669,67 221 144,67 056 838,82,83,mistral_table,mistral_table,no
916,COMBUSTIVEIS E LUBRIFICANTES,14,62,42,6 712,346 888,345 504,14,14,102,75,1 032 931,36 284 833,36 046 361,82,83,mistral_table,mistral_table,no
917,MERC. EM GERAL - INC. ALIMENTICIOS,23,290,249,21 396,590 068,590 067,7,12,491,477,3 113 890,81 214 137,81 214 137,82,83,mistral_table,mistral_table,no
918,DEMAIS GENEROS,211,824,396,86 456,1 037 274,1 017 084,289,317,1 293,754,9 604 600,110 279 628,109 475 401,82,83,mistral_table,mistral_table,no
919,COMERCIO ATACADISTA,19,91,50,8 677,271 236,271 216,15,17,109,82,938 745,17 805 475,17 460 349,82,83,mistral_table,mistral_table,no
920,NOVO HAMBURGO,1 107,5 984,3 571,777 733,15 821 852,15 447 191,1 210,1 410,8 958,5 719,99 450 044,1 871 118 218,1 670 532 405,82,83,mistral_table,mistral_table,no
921,COMERCIO VAREJISTA,1 005,4 941,3 166,573 415,10 648 461,10 536 977,1 090,1 246,7 434,4 923,74 818 510,1 139 018 828,1 120 660 741,82,83,mistral_table,mistral_table,no
922,"TECIDOS, VESTUARIO E ARMARINHO",206,1 035,694,122 319,1 500 597,1 481 083,251,301,1 490,945,13 763 667,134 807 960,134 244 695,82,83,mistral_table,mistral_table,no
923,"VEICULOS NOVOS E USADOS, PECAS",36,272,208,57 235,2 043 930,2 038 606,58,64,630,402,11 349 119,214 807 514,209 980 538,82,83,mistral_table,mistral_table,no
924,MERC. EM GERAL - INC. ALIMENTICIOS,41,823,771,52 308,1 336 807,1 325 371,23,34,1 202,1 141,7 220 757,172 414 107,172 249 249,82,83,mistral_table,mistral_table,no
925,DEMAIS GENEROS,722,2 811,1 493,341 553,5 767 127,5 691 917,760,847,4 112,2 435,42 484 967,616 989 247,604 186 269,82,83,mistral_table,mistral_table,no
926,COMERCIO ATACADISTA,76,678,399,124 771,4 973 391,4 910 214,120,141,1 230,789,19 037 933,731 978 646,549 871 664,82,83,mistral_table,mistral_table,no
927,PASSO FUNDO,873,5 965,3 371,867 034,12 912 501,12 683 414,898,1 039,7 481,4 800,73 920 484,2 082 294 554,2 083 218 087,82,83,mistral_table,mistral_table,no
928,COMERCIO VAREJISTA,777,4 546,2 983,491 464,9 558 305,9 362 764,818,933,5 930,3 973,51 524 124,958 370 602,944 625 443,82,83,mistral_table,mistral_table,no
929,"PROD. FARMACÑICOS, ODONT. E VETER",48,318,211,59 589,1 177 570,1 125 235,48,59,268,164,2 814 492,148 079 992,147 385 104,82,83,mistral_table,mistral_table,no
930,"VEICULOS NOVOS E USADOS, PECAS",39,271,176,43 451,1 374 495,1 363 393,71,78,739,411,8 204 559,164 725 283,157 388 672,82,83,mistral_table,mistral_table,no
931,MERC. EM GERAL - INC. ALIMENTICIOS,27,770,698,59 068,1 572 610,1 572 610,9,25,980,835,6 299 371,150 723 861,150 713 403,82,83,mistral_table,mistral_table,no
932,DEMAIS GENEROS,663,3 187,1 898,329 356,5 433 717,5 301 526,690,771,3 943,2 563,34 205 702,494 841 366,489 142 263,82,83,mistral_table,mistral_table,no
933,COMERCIO ATACADISTA,77,628,388,84 141,3 354 196,3 320 650,80,98,1 090,800,13 530 760,1 123 757 393,1 118 588 644,82,83,mistral_table,mistral_table,no
934,PELOTAS,1 898,10 694,5 582,1 247 335,20 627 954,20 426 523,1 955,2 206,13 241,8 138,123 969 101,2 003 356 151,1 969 402 875,82,83,mistral_table,mistral_table,no
935,COMERCIO VAREJISTA,,,,,,,,,,,,,,84,85,mistral_markdown_partial,missing,yes
936,VEICULOS NOVOS,,,,,,,,,,,,,,84,85,mistral_markdown_partial,missing,yes
937,COMBUSTÍVEIS,,,,,,,,,,,,,,84,85,mistral_markdown_partial,missing,yes
938,MERC. EM GERAL,,,,,,,,,,,,,,84,85,mistral_markdown_partial,missing,yes
939,DEMAIS GÉNEROS,,,,,,,,,,,,,,84,85,mistral_markdown_partial,pdf_text_layout_partial,yes
940,COMERCIO ATACADISTA,,,,,,,,,,,,,,84,85,mistral_markdown_partial,missing,yes
941,RIO GRANDE,,,,,,,,,,,,,,84,85,mistral_markdown_partial,missing,yes
942,COMERCIO VAREJISTA,,,,,,,,,,,,,,84,85,mistral_markdown_partial,missing,yes
943,VEICULOS NOVOS,,,,,,,,,,,,,,84,85,mistral_markdown_partial,missing,yes
944,COMBUSTÍVEIS,,,,,,,,,,,,,,84,85,mistral_markdown_partial,missing,yes
945,MERC. EM GERAL,,,,,,,,,,,,,,84,85,mistral_markdown_partial,missing,yes
946,DEMAIS GÉNEROS,,,,,,,,,,,,,,84,85,mistral_markdown_partial,missing,yes
947,COMERCIO ATACADISTA,386 192,73 617,8,543 329,8,536 240,,,,,,,,84,85,tesseract_por_review,missing,yes
948,SANTA CRUZ DO SUL,,,,,,,,,,,,,,84,85,mistral_markdown_partial,missing,yes
949,COMERCIO VAREJISTA,,,,,,,,,,,,,,84,85,mistral_markdown_partial,missing,yes
950,"FERRAGENS, MAT. ELETR",,,,,,,,,,,,,,84,85,mistral_markdown_partial,missing,yes
951,VEICULOS NOVOS,,,,,,,33,39,•52,2H,6 136 35S,11•0128&9,110 110 604,84,85,mistral_markdown_partial,pdf_text_layout,yes
952,NERC . EN GERAL - INC. ALIMENTICJOS,29,335,UI,2t 5'2,. .2 139,131 601,,,,,,,,84,85,pdf_text_layout,missing,yes
953,D(MA IS Q(N[ROS,501,2 121,1 011,212 3U,2 HS Ot7,2 132 IH,,,,,,,,84,85,pdf_text_layout,missing,yes
954,COMERCIO ATACADISTA,,,,,,,,,,,,,,84,85,mistral_markdown_partial,missing,yes
955,SANTA MARIA,,,,,,,,,,,,,,84,85,mistral_markdown_partial,missing,yes
956,COMERCIO VAREJISTA,,,,,,,,,,,,,,84,85,mistral_markdown_partial,pdf_text_layout_partial,yes
957,"PROD. ALIMENTÍCIOS, BEBIDAS",,,,,,,727 754,1 ...,•o,7 llS 705,131 211,29 •,130 316 31',84,85,mistral_markdown_partial,pdf_text_layout,yes
958,"TECIDOS, VESTUÁRIO",,,,,,,,,,,,,,84,85,mistral_markdown_partial,missing,yes
959,VEICULOS NOVOS,,,,,,,,,,,,,,84,85,mistral_markdown_partial,missing,yes
960,DEMAIS GÉNEROS,,,,,,,367,151,3 017,•2 877 356,H3 917,711,671 911 os,84,85,mistral_markdown_partial,pdf_text_layout,yes
961,COMERCIO ATACADISTA,,,,,,,,,,,,,,84,85,mistral_markdown_partial,missing,yes
962,SANTO ANGELO,,,,,,,,,,,,,,84,85,mistral_markdown_partial,pdf_text_layout_partial,yes
963,COMERCIO VAREJISTA,,,,,,,521 616,3 364,2 141,27 772 97',39• 90• 01,31•,601 129,84,85,mistral_markdown_partial,pdf_text_layout,yes
964,"TECIDOS, VESTUÁRIO",,,,,,,,,,,,,,84,85,mistral_markdown_partial,missing,yes
965,VEICULOS NOVOS,,,,,,,,,,,,,,84,85,mistral_markdown_partial,missing,yes
966,COMBUSTÍVEIS,,,,,,,,,,,,,,84,85,mistral_markdown_partial,missing,yes
967,DEMAIS GÉNEROS,,,,,,,359,416,2 196,312,1 6 053 93 7,210 71 3 317 205,317 ou,84,85,mistral_markdown_partial,pdf_text_layout,yes
968,COMERCIO ATACADISTA,,,,,,,,,,,,,,84,85,mistral_markdown_partial,missing,yes
969,SÃO LEOPOLDO,,,,,,,133,IH,UI,3 3 42,50 55S 91•,. .6 362 306,136 161 729,84,85,mistral_markdown_partial,pdf_text_layout,yes
970,COMERCIO VAREJISTA,,,,,,,777,ns,461,2 121,•o u1 ss•,632 93• t55,626 00 371,84,85,mistral_markdown_partial,pdf_text_layout,yes
971,"TECIDOS, VESTUÁRIO",,,,,,,S3,56,.. 1,317,5 922 399,10• 857 129,99 162 152,84,85,mistral_markdown_partial,pdf_text_layout,yes
972,VEICULOS NOVOS,,,,,,,,,,,,,,84,85,mistral_markdown_partial,missing,yes
973,MERC. EM GERAL,,,,,,,,,,,,,,84,85,mistral_markdown_partial,missing,yes
974,DEMAIS GÉNEROS,,,,,,,,,,,,,,84,85,mistral_markdown_partial,missing,yes
975,COMERCIO ATACADISTA,,,,,,,S&,'3,SS2,•u,6 109 896,213 07 3SI,210 815 3SI,84,85,mistral_markdown_partial,pdf_text_layout,yes
976,URUGUAIANA,,,,,,,,,,,,,,84,85,mistral_markdown_partial,pdf_text_layout_partial,yes
977,COMERCIO VAREJISTA,,,,,,,93•,02•,• su,2 829,•3 217 292,6to 226 293,676 130 312,84,85,mistral_markdown_partial,pdf_text_layout,yes
978,VEICULOS NOVOS,,,,,,,,,,,,,,84,85,mistral_markdown_partial,missing,yes
979,COMBUSTÍVEIS,,,,,,,10,12,118,IA S,1 879 360,. . 120 us,13 593 . . .,84,85,mistral_markdown_partial,pdf_text_layout,yes
980,MERC. EM GERAL,,,,,,,,,,,,,,84,85,mistral_markdown_partial,missing,yes
981,DEMAIS GÉNEROS,196,s2,19,08 512,«z0,512 048,,,,,,,,84,85,tesseract_por_review,missing,yes
982,COMERCIO ATACADISTA,,,,,,,,,,,,,,84,85,mistral_markdown_partial,missing,yes
983,VIAMÃO,,,,,,,,,,,,,,84,85,mistral_markdown_partial,missing,yes
984,COMERCIO VAREJISTA,,,,,,,,,,,,,,84,85,mistral_markdown_partial,missing,yes
985,"PROD. ALIMENTÍCIOS, BEBIDAS",,,,,,,,,,,,,,84,85,mistral_markdown_partial,missing,yes
986,COMBUSTÍVEIS,,,,,,,,,,,,,,84,85,mistral_markdown_partial,missing,yes
987,MERC. EM GERAL,,,,,,,,,,,,,,84,85,mistral_markdown_partial,missing,yes
988,DEMAIS GÉNEROS,138,532,237,54 328,687 225,680 527,,,,,,,,84,85,mistral_markdown,missing,yes
989,COMERCIO ATACADISTA,15,105,55,13 048,228 983,228 707,,,,,,,,84,85,mistral_markdown,missing,yes
990,AGUDO,96,289,91,27 560,548 216,542 023,,,,,,,,84,85,mistral_markdown,missing,yes
991,AJURICABA,50,198,62,19 809,512 420,512 048,,,,,,,,84,85,mistral_markdown,pdf_text_layout_partial,yes
992,ALECRIM,49,151,30,10 008,275 095,271 558,,,,,,,,84,85,mistral_markdown,pdf_text_layout_partial,yes
993,ALEGRETE,,,,,,,,,,,,,,84,85,mistral_markdown_partial,pdf_text_layout_partial,yes
994,ALPESTRE,61,156,42,8 136,246 757,244 347,,,,,,,,84,85,mistral_markdown,missing,yes
995,ANTA GORDA,36,124,28,8 989,208 379,196 009,,,,,,,,84,85,mistral_markdown,missing,yes
996,ANTONIO PRADO,77,254,108,24 998,531 437,528 267,99,106,294,138,2 402 985,52 889 806,51 943 073,86,87,mistral_table,mistral_table,no
997,ARATIBA,54,176,56,12 060,228 414,226 691,41,45,202,110,1 395 959,22 353 628,21 616 735,86,87,mistral_table,mistral_table,no
998,ARROIO DO MEIO,106,366,138,30 076,651 535,643 766,119,134,426,184,2 720 040,48 083 957,47 339 020,86,87,mistral_table,mistral_table,no
999,ARROIO DOS RATOS,72,201,69,13 317,329 956,328 226,85,92,301,118,1 614 137,32 846 585,32 676 269,86,87,mistral_table,mistral_table,no
1000,ARROIO DO TIGRE,100,315,76,22 959,484 057,477 271,85,94,389,228,2 827 663,69 536 325,68 831 176,86,87,mistral_table,mistral_table,no
1001,ARROIO GRANDE,195,502,182,35 312,639 165,633 506,202,222,603,278,4 015 401,94 946 198,94 322 756,86,87,mistral_table,mistral_table,no
1002,ARVOREZINHA,87,254,63,18 434,351 439,345 418,87,94,284,68,1 600 784,37 078 417,36 792 266,86,87,mistral_table,mistral_table,no
1003,AUGUSTO PESTANA,51,219,74,19 445,384 817,383 280,55,64,265,128,2 204 647,67 528 125,66 938 598,86,87,mistral_table,mistral_table,no
1004,BARÃO DE COTEGIPE,24,57,9,3 655,62 766,62 526,34,35,96,25,368 796,8 353 443,8 090 713,86,87,mistral_table,mistral_table,no
1005,BARRACÃO,35,83,24,3 853,200 954,200 953,22,25,74,27,434 567,14 416 566,14 375 388,86,87,mistral_table,mistral_table,no
1006,BARRA DO RIBEIRO,89,225,71,14 864,276 404,275 650,78,81,250,118,2 556 070,23 444 761,23 346 536,86,87,mistral_table,mistral_table,no
1007,BARROS CASSAL,60,118,27,7 950,186 761,186 017,69,73,148,57,1 067 418,17 275 322,17 216 518,86,87,mistral_table,mistral_table,no
1008,BENTO GONÇALVES,431,2 211,1 294,275 113,4 274 278,4 201 688,497,555,2 608,1 528,22 245 608,369 346 338,364 971 876,86,87,mistral_table,mistral_table,no
1009,BOA VISTA DO BURICA,47,194,91,16 898,466 510,458 607,45,56,290,147,2 064 290,58 726 278,57 979 416,86,87,mistral_table,mistral_table,no
1010,BOM JESUS,108,334,141,24 204,444 326,441 975,99,106,378,166,2 135 749,33 244 883,33 027 057,86,87,mistral_table,mistral_table,no
1011,BOM PRINCIPIO,-,-,-,-,-,-,59,65,173,56,1 260 366,17 338 939,17 134 397,86,87,mistral_table,mistral_table,no
1012,BOM RETIRO DO SUL,72,209,80,19 589,278 726,278 148,79,84,252,105,1 364 287,29 784 400,29 563 814,86,87,mistral_table,mistral_table,no
1013,BOSSOROCA,66,146,58,9 424,482 808,477 133,64,72,265,160,2 052 176,74 011 068,73 969 842,86,87,mistral_table,mistral_table,no
1014,BRAGA,18,56,14,5 742,168 894,168 322,27,30,88,43,1 170 794,29 832 298,29 173 520,86,87,mistral_table,mistral_table,no
1015,BUTIA,170,418,179,33 190,708 021,706 755,175,200,535,292,3 227 596,88 482 785,88 331 080,86,87,mistral_table,mistral_table,no
1016,CAÇAPAVA DO SUL,270,898,352,70 527,1 220 484,1 207 653,262,295,1 106,620,8 304 127,137 936 023,133 275 688,86,87,mistral_table,mistral_table,no
1017,CACEQUI,122,337,104,24 958,417 391,416 716,122,137,430,182,2 557 813,37 405 445,36 640 549,86,87,mistral_table,mistral_table,no
1018,CACHOEIRA DO SUL,741,3 212,1 536,346 407,5 920 914,5 858 415,669,772,3 626,1 946,35 052 188,569 422 332,557 617 710,86,87,mistral_table,mistral_table,no
1019,CACHOEIRINHA,454,1 527,721,133 209,2 362 849,2 351 385,486,530,2 471,1 429,20 188 890,432 120 251,430 540 739,86,87,mistral_table,mistral_table,no
1020,CACIQUE DOBLE,30,63,6,2 663,35 536,35 533,31,32,76,12,300 950,14 107 923,14 107 923,86,87,mistral_table,mistral_table,no
1021,CAIBATE,51,159,74,13 978,416 218,398 420,53,61,216,120,1 711 326,44 608 986,44 035 217,86,87,mistral_table,mistral_table,no
1022,CAIÇARA,33,92,23,4 622,90 958,88 014,33,36,102,39,414 191,7 633 011,7 550 798,86,87,mistral_table,mistral_table,no
1023,CAMAGUÃ,509,1 812,820,172 711,3 188 632,3 154 105,545,595,2 367,1 232,19 154 064,360 585 681,348 460 364,86,87,mistral_table,mistral_table,no
1024,CAMBARA DO SUL,35,98,50,9 248,160 251,160 008,35,40,127,69,829 474,25 654 024,25 654 024,86,87,mistral_table,mistral_table,no
1025,CAMPINA DAS MISSÕES,37,140,40,10 703,263 480,256 410,44,50,174,48,1 690 619,25 153 925,24 444 904,86,87,mistral_table,mistral_table,no
1026,CAMPINAS DO SUL,59,185,52,12 570,458 126,450 172,53,66,248,136,1 673 944,86 068 725,85 161 333,86,87,mistral_table,mistral_table,no
1027,CAMPO BOM,243,936,505,107 474,1 514 162,1 493 073,356,396,1 279,701,12 141 654,167 738 357,165 124 534,86,87,mistral_table,mistral_table,no
1028,CAMPO NOVO,60,346,103,44 634,1 312 763,1 301 734,50,65,417,323,3 778 022,100 591 740,95 286 875,86,87,mistral_table,mistral_table,no
1029,CANDELARIA,226,664,231,45 384,848 859,827 201,217,247,798,402,5 698 262,110 703 479,109 250 111,86,87,mistral_table,mistral_table,no
1030,CANDIDO GODOI,42,170,52,12 188,223 576,222 587,41,50,200,74,1 374 694,33 782 458,33 249 064,86,87,mistral_table,mistral_table,no
1031,CANELA,142,498,258,54 128,978 620,974 672,191,220,748,427,5 394 649,96 066 836,95 346 165,86,87,mistral_table,mistral_table,no
1032,CANOUÇU,445,1 044,271,53 007,1 037 661,1 036 410,372,395,1 085,443,5 504 847,100 219 445,100 093 969,86,87,mistral_table,mistral_table,no
1033,CAPÃO DA CANOA,-,-,-,-,-,-,218,273,1 140,769,5 124 782,99 845 412,99 333 545,86,87,mistral_table,mistral_table,no
1034,CAPÃO DO LEÃO,-,-,-,-,-,-,83,85,156,34,1 060 359,8 601 143,8 496 963,86,87,mistral_table,mistral_table,no
1035,CARAZINHO,384,2 644,1 628,354 518,9 291 567,9 200 856,379,490,3 831,2 531,38 052 092,923 457 416,899 258 676,86,87,mistral_table,mistral_table,no
1036,CARLOS BARBOSA,103,281,113,26 631,439 069,433 644,133,143,448,231,3 045 992,51 708 068,50 913 818,86,87,mistral_table,mistral_table,no
1037,CASCA,73,240,88,19 461,416 149,414 051,73,84,274,117,1 991 672,37 333 924,37 155 039,86,87,mistral_table,mistral_table,no
1038,CATUIPE,100,364,134,28 262,903 276,879 698,85,100,391,179,3 109 731,108 162 993,104 669 554,86,87,mistral_table,mistral_table,no
1039,CERRO LARGO,124,784,486,104 689,2 058 140,1 995 023,159,184,903,542,7 396 372,164 111 435,162 175 686,86,87,mistral_table,mistral_table,no
1040,CHAPADA,56,211,100,19 878,532 668,531 416,55,68,291,149,2 276 014,47 860 936,46 622 028,86,87,mistral_table,mistral_table,no
1041,CHARQUEADAS,,,,,,,143,160,527,339,2 485 635,60 669 235,60 528 425,88,89,mistral_table_partial,mistral_table,yes
1042,CHIAPETA,20,108,39,12,432,351 214,22,28,128,80,1 541 658,43 020 906,42 899 468,88,89,mistral_table,mistral_table,no
1043,CIRIACO,32,110,52,8,095,146 451,60,67,147,27,682 533,11 725 257,11 696 613,88,89,mistral_table,mistral_table,no
1044,COLORADO,33,133,61,11,776,488 816,35,43,161,88,1 122 292,59 322 906,57 681 643,88,89,mistral_table,mistral_table,no
1045,CONDOR,22,125,86,13,553,550 818,17,21,158,125,1 842 361,124 906 351,122 060 983,88,89,mistral_table,mistral_table,no
1046,CONSTANTINA,83,345,104,26,297,792 944,84,97,377,177,2 367 845,71 954 159,71 594 367,88,89,mistral_table,mistral_table,no
1047,CORONEL BICACO,61,234,71,21,661,437 060,58,70,285,159,2 512 076,80 475 070,77 776 969,88,89,mistral_table,mistral_table,no
1048,COTIPORA,107,426 175,41 299,922 117,s07,612,21,21,53,17,276 739,6 121 181,5 992 759,88,89,tesseract_por_review,mistral_table,no
1049,CRISSIUMAL,107,426,176,41,291,922 117,125,146,544,276,4 440 802,85 750 523,84 151 210,88,89,mistral_table,mistral_table,no
1050,CRUZ ALTA,547,2 770,1 403,347,626,12 575 003,523,601,3 317,2 086,28 678 107,953 910 640,931 942 991,88,89,mistral_table,mistral_table,no
1051,CRUZEIRO DO SUL,47,118,39,10,992,170 282,45,54,171,70,1 152 088,14 595 038,14 196 555,88,89,mistral_table,mistral_table,no
1052,DAVID CANABARRO,20,57,5,4,387,33 698,33,35,84,11,777 846,5 607 362,5 594 162,88,89,mistral_table,mistral_table,no
1053,DOIS IRMAOS,130,431,176,42,359,768 911,153,166,568,270,4 834 421,76 946 826,75 995 796,88,89,mistral_table,mistral_table,no
1054,DOM FELICIANO,100,192,14,7,801,112 042,80,87,182,28,608 138,13 327 497,13 283 598,88,89,mistral_table,mistral_table,no
1055,DOM PEDRITO,351,1 412,613,134,701,2 321 804,351,397,1 745,1 195,12 260 021,290 473 166,288 245 731,88,89,mistral_table,mistral_table,no
1056,DONA FRANCISCA,24,48,13,4,551,57 026,25,27,91,18,602 465,14 508 999,14 332 435,88,89,mistral_table,mistral_table,no
1057,ENCANTADO,126,590,293,56,026,1 063 750,162,188,765,403,6 228 694,102 392 771,100 714 263,88,89,mistral_table,mistral_table,no
1058,ENCRUZILHADA DO SUL,236,598,228,52,554,816 197,206,218,684,265,5 348 949,75 781 411,75 334 758,88,89,mistral_table,mistral_table,no
1059,ERECHIM,495,3 105,1 675,358,524,8 628 664,515,590,3 683,2 097,38 240 398,884 245 194,865 904 460,88,89,mistral_table,mistral_table,no
1060,HERVAL,85,149,33,7,355,132 629,80,86,158,52,1 165 599,13 459 745,13 421 805,88,89,mistral_table,mistral_table,no
1061,ERVAL GRANDE,38,113,20,5,851,208 634,45,48,135,25,466 679,12 872 198,12 812 292,88,89,mistral_table,mistral_table,no
1062,ERVAL SECO,57,177,60,9,369,256 822,65,79,225,45,1 564 032,27 048 793,25 306 716,88,89,mistral_table,mistral_table,no
1063,ESMERALDA,51,99,11,4,671,81 952,47,47,92,17,495 610,7 828 577,7 775 636,88,89,mistral_table,mistral_table,no
1064,ESPUMOSO,170,1 116,526,127,705,3 508 573,128,156,939,645,10 188 655,257 382 219,252 445 815,88,89,mistral_table,mistral_table,no
1065,ESTANCIA VELHA,81,256,132,26,655,460 800,134,151,518,264,4 587 443,76 541 316,76 219 065,88,89,mistral_table,mistral_table,no
1066,ESTEIO,434,1 732,873,186,946,14 930 160,418,474,2 380,1 291,21 168 110,1 980 940 216,1 968 230 496,88,89,mistral_table,mistral_table,no
1067,ESTRELA,247,1 295,757,133,720,2 546 713,185,226,1 172,702,10 097 276,161 903 047,157 958 911,88,89,mistral_table,mistral_table,no
1068,FARROUPILHA,182,840,346,99,690,1 362 809,238,278,1 490,747,14 087 144,155 576 988,152 863 111,88,89,mistral_table,mistral_table,no
1069,FAXINAL DO SOTURNO,95,265,80,22,755,471 916,89,100,320,149,2 342 667,51 437 006,51 041 436,88,89,mistral_table,mistral_table,no
1070,FELIZ,84,285,148,27,318,621 093,101,110,417,150,3 057 468,47 605 634,47 420 625,88,89,mistral_table,mistral_table,no
1071,FLORES DA CUNHA,65,205,106,24,237,491 565,107,116,343,166,2 616 563,48 577 169,47 858 624,88,89,mistral_table,mistral_table,no
1072,FONTOURA XAVIER,50,145,31,8,334,175 761,43,47,168,61,1 139 739,24 597 501,24 286 257,88,89,mistral_table,mistral_table,no
1073,FORMIGUEIRO,62,112,19,5,902,116 041,45,51,147,62,885 423,24 558 241,24 049 267,88,89,mistral_table,mistral_table,no
1074,FORTALEZA DOS VALOS,-,-,-,-,-,-,30,40,164,104,1 660 386,59 880 323,59 014 459,88,89,tesseract_por_review,mistral_table,no
1075,FREDERICO WESTPHALEN,198,1 056,572,98,052,2 871 214,222,260,1 327,863,9 220 460,188 545 199,183 868 697,88,89,mistral_table,mistral_table,no
1076,GARIBALDI,170,591,270,59,246,1 290 445,204,216,699,380,5 278 294,91 361 448,89 753 140,88,89,mistral_table,mistral_table,no
1077,GAURAMA,65,139,17,8,575,109 103,58,67,169,43,1 091 057,35 113 691,35 059 279,88,89,mistral_table,mistral_table,no
1078,GENERAL CAMARA,71,158,64,9,897,190 305,67,74,179,71,681 765,14 621 255,14 616 109,88,89,mistral_table,mistral_table,no
1079,GETULIO VARGAS,166,759,300,70,897,2 513 057,178,207,936,604,9 007 646,321 377 622,319 174 617,88,89,mistral_table,mistral_table,no
1080,GIRUA,174,883,388,88,984,2 569 439,175,211,965,592,8 050 775,190 551 033,186 434 305,88,89,mistral_table,mistral_table,no
1081,GRAMADO,166,528,295,62,211,1 086 945,167,227,773,456,6 325 572,86 858 531,86 576 127,88,89,mistral_table,mistral_table,no
1082,QUAIBA,415,1 267,472,119,152,2 386 150,468,507,1 882,998,14 709 485,278 459 407,274 980 190,88,89,mistral_table,mistral_table,no
1083,QUAPORE,170,587,244,51,760,985 717,190,214,753,344,4 742 417,84 136 905,83 160 855,88,89,mistral_table,mistral_table,no
1084,QUARANI DAS MISSÕES,81,250,79,19,185,519 551,74,84,272,133,1 826 434,60 877 882,59 774 566,88,89,mistral_table,mistral_table,no
1085,HORIZONTINA,224,800,382,93,941,1 828 276,173,205,971,464,9 953 234,246 099 254,243 645 263,88,89,mistral_table,mistral_table,no
1086,HUMAITA,56,207,77,19 884,500 974,496 226,61,76,292,140,2 038 562,83 513 052,81 700 617,90,91,mistral_table,mistral_table,no
1087,IBIAÇA,24,95,54,8 597,213 109,212 459,44,44,150,72,733 890,24 570 370,23 520 618,90,91,mistral_table,mistral_table,no
1088,IBIRAIARAS,44,186,68,14 758,399 860,394 291,42,46,202,82,2 353 342,48 663 413,48 463 371,90,91,mistral_table,mistral_table,no
1089,IBIRUBA,131,671,372,94 566,2 436 954,2 404 812,131,160,1 048,601,11 777 303,302 820 036,300 831 840,90,91,mistral_table,mistral_table,no
1090,IGREJINHA,76,272,146,29 175,684 882,682 943,103,129,566,258,5 045 092,72 455 938,70 981 893,90,91,mistral_table,mistral_table,no
1091,IJUI,512,3 646,1 953,485 773,13 102 424,12 949 288,562,662,4 295,2 697,46 169 997,1 121 323 442,1 106 293 050,90,91,mistral_table,mistral_table,no
1092,ILOPOLIS,16,47,16,3 161,85 967,83 303,22,23,69,18,325 645,6 206 758,5 672 502,90,91,mistral_table,mistral_table,no
1093,INDEPENDENCIA,38,167,78,17 529,660 305,652 239,29,35,137,74,1 310 145,56 618 790,55 308 509,90,91,mistral_table,mistral_table,no
1094,IRAI,76,198,87,15 394,321 454,318 140,85,91,275,120,1 353 209,23 252 222,22 010 796,90,91,mistral_table,mistral_table,no
1095,ITAQUI,220,1 125,496,112 555,2 740 316,2 729 047,240,274,1 431,840,14 491 919,279 885 307,269 124 401,90,91,mistral_table,mistral_table,no
1096,ITATIBA DO SUL,21,46,11,3 540,49 475,49 013,27,28,88,28,376 467,8 536 169,8 389 983,90,91,mistral_table,mistral_table,no
1097,IVOTI,65,317,164,36 265,833 186,822 673,83,91,560,287,6 942 591,149 961 585,145 968 468,90,91,mistral_table,mistral_table,no
1098,JACUTINGA,37,81,13,4 266,101 309,100 803,41,44,139,50,671 307,27 018 614,26 868 860,90,91,mistral_table,mistral_table,no
1099,JAGUARÃO,345,1 242,572,122 329,2 395 299,2 390 038,411,447,1 475,737,11 380 904,187 538 038,186 275 472,90,91,mistral_table,mistral_table,no
1100,JAGUARI,135,354,69,27 289,705 345,702 407,145,156,453,156,3 488 596,82 758 544,81 227 805,90,91,mistral_table,mistral_table,no
1101,JOIA,-,-,-,-,-,-,29,36,169,92,1 695 074,52 534 881,52 452 274,90,91,mistral_table,mistral_table,no
1102,JULIO DE CASTILHOS,181,606,213,63 423,1 543 397,1 507 079,167,201,782,390,7 375 199,172 326 291,168 888 364,90,91,mistral_table,mistral_table,no
1103,LAGOA VERMELHA,206,808,348,72 137,1 339 653,1 310 982,183,203,945,519,7 090 677,158 219 637,152 549 967,90,91,mistral_table,mistral_table,no
1104,LAJEADO,480,2 867,1 301,301 565,5 797 309,5 657 821,529,613,3 223,1 730,30 848 408,559 152 795,545 941 767,90,91,mistral_table,mistral_table,no
1105,LAVRAS DO SUL,92,212,66,13 604,196 072,194 327,73,77,191,75,1 345 606,19 904 660,19 788 561,90,91,mistral_table,mistral_table,no
1106,LIBERATO SALZANO,39,118,39,7 131,157 795,154 733,62,64,199,71,1 108 690,15 252 734,15 106 193,90,91,mistral_table,mistral_table,no
1107,MACHADINHO,37,77,16,5 812,67 957,67 801,41,42,125,60,570 325,16 371 251,16 371 251,90,91,mistral_table,mistral_table,no
1108,MARAU,149,732,387,68 929,1 643 756,1 627 112,200,226,874,483,7 677 080,252 363 822,226 875 395,90,91,mistral_table,mistral_table,no
1109,MARCELINO RAMOS,56,164,70,14 134,233 668,233 119,68,70,201,82,1 173 927,23 710 259,23 313 712,90,91,mistral_table,mistral_table,no
1110,MARIANO MORO,10,31,6,1 827,38 991,38 951,9,11,44,18,225 470,4 997 128,4 876 286,90,91,mistral_table,mistral_table,no
1111,MATA,65,132,17,4 442,56 307,55 449,54,56,145,32,1 102 143,11 797 856,11 420 972,90,91,mistral_table,mistral_table,no
1112,MAXIMILIANO DE ALMEIDA,36,113,27,7 366,242 919,239 903,36,37,125,64,1 104 266,23 473 718,23 086 287,90,91,mistral_table,mistral_table,no
1113,MIRAGUAI,33,80,25,4 620,76 944,76 520,37,44,109,33,969 904,9 690 403,9 679 713,90,91,mistral_table,mistral_table,no
1114,MONTENEGRO,437,1 689,787,191 513,4 090 697,4 061 607,414,479,2 136,1 247,19 231 321,386 987 712,380 037 584,90,91,mistral_table,mistral_table,no
1115,MOSTARDAS,133,353,31,16 991,302 868,302 434,97,99,225,50,1 306 234,18 274 613,18 119 151,90,91,mistral_table,mistral_table,no
1116,MUÇUM,67,174,61,12 310,188 317,185 384,48,54,149,62,884 764,15 360 983,14 915 156,90,91,mistral_table,mistral_table,no
1117,NÃO-ME-TOQUE,91,604,349,67 274,1 839 343,1 815 714,83,100,725,414,8 979 041,227 087 165,220 112 289,90,91,mistral_table,mistral_table,no
1118,NONOAI,108,365,120,25 891,860 386,839 815,129,144,508,252,2 881 102,123 169 972,121 704 341,90,91,mistral_table,mistral_table,no
1119,NOVA ARAÇA,19,36,9,2 597,45 404,45 122,19,20,33,12,172 500,4 765 251,4 757 399,90,91,mistral_table,mistral_table,no
1120,NOVA BASSANO,41,107,55,8 859,176 221,175 992,37,42,112,46,830 484,14 038 532,14 020 104,90,91,mistral_table,mistral_table,no
1121,NOVA BRESCIA,34,106,24,5 672,94 577,88 495,28,30,97,35,540 298,8 159 423,7 730 689,90,91,mistral_table,mistral_table,no
1122,NOVA PALMA,41,113,29,8 164,388 944,386 294,49,50,190,45,1 008 254,59 971 313,59 552 687,90,91,mistral_table,mistral_table,no
1123,NOVA PETROPOLIS,112,370,151,34 764,704 385,697 409,109,124,471,251,3 681 371,71 169 923,70 565 769,90,91,mistral_table,mistral_table,no
1124,NOVA PRATA,151,509,248,45 741,1 003 832,997 496,185,187,659,356,4 936 421,98 345 440,96 746 877,90,91,mistral_table,mistral_table,no
1125,OSORIO,703,2 318,1 084,166 924,3 507 132,3 488 451,413,451,1 736,926,11 882 640,260 046 438,257 088 230,90,91,mistral_table,mistral_table,no
1126,PAIM FILHO,56,131,25,8 808,296 974,295 787,67,74,246,94,1 257 852,39 517 545,39 435 245,90,91,mistral_table,mistral_table,no
1127,PALMARES DO SUL,-,-,-,-,-,-,93,105,302,138,2 450 746,58 812 004,57 702 334,90,91,mistral_table,mistral_table,no
1128,PALMEIRA DAS MISSÕES,356,1 603,832,163 141,5 936 821,5 868 075,478,534,2 134,1 282,22 543 253,332 337 932,310 038 672,90,91,mistral_table,mistral_table,no
1129,PALMITINHO,66,182,38,7 515,178 764,177 813,62,67,176,52,626 971,17 357 293,16 681 430,90,91,mistral_table,mistral_table,no
1130,PANAMBI,146,1 187,687,153 878,4 755 369,4 690 616,137,158,1 456,985,18 966 719,369 975 808,360 470 023,90,91,mistral_table,mistral_table,no
1131,PARAI,27,87,42,6 140,103 920,103 899,29,31,81,33,472 022,10 632 846,10 592 714,92,93,mistral_table,mistral_table,no
1132,PAROBE,-,-,-,-,-,-,84,93,230,96,1 558 267,29 068 913,29 050 857,92,93,mistral_table,mistral_table,no
1133,PEDRO OSORIO,130,338,121,20 487,295 988,294 952,119,127,299,144,2 052 568,31 046 260,31 042 724,92,93,mistral_table,mistral_table,no
1134,PEJUÇARA,18,107,56,10 703,385 127,381 917,17,27,97,57,768 235,21 921 767,21 560 695,92,93,mistral_table,mistral_table,no
1135,PINHEIRO MACHADO,161,418,110,24 311,402 472,397 614,166,182,497,167,2 289 021,40 066 434,40 028 018,92,93,mistral_table,mistral_table,no
1136,PIRATINI,142,308,108,22 042,392 454,382 514,124,131,329,130,1 967 769,40 664 996,40 635 204,92,93,mistral_table,mistral_table,no
1137,PLANALTO,103,339,142,25 971,631 120,627 804,93,103,391,169,2 344 344,57 075 595,56 036 088,92,93,mistral_table,mistral_table,no
1138,PORTÃO,72,189,79,18 150,331 777,330 860,107,113,381,195,2 996 893,47 809 566,47 102 436,92,93,mistral_table,mistral_table,no
1139,PORTO LUCENA,68,210,96,17 134,326 699,325 443,50,61,233,105,1 430 855,29 571 516,28 804 084,92,93,mistral_table,mistral_table,no
1140,PORTO XAVIER,98,424,243,41 958,915 475,911 734,87,101,352,171,2 493 796,32 222 247,31 977 838,92,93,mistral_table,mistral_table,no
1141,PUTINGA,39,105,17,5 661,98 678,97 862,34,38,107,27,623 018,7 427 974,7 296 571,92,93,mistral_table,mistral_table,no
1142,QUARAI,273,1 063,563,95 374,2 203 547,2 180 278,316,333,1 168,621,8 966 878,155 500 985,152 057 632,92,93,mistral_table,mistral_table,no
1143,REDENTORA,64,172,35,9 822,225 801,223 198,54,60,164,72,1 006 751,41 647 065,40 363 693,92,93,mistral_table,mistral_table,no
1144,RESTINGA SECA,106,260,76,15 140,441 459,439 251,124,142,326,127,1 918 951,43 093 296,42 745 001,92,93,mistral_table,mistral_table,no
1145,RIO PARDO,385,1 207,571,98 331,1 733 157,1 718 432,349,391,1 477,856,11 643 804,231 153 714,229 408 982,92,93,mistral_table,mistral_table,no
1146,ROCA SALES,66,197,80,15 121,274 861,271 226,66,73,192,75,1 301 184,17 645 610,17 606 202,92,93,mistral_table,mistral_table,no
1147,RODEIO BONITO,56,191,57,17 625,347 590,345 076,67,74,194,92,1 287 052,26 139 528,25 908 195,92,93,mistral_table,mistral_table,no
1148,ROLANTE,83,370,177,30 165,397 551,387 761,88,104,378,172,2 980 069,39 989 065,39 405 919,92,93,mistral_table,mistral_table,no
1149,RONDA ALTA,58,280,125,17 501,735 953,717 174,68,80,430,291,3 668 393,112 415 632,111 853 600,92,93,mistral_table,mistral_table,no
1150,RONDINHA,35,155,55,9 476,470 041,451 214,44,47,178,82,1 608 473,43 005 314,40 995 621,92,93,mistral_table,mistral_table,no
1151,ROQUE GONZALES,47,161,67,12 978,472 280,470 709,51,59,214,117,1 540 532,34 858 451,34 258 657,92,93,mistral_table,mistral_table,no
1152,ROSARIO DO SUL,275,1 063,530,98 769,1 821 084,1 797 484,249,286,1 105,681,8 744 623,140 114 120,138 244 725,92,93,mistral_table,mistral_table,no
1153,SALTO DO JACUI,-,-,-,-,-,-,67,77,243,115,2 060 334,56 797 303,56 627 630,92,93,mistral_table,mistral_table,no
1154,SALVADOR DO SUL,70,199,100,15 792,333 074,332 286,80,90,270,139,2 169 702,32 075 669,31 866 943,92,93,mistral_table,mistral_table,no
1155,SANANDUVA,92,371,210,35 318,901 047,874 246,120,137,492,236,3 597 815,111 485 612,108 505 212,92,93,mistral_table,mistral_table,no
1156,SANTA BARBARA DO SUL,74,449,218,45 773,1 942 328,1 931 335,84,109,558,357,5 527 496,130 841 021,127 356 649,92,93,mistral_table,mistral_table,no
1157,SANTANA DA BOA VISTA,66,115,16,3 616,85 300,84 664,58,63,141,17,1 074 730,10 627 494,10 594 414,92,93,mistral_table,mistral_table,no
1158,SANTANA DO LIVRAMENTO,702,4 299,2 632,396 371,8 977 716,8 930 216,735,847,4 480,3 065,39 415 920,549 691 222,540 747 884,92,93,mistral_table,mistral_table,no
1159,SANTA ROSA,384,2 564,1 428,332 258,8 079 730,7 944 919,347,406,3 452,2 311,38 945 891,815 405 697,743 800 995,92,93,mistral_table,mistral_table,no
1160,SANTA VITORIA DO PALMAR,375,1 256,639,113 278,3 438 573,3 434 281,485,562,1 425,676,13 632 103,273 396 016,271 704 326,92,93,mistral_table,mistral_table,no
1161,SANTIAGO,366,1 696,847,156 122,4 541 588,4 426 627,359,413,2 216,1 322,18 380 920,350 084 215,330 307 390,92,93,mistral_table,mistral_table,no
1162,SANTO ANTONIO DA PATRULHA,293,803,329,68 383,1 334 938,1 325 924,294,317,1 111,525,8 096 571,160 647 891,158 619 660,92,93,mistral_table,mistral_table,no
1163,SANTO ANTONIO DAS MISSÕES,69,206,91,14 899,619 293,615 527,67,78,281,170,2 153 920,73 355 986,72 891 642,92,93,mistral_table,mistral_table,no
1164,SANTO AUGUSTO,113,617,235,61 118,1 845 200,1 820 484,127,151,971,588,9 645 154,271 544 338,260 207 174,92,93,mistral_table,mistral_table,no
1165,SANTO CRISTO,90,427,193,41 800,958 112,942 709,103,119,653,310,6 242 230,94 764 679,92 150 853,92,93,mistral_table,mistral_table,no
1166,SÃO BORJA,397,1 988,1 015,229 231,6 333 371,6 294 870,354,422,2 441,1 682,22 307 687,530 304 201,521 770 402,92,93,mistral_table,mistral_table,no
1167,SÃO FRANCISCO DE ASSIS,183,487,197,50 387,1 313 937,1 286 531,164,185,492,233,2 587 963,48 994 450,48 403 622,92,93,mistral_table,mistral_table,no
1168,SÃO FRANCISCO DE PAULA,150,386,119,32 200,586 996,584 025,118,136,427,199,2 724 154,50 175 488,49 826 790,92,93,mistral_table,mistral_table,no
1169,SÃO GABRIEL,442,1 694,860,160 866,3 068 728,3 053 257,496,547,2 245,1 342,22 390 660,323 551 320,318 253 724,92,93,mistral_table,mistral_table,no
1170,SÃO JERONIMO,368,1 204,592,90 553,1 545 492,1 527 974,201,220,767,427,4 749 101,79 786 284,79 334 610,92,93,mistral_table,mistral_table,no
1171,SÃO JOSE DO NORTE,197,405,135,28 067,502 847,502 286,151,155,405,169,2 488 905,55 331 225,55 154 664,92,93,mistral_table,mistral_table,no
1172,SÃO JOSE DO OURO,67,223,78,19 384,630 952,616 103,65,75,342,143,2 559 659,92 743 017,86 021 241,92,93,mistral_table,mistral_table,no
1173,SÃO LOURENÇO DO SUL,347,1 104,381,71 126,1 653 625,1 627 201,394,428,1 362,642,8 899 650,193 444 459,188 578 825,92,93,mistral_table,mistral_table,no
1174,SÃO LUIZ GONZAGA,342,1 821,869,184 829,4 671 167,4 592 586,313,372,2 247,1 383,24 442 164,511 593 491,506 531 595,92,93,mistral_table,mistral_table,no
1175,SÃO MARCOS,83,354,194,38 202,691 179,684 220,75,90,388,190,3 288 837,55 459 328,55 193 746,92,93,mistral_table,mistral_table,no
1176,SÃO MARTINHO,54,231,103,19 423,537 887,531 698,51,65,243,147,1 911 599,64 290 800,62 230 299,94,95,mistral_table,mistral_table,no
1177,SÃO NICOLAU,71,184,50,10 693,424 406,423 872,55,62,199,110,1 390 942,32 866 572,32 768 025,94,95,mistral_table,mistral_table,no
1178,SÃO PAULO DAS MISSÕES,38,157,63,12 603,311 113,307 157,38,47,179,87,1 233 674,21 926 013,21 465 738,94,95,mistral_table,mistral_table,no
1179,SÃO PEDRO DO SUL,144,431,181,28 895,682 584,682 444,169,185,545,274,4 624 954,70 548 792,69 537 833,94,95,mistral_table,mistral_table,no
1180,SÃO SEBASTIÃO DO CAI,273,780,297,70 659,1 263 630,1 261 360,219,239,850,472,6 771 977,124 820 120,122 710 266,94,95,mistral_table,mistral_table,no
1181,SÃO SEPE,250,798,300,64 968,1 727 583,1 713 304,221,243,829,412,5 437 975,112 061 302,110 823 696,94,95,mistral_table,mistral_table,no
1182,SÃO VALENTIM,71,188,25,12 372,291 931,283 753,60,68,195,59,939 750,36 812 922,34 998 799,94,95,mistral_table,mistral_table,no
1183,SÃO VICENTE DO SUL,67,147,34,5 879,119 789,119 356,69,78,177,59,750 652,16 579 560,15 732 870,94,95,mistral_table,mistral_table,no
1184,SAPIRANGA,268,796,388,82 912,1 308 060,1 297 329,356,410,1 312,701,11 391 459,173 540 855,171 876 449,94,95,mistral_table,mistral_table,no
1185,SAPUCAIA DO SUL,539,1 470,594,125 834,2 846 027,2 832 626,494,532,1 818,1 038,16 443 275,248 911 130,239 951 015,94,95,mistral_table,mistral_table,no
1186,SARANDI,153,874,401,86 830,3 461 313,3 309 215,135,158,1 027,715,9 798 432,281 696 430,276 912 716,94,95,mistral_table,mistral_table,no
1187,SEBERI,81,281,83,18 564,301 326,299 887,95,101,362,138,2 582 446,66 792 924,66 021 839,94,95,mistral_table,mistral_table,no
1188,SELBACH,29,100,56,6 981,209 143,205 324,,,,,,,,94,95,mistral_table,missing,yes
1189,SERA FINA CORREA,66,248,99,20 914,374 290,358 396,74,82,285,107,2 006 040,30 823 846,30 273 237,94,95,mistral_table,mistral_table,no
1190,SERTÃO,56,131,45,7 343,174 427,174 122,59,63,193,81,1 484 722,42 742 229,42 719 765,94,95,mistral_table,mistral_table,no
1191,SEVERIANO DE ALMEIDA,20,63,22,4 173,106 909,106 679,19,22,77,33,544 412,10 552 525,10 547 902,94,95,mistral_table,mistral_table,no
1192,SOBRADINHO,234,755,257,57 014,891 124,883 641,212,235,874,359,6 052 088,110 612 306,100 302 954,94,95,mistral_table,mistral_table,no
1193,SOLEDADE,248,1 047,487,130 521,2 243 080,2 216 595,274,306,1 320,580,12 657 186,245 414 941,241 835 585,94,95,mistral_table,mistral_table,no
1194,TAPEJARA,101,489,235,38 459,957 017,940 095,128,140,620,304,4 237 069,120 844 719,118 677 936,94,95,mistral_table,mistral_table,no
1195,TAPERA,64,585,411,55 225,2 528 767,2 419 047,76,92,601,338,6 764 783,158 230 397,151 401 341,94,95,mistral_table,mistral_table,no
1196,TAPES,237,560,180,35 746,648 677,642 999,226,246,620,257,3 205 213,65 559 336,64 467 995,94,95,mistral_table,mistral_table,no
1197,TAQUARA,333,1 502,791,189 836,3 166 657,3 153 539,270,315,1 856,1 189,18 212 987,296 634 538,290 425 017,94,95,mistral_table,mistral_table,no
1198,TAQUARI,210,637,284,59 045,1 084 017,1 070 905,196,219,765,416,5 096 200,94 525 085,91 093 083,94,95,mistral_table,mistral_table,no
1199,TAVARES,-,-,-,-,-,-,52,52,106,8,848 930,7 311 132,7 257 780,94,95,mistral_table,mistral_table,no
1200,TENENTE PORTELA,154,663,270,52 177,1 472 952,1 457 467,169,188,826,470,5 905 765,150 422 608,146 496 669,94,95,mistral_table,mistral_table,no
1201,TEUTONIA,-,-,-,-,-,-,98,109,414,222,2 680 141,88 384 002,88 016 535,94,95,mistral_table,mistral_table,no
1202,TORRES,440,1 273,560,104 597,1 590 403,1 586 302,474,518,1 783,853,9 636 646,190 002 107,182 999 246,94,95,mistral_table,mistral_table,no
1203,TRAMANDAI,376,1 447,761,103 449,1 765 611,1 761 486,398,446,2 029,1 313,11 768 280,202 177 608,200 410 283,94,95,mistral_table,mistral_table,no
1204,TRES COROAS,70,186,79,20 620,309 450,300 301,73,84,336,159,2 515 000,35 962 662,35 644 315,94,95,mistral_table,mistral_table,no
1205,TRES DE MAIO,221,1 139,543,131 976,2 909 145,2 786 729,227,268,1 640,874,15 609 068,361 793 747,356 694 709,94,95,mistral_table,mistral_table,no
1206,TRES PASSOS,264,1 269,582,152 197,2 290 717,2 259 827,248,295,1 445,855,13 419 771,218 932 758,214 975 115,94,95,mistral_table,mistral_table,no
1207,TRIUNFO,117,235,57,15 085,307 815,306 892,90,98,235,107,1 246 074,22 879 518,22 523 498,94,95,mistral_table,mistral_table,no
1208,TUCUNDUVA,94,372,129,34 550,1 245 639,1 232 337,87,108,447,267,3 624 083,127 853 075,126 812 649,94,95,mistral_table,mistral_table,no
1209,TUPANCIRETÁ,195,907,408,92 880,2 619 829,2 591 811,164,198,925,494,8 883 866,187 240 369,185 701 322,94,95,mistral_table,mistral_table,no
1210,TUPARENDI,99,403,196,40 642,917 402,907 335,95,111,448,204,3 574 675,63 471 833,62 552 127,94,95,mistral_table,mistral_table,no
1211,VACARIA,448,1 878,801,168 583,3 714 312,3 686 843,418,467,2 219,1 285,16 479 881,353 820 898,348 514 586,94,95,mistral_table,mistral_table,no
1212,VENANCIO AIRES,356,1 355,649,127 137,2 602 205,2 563 737,345,399,1 629,996,12 048 969,227 156 092,222 267 694,94,95,mistral_table,mistral_table,no
1213,VERA CRUZ,105,276,99,23 297,290 638,288 577,110,113,388,167,3 086 739,43 266 667,42 159 739,94,95,mistral_table,mistral_table,no
1214,VERANOPOLIS,145,533,257,46 949,1 011 253,999 421,151,165,636,355,5 304 917,94 374 338,92 805 769,94,95,mistral_table,mistral_table,no
1215,VIADUTOS,34,96,28,6 666,169 777,165 704,31,37,99,32,665 356,16 076 917,15 847 555,94,95,mistral_table,mistral_table,no
1216,VICENTE DUTRA,29,66,6,2 554,38 375,38 346,28,29,64,18,265 748,4 117 983,4 086 693,94,95,mistral_table,mistral_table,no
1217,VICTOR GRAEFF,24,107,69,10 163,560 608,552 079,21,31,120,83,1 184 706,65 944 996,64 722 700,94,95,mistral_table,mistral_table,no
