order_number,entry,establishments_1980,personnel_total_1980,personnel_linked_to_production_1980,salaries_withdrawals_other_compensation_1980_mil_cruzeiros,gross_production_value_1980_mil_cruzeiros,industrial_transformation_value_1980_mil_cruzeiros,companies_headquartered_in_municipality_1985,establishments_1985,personnel_total_1985,personnel_linked_to_production_1985,salaries_withdrawals_other_compensation_1985_mil_cruzeiros,gross_production_value_1985_mil_cruzeiros,industrial_transformation_value_1985_mil_cruzeiros,source_page_1980,source_page_1985,left_extraction_method,right_extraction_method,needs_review
1,BRASIL,226 306,5 720 006,4 196 989,1 041 218 082,10 204 222 502,4 307 628 522,,,,,,,,4,5,mistral_table,missing,yes
2,EXTRATIVA MINERAL,4 837,110 044,72 463,26 949 370,208 088 815,147 834 407,,,,,,,,4,5,mistral_table,pdf_text_layout_partial,yes
3,TRANSFORMAÇÃO,220 788,5 562 241,4 083 604,996 691 627,9 966 396 527,4 133 054 310,,,,,,,,4,5,mistral_table,pdf_text_layout_partial,yes
4,NÃO METALICOS,35 501,444 372,323 845,54 725 509,425 494 952,233 650 607,,,,,,,,4,5,mistral_table,missing,yes
5,METALÚRGICA,19 948,641 546,471 734,132 735 895,1 396 560 294,480 289 548,,,,,,,,4,5,mistral_table,pdf_text_layout_partial,yes
6,MECANICA,12 412,602 453,474 578,156 492 399,762 640 905,419 786 672,66,173,10 511,s 10•,261 925 815,3 757 2S2 472,2 026 90 ASO,4,5,mistral_table,pdf_text_layout,no
7,MATERIAL ELETRICO,4 656,297 378,218 147,56 972 713,542 665 099,288 072 959,•1,SA,su,05,6 12' 371,"67 398 . . ,",49 269 A92,4,5,mistral_table,pdf_text_layout,no
8,TRANSPORTE,4 526,344 790,250 189,88 039 736,776 469 693,307 868 236,,,,,,,,4,5,mistral_table,missing,yes
9,MODEIRA,20 613,274 247,208 640,26 599 317,201 203 001,108 702 601,,,,,,,,4,5,mistral_table,missing,yes
10,MOBILIÁRIO,13 750,186 686,140 588,20 939 585,145 723 480,73 500 928,12 145,13 759,116 '67,1'7 126,"1 701 . , , 02'",12 945 016 093,6 IH 3DI AI&,4,5,mistral_table,pdf_text_layout,no
11,PAPEL E PAPELÃO,2 151,130 018,91 562,24 936 128,264 220 323,114 495 098,1 317,2 107,"132 , . .",H 957,2 739 039 127,30 119 131 25•,1' OI 5 ' 03 HS,4,5,mistral_table,pdf_text_layout,no
12,BORRACHA,1 519,64 765,49 942,13 686 227,149 210 017,51 953 533,1 OS6,1 '21,71 656,53 447,1 667 459 058,17 711 912 05,I 105 '59 A53,4,5,mistral_table,pdf_text_layout,no
13,COUROS E PELES,1 509,45 317,36 936,5 879 184,48 600 831,19 567 217,,,,,,,,4,5,mistral_table,missing,yes
14,QUÍMICA,4 774,222 118,121 129,80 844 941,1 766 457 710,601 354 695,,,,,,,,4,5,mistral_table,missing,yes
15,FARMACÊUTICA,1 122,54 426,26 814,19 691 111,107 267 595,66 020 199,•33,930,A9 051,24 212,1 4 54 315 316,12 577 172 729,"1 071 . , , 6'1",4,5,mistral_table,pdf_text_layout,no
16,PERFUMÁRIA,113,36 239,20 271,6 352 570,84 004 488,39 280 355,,,,,,,,4,5,mistral_table,missing,yes
17,MATS. PLASTICAS,3 147,135 681,102 573,21 926 260,196 638 919,94 709 899,,,,,,,,4,5,mistral_table,missing,yes
18,TEXTIL,7 177,417 750,348 224,58 695 563,634 946 615,257 835 663,3 81',5 570,351 360,296 196,4 501 530 660,81 117 869 •56,21 '34 008 601,4,5,mistral_table,pdf_text_layout,no
19,VESTUÁRIO,20 571,492 863,410 530,48 172 080,377 802 507,195 750 623,21 688,23 200,655 234,560 662,s 552 313 929,'7 4U 497 411,2 4 70 '60 OOA,4,5,mistral_table,pdf_text_layout,no
20,ALIMENTARES,46 662,724 213,490 214,86 311 627,1 580 985 683,479 457 327,35 690,'3 03•,733 199,505 691,• 555 S62 '76,172 320 771 707,57 AOS 540 '62,4,5,mistral_table,pdf_text_layout,no
21,BEBIDAS,3 216,77 021,46 092,14 218 331,112 006 572,55 555 135,• 50,• 933,65 121,51 295,579 276 221,s 064 '72 32•,3 152 927 906,4,5,mistral_table,pdf_text_layout,no
22,FUMO,590,29 527,21 772,7 006 654,59 696 294,31 462 531,1A3,A34,27 92•,15 990,725 922 476,6 378 669 516,3 637 174 ISS,4,5,mistral_table,pdf_text_layout,no
23,GRAFICA,9 061,169 883,101 427,34 415 147,156 882 437,103 891 041,001,9 053,16• 523,101 721,2 121 271 601,",.. . . . 553 199","9 278 233 , . .",4,5,mistral_table,pdf_text_layout,no
24,DIVERSAS,6 518,170 988,128 197,29 050 688,176 918 866,109 864 243,,,,,,,,4,5,mistral_table,missing,yes
25,REGIÃO SUL,47 527,1 058 510,820 761,140 137 528,1 615 892 345,662 000 561,37 U2,A3 934,1 121 737,1101 312,13 720 7ta •25,113 •2• 621 561,10 tsl 157 063,4,5,mistral_table,pdf_text_layout,no
26,EXTRATIVA MINERAL,687,17 421,14 475,2 991 541,11 304 647,8 170 706,333,•61,18 OH,1S 373,296 952 658,1 579 261 890,os• 130 us,4,5,mistral_table,pdf_text_layout,no
27,TRANSFORMAÇÃO,46 770,1 037 782,803 622,136 538 010,1 603 540 253,652 889 977,36 809,A3 A65,1 102 639,116 009,13 '23 135 767,111 IAS 359 678,79 797 026 101,4,5,mistral_table,pdf_text_layout,no
28,NÃO METALICOS,6 196,79 003,59 715,7 995 086,59 385 437,34 661 028,,,,,,,,4,5,mistral_table,pdf_text_layout_partial,yes
29,METALÚRGICA,3 765,83 867,63 622,12 323 860,103 154 760,46 583 719,,,,,,,,4,5,mistral_table,missing,yes
30,MECANICA,2 542,89 909,70 906,16 393 488,100 714 366,52 514 450,1 80,2 379,". , 872",7 1 909,Sta 601 261,12 705 209 675,7 394 9'1 33 1,4,5,mistral_table,pdf_text_layout,no
31,MATERIAL ELETRICO,608,27 000,20 808,4 528 962,37 050 049,20 559 870,397,110,33 190,26 265,629 827 951,s 533 322 665,3 •07 7'5 316,4,5,mistral_table,pdf_text_layout,no
32,TRANSPORTE,1 069,64 444,28 448,6 366 869,88 292 882,21 058 981,909,019,33 412,"26 . , 1",625 716 85•,' 594 202 438,2 52Z 326 991,4,5,mistral_table,pdf_text_layout,no
33,MODEIRA,9 874,755 379,108 399,12 505 747,12 282 321,52 514 450,,,,,,,,4,5,mistral_table,pdf_text_layout_partial,yes
34,MOBILIÁRIO,3 290,54 866,44 067,5 668 298,44 947 823,23 395 789,,,,,,,,4,5,mistral_table,missing,yes
35,PAPEL E PAPELÃO,444,26 618,20 568,4 066 495,55 263 489,22 715 542,,,,,,,,4,5,mistral_table,missing,yes
36,BORRACHA,337,8 204,6 586,1 287 519,13 548 613,5 675 741,,,,,,,,4,5,mistral_table,missing,yes
37,COUROS E PELES,474,19 356,16 766,2 338 437,22 438 970,9 279 709,,,,,,,,4,5,mistral_table,missing,yes
38,QUÍMICA,784,25 315,14 555,7 495 122,230 388 029,74 725 832,,,,,,,,4,5,mistral_table,missing,yes
39,FARMACÊUTICA,174,3 613,1 322,1 053 926,2 741 503,1 815 222,,,,,,,,4,5,mistral_table,missing,yes
40,PERFUMÁRIA,1 174,1 174,1 545,1 741 503,1 029 541,1 229 541,,,,,,,,4,5,mistral_table,missing,yes
41,MATS. PLASTICAS,429,19 527,14 793,2 738 794,34 730 993,16 340 622,,,,,,,,4,5,mistral_table,missing,yes
42,TEXTIL,946,43 451,52 439,9 979 479,95 305 988,36 955 746,,,,,,,,4,5,mistral_table,missing,yes
43,VESTUÁRIO,4 526,136 287,117 699,13 263 432,105 482 017,59 757 040,,,,,,,,4,5,mistral_table,missing,yes
44,ALIMENTARES,8 970,157 622,115 338,17 714 026,463 885 096,125 351 023,,,,,,,,4,5,mistral_table,missing,yes
45,BEBIDAS,725,14 835,9 138,2 469 285,25 775 846,13 067 090,,,,,,,,4,5,mistral_table,missing,yes
46,FUMO,176,8 957,5 872,2 294 687,26 518 005,11 829 549,,,,,,,,4,5,mistral_table,missing,yes
47,GRAFICA,1 612,21 717,13 697,3 199 252,12 097 892,7 745 601,,,,,,,,4,5,mistral_table,missing,yes
48,DIVERSAS,1 220,21 906,17 343,2 690 023,17 917 542,10 816 997,,,,,,,,4,5,mistral_table,missing,yes
49,PARANA,15 052,294 640,191 278,32 208 060,494 201 097,172 648 291,,,,,,,,4,5,mistral_table,missing,yes
50,EXTRATIVA MINERAL,285,3 290,2 440,366 912,1 574 650,1 118 530,,,,,,,,4,5,mistral_table,missing,yes
51,TRANSFORMAÇÃO,14 754,251 032,188 542,31 764 210,492 503 708,171 415 015,,,,,,,,4,5,mistral_table,pdf_text_layout_partial,yes
52,NÃO METALICOS,2 007,25 002,18 933,2 568 929,23 986 671,12 937 224,,,,,,,,4,5,mistral_table,pdf_text_layout_partial,yes
53,METALÚRGICA,1 010,13 163,9 620,1 660 956,14 873 207,6 444 531,,,,,,,,4,5,mistral_table,pdf_text_layout_partial,yes
54,MECANICA,789,18 931,14 900,3 523 059,18 775 423,8 394 450,,,,,,,,4,5,mistral_table,missing,yes
55,MATERIAL ELETRICO,200,6 598,5 040,1 148 915,10 861 597,6 654 329,,,,,,,,4,5,mistral_table,missing,yes
56,TRANSPORTE,417,9 160,7 045,1 558 651,8 496 865,3 592 765,,,,,,,,4,5,mistral_table,missing,yes
57,MADEIRA,2 511,28 075,47 713,5 324 946,53 261 343,26 840 929,1 313,701,41 107,3• 837,311 '57 728,2 750 380 347,626 IAS 114,4,5,mistral_table,pdf_text_layout,no
58,MOBILIÁRIO,1 087,17 294,13 987,1 637 865,13 483 923,6 702 353,H I,016,18 192,IS 946,127 171 311,", 165 533 442",590 59S 319,4,5,mistral_table,pdf_text_layout,no
59,PAPEL E PAPELÃO,167,9 552,7 443,1 472 958,23 457 555,10 036 784,IS,112,11 29',1 630,198 852 506,2 151 909 771,1 302 258 1 92,4,5,mistral_table,pdf_text_layout,no
60,BORRACHA,117,1 774,1 295,245 061,2 405 922,1 137 962,75,91,1 771,1 237,23 696 A03,227 521 407,115 915 . . .,4,5,mistral_table,pdf_text_layout,no
61,COUROS E PELES,74,2 168,1 877,176 216,2 098 901,702 092,86,75,3 332,2 996,24 115 HO,U7 781 231,152 IU 532,4,5,mistral_table,pdf_text_layout,no
62,QUÍMICA,295,8 707,4 827,2 534 416,100 966 543,25 277 116,,,,,,,,4,5,mistral_table,pdf_text_layout_partial,yes
63,FARMACÊUTICA,50,854,139,337 394,- 288 914,226 759,12,.. 44,771,U6,26 373 222,A3 806 170,33 59• 579,4,5,mistral_table,pdf_text_layout,no
64,PERFUMÁRIA,55,568,288,90 827,1 363 490,460 370,53,&5,1 056,683,11 ou 206,202 391 179,120 5• 1 9A9,4,5,mistral_table,pdf_text_layout,no
65,MATS. PLASTICAS,123,4 901,3 729,643 723,6 478 931,2 547 200,,,,,,,,4,5,mistral_table,missing,yes
66,TEXTIL,227,7 769,6 193,949 250,23 960 039,8 844 464,,,,,,,,4,5,mistral_table,missing,yes
67,VESTUÁRIO,872,8 999,6 887,702 180,4 560 551,2 216 076,759,103,l i 01',• ll06,73 9U 253,639 865 023,313 682 472,4,5,mistral_table,pdf_text_layout,no
68,ALIMENTARES,3 656,41 899,28 063,4 855 813,169 302 349,41 199 718,,,,,,,,4,5,mistral_table,missing,yes
69,BEBIDAS,128,3 391,2 103,537 076,4 042 842,1 921 561,,,,,,,,4,5,mistral_table,missing,yes
70,FUMO,27,1 345,869,386 220,6 229 571,610 442,6,19,1 700,160,31 170 133,39 1 213 us,126 404 6'7,4,5,mistral_table,pdf_text_layout,no
71,GRAFICA,610,6 667,4 441,884 278,3 389 899,2 068 471,Sl2,58S,6 9U,' 8$9,75 120 776,365 776 666,227 09 509,4,5,mistral_table,pdf_text_layout,no
72,DIVERSAS,322,4 215,3 150,525 477,3 300 202,1 999 449,229,210,5 IH,' '13,66 156 412,560 71' 373,351 029 625,4,5,mistral_table,pdf_text_layout,no
73,REGIÃO METROPOLITANA,3 860,99 571,75 208,16 044 987,213 593 049,78 218 839,2 362,3 102,101 04,77 25 1,537 091 1196,26 U7 090 440,11 910 150 783,4,5,mistral_table,pdf_text_layout,no
74,EXTRATIVA MINERAL,93,704,502,83 864,477 480,297 781,,,,,,,,4,5,mistral_table,missing,yes
75,TRANSFORMAÇÃO,3 757,98 919,74 480,15 892 231,213 006 001,77 817 691,,,,,,,,4,5,mistral_table,missing,yes
76,,,,,,,,135,204,3 305,7 738,213 761 965,589 562 575,983 936 282,6,7,missing,mistral_table,yes
77,METALURGICA,399,7 294,5 511,1 031 555,9 154 591,4 824 586,261,301,5 371,4 116,71 857 948,893 362 426,389 889 200,6,7,mistral_table,mistral_table,no
78,MECANICA,240,9 674,7 216,2 113 829,13 816 591,5 337 731,,,,,,,,6,7,mistral_table,missing,yes
79,MATERIAL ELETRICO,116,5 561,4 280,1 021 255,9 685 649,6 053 076,59,117,8 178,5 901,200 404 544,1 814 051 512,1 332 601 382,6,7,mistral_table,mistral_table,no
80,TRANSPORTE,94,4 771,3 731,1 108 347,6 053 096,2 275 988,51,76,5 589,4 674,115 387 348,1 713 267 674,846 143 113,6,7,mistral_table,mistral_table,no
81,MADEIRA,347,11 885,9 536,1 494 587,16 273 698,8 115 477,219,274,9 780,8 095,93 369 526,1 071 759 929,595 961 562,6,7,mistral_table,mistral_table,no
82,MOBILIARIO,225,889,7 544,994 246,7 668 220,2 275 988,261,285,7 890,6 820,58 954 597,476 843 268,251 364 045,6,7,mistral_table,mistral_table,no
83,PAPEL E PAPELÃO,48,3 072,2 337,582 608,7 867 488,2 772 759,27,54,3 226,2 470,59 528 449,716 770 983,275 431 890,6,7,mistral_table,mistral_table,no
84,BORRACHA,39,964,718,770 762,1 847 739,865 197,26,35,954,579,16 578 119,159 950 401,82 707 141,6,7,mistral_table,mistral_table,no
85,COUROS E PELES,19,1 443,1 312,110 157,1 027 064,415 435,9,12,1 773,1 552,12 472 355,142 125 806,73 938 427,6,7,mistral_table,mistral_table,no
86,QUÍMICA,130,4 132,2 196,1 317 616,76 993 669,15 332 316,49,138,5 177,3 514,146 672 503,11 547 820 076,3 756 111 151,6,7,mistral_table,mistral_table,no
87,FARMACÉUTICA,56,811,109,330 554,267 043,210 621,7,37,709,92,24 487 670,29 936 992,24 051 958,6,7,mistral_table,mistral_table,no
88,PERFUMARIA,29,399,203,67 189,1 226 910,775 388,22,34,848,576,9 982 144,190 064 148,115 265 032,6,7,mistral_table,mistral_table,no
89,MATS. PLASTICAS,84,3 525,2 567,508 678,4 604 564,1 846 574,54,74,4 949,4 065,57 699 624,663 911 640,320 339 785,6,7,mistral_table,mistral_table,no
90,TEXTIL,49,1 828,1 461,251 050,3 178 876,1 335 447,20,30,1 600,1 336,21 812 031,300 531 471,135 111 325,6,7,mistral_table,mistral_table,no
91,VESTUARIO,215,2 973,2 349,508 397,1 671 688,853 604,144,169,3 093,2 425,29 184 034,160 476 574,76 872 454,6,7,mistral_table,mistral_table,no
92,ALIMENTARES,457,9 785,7 003,1 365 324,25 311 747,9 259 846,239,331,6 003,5 577,119 679 971,2 393 745 762,1 003 979 090,6,7,mistral_table,mistral_table,no
93,BEBIDAS,36,1 531,924,314 942,2 231 504,1 106 604,23,32,1 644,981,26 967 422,213 732 882,126 209 423,6,7,mistral_table,mistral_table,no
94,FUMO,10,590,420,129 188,1 519 641,467 109,8,8,903,619,18 149 279,223 058 385,63 270 802,6,7,mistral_table,mistral_table,no
95,GRAFICA,234,3 505,2 331,594 515,1 982 858,1 232 375,166,201,3 794,2 544,52 662 644,241 014 943,150 591 094,6,7,mistral_table,mistral_table,no
96,DIVERAS,132,2 824,2 244,394 780,2 594 016,1 474 315,78,113,4 271,3 386,54 489 731,493 833 550,312 458 089,6,7,mistral_table,mistral_table,no
97,CURITIBA,2 765,73 001,54 054,12 326 794,104 305 488,49 327 692,1 500,2 099,68 895,49 781,1 105 182 582,10 862 446 502,6 112 623 031,6,7,mistral_table,mistral_table,no
98,EXTRATIVA MINERAL,26,134,28,26 685,48 186,41 298,11,11,50,21,889 320,1 604 301,1 083 972,6,7,mistral_table,mistral_table,no
99,TRANSFORMAÇÃO,2 736,72 778,53 937,12 280 731,104 225 482,49 254 741,1 489,2 088,68 845,49 760,1 104 293 262,10 860 842 201,6 111 539 059,6,7,mistral_table,mistral_table,no
100,NÃO METALICOS,253,3 351,2 226,473 846,3 417 672,1 938 774,155,184,2 657,1 718,27 684 806,241 399 227,140 327 481,6,7,mistral_table,mistral_table,no
101,METALURGICA,310,6 140,4 673,908 406,8 363 547,4 257 195,191,223,3 232,2 265,45 275 216,407 351 998,183 368 758,6,7,mistral_table,mistral_table,no
102,MECANICA,163,7 835,5 958,1 750 890,12 213 962,4 437 615,95,155,8 019,5 700,159 557 149,1 382 342 737,841 968 638,6,7,mistral_table,mistral_table,no
103,MATERIAL ELETRICO,108,4 748,3 602,908 246,9 027 003,5 684 105,46,100,7 378,5 305,190 005 069,1 729 779 365,1 285 277 108,6,7,mistral_table,mistral_table,no
104,TRANSPORTE,81,4 579,3 568,1 090 644,5 617 058,2 126 883,38,62,5 111,4 258,111 467 622,1 686 266 457,834 877 828,6,7,mistral_table,mistral_table,no
105,MADEIRA,237,6 180,7 240,1 245 944,13 452 728,6 606 776,111,153,6 782,5 498,72 358 303,845 306 386,468 536 015,6,7,mistral_table,mistral_table,no
106,MOBILIARIO,232,6 084,5 143,677 565,4 946 996,2 518 880,173,190,4 629,3 930,37 145 260,263 547 351,149 171 091,6,7,mistral_table,mistral_table,no
107,PAPEL E PAPELÃO,36,2 200,1 629,435 298,6 006 925,2 102 065,21,45,2 567,1 965,17 667 241,586 365 771,248 076 454,6,7,mistral_table,mistral_table,no
108,BORRACHA,29,820,634,153 432,1 657 047,737 114,19,27,867,519,15 803 230,146 509 320,71 271 734,6,7,mistral_table,mistral_table,no
109,COUROS E PELES,17,430,1 306,106 655,1 017 714,412 214,8,11,766,1 946,13 419 673,141 967 153,73 849 021,6,7,mistral_table,mistral_table,no
110,QUÍMICA,106,2 998,1 543,780 552,7 892 268,4 134 413,20,85,2 731,1 807,50 353 664,509 201 112,250 668 723,6,7,mistral_table,mistral_table,no
111,FARMACÉUTICA,55,772,103,323 163,211 600,182 647,6,36,698,86,23 260 819,18 695 291,14 454 608,6,7,mistral_table,mistral_table,no
112,PERFUMARIA,27,370,187,62 628,1 174 328,745 467,12,20,501,279,7 120 104,104 427 094,90 855 090,6,7,mistral_table,mistral_table,no
113,MATS. PLASTICAS,61,2 360,1 780,384 246,2 810 171,1 271 109,32,45,2 566,2 003,30 602 053,275 081 298,139 556 657,6,7,mistral_table,mistral_table,no
114,TEXTIL,43,1 334,1 028,190 843,2 518 613,993 217,25,25,134,988,16 669 923,247 288 896,120 836 477,6,7,mistral_table,mistral_table,no
115,VESTUARIO,200,2 841,2 243,299 105,1 627 402,827 173,137,160,2 557,1 919,25 151 296,135 483 920,64 640 782,6,7,mistral_table,mistral_table,no
116,ALIMENTARES,286,8 455,5 909,1 145 774,14 982 457,5 357 076,185,262,7 250,4 221,92 502 606,1 213 026 375,860 530 828,6,7,mistral_table,mistral_table,no
117,BEBIDAS,28,1 418,826,305 376,2 118 268,1 046 722,14,22,430,809,25 220 470,183 718 467,109 249 492,6,7,mistral_table,mistral_table,no
118,FUMO,10,590,420,129 188,1 519 641,467 109,1,8,903,519,19 149 279,223 058 385,63 270 800,6,7,mistral_table,mistral_table,no
119,GRAFICA,216,3 306,2 172,576 280,1 918 612,1 194 906,150,185,3 582,2 379,50 908 051,225 873 305,142 771 884,6,7,mistral_table,mistral_table,no
120,DIVERAS,118,2 218,1 747,330 200,1 729 650,1 071 461,58,90,2 489,1 846,37 571 228,294 452 291,187 959 753,6,7,mistral_table,mistral_table,no
121,CASCAVEL,366,5 287,3 816,657 737,6 692 572,2 696 776,184,255,4 688,3 699,44 727 134,708 616 447,315 310 083,6,7,mistral_table,mistral_table,no
122,NÃO METALICOS,24,293,203,38 834,302 853,206 679,9,16,314,253,2 951 483,39 692 263,30 681 339,6,7,mistral_table,mistral_table,no
123,MECANICA,47,621,477,69 667,391 952,194 730,,,,,,,,6,7,mistral_table,missing,yes
124,MADEIRA,80,1 805,1 472,192 587,1 493 656,818 296,23,34,1 202,1 032,10 708 698,72 892 298,50 388 595,6,7,mistral_table,mistral_table,no
125,TEXTIL,5,58,45,2 235,22 708,15 547,,,,,,,,6,7,mistral_table,missing,yes
126,ALIMENTARES,57,915,651,95 876,3 613 337,969 527,28,49,887,635,10 651 320,364 287 039,102 420 797,6,7,mistral_table,mistral_table,no
127,DEMAIS GENÉROS,153,1 595,968,258 538,868 066,491 997,113,138,1 742,1 320,14 958 776,144 276 900,80 746 393,6,7,mistral_table,mistral_table,no
128,FOZ DO IGUAÇU,117,1 159,835,128 724,1 497 748,505 684,97,109,811,620,5 577 542,52 087 079,19 435 032,6,7,mistral_table,mistral_table,no
129,NÃO METALICOS,18,236,190,38 397,596 352,77 754,10,11,186,160,1 221 653,11 477 079,4 851 544,6,7,mistral_table,mistral_table,no
130,METALURGICA,12,105,73,10 277,44 604,23 681,20,20,117,92,610 955,3 748 060,1 565 776,6,7,mistral_table,mistral_table,no
131,MADEIRA,23,294,227,25 470,395 328,247 076,8,11,114,77,948 157,14 911 601,4 980 015,6,7,mistral_table,mistral_table,no
132,ALIMENTARES,20,258,163,20 673,336 506,87 341,28,32,190,138,1 345 459,14 092 776,4 279 443,6,7,mistral_table,mistral_table,no
133,GRAFICA,10,74,47,5 562,39 564,16 484,11,11,72,55,436 153,3 288 418,1 484 544,6,7,mistral_table,mistral_table,no
134,DEMAIS GENÉROS,34,192,135,28 345,85 432,53 348,20,24,132,98,1 015 165,4 569 145,2 273 710,6,7,mistral_table,mistral_table,no
135,QUARAPUAVA,283,6 666,5 496,616 194,6 381 895,3 271 475,147,196,5 166,4 195,50 904 975,692 886 318,369 149 245,6,7,mistral_table,mistral_table,no
136,NÃO METALICOS,19,(F),(F),(F),(E),(E),,,,,,,,6,7,mistral_table,missing,yes
137,MADEIRA,91,3 878,3 359,350 731,3 548 683,1 743 072,34,59,2 310,2 095,18 754 534,156 154 096,97 785 999,6,7,mistral_table,mistral_table,no
138,PAPEL E PAPELÃO,27,1 475,1 282,159 688,1 863 231,1 100 889,39,14,809,1 052,1 306 022,252 263 496,139 451 075,6,7,mistral_table,mistral_table,no
139,ALIMENTARES,41,347,190,30 948,617 914,215 063,30,38,324,191,3 116 616,39 229 104,15 055 641,6,7,mistral_table,mistral_table,no
140,BEBIDAS,1,(A),(A),(A),(A),(A),,,,,,,,6,7,mistral_table,missing,yes
141,DEMAIS GENÉROS,104,790,541,63 024,298 941,174 163,65,70,698,550,6 014 592,22 931 768,13 573 045,6,7,mistral_table,mistral_table,no
142,LONDRINA,653,14 290,10 760,1 860 022,22 751 176,8 543 888,385,501,14 809,11 538,160 452 055,2 658 448 313,3 236 080 291,6,7,mistral_table,mistral_table,no
143,NÃO METALICOS,45,1 270,964,156 167,1 321 113,847 148,16,29,1 052,795,11 388 172,96 220 446,51 837 653,6,7,mistral_table,mistral_table,no
144,QUÍMICA,32,352,172,164 764,1 857 267,981 119,9,31,306,135,8 728 085,226 967 398,163 185 063,6,7,mistral_table,mistral_table,no
145,TEXTIL,17,1 188,1 050,135 015,1 555 252,465 478,14,17,1 933,1 670,17 926 013,304 444 761,128 399 860,6,7,mistral_table,mistral_table,no
146,VESTUARIO,74,2 211,1 863,162 126,1 355 240,645 409,48,52,2 734,2 438,18 451 525,249 448 259,137 950 344,6,7,mistral_table,mistral_table,no
147,ALIMENTARES,138,3 450,2 433,511 229,11 736 081,2 891 623,67,96,3 200,2 135,44 456 296,1 341 430 781,517 495 659,6,7,mistral_table,mistral_table,no
148,DEMAIS GENÉROS,347,5 821,4 278,730 721,4 926 223,2 713 111,231,276,5 584,4 365,59 491 964,439 936 668,237 211 712,6,7,mistral_table,mistral_table,no
149,MARINGA,467,7 213,5 049,856 486,22 119 462,6 063 079,397,497,11 111,8 434,101 971 785,2 559 994 447,688 041 744,6,7,mistral_table,mistral_table,no
150,MOBILIARIO,36,564,437,43 617,563 521,289 961,41,45,1 121,949,7 298 993,105 727 199,56 220 390,6,7,mistral_table,mistral_table,no
151,QUÍMICA,17,342,60,102 205,627 371,327 678,13,23,630,111,5 892 254,131 422 271,72 627 503,6,7,mistral_table,mistral_table,no
152,TEXTIL,14,224,168,39 936,2 408 839,854 918,3,13,700,546,7 079 184,160 896 688,67 055 875,6,7,mistral_table,mistral_table,no
153,VESTUARIO,52,625,497,42 782,397 508,193 359,53,56,1 254,1 075,6 835 857,70 729 622,30 269 239,6,7,mistral_table,mistral_table,no
154,ALIMENTARES,106,2 443,1 704,327 162,16 302 997,3 347 120,70,109,3 917,3 073,44 178 431,1 805 276 126,327 346 209,6,7,mistral_table,mistral_table,no
155,DEMAIS GENÉROS,242,5 005,2 185,300 764,1 819 226,1 050 043,217,251,3 489,2 680,30 687 066,285 882 541,134 522 528,6,7,mistral_table,mistral_table,no
156,PONTA GROSSA,508,12 452,9 553,1 890 196,41 841 706,11 119 982,257,353,11 051,8 732,141 776 547,4 293 825 299,1 366 149 349,6,7,mistral_table,mistral_table,no
157,METALURGICA,51,1 149,899,188 620,1 431 944,537 988,31,36,865,753,11 205 775,126 008 460,54 036 755,6,7,mistral_table,mistral_table,no
158,MADEIRA,76,1 941,1 508,225 200,2 316 490,1 314 055,37,50,699,1 317,16 632 237,123 661 903,72 426 970,6,7,mistral_table,mistral_table,no
159,QUÍMICA,15,656,292,121 652,2 678 576,1 925 306,5,15,610,457,14 520 542,272 240 606,111 568 067,6,7,mistral_table,mistral_table,no
160,TEXTIL,10,887,612,96 000,1 544 373,832 446,6,7,812,756,9 269 659,186 685 581,126 982 250,6,7,mistral_table,mistral_table,no
161,ALIMENTARES,90,2 597,1 880,286 090,30 141 740,4 604 878,39,61,2 331,1 478,37 660 241,3 278 502 833,820 866 370,6,7,mistral_table,mistral_table,no
162,DEMAIS GENÉROS,266,5 222,4 162,672 634,3 527 583,1 905 309,139,184,4 734,3 971,52 488 093,306 725 916,180 268 937,6,7,mistral_table,mistral_table,no
163,ABATIA,5,15,4,541,2 529,802,5,7,31,19,325 114,16 758 312,4 559 752,8,9,mistral_table,mistral_table,no
164,ADRIANOPOLIS,15,535,477,77 534,1 957 217,248 239,4,14,543,401,6 732 148,121 479 933,42 219 753,8,9,mistral_table,mistral_table,no
165,AGUDOS DO SUL,9,45,26,3 815,21 062,11 107,7,8,18,7,109 424,376 046,248 717,8,9,mistral_table,mistral_table,no
166,ALMIRANTE TAMANDARE,84,1 167,913,102 228,754 637,441 062,69,72,1 568,1 352,11 248 274,116 971 019,69 403 388,8,9,mistral_table,mistral_table,no
167,ALTAMIRA DO PARANA,-,-,-,-,-,-,3,3,11,-,18 928,152 518,141 313,8,9,mistral_table,mistral_table,no
168,ALTONIA,59,258,121,12 121,583 202,63 631,41,43,219,136,1 611 505,51 925 761,6 011 347,8,9,mistral_table,mistral_table,no
169,ALTO PARANA,40,275,178,17 509,154 067,54 283,32,37,245,183,1 548 811,11 221 010,6 944 925,8,9,mistral_table,mistral_table,no
170,ALTO PIQUIRI,39,205,104,9 610,46 806,25 825,25,28,134,79,703 063,58 987 145,12 611 083,8,9,mistral_table,mistral_table,no
171,ALVORADA DO SUL,19,96,59,6 276,69 611,32 127,9,8,50,34,225 749,7 878 916,4 664 258,8,9,mistral_table,mistral_table,no
172,AMAPORÃ,4,34,14,2 704,74 973,20 125,8,8,61,37,682 911,7 107 903,1 739 138,8,9,mistral_table,mistral_table,no
173,AMPERE,20,128,77,7 336,56 008,34 501,15,17,178,142,635 985,6 453 452,2 336 036,8,9,mistral_table,mistral_table,no
174,ANDIRA,42,540,412,48 444,809 972,279 978,31,36,633,544,5 451 257,135 956 696,44 262 574,8,9,mistral_table,mistral_table,no
175,ANTONINA,22,452,382,33 642,353 633,151 995,21,25,316,245,3 969 535,46 428 925,15 557 803,8,9,mistral_table,mistral_table,no
176,ANTONIO OLINTO,7,102,81,6 842,39 675,25 125,3,4,93,84,487 852,2 646 184,1 356 696,8,9,mistral_table,mistral_table,no
177,APUCARANA,218,4 301,3 320,386 040,11 628 409,3 421 820,180,210,4 642,3 813,43 631 231,987 304 684,324 304 459,8,9,mistral_table,mistral_table,no
178,ARAPONGAS,228,3 938,3 154,339 430,4 690 921,1 746 628,187,214,5 126,4 264,37 281 526,700 931 545,308 288 277,8,9,mistral_table,mistral_table,no
179,ARAPOTI,14,81,39,4 904,205 199,58 683,8,16,304,247,2 611 705,44 015 473,15 048 507,8,9,mistral_table,mistral_table,no
180,ARARUNA,28,145,84,10 923,228 680,62 362,20,24,220,143,2 207 078,56 383 750,27 787 130,8,9,mistral_table,mistral_table,no
181,ARAUCARIA,96,3 453,2 371,955 328,78 853 821,13 971 085,54,92,5 988,4 878,164 551 368,12 467 441 182,3 947 161 292,8,9,mistral_table,mistral_table,no
182,ASSAI,25,298,210,51 070,2 218 152,519 625,18,24,270,218,4 017 667,156 162 266,27 220 567,8,9,mistral_table,mistral_table,no
183,ASSIS CHATEAUBRIAND,87,526,318,36 388,220 357,92 029,39,43,378,291,4 114 445,71 621 312,20 051 398,8,9,mistral_table,mistral_table,no
184,ASTORGA,49,317,182,26 130,911 245,353 618,57,64,523,306,4 924 284,246 956 380,62 799 305,8,9,mistral_table,mistral_table,no
185,ATALAIA,8,23,11,1 347,76 357,15 712,8,8,20,3,68 661,258 954,93 274,8,9,mistral_table,mistral_table,no
186,BALSA NOVA,34,461,321,69 161,1 713 932,842 380,19,27,458,320,8 010 323,173 640 254,89 057 144,8,9,mistral_table,mistral_table,no
187,BANDEIRAINTES,61,845,584,87 444,1 964 249,905 616,41,56,578,438,6 254 053,302 491 940,104 436 785,8,9,mistral_table,mistral_table,no
188,BARBOSA FERRAZ,26,96,55,5 347,142 866,30 214,20,22,69,30,271 301,8 704 588,1 171 973,8,9,mistral_table,mistral_table,no
189,BARRACÃO,15,68,41,3 887,43 992,37 027,10,12,56,32,226 848,814 747,468 543,8,9,mistral_table,mistral_table,no
190,BARRA DO JACARE,5,11,5,330,1 014,668,3,3,7,3,27 579,132 097,49 328,8,9,mistral_table,mistral_table,no
191,BELA VISTA DO PARAISO,37,130,70,9 777,320 631,58 921,28,29,135,89,792 817,12 537 262,4 195 300,8,9,mistral_table,mistral_table,no
192,BITURUNA,48,990,859,89 080,642 052,295 572,33,45,735,664,4 423 888,32 973 869,20 995 654,8,9,mistral_table,mistral_table,no
193,BOA ESPERANÇA,10,33,16,1 595,4 501,3 026,8,9,24,7,198 258,19 241 817,10 074 177,8,9,mistral_table,mistral_table,no
194,BOA VISTA DA APARECIDA,-,-,-,-,-,-,10,10,44,23,123 452,663 015,247 239,8,9,mistral_table,mistral_table,no
195,BOCAIUVA DO SUL,21,306,221,23 261,123 129,65 373,7,13,144,121,902 076,13 825 727,12 197 716,8,9,mistral_table,mistral_table,no
196,BOM SUCESSO,12,40,22,1 801,44 965,8 586,3,4,14,5,57 656,2 950 209,1 028 442,8,9,mistral_table,mistral_table,no
197,BORRAZOPOLIS,21,89,48,3 751,111 168,17 785,15,17,75,48,393 477,15 678 844,3 542 036,8,9,mistral_table,mistral_table,no
198,BRAGANEY,-,-,-,-,-,-,9,9,42,24,211 940,411 051,323 500,8,9,mistral_table,mistral_table,no
199,CAFEARA,2,(A),(A),(X),(A),(X),,,,,,,,8,9,mistral_table,missing,yes
200,CAFELANDIA,-,-,-,-,-,-,9,12,251,222,2 810 390,100 875 287,29 772 239,8,9,mistral_table,mistral_table,no
201,CALIFORNIA,9,34,14,2 502,45 898,10 375,8,9,73,57,436 507,7 298 091,1 373 954,8,9,mistral_table,mistral_table,no
202,CAMBARA,54,484,368,40 962,863 874,292 476,32,39,743,615,5 952 956,173 480 575,82 104 999,8,9,mistral_table,mistral_table,no
203,CAMBE,111,3 229,2 380,403 826,12 405 941,2 849 062,93,109,2 465,1 985,25 643 834,845 562 013,226 069 665,8,9,mistral_table,mistral_table,no
204,CAMBIRA,11,32,16,1 648,33 625,6 100,8,8,20,6,85 251,565 227,201 268,8,9,mistral_table,mistral_table,no
205,CAMPINA DA LAGOA,11,82,56,4 313,17 587,8 996,15,16,59,28,384 449,1 806 299,1 085 841,8,9,mistral_table,mistral_table,no
206,CAMPINA GRANDE DO SUL,18,252,157,26 997,204 393,126 664,19,21,269,211,2 403 188,47 285 163,26 603 548,8,9,mistral_table,mistral_table,no
207,CAMPO DO TENENTE,3,17,10,1 177,3 641,2 313,5,5,16,10,64 502,167 995,101 574,8,9,mistral_table,mistral_table,no
208,CAMPO LARGO,132,6 425,5 639,840 871,5 745 703,3 828 656,96,108,6 841,6 159,73 565 422,651 254 518,430 827 009,8,9,mistral_table,mistral_table,no
209,,,,,,,,94,115,1 591,1 218,16 799 540,647 116 756,201 028 397,8,9,missing,mistral_table,yes
210,CANDIDO DE ABREU,6,95,74,5 664,18 090,12 143,8,9,50,32,273 514,866 489,586 017,10,11,mistral_table,mistral_table,no
211,CANTAGALO,-,-,-,-,-,-,14,16,175,152,1 127 470,11 743 655,8 639 800,10,11,mistral_table,mistral_table,no
212,CAPANEMA,51,386,249,22 406,115 208,71 769,37,40,247,169,1 444 555,21 899 772,10 520 473,10,11,mistral_table,mistral_table,no
213,CAPITÃO LEONIDAS MARQUES,35,230,149,13 160,74 330,41 894,20,20,78,28,287 946,993 245,557 328,10,11,mistral_table,mistral_table,no
214,CARLOPOLIS,26,83,38,4 501,108 575,24 319,13,15,70,52,258 441,6 370 069,2 907 526,10,11,mistral_table,mistral_table,no
215,CASTRO,104,2 946,2 416,292 597,5 001 643,1 733 690,63,100,3 293,2 755,33 290 704,560 821 206,190 230 542,10,11,mistral_table,mistral_table,no
216,CATANDUVAS,47,853,701,65 294,400 078,237 917,30,33,512,452,3 386 662,20 079 183,13 052 056,10,11,mistral_table,mistral_table,no
217,CENTENARIO DO SUL,16,95,40,11 423,326 014,82 847,13,15,235,103,3 495 692,94 222 138,25 244 357,10,11,mistral_table,mistral_table,no
218,CERRO AZUL,7,211,184,32 787,166 725,137 453,5,6,140,91,2 313 453,10 768 505,7 582 859,10,11,mistral_table,mistral_table,no
219,CEU AZUL,55,552,403,39 355,228 227,132 062,17,22,466,278,4 959 708,275 918 669,85 165 858,10,11,mistral_table,mistral_table,no
220,CHOPINZINHO,37,416,336,28 602,235 714,122 381,29,29,232,177,1 128 752,6 053 819,2 914 882,10,11,mistral_table,mistral_table,no
221,CIANORTE,139,1 311,966,103 170,1 308 610,332 439,124,139,1 721,1 372,10 730 801,217 515 461,61 604 261,10,11,mistral_table,mistral_table,no
222,CIDADE GAUCHA,23,112,67,8 468,100 508,31 543,12,14,175,118,1 610 289,52 201 739,23 087 092,10,11,mistral_table,mistral_table,no
223,CLEVELANDIA,59,1 277,1 028,91 092,3 784 772,1 039 824,51,59,1 018,866,5 822 582,359 625 475,130 766 202,10,11,mistral_table,mistral_table,no
224,COLOMBO,141,3 146,2 511,349 083,3 936 501,2 242 920,136,152,3 416,2 822,32 351 151,308 027 050,160 985 467,10,11,mistral_table,mistral_table,no
225,COLORADO,25,260,189,29 249,794 460,145 803,21,29,464,289,4 066 787,193 369 532,50 945 844,10,11,mistral_table,mistral_table,no
226,CONGONHINHAS,14,34,12,1 037,3 430,1 668,7,7,32,22,91 830,279 976,114 236,10,11,mistral_table,mistral_table,no
227,CONSELHEIRO MAIRINCK,10,21,14,1 191,4 999,3 508,4,4,8,2,24 600,274 400,240 800,10,11,mistral_table,mistral_table,no
228,CONTENDA,6,31,22,2 638,9 345,6 011,8,8,43,31,263 738,3 972 317,1 189 322,10,11,mistral_table,mistral_table,no
229,CORBELIA,74,601,429,42 832,257 115,124 636,35,39,273,222,1 477 163,8 617 941,5 595 589,10,11,mistral_table,mistral_table,no
230,CORNELIO PROCOPIO,98,1 450,989,210 355,5 087 490,2 963 436,55,68,1 516,1 183,23 427 467,531 989 403,339 030 336,10,11,mistral_table,mistral_table,no
231,CORONEL VIVIDA,48,755,624,65 523,621 275,353 764,32,38,507,417,3 489 308,23 682 215,12 936 263,10,11,mistral_table,mistral_table,no
232,CRUZEIRO DO OESTE,59,308,182,21 944,425 832,116 703,37,40,276,162,1 890 368,98 054 837,31 169 457,10,11,mistral_table,mistral_table,no
233,CRUZEIRO DO SUL,9,45,27,3 505,104 971,16 596,4,5,33,23,413 272,8 182 744,3 389 650,10,11,mistral_table,mistral_table,no
234,CRUZ MACHADO,17,273,238,19 581,155 364,81 837,7,14,271,250,1 840 327,14 624 200,9 094 906,10,11,mistral_table,mistral_table,no
235,CURIUVA,13,815,520,92 266,227 345,173 259,12,12,60,30,246 124,1 405 509,1 035 089,10,11,mistral_table,mistral_table,no
236,DIAMANTE DO NORTE,10,33,19,1 952,228 393,4 062,10,11,52,23,268 755,26 139 539,7 366 134,10,11,mistral_table,mistral_table,no
237,DOIS VIZINHOS,64,946,744,50 002,569 368,198 472,37,41,1 532,1 277,17 177 718,531 498 125,133 428 358,10,11,mistral_table,mistral_table,no
238,DOURADINA,-,-,-,-,-,-,14,15,80,30,682 866,52 761 673,12 677 106,10,11,mistral_table,mistral_table,no
239,DOUTOR CAMARGO,11,76,44,3 671,13 338,9 749,7,8,49,32,271 523,941 014,596 949,10,11,mistral_table,mistral_table,no
240,ENEAS MARQUES,8,52,26,3 873,14 234,9 128,4,4,20,9,71 557,466 439,285 496,10,11,mistral_table,mistral_table,no
241,ENGENHEIRO BELTRÃO,18,82,53,4 410,17 870,10 604,6,8,213,165,2 297 393,30 415 624,10 680 696,10,11,mistral_table,mistral_table,no
242,FAXIMAL,42,295,204,22 237,1 041 165,235 388,16,17,129,84,871 553,24 842 721,9 773 793,10,11,mistral_table,mistral_table,no
243,FENIX,8,33,10,1 640,6 504,4 216,7,8,34,15,262 405,13 686 028,7 369 897,10,11,mistral_table,mistral_table,no
244,FIGUEIRA,-,-,-,-,-,-,8,9,888,580,9 865 317,32 235 220,21 892 803,10,11,mistral_table,mistral_table,no
245,FLORAI,11,61,22,3 731,129 922,31 074,7,7,34,21,163 021,2 430 093,662 376,10,11,mistral_table,mistral_table,no
246,FLORESTA,8,46,29,2 495,15 419,7 406,5,5,48,40,212 666,1 254 488,842 789,10,11,mistral_table,mistral_table,no
247,FLORESTOPOLIS,9,35,12,2 048,12 250,5 156,10,10,23,9,93 555,714 683,190 595,10,11,mistral_table,mistral_table,no
248,FLORIDA,5,21,12,1 464,62 031,16 913,3,4,16,11,108 881,3 059 364,236 054,10,11,mistral_table,mistral_table,no
249,FORMOSA DO OESTE,40,154,66,6 906,141 265,29 434,13,16,65,35,420 053,3 549 515,1 237 042,10,11,mistral_table,mistral_table,no
250,FRANCISCO ALVES,21,62,21,3 182,22 622,9 571,11,12,48,28,203 781,998 445,754 764,10,11,mistral_table,mistral_table,no
251,FRANCISCO BELTRÃO,97,1 873,1 502,152 195,1 411 617,620 472,72,82,2 333,1 627,18 335 177,526 113 370,183 544 835,10,11,mistral_table,mistral_table,no
252,GENERAL CARNEIRO,47,990,842,80 302,905 886,480 397,29,44,1 134,1 067,6 879 178,65 964 518,38 765 837,10,11,mistral_table,mistral_table,no
253,GOIO-ERE,68,384,204,51 744,2 185 348,761 993,58,65,365,213,4 413 514,172 451 279,56 765 740,10,11,mistral_table,mistral_table,no
254,GRANDES RIOS,18,68,30,3 219,27 138,18 630,17,19,64,30,230 450,4 921 007,546 137,10,11,mistral_table,mistral_table,no
255,GUAIRA,71,503,344,34 147,219 596,137 212,42,48,495,379,3 419 532,24 834 233,14 470 763,10,11,mistral_table,mistral_table,no
256,GUAIRAÇA,9,24,16,2 523,28 813,7 731,4,5,37,28,210 774,3 737 247,798 965,10,11,mistral_table,mistral_table,no
257,GUAPIRAMA,3,7,-,192,1 616,630,2,2,(A),(A),(X),(A),(X),12,13,mistral_table,mistral_table,no
258,GUAPORENA,7,23,13,906,836,30,2,2,(C),(B),(X),(D),(X),12,13,mistral_table,mistral_table,no
259,GUARACI,13,84,32,4 157,192 342,18 546,6,6,14,4,107 952,6 289 374,1 570 196,12,13,mistral_table,mistral_table,no
260,GUARANIAÇU,29,338,251,22 302,147 978,90 487,32,35,207,126,996 877,6 166 711,2 650 672,12,13,mistral_table,mistral_table,no
261,GUARAQUEÇABA,3,21,13,1 378,8 745,5 116,3,6,76,67,592 269,2 664 962,1 363 725,12,13,mistral_table,mistral_table,no
262,GUARATUBA,12,115,93,7 013,34 287,22 456,11,12,119,94,734 441,4 659 777,2 717 083,12,13,mistral_table,mistral_table,no
263,IBAITI,47,294,174,19 920,283 572,76 951,37,42,364,248,1 868 630,46 631 838,23 946 864,12,13,mistral_table,mistral_table,no
264,IBIPORÁ,87,750,529,65 348,1 823 153,340 977,41,51,646,482,4 941 404,150 455 758,28 974 334,12,13,mistral_table,mistral_table,no
265,ICARAIMA,20,110,59,6 212,80 919,20 708,13,13,85,58,451 423,2 910 676,1 185 007,12,13,mistral_table,mistral_table,no
266,IGUARAÇU,7,23,10,947,9 235,910,4,4,19,10,60 565,259 965,23 531,12,13,mistral_table,mistral_table,no
267,IMBITUVA,53,698,550,44 150,347 348,187 171,65,68,581,447,3 072 802,23 131 507,13 229 298,12,13,mistral_table,mistral_table,no
268,INACIO MARTINS,24,579,493,45 124,311 823,191 540,16,26,477,437,3 442 659,16 572 996,8 993 112,12,13,mistral_table,mistral_table,no
269,INAJA,3,8,3,435,1 658,422,3,3,9,5,118 870,168 000,122 880,12,13,mistral_table,mistral_table,no
270,INDIANÓPOLIS,17,72,24,3 890,226 998,28 066,14,14,50,20,264 114,64 576 205,15 146 382,12,13,mistral_table,mistral_table,no
271,IPIRANGA,14,105,66,7 271,48 692,23 771,7,7,49,37,320 983,1 156 786,978 665,12,13,mistral_table,mistral_table,no
272,IPORÁ,42,259,107,26 041,796 338,261 117,37,42,284,152,2 667 764,83 779 443,17 329 223,12,13,mistral_table,mistral_table,no
273,IRATI,121,2 055,1 592,207 062,1 606 738,840 862,71,98,1 757,1 505,12 409 208,113 485 345,72 371 917,12,13,mistral_table,mistral_table,no
274,IRETANA,12,40,13,1 657,55 620,14 577,16,17,47,13,246 782,690 117,399 542,12,13,mistral_table,mistral_table,no
275,ITAGUAJE,3,8,5,576,2 531,1 658,3,5,20,12,288 352,12 747 919,2 265 765,12,13,mistral_table,mistral_table,no
276,ITAMBARACA,10,34,11,1 500,4 671,3 494,8,8,25,9,67 400,456 798,243 912,12,13,mistral_table,mistral_table,no
277,ITAMBE,8,30,21,1 379,4 754,2 692,10,10,46,32,352 532,1 969 923,1 098 041,12,13,mistral_table,mistral_table,no
278,ITAPEJARA D'OESTE,9,49,34,3 647,14 062,6 042,6,6,38,24,178 323,1 000 128,565 499,12,13,mistral_table,mistral_table,no
279,ITAUNA DO SUL,4,18,9,1 297,144 896,5 406,3,3,15,8,124 206,43 680 879,4 764 432,12,13,mistral_table,mistral_table,no
280,IVAI,17,160,121,11 793,82 566,52 428,13,14,186,135,1 386 463,8 610 790,6 421 588,12,13,mistral_table,mistral_table,no
281,IVAIPORÁ,89,628,361,38 357,725 821,287 747,70,77,423,249,2 430 672,71 045 970,26 642 805,12,13,mistral_table,mistral_table,no
282,IVATUBA,9,37,22,1 832,9 304,3 563,3,3,10,6,39 754,87 946,66 397,12,13,mistral_table,mistral_table,no
283,JABOTI,13,68,34,2 584,25 612,9 607,10,10,42,20,156 691,2 986 613,2 149 674,12,13,mistral_table,mistral_table,no
284,JACAREZINHO,81,830,634,86 769,3 583 599,1 258 738,46,68,1 572,1 214,14 530 601,542 913 996,204 793 860,12,13,mistral_table,mistral_table,no
285,JAGUAPITÁ,17,77,45,3 794,73 107,23 664,11,11,67,52,543 056,10 743 350,7 917 545,12,13,mistral_table,mistral_table,no
286,JAGUARIAIVA,24,552,404,47 959,340 071,87 702,17,32,1 419,1 000,37 394 947,354 835 324,189 490 212,12,13,mistral_table,mistral_table,no
287,JANDAIA DO SUL,63,317,186,21 851,338 293,82 661,48,52,530,387,4 625 922,113 291 498,40 801 652,12,13,mistral_table,mistral_table,no
288,JANIOPOLIS,15,40,7,1 197,17 286,3 135,12,12,30,15,206 071,495 457,262 591,12,13,mistral_table,mistral_table,no
289,JAPIRA,15,45,16,1 890,24 029,6 617,6,7,30,16,108 169,3 701 987,990 741,12,13,mistral_table,mistral_table,no
290,JAPURA,24,190,121,8 393,137 022,41 070,41,44,310,221,1 183 787,12 333 070,4 328 918,12,13,mistral_table,mistral_table,no
291,JARDIM ALEGRE,30,141,70,6 503,70 352,41 604,13,14,79,90,354 883,36 277 625,14 304 666,12,13,mistral_table,mistral_table,no
292,JARDIM OLINDA,4,21,12,905,15 047,3 884,-,-,-,-,-,-,-,12,13,mistral_table,mistral_table,no
293,JATAIZINHO,51,360,242,34 333,929 160,476 291,44,49,568,417,4 809 405,303 407 436,103 913 717,12,13,mistral_table,mistral_table,no
294,JESUITAS,-,-,-,-,-,-,13,13,55,31,231 088,1 839 379,572 264,12,13,mistral_table,mistral_table,no
295,JOAQUIM TÁVORA,28,122,60,6 478,130 314,30 516,17,19,72,40,261 452,5 166 288,2 853 213,12,13,mistral_table,mistral_table,no
296,JUNDIAI DO SUL,7,18,1,436,2 760,1 579,4,4,11,6,56 795,160 759,108 284,12,13,mistral_table,mistral_table,no
297,JURANDA,-,-,-,-,-,-,4,4,14,8,36 864,339 820,237 519,12,13,mistral_table,mistral_table,no
298,JUSSARA,5,51,35,4 157,36 472,14 059,3,4,266,217,2 648 912,73 731 220,31 110 808,12,13,mistral_table,mistral_table,no
299,KALORE,11,49,20,1 881,19 780,5 728,8,8,24,-,51 345,528 694,188 361,12,13,mistral_table,mistral_table,no
300,LAPA,60,1 073,898,84 131,1 176 651,444 585,42,50,1 210,1 091,7 650 039,188 085 530,12 773 736,12,13,mistral_table,mistral_table,no
301,LARANJEIRAS DO SUL,77,1 351,1 125,104 292,1 147 918,633 073,63,70,800,647,4 051 460,29 927 184,16 503 916,12,13,mistral_table,mistral_table,no
302,LEÓPOLIS,3,56,53,4 076,28 266,15 474,2,2,(B),(A),(X),(B),(X),12,13,mistral_table,mistral_table,no
303,LOANDA,38,311,207,21 134,450 502,133 989,36,38,303.,221,1 409 564,99 804 478,16 542 380,12,13,mistral_table,mistral_table,no
304,LOBATO,4,19,13,1 076,36 239,8 379,4,4,26,19,212 947,2 783 806,760 120,14,15,mistral_table,mistral_table,no
305,LUNARDELLI,-,-,-,-,-,-,10,10,25,8,65 738,690 121,322 322,14,15,mistral_table,mistral_table,no
306,LUPIONOPOLIS,5,27,11,1 888,6 910,4 856,1,2,(E),(E),(X),(D),(X),14,15,mistral_table,mistral_table,no
307,MALLET,25,422,357,28 743,280 825,185 366,22,25,474,413,3 361 475,28 873 148,17 721 854,14,15,mistral_table,mistral_table,no
308,MAMBORE,25,234,155,11 749,80 789,59 464,13,15,146,111,965 120,4 686 510,2 392 808,14,15,mistral_table,mistral_table,no
309,MANDAGUAÇU,28,97,28,8 201,680 918,186 329,21,21,110,56,480 599,30 855 541,5 697 246,14,15,mistral_table,mistral_table,no
310,MANDAGUARI,74,1 673,1 268,167 009,1 536 815,512 339,67,80,1 816,1 565,13 808 785,234 716 649,93 549 899,14,15,mistral_table,mistral_table,no
311,MANDIRITUBA,107,467,271,28 657,106 658,71 109,86,87,398,220,1 758 802,9 105 819,5 664 512,14,15,mistral_table,mistral_table,no
312,MANGUEIRINHA,39,1 615,1 452,130 183,1 137 038,617 572,18,26,791,751,3 540 252,29 876 345,15 976 548,14,15,mistral_table,mistral_table,no
313,MANOEL RIBAS,18,75,46,3 226,31 588,14 260,7,8,26,6,49 929,241 960,166 425,14,15,mistral_table,mistral_table,no
314,MARECHAL CANDIDO RONDON,92,869,664,68 053,1 691 154,471 414,83,93,1 147,927,9 310 227,243 942 367,64 958 556,14,15,mistral_table,mistral_table,no
315,MARIA HELENA,31,140,79,7 488,191 991,35 757,5,5,13,6,22 223,318 821,150 993,14,15,mistral_table,mistral_table,no
316,MARIALVA,77,928,705,77 141,1 719 060,514 908,34,36,598,507,4 576 922,69 682 591,36 994 929,14,15,mistral_table,mistral_table,no
317,MARILANDIA DO SUL,17,41,12,2 780,13 417,9 036,9,13,229,189,2 298 246,96 350 440,18 163 043,14,15,mistral_table,mistral_table,no
318,MARILENA,12,55,32,2 746,57 170,9 568,10,10,47,34,213 489,9 286 151,1 638 397,14,15,mistral_table,mistral_table,no
319,MARILUZ,27,166,92,15 681,548 468,171 777,13,14,84,45,712 527,23 039 373,6 684 925,14,15,mistral_table,mistral_table,no
320,MARIOPOLIS,16,180,122,14 915,89 805,57 107,6,8,212,191,2 038 644,8 430 363,5 117 456,14,15,mistral_table,mistral_table,no
321,MARMELEIRO,31,483,383,32 483,203 472,131 893,19,20,293,243,1 905 014,9 471 107,5 704 449,14,15,mistral_table,mistral_table,no
322,MARUMBI,10,38,17,2 672,69 628,17 353,6,6,21,6,107 985,3 763 335,1 170 956,14,15,mistral_table,mistral_table,no
323,MATELANDIA,57,415,265,28 530,174 631,98 149,30,32,225,143,977 087,17 202 600,3 601 344,14,15,mistral_table,mistral_table,no
324,MATINHOS,6,32,21,3 041,7 985,4 310,4,4,16,9,52 159,186 834,86 059,14,15,mistral_table,mistral_table,no
325,MEDIANEIRA,116,1 496,1 126,99 245,1 161 657,433 983,68,77,1 332,977,12 399 600,154 925 093,47 049 600,14,15,mistral_table,mistral_table,no
326,MIRADOR,7,24,16,2 436,6 092,4 260,3,3,37,22,234 011,4 892 144,1 521 202,14,15,mistral_table,mistral_table,no
327,MIRASELVA,9,32,7,1 048,65 859,20 577,8,8,22,6,57 243,1 529 599,137 492,14,15,mistral_table,mistral_table,no
328,MISSAL,-,-,-,-,-,-,15,16,99,61,490 208,6 048 043,1 750 788,14,15,mistral_table,mistral_table,no
329,MOREIRA SALES,25,259,208,18 715,493 190,134 578,17,21,325,248,3 662 377,131 483 122,35 007 681,14,15,mistral_table,mistral_table,no
330,MORRETES,19,467,383,43 912,184 140,95 088,14,18,546,455,4 276 804,22 205 286,14 488 475,14,15,mistral_table,mistral_table,no
331,MUNHOZ DE MELO,5,18,6,1 490,73 252,19 598,3,3,10,1,52 400,6 894 041,2 721 971,14,15,mistral_table,mistral_table,no
332,NOSSA SENHORA DAS GRAÇAS,6,13,5,513,1 915,1 412,4,4,8,4,100 186,169 163,138 983,14,15,mistral_table,mistral_table,no
333,NOVA ALIANÇA DO IVAI,1,(C),(B),(X),(E),(X),4,4,30,22,265 604,3 582 714,1 069 636,14,15,mistral_table,mistral_table,no
334,NOVA AMERICA DA COLINA,5,3,-,168,6 020,419,3,3,63,48,984 012,13 747 468,4 699 018,14,15,mistral_table,mistral_table,no
335,NOVA AURORA,27,73,37,3 368,25 682,10 773,12,13,61,38,586 153,13 199 219,9 557 404,14,15,mistral_table,mistral_table,no
336,NOVA CANTU,9,52,37,2 913,65 204,13 115,10,10,32,13,83 074,1 008 091,661 852,14,15,mistral_table,mistral_table,no
337,NOVA ESPERANÇA,73,438,277,31 963,703 701,180 673,49,53,435,263,2 705 411,49 584 955,10 080 362,14,15,mistral_table,mistral_table,no
338,NOVA FATIMA,16,78,57,4 681,140 391,57 092,10,10,68,48,371 459,15 679 719,2 147 317,14,15,mistral_table,mistral_table,no
339,NOVA LONDRINA,25,247,121,27 145,313 533,69 930,16,20,308,198,3 708 159,119 754 317,39 289 879,14,15,mistral_table,mistral_table,no
340,NOVA OLIMPIA,18,86,37,3 711,25 195,9 588,12,12,61,37,257 128,22 440 299,3 551 000,14,15,mistral_table,mistral_table,no
341,NOVA SANTA ROSA,22,145,93,7 207,69 034,39 159,21,22,105,48,520 489,12 287 624,2 534 630,14,15,mistral_table,mistral_table,no
342,NOVA PRATA DO IGUAÇU,-,-,-,-,-,-,19,19,68,26,166 945,852 329,554 655,14,15,mistral_table,mistral_table,no
343,ORTIGUEIRA,11,90,71,6 449,27 810,14 406,13,14,131,91,1 304 884,6 374 802,4 402 606,14,15,mistral_table,mistral_table,no
344,OURIZONA,7,33,19,1 853,28 084,6 580,5,5,28,13,92 086,264 034,141 607,14,15,mistral_table,mistral_table,no
345,PAIÇANDU,19,132,77,8 670,90 131,29 643,16,16,129,96,871 668,8 689 897,1 632 939,14,15,mistral_table,mistral_table,no
346,PALMAS,107,2 775,2 412,214 800,2 031 524,1 056 018,61,81,1 609,1 429,10 372 752,95 209 731,55 763 097,14,15,mistral_table,mistral_table,no
347,PALMEIRA,46,1 308,1 104,100 285,938 113,331 765,28,40,1 177,1 010,10 121 204,102 331 259,42 403 971,14,15,mistral_table,mistral_table,no
348,PALMITAL,19,101,49,4 497,31 735,15 609,9,9,35,14,137 170,637 193,368 192,14,15,mistral_table,mistral_table,no
349,PALOTINA,57,455,335,32 547,180 173,84 233,46,49,440,347,3 058 161,14 532 023,7 014 040,14,15,mistral_table,mistral_table,no
350,PARAISO DO NORTE,39,268,14,20 215,131 545,66 222,26,25,229,158,1 038 737,11 306 917,5 748 807,14,15,mistral_table,mistral_table,no
351,PARANACITY,6,20,7,2 977,64 047,11 351,9,10,112,72,2 244 694,29 497 614,9 605 545,16,17,mistral_table,mistral_table,no
352,PARANAGUA,111,1 568,1 085,254 073,11 951 403,3 965 450,79,118,1 799,1 184,20 053 376,1 015 394 447,325 488 260,16,17,mistral_table,mistral_table,no
353,PARANAPOEMA,5,74,5,763,3 254,1 740,3,3,11,8,149 338,661 474,249 240,16,17,mistral_table,mistral_table,no
354,PARANAVAI,182,1 238,800,117 146,2 937 716,666 424,183,206,1 971,1 466,16 139 727,507 372 042,152 188 556,16,17,mistral_table,mistral_table,no
355,PATO BRANCO,127,1 511,1 160,122 990,849 552,403 590,101,115,1 316,967,8 822 810,90 678 361,51 902 988,16,17,mistral_table,mistral_table,no
356,PAULA FREITAS,11,113,88,6 696,40 280,25 867,8,8,74,58,317 556,2 981 574,1 326 746,16,17,mistral_table,mistral_table,no
357,PAULO FRONTIN,8,78,55,5 185,33 455,19 511,10,10,45,27,257 832,2 855 462,1 512 782,16,17,mistral_table,mistral_table,no
358,PEABIRU,33,254,173,17 457,171 898,129 465,19,19,93,53,648 641,22 337 186,5 918 386,16,17,mistral_table,mistral_table,no
359,PEROLA,46,163,70,9 415,292 973,51 582,24,27,154,71,1 233 797,96 141 456,11 007 621,16,17,mistral_table,mistral_table,no
360,PEROLA D'OESTE,16,163,111,12 128,56 748,41 651,8,8,116,98,480 288,2 446 180,1 468 253,16,17,mistral_table,mistral_table,no
361,PIEN,23,244,197,17 547,124 973,77 845,16,16,527,475,3 107 804,16 185 811,9 470 027,16,17,mistral_table,mistral_table,no
362,PINHALÃO,10,26,7,1 235,8 868,5 648,10,11,36,8,69 896,349 509,155 862,16,17,mistral_table,mistral_table,no
363,PINHÃO,29,1 133,917,93 047,1 501 188,777 119,32,42,802,729,4 798 510,41 088 674,29 230 788,16,17,mistral_table,mistral_table,no
364,PIRAI DO SUL,37,694,540,51 676,745 590,129 561,26,30,828,765,8 865 244,78 301 913,47 127 164,16,17,mistral_table,mistral_table,no
365,PIRAQUARA,97,1 970,1 459,230 721,1 816 566,976 752,60,68,2 265,1 831,27 327 361,249 803 719,136 711 155,16,17,mistral_table,mistral_table,no
366,PITANGA,114,765,514,53 930,455 822,230 342,80,93,570,379,3 100 373,19 044 977,8 293 118,16,17,mistral_table,mistral_table,no
367,PLANALTINA DO PARANA,8,31,9,1 010,6 422,3 895,8,9,25,13,102 905,1 756 721,488 166,16,17,mistral_table,mistral_table,no
368,PLANALTO,28,160,82,12 271,49 978,30 574,17,18,61,29,235 368,1 558 852,814 656,16,17,mistral_table,mistral_table,no
369,PORECATU,22,891,659,123 466,2 381 335,742 203,3,11,497,354,7 525 432,231 433 495,129 915 156,16,17,mistral_table,mistral_table,no
370,PORTO AMAZONAS,21,136,84,8 158,32 999,14 804,14,17,132,93,968 663,2 283 797,1 804 112,16,17,mistral_table,mistral_table,no
371,PORTO RICO,18,52,26,2 521,27 321,6 691,6,8,35,22,214 464,7 511 555,2 942 126,16,17,mistral_table,mistral_table,no
372,PORTO VITORIA,23,408,346,26 126,193 829,116 216,14,15,331,304,1 926 444,12 207 454,9 021 697,16,17,mistral_table,mistral_table,no
373,PRANCHITA,-,-,-,-,-,-,12,15,118,81,649 138,2 645 792,1 773 156,16,17,mistral_table,mistral_table,no
374,PRESIDENTE CASTELO BRANCO,5,26,13,980,3 491,2 224,,,,,,,,16,17,mistral_table,pdf_text_layout_partial,yes
375,PRIMEIRO DE MAIO,20,63,26,3 654,187 724,20 103,10,10,48,32,339 278,5 023 330,1 708 881,16,17,mistral_table,mistral_table,no
376,PRUDENTOPOLIS,60,798,631,59 709,601 953,386 839,32,41,584,454,3 703 069,27 610 493,16 191 254,16,17,mistral_table,mistral_table,no
377,QUATIGUA,11,74,36,4 055,93 535,27 987,7,8,49,33,200 582,8 175 521,1 394 779,16,17,mistral_table,mistral_table,no
378,QUATRO BARRAS,27,1 056,792,146 009,1 662 856,1 023 998,17,22,1 189,1 060,16 298 151,133 361 698,87 018 370,16,17,mistral_table,mistral_table,no
379,QUEDAS DO IGUAÇU,42,1 385,1 197,144 179,2 843 100,1 520 872,24,33,1 101,793,9 674 434,89 779 774,64 702 109,16,17,mistral_table,mistral_table,no
380,QUERENCIA DO NORTE,20,158,111,8 471,59 223,27 387,5,5,23,17,86 010,672 168,418 833,16,17,mistral_table,mistral_table,no
381,QUINTA DO SOL,3,5,2,366,1 606,785,4,4,10,5,31 512,222 708,205 797,16,17,mistral_table,mistral_table,no
382,QUITANDINHA,9,28,10,2 149,16 611,9 614,13,13,52,25,212 180,886 543,546 108,16,17,mistral_table,mistral_table,no
383,RANCHO ALEGRE,3,5,1,156,562,378,7,7,14,-,49 855,390 917,183 426,16,17,mistral_table,mistral_table,no
384,REALEZA,46,534,411,31 755,295 879,151 836,27,30,301,239,1 411 820,12 164 292,6 956 001,16,17,mistral_table,mistral_table,no
385,REBOUÇAS,31,225,160,12 859,93 162,57 036,19,19,197,161,915 846,9 616 993,4 557 091,16,17,mistral_table,mistral_table,no
386,RENASCENÇA,12,300,243,19 564,182 895,79 799,4,5,198,185,986 635,7 987 734,4 106 761,16,17,mistral_table,mistral_table,no
387,RESERVA,11,50,26,2 040,6 699,4 447,12,12,42,24,170 696,538 071,321 640,16,17,mistral_table,mistral_table,no
388,RIBEIRÃO CLARO,33,119,62,5 389,71 691,21 839,28,29,141,97,1 161 284,15 793 541,5 189 729,16,17,mistral_table,mistral_table,no
389,RIBEIRÃO DO PINHAL,22,106,46,4 028,20 613,9 050,18,22,193,137,1 355 570,6 443 845,3 155 009,16,17,mistral_table,mistral_table,no
390,RIO AZUL,19,337,274,20 068,132 907,79 501,14,18,147,119,730 878,5 573 647,2 731 952,16,17,mistral_table,mistral_table,no
391,RIO BOM,5,15,5,553,2 539,1 704,4,5,12,4,67 557,2 985 723,128 530,16,17,mistral_table,mistral_table,no
392,RIO BRANCO DO SUL,69,1 617,1 390,203 890,5 693 365,1 864 306,28,43,1 443,1 238,19 352 680,599 812 509,322 331 955,16,17,mistral_table,mistral_table,no
393,RIO NEGRO,86,1 858,1 499,279 172,2 937 510,985 373,54,64,2 077,1 470,26 900 388,311 006 480,138 596 894,16,17,mistral_table,mistral_table,no
394,ROLANDIA,101,1 281,932,126 393,3 204 950,1 024 506,90,105,1 856,1 397,14 869 412,413 390 263,135 027 857,16,17,mistral_table,mistral_table,no
395,RONCADOR,9,258,225,23 342,249 878,85 676,12,18,145,114,1 531 917,23 897 125,6 499 909,16,17,mistral_table,mistral_table,no
396,RONDON,33,161,110,8 814,229 451,23 088,15,15,74,40,450 398,29 278 704,6 165 574,16,17,mistral_table,mistral_table,no
397,SABAUDIA,7,14,-,320,1 561,1 056,9,9,25,5,55 484,1 769 488,512 666,16,17,mistral_table,mistral_table,no
398,SALGADO FILHO,12,88,49,4 360,33 666,16 548,,,,,,,,18,19,mistral_table,missing,yes
399,SALTO DO ITARARE,3,7,-,191,1 064,643,,,,,,,,18,19,mistral_table,missing,yes
400,SALTO DO LONTRA,42,237,141,16 965,132 566,81 647,,,,,,,,18,19,mistral_table,missing,yes
401,SANTA AMELIA,4,6,1,466,18 579,5 311,,,,,,,,18,19,mistral_table,missing,yes
402,SANTA CECILIA DO PAVÃO,6,21,4,549,1 096,667,(A),4,8,2,43 058,297 350,248 319,18,19,mistral_table,tesseract_por_review,no
403,SANTA CRUZ DE MONTE CASTELO,21,117,73,6 642,242 887,60 168,u,15,56,25,200 131,11 7U 506,2 A59 375,18,19,mistral_table,pdf_text_layout,no
404,SANTA FE,27,141,65,11 583,444 907,47 894,,,,,,,,18,19,mistral_table,missing,yes
405,SANTA HELENA,37,111,41,5 487,22 654,13 638,3,3,8,3,24 805,130 871,82 064,18,19,mistral_table,tesseract_por_review,no
406,SANTA INES,3,14,9,842,2 750,2 359,,,,,,,,18,19,mistral_table,missing,yes
407,SANTA ISABEL DO IVAI,49,288,181,18 847,542 656,130 049,,,,,,,,18,19,mistral_table,missing,yes
408,SANTA IZABEL DO OESTE,25,162,115,9 913,53 970,36 704,14,15,87,37,204 685,1193 605,748 494,18,19,mistral_table,tesseract_por_review,no
409,SANTA MARIANA,25,224,160,17 866,1 101 412,550 701,,,,,,,,18,19,mistral_table,missing,yes
410,SANTANA DO ITARARE,5,7,2,271,1 343,720,,,,,,,,18,19,mistral_table,pdf_text_layout_partial,yes
411,SANTA TEREZINHA DE ITAIPU,-,-,-,-,-,-,,,,,,,,18,19,mistral_table,missing,yes
412,SANTO ANTONIO DA PLATINA,54,502,356,42 145,538 606,252 789,,,,,,,,18,19,mistral_table,pdf_text_layout_partial,yes
413,SANTO ANTONIO DO CAIUA,6,27,10,953,73 364,11 871,,,,,,,,18,19,mistral_table,missing,yes
414,SANTO ANTONIO DO PARAÍSO,5,7,3,361,4 339,1 020,,,,,,,,18,19,mistral_table,missing,yes
415,SANTO ANTONIO DO SUDOESTE,62,411,265,27 145,192 773,136 356,,,,,,,,18,19,mistral_table,missing,yes
416,SANTO INACIO,9,109,85,7 777,469 364,118 540,31,33,139,78,1,070 501,58,18,19,mistral_table,mistral_table,no
417,SÃO CARLOS DO IVAI,16,121,82,7 579,20 881,16 402,,,,,,,,18,19,mistral_table,missing,yes
418,SÃO JERONIMO DA SERRA,19,66,28,4 149,18 772,12 183,,,,,,,,18,19,mistral_table,missing,yes
419,SÃO JOÃO,18,166,130,8 328,51 191,28 905,,,,,,,,18,19,mistral_table,missing,yes
420,SÃO JOÃO DO CAIUA,13,43,16,3 058,91 400,3 567,,,,,,,,18,19,mistral_table,missing,yes
421,SÃO JOÃO DO IVAI,43,203,110,13 516,416 530,125 084,,,,,,,,18,19,mistral_table,missing,yes
422,SÃO JOÃO DO TRIUNFO,11,163,140,12 414,77 067,44 748,,,,,,,,18,19,mistral_table,missing,yes
423,SÃO JORGE D'OESTE,20,175,130,12 348,84 457,51 740,33,35,201,133,1,193 026,19,18,19,mistral_table,mistral_table,no
424,SÃO JORGE DO IVAI,8,15,3,798,2 607,1 281,,,,,,,,18,19,mistral_table,missing,yes
425,SÃO JORGE DO PATROCINIO,-,-,-,-,-,-,,,,,,,,18,19,mistral_table,missing,yes
426,SÃO JOSE DA BOA VISTA,7,17,8,941,3 351,1 977,12,13,37,15,95 516,587 304,288 463,18,19,mistral_table,tesseract_por_review,no
427,SÃO JOSE DOS PINHAIS,263,6 219,5 087,739 349,8 666 645,3 430 931,,,,,,,,18,19,mistral_table,missing,yes
428,SÃO MATEUS DO SUL,41,1 220,785,386 611,560 798,196 275,,,,,,,,18,19,mistral_table,missing,yes
429,SÃO MIGUEL DO IGUAÇU,45,441,304,26 151,204 529,128 353,,,,,,,,18,19,mistral_table,missing,yes
430,SÃO PEDRO DO IVAI,25,122,79,5 872,52 114,23 238,,,,,,,,18,19,mistral_table,missing,yes
431,SÃO PEDRO DO PARANA,6,26,11,1 983,84 033,18 369,32,35,20.,"1••.,","113 .,,.",• 7 16 . . .,• .C•O UI,18,19,mistral_table,pdf_text_layout,no
432,SÃO SEBASTIÃO DA AMOREIRA,5,31,15,2 088,31 697,16 446,6,6,13,3,67 333,584 784,252 111,18,19,mistral_table,tesseract_por_review,no
433,SÃO TOME,12,34,14,1 847,90 166,2 098,,,,,,,,18,19,mistral_table,pdf_text_layout_partial,yes
434,SAPOPEMA,8,45,21,2 069,11 037,8 609,,,,,,,,18,19,mistral_table,missing,yes
435,SARANDI,-,-,-,-,-,-,,,,,,,,18,19,mistral_table,missing,yes
436,SENGES,25,304,218,42 063,604 816,210 112,,,,,,,,18,19,mistral_table,missing,yes
437,SERTANEJA,15,85,65,11 193,114 317,29 275,,,,,,,,18,19,mistral_table,missing,yes
438,SERTANDPOLIS,34,195,120,12 085,92 374,38 820,,,,,,,,18,19,mistral_table,missing,yes
439,SIQUEIRA CAMPOS,43,227,134,10 741,83 776,47 292,,,,,,,,18,19,mistral_table,missing,yes
440,TAMBOARA,8,57,25,5 693,184 878,62 176,,,,,,,,18,19,mistral_table,missing,yes
441,TAPEJARA,19,159,89,10 165,180 765,42 026,15,17,302 253,1 •11,105,". . . ., 119",ZI 117 237,18,19,mistral_table,pdf_text_layout,no
442,TAPIRA,22,96,51,3 989,34 227,11 160,,,,,,,,18,19,mistral_table,missing,yes
443,TEIXEIRA SOARES,15,492,445,35 755,261 736,106 801,,,,,,,,18,19,mistral_table,missing,yes
444,TELEMACO BORBA,61,4 101,3 267,937 219,14 625 309,5 656 777,,,,,,,,18,19,mistral_table,missing,yes
445,TERRA BOA,33,156,86,9 286,451 345,77 200,28,30,247,188,1 084 114,51 567 057,15 667 975,20,21,mistral_table,mistral_table,no
446,TERRA RICA,37,226,128,12 447,404 747,64 070,29,32,171,90,1 058 391,45 549 610,10 109 611,20,21,mistral_table,mistral_table,no
447,TERRA ROXA,48,237,127,14 624,118 754,44 373,39,40,179,109,1 031 817,19 604 806,4 154 773,20,21,mistral_table,mistral_table,no
448,TIBAGI,13,222,198,16 042,87 545,49 299,26,32,233,182,1 670 630,4 883 423,3 535 051,20,21,mistral_table,mistral_table,no
449,TIJUCAS DO SUL,11,120,91,9 639,44 747,28 849,6,6,118,103,712 221,4 478 076,2 840 053,20,21,mistral_table,mistral_table,no
450,TOLEDO,148,3 750,3 034,452 823,9 916 176,2 053 788,139,162,4 847,3 963,64 705 799,1 463 363 312,450 920 717,20,21,mistral_table,mistral_table,no
451,TOMAZINA,16,63,32,2 274,8 115,5 086,16,16,61,30,254 754,1 855 658,827 889,20,21,mistral_table,mistral_table,no
452,TRES BARRAS DO PARANÁ,-,-,-,-,-,-,10,11,97,77,560 932,2 253 128,1 240 000,20,21,mistral_table,mistral_table,no
453,TUNEIRAS DO OESTE,15,36,10,1 826,15 543,8 094,10,11,30,8,110 022,977 660,-98 266,20,21,mistral_table,mistral_table,no
454,TUPÁSSI,-,-,-,-,-,-,10,10,30,11,61 482,463 881,248 363,20,21,mistral_table,mistral_table,no
455,TURVO,-,-,-,-,-,-,13,18,488,441,4 354 910,63 672 388,35 864 331,20,21,mistral_table,mistral_table,no
456,UBIRATÁ,31,156,96,9 463,54 233,34 547,17,21,152,120,1 736 274,57 539 517,29 040 469,20,21,mistral_table,mistral_table,no
457,UMUARAMA,199,1 716,1 163,168 330,5 537 116,1 254 581,123,143,1 757,1 364,13 951 703,498 651 581,122 160 199,20,21,mistral_table,mistral_table,no
458,UNIÃO DA VITORIA,198,4 732,4 060,441 316,5 477 526,2 765 402,108,141,4 563,4 050,35 209 169,384 153 655,202 471 079,20,21,mistral_table,mistral_table,no
459,UNIFLOR,4,8,3,882,39 064,6 130,3,3,11,5,90 436,342 008,170 699,20,21,mistral_table,mistral_table,no
460,URAI,18,335,292,19 105,253 998,64 744,11,14,457,408,3 337 506,38 841 574,17 783 397,20,21,mistral_table,mistral_table,no
461,VENCESLAU BRAZ,16,82,57,5 031,162 188,20 509,15,19,86,53,537 133,6 096 167,872 085,20,21,mistral_table,mistral_table,no
462,VERA CRUZ DO OESTE,-,-,-,-,-,-,21,22,122,79,645 108,3 852 347,2 268 786,20,21,mistral_table,mistral_table,no
463,VERE,13,132,103,6 772,47 415,24 679,12,12,65,41,310 441,2 327 694,1 506 056,20,21,mistral_table,mistral_table,no
464,VITORINO,13,224,176,16 090,117 323,52 953,12,12,126,95,680 806,3 654 000,2 814 630,20,21,mistral_table,mistral_table,no
465,XAMBRE,13,97,52,5 536,56 966,18 860,7,7,19,6,47 805,883 339,434 808,20,21,mistral_table,mistral_table,no
466,SANTA CATARINA,11 363,301 116,239 013,37 797 451,387 151 885,168 322 383,8 859,10 431,310 272,257 127,3 525 254 773,42 842 518 947,19 388 881 594,20,21,mistral_table,mistral_table,no
467,EXTRATIVA MINERAL,195,10 507,9 211,1 977 404,7 537 930,5 386 940,91,137,12 131,10 841,203 518 337,947 340 662,623 910 406,20,21,mistral_table,mistral_table,no
468,TRANSFORMAÇÃO,11 129,288 396,228 137,35 427 895,378 984 131,162 356 428,8 768,10 294,298 141,246 286,3 321 736 436,41 895 178 285,18 764 971 188,20,21,mistral_table,mistral_table,no
469,NAO METALICOS,373,27 753,22 001,2 833 545,19 754 546,12 089 377,1 053,1 143,25 319,21 405,232 594 420,1 791 445 697,1 112 449 887,20,21,mistral_table,mistral_table,no
470,MECURUCA,708,18 956,14 773,2 499 252,23 612 272,10 524 479,684,763,18 011,13 889,250 399 099,2 241 115 910,1 077 182 156,20,21,mistral_table,mistral_table,no
471,MECANICA,597,23 321,18 976,3 631 849,27 653 332,13 265 135,308,440,23 538,19 740,390 548 851,3 293 802 621,1 676 773 018,20,21,mistral_table,mistral_table,no
472,MATERIAL ELÉTRICO,134,5 925,4 603,1 849 595,9 187 584,3 688 705,79,116,8 717,7 160,132 238 130,1 573 145 478,730 545 026,20,21,mistral_table,mistral_table,no
473,TRANSPORTE,244,5 236,4 061,745 103,8 385 980,4 224 349,211,234,6 326,5 042,83 030 646,546 599 168,320 038 654,20,21,mistral_table,mistral_table,no
474,MADEIRA,3 069,53 750,43 078,4 478 363,34 415 999,19 826 983,2 143,2 431,42 859,36 813,292 369 632,2 119 192 049,1 226 292 719,20,21,mistral_table,mistral_table,no
475,MOBILIARIO,931,15 228,12 062,1 608 928,10 999 428,6 121 406,850,906,17 729,14 877,144 831 883,1 110 013 811,618 236 568,20,21,mistral_table,mistral_table,no
476,PAPEL E PAPELÃO,147,8 011,6 281,1 214 875,19 813 816,6 087 071,69,157,8 987,7 337,125 543 498,2 336 215 572,957 139 460,20,21,mistral_table,mistral_table,no
477,BORRACHA,58,786,585,95 020,610 489,337 928,55,57,988,827,9 636 153,67 724 102,35 675 669,20,21,mistral_table,mistral_table,no
478,COURSE E PELES,40,986,633,102 041,1 258 057,469 247,41,47,1 436,1 280,11 175 629,155 476 649,63 254 639,20,21,mistral_table,mistral_table,no
479,QUÍMICA,129,3 451,2 574,597 556,8 622 936,3 801 387,70,143,3 876,3 072,67 896 197,928 984 577,455 836 299,20,21,mistral_table,mistral_table,no
480,FARMACÉUTICA,7,404,228,67 208,483 432,302 890,8,10,480,296,8 271 136,74 583 923,46 794 277,20,21,mistral_table,mistral_table,no
481,PERFUMARIA,25,357,220,55 161,410 682,196 546,23,24,204,147,1 808 827,13 998 200,7 757 295,20,21,mistral_table,mistral_table,no
482,MATS. PLASTICAS,97,8 002,5 713,1 177 569,19 302 185,9 275 922,68,108,8 428,6 643,114 653 546,1 712 684 949,982 624 274,20,21,mistral_table,mistral_table,no
483,TEXTIL,355,39 993,32 891,6 755 286,54 854 592,18 633 063,144,242,28 096,25 073,415 234 625,6 092 765 032,2 230 029 220,20,21,mistral_table,mistral_table,no
484,VESTUÁRIO,782,31 504,26 960,3 019 263,34 986 260,20 558 849,961,1 038,52 737,46 089,451 842 071,4 493 925 205,2 556 499 832,20,21,mistral_table,mistral_table,no
485,ALIMENTARES,1 734,31 526,22 695,3 722 625,87 866 238,23 884 247,1 435,1 723,37 369,28 105,390 517 808,11 572 314 554,3 671 444 037,20,21,mistral_table,mistral_table,no
486,BEBIDAS,132,1 819,1 168,1 231 629,2 070 752,1 141 404,98,114,1 491,1 056,18 373 570,179 916 265,97 386 192,20,21,mistral_table,mistral_table,no
487,FUMO,50,1 996,1 261,596 720,6 624 825,2 890 506,15,58,2 695,1 195,77 634 781,888 372 852,497 381 306,20,21,mistral_table,mistral_table,no
488,GRAFICA,274,3 551,2 348,458 397,1 710 906,1 115 917,235,290,3 805,2 507,38 388 528,175 922 783,108 453 482,20,21,mistral_table,mistral_table,no
489,DIVERSAS,243,5 839,4 626,697 910,6 380 019,3 940 929,218,250,5 050,3 733,64 947 406,526 978 888,291 177 178,20,21,mistral_table,mistral_table,no
490,FLORIANÓPOLIS,272,3 800,2 433,640 699,1 848 214,1 122 118,197,261,3 232,1 850,48 293 064,213 995 159,118 893 990,20,21,mistral_table,mistral_table,no
491,EXTRATIVA MINERAL,5,64,21,7 248,20 202,13 388,2,2,(D),(C),(X),(D),(X),20,21,mistral_table,mistral_table,no
492,TRANSFORMAÇÃO,267,3 736,2 412,633 451,1 828 012,1 108 730,195,259,(F),(F),(X),(G),(X),20,21,mistral_table,mistral_table,no
493,NAO METALICOS,18,248,170,37 646,183 859,76 545,5,11,114,85,1 678 379,13 218 253,3 806 828,20,21,mistral_table,mistral_table,no
494,METALÚRGICA,20,123,85,11 499,42 052,19 957,14,15,58,32,527 408,1 608 154,1 057 977,20,21,mistral_table,mistral_table,no
495,MECANICA,20,146,99,28 543,65 536,54 291,13,19,118,82,1 369 766,4 595 585,3 628 216,20,21,mistral_table,mistral_table,no
496,MATERIAL ELÉTRICO,8,118,81,25 640,48 990,34 826,6,18,107,60,3 804 223,11 260 170,10 997 073,20,21,mistral_table,mistral_table,no
497,TRANSPORTE,3,26,17,2 819,8 240,4 298,4,4,16,11,115 276,506 810,52 117,20,21,mistral_table,mistral_table,no
498,MADEIRA,20,128,67,13 297,45 478,29 113,11,12,55,32,329 097,1 937 780,957 881,20,21,mistral_table,mistral_table,no
499,MOBILIARIO,25,257,181,26 704,134 215,81 075,14,17,207,158,1 564 389,13 057 521,7 313 876,20,21,mistral_table,mistral_table,no
500,PAPEL E PAPELÃO,3,24,12,2 683,29 549,14 935,-,4,18,-,1 290 771,-,-,20,21,mistral_table,mistral_table,no
501,BORRACHA,3,10,-,1 501,-,-,1,1,(D),(D),(X),(F),(X),20,21,mistral_table,mistral_table,no
502,QUÍMICA,3,10,-,1 501,-,-,-,2,(D),(A),(X),(A),(X),20,21,mistral_table,mistral_table,no
503,FARMACÉUTICA,1,(D),(D),(X),(E),(X),1,2,(E),(D),(X),(F),(X),20,21,mistral_table,mistral_table,no
504,MATS. PLASTICAS,4,22,13,940,34 813,12 601,2,3,35,20,301 919,6 942 386,1 251 525,20,21,mistral_table,mistral_table,no
505,TEXTIL,4,219,213,18 994,82 395,45 094,4,5,123,115,692 883,2 833 577,1 165 429,20,21,mistral_table,mistral_table,no
506,VESTUÁRIO,25,214,162,16 373,86 477,36 584,30,31,283,202,2 065 604,9 070 993,5 472 702,20,21,mistral_table,mistral_table,no
507,ALIMENTARES,86,1 108,751,160 599,533 194,330 404,59,66,770,520,8 345 048,73 827 690,35 217 567,20,21,mistral_table,mistral_table,no
508,BEBIDAS,3,107,74,20 446,104 797,39 945,1,2,(F),(E),(X),(F),(X),20,21,mistral_table,mistral_table,no
509,FUMO,2,(E),(D),(X),(C),(X),-,2,(E),(A),(X),(D),(X),20,21,mistral_table,mistral_table,no
510,GRAFICA,31,818,415,153,867,361 540,,,,,,,,22,23,mistral_table,mistral_table_partial,yes
511,DIVERSAS,11,45,28,4,463,12 875,,,,,,,,22,23,mistral_table,mistral_table_partial,yes
512,ALUMENAU,648,40,508,32,126,7 638,,,,,,,,22,23,mistral_table,missing,yes
513,PAPEL E PAPELÃO,15,987,806,156,073,1 513,,,,,,,,22,23,mistral_table,missing,yes
514,TEXTIL,69,17,169,13,185,4 170,,,,,,,,22,23,mistral_table,missing,yes
515,VESTUÁRIO,85,9,433,8,221,1 105,,,,,,,,22,23,mistral_table,missing,yes
516,FUMO,9,1,002,693,263 898,4,,,,,,,,22,23,mistral_table,missing,yes
517,DIVERSAS,32,1,229,975,199 525,3,,,,,,,,22,23,mistral_table,missing,yes
518,DEMAIS GÉNEROS,438,10,688,8,246,1 743,,,,,,,,22,23,mistral_table,missing,yes
519,CHAPECO,182,4,523,3,555,492 667,,,,,,,,22,23,mistral_table,missing,yes
520,TRANSPORTE,12,186,153,21,626,193 944,209 257,6 379,5 469,52,291 947,609 476,512 289,22,23,mistral_table,mistral_table,no
521,MADEIRA,34,436,322,37,208,220 942,,,,,,,,22,23,mistral_table,mistral_table_partial,yes
522,ALIMENTARES,42,2,511,1,976,298 364,,,,,,,,22,23,mistral_table,missing,yes
523,BEBIDAS,2,(D),tD),(X),(E),(X),,,,,,,,22,23,tesseract_por_review,mistral_table_partial,yes
524,GRAFICA,,,,,,,,,,,,,,22,23,mistral_table_partial,mistral_table_partial,yes
525,DEMAIS GÉNEROS,85,1,278,1,032,125 963,,,,,,,,22,23,mistral_table,missing,yes
526,CRICIUMA,349,16,382,13,847,2 393,276,331,18 460,16 257,222 589 82•,1 762 937 709,923 7$3 ou,22,23,mistral_table,pdf_text_layout,no
527,NAO METÁLICOS,47,3,567,3,063,479 956,30,39,3 358,2 9S4,41 IS1 S56,• 08 904 033,231 797 6 12,22,23,mistral_table,pdf_text_layout,no
528,QUIMICA,12,845,727,129,259,2 048,,,,,,,,22,23,mistral_table,mistral_table_partial,yes
529,VESTUÁRIO,49,1,670,1,486,104 746,78,81,3 958,3 686,19 728 257,179 953 825,90 816 896,22,23,mistral_table,pdf_text_layout,no
530,ALIMENTARES,35,1,777,853,128 595,1,,,,,,,,22,23,mistral_table,mistral_table_partial,yes
531,DEMAIS GÉNEROS,176,4,357,3,496,496 318,,,,,,,,22,23,mistral_table,missing,yes
532,ITALIAI,287,5,757,4,295,778 202,218,245,988,• 674,70 794 126,753 511 768,446 9'5 224,22,23,mistral_table,pdf_text_layout,no
533,NAO METÁLICOS,45,665,474,88,186,910 915,26,29,383,280,4 302 '13,81 6 1 6 091,45 883 013,22,23,mistral_table,pdf_text_layout,no
534,MATERIAL ELÉTRICO,12,252,244,46,093,480 596,,,,,,,,22,23,mistral_table,mistral_table_partial,yes
535,TRANSPORTE,16,536,411,111,165,418 928,,,,,,,,22,23,mistral_table,mistral_table_partial,yes
536,PAPEL E PAPELÃO,6,363,307,31,703,674 674,,,,,,,,22,23,mistral_table,mistral_table_partial,yes
537,ALIMENTARES,55,1,527,1,194 075,2,,,,,,,,22,23,mistral_table,pdf_text_tokens_partial,yes
538,DEMAIS GÉNEROS,159,2,413,1,740,306 980,,,,,,,,22,23,mistral_table,missing,yes
539,JOINVILLE,819,47,278,37,155,6 411,•n,649,•6 202,37 310,657 1 S4 911,7 393 6U 031,3 710 979 7 1•,22,23,mistral_table,pdf_text_layout,no
540,METALÚRGICA,113,9,053,7,129,124 513,,,,,,,,22,23,mistral_table,missing,yes
541,MECÂNICA,152,10,971,8,387,1 600,,,,,,,,22,23,mistral_table,missing,yes
542,MATS. PLÁSTICAS,40,5,990,3,782,896 412,,,,,,,,22,23,mistral_table,pdf_text_layout_partial,yes
543,TEXTIL,53,3,904,3,480,492 703,,,,,,,,22,23,mistral_table,missing,yes
544,VESTUÁRIO,48,6,402,5,628,641 745,,,,,,,,22,23,mistral_table,missing,yes
545,DEMAIS GÉNEROS,413,11,358,8,749,1 534,251,317,9 220,7 235,129 503 908,1 166 805 716,SI S 151 400,22,23,mistral_table,pdf_text_layout,no
546,LAGES,341,9,143,7,233,1 177,,,,,,,,22,23,mistral_table,missing,yes
547,MECÂNICA,18,801,736,150,405,531 459,,,,,,,,22,23,mistral_table,mistral_table_partial,yes
548,MADEIRA,102,3,843,3,350,345 400,,,,,,,,22,23,mistral_table,missing,yes
549,MOBILIÁRIO,23,225,170,17,511,139 098,,,,,,,,22,23,mistral_table,mistral_table_partial,yes
550,PAPEL E PAPELÃO,13,2,145,1,414,448 788,,,,,,,,22,23,mistral_table,mistral_table_partial,yes
551,ALIMENTARES,38,672,476,73,047,1 820,,,,,,,,22,23,mistral_table,mistral_table_partial,yes
552,DEMAIS GÉNEROS,147,1,457,1,087,142 163,,,,,,,,22,23,mistral_table,missing,yes
553,SÃO JOSE,179,2,985,2,265,291 044,,,,,,,,22,23,mistral_table,missing,yes
554,NAO METÁLICOS,1,310,234,38,384,329 485,,,,,,,,22,23,mistral_table,mistral_table_partial,yes
555,MATERIAL ELÉTRICO,1,(F),(E),(X),(E),(X),,,,,,,,22,23,tesseract_por_review,mistral_table_partial,yes
556,MOBILIÁRIO,25,208,138,20,367,128 231,,,,,,,,22,23,mistral_table,mistral_table_partial,yes
557,TEXT I L,6,IF'I,(FI,IX),([ ),( XI,,,,,,,,22,23,pdf_text_layout,mistral_table_partial,yes
558,ALIMENTARES,37,630,442,55,373,1 084,,,,,,,,22,23,mistral_table,mistral_table_partial,yes
559,DEMAIS GÉNEROS,87,1,563,1,253,145 975,108,126,1 336,815,13 131 904,63 019 01 1,37 101 79S,22,23,mistral_table,pdf_text_layout,no
560,ABELARDO LUZ,46,573,415,41,536,535 894,,,,,,,,22,23,mistral_table,mistral_table_partial,yes
561,AGROLÂNDIA,30,414,317,35,753,221 799,,,,,,,,22,23,mistral_table,mistral_table_partial,yes
562,AGRONÔMICA,21,126,76,9,300,39 281,,,,,,,,22,23,mistral_table,mistral_table_partial,yes
563,AGUA DOCE,31,480,400,35,030,449 935,,,,,,,,22,23,mistral_table,mistral_table_partial,yes
564,AGUAS DE CHAPECO,7,48,30,3,519,13 621,,,,,,,,22,23,mistral_table,mistral_table_partial,yes
565,AGUAS MORNAS,10,101,83,6,700,31 320,5,5,22,10,67 866,296 866,141 922,22,23,mistral_table,mistral_table,no
566,ALFREDO MAGNER,15,76,50,4,539,26 099,,,,,,,,22,23,mistral_table,mistral_table_partial,yes
567,ANCHISTA,28,238,149,15,189,129 084,28,28,15 5,99,587 604,6 192 595,3 521 599,22,23,mistral_table,pdf_text_layout,no
568,ANGELINA,18,92,56,4,510,14 812,7,7,53,39,290 434,862 000,598 887,22,23,mistral_table,mistral_table,no
569,ANITA GARIBALDI,21,170,106,7,183,36 871,,,,,,,,22,23,mistral_table,mistral_table_partial,yes
570,ANITAPOLIS,22,211,96,16,827,93 196,16,16,82,AS,703 05S,1 936 '47,", 2S5 4 17",22,23,mistral_table,pdf_text_layout,no
571,ANTÔNIO CARLOS,25,143,66,6,294,25 705,,,,,,,,22,23,mistral_table,mistral_table_partial,yes
572,ARAQUARI,17,362,297,34,593,183 975,9,11,A66,AO\,408 711,28 011 4 61,1 6 914 752,22,23,mistral_table,pdf_text_layout,no
573,ARARANQUA,142,1,346,898,101,235 829,137,145,3 113,2 710,11 770 474,154 284 229,70 292 751,22,23,mistral_table,pdf_text_layout,no
574,ARMAZEM,17,166,112,10,408,100 314,,,,,,,,22,23,mistral_table,mistral_table_partial,yes
575,ARROIO TRINTA,14,116,66,6,858,32 526,,,,,,,,22,23,mistral_table,mistral_table_partial,yes
576,ASCURRA,34,594,511,59,514,391 804,,,,,,,,22,23,mistral_table,mistral_table_partial,yes
577,ATALANTA,6,23,15,1,337,3 433,6,6,31,22,171 $26,1 559 11 5,1 210 699,22,23,mistral_table,pdf_text_layout,no
578,AURORA,6,31,24,2,301,21 641,7,8,39,24,168 398,0 99 372,731 303,22,23,mistral_table,pdf_text_layout,no
579,BALNEARIO CAMBORIU,60,584,430,48 012,642 306,244 376,66,72,481,321,2 931 061,25 128 922,12 557 739,24,25,mistral_table,mistral_table,no
580,BARRA VELHA,54,170,92,19 076,102 529,50 842,24,24,111,64,549 359,5 548 557,2 298 857,24,25,mistral_table,mistral_table,no
581,BENEDITO NOVO,78,1 558,1 357,106 804,436 296,306 556,70,74,743,635,3 982 824,18 015 791,11 164 080,24,25,mistral_table,mistral_table,no
582,BIGUAÇU,41,799,563,88 256,1 128 216,457 028,31,37,781,626,7 640 693,135 308 916,41 479 155,24,25,mistral_table,mistral_table,no
583,BOM JARDIM DA SERRA,23,552,481,40 217,715 733,341 515,7,9,158,150,881 292,8 483 752,-7 107 039,24,25,mistral_table,mistral_table,no
584,BOM RETIRO,22,235,180,11 619,68 581,44 898,15,16,102,73,566 777,3 473 037,2 676 270,24,25,mistral_table,mistral_table,no
585,BOTUVERA,29,269,191,16 031,119 445,88 655,21,21,174,123,948 871,4 337 079,3 119 944,24,25,mistral_table,mistral_table,no
586,BRAÇO DO NORTE,61,649,485,38 236,504 352,290 024,56,56,792,644,5 622 295,65 708 001,37 821 996,24,25,mistral_table,mistral_table,no
587,BRUSQUE,230,10 335,8 161,1 350 938,12 554 588,4 719 987,195,234,9 499,8 169,132 340 625,1 645 220 030,706 819 088,24,25,mistral_table,mistral_table,no
588,CAÇADOR,151,5 398,4 686,508 356,4 512 042,2 262 159,92,125,7 153,6 570,61 001 985,574 384 729,305 822 838,24,25,mistral_table,mistral_table,no
589,CAIBI,21,174,102,10 063,111 433,75 619,15,15,123,92,536 926,4 249 259,1 811 264,24,25,mistral_table,mistral_table,no
590,CAMBORIU,49,364,242,25 065,185 928,67 293,51,52,405,303,3 856 479,20 854 168,12 535 550,24,25,mistral_table,mistral_table,no
591,CAMPO ALEGRE,55,812,606,80 603,615 803,268 496,39,45,668,541,4 653 905,39 129 300,20 328 378,24,25,mistral_table,mistral_table,no
592,CAMPO BELO DO SUL,11,261,211,17 090,204 231,78 865,5,6,295,275,3 332 984,35 517 867,20 220 550,24,25,mistral_table,mistral_table,no
593,CAMPO ERE,44,399,284,25 599,196 936,116 013,46,54,322,216,1 519 714,8 542 977,5 683 249,24,25,mistral_table,mistral_table,no
594,CAMPOS NOVOS,72,1 930,1 489,185 368,2 170 461,1 085 702,46,63,1 636,1 474,11 435 055,132 152 482,61 038 493,24,25,mistral_table,mistral_table,no
595,CANELINHA,55,820,573,71 230,472 253,328 362,66,66,700,563,3 752 712,25 649 304,13 968 802,24,25,mistral_table,mistral_table,no
596,CANOINHAS,121,4 107,3 445,394 826,3 795 505,1 837 003,75,94,4 611,4 217,33 955 492,230 171 615,114 434 714,24,25,mistral_table,mistral_table,no
597,CAFINZAL,49,1 549,1 346,110 733,1 226 200,394 957,44,55,1 878,1 558,17 860 956,420 248 208,155 353 620,24,25,mistral_table,mistral_table,no
598,CATANDUVAS,31,1 481,1 346,175 496,2 639 677,1 208 991,10,26,2 158,1 853,17 521 570,424 133 583,164 820 641,24,25,mistral_table,mistral_table,no
599,CAXAMBU DO SUL,12,80,55,4 441,16 204,11 259,12,13,39,19,260 252,1 385 166,1 038 358,24,25,mistral_table,mistral_table,no
600,CONCORDIA,117,3 830,2 970,550 662,10 765 538,2 199 916,95,108,4 349,3 563,51 053 976,1 334 977 983,346 647 785,24,25,mistral_table,mistral_table,no
601,CORONEL FREITAS,47,354,215,20 935,168 378,110 494,33,34,222,142,1 260 433,6 684 977,4 223 773,24,25,mistral_table,mistral_table,no
602,CORUPA,50,790,678,67 402,399 755,216 401,43,45,943,833,8 044 801,39 830 477,26 107 453,24,25,mistral_table,mistral_table,no
603,CORREIA PINTO,-,-,-,-,-,-,13,21,1 052,759,24 667 231,349 225 246,143 154 386,24,25,mistral_table,mistral_table,no
604,CUNHA PORÃ,49,457,312,31 220,155 699,102 037,50,53,381,300,2 324 058,10 266 318,6 994 814,24,25,mistral_table,mistral_table,no
605,CURITIBANOS,114,2 625,2 197,215 281,1 949 328,1 043 909,80,97,2 230,1 954,17 482 306,137 463 736,84 666 359,24,25,mistral_table,mistral_table,no
606,DESCANSO,34,295,210,15 102,102 928,78 380,25,30,214,148,829 220,8 780 307,4 389 012,24,25,mistral_table,mistral_table,no
607,DIONISIO CERQUEIRA,13,65,40,4 158,50 860,45 120,8,11,40,16,408 617,581 765,462 869,24,25,mistral_table,mistral_table,no
608,DONA EMMA,15,133,104,12 955,89 022,54 349,13,13,113,87,835 226,5 558 251,2 857 295,24,25,mistral_table,mistral_table,no
609,ERVAL VELHO,13,140,98,10 392,50 164,26 210,14,14,148,92,694 207,4 515 698,2 186 072,24,25,mistral_table,mistral_table,no
610,FACHINAL DOS QUEDES,18,663,578,51 131,389 178,245 474,11,16,499,429,2 895 258,31 349 988,21 470 531,24,25,mistral_table,mistral_table,no
611,FRAIBURGO,34,1 014,830,128 240,1 477 576,466 396,15,33,1 509,1 378,16 074 742,160 405 202,54 179 524,24,25,mistral_table,mistral_table,no
612,GALVÃO,14,99,64,4 923,35 319,18 152,13,13,47,18,190 000,1 477 739,1 012 234,24,25,mistral_table,mistral_table,no
613,GAROPABA,9,28,10,1 871,11 553,5 774,7,7,44,31,213 896,2 616 138,1 835 728,24,25,mistral_table,mistral_table,no
614,GARUVA,33,327,271,21 599,106 048,51 801,28,31,483,419,3 017 305,15 307 055,5 912 638,24,25,mistral_table,mistral_table,no
615,GASPAR,135,4 366,3 635,523 581,7 699 453,2 698 508,114,132,4 249,3 056,47 924 731,844 943 249,389 247 766,24,25,mistral_table,mistral_table,no
616,GOVERNADOR CELSO RAMOS,11,344,307,19 180,141 777,66 195,12,12,233,212,2 666 310,17 662 812,6 840 398,24,25,mistral_table,mistral_table,no
617,GRÃO PARA,28,157,103,8 570,39 289,23 665,15,15,75,37,262 669,1 606 858,1 066 546,24,25,mistral_table,mistral_table,no
618,GRAVATAL,12,98,54,8 747,39 297,32 647,13,13,62,41,269 138,1 106 998,551 248,24,25,mistral_table,mistral_table,no
619,GUABIRUBA,43,584,479,43 629,297 312,127 624,44,44,575,476,3 796 485,32 717 925,14 805 654,24,25,mistral_table,mistral_table,no
620,GUARACIABA,34,282,181,14 658,109 682,70 111,33,34,225,169,1 082 422,5 850 334,4 142 003,24,25,mistral_table,mistral_table,no
621,GUARAMIRIM,53,1 009,770,108 918,1 219 572,431 045,60,69,1 535,1 189,12 527 325,174 890 878,82 797 581,24,25,mistral_table,mistral_table,no
622,GUARUJA DO SUL,19,136,91,9 199,34 436,24 850,9,10,64,54,380 484,1 705 330,1 280 146,24,25,mistral_table,mistral_table,no
623,HERVAL D'OESTE,28,636,488,65 508,966 593,305 291,18,23,701,519,8 517 543,211 370 465,76 052 655,24,25,mistral_table,mistral_table,no
624,IBICARE,12,75,51,5 490,27 269,12 512,8,8,61,47,338 824,2 775 706,1 447 609,24,25,mistral_table,mistral_table,no
625,IBIRAMA,97,2 766,2 381,271 471,1 458 936,860 267,62,77,2 766,2 532,24 127 678,147 361 735,92 084 229,24,25,mistral_table,mistral_table,no
626,ICARA,82,1 402,1 025,124 336,755 942,350 742,65,73,962,832,8 187 356,59 168 047,36 133 532,26,27,mistral_table,mistral_table,no
627,ILNOTA,27,551,387,69 167,2 999 657,1 178 688,11,14,473,391,6 891 974,269 872 436,137 258 495,26,27,mistral_table,mistral_table,no
628,IMARUI,23,140,77,13 082,61 570,36 977,24,25,126,81,651 302,3 324 165,2 241 410,26,27,mistral_table,mistral_table,no
629,IMBITUBA,34,1 631,1 376,327 793,2 313 485,1 260 572,23,29,1 483,1 177,30 952 588,403 015 565,185 487 866,26,27,mistral_table,mistral_table,no
630,IMBUIA,7,38,25,2 735,13 763,8 061,3,3,9,3,55 220,236 707,155 127,26,27,mistral_table,mistral_table,no
631,INDAIAL,144,4 394,3 640,420 004,3 948 717,1 855 177,99,115,4 344,3 910,38 335 239,334 696 053,137 612 112,26,27,mistral_table,mistral_table,no
632,IPIRA,8,58,45,3 465,17 178,10 544,5,6,20,12,89 698,249 092,163 568,26,27,mistral_table,mistral_table,no
633,IPUMIRIM,12,94,60,10 148,78 365,53 512,9,10,159,125,1 106 634,8 103 034,5 222 762,26,27,mistral_table,mistral_table,no
634,IRANI,11,180,152,12 988,146 676,119 159,8,8,52,38,240 117,1 387 618,994 026,26,27,mistral_table,mistral_table,no
635,IRINESPOLIS,14,123,98,8 934,32 655,24 454,11,11,103,80,534 156,2 368 458,1 698 289,26,27,mistral_table,mistral_table,no
636,ITA,14,59,21,5 107,15 446,9 645,13,15,71,41,361 279,1 597 747,1 126 629,26,27,mistral_table,mistral_table,no
637,ITAIOPOLIS,78,960,696,67 966,531 085,309 999,42,55,765,669,4 187 474,32 713 735,21 389 357,26,27,mistral_table,mistral_table,no
638,ITAPEMA,8,40,22,2 734,12 886,8 226,12,12,53,30,272 064,2 362 239,1 436 535,26,27,mistral_table,mistral_table,no
639,ITAPIRANGA,60,856,648,73 576,1 505 776,347 769,58,65,1 178,955,9 048 430,199 766 505,33 729 536,26,27,mistral_table,mistral_table,no
640,ITUPORANGA,44,362,261,26 427,144 221,85 413,38,39,379,308,2 284 258,24 107 628,9 147 319,26,27,mistral_table,mistral_table,no
641,JABORA,9,89,64,6 798,30 146,13 525,5,5,101,89,505 389,3 220 283,2 057 748,26,27,mistral_table,mistral_table,no
642,JACINTO MACHADO,25,150,83,8 445,100 284,32 338,21,22,203,104,1 454 784,15 838 359,5 583 764,26,27,mistral_table,mistral_table,no
643,JAQUARUNA,82,611,298,24 585,88 546,57 312,113,113,704,407,1 989 255,17 404 125,12 270 104,26,27,mistral_table,mistral_table,no
644,JARAGUA DO SUL,295,14 100,11 432,1 717 654,18 124 602,7 660 257,242,299,15 956,13 344,199 748 893,2 476 785 959,1 141 875 827,26,27,mistral_table,mistral_table,no
645,JOAÇABA,128,2 560,2 054,334 786,5 313 975,1 569 266,74,98,2 357,1 904,26 977 809,559 612 784,229 235 557,26,27,mistral_table,mistral_table,no
646,LACERDOPLOIS,11,70,49,4 487,25 551,13 227,9,10,52,32,535 876,4 617 997,1 882 135,26,27,mistral_table,mistral_table,no
647,LAQUNA,31,795,674,66 944,427 509,226 597,26,33,592,486,4 191 251,41 282 195,16 288 527,26,27,mistral_table,mistral_table,no
648,LAURENTINO,24,176,94,13 159,230 291,137 343,24,27,172,103,949 766,15 066 516,7 252 386,26,27,mistral_table,mistral_table,no
649,LAURO MULLER,38,1 067,899,159 441,726 395,365 767,29,38,1 423,1 217,19 563 870,103 153 369,66 025 471,26,27,mistral_table,mistral_table,no
650,LEBON REGIS,21,346,274,34 841,284 567,135 408,12,14,296,275,1 289 382,24 443 264,8 462 955,26,27,mistral_table,mistral_table,no
651,LEOBERTO LEAL,5,26,16,1 344,5 936,3 672,3,3,40,37,191 341,502 269,285 753,26,27,mistral_table,mistral_table,no
652,LONTRAS,25,437,351,35 343,209 360,121 431,19,20,209,167,1 204 570,6 737 571,4 284 584,26,27,mistral_table,mistral_table,no
653,LUIZ ALVES,53,484,334,41 148,176 305,109 097,44,48,533,443,4 147 740,16 111 557,9 813 886,26,27,mistral_table,mistral_table,no
654,MAFRA,158,2 671,2 149,262 159,1 811 797,961 168,97,112,2 538,2 226,20 978 091,154 380 605,80 427 269,26,27,mistral_table,mistral_table,no
655,MAJOR GERCINO,22,99,52,4 333,17 271,8 785,13,13,35,14,130 688,1 368 157,858 433,26,27,mistral_table,mistral_table,no
656,MAJOR VIEIRA,10,96,71,4 949,22 529,12 084,7,9,45,25,120 193,440 078,358 880,26,27,mistral_table,mistral_table,no
657,MARACAJA,22,139,106,14 024,93 506,43 242,19,21,146,94,1 209 375,10 698 351,4 937 763,26,27,mistral_table,mistral_table,no
658,MARAVILHA,58,508,349,36 795,486 245,193 430,49,51,337,212,2 376 926,39 605 169,15 774 628,26,27,mistral_table,mistral_table,no
659,MASSARANDUBA,47,471,338,43 605,558 941,230 229,45,48,654,548,5 200 038,59 018 149,21 822 970,26,27,mistral_table,mistral_table,no
660,MATOS COSTA,15,185,157,14 741,110 236,65 444,7,16,308,285,1 679 544,10 054 651,7 114 550,26,27,mistral_table,mistral_table,no
661,MELEIRO,33,325,253,17 261,158 490,68 213,29,29,227,184,1 254 988,21 738 819,6 843 925,26,27,mistral_table,mistral_table,no
662,MODELO,24,214,150,10 836,75 067,50 870,18,18,165,130,813 666,4 731 205,3 420 870,26,27,mistral_table,mistral_table,no
663,MONDAI,55,499,346,33 310,200 851,122 619,54,57,395,276,2 236 430,14 461 093,6 639 794,26,27,mistral_table,mistral_table,no
664,MONTE CASTELE,10,84,66,4 836,25 822,15 437,7,11,142,122,585 686,12 767 649,6 161 181,26,27,mistral_table,mistral_table,no
665,MORRO DA FUMAÇA,96,1 603,1 325,127 787,862 401,627 605,73,79,1 615,1 445,14 984 917,136 337 951,64 396 313,26,27,mistral_table,mistral_table,no
666,NAVEGANTES,27,443,196,52 828,161 290,92 367,27,29,916,821,11 102 900,100 698 725,63 475 110,26,27,mistral_table,mistral_table,no
667,NOVA ERECHIM,2,(C),(B),(X),(B),(X),7,7,26,15,101 235,743 096,437 631,26,27,mistral_table,mistral_table,no
668,NOVA TRENTO,36,135,56,8 780,62 795,33 421,38,38,209,129,1 008 401,4 599 105,2 543 356,26,27,mistral_table,mistral_table,no
669,NOVA VENEZA,67,492,313,34 294,333 342,148 418,60,62,702,559,4 113 822,53 698 286,24 922 281,26,27,mistral_table,mistral_table,no
670,ORLEANS,81,924,656,80 171,438 597,221 924,52,58,761,606,5 041 898,42 401 090,18 065 675,26,27,mistral_table,mistral_table,no
671,OTACILIO COSTA,-,-,-,-,-,-,20,27,778,567,17 290 891,464 347 482,148 830 100,26,27,mistral_table,mistral_table,no
672,OURO,15,123,94,9 212,58 975,39 906,6,9,78,59,439 428,3 510 581,1 610 639,26,27,mistral_table,mistral_table,no
673,PALHOÇA,70,1 053,811,66 221,481 281,213 594,51,56,881,736,5 356 135,73 692 294,26 131 307,28,29,mistral_table,mistral_table,no
674,PALMA SOLA,17,287,173,21 828,182 174,135 970,10,15,261,178,1 728 036,10 068 796,7 308 959,28,29,mistral_table,mistral_table,no
675,PALMITOS,44,244,148,14 813,84 347,55 647,34,37,185,129,1 105 944,7 012 459,3 458 659,28,29,mistral_table,mistral_table,no
676,PAPANDUVA,31,452,359,31 774,244 540,143 894,25,30,503,433,3 483 564,11 517 357,6 110 057,28,29,mistral_table,mistral_table,no
677,PAULO LOPES,22,140,93,8 733,53 211,28 502,17,19,133,97,644 629,2 463 818,1 132 105,28,29,mistral_table,mistral_table,no
678,PEDRAS GRANDES,29,285,222,25 168,119 060,67 815,21,26,422,387,4 801 920,19 196 525,12 319 804,28,29,mistral_table,mistral_table,no
679,PENHA,7,383,305,44 765,408 153,140 800,4,8,382,343,2 268 050,52 214 567,23 080 130,28,29,mistral_table,mistral_table,no
680,PERITIBA,4,30,22,1 672,7 820,4 792,6,7,57,39,256 877,3 428 971,578 145,28,29,mistral_table,mistral_table,no
681,PETROLANDIA,7,55,39,3 566,42 024,14 920,12,13,77,57,388 405,4 738 044,3 344 871,28,29,mistral_table,mistral_table,no
682,PIÇARRAS,20,88,47,6 921,22 694,14 793,6,6,23,9,77 477,526 121,405 170,28,29,mistral_table,mistral_table,no
683,PINHALZINHO,51,438,293,29 487,136 877,93 554,54,60,404,287,2 172 423,18 915 699,9 639 540,28,29,mistral_table,mistral_table,no
684,PINHEIRO PRETO,16,202,123,14 698,144 765,64 615,14,17,173,113,1 103 648,14 091 843,9 367 096,28,29,mistral_table,mistral_table,no
685,PIRATUBA,13,48,26,3 449,8 796,4 250,13,14,28,5,105 452,437 196,240 081,28,29,mistral_table,mistral_table,no
686,POMERODE,89,3 046,2 675,313 672,1 736 328,959 275,70,75,3 706,3 366,35 084 487,189 160 670,118 956 717,28,29,mistral_table,mistral_table,no
687,PONTE ALTA,8,76,53,2 910,9 344,5 400,7,9,66,54,330 982,1 701 506,1 037 580,28,29,mistral_table,mistral_table,no
688,PONTE SERRADA,61,1 307,1 120,100 316,1 301 105,830 005,35,49,944,789,5 372 262,56 896 415,36 837 433,28,29,mistral_table,mistral_table,no
689,PORTO BELO,11,76,50,5 353,28 694,13 860,18,19,175,136,1 159 448,22 446 696,13 805 394,28,29,mistral_table,mistral_table,no
690,PORTO UNIÃO,69,1 377,1 125,115 660,973 600,447 972,50,60,1 233,1 091,8 252 816,58 858 039,30 687 278,28,29,mistral_table,mistral_table,no
691,POU SO REDONDO,36,394,282,29 935,394 111,135 535,39,43,314,215,2 175 210,44 309 019,14 650 241,28,29,mistral_table,mistral_table,no
692,PRAIA GRANDE,27,188,127,13 288,125 242,43 788,16,16,95,73,640 514,8 927 038,2 366 110,28,29,mistral_table,mistral_table,no
693,PRESIDENTE CASTELO BRANCO,2,(B),(A),(X),(B),(X),2,2,(A),(A),(X),(A),(X),28,29,mistral_table,mistral_table,no
694,PRESIDENTE GETULIO,35,1 033,862,69 312,642 487,372 712,29,33,769,677,5 588 082,81 140 220,25 823 945,28,29,mistral_table,mistral_table,no
695,PRESIDENTE NEREU,11,78,50,4 516,19 836,14 590,3,4,8,3,24 072,155 460,130 630,28,29,mistral_table,mistral_table,no
696,QUILOMBO,41,318,200,20 473,137 341,82 953,33,35,277,204,1 488 039,10 279 827,7 780 489,28,29,mistral_table,mistral_table,no
697,RANCHO QUEIMADO,6,54,43,4 147,12 472,5 716,6,6,65,56,482 745,2 353 147,1 394 419,28,29,mistral_table,mistral_table,no
698,RIO DAS ANTAS,10,158,139,10 706,58 099,36 693,8,10,139,123,767 909,6 997 943,1 929 623,28,29,mistral_table,mistral_table,no
699,RIO DO CAMPO,11,209,168,15 283,74 698,53 780,14,20,198,166,1 150 291,6 357 495,4 786 001,28,29,mistral_table,mistral_table,no
700,RIO DO OESTE,26,248,175,17 856,164 806,67 463,31,32,219,142,1 453 450,14 478 388,6 599 742,28,29,mistral_table,mistral_table,no
701,RIO DOS CEDROS,55,733,536,51 230,457 510,218 010,98,102,818,632,4 526 883,34 005 938,18 456 944,28,29,mistral_table,mistral_table,no
702,RIO DO SUL,167,3 578,2 872,351 645,2 489 884,1 055 628,119,141,3 847,3 034,35 858 759,327 997 948,170 718 483,28,29,mistral_table,mistral_table,no
703,RIO FORTUNA,7,171,150,12 438,57 104,37 856,8,9,118,90,1 075 639,4 195 993,3 234 344,28,29,mistral_table,mistral_table,no
704,RIO NEGRINHO,141,4 218,3 568,466 785,2 984 733,1 668 950,107,120,4 947,4 406,39 357 283,332 953 173,193 545 416,28,29,mistral_table,mistral_table,no
705,RODEIO,36,1 835,1 649,155 296,649 681,399 002,31,35,1 735,1 662,13 951 094,65 807 448,38 940 832,28,29,mistral_table,mistral_table,no
706,ROMELANDIA,25,176,107,11 230,71 789,55 508,22,24,115,70,627 436,3 810 021,2 611 160,28,29,mistral_table,mistral_table,no
707,SALETE,21,619,505,50 048,350 704,158 884,15,22,690,631,5 020 388,35 080 806,21 491 591,28,29,mistral_table,mistral_table,no
708,SALTO YELOSO,17,399,324,42 244,728 161,174 703,7,9,240,211,1 995 557,64 822 896,13 277 917,28,29,mistral_table,mistral_table,no
709,SANTA CECILIA,44,1 657,1 458,130 126,1 450 612,750 545,22,36,1 326,1 253,9 158 126,124 276 991,67 322 762,28,29,mistral_table,mistral_table,no
710,SANTA ROSA DE LIMA,16,83,53,5 853,21 032,15 020,13,13,32,10,97 523,394 139,313 467,28,29,mistral_table,mistral_table,no
711,SANTO AMARO DA IMPERATRIZ,27,200,119,19 775,85 622,59 781,13,14,153,126,696 585,3 271 019,1 730 682,28,29,mistral_table,mistral_table,no
712,SÃO BENTO DO SUL,227,10 554,9 093,1 367 033,9 430 055,5 439 124,178,226,11 901,10 265,136 089 605,1 141 045 843,633 109 509,28,29,mistral_table,mistral_table,no
713,SÃO BONIFACIO,32,196,109,8 342,40 260,30 876,21,23,103,64,526 018,2 457 248,1 829 122,28,29,mistral_table,mistral_table,no
714,SÃO CARLOS,30,261,174,18 157,243 326,67 755,25,29,180,118,1 211 046,36 158 724,1 513 365,28,29,mistral_table,mistral_table,no
715,SÃO DOMINGOS,23,352,282,23 619,175 589,84 445,24,32,213,171,1 241 052,7 941 212,4 282 366,28,29,mistral_table,mistral_table,no
716,SÃO FRANCISCO DO SUL,34,584,461,82 454,4 001 224,655 046,15,17,485,404,5 514 545,510 680 482,-42 499 681,28,29,mistral_table,mistral_table,no
717,SÃO JOÃO BATISTA,107,1 048,633,102 469,4 091 389,1 672 590,124,125,1 661,1 287,13 857 522,347 320 404,184 949 573,28,29,mistral_table,mistral_table,no
718,SÃO JOÃO DO SUL,25,44,21,7 703,50 902,18 670,15,15,60,33,676 660,4 478 476,1 758 106,28,29,mistral_table,mistral_table,no
719,SÃO JOAQUIM,64,929,747,80 502,891 290,497 236,36,42,498,422,4 175 893,24 075 493,14 810 956,28,29,mistral_table,mistral_table,no
720,SÃO JOSE DO CEDRO,49,525,391,47 396,210 544,123 173,37,39,301,238,1 791 596,8 135 841,5 796 066,30,31,mistral_table,mistral_table,no
721,SÃO JOSE DO CERRITO,8,93,74,4 181,35 983,16 579,5,5,41,30,117 301,1 210 581,830 566,30,31,mistral_table,mistral_table,no
722,SÃO LOURENÇO DO OESTE,60,663,420,35 988,385 540,184 523,48,52,497,373,2 578 209,36 914 942,15 971 810,30,31,mistral_table,mistral_table,no
723,SÃO LUDGERO,16,211,155,12 647,82 911,52 195,17,19,208,154,1 400 509,15 086 271,6 530 351,30,31,mistral_table,mistral_table,no
724,SÃO MARTINHO,17,55,10,2 627,10 385,6 469,9,9,23,8,168 894,538 080,302 678,30,31,mistral_table,mistral_table,no
725,SÃO MIGUEL D'OESTE,102,1 271,961,96 268,2 201 662,824 390,89,100,1 420,1 069,10 063 123,270 611 736,40 182 174,30,31,mistral_table,mistral_table,no
726,SAUDADES,21,130,86,7 754,53 930,20 121,20,21,180,130,967 466,10 669 179,6 511 780,30,31,mistral_table,mistral_table,no
727,SCHROEDER,16,546,457,49 832,232 222,149 273,11,14,505,453,4 388 759,12 305 921,9 427 746,30,31,mistral_table,mistral_table,no
728,SEARA,37,700,511,65 641,1 711 175,204 163,23,26,961,834,8 016 564,325 474 756,149 574 621,30,31,mistral_table,mistral_table,no
729,SIDEROPOLIS,30,1 463,1 317,279 373,1 168 260,641 567,21,28,2 389,2 204,43 179 764,248 088 308,171 678 064,30,31,mistral_table,mistral_table,no
730,SOMBRID,92,633,421,41 908,295 622,142 071,130,138,2 702,2 351,11 605 226,72 046 808,31 378 842,30,31,mistral_table,mistral_table,no
731,TAIO,77,1 101,825,79 490,611 124,314 013,56,71,1 370,1 235,9 575 829,79 880 494,49 763 583,30,31,mistral_table,mistral_table,no
732,TANGARA,27,331,240,40 161,306 475,151 450,24,27,280,204,2 582 506,30 470 477,14 661 207,30,31,mistral_table,mistral_table,no
733,TIJUCAS,39,1 039,822,82 232,1 112 735,697 184,39,40,1 161,948,15 133 472,147 743 710,91 471 716,30,31,mistral_table,mistral_table,no
734,TIMBE DO SUL,16,110,73,6 178,58 020,20 469,26,26,115,61,568 440,7 823 142,4 153 524,30,31,mistral_table,mistral_table,no
735,TIMBO,148,4 599,3 969,540 192,4 040 848,1 865 892,108,118,4 849,4 352,48 783 040,465 944 298,257 276 770,30,31,mistral_table,mistral_table,no
736,TRES BARRAS,30,944,804,169 196,3 723 365,1 214 800,13,26,846,699,15 544 549,331 556 455,76 591 116,30,31,mistral_table,mistral_table,no
737,TREZE DE MAIO,22,146,89,8 790,165 990,66 690,24,25,158,105,1 362 765,24 275 844,12 265 924,30,31,mistral_table,mistral_table,no
738,TREZE TILLAS,13,164,117,10 950,311 206,87 726,13,14,151,85,1 449 312,35 717 769,13 671 393,30,31,mistral_table,mistral_table,no
739,TROMBUDO CENTRAL,35,511,420,57 666,560 724,195 410,29,35,749,657,7 104 329,124 416 466,55 576 330,30,31,mistral_table,mistral_table,no
740,TUSARÃO,202,4 386,3 384,590 624,5 921 366,2 710 358,176,203,5 004,3 865,61 171 246,542 438 705,181 920 675,30,31,mistral_table,mistral_table,no
741,TURVO,47,212,130,14 016,133 806,59 125,27,29,213,117,1 540 611,38 629 050,13 071 795,30,31,mistral_table,mistral_table,no
742,URUBICI,41,543,417,37 055,242 572,138 511,83,83,475,251,1 481 350,12 370 661,8 790 996,30,31,mistral_table,mistral_table,no
743,URUSSANGA,85,4 925,4 095,696 541,5 317 713,3 430 529,62,77,4 787,3 916,65 461 960,459 671 147,276 718 516,30,31,mistral_table,mistral_table,no
744,VARGEÃO,8,92,62,6 586,60 278,20 380,5,5,50,33,237 353,4 911 896,2 861 884,30,31,mistral_table,mistral_table,no
745,VIDAL RAMOS,19,148,121,12 345,58 096,38 255,12,14,75,50,355 621,2 383 695,798 180,30,31,mistral_table,mistral_table,no
746,VIDEIRA,113,3 354,2 672,491 436,10 330 593,2 780 548,72,93,2 990,2 849,33 709 307,1 700 361 364,498 448 848,30,31,mistral_table,mistral_table,no
747,MITMARSUM,8,52,32,4 045,19 062,12 643,8,8,47,32,263 337,1 145 346,808 231,30,31,mistral_table,mistral_table,no
748,XANKERE,75,904,638,90 827,1 349 168,416 665,65,83,1 290,880,10 778 279,160 361 966,52 050 101,30,31,mistral_table,mistral_table,no
749,XAVANTINA,6,32,14,2 509,8 331,5 540,7,7,22,10,119 284,1 016 233,681 805,30,31,mistral_table,mistral_table,no
750,XAXIM,53,1 015,737,83 960,2 386 098,679 406,44,54,1 397,1 206,9 420 739,456 191 071,207 235 921,30,31,mistral_table,mistral_table,no
751,RIO GRANDE DO SUL,21 112,502 754,390 470,70 132 017,734 539 363,321 029 887,17 977,20 988,554 203,445 924,7 125 904 456,81 901 680 666,38 003 289 889,30,31,mistral_table,mistral_table,no
752,EXTRATIVA MINERAL,207,3 624,2 824,647 225,2 192 067,1 665 236,102,140,3 968,2 277,63 720 918,462 089 752,314 808 083,30,31,mistral_table,mistral_table,no
753,TRANSFORMAÇÃO,20 887,498 354,386 943,69 335 905,732 052 414,319 118 534,17 875,20 848,550 235,443 647,7 062 183 538,81 439 590 904,37 688 481 806,30,31,mistral_table,mistral_table,no
754,NÃO METALICOS,2 616,26 248,18 781,2 592 612,15 644 220,8 634 427,2 149,2 290,18 629,13 277,156 460 464,1 230 276 041,784 107 038,30,31,mistral_table,mistral_table,no
755,METALURGICA,2 047,51 746,39 229,8 163 652,64 669 281,29 614 709,1 957,2 134,45 215,35 262,704 111 934,6 592 602 477,3 414 108 250,30,31,mistral_table,mistral_table,no
756,MECANICA,1 156,47 657,37 030,9 238 580,54 285 611,30 854 865,1 062,1 292,47 470,37 129,874 786 614,7 371 772 559,4 448 724 728,30,31,mistral_table,mistral_table,no
757,MATERIAL ELETRICO,274,14 477,10 965,2 530 452,17 020 868,10 216 748,210,311,14 957,11 443,272 367 790,1 960 316 048,1 248 663 151,30,31,mistral_table,mistral_table,no
758,TRANSPORTE,408,22 048,17 342,4 063 115,25 999 447,13 241 547,398,450,18 015,14 351,395 466 933,2 144 192 801,1 261 980 915,30,31,mistral_table,mistral_table,no
759,MADEIRA,2 712,24 990,17 604,2 759 488,16 805 261,9 523 485,147,2 306,19 886,14 741,164 950 964,1 020 888 235,594 623 890,30,31,mistral_table,mistral_table,no
760,MOBILIARIO,1 272,22 344,18 018,2 441 505,20 464 472,10 533 030,118,1 214,22 017,18 059,196 670 354,1 819 831 776,1 022 112 254,30,31,mistral_table,mistral_table,no
761,PAPEL E PAPELÃO,130,9 055,6 844,1 378 662,11 992 118,6 591 687,79,135,9 237,7 245,153 824 232,1 664 449 860,889 090 870,30,31,mistral_table,mistral_table,no
762,BORRACHA,162,5 644,4 706,947 438,10 532 202,4 199 851,113,149,6 778,5 394,110 158 065,1 516 397 406,919 955 821,30,31,mistral_table,mistral_table,no
763,COURSE E PELES,360,16 202,14 056,2 060 180,19 082 012,8 108 400,221,320,21 137,19 015,250 334 465,2 588 178 547,1 215 954 439,30,31,mistral_table,mistral_table,no
764,QUÍMICA,360,13 157,7 154,4 363 150,120 779 550,45 647 329,169,384,17 720,10 861,361 324 153,14 567 631 728,5 006 116 971,30,31,mistral_table,mistral_table,no
765,FARMACÊUTICA,107,2 355,955,649 324,1 986 157,1 286 573,33,78,1 866,911,46 428 870,225 220 109,152 564 542,30,31,mistral_table,mistral_table,no
766,PERFUMARIA,107,1 645,1 037,343 347,3 255 118,1 829 648,100,118,1 887,1 127,26 807 962,346 215 402,175 584 705,30,31,mistral_table,mistral_table,no
767,MATS. PLASTICAS,209,6 624,5 351,917 502,8 949 877,4 517 500,194,246,9 348,7 846,109 350 027,983 055 449,534 976 015,30,31,mistral_table,mistral_table,no
768,TEXTIL,366,15 889,13 355,1 873 781,16 491 337,8 478 219,287,326,9 658,8 013,129 966 450,1 202 105 390,678 788 263,30,31,mistral_table,mistral_table,no
769,VESTUÁRIO,2 872,95 784,83 852,9 541 989,65 935 206,36 982 115,2 986,3 306,163 236,149 593,1 436 040 709,9 731 595 903,5 381 149 341,30,31,mistral_table,mistral_table,no
770,ALIMENTARES,3 580,84 197,64 580,9 135 588,206 816 409,90 287 058,2 900,2 681,81 708,61 086,878 875 810,20 288 203 777,6 422 650 950,30,31,mistral_table,mistral_table,no
771,BEBIDAS,465,9 625,5 867,700 580,19 662 252,10 004 125,374,510,10 257,6 362,142 178 567,2 019 842 786,1 044 188 577,30,31,mistral_table,mistral_table,no
772,FUMO,1 516,3 742,3 742,1 747,16 863 608,8 128 601,45,96,6 116,3 749,146 120 201,2 477 665 955,1 403 159 497,30,31,mistral_table,mistral_table,no
773,GRAFICA,728,11 499,6 908,1 856 677,6 997 087,4 562 298,679,748,10 897,6 499,146 976 994,665 502 898,444 568 311,30,31,mistral_table,mistral_table,no
774,DIVERSAS,655,1 852,9 567,1 486 636,2 237 321,4 878 319,654,754,14 201,11 684,148 981 980,1 022 645 757,645 443 758,30,31,mistral_table,mistral_table,no
775,REGIÃO METROPOLITANA,7 100,230 898,178 091,38 398 445,351 229 056,165 691 061,5 236,6 512,242 847,193 088,3 652 258 538,35 883 921 060,17 830 607 649,30,31,mistral_table,mistral_table,no
776,EXTRATIVA MINERAL,32,278,106,85 355,86 421,66,,,,,,,,32,33,mistral_table,missing,yes
777,TRANSFORMAÇÃO,,,,,,,,,,,,,,32,33,mistral_table_partial,missing,yes
778,NAO METALICOS,,,,,,,,,,,,,,32,33,mistral_table_partial,missing,yes
779,METALURGICA,,,,,,,,,,,,,,32,33,mistral_table_partial,missing,yes
780,MECANICA,,,,,,,,,,,,,,32,33,mistral_table_partial,missing,yes
781,MATERIAL ELETRICO,,,,,,,,,,,,,,32,33,mistral_table_partial,missing,yes
782,TRANSPORTE,,,,,,,,,,,,,,32,33,mistral_table_partial,missing,yes
783,MADEIRA,,,,,,,,,,,,,,32,33,mistral_table_partial,missing,yes
784,MOBILIARIO,,,,,,,,,,,,,,32,33,mistral_table_partial,missing,yes
785,PAPEL E PAPELÃO,,,,,,,,,,,,,,32,33,mistral_table_partial,missing,yes
786,BORRACHA,,,,,,,,,,,,,,32,33,mistral_table_partial,missing,yes
787,COUROS E PELES,,,,,,,,,,,,,,32,33,mistral_table_partial,missing,yes
788,QUIMICA,,,,,,,,,,,,,,32,33,mistral_table_partial,missing,yes
789,FARMACÊUTICA,88,1 903,637,583 732,1 294,544 922,,,,,,,,32,33,mistral_table,missing,yes
790,PERFUMARIA,68,1 227,786,280 285,2 469 159,1 484,,,,,,,,32,33,mistral_table,missing,yes
791,MATS. PLASTICAS,164,5 348,4 315,745 096,7 151 484,3 618,30•,364,1 901,7 312,tS 035 272,600 2'4 294,415 346 123,32,33,mistral_table,pdf_text_layout,no
792,TEXTIL,,,,,,,,,,,,,,32,33,mistral_table_partial,missing,yes
793,VESTUARIO,,,,,,,,,,,,,,32,33,mistral_table_partial,missing,yes
794,ALIMENTARES,,,,,,,,,,,,,,32,33,mistral_table_partial,missing,yes
795,BEBIDAS,49,2 595,1 505,625 555,5 443 754,2 739,,,,,,,,32,33,mistral_table,missing,yes
796,FUMO,19,821,710,224 957,1 901,731 895,,,,,,,,32,33,mistral_table,missing,yes
797,GRAFICA,,,,,,,,,,,,,,32,33,mistral_table_partial,missing,yes
798,DIVERSAS,,,,,,,,,,,,,,32,33,mistral_table_partial,missing,yes
799,PORTO ALEGRE,,,,,,,,,,,,,,32,33,mistral_table_partial,missing,yes
800,EXTRATIVA MINERAL,16,201,61,52 411,47 596,38,,,,,,,,32,33,mistral_table,missing,yes
801,TRANSFORMAÇÃO,,,,,,,,,,,,,,32,33,mistral_table_partial,missing,yes
802,NAO METALICOS,162,4 197,3 065,650 176,3 543 021,2 234,,,,,,,,32,33,mistral_table,missing,yes
803,METALURGICA,,,,,,,,,,,,,,32,33,mistral_table_partial,missing,yes
804,MECANICA,,,,,,,,,,,,,,32,33,mistral_table_partial,missing,yes
805,MATERIAL ELETRICO,160,3 834,2 488,919 702,3 770 139,2 587,,,,,,,,32,33,mistral_table,missing,yes
806,TRANSPORTE,,,,,,,,,,,,,,32,33,mistral_table_partial,missing,yes
807,MADEIRA,112,1 453,797,294,961 989,212 569,,,,,,,,32,33,mistral_table,missing,yes
808,MOBILIARIO,239,3 032,2 335,409 260,1 847 163,1 083,,,,,,,,32,33,mistral_table,missing,yes
809,PAPEL E PAPELÃO,41,1 288,915,224 739,1 061,450 561,,,,,,,,32,33,mistral_table,missing,yes
810,BORRACHA,24,363,281,77,097 374,225 330,,,,,,,,32,33,mistral_table,missing,yes
811,COUROS E PELES,15,103,52,21 349,43 620,25,,,,,,,,32,33,mistral_table,mistral_table_partial,yes
812,QUIMICA,,,,,,,40 105,3 200,813 107,021 103,783 392,515 319,287 864,32,33,mistral_table_partial,tesseract_por_review,yes
813,FARMACÊUTICA,91,1 071,458,529 286,1 117 181,1 811,,,,,,,,32,33,mistral_table,missing,yes
814,PERFUMARIA,46,1 008,621,253 013,1 620,326 138,,,,,,,,32,33,mistral_table,missing,yes
815,MATS. PLASTICAS,80,1 734,1 236,292 727,1 538,063 855,,,,,,,,32,33,mistral_table,missing,yes
816,TEXTIL,63,2 809,2 360,356 412,2 220 222,1 336,,,,,,,,32,33,mistral_table,missing,yes
817,VESTUARIO,289,8 204,6 550,957 939,5 639 620,3 217,,,,,,,,32,33,mistral_table,missing,yes
818,ALIMENTARES,406,10 485,6 764,1 730 048,15 049 707,6 716,,,,,,,,32,33,mistral_table,missing,yes
819,BEBIDAS,32,2 366,1 361,601 977,5 315 101,2 645,,,,,,,,32,33,mistral_table,missing,yes
820,FUMO,15,721 615,195 482,1,893 089,889 391,,,,,,,,32,33,tesseract_por_review,missing,yes
821,GRAFICA,252,6 179,3 101,1 247 234,4 407 234,2 862,,,,,,,,32,33,mistral_table,missing,yes
822,DIVERSAS,188,2 954,2 007,517 340,2 465 487,1 389,,,,,,,,32,33,mistral_table,missing,yes
823,ALVORADA,99,1 297,924,176 895,1 172,636 622,,,,,,,,32,33,mistral_table,missing,yes
824,METALURGICA,24,316,247,33 520,164 484,74,,,,,,,,32,33,mistral_table,missing,yes
825,MECANICA,8,173,126,17 418,155 753,83,,,,,,,,32,33,mistral_table,missing,yes
826,PAPEL E PAPELÃO,3,174,49,19 565,137 768,88,,,,,,,,32,33,mistral_table,missing,yes
827,QUIMICA,5,98,49,40,758 296,111 187,,,,,,,,32,33,mistral_table,missing,yes
828,ALIMENTARES,12,141,86,15 148,132 639,90,,,,,,,,32,33,mistral_table,missing,yes
829,DEMAIS GENEROS,47,493,367,50,486 285,881 138,,,,,,,,32,33,mistral_table,missing,yes
830,BAGE,115,2 626,2 102,288 799,5 270 128,1 416,,,,,,,,32,33,mistral_table,missing,yes
831,NAO METALICOS,7,175,143,13 369,95 471,62,,,,,,,,32,33,mistral_table,missing,yes
832,METALURGICA,14,(E),(D),(X),(D),(X),,,,,,,,32,33,tesseract_por_review,missing,yes
833,TEXTIL,1,(C),(tc),(X),(B),(X),1,2,(E),(E),(E),(E),(X),32,33,tesseract_por_review,tesseract_por_review,no
834,ALIMENTARES,48,1 659,1 510,200 298,4 857 032,1 151,,,,,,,,32,33,mistral_table,missing,yes
835,DEMAIS GENEROS,44,396,296,38 941,192 192,99,,,,,,,,32,33,mistral_table,missing,yes
836,CANOAS,485,18 594,13 524,3 974 109,85 642 812,32 517,,,,,,,,32,33,mistral_table,missing,yes
837,METALURGICA,94,1 871,1 263,340 959,1 873 815,1 258,,,,,,,,32,33,mistral_table,missing,yes
838,MECANICA,61,5 934,4 490,1 260 977,9 322 175,4 142,,,,,,,,32,33,mistral_table,missing,yes
839,MATERIAL ELETRICO,14,1 665,954,338 997,1 787 065,1 025,,,,,,,,32,33,mistral_table,missing,yes
840,QUIMICA,26,1 773,1 072,336 904,52 419 545,19 731,,,,,,,,32,33,mistral_table,missing,yes
841,ALIMENTARES,58,2 155,1 640,317 210,13 713 197,3 275,,,,,,,,32,33,mistral_table,missing,yes
842,DEMAIS GENEROS,232,5 496,4 105,779 062,5 527 015,3 083,,,,,,,,32,33,mistral_table,missing,yes
843,CAXIAS DO SUL,1 190,45 048,34 938,6 616 668,45 506 069,21 136,,,,,,,,32,33,mistral_table,missing,yes
844,METALURGICA,206,6 666,4 972,1 030 110,4 546 561,2 424,,,,,,,,32,33,mistral_table,missing,yes
845,MECANICA,153,6 100,4 386,1 221 350,7 613 762,4 076,,,,,,,,32,33,mistral_table,missing,yes
846,TRANSPORTE,41,9 062,7 092,1 480 752,11 034 771,4 476,,,,,,,,32,33,mistral_table,missing,yes
847,VESTUARIO,100,3 027,2 490,319 830,1 591,693 881,,,,,,,,32,33,mistral_table,missing,yes
848,ALIMENTARES,94,2 626,2 015,304 614,4 907 491,1 165,,,,,,,,32,33,mistral_table,missing,yes
849,DEMAIS GENEROS,596,17 564,14 103,2 260 012,15 809 791,8 112,,,,,,,,32,33,mistral_table,missing,yes
850,GRAVATAI,189,10 281,8 537,1 767 941,17 167 908,7 889,,,,,,,,32,33,mistral_table,missing,yes
851,METALURGICA,36,1 071,811,215 574,1 578,512 881,,,,,,,,32,33,mistral_table,missing,yes
852,MECANICA,9,1 556,556,557 217,1 743 181,1 198,,,,,,,,32,33,mistral_table,missing,yes
853,MATERIAL ELETRICO,6,4 192,3 669,584 028,4 756 823,3 123,,,,,,,,32,33,mistral_table,missing,yes
854,BORRACHA,10,1 500,1 401,294 265,4 823,841 722,,,,,,,,32,33,mistral_table,missing,yes
855,QUIMICA,8,269,231,48 811,1 367,055 262,,,,,,,,32,33,mistral_table,missing,yes
856,DEMAIS GENEROS,119,2 517,1 869,358 046,2 801 075,1 800,,,,,,,,32,33,mistral_table,missing,yes
857,NOVO HAMBURGO,1 261,35 063,30 371,4 360 576,28 887 740,16 006,,,,,,,,32,33,mistral_table,missing,yes
858,MECANICA,73,1 972,1 529,407 590,2 136 537,1 350,,,,,,,,32,33,mistral_table,missing,yes
859,BORRACHA,8,590,444,103 437,1 706 039,1 019,,,,,,,,32,33,mistral_table,missing,yes
860,COUROS E PELES,75,1 940,1 708,286 243,2 100 029,1 190 473,44,76,3 375,2 981,46 076 574,406 174 463,234 799 407,34,35,mistral_table,mistral_table,no
861,MATS. PLASTICAS,35,2 065,1 810,245 759,2 546 685,1 440 884,,,,,,,,34,35,mistral_table,missing,yes
862,VESTUÁRIO,691,21 277,18 986,2 265 853,13 255 902,7 284 636,461,513,31 627,29 265,300 597 598,1 752 105 530,890 511 262,34,35,mistral_table,mistral_table,no
863,DEMAIS GÉNEROS,379,7 219,5 894,1 051 694,7 142 548,3 720 031,280,329,6 449,5 030,84 729 765,654 683 651,383 617 724,34,35,mistral_table,mistral_table,no
864,PASSO FUNDO,307,5 332,3 937,681 850,11 199 189,6 187 424,201,255,5 623,4 023,69 543 829,807 414 367,343 489 124,34,35,mistral_table,mistral_table,no
865,NAO METÁLICOS,81,502,319,36 017,196 020,175 501,51,57,434,305,2 755 188,27 919 235,24 690 219,34,35,mistral_table,mistral_table,no
866,MECANICA,17,380,1 079,190 357,1 880 824,1 440 884,11,16,1 953,1 476,29 105 630,203 690 563,129 511 757,34,35,mistral_table,mistral_table,no
867,COUROS E PELES,5,274,254,25 566,326 893,107 356,2,3,245,226,2 026 825,34 886 101,8 111 694,34,35,mistral_table,mistral_table,no
868,ALIMENTARES,43,1 103,811,131 693,7 966 574,4 312 255,29,42,993,719,10 147 285,418 510 855,118 089 299,34,35,mistral_table,mistral_table,no
869,BEBIDAS,9,435,319,92 686,561 478,300 296,1,6,498,252,8 726 000,52 888 299,23 007 101,34,35,mistral_table,mistral_table,no
870,DEMAIS GÉNEROS,152,1 638,1 155,205 349,667 820,332 835,107,131,1 600,1 045,16 782 901,69 519 314,40 083 198,34,35,mistral_table,mistral_table,no
871,PELOTAS,640,23 720,19 947,1 827 926,33 083 371,10 144 472,384,477,19 996,16 759,155 241 655,3 033 106 281,1 150 835 881,34,35,mistral_table,mistral_table,no
872,MECANICA,18,534,452,64 486,299 437,170 984,14,19,864,713,10 035 775,59 146 735,37 127 453,34,35,mistral_table,mistral_table,no
873,COUROS E PELES,13,1 582,1 228,168 063,1 893 238,788 627,5,10,1 844,1 626,16 321 745,135 085 405,55 809 560,34,35,mistral_table,mistral_table,no
874,QUÍMICA,11,306,150,28 838,1 044 298,280 615,4,11,274,210,4 852 309,73 017 017,46 426 373,34,35,mistral_table,mistral_table,no
875,ALIMENTARES,212,16 457,14 508,1 076 949,26 433 455,7 147 300,130,184,13 735,11 924,90 167 711,2 448 340 534,789 200 492,34,35,mistral_table,mistral_table,no
876,DEMAIS GÉNEROS,379,4 875,3 569,484 599,3 391 765,1 742 151,229,250,3 272,2 283,33 760 950,213 524 957,118 350 670,34,35,mistral_table,mistral_table,no
877,RIO GRANDE,204,9 625,7 464,1 729 719,46 058 363,15 817 182,148,205,7 631,5 785,131 945 438,2 894 722 043,760 141 504,34,35,mistral_table,mistral_table,no
878,TRANSPORTE,11,238,204,55 578,114 103,66 998,6,9,170,152,4 839 497,7 295 516,5 000 589,34,35,mistral_table,mistral_table,no
879,QUÍMICA,20,3 334,2 324,955 524,35 748 075,11 890 713,3,16,3 122,2 198,85 765 991,2 175 487 545,378 837 583,34,35,mistral_table,mistral_table,no
880,TEXTIL,3,409,173,66 419,64 569,56 288,5,5,259,223,455 624,5 641 644,2 914 494,34,35,mistral_table,mistral_table,no
881,ALIMENTARES,100,5 140,4 446,577 221,9 807 867,3 599 724,74,104,3 701,3 009,36 664 670,695 011 796,366 557 169,34,35,mistral_table,mistral_table,no
882,GRAFICA,16,129,83,14 461,41 564,27 279,10,11,82,57,573 350,2 659 828,1 735 894,34,35,mistral_table,mistral_table,no
883,DEMAIS GÉNEROS,54,375,234,56 416,282 185,154 202,51,60,297,146,2 646 306,8 425 714,5 095 835,34,35,mistral_table,mistral_table,no
884,SANTA CRUZ DO SUL,297,8 716,6 579,1 302 209,15 860 355,7 856 357,221,264,9 105,7 030,129 830 781,2 062 117 827,1 091 147 196,34,35,mistral_table,mistral_table,no
885,BORRACHA,5,569,491,77 188,536 993,369 990,2,3,497,432,6 585 538,46 714 566,31 964 883,34,35,mistral_table,mistral_table,no
886,MATS. PLASTICAS,2,(F),(E),(K),(F),(K),3,3,377,311,4 401 634,47 323 455,28 522 980,34,35,mistral_table,mistral_table,no
887,VESTUÁRIO,20,(F),(F),(K),(G),(K),15,17,1 313,1 181,11 172 016,94 347 354,50 169 333,34,35,mistral_table,mistral_table,no
888,ALIMENTARES,51,1 369,968,145 306,1 980 297,642 954,47,54,1 402,1 037,4 733 393,123 922 275,55 918 175,34,35,mistral_table,mistral_table,no
889,FUMO,32,2 984,2 107,652 194,10 925 547,5 390 862,6,23,3 206,2 359,69 634 827,1 586 168 663,840 536 761,34,35,mistral_table,mistral_table,no
890,DEMAIS GÉNEROS,187,2 890,2 256,329 427,1 768 516,1 054 964,148,164,2 310,1 710,23 303 173,153 641 454,83 915 090,34,35,mistral_table,mistral_table,no
891,SANTA MARIA,366,4 277,3 120,509 725,3 710 092,1 628 879,348,388,4 172,3 090,54 737 862,357 388 947,154 929 359,34,35,mistral_table,mistral_table,no
892,NAO METÁLICOS,91,710,577,57 777,227 956,173 894,52,59,677,596,4 169 760,23 733 520,18 401 054,34,35,mistral_table,mistral_table,no
893,MECANICA,18,213,161,31 479,110 391,78 592,18,19,410,355,7 838 687,25 698 523,16 174 985,34,35,mistral_table,mistral_table,no
894,TRANSPORTE,10,583,519,128 080,252 470,189 144,7,9,559,545,33 754 366,31 187 975,14 545 354,34,35,mistral_table,mistral_table,no
895,ALIMENTARES,103,1 022,653,103 567,2 151 284,662 783,95,108,1 035,760,8 500 200,216 163 424,68 615 486,34,35,mistral_table,mistral_table,no
896,BEBIDAS,6,299,137,36 887,304 618,188 310,3,4,267,116,2 637 385,20 448 132,8 333 366,34,35,mistral_table,mistral_table,no
897,DEMAIS GÉNEROS,168,1 450,1 073,151 535,663 373,336 156,173,189,1 224,758,10 837 464,40 157 373,28 859 134,34,35,mistral_table,mistral_table,no
898,SANTO ANGELO,176,2 294,1 706,324 274,2 710 325,1 180 136,134,165,1 774,1 359,19 650 655,172 485 357,83 636 861,34,35,mistral_table,mistral_table,no
899,METALÚRGICA,20,386,315,58 898,228 187,124 742,21,24,402,373,4 281 227,23 705 505,15 250 737,34,35,mistral_table,mistral_table,no
900,MECANICA,9,314,254,52 977,299 500,167 577,5,1,103,79,1 097 035,9 672 369,5 591 273,34,35,mistral_table,mistral_table,no
901,COUROS E PELES,2,(F),(F),(K),(F),(K),,,,,,,,34,35,mistral_table,missing,yes
902,ALIMENTARES,42,433,286,46 690,1 220 937,269 671,30,47,397,270,3 777 808,62 098 407,16 388 822,34,35,mistral_table,mistral_table,no
903,BEBIDAS,3,(F),(E),(K),(F),(K),,,,,,,,34,35,mistral_table,missing,yes
904,DEMAIS GÉNEROS,100,738,548,100 191,499 323,385 725,76,84,558,354,6 299 051,26 763 902,21 173 185,34,35,mistral_table,mistral_table,no
905,SÃO LEÓPOLDO,430,17 516,14 162,2 657 078,18 187 391,10 100 198,359,405,18 835,15 736,268 052 810,2 179 925 301,1 312 830 479,34,35,mistral_table,mistral_table,no
906,METALÚRGICA,75,4 292,3 453,863 354,3 543 512,2 328 398,57,65,3 537,3 122,90 392 014,423 751 526,294 154 575,34,35,mistral_table,mistral_table,no
907,MECANICA,53,3 783,3 196,780 116,4 465 437,2 553 825,48,53,3 582,2 867,77 090 355,518 439 144,366 899 467,34,35,mistral_table,mistral_table,no
908,BORRACHA,22,1 214,1 002,208 466,1 294 038,841 893,13,16,1 352,1 205,18 708 436,155 765 366,98 033 925,34,35,mistral_table,mistral_table,no
909,VESTUÁRIO,71,3 322,2 615,347 779,2 662 181,1 506 485,61,71,4 703,4 071,40 831 542,333 671 933,189 491 591,34,35,mistral_table,mistral_table,no
910,ALIMENTARES,41,447,488,78 556,1 765 841,414 606,40,40,836,463,8 820 851,243 790 816,55 317 794,34,35,mistral_table,mistral_table,no
911,DEMAIS GÉNEROS,168,4 258,3 428,578 804,4 428 382,2 455 091,140,160,5 025,4 008,62 209 612,504 506 516,305 933 027,34,35,mistral_table,mistral_table,no
912,URQUAIANA,101,1 586,1 232,217 102,3 842 164,1 018 276,104,117,2 020,1 569,34 407 600,667 552 020,234 503 380,34,35,mistral_table,mistral_table,no
913,NAO METÁLICOS,9,73,50,5 597,26 121,21 125,,,,,,,,34,35,mistral_table,missing,yes
914,METALÚRGICA,12,56,36,6 175,31 621,22 737,22,22,113,83,681 014,3 014 858,1 810 814,34,35,mistral_table,mistral_table,no
915,TEXTIL,1,(F),(F),(K),(G),(K),,,,,,,,34,35,mistral_table,missing,yes
916,VESTUÁRIO,5,(D),(D),(K),(D),(K),5,5,51,28,398 059,2 396 202,1 695 279,34,35,mistral_table,mistral_table,no
917,ALIMENTARES,44,722,503,93 739,2 394 431,644 863,46,54,1 114,865,12 945 459,414 061 508,114 900 253,34,35,mistral_table,mistral_table,no
918,DEMAIS GÉNEROS,30,486,400,64 062,292 870,116 102,22,26,141,98,1 339 664,6 172 949,4 380 716,34,35,mistral_table,mistral_table,no
919,VIAMÃO,139,1 200,839,109 393,865 848,402 008,137,146,1 101,801,11 155 596,92 230 159,42 581 941,34,35,mistral_table,mistral_table,no
920,METALÚRGICA,13,289,243,36 790,322 646,157 309,19,21,271,219,3 122 978,20 241 030,9 743 454,34,35,mistral_table,mistral_table,no
921,MADEIRA,4,46,37,3 246,35 668,15 983,5,6,102,85,1 281 670,4 494 117,3 128 508,34,35,mistral_table,mistral_table,no
922,MOBILIÁRIO,11,125,102,10 002,37 473,23 511,8,9,102,84,1 367 455,19 706 437,9 119 807,34,35,mistral_table,mistral_table,no
923,ALIMENTARES,15,136,103,17 826,281 167,84 188,19,20,205,133,2 392 518,29 066 880,8 793 229,34,35,mistral_table,mistral_table,no
924,DIVERSAS,6,25,13,1 692,5 006,3 050,5,6,69,62,601 530,4 144 368,2 870 285,34,35,mistral_table,mistral_table,no
925,DEMAIS GÉNEROS,90,559,341,39 837,183 885,117 967,81,84,352,218,2 389 445,14 577 327,8 926 658,34,35,mistral_table,mistral_table,no
926,AQUÍO,37,153,74,12 841,183 354,53 204,35,41,201,119,1 634 596,45 698 539,15 971 514,34,35,mistral_table,mistral_table,no
927,AJURICABA,23,75,40,6 477,30 808,16 220,22,22,90,51,534 019,4 041 132,2 075 442,34,35,mistral_table,mistral_table,no
928,ALECRIM,26,58,12,2 387,13 075,6 909,28,28,58,16,238 659,793 320,477 018,34,35,mistral_table,mistral_table,no
929,ALEGRETE,66,1 010,700,126 411,2 359 744,744 350,81,94,1 923,1 538,12 304 590,405 098 086,92 598 586,34,35,mistral_table,mistral_table,no
930,ALPESTRE,14,72,47,3 812,14 423,8 404,17,19,60,26,301 873,1 621 905,1 177 006,34,35,mistral_table,mistral_table,no
931,ANTA GORDA,15,112,66,6 763,47 572,22 872,15,18,85,50,510 495,3 973 521,2 713 813,34,35,mistral_table,mistral_table,no
932,ANTONIO PRADO,67,1 000,744,96 576,1 347 282,470 020,53,62,1 059,901,7 694 594,117 971 643,44 703 439,34,35,mistral_table,mistral_table,no
933,ARATIBA,25,75,23,3 580,17 039,10 868,31,31,123,49,667 062,2 179 786,1 074 828,34,35,mistral_table,mistral_table,no
934,ARROIO DO MEIO,65,1 001,810,82 187,2 121 844,612 035,69,78,2 406,2 220,22 668 382,338 515 245,133 728 868,34,35,mistral_table,mistral_table,no
935,ARROIO DOS RATOS,26,298,227,27 059,391 543,167 867,25,27,450,303,4 650 361,69 868 718,29 312 841,34,35,mistral_table,mistral_table,no
936,ARROIO DO TIGRE,22,76,36,4 097,20 891,10 156,22,24,55,24,249 010,2 343 246,642 258,36,37,mistral_table,mistral_table,no
937,ARROIO GRANDE,22,182,116,13 863,152 324,39 916,24,30,200,142,1 961 407,49 290 090,11 195 820,36,37,mistral_table,mistral_table,no
938,ARVOREZINHA,44,184,98,18 793,211 926,70 647,42,48,223,116,1 112 642,11 124 788,6 072 548,36,37,mistral_table,mistral_table,no
939,AUGUSTO PESTANA,16,50,12,2 766,11 512,6 471,24,23,70,34,244 111,1 020 117,402 471,36,37,mistral_table,mistral_table,no
940,BARÃO DE COTEGIPE,13,88,56,7 185,98 258,31 371,8,8,107,90,524 128,19 557 185,7 903 060,36,37,mistral_table,mistral_table,no
941,BARRACÃO,10,71,38,3 958,20 680,16 038,12,13,81,59,342 884,1 272 551,858 222,36,37,mistral_table,mistral_table,no
942,BARRA DO RIBEIRO,38,1 044,832,103 588,596 089,413 796,17,23,924,847,7 155 054,70 542 229,34 176 899,36,37,mistral_table,mistral_table,no
943,BARROS CASSAL,17,73,45,4 378,21 661,13 465,18,19,51,21,356 206,920 802,604 754,36,37,mistral_table,mistral_table,no
944,BENTO GONÇALVES,363,11 621,9 676,1 445 020,17 002 321,7 735 817,299,365,12 937,11 125,129 909 715,1 665 195 768,845 837 150,36,37,mistral_table,mistral_table,no
945,BOA VISTA DO BURICA,24,127,81,10 529,68 773,37 403,17,19,121,86,765 942,7 141 754,3 434 859,36,37,mistral_table,mistral_table,no
946,BOM JESUS,46,767,635,58 843,465 953,213 931,27,34,619,530,3 983 048,42 144 460,26 750 121,36,37,mistral_table,mistral_table,no
947,BOM PRINCIPIO,-,-,-,-,-,-,39,45,1 259,1 175,8 997 689,62 626 309,37 836 185,36,37,mistral_table,mistral_table,no
948,BOM RETIRO DO SUL,18,1 287,1 206,113 445,1 349 993,573 926,23,28,1 782,1 703,14 685 615,183 825 261,76 805 270,36,37,mistral_table,mistral_table,no
949,BOSSOROCA,10,34,20,1 693,5 845,3 983,10,12,28,11,112 843,202 542,148 902,36,37,mistral_table,mistral_table,no
950,BRAGA,7,17,5,934,2 464,1 534,3,3,5,-,110 900,316 000,202 440,36,37,mistral_table,mistral_table,no
951,BUTIA,19,1 506,1 332,286 532,1 738 700,1 223 713,23,27,1 468,1 104,22 798 929,181 039 626,88 596 117,36,37,mistral_table,mistral_table,no
952,CAÇAPAVA DO SUL,69,811,625,81 564,715 454,380 078,55,63,1 829,1 294,22 318 855,173 919 759,102 216 735,36,37,mistral_table,mistral_table,no
953,CACEQUI,22,245,187,34 574,214 982,83 738,15,16,198,166,3 797 509,26 940 985,10 223 141,36,37,mistral_table,mistral_table,no
954,CACHOEIRA DO SUL,175,3 048,2 393,358 121,4 134 315,1 384 063,163,207,2 940,2 276,33 147 234,386 636 996,160 629 414,36,37,mistral_table,mistral_table,no
955,CACHOEIRINHA,176,4 491,3 436,759 159,4 337 940,2 455 339,167,174,6 346,5 220,92 793 444,652 259 701,426 828 412,36,37,mistral_table,mistral_table,no
956,CACIQUE DOBLE,7,31,17,2 231,8 766,4 863,7,7,47,35,228 861,1 060 551,648 835,36,37,mistral_table,mistral_table,no
957,CAIBATE,18,54,22,3 367,8 271,6 238,24,25,60,27,363 544,916 725,675 107,36,37,mistral_table,mistral_table,no
958,CAIÇARA,12,36,9,1 663,5 128,3 425,14,15,37,12,120 718,484 055,272 609,36,37,mistral_table,mistral_table,no
959,CAMAGUÃ,139,1 049,703,103 481,2 113 592,665 987,133,144,1 414,1 101,13 094 938,434 623 493,178 482 399,36,37,mistral_table,mistral_table,no
960,CAMBARA DO SUL,14,655,383,70 771,494 254,266 956,4,10,700,642,6 489 557,54 212 107,22 289 228,36,37,mistral_table,mistral_table,no
961,CAMPINA DAS MISSÕES,13,59,25,3 674,12 211,10 416,11,11,42,18,309 800,774 670,445 090,36,37,mistral_table,mistral_table,no
962,CAMPINAS DO SUL,23,75,30,3 754,16 098,11 127,19,20,67,37,293 714,1 090 755,696 121,36,37,mistral_table,mistral_table,no
963,CAMPO BOM,289,11 893,10 222,1 464 006,10 437 150,5 497 560,245,287,18 123,16 626,203 956 696,1 538 381 470,828 941 335,36,37,mistral_table,mistral_table,no
964,CAMPO NOVO,29,149,72,8 159,36 986,23 424,25,27,122,75,723 283,5 837 313,2 244 069,36,37,mistral_table,mistral_table,no
965,CANDELARIA,57,338,204,25 795,479 554,127 061,52,57,590,504,3 263 877,37 760 079,14 953 698,36,37,mistral_table,mistral_table,no
966,CANDIDO GODOI,20,73,30,3 906,18 919,10 988,18,18,58,16,299 991,1 399 407,653 993,36,37,mistral_table,mistral_table,no
967,CANELA,89,2 275,1 938,232 039,1 568 700,835 379,90,97,2 136,1 887,18 493 543,129 880 997,73 791 072,36,37,mistral_table,mistral_table,no
968,CANGUÇU,37,727,650,16 530,123 731,76 640,43,46,739,661,1 377 346,16 600 504,4 062 858,36,37,mistral_table,mistral_table,no
969,CAPÃO DA CANOA,-,-,-,-,-,-,51,56,203,109,1 169 263,5 164 050,2 717 747,36,37,mistral_table,mistral_table,no
970,CAPÃO DO LEÃO,-,-,-,-,-,-,17,21,931,801,8 387 799,171 597 303,58 110 943,36,37,mistral_table,mistral_table,no
971,CARAZINHO,132,1 406,969,204 890,1 467 177,849 731,116,135,1 669,1 165,21 548 207,188 658 191,117 333 621,36,37,mistral_table,mistral_table,no
972,CARLOS BARBOSA,74,2 015,1 753,181 663,2 056 968,1 265 689,58,71,2 758,2 481,30 207 144,427 452 665,199 501 785,36,37,mistral_table,mistral_table,no
973,CASCA,59,433,320,27 627,133 157,83 841,67,69,353,209,2 330 804,11 028 931,7 758 635,36,37,mistral_table,mistral_table,no
974,CATUIPE,50,133,47,6 764,24 494,14 038,28,31,80,28,351 373,2 417 403,1 248 149,36,37,mistral_table,mistral_table,no
975,CERRO LARGO,50,487,352,52 874,476 044,158 914,34,46,368,256,3 212 395,35 572 701,13 287 670,36,37,mistral_table,mistral_table,no
976,CHAPADA,19,60,17,3 307,21 678,13 851,18,21,53,21,349 418,1 170 554,706 242,36,37,mistral_table,mistral_table,no
977,CHARQUEADAS,-,-,-,-,-,-,19,33,2 671,1 737,64 757 373,910 394 427,295 657 704,36,37,mistral_table,mistral_table,no
978,CHIAPETA,15,37,9,2 086,5 135,3 062,13,13,29,4,65 409,293 966,191 811,36,37,mistral_table,mistral_table,no
979,CIRIACO,9,39,16,2 594,7 417,4 355,7,8,40,16,196 091,424 995,275 853,36,37,mistral_table,mistral_table,no
980,COLORADO,14,35,16,2 742,9 781,4 899,12,12,32,16,120 890,1 187 449,320 361,36,37,mistral_table,mistral_table,no
981,CONDOR,12,51,23,2 986,9 171,5 028,6,7,59,47,490 505,11 126 951,2 204 731,36,37,mistral_table,mistral_table,no
982,CONSTANTINA,33,108,42,6 007,36 755,17 227,38,40,109,34,462 800,1 610 829,1 178 438,36,37,mistral_table,mistral_table,no
983,CORONEL BICACO,17,49,16,2 594,21 368,9 736,23,24,58,24,380 338,1 335 401,804 231,38,39,mistral_table,mistral_table,no
984,COTIPORA,-,-,-,-,-,-,15,17,217,170,2 130 900,24 708 808,14 158 020,38,39,mistral_table,mistral_table,no
985,CRISSIUMAL,37,181,100,15 161,76 078,47 209,22,24,77,43,548 178,1 730 808,953 372,38,39,mistral_table,mistral_table,no
986,CRUZ ALTA,95,801,529,114 738,1 428 596,279 388,91,104,805,496,11 854 283,212 142 849,78 099 767,38,39,mistral_table,mistral_table,no
987,CRUZEIRO DO SUL,37,839,667,85 639,604 790,332 571,37,42,641,480,6 216 912,40 122 261,21 360 833,38,39,mistral_table,mistral_table,no
988,DAVID CANABARRO,2,(A),(A),(X),(A),(X),6,7,18,10,131 304,2 424 280,342 763,38,39,mistral_table,mistral_table,no
989,DOIS IRMÃOS,103,2 723,2 394,247 637,1 653 223,623 166,87,110,5 413,5 079,49 165 876,347 116 803,148 863 005,38,39,mistral_table,mistral_table,no
990,DOM FELICIANO,9,74,54,4 980,16 441,13 996,5,6,15,9,76 149,185 340,131 254,38,39,mistral_table,mistral_table,no
991,DOM PEDRITO,29,381,288,39 459,960 956,220 836,35,45,754,549,6 259 362,162 199 509,48 947 347,38,39,mistral_table,mistral_table,no
992,DONA FRANCISCA,7,12,1,612,1 685,1 107,5,5,13,3,58 222,298 313,172 943,38,39,mistral_table,mistral_table,no
993,ENCANTADO,77,1 897,1 454,166 202,3 404 466,798 319,70,84,2 417,1 907,25 398 816,364 121 553,113 784 770,38,39,mistral_table,mistral_table,no
994,ENCRUZILHADA DO SUL,34,109,53,6 698,46 542,21 239,27,28,93,49,553 067,2 721 965,1 262 999,38,39,mistral_table,mistral_table,no
995,ERECHIM,249,4 251,3 330,462 501,4 386 821,1 671 345,242,270,4 230,3 379,38 096 206,409 626 523,176 421 420,38,39,mistral_table,mistral_table,no
996,HERVAL,3,6,2,617,3 375,2 277,,,,,,,,38,39,mistral_table,mistral_table_partial,yes
997,ERVAL GRANDE,10,33,16,1 637,20 679,8 836,9,9,27,10,137 509,923 719,399 077,38,39,mistral_table,mistral_table,no
998,ERVAL SECO,28,119,65,6 068,34 070,19 879,30,35,92,39,461 755,4 662 660,2 571 521,38,39,mistral_table,mistral_table,no
999,ESMERALDA,8,64,47,5 328,35 753,22 436,9,10,76,63,528 481,4 481 017,2 669 574,38,39,mistral_table,mistral_table,no
1000,ESPUMOSO,56,194,98,14 014,102 134,41 369,37,41,127,62,574 101,3 162 821,1 594 325,38,39,mistral_table,mistral_table,no
1001,ESTANCIA VELHA,124,4 223,3 556,572 704,4 353 441,1 942 906,139,160,7 205,6 246,93 981 820,683 459 742,349 212 719,38,39,mistral_table,mistral_table,no
1002,ESTEIO,115,5 397,4 331,828 408,18 106 786,6 227 491,125-,146,5 753,4 399,75 543 368,1 553 312 760,572 134 244,38,39,mistral_table,mistral_table,no
1003,ESTRELA,164,4 794,3 802,548 673,10 139 354,3 703 271,98,115,3 822,3 136,42 537 447,1 008 840 400,338 124 821,38,39,mistral_table,mistral_table,no
1004,FARROUPILHA,291,6 844,5 796,680 749,11 013 075,5 950 334,281,306,9 343,8 065,86 438 865,1 084 302 584,604 941 299,38,39,mistral_table,mistral_table,no
1005,FAXINAL DO SOTURNO,38,179,103,12 584,174 446,65 749,48,52,199,104,1 341 047,33 426 262,8 953 295,38,39,mistral_table,mistral_table,no
1006,FELIZ,71,1 845,1 514,152 406,1 865 179,844 527,73,84,2 919,2 620,20 576 045,235 725 553,127 047 175,38,39,mistral_table,mistral_table,no
1007,FLORES DA CUNHA,139,2 247,1 759,234 837,2 920 023,1 516 142,205,216,2 845,2 153,28 947 882,354 758 927,206 888 722,38,39,mistral_table,mistral_table,no
1008,FONTOURA XAVIER,17,97,63,6 041,46 644,25 157,19,20,96,47,388 616,4 436 452,2 467 217,38,39,mistral_table,mistral_table,no
1009,FORMIGUEIRO,17,50,14,4 111,38 942,13 777,17,18,65,30,320 426,9 492 568,2 302 492,38,39,mistral_table,mistral_table,no
1010,FORTALEZA DOS VALOS,-,-,-,-,-,-,7,8,20,7,125 364,3 057 459,638 596,38,39,mistral_table,mistral_table,no
1011,FREDERICO WESTPHALEN,69,785,585,63 739,1 582 250,321 306,67,73,655,482,4 537 681,141 649 595,39 276 843,38,39,mistral_table,mistral_table,no
1012,GARIBALDI,135,2 299,1 838,275 093,4 544 536,2 226 413,110,132,2 535,2 007,51 070 558,632 903 420,381 733 943,38,39,mistral_table,mistral_table,no
1013,GAURAMA,33,273,191,23 523,587 214,219 920,35,39,198,122,1 341 598,49 195 587,13 034 593,38,39,mistral_table,mistral_table,no
1014,GENERAL CAMARA,9,20,7,906,16 653,2 198,11,12,42,19,96 788,1 048 415,335 751,38,39,mistral_table,mistral_table,no
1015,GETULIO VARGAS,70,1 582,1 123,190 280,1 765 903,819 496,64,76,1 881,1 405,20 881 500,240 909 594,103 107 870,38,39,mistral_table,mistral_table,no
1016,GIRUA,93,521,280,36 384,584 861,107 393,65,68,320,163,1 500 089,6 810 156,3 764 494,38,39,mistral_table,mistral_table,no
1017,GRAMADO,140,3 428,2 735,348 887,2 117 424,1 334 497,163,191,4 124,3 478,32 997 182,247 636 034,131 874 097,38,39,mistral_table,mistral_table,no
1018,GUAIBA,100,8 180,6 108,1 275 862,16 973 545,6 922 452,77,107,8 124,6 323,143 215 674,2 130 988 268,1 008 910 222,38,39,mistral_table,mistral_table,no
1019,GUAPORE,96,1 893,1 607,165 364,1 278 291,671 769,85,98,2 404,2 144,17 379 286,206 590 208,65 274 651,38,39,mistral_table,mistral_table,no
1020,GUARANI DAS MISSÕES,27,187,110,19 323,372 572,113 762,23,25,173,108,1 434 564,54 050 331,24 069 366,38,39,mistral_table,mistral_table,no
1021,HORIZONTINA,50,1 440,1 180,241 998,3 064 012,1 579 225,43,44,1 379,785,31 224 272,372 866 105,244 739 840,38,39,mistral_table,mistral_table,no
1022,HUMAITA,39,117,41,5 446,25 772,12 623,26,26,70,31,353 883,1 957 213,676 582,38,39,mistral_table,mistral_table,no
1023,IBIACA,13,57,29,3 051,14 807,9 463,13,15,61,28,341 729,1 945 760,1 117 768,38,39,mistral_table,mistral_table,no
1024,IBIRAIARAS,16,165,115,10 261,52 230,24 161,10,11,109,94,649 021,3 549 250,1 969 143,38,39,mistral_table,mistral_table,no
1025,IBIRUBA,66,488,363,38 170,456 344,128 881,58,67,416,318,2 576 915,50 098 937,18 472 331,38,39,mistral_table,mistral_table,no
1026,IGREJINHA,177,4 183,3 545,474 234,3 396 164,1 952 435,228,238,6 083,5 328,57 706 976,343 340 725,188 152 794,38,39,mistral_table,mistral_table,no
1027,IJUI,185,3 235,2 494,361 031,4 017 022,1 324 214,182,210,2 475,1 885,25 170 149,240 450 715,128 689 737,38,39,mistral_table,mistral_table,no
1028,ILOPOLIS,11,56,30,4 645,46 980,14 676,10,12,52,31,293 079,3 259 095,845 644,38,39,mistral_table,mistral_table,no
1029,INDEPENDENCIA,10,30,13,2 216,14 355,8 523,4,4,17,12,155 229,608 526,365 784,38,39,mistral_table,mistral_table,no
1030,,,,,,,,23,26,104,63,466 718,2 274 049,1 301 702,40,41,missing,mistral_table,yes
1031,JAGUAR!,37,331 239,25 112,311 739,us,971,28,32,931,720,12 381 028,338 814 997,121 702 522,40,41,pdf_text_tokens,mistral_table,no
1032,ITATIBA DO SUL..ccsscercrsescssocercescocesesess,7,19,4,590,3 421,1 761,7,7,29,16,122 326,382 340,181 715,40,41,tesseract_por_review,mistral_table,no
1033,,,,,,,,84,89,4 158,3 766,41 036 651,348 642 565,137 790 176,40,41,missing,mistral_table,yes
1034,JACUTINGA... cosercrcorposoconccontorcensocesessss,15,56,28,3 018,10 947,7 709,12,12,63,29,264 248,713 987,401 287,40,41,tesseract_por_review,mistral_table,no
1035,,,,,,,,21,26,308,202,2 489 041,35 529 397,9 612 280,40,41,missing,mistral_table,yes
1036,JAGUARI....crrrcrrcerorscrrorcrcascocenenossones,(A),339,239,25 662,366 739,145 971,28,35,530,447,3 487 626,80 729 735,23 639 034,40,41,tesseract_por_review,mistral_table,no
1037,JOIA,,,,,,,4,4,10,5,32 366,182 688,121 026,40,41,pdf_text_layout_partial,mistral_table,yes
1038,JULIO DE CASTILHOS......ccescecesssesusceceecess,46 422,3,36 934,1,080 717,248 011,41,50,583,496,4 265 973,80 612 218,23 243 749,40,41,tesseract_por_review,mistral_table,no
1039,LAGOA VERMELHA... cccrcercrssesersoscscesunenecas,,,,,,,66,74,1 357,1 164,9 417 246,68 169 690,35 541 867,40,41,tesseract_por_review_partial,mistral_table,yes
1040,"LAJSEADO,..occrcoscrorcorcororcnscocorcnssoccccss",,,,,,,182,208,4 471,3 539,43 111 349,468 022 443,170 328 744,40,41,tesseract_por_review_partial,mistral_table,yes
1041,LAVRAS DO SUL..ccccercesccercorsssncosesoscscoss,5,28,18,3 306,17 239,5 645,6,8,95,47,911 591,1 991 865,961 367,40,41,tesseract_por_review,mistral_table,no
1042,LIBERATO SALZANO......cccrrsceneeeseeseneaesees,10,37,14,1 579,5 185,4139,10,10,24,10,122 092,711 095,491 243,40,41,tesseract_por_review,mistral_table,no
1043,MACHADINHO... .csccccrsoccercraecececorronseensos,13,Sá,so,2 807,14 489,10 442,12,13,63,45,302 293,1 679 800,678 122,40,41,tesseract_por_review,mistral_table,no
1044,MARAU... cccccrsorcercreccsoccncoconcersosccesccs,,,,,,,72,80,1 796,1 448,15 713 009,427 111 152,102 902 731,40,41,tesseract_por_review_partial,mistral_table,yes
1045,MAXIMILIANO DE ALMEIDA... ...ccscssessessesseesos,13,67,53,3 661,23 152,15 604,15,16,128,98,998 969,12 256 248,4 465 184,40,41,tesseract_por_review,mistral_table,no
1046,MARIANO MORO... .ccccsssssuuuneeereesserasasseses,6,7,1,497,2,161 918,6,6,23,4,107 626,603 570,503 215,40,41,tesseract_por_review,mistral_table,no
1047,MATA,6,27,13,2 011,i:l,$37,7,7,15,1,88 591,234 023,99 729,40,41,pdf_text_tokens,mistral_table,no
1048,,,,,,,,14,14,56,35,294 150,1 519 450,516 950,40,41,missing,mistral_table,yes
1049,,,,,,,,5,5,15,6,192 100,431 071,230 357,40,41,missing,mistral_table,yes
1050,IRAI,,,,,,,118,138,4 540,3 738,61 724 708,736 648 344,285 288 578,40,41,pdf_text_tokens_partial,mistral_table,yes
1051,MOSTARDAS....cercescrsercrrecorescrroccorenscass,,,,,,,7,7,54,31,762 065,13 113 346,3 229 815,40,41,tesseract_por_review_partial,mistral_table,yes
1052,,,,,,,,37,41,989,848,9 084 479,120 180 086,36 731 497,40,41,missing,mistral_table,yes
1053,NÃO-•-TOOUE,30,501 377,t2 ''º,577 IH,2&7,'º',25,28,669,533,9 099 764,105 607 721,60 619 043,40,41,pdf_text_layout,mistral_table,no
1054,NONOAL..cccsscconoroccrcocsoccconcccoscnscoscnes,32,107,41,5 384,27 945,14 406,20,22,100,44,489 615,2 048 422,1 115 182,40,41,tesseract_por_review,mistral_table,no
1055,,,,,,,,14,18,181,156,1 875 593,29 972 327,10 960 756,40,41,missing,mistral_table,yes
1056,NOVA BASSANO....cccrcrccercrcersererescessoscsss,29,341,283,32 927,360 250,126 647,34,36,456,309,4 040 893,69 362 660,26 379 402,40,41,tesseract_por_review,mistral_table,no
1057,,,,,,,,7,8,25,12,137 297,780 574,444 990,40,41,missing,mistral_table,yes
1058,NOVA PALMA... ccoscccccorcosorcorcrcorccocccssocs,,,,,,,15,15,79,44,326 217,2 627 568,1 170 880,40,41,tesseract_por_review_partial,mistral_table,yes
1059,NOVA PETROPOLIS.......cceseneeereneeeseeeuenseses,,,,,,,71,82,2 790,2 579,25 923 522,285 949 989,173 812 624,40,41,tesseract_por_review_partial,mistral_table,yes
1060,,,,,,,,199,208,1 416,1 042,9 272 323,98 251 495,61 926 154,40,41,missing,mistral_table,yes
1061,OBORIO...cccsscnccericicercrrcnciroccorcencsncõo,,,,,,,101,113,1 116,900,6 813 148,67 193 015,24 487 681,40,41,tesseract_por_review_partial,mistral_table,yes
1062,PAIM FILHO... .ccscesscerercrerercorerecerenceneo,12,as,18,32,16 788,10 758,8,8,45,18,129 320,633 270,251 342,40,41,tesseract_por_review,mistral_table,no
1063,PALMARES DO SUL.....ccccrecsneneraceeesereeners,-,-,-,-,-,-,13,14,147,119,1 955 110,42 682 755,17 111 780,40,41,tesseract_por_review,mistral_table,no
1064,PALMEIRA DAS MISSÕES... ..cccesssessesecesaseses,109,s23,301,43 022,263 895,135 954,122,129,518,277,4 413 776,21 015 274,11 833 198,40,41,tesseract_por_review,mistral_table,no
1065,PALMITINHO...cccccscccerrreccrcsrsosocccccocecos,22,52,15,2413,12 936,10 258,15,15,37,8,140 867,510 776,286 262,40,41,tesseract_por_review,mistral_table,no
1066,PANAMBI... cecercescrrcorerccccrcercceccorcrcrosso,,,,,,,44,57,1 708,1 343,19 532 380,322 840 818,150 580 026,40,41,tesseract_por_review_partial,mistral_table,yes
1067,,,,,,,,72,75,391,283,1 498 487,14 473 693,7 767 663,40,41,missing,mistral_table,yes
1068,,,,,,,,55,63,9 231,8 531,77 269 804,579 478 357,322 351 349,40,41,missing,mistral_table,yes
1069,PEDRO OBORIO.....csencrenarcranorroccssccnnceccs,48,4,248,32 770,230 478,133 001,56,59,345,248,2 379 777,24 992 575,9 292 503,40,41,tesseract_por_review,mistral_table,no
1070,"Pl.JUÇARA •• ••••• , , ••••• , ••••••• , , , , , , ••••• , • ••• •• """,8,sz,35,5 781,87 832,51 107,9,12,46,24,405 293,7 079 098,2 102 215,40,41,tesseract_por_review,mistral_table,no
1071,"PlHlllEÍllO MACllADO ••••••• ,.,. ,, •••• ,, ••••••••• •••• li SH",412,75,023,212,571,U1,13,18,526,370,6 378 578,128 012 424,92 332 160,40,41,pdf_text_tokens,mistral_table,no
1072,PIRATINI....scercrecrrorcrseccercssescoscccscnsos s 3º,23,1,962,7,539,4 891,9,10,52,35,307 012,4 322 614,1 451 443,40,41,tesseract_por_review,mistral_table,no
1073,PLANALTO... cccsscrcscosc co soncorcoccucenccscnsss,34 180,ss,“,7m,7 676,41 135,30,32,127,60,651 299,5 043 161,2 754 559,40,41,tesseract_por_review,mistral_table,no
1074,,,,,,,,65,72,4 334,3 804,46 822 152,436 207 615,187 180 589,40,41,missing,mistral_table,yes
1075,PORTO LUCEMA...cccscocsrercrcocorcccccssoscscucs,,,,,,,16,16,38,12,136 414,945 983,698 612,40,41,tesseract_por_review_partial,mistral_table,yes
1076,PORTO RAVIER......ccerererrsrccrrccccrrororecocsa,,,,,,,6,6,28,20,161 094,406 930,277 832,40,41,tesseract_por_review_partial,mistral_table,yes
1077,PUTINGA,16,81,52,6 494,77 806,32 258,10,11,36,18,104 053,536 197,368 816,42,43,mistral_table,mistral_table,no
1078,QUARAI,22,122,73,9 923,79 171,34 483,18,18,102,72,960 196,8 947 453,4 228 099,42,43,mistral_table,mistral_table,no
1079,REDENTORA,18,44,13,1 795,8 099,4 076,13,14,43,20,127 999,500 193,257 094,42,43,mistral_table,mistral_table,no
1080,RESTINGA SECA,38,406,317,30 517,421 936,137 339,42,46,343,259,2 278 096,46 518 386,17 132 419,42,43,mistral_table,mistral_table,no
1081,RIO PARDO,123,1 379,1 071,135 835,1 790 446,652 120,122,136,1 589,1 294,13 757 735,158 485 991,62 079 610,42,43,mistral_table,mistral_table,no
1082,ROCA SALES,15,578,474,51 109,754 138,313 669,21,24,1 399,1 289,10 819 073,121 365 273,47 810 329,42,43,mistral_table,mistral_table,no
1083,RODEIO BONITO,8,54,33,3 116,11 551,6 981,14,14,39,11,139 986,928 693,598 778,42,43,mistral_table,mistral_table,no
1084,ROLANTE,56,1 746,1 585,126 802,740 479,446 903,58,70,3 163,2 962,22 803 420,213 237 834,133 186 615,42,43,mistral_table,mistral_table,no
1085,RONDA ALTA,30,110,53,6 459,67 921,46 110,23,25,106,64,904 785,4 728 208,2 978 415,42,43,mistral_table,mistral_table,no
1086,RONDINHA,22,93,47,4 476,17 426,10 572,21,22,48,10,249 202,638 781,427 886,42,43,mistral_table,mistral_table,no
1087,ROQUE GONZALES,15,50,21,1 976,5 262,3 911,13,13,36,15,119 250,771 639,592 741,42,43,mistral_table,mistral_table,no
1088,ROSARIO DO SUL,49,1 430,1 043,122 697,1 850 652,576 707,35,40,658,454,6 848 072,93 316 869,38 211 822,42,43,mistral_table,mistral_table,no
1089,SALTO DO JACUI,-,-,-,-,-,-,5,8,38,24,475 414,3 407 034,2 789 093,42,43,mistral_table,mistral_table,no
1090,SALVADOR DO SUL,41,613,438,36 619,259 715,112 877,49,56,1 283,1 207,9 271 699,34 692 507,13 533 823,42,43,mistral_table,mistral_table,no
1091,SANANDUVA,28,596,455,56 001,566 682,205 695,27,29,521,412,4 394 787,63 523 766,21 834 454,42,43,mistral_table,mistral_table,no
1092,SANTA BARBARA DO SUL,21,103,63,8 124,83 895,32 564,19,26,206,127,1 866 713,8 491 743,4 257 534,42,43,mistral_table,mistral_table,no
1093,SANTANA DA BOA VISTA,11,43,26,2 443,10 314,6 770,7,7,17,1,147 180,1 019 841,824 355,42,43,mistral_table,mistral_table,no
1094,SANTANA DO LIVRAMENTO,88,4 745,4 218,404 182,7 403 466,2 501 068,67,84,3 795,3 135,37 585 725,600 371 539,251 641 618,42,43,mistral_table,mistral_table,no
1095,SANTA ROSA,121,2 970,2 190,402 061,5 935 223,2 240 746,74,86,2 854,2 331,35 994 807,805 707 007,445 027 903,42,43,mistral_table,mistral_table,no
1096,SANTA VITORIA DO PALMAR,16,235,177,24 835,715 060,137 292,31,34,413,337,5 897 578,84 960 768,29 379 442,42,43,mistral_table,mistral_table,no
1097,SANTIAGO,44,300,206,31 051,195 045,103 366,52,60,341,229,2 528 083,18 963 690,10 737 943,42,43,mistral_table,mistral_table,no
1098,SANTO ANTONIO DA PATRULHA,102,1 665,1 309,168 098,1 984 566,882 831,95,107,2 543,2 271,19 381 926,181 200 547,89 449 100,42,43,mistral_table,mistral_table,no
1099,SANTO ANTONIO DAS MISSÕES,13,43,15,3 656,10 595,7 727,18,19,45,20,168 190,1 039 052,321 633,42,43,mistral_table,mistral_table,no
1100,SANTO AUGUSTO,37,168,65,15 514,50 481,30 206,29,34,177,72,1 516 518,5 185 140,2 124 233,42,43,mistral_table,mistral_table,no
1101,SANTO CRISTO,53,238,123,13 122,85 826,42 504,50,52,168,85,894 586,7 330 193,3 678 396,42,43,mistral_table,mistral_table,no
1102,SÃO BORJA,87,1 007,599,103 836,1 945 565,658 096,66,78,854,661,10 469 855,254 375 271,119 121 826,42,43,mistral_table,mistral_table,no
1103,SÃO FRANCISCO DE ASSIS,17,85,54,5 428,24 824,16 480,25,28,162,107,1 293 324,16 953 270,5 798 372,42,43,mistral_table,mistral_table,no
1104,SÃO FRANCISCO DE PAULA,65,978,833,76 145,667 867,373 249,28,38,960,876,5 154 343,52 778 199,35 468 640,42,43,mistral_table,mistral_table,no
1105,SÃO GABRIEL,40,869,683,97 355,1 381 695,358 400,47,57,899,737,8 919 092,254 031 026,118 943 045,42,43,mistral_table,mistral_table,no
1106,SÃO JERONIMO,59,4 168,2 818,1 014 624,9 248 464,2 383 106,26,28,821,508,10 613 230,32 640 651,18 937 953,42,43,mistral_table,mistral_table,no
1107,SÃO JOSE DO NORTE,11,297,259,31 063,140 051,7 889,6,11,34,15,260 640,4 537 367,1 158 093,42,43,mistral_table,mistral_table,no
1108,SÃO JOSE DO OURO,20,119,77,8 642,69 512,37 548,13,17,100,73,499 716,3 324 155,1 541 234,42,43,mistral_table,mistral_table,no
1109,SÃO LOURENÇO DO SUL,61,813,566,76 009,1 512 713,518 899,61,65,827,611,7 112 119,236 978 925,61 018 904,42,43,mistral_table,mistral_table,no
1110,SÃO LUIZ GONZAGA,63,745,551,70 062,2 355 485,539 811,47,55,745,594,6 801 131,168 807 580,53 316 409,42,43,mistral_table,mistral_table,no
1111,SÃO MARCOS,92,1 767,1 486,163 775,1 392 156,693 005,84,94,2 466,2 185,18 060 931,202 275 259,100 092 683,42,43,mistral_table,mistral_table,no
1112,SÃO MARTINHO,12,59,33,3 876,20 242,12 334,10,12,53,29,282 165,1 564 187,845 131,42,43,mistral_table,mistral_table,no
1113,SÃO NICOLAU,5,19,8,872,3 759,3 006,9,10,21,8,73 041,357 354,207 331,42,43,mistral_table,mistral_table,no
1114,SÃO PAULO DAS MISSÕES,25,61,18,2 900,11 603,6 163,13,13,58,31,417 943,2 078 020,1 302 698,42,43,mistral_table,mistral_table,no
1115,SÃO PEDRO DO SUL,36,163,84,15 649,207 702,60 946,27,33,126,67,1 300 336,30 328 768,10 330 869,42,43,mistral_table,mistral_table,no
1116,SÃO SEBASTIÃO DO CAI,126,1 696,1 389,162 299,1 085 465,563 281,77,87,2 818,2 573,24 370 231,133 531 713,63 737 285,42,43,mistral_table,mistral_table,no
1117,SÃO SEPE,36,253,183,17 288,468 000,172 850,30,34,456,339,5 125 997,136 928 587,41 580 808,42,43,mistral_table,mistral_table,no
1118,SÃO VALENTIM,22,116,48,8 183,37 331,26 757,22,25,79,33,277 441,1 673 023,1 168 244,42,43,mistral_table,mistral_table,no
1119,SÃO VICENTE DO SUL,8,18,7,1 257,6 978,2 869,14,14,44,18,92 536,881 032,463 368,42,43,mistral_table,mistral_table,no
1120,SAPIRANGA,384,14 906,13 352,1 495 256,10 104 133,5 641 240,342,392,22 519,20 978,204 775 473,1 351 289 935,730 344 452,42,43,mistral_table,mistral_table,no
1121,SAPUCAIA DO SUL,106,8 563,7 114,1 414 572,22 556 332,8 795 916,145,170,7 178,5 962,118 456 523,2 010 081 132,791 596 271,42,43,mistral_table,mistral_table,no
1122,SARANDI,68,954,771,83 618,1 276 057,414 309,58,70,493,303,3 885 504,30 038 517,11 111 083,42,43,mistral_table,mistral_table,no
1123,SEBERI,25,74,30,4 701,17 798,10 943,18,19,74,37,370 109,1 085 544,594 748,42,43,mistral_table,mistral_table,no
1124,SELBACH,16,97,69,6 089,31 668,18 929,13,13,64,45,464 737,2 334 856,1 581 665,44,45,mistral_table,mistral_table,no
1125,SERAFINA CORREA,27,842,750,85 266,1 654 838,436 597,20,23,852,781,6 778 086,147 450 711,58 721 399,44,45,mistral_table,mistral_table,no
1126,SERTÃO,10,104,57,7 104,186 243,99 055,9,10,36,18,235 250,751 173,352 794,44,45,mistral_table,mistral_table,no
1127,SEVERIANO DE ALMEIDA,3,22,13,1 501,7 408,5 120,5,5,27,16,138 797,611 086,395 760,44,45,mistral_table,mistral_table,no
1128,SOBRADINHO,49,223,111,13 155,51 096,26 380,49,55,229,126,874 440,7 567 810,3 649 658,44,45,mistral_table,mistral_table,no
1129,SOLEDADE,72,579,439,52 637,466 040,219 423,80,89,730,558,6 180 577,53 388 786,25 962 538,44,45,mistral_table,mistral_table,no
1130,TAPEJARA,53,459,348,27 455,197 952,77 696,40,46,519,421,3 579 236,40 317 437,10 032 358,44,45,mistral_table,mistral_table,no
1131,TAPERA,39,393,304,38 997,241 876,120 713,36,38,565,494,5 104 973,46 613 846,22 319 221,44,45,mistral_table,mistral_table,no
1132,TAPES,74,319,163,24 423,435 132,146 882,56,60,315,194,2 649 847,93 445 132,30 502 018,44,45,mistral_table,mistral_table,no
1133,TAQUARA,271,5 873,5 133,560 344,5 642 722,3 097 278,159,172,2 787,2 387,23 152 983,298 612 522,146 107 755,44,45,mistral_table,mistral_table,no
1134,TAQUARI,71,1 559,1 260,232 153,2 835 987,1 830 050,61,73,2 268,1 971,23 000 365,383 278 152,209 420 492,44,45,mistral_table,mistral_table,no
1135,TAVARES,-,-,-,-,-,-,6,6,17,5,66 700,248 823,105 509,44,45,mistral_table,mistral_table,no
1136,TENENTE PORTELA,52,154,60,7 476,32 362,18 477,28,33,93,43,406 209,1 685 186,979 228,44,45,mistral_table,mistral_table,no
1137,TEUTONIA,-,-,-,-,-,-,55,64,2 956,2 615,27 884 897,311 786 118,103 278 844,44,45,mistral_table,mistral_table,no
1138,TORRES,82,413,243,28 323,181 456,87 250,98,102,703,525,3 590 050,23 633 157,11 426 303,44,45,mistral_table,mistral_table,no
1139,TRAMANDAI,26,119,77,10 145,44 863,28 215,37,39,203,130,1 520 553,21 327 381,11 049 502,44,45,mistral_table,mistral_table,no
1140,TRES COROAS,165,2 919,2 352,356 703,2 212 145,1 278 716,184,188,4 118,3 542,39 697 170,297 003 707,159 130 170,44,45,mistral_table,mistral_table,no
1141,TRES DE MAIO,88,618,451,53 642,726 423,342 533,67,75,510,352,4 485 136,28 205 004,13 272 818,44,45,mistral_table,mistral_table,no
1142,TRES PASSOS,77,867,655,86 286,1 972 551,345 574,58,67,785,580,7 871 440,169 516 899,35 125 239,44,45,mistral_table,mistral_table,no
1143,TRIUNFO,30,267,200,39 834,166 821,96 545,27,43,3 527,2 313,161 159 862,4 859 004 167,1 667 634 526,44,45,mistral_table,mistral_table,no
1144,TUCUNDUVA,19,112,69,7 027,26 101,15 756,14,14,85,61,357 389,834 062,542 472,44,45,mistral_table,mistral_table,no
1145,TUPANCIRETÁ,19,284,208,49 843,620 792,130 548,20,24,230,147,1 983 569,8 846 135,1 211 189,44,45,mistral_table,mistral_table,no
1146,TUPARENDI,30,254,193,33 591,226 434,92 813,16,16,206,159,3 533 956,28 265 445,21 725 229,44,45,mistral_table,mistral_table,no
1147,VACARIA,148,1 876,1 412,174 194,2 951 620,1 095 560,139,161,2 152,1 750,16 643 558,198 297 021,86 320 280,44,45,mistral_table,mistral_table,no
1148,VENANCIO AIRES,144,2 742,2 202,349 975,4 263 656,1 943 454,123,151,3 927,3 583,40 476 477,648 614 084,394 147 386,44,45,mistral_table,mistral_table,no
1149,VERA CRUZ,34,720,219,174 633,1 842 643,757 460,36,43,1 207,570,26 197 199,302 310 103,168 191 157,44,45,mistral_table,mistral_table,no
1150,VERANOPOLIS,161,3 044,2 544,275 438,2 171 323,1 176 401,135,151,2 987,2 547,22 004 561,217 306 596,113 663 437,44,45,mistral_table,mistral_table,no
1151,VIADUTOS,14,38,15,2 563,23 777,16 512,14,17,52,26,295 453,1 490 245,957 417,44,45,mistral_table,mistral_table,no
1152,VICENTE DUTRA,14,43,17,1 821,5 755,4 298,14,16,33,13,125 092,426 568,221 766,44,45,mistral_table,mistral_table,no
1153,VICTOR GRAEFF,5,16,6,1 175,5 512,3 727,6,7,23,8,86 258,769 884,310 909,44,45,mistral_table,mistral_table,no
