order_number,entry,establishments_1980,personnel_total_1980,personnel_linked_to_service_activity_1980,salaries_withdrawals_1980_mil_cruzeiros,total_revenue_1980_mil_cruzeiros,companies_headquartered_in_municipality_1985,establishments_1985,personnel_total_1985,personnel_linked_to_service_activity_1985,salaries_withdrawals_1985_mil_cruzeiros,total_revenue_1985_mil_cruzeiros,source_page_1980,source_page_1985,left_extraction_method,right_extraction_method,needs_review
1,BRASIL,395 797,2 211 783,1 403 971,280 393 481,1 140 225 587,432 342,448 702,2 583 183,1 772 247,27 706 582 122,106 895 088 261,100,101,mistral_table,mistral_table,no
2,ALOJAMENTO E ALIMENTAÇÃO,193 646,665 805,318 154,46 296 556,283 052 664,215 570,219 353,783 553,417 959,4 765 334 943,26 502 365 187,100,101,mistral_table,mistral_table,no
3,ALOJAMENTO,15 207,124 214,80 774,10 706 778,45 958 354,14 591,15 212,147 604,113 089,1 176 006 032,5 351 981 782,100,101,mistral_table,mistral_table,no
4,ALIMENTAÇÃO,178 439,541 591,237 380,35 569 778,237 094 310,200 979,204 141,635 949,304 870,3 589 328 511,21 150 383 405,100,101,mistral_table,mistral_table,no
5,"REPARAÇÃO, MANUTENÇÃO E INSTALAÇÃO",81 353,313 707,182 682,31 963 426,100 259 147,95 868,97 715,329 065,188 249,2 658 713 520,8 498 123 049,100,101,mistral_table,mistral_table,no
6,"REPARAÇÃO, MANUTENÇÃO E INSTALAÇÃO",81 353,313 707,182 682,31 963 426,100 259 147,95 868,97 715,329 065,188 249,2 658 713 520,8 498 123 049,100,101,mistral_table,mistral_table,no
7,"PESSOAIS, DE HIGIENE E ESTÉTICA PESSOAL",25 887,86 910,49 001,7 466 095,21 487 674,26 597,27 536,93 538,55 223,630 335 408,1 803 070 259,100,101,mistral_table,mistral_table,no
8,PESSOAIS,9 354,35 867,20 365,3 032 078,11 699 168,8 953,9 748,34 031,19 703,228 563 002,834 399 911,100,101,mistral_table,mistral_table,no
9,HIGIENE E DE ESTÉTICA PESSOAL,16 533,51 043,28 636,4 434 017,9 788 506,17 644,17 788,59 507,35 520,401 772 406,968 670 348,100,101,mistral_table,mistral_table,no
10,"RADIOIDIFUSÃO, TELEVISÃO E DIVERSÕES",7 101,67 169,44 700,10 475 677,51 607 590,6 076,7 168,75 763,55 694,1 404 306 551,5 980 623 389,100,101,mistral_table,mistral_table,no
11,RADIOIDIFUSÃO E TELEVISÃO,1 484,38 842,26 363,7 672 816,37 996 335,1 224,1 498,48 420,37 140,1 194 584 410,4 707 066 590,100,101,mistral_table,mistral_table,no
12,DIVERSÕES,5 617,28 327,18 337,2 803 161,13 611 255,4 852,5 670,27 343,18 554,209 722 141,1 273 556 799,100,101,mistral_table,mistral_table,no
13,AUXILIARES DIVERSOS,74 512,993 654,763 469,170 933 010,606 107 958,77 435,85 785,1 234 983,1 012 862,17 490 327 257,80 551 009 729,100,101,mistral_table,mistral_table,no
14,AUX. DA AGROPECUARIA E REFLORESTAMENTO,3 046,59 496,40 744,10 280 038,29 092 093,1 550,1 988,80 286,65 742,1 275 890 148,2 721 230 782,100,101,mistral_table,mistral_table,no
15,"AUX. COMÉRCIO, LOCAÇÃO DE BENS E SERVIÇOS",11 182,82 825,50 791,16 981 326,125 969 772,15 100,16 873,118 778,81 727,2 292 221 794,13 018 920 244,100,101,mistral_table,mistral_table,no
16,"AUX. FINANC., SEGUROS E CAPITALIZAÇÃO",1 866,18 424,12 061,4 287 167,19 073 271,1 503,1 731,19 209,13 860,428 011 363,2 307 092 508,100,101,mistral_table,mistral_table,no
17,AUXILIARES DOS TRANSPORTES,7 157,83 644,58 430,16 414 800,89 433 768,4 682,7 006,108 114,88 950,2 440 552 118,9 374 032 489,100,101,mistral_table,mistral_table,no
18,"AUX. CONSTRUÇÃO, OBRAS, GEOGESIA, ETC",4 484,80 902,56 343,27 692 252,85 731 057,3 831,4 197,80 481,63 076,1 930 277 140,6 478 506 520,100,101,mistral_table,mistral_table,no
19,"AUX. DE LIMPEZA, HIGIENIZAÇÃO, ETC",2 789,160 906,150 380,10 128 024,25 491 050,2 989,3 168,200 922,188 311,992 988 312,2 365 090 853,100,101,mistral_table,mistral_table,no
20,AUX. PRESTADOS A EMPRESAS E PESSOAIS,38 640,476 120,375 864,81 075 064,218 615 284,42 081,44 777,993 244,488 269,7 813 506 980,23 146 767 656,100,101,mistral_table,mistral_table,no
21,AUXILIARES DA SAÚDE,5 348,31 137,18 856,4 074 339,12 501 623,5 719,6 045,33 949,23 027,316 919 422,1 139 368 877,100,101,mistral_table,mistral_table,no
22,"COMPRA, VENDA, ADMINISTRAÇÃO BENS IMÓVEIS",13 298,84 538,45 965,13 258 417,77 710 554,10 796,11 145,66 281,42 160,757 564 843,3 559 896 648,100,101,mistral_table,mistral_table,no
23,COMPRA E VENDA DE BENS IMÓVEIS,8 113,42 753,19 913,7 228 498,51 183 819,4 135,4 260,17 728,9 802,196 029 654,1 176 344 861,100,101,mistral_table,mistral_table,no
24,"ADMINISTRAÇÃO, LOCAÇÃO, ETC",5 185,41 785,26 052,6 029 919,26 526 735,6 661,6 885,48 553,32 358,561 535 189,2 383 551 787,100,101,mistral_table,mistral_table,no
25,REGIÃO SUL,74 159,367 114,225 893,37 913 093,151 940 019,77 552,80 855,391 359,255 513,3 629 270 874,13 709 757 847,100,101,mistral_table,mistral_table,no
26,ALOJAMENTO E ALIMENTAÇÃO,33 281,109 137,47 680,6 478 224,37 391 664,33 870,34 479,114 091,55 516,596 367 979,3 304 966 006,100,101,mistral_table,mistral_table,no
27,ALOJAMENTO,3 175,23 867,15 640,1 845 664,7 772 746,2 563,2 672,25 304,19 727,177 072 164,745 277 852,100,101,mistral_table,mistral_table,no
28,ALIMENTAÇÃO,30 106,85 250,32 040,4 632 560,29 598 918,31 307,31 807,88 787,35 789,419 295 815,2 559 688 154,100,101,mistral_table,mistral_table,no
29,"REPARAÇÃO, MANUTENÇÃO E INSTALAÇÃO",17 382,65 720,38 661,6 433 880,21 626 330,19 059,19 533,61 506,33 232,488 345 193,1 678 516 985,100,101,mistral_table,mistral_table,no
30,"REPARAÇÃO, MANUTENÇÃO E INSTALAÇÃO",17 382,65 720,38 661,6 433 880,21 626 330,19 059,19 533,61 506,33 232,488 345 193,1 678 516 985,100,101,mistral_table,mistral_table,no
31,"PESSOAIS, DE HIGIENE E ESTÉTICA PESSOAL",3 560,11 276,6 173,989 396,3 035 439,4 085,4 296,12 679,6 906,88 810 715,270 161 937,100,101,mistral_table,mistral_table,no
32,PESSOAIS,1 870,6 670,3 662,543 423,2 043 458,1 844,2 032,6 218,3 234,41 389 347,156 115 587,100,101,mistral_table,mistral_table,no
33,HIGIENE E DE ESTÉTICA PESSOAL,1 690,4 606,2 511,445 933,991 981,2 241,2 264,6 461,3 672,47 421 368,114 046 350,100,101,mistral_table,mistral_table,no
34,"RADIOIDIFUSÃO, TELEVISÃO E DIVERSÕES",1 622,14 543,9 755,887 341,9 318 056,1 379,1 631,15 718,11 814,194 600 042,1 012 204 846,100,101,mistral_table,mistral_table,no
35,RADIOIDIFUSÃO E TELEVISÃO,431,9 111,6 492,1 448 203,7 448 058,391,477,10 617,8 496,164 511 608,873 967 990,100,101,mistral_table,mistral_table,no
36,DIVERSÕES,1 191,5 432,3 263,439 378,1 869 998,988,1 154,5 101,3 318,30 098 434,138 236 886,100,101,mistral_table,mistral_table,no
37,AUXILIARES DIVERSOS,16 034,154 202,117 162,20 377 582,70 566 226,17 160,18 862,177 349,142 135,2 153 969 176,7 047 012 372,100,101,mistral_table,mistral_table,no
38,AUX. DA AGROPECUARIA E REFLORESTAMENTO,1 070,12 314,7 413,1 837 431,7 253 019,563,738,11 505,8 872,228 932 148,535 589 357,100,101,mistral_table,mistral_table,no
39,"AUX. COMÉRCIO, LOCAÇÃO DE BENS E SERVIÇOS",2 761,13 651,7 745,2 344 898,14 321 639,4 690,5 016,22 763,13 679,358 991 853,1 897 562 655,100,101,mistral_table,mistral_table,no
40,"AUX. FINANC., SEGUROS E CAPITALIZAÇÃO",305,2 202,1 368,441 150,3 775 762,300,348,1 717,1 118,27 463 337,158 853 186,100,101,mistral_table,mistral_table,no
41,AUXILIARES DOS TRANSPORTES,1 451,13 148,9 644,2 316 910,9 947 644,948,1 356,14 242,11 518,289 264 819,1 200 807 965,100,101,mistral_table,mistral_table,no
42,"AUX. CONSTRUÇÃO, OBRAS, GEOGESIA, ETC",988,6 085,5 640,1 419 771,5 421 627,766,805,7 718,5 974,109 504 676,397 696 193,100,101,mistral_table,mistral_table,no
43,"AUX. DE LIMPEZA, HIGIENIZAÇÃO, ETC",581,22 772,20 958,1 356 078,3 333 300,908,630,26 802,23 620,135 651 617,251 175 273,100,101,mistral_table,mistral_table,no
44,AUX. PRESTADOS A EMPRESAS E PESSOAS,7 790,76 015,60 453,9 844 396,24 065 687,8 117,8 729,86 447,71 306,960 760 293,2 398 436 675,100,101,mistral_table,mistral_table,no
45,AUXILIARES DA SAÚDE,1 088,6 015,3 943,816 948,2 447 338,1 188,1 240,6 155,4 048,63 300 230,206 891 068,100,101,mistral_table,mistral_table,no
46,"COMPRA, VENDA, ADMINISTRAÇÃO BENS IMÓVEIS",2 280,12 236,6 462,746 470,10 062 304,1 999,2 054,10 016,5 910,107 177 769,396 895 401,100,101,mistral_table,mistral_table,no
47,COMPRA E VENDA DE BENS IMÓVEIS,1 481,6 768,3 090,1 041 063,5 944 119,879,909,3 029,1 409,31 912 114,135 457 476,100,101,mistral_table,mistral_table,no
48,"ADMINISTRAÇÃO, LOCAÇÃO, ETC",799,5 468,3 372,705 407,4 118 185,1 120,1 145,6 987,4 501,75 265 655,261 437 925,100,101,mistral_table,mistral_table,no
49,PARANÁ,29 669,139 700,83 213,13 387 801,56 799 113,30 096,31 421,155 436,103 539,1 330 681 880,5 217 223 109,100,101,mistral_table,mistral_table,no
50,ALOJAMENTO E ALIMENTAÇÃO,14 328,42 491,16 112,2 158 212,13 882 788,14 596,14 793,45 947,20 625,209 889 135,1 294 126 478,100,101,mistral_table,mistral_table,no
51,ALOJAMENTO,1 320,8 669,5 362,607 297,2 511 809,1 045,1 080,9 475,7 204,61 203 025,260 224 122,100,101,mistral_table,mistral_table,no
52,ALIMENTAÇÃO,13 008,33 822,10 790,1 550 915,11 370 979,13 551,13 713,36 472,13 421,148 886 110,1 033 902 356,100,101,mistral_table,mistral_table,no
53,"REPARAÇÃO, MANUTENÇÃO E INSTALAÇÃO",6 239,24 412,14 629,2 115 737,6 904 546,7 322,7 511,25 058,13 895,174 373 320,648 449 727,100,101,mistral_table,mistral_table,no
54,"REPARAÇÃO, MANUTENÇÃO E INSTALAÇÃO",6 239,24 412,14 629,2 115 737,6 904 546,7 322,7 511,25 058,13 895,174 373 320,648 449 727,100,101,mistral_table,mistral_table,no
55,"PESSOAIS, DE HIGIENE E ESTÉTICA PESSOAL",1 460,4 483,2 435,356 863,1 065 028,1 811,1 862,5 207,2 782,32 957 690,100 668 384,100,101,mistral_table,mistral_table,no
56,PESSOAIS,680,2 170,1 103,158 812,633 421,675,720,2 061,994,12 012 361,50 037 084,100,101,mistral_table,mistral_table,no
57,HIGIENE E DE ESTÉTICA PESSOAL,780,2 313,1 332,198 021,435 607,1 136,1 142,3 146,1 788,20 945 329,50 631 300,100,101,mistral_table,mistral_table,no
58,"RADIOIDIFUSÃO, TELEVISÃO E DIVERSÕES",637,5 167,3 543,586 576,3 046 994,488,542,4 856,3 846,54 055 345,337 711 836,100,101,mistral_table,mistral_table,no
59,RADIOIDIFUSÃO E TELEVISÃO,151,2 716,1 887,376 111,2 231 226,154,167,3 267,2 910,46 143 800,297 184 352,100,101,mistral_table,mistral_table,no
60,DIVERSÕES,486,2 451,1 556,210 465,815 768,334,375,1 589,1 036,7 911 445,40 527 444,100,101,mistral_table,mistral_table,no
61,AUXILIARES DIVERSOS,6 235,59 017,44 449,7 610 412,28 685 986,5 261,6 084,71 108,60 423,823 707 653,2 682 728 794,100,101,mistral_table,mistral_table,no
62,AUX. DA AGROPECUARIA E REFLORESTAMENTO,752,5 941,3 146,796 381,3 846 799,213,358,4 365,3 815,93 782 871,202 374 205,100,101,mistral_table,mistral_table,no
63,"AUX. COMÉRCIO, LOCAÇÃO DE BENS E SERVIÇOS",864,4 485,2 647,727 512,4 431 852,1 094,1 213,7 957,5 653,105 506 864,561 658 765,100,101,mistral_table,mistral_table,no
64,"AUX. FINANC., SEGUROS E CAPITALIZAÇÃO",107,1 012,640,225 498,2 659 078,80,443,285,6 452,6 452 491,41 314 889,100,101,mistral_table,mistral_table,no
65,AUXILIARES DOS TRANSPORTES,643,5 472,3 951,936 956,4 375 148,344,553,6 492,5 372,131 666 312,631 788 455,100,101,mistral_table,mistral_table,no
66,"AUX. CONSTRUÇÃO, OBRAS, GEOGESIA, ETC",412,3 445,3 298,580 804,2 533 669,310,325,3 369,2 641,42 990 859,187 766 073,100,101,mistral_table,mistral_table,no
67,"AUX. DE LIMPEZA, HIGIENIZAÇÃO, ETC",220,9 895,9 143,601 350,1 802 416,173,184,12 382,12 020,62 827 789,110 188 829,100,101,mistral_table,mistral_table,no
68,AUX. PRESTADOS A EMPRESAS E PESSOAS,2 859,28 913,21 616,3 512 421,8 950 232,2 698,2 995,34 386,29 457,365 976 897,905 771 139,100,101,mistral_table,mistral_table,no
69,AUXILIARES DA SAÚDE,378,1 854,1 108,230 150,686 192,349,359,1 714,1 180,14 503 770,51 874 681,102,103,mistral_table,mistral_table,no
70,"COMPRA, VENDA, ADMINISTRAÇÃO BENS IMÓVEIS",770,4 130,2 045,560 001,3 210 371,618,629,3 260,1 868,35 698 737,143 537 890,102,103,mistral_table,mistral_table,no
71,COMPRA E VENDA DE BENS IMÓVEIS,506,2 502,1 122,354 132,2 591 191,256,263,976,491,10 256 907,49 503 885,102,103,mistral_table,mistral_table,no
72,"ADMINISTRAÇÃO, LOCAÇÃO, ETC",264,1 628,923,205 869,619 180,362,366,2 284,1 377,25 441 830,94 034 005,102,103,mistral_table,mistral_table,no
73,REGIÃO METROPOLITANA,6 583,51 199,37 282,5 918 766,24 518 736,6 353,6 778,60 690,48 003,645 757 212,2 263 838 705,102,103,mistral_table,mistral_table,no
74,ALGUAMENTO E ALIMENTAÇÃO,2 313,9 552,5 759,687 245,3 779 549,2 507,2 556,11 417,7 011,66 498 157,354 816 101,102,103,mistral_table,mistral_table,no
75,ALGUAMENTO,248,2 256,1 651,206 134,800 734,183,189,2 468,1 992,19 939 597,69 982 963,102,103,mistral_table,mistral_table,no
76,ALIMENTAÇÃO,2 065,7 296,4 108,481 111,2 978 815,2 324,2 367,8 949,5 019,46 558 560,284 833 138,102,103,mistral_table,mistral_table,no
77,"REPARAÇÃO, MANUTENÇÃO E INSTALAÇÃO",1 396,6 009,3 861,657 647,2 169 359,1 516,1 556,5 968,3 468,48 199 778,182 412 369,102,103,mistral_table,mistral_table,no
78,"REPARAÇÃO, MANUTENÇÃO E INSTALAÇÃO",1 396,6 009,3 861,657 647,2 169 359,1 516,1 556,5 968,3 468,48 199 778,182 412 369,102,103,mistral_table,mistral_table,no
79,"PESSOAIS, DE HIGIENE E ESTÉTICA PESSOAL",472,1 730,1 072,149 532,1 480 775,340,363,1 389,881,9 879 997,31 204 591,102,103,mistral_table,mistral_table,no
80,PESSOAIS,194,776,496,64 760,219 935,147,166,678,427,4 879 984,18 972 390,102,103,mistral_table,mistral_table,no
81,HIGIENE E DE ESTÉTICA PESSOAL,278,954,576,84 772,188 840,193,197,711,454,4 999 083,12 222 201,102,103,mistral_table,mistral_table,no
82,"RADIODIFUSÃO, TELEVISÃO E DIVERSÕES",88,1 294,867,205 072,1 491 890,82,104,1 439,1 263,22 015 411,171 688 200,102,103,mistral_table,mistral_table,no
83,RADIODIFUSÃO E TELEVISÃO,17,614,419,121 787,1 143 524,25,27,1 037,968,19 276 031,153 227 250,102,103,mistral_table,mistral_table,no
84,DIVERSÕES,71,680,448,83 285,348 366,57,77,402,295,2 739 380,18 460 950,102,103,mistral_table,mistral_table,no
85,AUXILIARES DIVERSOS,1 981,30 414,24 503,3 905 280,15 488 494,1 655,1 942,38 699,34 334,476 350 957,1 437 721 012,102,103,mistral_table,mistral_table,no
86,AUX. DA AGROPECUARIA E REFLORESTAMENTO,52,1 126,602,289 539,1 093 054,17,27,2 471,2 366,68 607 137,101 664 138,102,103,mistral_table,mistral_table,no
87,"AUX. COMÉRCIO, LOCAÇÃO DE BENS E SERVIÇOS",460,2 860,1 747,525 733,3 387 290,480,542,5 484,4 245,75 037 438,407 246 127,102,103,mistral_table,mistral_table,no
88,"AUX. FINANC., SEGUROS E CAPITALIZAÇÃO",70,916,604,210 589,2 615 799,34,50,298,223,5 106 966,35 588 806,102,103,mistral_table,mistral_table,no
89,AUXILIARES DOS TRANSPORTES,201,1 580,1 061,194 338,817 810,144,195,1 727,1 287,21 457 311,68 651 278,102,103,mistral_table,mistral_table,no
90,"AUX. CONSTRUÇÃO, OBRAS, GEOGESIA, ETC",202,2 260,1 606,401 996,1 815 307,115,119,2 119,1 722,31 573 596,146 458 093,102,103,mistral_table,mistral_table,no
91,"AUX. DE LIMPEZA, HIGIENIZAÇÃO, ETC",104,7 652,7 199,446 282,1 098 145,85,87,9 700,9 486,51 668 930,88 618 528,102,103,mistral_table,mistral_table,no
92,AUX. PRESTADOS A EMPRESAS E PESSOAS,805,13 373,11 264,1 735 243,4 448 377,710,849,16 394,14 603,217 568 754,571 455 792,102,103,mistral_table,mistral_table,no
93,AUXILIARES DA SAÚDE,87,627,420,101 470,242 712,70,73,506,402,5 330 795,18 038 250,102,103,mistral_table,mistral_table,no
94,"COMPRA, VENDA, ADMINISTRAÇÃO BENS IMÓVEIS",333,2 200,1 220,314 010,1 160 669,253,257,1 778,1 046,22 813 842,85 996 432,102,103,mistral_table,mistral_table,no
95,COMPRA E VENDA DE BENS IMÓVEIS,197,1 179,577,174 458,766 051,96,98,420,253,4 602 277,19 933 997,102,103,mistral_table,mistral_table,no
96,"ADMINISTRAÇÃO, LOCAÇÃO, ETC",136,1 021,643,135 552,414 618,157,159,1 358,793,18 211 565,66 062 435,102,103,mistral_table,mistral_table,no
97,CURITIBA,5 606,48 260,35 795,5 670 838,23 403 816,5 309,5 700,49 316,38 411,557 842 242,2 035 089 402,102,103,mistral_table,mistral_table,no
98,ALGUAMENTO E ALIMENTAÇÃO,1 833,8 376,5 300,622 686,3 339 975,1 910,1 950,9 555,6 098,57 976 921,297 720 787,102,103,mistral_table,mistral_table,no
99,ALGUAMENTO,225,2 091,1 532,193 032,760 877,160,165,2 161,1 733,17 912 082,62 897 942,102,103,mistral_table,mistral_table,no
100,ALIMENTAÇÃO,1 608,6 285,3 768,429 654,2 579 098,1 750,1 785,7 394,4 365,40 064 839,234 822 845,102,103,mistral_table,mistral_table,no
101,"REPARAÇÃO, MANUTENÇÃO E INSTALAÇÃO",1 134,5 406,3 610,607 883,1 988 490,1 237,1 274,4 977,2 918,42 440 894,162 890 533,102,103,mistral_table,mistral_table,no
102,"REPARAÇÃO, MANUTENÇÃO E INSTALAÇÃO",1 134,5 406,3 610,607 883,1 988 490,1 237,1 274,4 977,2 918,42 440 894,162 890 533,102,103,mistral_table,mistral_table,no
103,"PESSOAIS, DE HIGIENE E ESTÉTICA PESSOAL",434,1 666,1 057,142 638,388 893,314,335,1 272,800,8 889 331,25 864 175,102,103,mistral_table,mistral_table,no
104,PESSOAIS,179,750,492,92 518,211 732,127,144,577,357,3 933 435,13 759 074,102,103,mistral_table,mistral_table,no
105,HIGIENE E DE ESTÉTICA PESSOAL,256,916,565,80 120,177 161,187,191,695,443,4 955 896,12 105 101,102,103,mistral_table,mistral_table,no
106,"RADIODIFUSÃO, TELEVISÃO E DIVERSÕES",82,1 270,853,202 944,1 485 469,64,86,1 381,1 228,21 676 087,170 350 999,102,103,mistral_table,mistral_table,no
107,RADIODIFUSÃO E TELEVISÃO,16,603,408,120 562,1 140 904,22,24,1 002,937,19 049 701,152 596 381,102,103,mistral_table,mistral_table,no
108,DIVERSÕES,66,667,445,82 382,344 565,42,62,379,291,2 626 386,17 754 618,102,103,mistral_table,mistral_table,no
109,AUXILIARES DIVERSOS,1 812,29 390,23 770,3 787 208,15 046 585,1 544,1 811,30 385,26 336,404 310 542,1 293 171 439,102,103,mistral_table,mistral_table,no
110,AUX. DA AGROPECUARIA E REFLORESTAMENTO,34,1 044,565,280 385,1 076 591,11,18,2 307,2 214,66 215 605,94 521 798,102,103,mistral_table,mistral_table,no
111,"AUX. COMÉRCIO, LOCAÇÃO DE BENS E SERVIÇOS",450,2 795,1 686,516 747,3 342 185,461,520,5 371,4 171,74 235 465,399 672 949,102,103,mistral_table,mistral_table,no
112,"AUX. FINANC., SEGUROS E CAPITALIZAÇÃO",68,914,504,210 289,2 615 343,33,48,290,216,5 030 251,35 581 556,102,103,mistral_table,mistral_table,no
113,AUXILIARES DOS TRANSPORTES,196,1 529,1 020,184 656,784 538,138,185,1 567,1 140,18 541 483,51 631 163,102,103,mistral_table,mistral_table,no
114,"AUX. CONSTRUÇÃO, OBRAS, GEOGESIA, ETC",163,1 999,1 415,376 997,1 615 585,106,110,1 910,1 596,27 747 119,129 123 931,102,103,mistral_table,mistral_table,no
115,"AUX. DE LIMPEZA, HIGIENIZAÇÃO, ETC",97,7 526,7 084,433 361,1 031 944,75,77,5 288,5 117,22 928 501,49 674 360,102,103,mistral_table,mistral_table,no
116,AUX. PRESTADOS A EMPRESAS E PESSOAS,721,12 972,10 996,1 665 684,4 343 691,657,787,13 168,11 496,184 445 063,515 532 274,102,103,mistral_table,mistral_table,no
117,AUXILIARES DA SAÚDE,63,611,410,99 089,236 708,63,66,484,386,5 167 035,17 433 408,102,103,mistral_table,mistral_table,no
118,"COMPRA, VENDA, ADMINISTRAÇÃO BENS IMÓVEIS",311,2 152,1 205,307 479,1 154 404,240,244,1 746,1 031,22 548 467,85 091 469,102,103,mistral_table,mistral_table,no
119,COMPRA E VENDA DE BENS IMÓVEIS,181,1 143,567,169 465,745 277,90,92,409,251,4 534 276,19 720 689,102,103,mistral_table,mistral_table,no
120,"ADMINISTRAÇÃO, LOCAÇÃO, ETC",130,1 009,638,138 014,409 127,150,152,1 337,780,18 014 191,65 370 780,102,103,mistral_table,mistral_table,no
121,CASCAVEL,802,3 994,2 258,394 374,1 809 933,820,866,4 109,2 781,27 870 288,142 317 952,102,103,mistral_table,mistral_table,no
122,ALIMENTAÇÃO,316,911,268,33 896,285 241,312,314,839,347,2 774 797,18 846 625,102,103,mistral_table,mistral_table,no
123,"REPARAÇÃO, MANUTENÇÃO E INSTALAÇÃO",183,1 017,690,90 301,291 473,217,228,1 001,695,6 711 321,47 057 089,102,103,mistral_table,mistral_table,no
124,AUX. PRESTADOS A EMPRESAS E PESSOAS,72,544,402,54 359,190 130,66,80,832,730,7 758 953,24 597 912,102,103,mistral_table,mistral_table,no
125,DEMAIS GÉNEROS,231,1 522,897,175 816,873 089,225,244,1 437,1 009,10 625 217,51 818 328,102,103,mistral_table,mistral_table,no
126,FOZ DO IGUAÇU,583,5 700,4 200,1 114 518,3 379 274,1 016,1 057,7 466,6 016,58 103 628,239 448 325,102,103,mistral_table,mistral_table,no
127,ALGUAMENTO,90,1 244,827,107 968,559 833,91,93,2 558,2 344,18 581 860,92 608 564,102,103,mistral_table,mistral_table,no
128,ALIMENTAÇÃO,193,1 244,839,89 671,599 988,466,475,1 681,1 039,9 065 236,56 854 329,102,103,mistral_table,mistral_table,no
129,"REPARAÇÃO, MANUTENÇÃO E INSTALAÇÃO",103,648,439,74 910,209 128,212,219,811,526,6 318 786,25 869 491,102,103,mistral_table,mistral_table,no
130,DEMAIS GÉNEROS,197,2 564,2 095,844 969,2 010 323,247,270,2 416,2 107,24 137 746,64 115 941,102,103,mistral_table,mistral_table,no
131,GUARAPUAVA,523,2 529,1 482,216 101,1 065 995,405,430,1 818,1 097,11 566 202,49 652 855,102,103,mistral_table,mistral_table,no
132,ALIMENTAÇÃO,204,614,222,30 373,183 724,167,169,483,194,1 840 110,9 787 811,102,103,mistral_table,mistral_table,no
133,"REPARAÇÃO, MANUTENÇÃO E INSTALAÇÃO",155,698,435,64 262,182 493,125,133,622,400,4 440 967,17 988 057,102,103,mistral_table,mistral_table,no
134,AUX. PRESTADOS A EMPRESAS E PESSOAS,65,316,218,30 898,62 564,35,39,216,158,1 925 953,5 046 902,102,103,mistral_table,mistral_table,no
135,DEMAIS GÉNEROS,109,901,607,80 568,636 214,78,89,497,345,3 359 172,16 830 085,102,103,mistral_table,mistral_table,no
136,LONDRINA,1 690,9 806,6 409,929 092,3 898 054,1 449,1 538,10 379,7 642,94 562 792,366 172 085,102,103,mistral_table,mistral_table,no
137,ALIMENTAÇÃO,617,1 854,855,102 716,700 212,475,482,1 705,844,8 653 224,51 984 233,102,103,mistral_table,mistral_table,no
138,"AUX. COMÉRCIO, LOCAÇÃO DE BENS E SERVIÇOS",112,574,320,89 813,476 336,136,150,781,546,14 222 193,80 040 292,102,103,mistral_table,mistral_table,no
139,AUX. PRESTADOS A EMPRESAS E PESSOAS,180,1 677,1 534,180 423,445 962,195,218,2 445,2 075,23 567 655,54 444 916,102,103,mistral_table,mistral_table,no
140,DEMAIS GÉNEROS,781,5 501,3 700,556 140,2 313 944,543,688,5 448,4 175,48 119 660,179 702 644,102,103,mistral_table,mistral_table,no
141,MARINGA,1 064,5 611,3 658,821 179,2 510 238,1 061,1 126,6 278,4 380,48 857 373,213 703 193,102,103,mistral_table,mistral_table,no
142,ALIMENTAÇÃO,379,1 044,421,54 746,393 184,345,355,1 214,634,5 725 243,42 208 428,102,103,mistral_table,mistral_table,no
143,RADIODIFUSÃO E TELEVISÃO,7,215,191,49 788,297 815,7,8,352,333,8 367 967,56 021 623,102,103,mistral_table,mistral_table,no
144,AUX. PRESTADOS A EMPRESAS E PESSOAS,110,1 065,880,96 019,353 101,136,148,1 395,1 175,11 498 859,29 026 658,104,105,mistral_table,mistral_table,no
145,DEMAIS GÉNEROS,568,3 287,2 167,320 626,1 466 155,573,615,3 317,2 238,23 265 304,86 446 584,104,105,mistral_table,mistral_table,no
146,PONTA GROSSA,1 065,4 736,2 846,443 725,2 096 397,914,959,3 977,2 414,29 719 605,118 073 209,104,105,mistral_table,mistral_table,no
147,ALIMENTAÇÃO,436,1 145,493,66 412,397 650,339,346,910,408,4 448 688,24 636 071,104,105,mistral_table,mistral_table,no
148,"REPARAÇÃO, MANUTENÇÃO E INSTALAÇÃO",254,1 194,788,121 708,427 018,280,294,1 128,659,9 721 365,28 678 959,104,105,mistral_table,mistral_table,no
149,AUXILIARES DOS TRANSPORTES,26,145,115,20 151,130 274,12,15,126,104,1 578 958,17 255 370,104,105,mistral_table,mistral_table,no
150,DEMAIS GÉNEROS,349,2 252,1 452,235 454,1 141 445,283,304,1 813,1 243,13 970 594,47 502 809,104,105,mistral_table,mistral_table,no
151,ABATIA,26,66,14,3 927,13 137,28,28,75,26,370 300,1 456 462,104,105,mistral_table,mistral_table,no
152,ADRIANOPOLIS,20,60,23,2 710,10 853,15,15,27,2,36 354,498 971,104,105,mistral_table,mistral_table,no
153,AQUOS DO SUL,8,17,2,518,2 636,1,1,(A),(A),(X),(A),104,105,mistral_table,mistral_table,no
154,ALMIRANTE TAMANDARE,40,153,79,11 035,40 568,57,57,264,174,1 484 840,6 062 060,104,105,mistral_table,mistral_table,no
155,ALTAMIRA DO PARANÁ,-,-,-,-,-,33,34,85,20,260 826,1 050 368,104,105,mistral_table,mistral_table,no
156,ALTONIA,105,292,100,14 083,59 098,117,119,275,92,1 252 104,7 681 038,104,105,mistral_table,mistral_table,no
157,ALTO PARANÁ,38,85,18,3 326,19 216,34,36,78,21,225 408,1 378 939,104,105,mistral_table,mistral_table,no
158,ALTO PIQUIRI,78,252,63,8 109,41 388,113,113,246,82,791 954,3 392 212,104,105,mistral_table,mistral_table,no
159,ALVORADA DO SUL,33,103,40,5 065,26 085,41,42,187,116,1 431 207,2 915 560,104,105,mistral_table,mistral_table,no
160,AMAPORÃ,6,12,-,288,4 036,6,6,14,1,32 000,409 182,104,105,mistral_table,mistral_table,no
161,AMPERE,29,102,37,5 289,24 470,30,31,68,21,335 467,1 905 289,104,105,mistral_table,mistral_table,no
162,ANDIRA,69,245,128,16 299,65 592,85,88,268,137,1 404 500,8 558 851,104,105,mistral_table,mistral_table,no
163,ANTONINA,104,281,109,30 515,93 743,83,91,242,103,2 831 412,8 851 866,104,105,mistral_table,mistral_table,no
164,ANTONIO OLINTO,4,9,1,504,1 771,2,2,(A),(A),(X),(A),104,105,mistral_table,mistral_table,no
165,APUCARANA,354,1 572,972,112 219,458 473,318,332,1 485,970,10 905 012,45 474 223,104,105,mistral_table,mistral_table,no
166,ARAPONGAS,265,818,418,60 555,229 752,297,307,915,478,5 147 315,23 583 415,104,105,mistral_table,mistral_table,no
167,ARAPOTI,37,90,19,5 019,19 603,67,68,148,44,662 487,3 053 023,104,105,mistral_table,mistral_table,no
168,ARARUNA,31,56,12,2 403,12 804,38,38,64,19,379 112,1 697 154,104,105,mistral_table,mistral_table,no
169,ARAUCARIA,144,496,260,47 627,216 356,82,89,528,388,3 517 633,30 305 827,104,105,mistral_table,mistral_table,no
170,ASSAI,106,271,108,18 408,90 876,121,125,425,212,2 523 380,10 764 650,104,105,mistral_table,mistral_table,no
171,ASSIS CHATEAUBRIAND,212,656,271,34 381,127 635,112,120,493,292,2 222 302,12 421 101,104,105,mistral_table,mistral_table,no
172,ASTORGA,94,237,63,9 717,54 060,98,102,248,95,1 423 466,5 082 744,104,105,mistral_table,mistral_table,no
173,ATALAIA,8,16,2,939,2 850,8,8,23,7,115 080,588 631,104,105,mistral_table,mistral_table,no
174,BALSA NOVA,10,35,23,2 558,16 939,15,15,38,16,128 734,1 112 482,104,105,mistral_table,mistral_table,no
175,BANDEIRANTES,156,567,303,43 189,145 688,139,149,451,226,2 662 220,15 737 581,104,105,mistral_table,mistral_table,no
176,BARBOSA FERRAZ,94,228,64,10 308,55 677,69,70,162,41,503 364,3 905 178,104,105,mistral_table,mistral_table,no
177,BARRACÃO,50,139,43,7 117,28 922,36,37,87,29,479 558,1 365 772,104,105,mistral_table,mistral_table,no
178,BARRA DO JACARE,12,21,6,651,4 265,9,9,14,2,134 811,609 745,104,105,mistral_table,mistral_table,no
179,BELA VISTA DO PARAÍSO,88,213,93,14 602,97 359,91,94,244,115,1 703 276,6 187 486,104,105,mistral_table,mistral_table,no
180,BITURUNA,34,108,47,6 437,34 381,35,37,89,36,538 666,3 726 806,104,105,mistral_table,mistral_table,no
181,BOA ESPERANÇA,22,46,5,1 411,8 189,32,32,78,30,483 656,1 769 592,104,105,mistral_table,mistral_table,no
182,BOA VISTA DA APARECIDA,-,-,-,-,-,33,33,96,37,285 496,1 263 918,104,105,mistral_table,mistral_table,no
183,BOCAIUVA DO SUL,15,28,1,1 267,7 334,17,18,46,5,49 732,503 215,104,105,mistral_table,mistral_table,no
184,BOM SUCESSO,30,78,26,2 969,13 644,20,20,62,14,122 078,980 141,104,105,mistral_table,mistral_table,no
185,BORRAZOPOLIS,40,94,27,2 858,15 200,45,46,119,45,610 260,2 354 590,104,105,mistral_table,mistral_table,no
186,BRAGANEY,-,-,-,-,-,33,34,62,17,284 026,1 348 739,104,105,mistral_table,mistral_table,no
187,CAFEARA,7,16,2,460,3 798,2,2,(A),(A),(X),(A),104,105,mistral_table,mistral_table,no
188,CAFELANDIA,-,-,-,-,-,26,26,59,15,208 100,1 807 115,104,105,mistral_table,mistral_table,no
189,CALIFORNIA,17,45,13,1 997,8 882,28,28,63,16,507 240,1 366 010,104,105,mistral_table,mistral_table,no
190,CAMBARA,121,339,146,24 128,172 465,116,119,301,129,1 865 363,7 487 457,104,105,mistral_table,mistral_table,no
191,CAMBE,142,407,153,29 553,141 852,257,261,658,288,3 483 124,15 350 402,104,105,mistral_table,mistral_table,no
192,CAMBIRA,25,54,13,1 680,7 798,19,20,37,7,129 033,882 272,104,105,mistral_table,mistral_table,no
193,CAMPINA DA LAGOA,57,150,47,6 123,28 099,126,127,317,127,1 876 476,6 638 995,104,105,mistral_table,mistral_table,no
194,CAMPINA GRANDE DO SUL,33,181,134,14 461,124 243,37,40,2 046,1 977,15 160 977,23 791 831,106,107,mistral_table,mistral_table,no
195,CAMPO DO TENENTE,7,18,7,1 101,4 977,19,19,70,47,153 201,802 661,106,107,mistral_table,mistral_table,no
196,CAMPO LARGO,144,388,186,46 355,153 945,177,184,483,225,2 795 009,10 845 463,106,107,mistral_table,mistral_table,no
197,CAMPO MOURÃO,328,1 391,813,115 821,644 334,245,265,1 309,885,10 182 560,39 138 637,106,107,mistral_table,mistral_table,no
198,CANDIDO DE ABREU,22,53,16,1 522,8 156,31,31,91,41,483 159,2 055 630,106,107,mistral_table,mistral_table,no
199,CANTAGALO,-,-,-,-,-,26,27,81,35,298 274,1 961 874,106,107,mistral_table,mistral_table,no
200,CAPANEMA,102,448,189,29 326,102 468,100,106,365,200,1 895 732,8 013 079,106,107,mistral_table,mistral_table,no
201,CAPITÃO LEONIDAS MARQUES,80,205,52,9 412,43 173,57,59,157,49,490 825,1 883 257,106,107,mistral_table,mistral_table,no
202,CARLOPOLIS,52,139,43,7 247,35 430,61,64,136,43,488 730,3 159 713,106,107,mistral_table,mistral_table,no
203,CASTRO,164,673,323,67 207,217 129,172,183,551,312,6 532 473,18 312 704,106,107,mistral_table,mistral_table,no
204,CATANOUVAS,55,216,71,11 879,47 909,50,50,136,56,382 429,1 771 875,106,107,mistral_table,mistral_table,no
205,CENTENARIO DO SUL,46,116,37,5 419,23 826,53,57,110,34,500 301,2 948 165,106,107,mistral_table,mistral_table,no
206,CERRO AZUL,12,41,9,1 788,9 479,21,22,41,9,174 797,688 501,106,107,mistral_table,mistral_table,no
207,CEU AZUL,88,226,89,12 689,62 625,41,44,128,43,498 308,2 364 779,106,107,mistral_table,mistral_table,no
208,CHOPINZINHO,120,265,114,15 399,71 260,119,121,353,191,2 316 591,10 609 191,106,107,mistral_table,mistral_table,no
209,CIANORTE,198,716,375,46 367,159 082,202,207,694,360,4 720 830,15 476 813,106,107,mistral_table,mistral_table,no
210,CIDADE GAUCHA,31,90,27,2 997,16 049,25,27,67,23,224 423,1 404 267,106,107,mistral_table,mistral_table,no
211,CLEVELANDIA,84,187,73,12 296,67 315,135,137,334,136,1 297 998,5 289 319,106,107,mistral_table,mistral_table,no
212,COLOMBO,172,413,180,29 994,170 122,169,170,390,140,1 933 208,10 029 788,106,107,mistral_table,mistral_table,no
213,COLORADO,80,231,105,12 429,75 305,106,107,256,98,1 112 799,4 976 591,106,107,mistral_table,mistral_table,no
214,CONGONHINHAS,26,48,8,1 559,9 608,24,25,53,11,216 611,1 030 596,106,107,mistral_table,mistral_table,no
215,CONSELHEIRO MAIRINCK,11,25,7,828,4 992,10,10,14,-,37 457,645 222,106,107,mistral_table,mistral_table,no
216,CONTENDA,19,57,32,4 542,18 421,22,23,73,44,422 899,2 262 189,106,107,mistral_table,mistral_table,no
217,CORBELIA,118,242,47,9 105,46 687,84,87,209,66,1 116 094,5 183 096,106,107,mistral_table,mistral_table,no
218,CORNELIO PROCÓPIO,233,890,537,63 238,264 975,171,179,770,513,5 564 637,22 463 429,106,107,mistral_table,mistral_table,no
219,CORONEL VIVIDA,92,380,170,23 923,97 544,108,110,335,169,2 289 232,6 867 953,106,107,mistral_table,mistral_table,no
220,CRUZEIRO DO OESTE,86,276,128,18 468,68 054,76,80,233,99,1 361 826,5 928 780,106,107,mistral_table,mistral_table,no
221,CRUZEIRO DO SUL,9,17,3,665,4 501,8,8,19,1,39 731,501 395,106,107,mistral_table,mistral_table,no
222,CRUZ MACHADO,15,38,11,2 579,13 224,25,25,51,15,227 512,1 452 786,106,107,mistral_table,mistral_table,no
223,CURIUVA,77,124,18,4 649,22 410,39,39,94,23,288 110,1 822 625,106,107,mistral_table,mistral_table,no
224,DIAMANTE DO NORTE,32,59,19,3 998,14 841,26,28,64,9,239 057,1 396 456,106,107,mistral_table,mistral_table,no
225,DOIS VIZINHOS,121,370,110,22 342,108 827,134,136,355,108,1 195 236,7 797 733,106,107,mistral_table,mistral_table,no
226,DOURADINA,-,-,-,-,-,17,18,32,6,46 949,751 749,106,107,mistral_table,mistral_table,no
227,DOUTOR CAMARGO,19,42,11,1 931,8 974,21,24,174,133,761 801,1 940 292,106,107,mistral_table,mistral_table,no
228,ENEAS MARQUES,18,43,11,2 186,10 443,22,22,63,9,97 833,937 694,106,107,mistral_table,mistral_table,no
229,ENGENHEIRO BELTRÃO,60,147,49,8 383,36 083,51,53,117,40,404 396,3 062 711,106,107,mistral_table,mistral_table,no
230,FAXINAL,94,301,145,15 539,77 400,52,52,162,65,627 772,3 208 273,106,107,mistral_table,mistral_table,no
231,FENIX,30,76,14,4 358,17 072,26,26,57,9,150 922,937 276,106,107,mistral_table,mistral_table,no
232,FIGUEIRA,-,-,-,-,-,52,52,113,26,357 202,1 833 981,106,107,mistral_table,mistral_table,no
233,FLORAI,22,60,12,3 269,13 960,32,32,75,15,262 764,1 588 019,106,107,mistral_table,mistral_table,no
234,FLORESTA,22,52,6,1 287,9 107,21,21,57,21,243 587,803 066,106,107,mistral_table,mistral_table,no
235,FLORESTOPOLIS,37,83,31,4 205,24 716,53,55,113,48,490 893,2 083 364,106,107,mistral_table,mistral_table,no
236,FLORIDA,4,10,3,358,1 445,5,5,9,-,19 797,126 712,106,107,mistral_table,mistral_table,no
237,FORMOSA DO OESTE,100,258,69,9 982,56 305,52,52,143,41,475 681,2 738 165,106,107,mistral_table,mistral_table,no
238,FRANCISCO ALVES,33,104,37,4 193,17 104,37,37,85,29,261 140,1 292 915,106,107,mistral_table,mistral_table,no
239,FRANCISCO BELTRÃO,205,733,348,51 773,222 675,204,212,725,349,4 662 519,19 229 007,106,107,mistral_table,mistral_table,no
240,GENERAL CARNEIRO,43,95,35,6 252,24 464,30,30,71,35,262 059,1 323 851,106,107,mistral_table,mistral_table,no
241,QUIO-ERE,200,651,322,51 149,203 566,247,253,801,366,4 846 303,16 568 664,108,109,mistral_table,mistral_table,no
242,GRANDES RIOS,67,173,42,6 366,45 811,42,43,103,21,267 064,2 076 895,108,109,mistral_table,mistral_table,no
243,GUAIRA,162,697,392,49 486,175 180,180,194,674,362,3 955 931,19 182 882,108,109,mistral_table,mistral_table,no
244,GUAIRAÇA,21,36,3,1 194,8 971,10,10,22,3,61 345,374 069,108,109,mistral_table,mistral_table,no
245,GUAPIRAMA,6,17,1,399,1 388,5,5,8,-,15 500,324 330,108,109,mistral_table,mistral_table,no
246,GUAPOREMA,5,10,1,234,2 701,3,3,8,4,19 129,200 545,108,109,mistral_table,mistral_table,no
247,GUARACI,25,74,9,2 561,11 594,15,15,30,6,95 499,652 752,108,109,mistral_table,mistral_table,no
248,GUARANIAÇU,54,167,48,8 179,40 658,78,80,193,49,591 954,4 973 470,108,109,mistral_table,mistral_table,no
249,GUARAQUEÇABA,8,15,3,463,2 356,6,6,12,3,186 630,466 188,108,109,mistral_table,mistral_table,no
250,GUARATUBA,73,251,118,11 852,56 799,80,89,341,149,1 210 197,6 776 930,108,109,mistral_table,mistral_table,no
251,IBAITI,127,373,153,18 962,83 663,100,102,244,56,900 552,6 315 594,108,109,mistral_table,mistral_table,no
252,IBIPORÃ,119,333,143,30 444,383 590,77,79,232,132,1 061 075,6 936 162,108,109,mistral_table,mistral_table,no
253,ICARAIMA,52,131,27,5 331,18 909,43,43,130,40,314 035,1 978 119,108,109,mistral_table,mistral_table,no
254,IGUARAÇU,11,28,2,1 133,5 792,18,18,38,13,140 198,760 822,108,109,mistral_table,mistral_table,no
255,IMBITUVA,35,71,12,3 466,18 197,28,30,64,18,253 535,1 901 397,108,109,mistral_table,mistral_table,no
256,INACIO MARTINS,16,35,2,1 266,8 726,28,28,86,37,472 643,1 877 382,108,109,mistral_table,mistral_table,no
257,INAJA,5,10,-,270,2 852,11,11,22,7,167 646,507 253,108,109,mistral_table,mistral_table,no
258,INDIANOPOLIS,18,44,9,1 520,7 956,16,18,38,12,137 177,979 899,108,109,mistral_table,mistral_table,no
259,IPIRANGA,14,25,5,974,6 555,18,18,29,4,167 753,815 087,108,109,mistral_table,mistral_table,no
260,IPORÃ,121,353,122,19 134,73 279,98,102,286,115,1 298 080,5 481 040,108,109,mistral_table,mistral_table,no
261,IRATI,199,600,294,43 927,180 178,102,109,389,202,2 856 164,11 713 850,108,109,mistral_table,mistral_table,no
262,IRETAMA,30,82,24,3 911,20 822,69,69,160,66,594 621,2 879 476,108,109,mistral_table,mistral_table,no
263,ITAQUAJE,17,45,16,2 103,10 459,26,27,58,21,291 081,965 218,108,109,mistral_table,mistral_table,no
264,ITAMBARACA,18,46,14,4 238,14 041,18,18,37,6,92 207,900 740,108,109,mistral_table,mistral_table,no
265,ITAMBE,23,51,8,1 843,10 117,17,17,39,11,173 667,1 087 280,108,109,mistral_table,mistral_table,no
266,ITAPEJARA D'OESTE,26,70,26,3 051,17 734,23,23,62,27,285 523,1 607 752,108,109,mistral_table,mistral_table,no
267,ITAUMA DO SUL,3,5,1,228,2 135,7,7,15,-,53 583,523 129,108,109,mistral_table,mistral_table,no
268,IVAI,15,40,7,1 536,5 658,44,44,89,17,360 049,1 569 227,108,109,mistral_table,mistral_table,no
269,IVAIPORÃ,256,882,391,47 110,209 133,161,167,512,213,2 353 963,14 322 920,108,109,mistral_table,mistral_table,no
270,IVATUBA,6,19,-,263,3 220,6,6,10,-,24 628,298 179,108,109,mistral_table,mistral_table,no
271,JABOTI,6,10,2,277,1 519,5,6,9,2,49 757,446 323,108,109,mistral_table,mistral_table,no
272,JACAREZINHO,179,571,310,44 581,173 406,153,161,498,265,3 768 487,13 235 608,108,109,mistral_table,mistral_table,no
273,JAQUAPITÃ,52,116,32,5 515,23 736,63,63,173,87,738 421,2 660 880,108,109,mistral_table,mistral_table,no
274,JAQUARIAIVA,82,372,220,17 520,73 663,83,85,396,251,2 212 549,13 248 854,108,109,mistral_table,mistral_table,no
275,JANDAIA DO SUL,119,375,173,21 302,77 284,112,116,333,146,1 419 743,8 659 816,108,109,mistral_table,mistral_table,no
276,JANIOPOLIS,32,77,16,2 280,12 778,43,44,103,53,601 528,1 775 673,108,109,mistral_table,mistral_table,no
277,JAPIRA,9,20,3,469,3 159,15,15,23,4,76 476,514 927,108,109,mistral_table,mistral_table,no
278,JAPURA,35,95,26,3 606,15 588,37,37,128,36,325 799,1 752 801,108,109,mistral_table,mistral_table,no
279,JARDIM ALEGRE,76,188,58,7 877,46 814,44,44,102,31,383 481,2 357 147,108,109,mistral_table,mistral_table,no
280,JARDIM OLINDA,2,(A),(A),(X),(A),3,3,5,-,11 592,175 438,108,109,mistral_table,mistral_table,no
281,JATAIZINHO,46,105,31,4 874,29 882,60,61,133,57,872 225,3 876 077,108,109,mistral_table,mistral_table,no
282,JESUITAS,-,-,-,-,-,38,38,65,15,252 471,1 320 794,108,109,mistral_table,mistral_table,no
283,JOAQUIM TAYORA,56,150,42,6 682,27 585,46,47,124,47,398 275,4 277 324,108,109,mistral_table,mistral_table,no
284,JUNDIAI DO SUL,15,19,1,876,5 487,11,11,25,8,118 085,407 545,108,109,mistral_table,mistral_table,no
285,JURANDA,-,-,-,-,-,25,26,54,26,143 355,974 417,108,109,mistral_table,mistral_table,no
286,JUSSARA,20,43,8,2 308,7 987,21,21,48,12,430 143,1 416 517,108,109,mistral_table,mistral_table,no
287,KALORE,26,60,15,2 263,10 098,17,17,37,6,111 300,1 067 766,108,109,mistral_table,mistral_table,no
288,LAPA,110,233,70,16 292,66 512,124,126,270,61,1 103 576,6 158 604,110,111,mistral_table,mistral_table,no
289,LARANJEIRAS DO SUL,170,543,249,31 578,139 456,188,191,474,219,3 122 909,11 281 687,110,111,mistral_table,mistral_table,no
290,LEOPOLIS,11,15,1,691,7 538,16,16,25,8,82 677,917 086,110,111,mistral_table,mistral_table,no
291,LOANDA,102,311,134,17 376,75 955,84,85,280,131,948 821,4 418 251,110,111,mistral_table,mistral_table,no
292,LOBATO,14,35,4,1 107,6 493,15,15,44,10,125 880,909 316,110,111,mistral_table,mistral_table,no
293,LUNARDELLI,-,-,-,-,-,36,36,90,34,324 130,1 463 724,110,111,mistral_table,mistral_table,no
294,LUPIONOPOLIS,22,45,12,1 810,9 892,19,19,37,8,127 391,953 735,110,111,mistral_table,mistral_table,no
295,MALLET,17,48,16,3 342,8 063,16,17,48,17,200 485,1 305 969,110,111,mistral_table,mistral_table,no
296,MAMBORE,63,141,38,4 442,24 167,85,85,167,55,726 149,3 539 885,110,111,mistral_table,mistral_table,no
297,MANDAGUAÇU,45,133,50,8 257,35 111,48,48,130,52,458 478,2 543 547,110,111,mistral_table,mistral_table,no
298,MANDAGUARI,105,368,176,26 047,85 494,103,106,264,114,1 617 446,8 132 920,110,111,mistral_table,mistral_table,no
299,MANDIRITUBA,34,109,53,5 869,34 008,46,47,169,92,895 710,4 096 429,110,111,mistral_table,mistral_table,no
300,MANGUEIRINHA,42,94,22,3 822,30 704,78,78,178,80,791 463,3 212 197,110,111,mistral_table,mistral_table,no
301,MANOEL RIBAS,32,180,124,31 390,61 249,37,38,311,243,2 126 599,4 890 656,110,111,mistral_table,mistral_table,no
302,MARECHAL CANDIDO RONDON,194,657,346,51 278,181 315,249,255,777,386,6 069 745,20 816 928,110,111,mistral_table,mistral_table,no
303,MARIA HELENA,53,120,27,3 948,22 283,13,13,20,5,76 562,755 924,110,111,mistral_table,mistral_table,no
304,MARIALVA,128,327,122,18 314,71 153,91,92,228,95,1 253 940,4 418 598,110,111,mistral_table,mistral_table,no
305,MARILANDIA DO SUL,25,85,27,4 624,21 520,34,35,96,43,501 066,2 304 762,110,111,mistral_table,mistral_table,no
306,MARILENA,15,27,1,748,5 991,15,15,26,1,65 207,960 561,110,111,mistral_table,mistral_table,no
307,MARILUZ,23,67,23,2 439,9 431,41,41,98,47,413 807,1 637 969,110,111,mistral_table,mistral_table,no
308,MARIOPOLIS,20,51,-,1 764,7 250,26,26,64,16,179 476,1 221 338,110,111,mistral_table,mistral_table,no
309,MARMELEIRO,51,160,59,11 065,38 513,43,43,135,62,970 358,4 042 521,110,111,mistral_table,mistral_table,no
310,MARUMBI,23,45,14,1 729,8 918,15,15,40,17,204 823,818 190,110,111,mistral_table,mistral_table,no
311,MATELANDIA,115,314,91,13 565,67 898,118,121,286,85,1 036 112,4 846 738,110,111,mistral_table,mistral_table,no
312,MATINHOS,79,333,195,23 676,81 910,90,93,325,104,1 054 750,6 565 649,110,111,mistral_table,mistral_table,no
313,MEDIANEIRA,242,763,342,46 535,268 804,164,168,457,190,1 829 815,9 196 029,110,111,mistral_table,mistral_table,no
314,MIRADOR,4,10,1,158,1 166,2,2,(A),(A),(X),(A),110,111,mistral_table,mistral_table,no
315,MIRASELVA,22,47,19,2 583,13 321,20,20,46,7,109 689,1 100 734,110,111,mistral_table,mistral_table,no
316,MISSAL,-,-,-,-,-,46,47,116,25,552 586,2 405 119,110,111,mistral_table,mistral_table,no
317,MOREIRA SALES,57,161,51,8 422,39 812,42,47,357,289,2 671 145,14 143 743,110,111,mistral_table,mistral_table,no
318,MORRETES,39,113,26,4 075,33 634,48,51,122,50,533 311,3 493 736,110,111,mistral_table,mistral_table,no
319,MUNHOZ DE MELO,5,11,-,240,1 449,8,9,20,1,60 692,320 255,110,111,mistral_table,mistral_table,no
320,NOSSA SEMHORA DAS GRAÇAS,8,25,3,939,4 020,8,8,22,2,36 748,363 249,110,111,mistral_table,mistral_table,no
321,NOVA ALIANÇA DO IVAÍ,2,(B),(A),(X),(A),1,1,(A),(A),(X),(A),110,111,mistral_table,mistral_table,no
322,NOVA AMERICA DA COLINA,9,13,-,391,2 217,8,8,13,-,21 517,368 173,110,111,mistral_table,mistral_table,no
323,NOVA AURORA,58,150,53,5 961,30 217,38,39,121,40,604 609,2 800 340,110,111,mistral_table,mistral_table,no
324,NOVA CANTU,35,55,7,2 205,10 859,31,31,75,24,273 079,2 587 412,110,111,mistral_table,mistral_table,no
325,NOVA ESPERANÇA,136,457,227,24 325,93 565,127,132,363,172,1 456 455,8 007 397,110,111,mistral_table,mistral_table,no
326,NOVA FATIMA,49,110,26,4 042,20 912,42,44,78,21,388 551,1 728 021,110,111,mistral_table,mistral_table,no
327,NOVA LONDRINA,62,160,77,10 431,40 811,47,51,187,66,1 243 638,5 682 159,110,111,mistral_table,mistral_table,no
328,NOVA OLIMPIA,45,104,30,3 584,14 726,37,37,82,26,211 262,1 101 372,110,111,mistral_table,mistral_table,no
329,NOVA SANTA ROSA,17,47,7,1 167,8 089,26,27,66,17,267 938,1 401 659,110,111,mistral_table,mistral_table,no
330,NOVA PRATA DO IGUAÇU,-,-,-,-,-,34,35,97,41,247 553,1 734 446,110,111,mistral_table,mistral_table,no
331,ORTIGUEIRA,31,76,30,3 072,19 040,72,72,203,72,586 520,4 834 319,110,111,mistral_table,mistral_table,no
332,OURIZONA,13,23,7,1 242,3 865,14,15,40,11,99 338,472 908,110,111,mistral_table,mistral_table,no
333,PAIÇANDU,35,59,11,2 789,13 402,46,45,79,12,488 267,3 729 550,110,111,mistral_table,mistral_table,no
334,PALMAS,143,477,227,30 071,133 879,128,132,392,212,1 849 104,7 813 508,110,111,mistral_table,mistral_table,no
335,PALMEIRA,74,214,87,11 706,60 314,50,53,161,71,646 977,4 862 174,112,113,mistral_table,mistral_table,no
336,PALMITAL,48,103,30,3 743,23 760,44,44,96,26,394 983,2 243 496,112,113,mistral_table,mistral_table,no
337,PALOTINA,139,453,208,32 008,135 636,116,124,435,242,2 578 173,21 024 316,112,113,mistral_table,mistral_table,no
338,PARAÍSO DO NORTE,52,136,47,11 046,42 437,41,45,159,62,1 477 199,6 480 031,112,113,mistral_table,mistral_table,no
339,PARANACITY,41,92,20,4 213,23 558,34,34,76,10,260 525,1 963 114,112,113,mistral_table,mistral_table,no
340,PARANAGUA,612,3 712,2 284,604 107,2 882 143,608,675,4 300,3 167,96 863 351,470 296 021,112,113,mistral_table,mistral_table,no
341,PARANAPOEMA,2,(B),(A),(X),(B),3,3,6,-,11 677,208 642,112,113,mistral_table,mistral_table,no
342,PARANAVAI,389,1 543,833,104 123,401 955,326,343,1 331,779,8 024 596,30 284 833,112,113,mistral_table,mistral_table,no
343,PATO BRANCO,255,1 146,659,90 024,374 097,182,195,963,622,7 249 505,42 811 372,112,113,mistral_table,mistral_table,no
344,PAULA FREITAS,6,13,6,831,3 965,5,6,21,15,233 951,683 224,112,113,mistral_table,mistral_table,no
345,PAULO FRONTIN,12,36,10,1 212,9 365,10,11,29,5,84 227,852 872,112,113,mistral_table,mistral_table,no
346,PEABIRU,68,177,47,7 284,40 074,56,58,132,31,930 919,4 499 220,112,113,mistral_table,mistral_table,no
347,PEROLA,61,175,54,6 936,28 643,67,68,191,82,765 239,3 813 390,112,113,mistral_table,mistral_table,no
348,PEROLA O'DESTE,44,118,28,4 433,26 121,12,12,30,11,149 564,789 138,112,113,mistral_table,mistral_table,no
349,PIEN,10,23,4,1 861,6 336,13,13,30,4,84 896,695 779,112,113,mistral_table,mistral_table,no
350,PINHALÃO,16,38,9,1 404,6 705,10,10,33,6,52 002,514 446,112,113,mistral_table,mistral_table,no
351,PINHÃO,42,131,36,7 745,54 250,72,72,299,156,1 066 596,7 320 463,112,113,mistral_table,mistral_table,no
352,PIRAI DO SUL,68,186,68,12 498,48 292,83,84,169,52,830 947,4 067 601,112,113,mistral_table,mistral_table,no
353,PIRAQUARA,110,186,47,11 261,45 670,79,84,558,424,4 360 300,11 729 293,112,113,mistral_table,mistral_table,no
354,PITANGA,179,375,111,17 373,90 831,231,232,607,238,2 777 254,13 299 989,112,113,mistral_table,mistral_table,no
355,PLANALTINA DO PARANÁ,15,38,6,1 170,10 770,10,11,23,6,67 049,623 011,112,113,mistral_table,mistral_table,no
356,PLANALTO,51,189,71,10 363,39 886,40,41,88,23,352 878,2 263 143,112,113,mistral_table,mistral_table,no
357,PORECATU,93,562,364,44 085,339 808,67,70,185,71,1 280 250,9 086 497,112,113,mistral_table,mistral_table,no
358,PORTO AMAZONAS,12,23,1,754,4 795,15,15,23,1,72 766,602 935,112,113,mistral_table,mistral_table,no
359,PORTO RICO,11,25,3,661,3 796,9,9,13,1,48 364,329 460,112,113,mistral_table,mistral_table,no
360,PORTO VITORIA,4,10,3,242,1 773,5,5,10,2,32 324,305 144,112,113,mistral_table,mistral_table,no
361,PRANCHITA,-,-,-,-,-,9,9,24,13,240 542,567 871,112,113,mistral_table,mistral_table,no
362,PRESIDENTE CASTELO BRANCO,11,31,2,1 016,4 121,15,15,27,5,102 533,380 409,112,113,mistral_table,mistral_table,no
363,PRIMEIRO DE MAIO,37,97,43,7 362,36 224,37,39,106,33,491 908,2 420 561,112,113,mistral_table,mistral_table,no
364,PRUDENTOPOLIS,81,230,76,11 833,56 557,79,80,208,72,1 406 618,4 718 853,112,113,mistral_table,mistral_table,no
365,QUATIGUA,22,68,23,2 811,13 454,17,18,41,7,164 196,1 577 681,112,113,mistral_table,mistral_table,no
366,QUATRO BARRAS,21,51,17,4 908,24 557,23,24,5 230,5 152,43 788 899,68 726 268,112,113,mistral_table,mistral_table,no
367,QUEDAS DO IGUAÇU,91,540,358,37 097,146 693,73,75,285,144,1 142 319,8 057 640,112,113,mistral_table,mistral_table,no
368,QUERENCIA DO NORTE,33,104,33,5 480,24 361,27,29,79,35,471 069,1 896 755,112,113,mistral_table,mistral_table,no
369,QUINTA DO SOL,23,62,24,3 152,16 643,11,12,27,9,103 993,664 575,112,113,mistral_table,mistral_table,no
370,QUITANDINHA,14,44,20,3 228,25 388,23,23,57,23,383 050,1 098 061,112,113,mistral_table,mistral_table,no
371,RANCHO ALEGRE,21,31,3,980,6 823,20,20,44,4,133 363,847 111,112,113,mistral_table,mistral_table,no
372,REALEZA,60,182,59,13 772,51 535,63,66,180,65,726 449,4 161 833,112,113,mistral_table,mistral_table,no
373,REBOUÇAS,31,94,29,4 125,12 964,23,23,60,22,295 573,1 184 290,112,113,mistral_table,mistral_table,no
374,RENASCENÇA,32,66,13,3 929,14 365,27,28,68,38,591 439,2 588 046,112,113,mistral_table,mistral_table,no
375,RESERVA,46,89,2,2 400,26 735,45,45,102,32,398 596,2 408 415,112,113,mistral_table,mistral_table,no
376,RIBEIRÃO CLARO,44,90,17,4 061,18 155,49,50,131,46,734 515,2 038 959,112,113,mistral_table,mistral_table,no
377,RIBEIRÃO DO PINHAL,83,147,26,6 062,31 285,79,80,233,101,1 687 244,7 326 827,112,113,mistral_table,mistral_table,no
378,RIO AZUL,18,39,6,1 254,6 240,18,18,37,6,132 378,795 176,112,113,mistral_table,mistral_table,no
379,RIO BOM,8,26,8,987,3 265,6,6,14,3,60 318,197 500,112,113,mistral_table,mistral_table,no
380,RIO BRANCO DO SUL,44,120,58,11 006,33 849,50,50,200,127,1 445 724,3 767 718,112,113,mistral_table,mistral_table,no
381,RIO NEGRO,96,390,234,28 888,102 322,59,63,219,118,1 505 850,6 962 996,112,113,mistral_table,mistral_table,no
382,ROLANDIA,189,632,273,48 269,200 677,306,316,822,366,4 978 978,27 048 951,114,115,mistral_table,mistral_table,no
383,RONCADOR,33,96,39,5 799,28 080,49,49,105,33,449 522,2 291 068,114,115,mistral_table,mistral_table,no
384,RONDON,33,101,40,4 990,17 381,34,35,76,19,380 651,2 404 902,114,115,mistral_table,mistral_table,no
385,SABAÚDIA,11,26,4,835,6 135,15,15,36,10,111 943,852 997,114,115,mistral_table,mistral_table,no
386,SALGADO FILHO,23,65,21,3 012,17 225,25,26,80,34,325 646,1 678 574,114,115,mistral_table,mistral_table,no
387,SALTO DO ITARARE,26,54,8,2 748,14 650,23,24,56,11,189 547,1 154 875,114,115,mistral_table,mistral_table,no
388,SALTO DO LONTRA,77,200,54,9 992,53 244,56,56,102,38,821 686,2 359 280,114,115,mistral_table,mistral_table,no
389,SANTA AMELIA,16,37,4,1 132,6 879,21,22,42,5,182 123,679 259,114,115,mistral_table,mistral_table,no
390,SANTA CECÍLIA DO PAVÃO,24,39,6,1 568,8 614,37,37,68,22,378 276,1 204 557,114,115,mistral_table,mistral_table,no
391,SANTA CRUZ DE MONTE CASTELO,52,163,61,6 007,20 190,31,33,64,23,312 071,2 001 722,114,115,mistral_table,mistral_table,no
392,SANTA FE,38,75,13,3 499,17 052,38,38,100,24,359 019,1 749 354,114,115,mistral_table,mistral_table,no
393,SANTA HELENA,80,261,88,11 512,63 817,113,114,314,111,1 316 100,5 668 741,114,115,mistral_table,mistral_table,no
394,SANTA INES,8,13,-,356,3 308,7,7,12,-,20 019,325 700,114,115,mistral_table,mistral_table,no
395,SANTA ISABEL DO IVAÍ,60,178,65,8 565,35 732,59,61,144,53,556 072,7 379 530,114,115,mistral_table,mistral_table,no
396,SANTA IZABEL DO OESTE,37,105,41,4 417,21 566,47,47,114,36,631 627,3 163 838,114,115,mistral_table,mistral_table,no
397,SANTA MARIANA,68,168,41,5 881,30 307,85,87,159,43,585 077,3 068 137,114,115,mistral_table,mistral_table,no
398,SANTANA DO ITARARE,19,34,3,1 438,9 594,17,18,46,11,193 408,859 027,114,115,mistral_table,mistral_table,no
399,SANTA TEREZINHA DE ITAIPU,-,-,-,-,-,109,112,308,158,1 306 928,7 116 935,114,115,mistral_table,mistral_table,no
400,SANTO ANTONIO DA PLATINA,156,553,315,51 924,167 065,151,154,440,207,2 423 144,9 497 148,114,115,mistral_table,mistral_table,no
401,SANTO ANTONIO DO CAIUA,9,12,-,374,3 509,12,12,18,1,50 645,529 585,114,115,mistral_table,mistral_table,no
402,SANTO ANTONIO DO PARAÍSO,9,16,2,472,2 920,9,9,15,1,234 128,1 201 414,114,115,mistral_table,mistral_table,no
403,SANTO ANTONIO DO SUDOESTE,90,261,101,11 464,68 277,32,35,104,37,745 478,2 509 016,114,115,mistral_table,mistral_table,no
404,SANTO INACIO,34,90,40,5 976,27 858,23,27,55,21,371 103,1 936 402,114,115,mistral_table,mistral_table,no
405,SÃO CARLOS DO IVAÍ,22,46,12,2 265,8 735,13,13,30,4,106 094,825 277,114,115,mistral_table,mistral_table,no
406,SÃO JERONIMO DA SERRA,35,67,13,2 654,13 315,22,22,29,7,190 183,698 913,114,115,mistral_table,mistral_table,no
407,SÃO JOÃO,52,101,21,4 919,35 885,35,35,89,20,482 867,1 703 292,114,115,mistral_table,mistral_table,no
408,SÃO JOÃO DO CAIUA,31,75,32,3 212,13 587,20,22,41,12,187 633,1 086 834,114,115,mistral_table,mistral_table,no
409,SÃO JOÃO DO IVAÍ,104,294,83,17 815,73 967,157,157,363,160,2 526 688,7 563 918,114,115,mistral_table,mistral_table,no
410,SÃO JOÃO DO TRIUNFO,12,30,3,1 161,5 386,14,14,27,4,188 308,628 417,114,115,mistral_table,mistral_table,no
411,SÃO JORGE D'OESTE,48,80,6,2 485,16 557,22,22,42,5,110 529,654 845,114,115,mistral_table,mistral_table,no
412,SÃO JORGE DO IVAÍ,39,55,7,3 985,21 753,49,51,127,34,310 667,3 391 550,114,115,mistral_table,mistral_table,no
413,SÃO JORGE DO PATROCÍNIO,-,-,-,-,-,16,16,34,9,107 659,1 241 049,114,115,mistral_table,mistral_table,no
414,SÃO JOSE DA BOA VISTA,27,68,13,2 344,17 006,33,33,66,17,180 192,974 411,114,115,mistral_table,mistral_table,no
415,SÃO JOSE DOS PINHAIS,191,722,417,56 845,228 908,270,277,1 349,828,11 931 305,55 516 940,114,115,mistral_table,mistral_table,no
416,SÃO MATEUS DO SUL,104,282,83,12 755,77 474,90,94,224,89,929 352,6 031 190,114,115,mistral_table,mistral_table,no
417,SÃO MIGUEL DO IGUAÇU,111,311,79,14 997,102 310,305,318,1 037,598,4 596 199,23 393 402,114,115,mistral_table,mistral_table,no
418,SÃO PEDRO DO IVAÍ,43,141,62,6 678,31 489,46,47,137,54,623 348,2 024 317,114,115,mistral_table,mistral_table,no
419,SÃO PEDRO DO PARANÁ,15,27,2,758,6 012,2,2,(B),(A),(X),(A),114,115,mistral_table,mistral_table,no
420,SÃO SEBASTIÃO DA AMOREIRA,15,42,5,1 066,8 177,22,22,53,11,124 705,1 339 162,114,115,mistral_table,mistral_table,no
421,SÃO TOME,16,29,4,1 457,4 829,8,8,64,11,560 629,1 905 924,114,115,mistral_table,mistral_table,no
422,SAPOPEMA,25,42,1,1 074,8 385,25,25,50,6,130 466,1 020 608,114,115,mistral_table,mistral_table,no
423,SARANDI,-,-,-,-,-,89,90,195,64,1 084 143,6 042 553,114,115,mistral_table,mistral_table,no
424,SENGES,37,573,454,49 984,125 136,25,27,78,31,550 098,2 196 979,114,115,mistral_table,mistral_table,no
425,SERTANEJA,39,87,35,7 079,26 921,29,31,79,24,505 341,2 050 013,114,115,mistral_table,mistral_table,no
426,SERTANOPOLIS,61,132,42,8 537,46 661,96,97,287,143,2 431 499,6 613 225,114,115,mistral_table,mistral_table,no
427,SIQUEIRA CAMPOS,60,141,48,8 039,38 470,79,79,194,75,758 004,3 721 980,114,115,mistral_table,mistral_table,no
428,TAMBOARA,9,19,3,680,4 056,12,12,27,9,108 084,718 152,114,115,mistral_table,mistral_table,no
429,TAPEJARA,37,90,23,2 997,18 743,,,,,,,116,117,mistral_table,missing,yes
430,TAPIRA,22,47,10,2 323,8 146,,,,,,,116,117,mistral_table,missing,yes
431,TEIXEIRA SOARES,16,26,1,779,5 020,453,461,3 069,2 228,16 982 688,77 625,116,117,mistral_table,mistral_table,no
432,TELEMACO BORBA,194,843,529,72 332,327 071,223,233,012,• 6$9,36 019 120,St 550 560,116,117,mistral_table,pdf_text_layout,no
433,TERRA BOA,64,136,30,5 645,26 335,,,,,,,116,117,mistral_table,missing,yes
434,TERRA RICA,68,182,62,7 716,30 592,,,,,,,116,117,mistral_table,missing,yes
435,TERRA ROXA,117,415,156,24 203,115 030,,,,,,,116,117,mistral_table,missing,yes
436,TIBAQI,47,104,22,4 158,20 853,,,,,,,116,117,mistral_table,missing,yes
437,TIJUCAS DO SUL,19,36,8,1 443,9 398,",.",14,54,34,127 0 1,"1 , . . 20•",116,117,mistral_table,pdf_text_layout,no
438,TOLEDO,272,1 234,657,80 048,359 620,,,,,,,116,117,mistral_table,missing,yes
439,TOMAZINA,26,57,13,2 066,9 060,,,,,,,116,117,mistral_table,missing,yes
440,TRES BARRAS DO PARANA,-,-,-,-,-,,,,,,,116,117,mistral_table,missing,yes
441,TUNEIRAS DO OESTE,24,61,10,2 399,10 431,1,18,39,4,105 203,942 707,116,117,mistral_table,tesseract_por_review,no
442,TUPÁSSI,-,-,-,-,-,,,,,,,116,117,mistral_table,missing,yes
443,TURVO,-,-,-,-,-,,,,,,,116,117,mistral_table,pdf_text_layout_partial,yes
444,UBIRATÁ,77,272,152,21 034,67 669,,,,,,,116,117,mistral_table,missing,yes
445,UMUARAMA,405,1 521,861,119 277,641 873,,,,,,,116,117,mistral_table,missing,yes
446,UNIÃO DA VITORIA,240,939,557,74 302,305 529,,,,,,,116,117,mistral_table,missing,yes
447,UNIFLOR,8,9,-,316,1 823,,,,,,,116,117,mistral_table,missing,yes
448,URAI,50,122,35,5 858,31 054,,,,,,,116,117,mistral_table,missing,yes
449,VENCESLAU BRAZ,100,228,77,13 653,68 328,,,,,,,116,117,mistral_table,missing,yes
450,VERA CRUZ DO OESTE,-,-,-,-,-,,,,,,,116,117,mistral_table,missing,yes
451,VERE,24,54,7,1 764,8 962,,,,,,,116,117,mistral_table,missing,yes
452,VITORINO,14,47,17,2 127,13 024,,,,,,,116,117,mistral_table,missing,yes
453,XAMBRE,27,56,15,2 437,9 867,,,,,,,116,117,mistral_table,missing,yes
454,SANTA CATARINA,14 455,70 455,42 350,6 525 611,26 188 138,,,,,,,116,117,mistral_table,missing,yes
455,ALOJAMENTO E ALIMENTAÇÃO,6 931,23 746,10 069,1 420 254,7 583 975,,,,,,,116,117,mistral_table,missing,yes
456,ALOJAMENTO,664,5 749,3 848,448 068,1 846 478,,,,,,,116,117,mistral_table,missing,yes
457,ALIMENTAÇÃO,6 267,17 997,6 221,972 186,5 737 497,,,,,,,116,117,mistral_table,missing,yes
458,"REPARAÇÃO, MANUTENÇÃO E INSTALAÇÃO",3 594,13 670,8 006,1 293 458,4 405 449,,,,,,,116,117,mistral_table,missing,yes
459,"REPARAÇÃO, MANUTENÇÃO E INSTALAÇÃO",3 594,13 670,8 006,1 293 458,4 405 449,,,,,,,116,117,mistral_table,missing,yes
460,"PESSOAIS, DE HIGIENE E ESTETICA PESSOAL",830,1 812,906,156 052,460 627,,,,,,,116,117,mistral_table,missing,yes
461,PESSOAIS,311,979,469,70 599,268 167,972 386,932 448,5,966 143,26,413 415,116,117,mistral_table,tesseract_por_review,no
462,HIGIENE E DE ESTETICA PESSOAL,319,833,437,85 453,192 460,,,,,,,116,117,mistral_table,missing,yes
463,"RADIODIFUSÃO, TELEVISÃO E DIVERSÕES",295,2 542,1 649,290 084,1 383 621,268 335,3 058,2 248,33 755,677 168,044 356,116,117,mistral_table,tesseract_por_review,no
464,RADIODIFUSÃO E TELEVISÃO,98,1 668,1 159,230 124,1 133 864,85 101,2 093,1 631,28 179,033 142,333 373,116,117,mistral_table,tesseract_por_review,no
465,DIVERSÕES,197,874,490,59 960,249 757,,,,,,,116,117,mistral_table,missing,yes
466,AUXILIARES DIVERSOS,2 595,26 558,20 654,3 064 376,9 742 393,,,,,,,116,117,mistral_table,missing,yes
467,AUX. DA AGROPECUÁRIA E REFLORESTAMENTO,96,3 204,2 206,303 255,1 329 290,,,,,,,116,117,mistral_table,missing,yes
468,"AUX. COMÉRCIO, LOCAÇÃO DE BENS E SERVIÇOS",390,1 409,697,250 144,1 679 353,,,,,,,116,117,mistral_table,missing,yes
469,"AUX. FINANC., SEGUROS E CAPITALIZAÇÃO",51,219,107,49 360,262 664,,,,,,,116,117,mistral_table,missing,yes
470,AUXILIARES DOS TRANSPORTES,158,1 838,1 393,397 223,1 244 724,101,152,1 76 1,1 447,31 2U 10,111 2 41 015,116,117,mistral_table,pdf_text_layout,no
471,"AUX. CONSTRUÇÃO, OBRAS, GEOGESIA, ETC",173,1 300,893,297 007,870 844,052,1 10,14 771,11 742,Ili 067 013,525 253 354,116,117,mistral_table,pdf_text_layout,no
472,"AUX. DE LIMPEZA, HIGIENIZAÇÃO, ETC",1 001,3 770,3 586,224 703,413 541,,,,,,,116,117,mistral_table,missing,yes
473,AUX. PRESTADOS A EMPRESAS E PESSOAS,1 461,13 946,11 195,437 474,3 593 907,,,,,,,116,117,mistral_table,missing,yes
474,AUXILIARES DA SAÚDE,165,872,577,105 210,348 070,111,113,131,536,7 •46 lto,2S 142 131,116,117,mistral_table,pdf_text_layout,no
475,"COMPRA, VENDA, ADMINISTRAÇÃO BENS IMÓVEIS",410,2 127,1 066,301 387,2 612 073,53,62,321,232,6 143 374,21 565,116,117,mistral_table,mistral_table,no
476,COMPRA E VENDA DE BENS IMÓVEIS,312,1 552,776,241 526,1 162 558,198 202,633 286,5,934 019,28,452 162,116,117,mistral_table,tesseract_por_review,no
477,"ADMINISTRAÇÃO, LOCAÇÃO, ETC",98,575,290,59 861,1 449 515,157,162,717,420,1 5S& 341,31 54 3 $4 7,116,117,mistral_table,pdf_text_layout,no
478,FLORIANÓPOLIS,1 009,13 855,10 890,1 586 746,6 062 342,,,,,,,116,117,mistral_table,missing,yes
479,ALOJAMENTO E ALIMENTAÇÃO,371,2 203,1 515,178 468,796 021,,,,,,,116,117,mistral_table,missing,yes
480,ALOJAMENTO,92,595,479,68 710,252 291,,,,,,,116,117,mistral_table,missing,yes
481,ALIMENTAÇÃO,319,1 608,1 036,109 758,543 730,303,323,1 180,670,7 498 277,29 643,116,117,mistral_table,mistral_table,no
482,"REPARAÇÃO, MANUTENÇÃO E INSTALAÇÃO",179,846,549,87 525,256 552,,,,,,,116,117,mistral_table,missing,yes
483,"REPARAÇÃO, MANUTENÇÃO E INSTALAÇÃO",179,846,549,87 525,256 552,,,,,,,116,117,mistral_table,missing,yes
484,"PESSOAIS, DE HIGIENE E ESTÉTICA PESSOAL",89,329,194,29 384,77,95,97,393,226,2 343 861,8 062 838,118,119,mistral_table,mistral_table,no
485,PESSOAIS,41,170,103,12 759,39,23,25,124,86,752 010,2 537 951,118,119,mistral_table,mistral_table,no
486,HIGIENE E DE ESTÉTICA PESSOAL,48,159,91,16 625,38,72,72,239,140,1 591 851,5 524 887,118,119,mistral_table,mistral_table,no
487,"RADIODIFUSÃO, TELEVISÃO E DIVERSÕES",25,467,316,75,142 666,18,30,629,407,12 596 239,61 092 018,118,119,mistral_table,mistral_table,no
488,RADIODIFUSÃO E TELEVISÃO,9,368,256,67,832 613,5,8,521,320,11 949 456,57 479 025,118,119,mistral_table,mistral_table,no
489,DIVERSÕES,16,99,80,7 310,52,13,22,108,87,646 783,3 612 993,118,119,mistral_table,mistral_table,no
490,AUXILIARES DIVERSOS,279,9 366,7 879,1 105 319,3 791,258,336,9 712,8 274,140 198 019,342 543 606,118,119,mistral_table,mistral_table,no
491,AUX. DA AGROPECUÁRIA E REFLORESTAMENTO,6,1 466,899,113,862 908,2,3,1 381,739,47 428 381,73 357 966,118,119,mistral_table,mistral_table,no
492,"AUX. COMÉRCIO, LOCAÇÃO DE BENS E SERVIÇOS",49,331,227,75,192 731,53,73,381,252,5 897 265,57 221 449,118,119,mistral_table,mistral_table,no
493,"AUX. FINANCIA, SEGUROS E CAPITALIZAÇÃO",26,37,10,13,053 274,3,6,33,28,690 036,2 551 926,118,119,mistral_table,mistral_table,no
494,AUXILIARES DOS TRANSPORTES,25,261,175,59,090 120,7,15,124,92,2 325 940,5 347 691,118,119,mistral_table,mistral_table,no
495,"AUX. CONSTRUÇÃO, OBRAS, GEOGESIA, ETC",26,458,340,194,951 421,27,35,542,450,12 404 582,43 044 383,118,119,mistral_table,mistral_table,no
496,"AUX. DE LIMPEZA, HIGIENIZAÇÃO, ETC",14,1 738,1 715,116,414 189,12,17,2 588,2 552,11 725 297,21 386 990,118,119,mistral_table,mistral_table,no
497,AUX. PRESTADOS A EMPRESAS E PESSOAS,139,4 914,4 409,517 670,1 302,143,176,4 578,4 096,59 003 049,136 698 860,118,119,mistral_table,mistral_table,no
498,AUXILIARES DA SAÚDE,15,161,104,15 087,42,11,11,85,65,723 469,3 034 341,118,119,mistral_table,mistral_table,no
499,"COMPRA, VENDA, ADMINISTRAÇÃO BENS INOVATIVAS",66,644,437,110,906 474,49,51,257,168,2 921 058,13 778 103,118,119,mistral_table,mistral_table,no
500,COMPRA E VENDA DE BENS INOVATIVAS,41,446,320,91,811 366,17,17,44,19,552 507,3 041 693,118,119,mistral_table,mistral_table,no
501,"ADMINISTRAÇÃO, LOCAÇÃO, ETC",25,198,117,19,097 108,32,34,213,149,2 368 551,10 736 410,118,119,mistral_table,mistral_table,no
502,BLUMENAU,1 093,5 877,3 791,714 673,2 832,277,1 336,6 255,3 942,63 326 178,271 467 673,118,119,mistral_table,mistral_table,no
503,ALIMENTAÇÃO,340,1 315,718,103,264 526,355,361,1 279,723,7 658 502,52 424 936,118,119,mistral_table,mistral_table,no
504,"AUX. COMÉRCIO, LOCAÇÃO DE BENS E SERVIÇOS",129,429,156,89,848 491,246,256,652,207,9 150 150,63 649 067,118,119,mistral_table,mistral_table,no
505,AUX. PRESTADOS A EMPRESAS E PESSOAS,168,1 123,783,140,988 413,216,227,1 460,1 039,16 102 324,41 416 878,118,119,mistral_table,mistral_table,no
506,DEMAIS GÉNEROS,456,3 010,2 134,380 573,1 401,460,492,2 864,1 973,30 215 202,113 976 790,118,119,mistral_table,mistral_table,no
507,CHAPECO,267,1 307,769,106,809 460,334,347,1 525,845,12 730 366,56 243 430,118,119,mistral_table,mistral_table,no
508,ALIMENTAÇÃO,111,382,123,17,404 116,162,164,429,184,2 797 179,13 294 417,118,119,mistral_table,mistral_table,no
509,"REPARAÇÃO, MANUTENÇÃO E INSTALAÇÃO",77,352,223,31 667,98,74,76,271,157,1 825 156,7 596 938,118,119,mistral_table,mistral_table,no
510,RADIODIFUSÃO E TELEVISÃO,4,50,35,5 277,18,3,4,114,80,1 377 284,12 618 038,118,119,mistral_table,mistral_table,no
511,DEMAIS GÉNEROS,75,543,388,52,461 226,95,103,711,424,6 730 747,22 734 037,118,119,mistral_table,mistral_table,no
512,CRICIUMA,490,2 245,1 370,200,473 764,509,523,2 760,1 765,18 919 031,82 366 820,118,119,mistral_table,mistral_table,no
513,ALIMENTAÇÃO,183,516,220,33,226 189,181,183,449,158,2 348 925,14 534 824,118,119,mistral_table,mistral_table,no
514,"REPARAÇÃO, MANUTENÇÃO E INSTALAÇÃO",131,541,340,49,446 169,131,132,372,169,2 570 784,13 357 207,118,119,mistral_table,mistral_table,no
515,AUX. PRESTADOS A EMPRESAS E PESSOAS,46,377,306,31 047,60,64,69,653,429,4 812 637,14 617 539,118,119,mistral_table,mistral_table,no
516,DEMAIS GÉNEROS,130,811,504,86,754 334,133,139,1 286,1 009,9 186 685,39 857 250,118,119,mistral_table,mistral_table,no
517,ITAJAI,485,2 397,1 479,308 238,1 082,541,577,2 726,1 777,26 273 940,108 041 940,118,119,mistral_table,mistral_table,no
518,ALIMENTAÇÃO,167,496,219,33,037 156,210,211,575,238,3 407 343,18 308 432,118,119,mistral_table,mistral_table,no
519,"REPARAÇÃO, MANUTENÇÃO E INSTALAÇÃO",137,540,344,57,733 173,124,132,523,346,4 609 669,16 912 267,118,119,mistral_table,mistral_table,no
520,AUXILIARES DOS TRANSPORTES,19,407,315,113,197 293,14,21,468,425,9 376 346,35 969 348,118,119,mistral_table,mistral_table,no
521,DEMAIS GÉNEROS,162,954,601,104,271 458,193,213,1 160,768,8 880 582,36 851 893,118,119,mistral_table,mistral_table,no
522,JOTWILLE,1 202,6 258,4 126,698 729,3 866,128,1 169,4 550,2 682,43 267 558,159 768 132,118,119,mistral_table,mistral_table,no
523,ALIMENTAÇÃO,443,1 433,721,100,282 600,429,436,1 267,619,8 325 058,41 515 338,118,119,mistral_table,mistral_table,no
524,"REPARAÇÃO, MANUTENÇÃO E INSTALAÇÃO",325,1 167,698,136,641 563,372,376,1 076,563,9 741 069,28 301 029,118,119,mistral_table,mistral_table,no
525,AUX. PRESTADOS A EMPRESAS E PESSOAS,157,1 511,1 217,213,037 582,113,122,903,611,10 849 654,35 103 832,118,119,mistral_table,mistral_table,no
526,DEMAIS GÉNEROS,277,2 147,1 490,248 769,2 140,214,235,1 304,889,14 351 777,54 847 923,118,119,mistral_table,mistral_table,no
527,LAGES,594,2 621,1 429,204,666 672,613,638,2 688,1 605,18 289 442,65 239 729,118,119,mistral_table,mistral_table,no
528,ALIMENTAÇÃO,209,640,204,28,396 160,209,211,595,252,2 460 482,14 916 574,118,119,mistral_table,mistral_table,no
529,"REPARAÇÃO, MANUTENÇÃO E INSTALAÇÃO",186,755,462,68,633 212,207,215,804,468,5 491 028,20 000 002,118,119,mistral_table,mistral_table,no
530,RADIODIFUSÃO E TELEVISÃO,10,165,79,9 355,43,6,7,187,175,1 591 119,7 780 816,118,119,mistral_table,mistral_table,no
531,DEMAIS GÉNEROS,189,1 061,684,98,482 256,191,205,1 102,710,8 746 813,22 542 537,118,119,mistral_table,mistral_table,no
532,SÃO JOSE,181,783,478,57,853 220,302,313,1 689,1 219,16 526 275,79 344 918,118,119,mistral_table,mistral_table,no
533,"REPARAÇÃO, MANUTENÇÃO E INSTALAÇÃO",50,197,1 11,21 950,54,95,96,320,180,3 387 031,10 821 413,118,119,mistral_table,mistral_table,no
534,"AUX. COMÉRCIO, LOCAÇÃO DE BENS E SERVIÇOS",4,7,1,1 144,7,6,8,75,63,3 883 723,35 314 370,118,119,mistral_table,mistral_table,no
535,AUX. PRESTADOS A EMPRESAS E PESSOAS,10,205,186,6 936,31,32,34,760,694,5 555 806,13 715 273,118,119,mistral_table,mistral_table,no
536,DEMAIS GÉNEROS,117,374,164,27,823 127,169,175,534,282,3 699 715,19 493 862,118,119,mistral_table,mistral_table,no
537,ABELARDO LUZ,49,107,7,4 242,29,73,74,204,86,1 348 752,5 747 272,118,119,mistral_table,mistral_table,no
538,AGROLÂNDIA,20,51,12,3 145,8,22,22,44,8,230 765,1 696 753,118,119,mistral_table,mistral_table,no
539,AGRONÔMICA,6,8,2,1 277,3,7,8,16,3,66 458,852 082,118,119,mistral_table,mistral_table,no
540,AGUA DOCE,24,81,29,3 691,22,18,18,49,12,140 181,1 055 936,118,119,mistral_table,mistral_table,no
541,AGUAS DE CHAPECO,14,38,9,2 516,9,14,14,48,11,404 315,1 605 406,118,119,mistral_table,mistral_table,no
542,AGUAS MORNAS,,,,,,10,11,95,69,651 788,2 619 936,118,119,mistral_table_partial,mistral_table,yes
543,ALFREDO WAGNER,19,57,16,3 932,11,20,20,31,5,98 044,1 778 791,118,119,mistral_table,mistral_table,no
544,ANCHIETA,33,92,20,2 616,24,24,24,56,14,178 261,2 553 926,118,119,mistral_table,mistral_table,no
545,ANGELINA,,,,,,3,3,4,-,35 538,196 013,118,119,mistral_table_partial,mistral_table,yes
546,ANITA GARIBALDI,21,64,7,1 596,8,69,69,169,77,559 266,3 127 940,118,119,mistral_table,mistral_table,no
547,ANITAPOLIS,6,25,2,2 506,5,14,14,40,12,615 347,1 699 220,118,119,mistral_table,mistral_table,no
548,ANTÓNIO CARLOS,,,,,,6,6,8,2,25 889,311 578,118,119,mistral_table_partial,mistral_table,yes
549,ARAQUARI,48,126,50,6 008,40,27,30,110,60,651 370,3 786 312,118,119,mistral_table,mistral_table,no
550,ARARANQUA,171,1 093,795,92,632 307,245,248,1 021,670,9 411 983,29 194 853,118,119,mistral_table,mistral_table,no
551,ARMAZEM,,,,,,14,14,35,16,233 543,1 687 218,118,119,mistral_table_partial,mistral_table,yes
552,ARROIO TRINTA,13,52,16,1 424,13 068,16,16,54,10,127 946,1 101 513,120,121,mistral_table,mistral_table,no
553,ASCURRA,16,28,9,2 834,14 624,16,16,36,15,263 480,1 358 452,120,121,mistral_table,mistral_table,no
554,ATALANTA,9,20,3,982,3 774,6,6,10,-,31 831,450 107,120,121,mistral_table,mistral_table,no
555,AURORA,5,13,3,974,3 075,?,?,11,-,20 521,262 486,120,121,mistral_table,mistral_table,no
556,BALMEÁRIO CAMBORIU,296,1 771,1 138,100 540,533 432,299,321,1 558,1 050,8 254 366,51 535 993,120,121,mistral_table,mistral_table,no
557,BARRA VELHA,63,230,114,13 127,56 741,61,62,168,66,841 535,3 233 115,120,121,mistral_table,mistral_table,no
558,BENEDITO NOVO,19,82,53,6 890,19 287,28,28,60,22,400 441,1 326 646,120,121,mistral_table,mistral_table,no
559,BIQUAÇU,43,195,111,14 284,72 906,92,92,315,183,1 974 960,8 949 963,120,121,mistral_table,mistral_table,no
560,BOM JARDIM DA SERRA,21,44,11,1 997,8 560,13,13,34,9,117 047,531 793,120,121,mistral_table,mistral_table,no
561,BOM RETIRO,26,117,56,7 090,21 799,25,25,51,2,112 819,964 136,120,121,mistral_table,mistral_table,no
562,BOTUVERA,12,23,2,852,5 488,19,19,42,10,247 107,1 404 783,120,121,mistral_table,mistral_table,no
563,BRAÇO DO NORTE,48,163,48,13 070,50 896,61,61,150,42,601 086,4 654 888,120,121,mistral_table,mistral_table,no
564,BRUSQUE,183,719,401,79 915,246 130,180,182,674,366,7 040 581,26 179 726,120,121,mistral_table,mistral_table,no
565,CAÇADOR,172,571,290,37 585,185 798,206,214,653,346,4 533 797,20 354 524,120,121,mistral_table,mistral_table,no
566,CAIBI,21,51,3,2 443,22 874,23,23,47,7,188 368,1 208 115,120,121,mistral_table,mistral_table,no
567,CAMBORIU,39,132,63,7 424,36 496,36,37,109,52,581 403,2 434 883,120,121,mistral_table,mistral_table,no
568,CAMPO ALEGRE,35,74,28,6 357,24 005,45,46,63,2,521 721,1 719 095,120,121,mistral_table,mistral_table,no
569,CAMPO BELO DO SUL,29,60,7,8 982,12 307,29,29,117,63,737 019,3 323 196,120,121,mistral_table,mistral_table,no
570,CAMPO ERE,77,177,30,6 236,32 345,69,73,169,26,480 611,3 284 090,120,121,mistral_table,mistral_table,no
571,CAMPOS NOVOS,115,349,132,25 765,85 878,99,100,257,78,1 211 154,7 061 849,120,121,mistral_table,mistral_table,no
572,CANELINHA,13,36,8,1 585,7 151,17,17,50,17,143 207,2 401 698,120,121,mistral_table,mistral_table,no
573,CANOINHAS,217,647,344,50 683,168 702,140,144,396,184,2 604 279,10 110 016,120,121,mistral_table,mistral_table,no
574,CAPINZAL,56,166,80,12 901,49 053,82,83,221,99,1 738 362,6 105 066,120,121,mistral_table,mistral_table,no
575,CATANOUVAS,41,145,62,7 176,30 574,37,37,78,34,229 765,2 345 638,120,121,mistral_table,mistral_table,no
576,CAXAMBU DO SUL,13,34,4,1 368,9 926,38,39,79,28,324 695,1 627 791,120,121,mistral_table,mistral_table,no
577,CONCORDIA,225,767,387,69 967,259 976,242,249,845,473,5 677 898,25 096 337,120,121,mistral_table,mistral_table,no
578,CORONEL FREITAS,50,158,39,5 918,57 577,53,54,131,28,610 486,2 781 150,120,121,mistral_table,mistral_table,no
579,CORUPA,35,68,14,4 559,15 735,24,25,45,9,425 934,2 316 840,120,121,mistral_table,mistral_table,no
580,CORREIA PINTO,-,-,-,-,-,59,60,599,515,4 718 650,12 407 869,120,121,mistral_table,mistral_table,no
581,CUNHA PORA,52,121,22,4 904,26 755,54,54,109,26,517 712,2 989 238,120,121,mistral_table,mistral_table,no
582,CURITIBANOS,169,612,300,38 495,186 358,121,128,355,142,2 315 569,13 342 425,120,121,mistral_table,mistral_table,no
583,DESCANSO,35,98,27,4 206,19 343,38,38,92,30,375 699,1 964 600,120,121,mistral_table,mistral_table,no
584,DIONISIO CERQUEIRA,29,107,40,5 995,25 414,29,32,82,26,356 177,1 644 081,120,121,mistral_table,mistral_table,no
585,DONA EMMA,12,28,3,1 129,4 380,?,?,16,-,32 524,262 945,120,121,mistral_table,mistral_table,no
586,ERVAL VELHO,13,31,8,1 477,6 280,10,10,28,8,95 502,542 617,120,121,mistral_table,mistral_table,no
587,FACHINAL DOS QUEDES,36,67,9,1 934,11 760,32,32,73,20,273 391,1 965 505,120,121,mistral_table,mistral_table,no
588,FRAIBURGO,63,331,125,53 815,119 544,65,65,475,369,8 789 054,28 553 695,120,121,mistral_table,mistral_table,no
589,GALVÃO,43,110,21,3 881,19 152,20,20,37,3,135 476,973 730,120,121,mistral_table,mistral_table,no
590,GAROPABA,11,36,10,1 986,8 132,17,17,69,32,322 528,2 875 180,120,121,mistral_table,mistral_table,no
591,GARUVA,26,77,33,7 081,38 371,37,39,117,43,759 731,3 306 086,120,121,mistral_table,mistral_table,no
592,GASPAR,126,513,279,36 810,116 804,117,120,342,161,2 260 737,12 570 198,120,121,mistral_table,mistral_table,no
593,GOVERNADOR CELSO RAMOS,5,11,-,452,2 996,18,18,41,13,217 783,1 147 324,120,121,mistral_table,mistral_table,no
594,GRÃO PARA,10,31,9,1 631,7 165,12,12,20,3,52 120,273 121,120,121,mistral_table,mistral_table,no
595,GRAVATAL,30,320,206,21 523,147 422,23,23,345,289,2 603 218,11 812 248,120,121,mistral_table,mistral_table,no
596,QUABIRUBA,11,24,7,1 101,3 540,16,16,37,15,212 463,1 119 046,120,121,mistral_table,mistral_table,no
597,QUARACIABA,33,96,31,3 273,13 259,19,20,46,16,138 715,787 091,120,121,mistral_table,mistral_table,no
598,QUARAMIRIM,40,82,19,6 590,27 071,46,46,137,48,759 845,3 726 751,120,121,mistral_table,mistral_table,no
599,GUARUJA DO SUL,23,59,10,2 553,11 025,19,19,34,6,153 356,1 427 315,122,123,mistral_table,mistral_table,no
600,HERVAL D'OESTE,51,151,59,11 614,44 031,42,44,131,59,941 474,3 439 629,122,123,mistral_table,mistral_table,no
601,IBICARE,5,21,12,830,3 993,7,7,18,8,135 888,580 872,122,123,mistral_table,mistral_table,no
602,IBIRAMA,83,225,74,16 370,73 792,116,121,271,94,1 497 863,7 313 550,122,123,mistral_table,mistral_table,no
603,IÇARA,65,228,104,13 999,48 411,91,93,284,141,1 821 200,11 036 640,122,123,mistral_table,mistral_table,no
604,ILHOTA,12,40,16,1 725,12 534,6,6,9,1,17 400,107 423,122,123,mistral_table,mistral_table,no
605,IMARUI,11,34,10,1 612,8 718,11,11,57,44,153 227,640 363,122,123,mistral_table,mistral_table,no
606,IMBITUBA,68,755,524,151 951,329 918,75,80,862,638,21 779 444,38 764 615,122,123,mistral_table,mistral_table,no
607,IMBUIA,7,25,7,982,5 250,16,16,31,2,62 373,738 659,122,123,mistral_table,mistral_table,no
608,INDAIAL,150,711,462,48 322,123 369,163,163,606,376,4 329 436,13 308 665,122,123,mistral_table,mistral_table,no
609,IPIRA,11,19,1,711,3 443,7,7,9,-,22 024,225 151,122,123,mistral_table,mistral_table,no
610,IPUMIRIM,12,32,7,2 026,6 788,20,20,47,12,197 046,1 187 715,122,123,mistral_table,mistral_table,no
611,IRANI,27,62,16,3 710,14 182,32,32,78,37,398 678,2 900 506,122,123,mistral_table,mistral_table,no
612,IRINEOPOLIS,11,17,2,1 184,4 283,15,15,27,5,99 547,798 854,122,123,mistral_table,mistral_table,no
613,ITA,14,30,5,1 574,6 517,17,17,31,7,145 809,820 811,122,123,mistral_table,mistral_table,no
614,ITAIOPOLIS,51,122,37,7 507,26 434,58,58,121,27,759 315,2 719 202,122,123,mistral_table,mistral_table,no
615,ITAPEMA,61,526,382,40 578,177 541,27,29,589,527,3 482 859,15 482 412,122,123,mistral_table,mistral_table,no
616,ITAPIRANGA,74,254,135,17 788,60 773,74,75,181,62,933 081,4 854 941,122,123,mistral_table,mistral_table,no
617,ITUPORANGA,72,189,69,12 688,60 338,85,87,175,53,820 666,5 367 434,122,123,mistral_table,mistral_table,no
618,JABORA,11,52,6,2 316,28 443,14,14,28,6,65 234,640 297,122,123,mistral_table,mistral_table,no
619,JACINTO MACHADO,28,80,25,4 989,17 142,33,33,86,32,256 318,1 652 875,122,123,mistral_table,mistral_table,no
620,JAGUARUNA,34,104,20,4 062,20 793,82,82,265,101,802 021,4 728 675,122,123,mistral_table,mistral_table,no
621,JARAGUA DO SUL,222,926,499,92 502,380 052,271,278,940,471,8 237 230,33 527 005,122,123,mistral_table,mistral_table,no
622,JOAÇABA,226,1 811,1 397,123 983,373 708,204,213,1 895,1 523,11 060 671,33 511 211,122,123,mistral_table,mistral_table,no
623,LACERDOPOLIS,10,21,8,1 515,3 605,7,7,18,4,200 647,587 843,122,123,mistral_table,mistral_table,no
624,LAGUNA,115,774,479,63 267,238 836,150,151,855,542,4 076 133,18 834 888,122,123,mistral_table,mistral_table,no
625,LAURENTINO,24,46,7,2 065,9 655,23,24,50,17,175 564,1 553 968,122,123,mistral_table,mistral_table,no
626,LAURO MULLER,47,95,30,6 505,32 669,39,40,87,25,352 670,2 910 647,122,123,mistral_table,mistral_table,no
627,LEBON REGIS,14,46,7,1 813,8 165,20,20,39,17,269 800,1 238 550,122,123,mistral_table,mistral_table,no
628,LEOBERTO LEAL,4,7,-,208,1 625,4,4,9,2,28 000,136 000,122,123,mistral_table,mistral_table,no
629,LONTRAS,29,62,8,4 337,15 904,32,32,77,29,313 536,1 404 608,122,123,mistral_table,mistral_table,no
630,LUIZ ALVES,19,34,8,2 921,10 251,13,13,24,8,160 364,871 457,122,123,mistral_table,mistral_table,no
631,MAFRA,168,620,347,51 748,172 455,119,119,324,148,2 324 576,8 473 055,122,123,mistral_table,mistral_table,no
632,MAJOR GERCINO,6,13,-,359,2 388,4,4,8,-,20 264,99 445,122,123,mistral_table,mistral_table,no
633,MAJOR VIEIRA,8,14,4,452,1 684,9,9,21,8,106 223,476 748,122,123,mistral_table,mistral_table,no
634,MARACAJA,14,54,21,5 127,24 759,27,27,64,32,342 625,1 576 787,122,123,mistral_table,mistral_table,no
635,MARAVILHA,53,131,57,8 121,44 899,85,87,233,88,999 707,4 806 464,122,123,mistral_table,mistral_table,no
636,MASSARANDUBA,10,30,20,2 920,7 102,39,39,107,60,650 936,3 943 215,122,123,mistral_table,mistral_table,no
637,MATOS COSTA,8,10,-,414,2 873,8,8,12,2,52 405,660 751,122,123,mistral_table,mistral_table,no
638,MELEIRO,20,55,21,3 809,14 123,33,33,65,20,637 286,2 416 629,122,123,mistral_table,mistral_table,no
639,MOSELO,34,101,19,2 367,20 381,46,48,103,28,256 479,1 653 456,122,123,mistral_table,mistral_table,no
640,MONDAI,76,172,37,8 152,30 642,71,71,154,42,657 759,3 439 081,122,123,mistral_table,mistral_table,no
641,MONTE CASTELO,26,60,15,2 013,9 748,24,24,45,13,242 040,1 097 931,122,123,mistral_table,mistral_table,no
642,MORRO DA FUMAÇA,33,95,45,7 997,23 471,45,46,126,64,665 889,3 518 276,122,123,mistral_table,mistral_table,no
643,NAVEGANTES,42,87,24,9 680,31 284,61,63,229,113,2 440 649,7 499 295,122,123,mistral_table,mistral_table,no
644,NOVA ERECHIM,10,24,7,1 594,8 614,25,25,80,30,493 280,1 505 897,122,123,mistral_table,mistral_table,no
645,NOVA TRENTO,12,40,10,2 563,10 278,22,22,44,9,221 917,934 341,122,123,mistral_table,mistral_table,no
646,NOVA VENEZA,20,41,7,1 964,8 739,,,,,,,124,125,mistral_table,mistral_table_partial,yes
647,ORLEANS,74,206,75,11 771,46 773,64,67 187,81,565 481,4,284 020,124,125,mistral_table,mistral_table,no
648,OTACÍLIO COSTA,-,-,-,-,-,61,62 175,89,886 731,4,645 225,124,125,mistral_table,mistral_table,no
649,OURO,17,48,18,4 161,12 284,34,34,62,14,246 180,13971 097,124,125,mistral_table,tesseract_por_review,no
650,PALHOÇA,64,212,93,16 983,85 107,,,,,,,124,125,mistral_table,missing,yes
651,PALMA SOLA,15,55,21,2 344,12 602,10,11,23,2,46 634,404 261,124,125,mistral_table,mistral_table,no
652,PALMITOS,91,306,102,14 646,72 222,63,65 167,49,691 086,3,482 787,124,125,mistral_table,mistral_table,no
653,PAPANDUVA,36,97,27,3 953,20 897,,,,,,,124,125,mistral_table,mistral_table_partial,yes
654,PAULO LOPES,11,39,20,2 049,8 850,12,12,48,26,206 696,964 675,124,125,mistral_table,mistral_table,no
655,PEDRAS GRANDES,7,23,7,930,5 023,8,9,18,5,133 051,598 077,124,125,mistral_table,mistral_table,no
656,PENHA,25,82,37,5 009,26 015,20,20,48,23,199 188,801 787,124,125,mistral_table,mistral_table,no
657,PERITIBA,6,12,3,994,5 407,8,8,15,5,44 166,291 673,124,125,mistral_table,mistral_table,no
658,PETROLANDIA,15,27,2,888,5 691,,,,,,,124,125,mistral_table,mistral_table_partial,yes
659,PIÇARRAS,28,216,145,19 678,92 718,34,35,170 102,543 578,2,391 441,124,125,mistral_table,mistral_table,no
660,PINHALZINHO,51,178,70,8 333,33 108,94,94 226,82,781 093,4,962 990,124,125,mistral_table,mistral_table,no
661,PINHEIRO PRETO,3,9,2,289,1 847,8,8,16,3,60 717,433 358,124,125,mistral_table,mistral_table,no
662,PIRATUBA,24,57,15,2 924,12 791,,,,,,,124,125,mistral_table,mistral_table_partial,yes
663,POMERODE,61,335,226,26 956,76 791,,,,,,,124,125,mistral_table,missing,yes
664,PONTE ALTA,30,86,17,2 093,9 424,16,16,29,3,118 405,781 527,124,125,mistral_table,mistral_table,no
665,PONTE SERRADA,51,183,67,8 170,49 722,49,49 143,51,479 548,3,958 174,124,125,mistral_table,mistral_table,no
666,PORTO BELO,34,102,22,3 980,20 269,84,84,300 129,987 425,5,655 454,124,125,mistral_table,mistral_table,no
667,PORTO UNIÃO,107,401,237,34 482,119 294,,,,,,,124,125,mistral_table,missing,yes
668,POUSO REDONDO,43,101,33,3 637,18 122,,,,,,,124,125,mistral_table,mistral_table_partial,yes
669,PRAIA GRANDE,28,67,19,9 122,25 999,,,,,,,124,125,mistral_table,mistral_table_partial,yes
670,PRESIDENTE CASTELO BRANCO,6,14,2,426,2 239,5,5,8,-,44 546,340 648,124,125,mistral_table,mistral_table,no
671,PRESIDENTE GETULIO,29,90,27,4 892,22 746,,,,,,,124,125,mistral_table,mistral_table_partial,yes
672,PRESIDENTE MEREU,10,33,4,727,4 742,9,9,22,3,49 929,493 294,124,125,mistral_table,mistral_table,no
673,QUILOMBO,45,100,29,5 445,27 260,43,43 106,23,415 450,2,504 798,124,125,mistral_table,mistral_table,no
674,RANCHO QUEIMADO,5,11,2,1 243,2 895,5,5,8,1,55 876,266 786,124,125,mistral_table,mistral_table,no
675,RIO DAS ANTAS,11,16,2,718,6 660,11,11,12,-,43 704,420 635,124,125,mistral_table,mistral_table,no
676,RIO DO CAMPO,24,41,3,1 626,9 271,,,,,,,124,125,mistral_table,mistral_table_partial,yes
677,RIO DO OESTE,31,80,14,2 942,14 908,44,45 107,25,478 500,2,412 641,124,125,mistral_table,mistral_table,no
678,RIO DOS CEDROS,21,91,50,4 659,18 262,,,,,,,124,125,mistral_table,mistral_table_partial,yes
679,RIO DO SUL,301,1 649,1 121,122 887,381 909,,,,,,,124,125,mistral_table,missing,yes
680,RIO FORTUNA,4,11,1,496,2 370,4,4,8,-,13 458,186 081,124,125,mistral_table,mistral_table,no
681,RIO NEGRINHO,97,723,551,51 311,185 006,122 124,330 158,2,046 759,0,626 133,124,125,mistral_table,tesseract_por_review,no
682,RODEIO,28,48,15,3 187,29 209,,,,,,,124,125,mistral_table,mistral_table_partial,yes
683,ROMELANDIA,22,53,6,2 244,11 468,,,,,,,124,125,mistral_table,mistral_table_partial,yes
684,SALETE,19,41,4,1 234,6 820,,,,,,,124,125,mistral_table,mistral_table_partial,yes
685,SALTO VELOSO,13,36,11,779,5 406,11,11,33,8,97 640,447 475,124,125,mistral_table,mistral_table,no
686,SANTA CECÍLIA,50,153,78,10 093,46 948,39,40 130,67,497 797,3,428 435,124,125,mistral_table,mistral_table,no
687,SANTA ROSA DE LIMA,1,(A),(A),(X),(A),,,,,,,124,125,mistral_table,missing,yes
688,SANTO AMARO DA IMPERATRIZ,29,111,22,9 835,37 151,,,,,,,124,125,mistral_table,missing,yes
689,SÃO BENTO DO SUL,177,547,266,64 389,232 432,,,,,,,124,125,mistral_table,missing,yes
690,SÃO BONIFÁCIO,7,22,1,623,4 693,,,,,,,124,125,mistral_table,mistral_table_partial,yes
691,SÃO CARLOS,47,132,42,7 738,38 982,,,,,,,124,125,mistral_table,mistral_table_partial,yes
692,SÃO DOMINGOS,45,142,40,6 647,27 204,58,58 104,32,572 512,3,507 642,124,125,mistral_table,mistral_table,no
693,SÃO FRANCISCO DO SUL,161,668,362,66 577,379 077,119,128,448,236,3 372 808,29 401 613,126,127,mistral_table,mistral_table,no
694,SÃO JOÃO BATISTA,40,106,31,7 772,26 982,,,,,,,126,127,mistral_table,missing,yes
695,SÃO JOÃO DO SUL,9,19,5,1 217,5 217,,,,,,,126,127,mistral_table,missing,yes
696,SÃO JOAQUIM,80,286,149,21 600,69 236,94,97,243,123,1 676 435,7 735 580,126,127,mistral_table,mistral_table,no
697,SÃO JOSE DO CEDRO,60,183,74,10 986,40 607,43,43,100,39,488 277,3 293 829,126,127,mistral_table,mistral_table,no
698,SÃO JOSE DO CERRITO,8,17,1,444,2 518,25,25,48,5,103 274,767 150,126,127,mistral_table,mistral_table,no
699,SÃO LOURENÇO DO OESTE,68,237,68,11 066,44 238,107,109,272,93,1 379 059,7 573 379,126,127,mistral_table,mistral_table,no
700,SÃO LUDGERO,5,17,6,636,3 775,22,22,60,16,143 626,1 322 464,126,127,mistral_table,mistral_table,no
701,SÃO MARTINHO,5,18,7,940,3 874,7,7,11,2,33 799,239 533,126,127,mistral_table,mistral_table,no
702,SÃO NIGUEL D'OESTE,199,699,355,49 326,190 827,164,168,594,342,3 870 177,14 309 933,126,127,mistral_table,mistral_table,no
703,SAUDADES,18,49,17,2 604,11 266,24,24,46,7,153 269,1 084 526,126,127,mistral_table,mistral_table,no
704,SCHROEDER,5,14,7,1 042,2 282,9,9,32,15,148 652,574 703,126,127,mistral_table,mistral_table,no
705,SEARA,55,143,27,7 073,33 362,58,59,129,53,647 222,4 908 940,126,127,mistral_table,mistral_table,no
706,SIDEROPOLIS,29,83,25,4 411,24 006,38,38,81,25,285 854,2 778 582,126,127,mistral_table,mistral_table,no
707,SOMBRIO,52,165,93,16 353,57 171,121,121,331,171,2 652 302,10 282 780,126,127,mistral_table,mistral_table,no
708,TAIO,78,211,64,11 541,47 894,83,88,213,82,908 550,6 238 400,126,127,mistral_table,mistral_table,no
709,TANGARA,28,93,37,7 322,30 701,15,15,36,9,104 239,969 790,126,127,mistral_table,mistral_table,no
710,TIJUCAS,23,56,17,3 445,29 675,34,36,80,28,636 843,3 546 532,126,127,mistral_table,mistral_table,no
711,TIMBE DO SUL,8,15,1,1 203,4 006,22,22,62,25,316 637,1 908 162,126,127,mistral_table,mistral_table,no
712,TIMBO,111,504,332,39 253,119 074,115,115,371,210,2 150 320,7 612 697,126,127,mistral_table,mistral_table,no
713,TRES BARRAS,69,362,251,26 137,64 671,57,57,279,202,1 088 042,4 034 262,126,127,mistral_table,mistral_table,no
714,TREZE DE MAIO,6,11,1,1 016,4 032,7,7,11,1,36 576,257 606,126,127,mistral_table,mistral_table,no
715,TREZE TILIAS,10,36,11,1 246,5 866,11,11,27,7,214 572,961 286,126,127,mistral_table,mistral_table,no
716,TROMBUDO CENTRAL,32,66,23,5 016,24 372,42,42,98,38,355 225,1 430 464,126,127,mistral_table,mistral_table,no
717,TUBARÃO,352,1 598,985,148 267,537 788,351,367,1 796,1 209,11 608 359,53 586 869,126,127,mistral_table,mistral_table,no
718,TURVO,31,81,33,5 196,24 503,88,88,307,155,1 351 497,5 432 601,126,127,mistral_table,mistral_table,no
719,URUBICI,36,80,7,3 067,17 872,121,123,336,107,916 131,5 641 352,126,127,mistral_table,mistral_table,no
720,URUSSANGA,82,272,133,19 341,93 822,100,103,490,299,8 911 846,43 436 557,126,127,mistral_table,mistral_table,no
721,VARGEÃO,8,20,7,936,5 333,11,11,28,11,77 693,949 419,126,127,mistral_table,mistral_table,no
722,VIDAL RAMOS,7,19,3,914,7 330,13,13,32,5,96 220,1 197 666,126,127,mistral_table,mistral_table,no
723,VIDEIRA,167,633,359,52 329,215 422,157,166,649,433,7 553 523,22 957 918,126,127,mistral_table,mistral_table,no
724,WITMARSUM,15,30,4,1 580,7 579,12,12,30,1,91 228,704 616,126,127,mistral_table,mistral_table,no
725,XANXERE,153,592,296,40 121,205 679,156,160,548,274,2 977 232,14 996 436,126,127,mistral_table,mistral_table,no
726,XAVANTINA,10,22,-,944,4 612,16,16,37,9,138 196,827 169,126,127,mistral_table,mistral_table,no
727,XAXIM,71,214,59,15 937,99 810,78,79,169,45,631 698,4 979 132,126,127,mistral_table,mistral_table,no
728,RIO GRANDE DO SUL,30 035,156 959,100 330,17 999 681,68 952 768,31 521,32 952,162 997,107 081,1 669 552 927,6 090 530 917,126,127,mistral_table,mistral_table,no
729,ALOJAMENTO E ALIMENTAÇÃO,12 022,42 900,21 499,2 899 758,15 864 901,11 813,12 131,43 151,22 591,254 118 503,1 272 785 036,126,127,mistral_table,mistral_table,no
730,ALOJAMENTO,1 191,9 469,6 430,790 299,3 414 459,953,997,9 294,7 257,75 484 714,310 886 275,126,127,mistral_table,mistral_table,no
731,ALIMENTAÇÃO,10 831,33 431,15 069,2 109 459,12 450 442,10 860,11 134,33 857,15 334,178 631 789,961 898 761,126,127,mistral_table,mistral_table,no
732,"REPARAÇÃO, MANUTENÇÃO E INSTALAÇÃO",7 549,27 638,16 026,3 024 685,10 316 335,7 670,7 842,23 482,12 361,212 407 561,643 631 253,126,127,mistral_table,mistral_table,no
733,"REPARAÇÃO, MANUTENÇÃO E INSTALAÇÃO",7 549,27 638,16 026,3 024 685,10 316 335,7 670,7 842,23 482,12 361,212 407 561,643 631 253,126,127,mistral_table,mistral_table,no
734,"PESSOAIS, DE HIGIENE E ESTETICA PESSOAL",1 470,4 981,2 832,476 441,1 505 784,1 486,1 629,5 359,3 067,41 800 958,120 283 828,126,127,mistral_table,mistral_table,no
735,PESSOAIS,879,3 521,2 090,314 012,1 141 870,797,928,3 165,1 791,23 410 843,79 665 088,126,127,mistral_table,mistral_table,no
736,HIGIENE E DE ESTETICA PESSOAL,591,1 460,742,182 429,363 914,689,703,2 194,1 276,18 390 115,40 618 740,126,127,mistral_table,mistral_table,no
737,"RADIODIFUSÃO, TELEVISÃO E DIVERSÕES",690,6 834,4 563,1 010 921,4 887 441,623,754,7 803,5 620,106 789 020,506 448 654,126,127,mistral_table,mistral_table,no
738,RADIODIFUSÃO E TELEVISÃO,182,4 727,3 346,841 968,4 082 968,152,209,5 257,3 955,90 188 675,434 450 195,126,127,mistral_table,mistral_table,no
739,DIVERSÕES,508,2 107,1 217,168 953,804 473,471,545,2 546,1 665,16 600 345,71 998 459,126,127,mistral_table,mistral_table,no
740,AUXILIARES DIVERSOS,7 204,68 627,52 059,9 702 794,32 136 447,8 903,9 535,77 796,60 106,995 450 213,3 354 020 344,126,127,mistral_table,mistral_table,no
741,AUX. DA AGROPECUÁRIA E REFLORESTAMENTO,222,3 169,2 061,737 795,2 076 630,257,279,4 848,3 587,61 522 637,239 364 420,126,127,mistral_table,mistral_table,no
742,"AUX. COMÉRCIO, LOCAÇÃO DE BENS E SERVIÇOS",1 507,7 757,4 401,1 367 242,8 210 634,2 838,2 989,12 278,6 849,215 198 539,1 089 217 303,126,127,mistral_table,mistral_table,no
743,"AUX. FINANC., SEGUROS E CAPITALIZAÇÃO",147,971,619,166 352,854 050,167,189,953,801,14 867 472,95 972 724,126,127,mistral_table,mistral_table,no
744,AUXILIARES DOS TRANSPORTES,850,5 838,4 300,983 931,4 327 772,,,,,,,128,129,mistral_table,missing,yes
745,"AUX. CONSTRUÇÃO, OBRAS, GEODESIA, ETC",403,3 340,2 349,541 960,2 017 114,308 322,3 004,2 325,45 081,312 133,480 102,128,129,mistral_table,tesseract_por_review,no
746,"AUX. DE LIMPEZA, HIGIENIZAÇÃO, ETC",260,9 107,8 229,530 025,1 117 343,,,,,,,128,129,mistral_table,missing,yes
747,AUX. PRESTADOS A EMPRESAS E PESSOAS,3 470,35 156,27 842,4 894 501,12 121 528,,,,,,,128,129,mistral_table,missing,yes
748,AUXILIARES DA SAÚDE,545,3 289,2 258,481 588,1 413 076,638 655,3 610,2 332,41 349,570 129,174 249,128,129,mistral_table,tesseract_por_review,no
749,"COMPRA, VENDA, ADMINISTRAÇÃO BENS IMÓVEIS",1 100,5 979,3 351,885 082,4 239 860,,,,,,,128,129,mistral_table,missing,yes
750,COMPRA E VENDA DE BENS IMÓVEIS,663,2 714,1 192,445 405,2 190 370,,,,,,,128,129,mistral_table,missing,yes
751,"ADMINISTRAÇÃO, LOCAÇÃO, ETC",437,3 265,2 159,439 677,2 049 490,,,,,,,128,129,mistral_table,missing,yes
752,REGIÃO METROPOLITANA,10 202,83 431,60 058,11 317 385,42 666 270,9 926,10 122,. . UI,64 109,1 076 11' U7,3 UI IH 911,128,129,mistral_table,pdf_text_layout,no
753,ALGUAMENTO E ALIMENTAÇÃO,3 291,16 459,10 381,1 406 929,7 179 795,,,,,,,128,129,mistral_table,pdf_text_layout_partial,yes
754,ALGUAMENTO,279,3 181,2 300,338 100,1 285 220,243,250,· 3 611,3 021,31 7U 007,"1 ""5 s 10 501",128,129,mistral_table,pdf_text_layout,no
755,ALIMENTAÇÃO,3 012,13 278,8 081,1 068 829,5 894 575,,,,,,,128,129,mistral_table,pdf_text_layout_partial,yes
756,"REPARAÇÃO, MANUTENÇÃO E INSTALAÇÃO",2 195,9 924,6 154,1 294 183,4 455 366,2 131,2 1H,1 529,5 115,t5 533 021,217 1IO 971,128,129,mistral_table,pdf_text_layout,no
757,"REPARAÇÃO, MANUTENÇÃO E INSTALAÇÃO",2 195,9 924,6 154,1 294 183,4 455 366,101 121,724 497,12,561 688,85,771 339,128,129,mistral_table,tesseract_por_review,no
758,"PESSOAIS, DE HIGIENE E ESTÉTICA PESSOAL",661,2 926,1 845,292 098,914 651,,,,,,,128,129,mistral_table,missing,yes
759,PESSOAIS,393,2 125,1 393,202 492,694 970,,,,,,,128,129,mistral_table,missing,yes
760,HIGIENE E DE ESTÉTICA PESSOAL,268,801,452,89 606,219 681,,,,,,,128,129,mistral_table,missing,yes
761,"RADIOIDIFUSÃO, TELEVISÃO E DIVERSÕES",211,2 999,1 963,602 076,1 033 531,,,,,,,128,129,mistral_table,missing,yes
762,RADIOIDIFUSÃO E TELEVISÃO,37,2 119,1 409,517 376,2 564 888,,,,,,,128,129,mistral_table,missing,yes
763,DIVERSÕES,174,880,554,84 700,438 843,"""º",1 201,na,1 112,"º""",42 672 . 13•,128,129,mistral_table,pdf_text_layout,no
764,AUXILIARES DIVERSOS,3 215,46 870,37 124,7 062 746,23 802 975,,,,,,,128,129,mistral_table,missing,yes
765,AUX. DA AGROPECUARIA E REFLORESTAMENTO,36,2 082,1 369,563 392,1 294 054,,,,,,,128,129,mistral_table,pdf_text_layout_partial,yes
766,"AUX. COMÉRCIO, LOCAÇÃO DE BENS E SERVIÇOS",930,5 893,3 565,1 084 785,6 987 687,180 248,2 633,1 937,47 812,490 178,818 995,128,129,mistral_table,tesseract_por_review,no
767,"AUX. FINANCIA, SEGUROS E CAPITALIZAÇÃO",98,790,541,132 982,712 560,,,,,,,128,129,mistral_table,missing,yes
768,AUXILIARES DOS TRANSPORTES,238,12 978,2 265,515 064,2 365 772,,,,,,,128,129,mistral_table,missing,yes
769,"AUX. CONSTRUÇÃO, OBRAS, GEODESIA, ETC",181,1 980,1 410,378 009,1 287 414,,,,,,,128,129,mistral_table,missing,yes
770,"AUX. DE LIMPEZA, HIGIENIZAÇÃO, ETC",154,7 099,6 380,414 667,822 212,151,155,1 571,• 224,4 6 333 03,16 911 UI,128,129,mistral_table,pdf_text_layout,no
771,AUX. PRESTADOS A EMPRESAS E PESSOAS,1 343,24 137,20 183,3 683 669,9 466 877,6,'º',67 3IO,S2 354,ao 714 511,"2 ' "" , . . 5 10",128,129,mistral_table,pdf_text_layout,no
772,AUXILIARES DA SAÚDE,235,1 911,1 407,287 977,884 128,,,,,,,128,129,mistral_table,missing,yes
773,"COMPRA, VENDA, ADMINISTRAÇÃO BENS IMÓVEIS",629,4 253,2 591,659 353,3 211 952,516,su,3 03,2 32t,41 713 511,135 •9t 121,128,129,mistral_table,pdf_text_layout,no
774,COMPRA E VENDA DE BENS IMÓVEIS,349,1 650,795,295 988,1 427 177,193,205,720,30,' (M7 242,32 I02 7t l,128,129,mistral_table,pdf_text_layout,no
775,"ADMINISTRAÇÃO, LOCAÇÃO, ETC",280,2 603,1 796,363 365,1 784 775,,,,,,,128,129,mistral_table,pdf_text_layout_partial,yes
776,PORTO ALEGRE,6 957,68 507,50 910,9 572 289,35 935 181,,,,,,,128,129,mistral_table,missing,yes
777,ALGUAMENTO E ALIMENTAÇÃO,2 141,12 337,8 221,1 100 664,5 422 132,,,,,,,128,129,mistral_table,pdf_text_layout_partial,yes
778,ALGUAMENTO,214,2 829,2 064,308 229,1 186 690,,,,,,,128,129,mistral_table,missing,yes
779,ALIMENTAÇÃO,1 927,9 508,6 157,792 435,4 235 442,,,,,,,128,129,mistral_table,missing,yes
780,"REPARAÇÃO, MANUTENÇÃO E INSTALAÇÃO",1 371,6 698,4 229,912 518,3 068 857,,,,,,,128,129,mistral_table,missing,yes
781,"REPARAÇÃO, MANUTENÇÃO E INSTALAÇÃO",371,6 698,4 229,912 518,3 068 857,,,,,,,128,129,mistral_table,missing,yes
782,"PESSOAIS, DE HIGIENE E ESTÉTICA PESSOAL",540,2 480,1 567,248 037,769 484,,,,,,,128,129,mistral_table,missing,yes
783,PESSOAIS,308,1 758,1 152,166 623,569 750,,,,,,,128,129,mistral_table,missing,yes
784,HIGIENE E DE ESTÉTICA PESSOAL,232,722,415,81 414,199 734,,,,,,,128,129,mistral_table,missing,yes
785,"RADIOIDIFUSÃO, TELEVISÃO E DIVERSÕES",149,2 678,1 774,561 970,2 980 484,115 147,3 463,2 270,67 777,072 305,445 337,128,129,mistral_table,tesseract_por_review,no
786,RADIOIDIFUSÃO E TELEVISÃO,29,1 987,1 314,492 747,2 625 504,,,,,,,128,129,mistral_table,missing,yes
787,DIVERSÕES,120,691,460,69 223,354 980,,,,,,,128,129,mistral_table,missing,yes
788,AUXILIARES DIVERSOS,2 347,40 949,32 931,6 196 793,20 925 880,,,,,,,128,129,mistral_table,missing,yes
789,AUX. DA AGROPECUARIA E REFLORESTAMENTO,29,1 596,900,497 933,1 143 921,,,,,,,128,129,mistral_table,missing,yes
790,"AUX. COMÉRCIO, LOCAÇÃO DE BENS E SERVIÇOS",751,5 164,3 211,919 800,6 159 265,,,,,,,128,129,mistral_table,missing,yes
791,"AUX. FINANCIA, SEGUROS E CAPITALIZAÇÃO",83,702,486,117 990,625 227,,,,,,,128,129,mistral_table,missing,yes
792,AUXILIARES DOS TRANSPORTES,204,2 687,2 029,454 984,2 016 437,,,,,,,128,129,mistral_table,missing,yes
793,"AUX. CONSTRUÇÃO, OBRAS, GEODESIA, ETC",134,1 665,1 184,325 381,1 052 114,138 149,2 205,1 796,36 140,284 106,496 450,128,129,mistral_table,tesseract_por_review,no
794,"AUX. DE LIMPEZA, HIGIENIZAÇÃO, ETC",105,6 532,6 036,356 639,881 096,100,1CM,7 164,7 103,42 315 4U,71 111 4•0,128,129,mistral_table,pdf_text_layout,no
795,AUX. PRESTADOS A EMPRESAS E PESSOAS,885,21 058,17 911,3 286 049,8 500 153,to1,H7,20 106,17 171,21S 752 371,70 1 91 1 A73,128,129,mistral_table,pdf_text_layout,no
796,AUXILIARES DA SAÚDE,155,1 545,1 174,237 817,743 667,143,151,1 434,1 052,19 117 U2,6• • 52 245,128,129,mistral_table,pdf_text_layout,no
797,"COMPRA, VENDA, ADMINISTRAÇÃO BENS IMÓVEIS",409,3 365,2 188,552 287,2 768 344,344 380,2 785,2 006,34 694,505 112,153 100,128,129,mistral_table,tesseract_por_review,no
798,COMPRA E VENDA DE BENS IMÓVEIS,226,1 206,628,238 515,1 195 145,,,,,,,128,129,mistral_table,missing,yes
799,"ADMINISTRAÇÃO, LOCAÇÃO, ETC",183,2 159,1 560,313 772,1 573 199,,,,,,,128,129,mistral_table,missing,yes
800,ALVORADA,96,241,66,17 842,68 315,,,,,,,128,129,mistral_table,missing,yes
801,ALIMENTAÇÃO,43,88,7,3 614,25 453,,,,,,,128,129,mistral_table,missing,yes
802,"REPARAÇÃO, MANUTENÇÃO E INSTALAÇÃO",14,25,3,2 455,6 767,,,,,,,128,129,mistral_table,missing,yes
803,AUX. PRESTADOS A EMPRESAS E PESSOAS,9,49,32,5 768,12 687,,,,,,,128,129,mistral_table,missing,yes
804,DEMAIS GÉNEROS,30,79,24,6 005,23 408,,,,,,,128,129,mistral_table,missing,yes
805,BAGE,296,1 283,801,108 986,467 806,,,,,,,128,129,mistral_table,missing,yes
806,ALIMENTAÇÃO,92,306,175,14 720,110 787,108 112,324 169,1,532 016,6,243 892,128,129,mistral_table,tesseract_por_review,no
807,RADIOIDIFUSÃO E TELEVISÃO,4,117,80,12 692,63 857,,,,,,,128,129,mistral_table,missing,yes
808,AUX. PRESTADOS A EMPRESAS E PESSOAS,33,173,122,20 220,49 521,,,,,,,128,129,mistral_table,missing,yes
809,DEMAIS GÉNEROS,167,687,424,61 354,243 641,,,,,,,128,129,mistral_table,missing,yes
810,CANOAS,635,3 070,1 902,358 661,1 517 217,,,,,,,128,129,mistral_table,missing,yes
811,ALIMENTAÇÃO,198,753,405,56 896,325 658,,,,,,,128,129,mistral_table,missing,yes
812,"REPARAÇÃO, MANUTENÇÃO E INSTALAÇÃO",204,546,603,108 007,478 613,,,,,,,128,129,mistral_table,missing,yes
813,AUX. PRESTADOS A EMPRESAS E PESSOAS,69,505,339,85 864,192 339,,,,,,,128,129,mistral_table,missing,yes
814,DEMAIS GÉNEROS,160,866,555,107 894,520 607,,,,,,,128,129,mistral_table,missing,yes
815,CAXIAS DO SUL,1 352,6 565,4 052,704 670,3 243 704,,,,,,,128,129,mistral_table,missing,yes
816,ALIMENTAÇÃO,381,1 073,522,74 028,376 542,,,,,,,128,129,mistral_table,missing,yes
817,"AUX. COMÉRCIO, LOCAÇÃO DE BENS E SERVIÇOS",141,386,103,61 003,305 869,,,,,,,128,129,mistral_table,missing,yes
818,AUX. PRESTADOS A EMPRESAS E PESSOAS,199,1 470,1 084,144 895,440 559,,,,,,,128,129,mistral_table,missing,yes
819,DEMAIS GÉNEROS,631,3 636,2 343,424 744,2 120 734,,,,,,,128,129,mistral_table,missing,yes
820,GRAVATAI,235,986,486,103 713,571 186,160,168,648,405,4 777 560,14 695 695,130,131,mistral_table,mistral_table,no
821,ALIMENTAÇÃO,78,346,208,23 634,190 320,60,63,173,72,874 938,5 702 947,130,131,mistral_table,mistral_table,no
822,"REPARAÇÃO, MANUTENÇÃO E INSTALAÇÃO",58,137,53,13 454,31 103,47,49,126,63,1 043 645,2 344 666,130,131,mistral_table,mistral_table,no
823,AUX. PRESTADOS A EMPRESAS E PESSOAS,38,166,115,20 575,38 319,18,19,97,77,927 784,1 914 202,130,131,mistral_table,mistral_table,no
824,DEMAIS GÉNEROS,61,337,110,46 050,311 444,35,37,252,193,1 931 193,4 233 880,130,131,mistral_table,mistral_table,no
825,NOVE HAMBURGO,760,3 617,2 288,541 548,1 953 092,818,879,5 004,3 316,88 919 044,324 613 884,130,131,mistral_table,mistral_table,no
826,"AUX. COMÉRCIO, LOCAÇÃO DE BENS E SERVIÇOS",103,412,170,108 997,428 647,207,218,1 590,1 077,50 890 777,177 279 415,130,131,mistral_table,mistral_table,no
827,AUXILIARES DOS TRANSPORTES,17,118,92,33 607,125 049,19,26,247,168,4 493 334,29 158 948,130,131,mistral_table,mistral_table,no
828,AUX. PRESTADOS A EMPRESAS E PESSOAS,109,714,530,111 415,321 664,114,128,938,719,10 614 728,31 007 095,130,131,mistral_table,mistral_table,no
829,DEMAIS GÉNEROS,531,2 373,1 476,287 529,1 077 732,478,507,2 229,1 352,22 920 205,87 168 428,130,131,mistral_table,mistral_table,no
830,PASSO FUNDO,735,3 363,2 158,321 749,1 057 064,667,691,2 691,1 640,20 795 597,79 348 907,130,131,mistral_table,mistral_table,no
831,ALIMENTAÇÃO,297,749,318,50 212,225 957,239,242,585,245,2 851 956,13 323 741,130,131,mistral_table,mistral_table,no
832,RADIODIFUSÃO E TELEVISÃO,3,91,89,11 412,79 972,7,7,146,139,1 920 489,15 354 545,130,131,mistral_table,mistral_table,no
833,AUX. PRESTADOS A EMPRESAS E PESSOAS,87,692,525,57 289,113 663,71,77,600,483,4 192 124,9 489 066,130,131,mistral_table,mistral_table,no
834,DEMAIS GÉNEROS,348,1 831,1 226,202 836,637 472,354,365,1 360,773,11 831 028,41 181 555,130,131,mistral_table,mistral_table,no
835,PELOTAS,987,4 490,2 673,429 575,1 648 795,956,1 016,5 012,3 473,39 735 447,143 614 354,130,131,mistral_table,mistral_table,no
836,ALIMENTAÇÃO,368,1 063,450,50 575,351 664,297,307,1 053,549,5 543 313,30 560 434,130,131,mistral_table,mistral_table,no
837,"REPARAÇÃO, MANUTENÇÃO E INSTALAÇÃO",257,996,623,106 033,343 915,281,291,911,554,8 580 907,23 935 384,130,131,mistral_table,mistral_table,no
838,AUX. PRESTADOS A EMPRESAS E PESSOAS,94,667,472,64 484,159 373,101,110,944,781,7 044 919,20 682 667,130,131,mistral_table,mistral_table,no
839,DEMAIS GÉNEROS,268,1 764,1 128,198 483,793 843,277,308,2 104,1 589,18 566 308,68 435 869,130,131,mistral_table,mistral_table,no
840,RIO GRANDE,650,3 175,2 071,442 307,1 872 084,723,792,3 661,2 591,42 856 536,226 798 990,130,131,mistral_table,mistral_table,no
841,ALIMENTAÇÃO,322,834,337,50 281,330 683,338,349,934,477,4 873 745,31 423 762,130,131,mistral_table,mistral_table,no
842,AUXILIARES DOS TRANSPORTES,51,671,514,203 021,870 218,30,56,1 037,946,22 074 199,139 630 267,130,131,mistral_table,mistral_table,no
843,AUX. PRESTADOS A EMPRESAS E PESSOAS,55,374,290,55 124,123 662,72,81,361,251,3 826 713,11 937 337,130,131,mistral_table,mistral_table,no
844,DEMAIS GÉNEROS,222,1 296,930,133 881,547 521,283,306,1 329,917,12 081 879,43 807 624,130,131,mistral_table,mistral_table,no
845,SANTA CRUZ DO SUL,349,1 339,784,138 498,496 513,383,400,1 666,1 047,13 343 787,58 303 980,130,131,mistral_table,mistral_table,no
846,ALIMENTAÇÃO,117,339,153,21 460,133 795,133,136,374,155,1 772 848,10 787 376,130,131,mistral_table,mistral_table,no
847,"REPARAÇÃO, MANUTENÇÃO E INSTALAÇÃO",114,382,229,38 348,127 706,103,106,336,197,2 931 867,8 696 385,130,131,mistral_table,mistral_table,no
848,"AUX. COMÉRCIO, LOCAÇÃO DE BENS E SERVIÇOS",13,37,18,5 649,18 704,31,32,186,138,1 626 819,7 935 756,130,131,mistral_table,mistral_table,no
849,DEMAIS GÉNEROS,105,581,384,73 041,218 308,116,126,770,557,7 012 253,30 884 463,130,131,mistral_table,mistral_table,no
850,SANTA MARIA,735,3 652,2 403,315 348,1 157 365,816,850,3 451,2 200,25 728 094,94 946 043,130,131,mistral_table,mistral_table,no
851,ALIMENTAÇÃO,307,880,413,46 808,283 073,243,253,793,438,4 246 398,22 631 345,130,131,mistral_table,mistral_table,no
852,"REPARAÇÃO, MANUTENÇÃO E INSTALAÇÃO",168,778,524,74 084,222 360,211,216,682,386,5 100 154,14 337 968,130,131,mistral_table,mistral_table,no
853,RADIODIFUSÃO E TELEVISÃO,7,207,137,23 144,156 664,6,7,208,194,2 629 405,17 085 144,130,131,mistral_table,mistral_table,no
854,DEMAIS GÉNEROS,253,1 787,1 329,171 312,493 268,356,374,1 768,1 182,13 752 137,40 891 586,130,131,mistral_table,mistral_table,no
855,SANTO ANGELO,326,1 505,966,145 554,455 890,328,346,1 456,907,11 528 559,42 666 817,130,131,mistral_table,mistral_table,no
856,ALIMENTAÇÃO,110,333,132,14 638,86 898,118,120,365,158,1 359 157,7 610 647,130,131,mistral_table,mistral_table,no
857,"REPARAÇÃO, MANUTENÇÃO E INSTALAÇÃO",99,333,203,36 265,90 471,100,105,284,151,2 809 766,6 555 357,130,131,mistral_table,mistral_table,no
858,AUXILIARES DOS TRANSPORTES,8,61,47,7 481,67 621,8,9,70,58,936 223,6 599 561,130,131,mistral_table,mistral_table,no
859,DEMAIS GÉNEROS,109,778,584,87 170,210 900,100,112,739,560,6 421 413,19 901 264,130,131,mistral_table,mistral_table,no
860,SÃO LEOPOLDO,455,2 256,1 483,242 462,810 473,488,512,2 647,1 817,22 438 955,84 110 902,130,131,mistral_table,mistral_table,no
861,ALIMENTAÇÃO,163,565,298,41 225,212 517,164,171,639,354,3 727 230,22 627 847,130,131,mistral_table,mistral_table,no
862,"REPARAÇÃO, MANUTENÇÃO E INSTALAÇÃO",118,518,335,65 653,202 334,128,134,459,273,5 052 642,14 759 863,130,131,mistral_table,mistral_table,no
863,AUX. PRESTADOS A EMPRESAS E PESSOAS,52,405,320,51 441,149 984,52,55,573,463,4 934 550,12 299 717,130,131,mistral_table,mistral_table,no
864,DEMAIS GÉNEROS,122,768,530,84 332,245 588,144,152,976,727,6 724 533,34 423 475,130,131,mistral_table,mistral_table,no
865,URUGUAIANA,281,1 476,998,163 601,721 205,306,328,1 531,1 065,17 659 898,70 206 164,130,131,mistral_table,mistral_table,no
866,AUX. DA AGROPECUARIA E REFLORESTAMENTO,4,30,18,5 284,41 787,6,6,42,30,2 725 727,12 510 365,130,131,mistral_table,mistral_table,no
867,AUXILIARES DOS TRANSPORTES,14,106,87,13 280,61 336,17,23,167,144,2 208 650,10 499 660,130,131,mistral_table,mistral_table,no
868,AUX. PRESTADOS A EMPRESAS E PESSOAS,33,158,114,26 167,58 273,42,47,223,162,2 882 618,9 286 802,130,131,mistral_table,mistral_table,no
869,DEMAIS GÉNEROS,230,1 182,779,116 870,559 809,241,252,1 099,729,9 842 903,37 909 337,130,131,mistral_table,mistral_table,no
870,VIAMÃO,154,434,156,40 487,130 632,184,187,498,220,3 714 539,12 485 345,130,131,mistral_table,mistral_table,no
871,ALIMENTAÇÃO,52,140,31,7 764,50 058,65,66,151,52,884 864,5 185 087,130,131,mistral_table,mistral_table,no
872,"REPARAÇÃO, MANUTENÇÃO E INSTALAÇÃO",39,71,18,6 812,16 477,47,48,104,43,978 013,2 294 119,130,131,mistral_table,mistral_table,no
873,AUX. PRESTADOS A EMPRESAS E PESSOAS,25,111,67,12 225,22 507,22,22,84,54,681 179,1 108 978,130,131,mistral_table,mistral_table,no
874,DEMAIS GÉNEROS,38,112,40,12 998,41 590,50,51,159,71,1 170 483,3 897 161,130,131,mistral_table,mistral_table,no
875,AGUDO,52,165,58,11 115,46 835,50,50,129,44,640 181,2 171 734,130,131,mistral_table,mistral_table,no
876,AJURICABA,36,67,9,3 972,19 517,40,40,90,22,560 479,2 229 393,130,131,mistral_table,mistral_table,no
877,ALECRIM,56,84,7,3 249,23 458,18,19,40,6,226 667,775 249,130,131,mistral_table,mistral_table,no
878,ALEGRETE,202,806,507,64 452,221 561,209,222,713,416,6 452 591,26 248 561,130,131,mistral_table,mistral_table,no
879,ALPESTRE,20,36,3,1 670,7 788,32,33,81,24,289 219,2 286 679,130,131,mistral_table,mistral_table,no
880,ANTA GORDA,19,51,8,2 296,19 837,17,17,46,9,224 495,751 287,130,131,mistral_table,mistral_table,no
881,ANTONIO PRADO,60,136,40,12 134,34 543,51,51,150,57,805 022,2 926 107,130,131,mistral_table,mistral_table,no
882,ARATIBA,32,96,28,5 907,43 439,42,43,103,22,552 092,2 184 987,130,131,mistral_table,mistral_table,no
883,ARROIO DO MEIO,58,226,120,14 770,67 862,67,68,164,54,824 766,3 599 711,130,131,mistral_table,mistral_table,no
884,ARROIO DOS RATOS,32,72,17,4 924,17 204,33,33,93,17,498 614,1 959 203,130,131,mistral_table,mistral_table,no
885,ARROIO DO TIGRE,32,79,23,3 025,13 363,34,36,84,30,364 020,1 176 886,130,131,mistral_table,mistral_table,no
886,ARROIO GRANDE,71,173,68,13 473,46 851,93,95,255,123,1 743 388,5 975 196,130,131,mistral_table,mistral_table,no
887,ARVOREZINHA,32,81,23,4 611,18 016,35,36,94,31,386 174,1 830 031,130,131,mistral_table,mistral_table,no
888,AUGUSTO PESTANA,30,74,26,3 647,15 058,41,42,102,36,508 023,1 666 139,130,131,mistral_table,mistral_table,no
889,BARÃO DE COTEGIPE,22,44,4,1 762,8 239,15,15,28,1,91 420,738 783,132,133,mistral_table,mistral_table,no
890,BARRACÃO,7,15,5,788,3 082,22,22,47,16,147 156,650 154,132,133,mistral_table,mistral_table,no
891,BARRA DO RIBEIRO,28,79,30,4 219,22 517,26,27,659,612,5 972 981,10 529 056,132,133,mistral_table,mistral_table,no
892,BARROS CASSAL,13,28,6,1 247,6 600,19,19,33,10,134 423,761 222,132,133,mistral_table,mistral_table,no
893,BENTO GONÇALVES,332,1 066,519,119 693,434 838,397,413,1 475,765,11 710 857,49 535 197,132,133,mistral_table,mistral_table,no
894,BOA VISTA DO BURICA,15,42,13,2 305,8 502,30,30,72,21,227 837,1 240 996,132,133,mistral_table,mistral_table,no
895,BOM JESUS,52,139,58,9 739,36 281,56,55,170,75,734 512,2 755 675,132,133,mistral_table,mistral_table,no
896,BOM PRINCÍPIO,-,-,-,-,-,22,23,40,8,344 867,1 195 393,132,133,mistral_table,mistral_table,no
897,BOM RETIRO DO SUL,40,81,31,5 682,25 011,37,37,90,27,299 269,1 459 822,132,133,mistral_table,mistral_table,no
898,BOSSOROCA,20,48,16,2 962,13 679,20,20,44,14,277 888,2 251 738,132,133,mistral_table,mistral_table,no
899,BRAGA,14,29,8,1 708,8 404,16,16,26,6,349 950,725 938,132,133,mistral_table,mistral_table,no
900,BUTIA,63,159,55,10 041,42 129,57,59,151,64,599 910,4 431 832,132,133,mistral_table,mistral_table,no
901,CAÇAPAVA DO SUL,105,300,140,18 613,79 211,74,79,253,142,1 588 793,5 352 822,132,133,mistral_table,mistral_table,no
902,CACEQUI,64,140,41,11 728,39 422,65,65,162,51,744 018,2 905 939,132,133,mistral_table,mistral_table,no
903,CACHOEIRA DO SUL,327,1 289,729,102 023,359 172,287,299,1 276,793,9 713 941,32 625 491,132,133,mistral_table,mistral_table,no
904,CACHOEIRINHA,145,718,403,70 807,349 612,166,175,548,282,5 024 021,15 547 222,132,133,mistral_table,mistral_table,no
905,CACIQUE DOBLE,2,(A),(A),(X),(A),7,7,20,7,70 022,199 497,132,133,mistral_table,mistral_table,no
906,CAIBATE,14,36,13,2 460,7 718,17,17,48,21,473 089,1 324 668,132,133,mistral_table,mistral_table,no
907,CAIÇARA,9,19,1,882,2 600,15,15,33,7,154 737,579 077,132,133,mistral_table,mistral_table,no
908,CAMAQUA,183,552,250,54 406,209 139,217,222,600,284,5 284 161,34 444 751,132,133,mistral_table,mistral_table,no
909,CAMBARA DO SUL,23,41,5,1 743,8 984,41,41,87,29,575 276,1 910 856,132,133,mistral_table,mistral_table,no
910,CAMPINA DAS MISSÕES,11,27,4,1 775,6 041,21,21,56,19,444 050,1 010 444,132,133,mistral_table,mistral_table,no
911,CAMPINAS DO SUL,35,72,8,1 832,11 292,35,35,76,15,291 143,1 302 973,132,133,mistral_table,mistral_table,no
912,CAMPO BOM,92,324,188,45 261,199 480,133,143,823,561,23 947 261,65 235 101,132,133,mistral_table,mistral_table,no
913,CAMPO NOVO,17,42,4,1 860,9 568,25,26,68,15,331 546,1 315 834,132,133,mistral_table,mistral_table,no
914,CANDELARIA,93,278,130,21 097,82 394,73,74,180,70,1 077 305,4 245 971,132,133,mistral_table,mistral_table,no
915,CANDIDO GODOI,8,24,6,1 485,4 550,10,10,23,7,99 596,388 047,132,133,mistral_table,mistral_table,no
916,CANELA,136,786,495,71 165,336 662,98,102,639,459,5 676 670,23 499 435,132,133,mistral_table,mistral_table,no
917,CANGUÇU,68,250,99,19 940,95 644,53,56,205,119,1 180 211,4 831 961,132,133,mistral_table,mistral_table,no
918,CAPÃO DA CANDA,-,-,-,-,-,147,157,593,312,3 195 736,15 114 144,132,133,mistral_table,mistral_table,no
919,CAPÃO DO LEÃO,-,-,-,-,-,10,13,73,53,1 123 657,4 416 691,132,133,mistral_table,mistral_table,no
920,CARAZINHO,372,1 526,1 002,150 331,468 839,317,329,1 123,617,9 472 379,28 567 855,132,133,mistral_table,mistral_table,no
921,CARLOS BARBOSA,46,127,48,8 187,41 759,40,42,122,68,1 294 206,3 355 594,132,133,mistral_table,mistral_table,no
922,CASCA,49,129,41,8 591,30 711,56,56,124,33,912 877,2 639 312,132,133,mistral_table,mistral_table,no
923,CATUIPE,20,68,21,6 242,16 891,42,43,107,21,612 143,2 470 162,132,133,mistral_table,mistral_table,no
924,CERRO LARGO,94,287,140,24 806,106 850,68,68,217,105,1 702 533,6 868 877,132,133,mistral_table,mistral_table,no
925,CHAPADA,40,96,29,5 419,26 550,40,40,104,33,653 031,2 495 775,132,133,mistral_table,mistral_table,no
926,CHARQUEADAS,-,-,-,-,-,84,90,232,121,1 038 165,7 756 005,132,133,mistral_table,mistral_table,no
927,CHIAPETA,11,25,6,2 189,9 081,18,18,42,10,168 905,713 241,132,133,mistral_table,mistral_table,no
928,CIRIACO,40,84,3,3 314,12 651,18,18,29,3,81 491,912 213,132,133,mistral_table,mistral_table,no
929,COLORADO,19,56,19,4 037,19 184,20,21,43,12,121 775,611 961,132,133,mistral_table,mistral_table,no
930,CONDOR,9,31,5,1 261,7 381,21,21,68,25,285 976,1 345 504,132,133,mistral_table,mistral_table,no
931,CONSTANTINA,69,154,30,6 807,27 491,90,90,175,38,972 254,3 308 963,132,133,mistral_table,mistral_table,no
932,CORONEL BICACO,31,77,19,3 793,13 61,28,29,70,25,428 618,1 220 630,132,133,mistral_table,mistral_table,no
933,COTIPORA,-,-,-,-,-,11,11,22,6,81 647,390 480,132,133,mistral_table,mistral_table,no
934,CRISSIUMAL,58,137,53,10 325,32 90,39,39,99,37,655 289,2 465 840,132,133,mistral_table,mistral_table,no
935,CRUZ ALTA,827,869,620,83 643,387 40,300,315,1 279,723,11 979 983,45 630 173,132,133,mistral_table,mistral_table,no
936,CRUZEIRO DO SUL,17,63,32,5 456,14 636,26,28,66,18,422 948,1 274 103,134,135,mistral_table,mistral_table,no
937,DAVID CANABARRO,12,33,1,1 510,4 911,8,8,20,5,126 600,459 133,134,135,mistral_table,mistral_table,no
938,DOIS IRMÃOS,54,164,72,16 802,74 931,57,58,163,67,1 367 314,5 511 516,134,135,mistral_table,mistral_table,no
939,DOM FELICIANO,20,51,11,2 270,7 542,15,15,35,5,104 237,748 563,134,135,mistral_table,mistral_table,no
940,DOM PEDRITO,105,387,229,32 422,108 590,151,154,461,273,2 672 014,9 137 225,134,135,mistral_table,mistral_table,no
941,DONA FRANCISCA,7,17,3,1 219,2 924,7,7,13,4,51 270,159 878,134,135,mistral_table,mistral_table,no
942,ENCANTADO,93,362,177,23 416,111 078,118,119,444,247,1 733 833,15 863 969,134,135,mistral_table,mistral_table,no
943,ENCRUZILHADA DO SUL,63,156,74,15 888,42 117,62,63,173,85,957 411,3 211 690,134,135,mistral_table,mistral_table,no
944,ERECHIM,355,1 436,829,142 609,528 454,385,401,1 355,745,11 920 452,47 625 366,134,135,mistral_table,mistral_table,no
945,HERVAL,48,72,7,4 876,15 217,17,18,32,8,216 482,757 189,134,135,mistral_table,mistral_table,no
946,ERVAL GRANDE,21,49,5,957,7 296,25,25,52,4,116 865,614 861,134,135,mistral_table,mistral_table,no
947,ERVAL SECO,31,90,28,5 313,17 314,35,35,78,22,381 904,1 379 979,134,135,mistral_table,mistral_table,no
948,ESMERALDA,12,23,7,1 547,8 696,15,15,26,7,228 247,766 165,134,135,mistral_table,mistral_table,no
949,ESPUMOSO,77,184,63,13 067,51 676,55,56,134,48,776 532,3 260 728,134,135,mistral_table,mistral_table,no
950,ESTÂNCIA VELHA,51,598,513,63 066,181 493,99,99,977,839,9 260 116,30 815 463,134,135,mistral_table,mistral_table,no
951,ESTEIO,167,714,455,65 771,220 115,182,189,822,525,6 206 068,22 388 135,134,135,mistral_table,mistral_table,no
952,ESTRELA,147,611,344,61 504,240 502,133,143,543,270,4 610 298,19 200 507,134,135,mistral_table,mistral_table,no
953,FARROUPILHA,146,559,313,59 587,202 282,184,186,682,382,5 476 680,19 242 366,134,135,mistral_table,mistral_table,no
954,FAXINAL DO SOTURNO,50,127,42,8 460,33 627,35,35,80,34,530 530,2 123 513,134,135,mistral_table,mistral_table,no
955,FELIZ,55,127,54,10 136,40 899,51,54,129,51,754 199,3 475 736,134,135,mistral_table,mistral_table,no
956,FLORES DA CUNHA,59,164,70,13 665,50 693,80,81,164,43,949 633,3 995 734,134,135,mistral_table,mistral_table,no
957,FONTOURA XAVIER,21,78,22,2 464,16 879,31,31,96,17,297 169,2 141 267,134,135,mistral_table,mistral_table,no
958,FORNIQUEIRO,13,38,13,2 670,8 697,22,22,50,12,129 727,620 012,134,135,mistral_table,mistral_table,no
959,FORTALEZA DOS VALOS,-,-,-,-,-,10,10,21,-,120 739,442 227,134,135,mistral_table,mistral_table,no
960,FREDERICO WESTPHALEN,112,419,224,30 798,135 467,136,138,386,173,2 320 851,11 026 083,134,135,mistral_table,mistral_table,no
961,GARIBALDI,109,323,141,27 429,109 355,139,142,377,157,2 919 567,12 350 049,134,135,mistral_table,mistral_table,no
962,GAURAMA,26,50,12,2 455,10 155,44,44,96,24,397 993,1 821 451,134,135,mistral_table,mistral_table,no
963,GENERAL CAMARA,20,34,6,2 252,12 971,30,30,57,3,106 394,1 514 702,134,135,mistral_table,mistral_table,no
964,GETULIO VARGAS,115,256,91,18 770,66 853,83,86,217,83,1 142 295,6 617 236,134,135,mistral_table,mistral_table,no
965,GIRUA,75,214,101,17 271,62 787,81,82,230,84,1 719 314,7 712 306,134,135,mistral_table,mistral_table,no
966,GRAMADO,124,700,504,76 109,330 071,161,165,973,680,9 115 324,43 568 302,134,135,mistral_table,mistral_table,no
967,GUAIBA,193,672,375,75 052,320 142,241,246,1 538,1 149,10 028 040,27 969 063,134,135,mistral_table,mistral_table,no
968,GUAPORE,83,246,102,19 683,62 175,99,100,327,161,1 230 199,6 313 409,134,135,mistral_table,mistral_table,no
969,GUARANI DAS MISSÕES,30,76,29,6 532,26 580,36,36,81,16,520 002,1 978 363,134,135,mistral_table,mistral_table,no
970,HORIZONTINA,69,199,103,17 494,68 223,93,95,260,108,2 097 068,7 162 418,134,135,mistral_table,mistral_table,no
971,HUMAITA,29,73,17,2 928,14 864,24,24,54,15,312 185,1 277 623,134,135,mistral_table,mistral_table,no
972,IBIAÇA,13,29,5,2 707,8 612,11,11,19,4,65 931,286 490,134,135,mistral_table,mistral_table,no
973,IBIRAIARAS,15,54,21,2 472,9 637,24,24,50,12,251 593,822 911,134,135,mistral_table,mistral_table,no
974,IBIRUBA,81,251,124,25 077,73 450,106,111,297,138,2 173 407,7 831 624,134,135,mistral_table,mistral_table,no
975,IGREJINHA,48,154,63,12 376,56 969,77,79,206,75,2 070 192,7 784 989,134,135,mistral_table,mistral_table,no
976,IJUI,235,1 266,844,140 554,541 654,293,303,1 255,804,10 376 499,34 006 391,134,135,mistral_table,mistral_table,no
977,ILOPOLIS,17,30,1,1 051,5 951,10,10,21,2,79 425,255 425,134,135,mistral_table,mistral_table,no
978,INDEPENDÊNCIA,6,11,4,894,2 240,10,10,21,3,92 793,494 291,134,135,mistral_table,mistral_table,no
979,IRAI,63,194,100,13 511,55 586,49,53,175,90,826 083,3 894 520,134,135,mistral_table,mistral_table,no
980,ITAQUI,88,348,175,29 652,164 397,99,100,328,158,2 175 895,8 163 797,134,135,mistral_table,mistral_table,no
981,ITATIBA DO SUL,9,16,2,788,4 007,14,15,37,6,111 436,589 463,134,135,mistral_table,mistral_table,no
982,IVOTI,33,103,42,15 131,66 174,49,51,193,121,2 546 979,11 535 640,134,135,mistral_table,mistral_table,no
983,JACUTINGA,21,46,2,1 512,10 127,21,21,44,4,191 668,1 076 406,136,137,mistral_table,mistral_table,no
984,JAGUARÃO,104,310,153,33 928,126 013,100,103,319,187,2 249 635,12 459 614,136,137,mistral_table,mistral_table,no
985,JAGUARI,45,88,13,6 617,34 861,40,41,97,16,285 215,1 806 761,136,137,mistral_table,mistral_table,no
986,JOIA,-,-,-,-,-,25,26,56,7,222 215,1 172 649,136,137,mistral_table,mistral_table,no
987,JULIO DE CASTILHOS,78,245,117,19 621,76 775,119,124,294,128,2 522 667,10 186 168,136,137,mistral_table,mistral_table,no
988,LAGOA VERMELHA,125,428,205,35 518,146 138,121,124,396,189,2 602 767,8 791 408,136,137,mistral_table,mistral_table,no
989,LAJADO,263,1 032,558,97 184,322 138,288,302,1 065,571,9 909 793,30 365 121,136,137,mistral_table,mistral_table,no
990,LAVRAS DO SUL,18,45,12,2 744,9 920,26,26,58,24,219 785,1 262 643,136,137,mistral_table,mistral_table,no
991,LIBERATO SALZANO,26,48,9,2 321,14 102,19,19,46,19,227 290,992 417,136,137,mistral_table,mistral_table,no
992,MACHADINHO,10,22,2,1 138,6 048,33,33,82,43,274 033,1 261 334,136,137,mistral_table,mistral_table,no
993,MARAU,112,339,130,24 830,82 862,97,99,174,37,644 852,4 016 199,136,137,mistral_table,mistral_table,no
994,MARCELINO RAMOS,28,72,21,3 631,17 567,16,16,32,10,143 709,856 057,136,137,mistral_table,mistral_table,no
995,MARIANO MORO,11,24,-,444,4 234,10,10,31,3,116 140,714 190,136,137,mistral_table,mistral_table,no
996,MATA,12,22,-,1 016,4 059,18,18,44,3,232 501,686 410,136,137,mistral_table,mistral_table,no
997,MAXIMILIANO DE ALMEIDA,18,37,2,2 332,7 774,50,50,115,43,776 900,2 805 327,136,137,mistral_table,mistral_table,no
998,MIRAGUAI,10,25,7,1 626,5 319,5,5,8,-,53 685,133 416,136,137,mistral_table,mistral_table,no
999,MONTENEGRO,204,767,462,83 554,255 554,173,176,556,297,3 255 322,13 204 134,136,137,mistral_table,mistral_table,no
1000,MOSTARDAS,29,83,21,5 424,23 636,38,39,123,71,1 454 948,2 926 806,136,137,mistral_table,mistral_table,no
1001,MUÇUM,27,53,7,1 825,10 108,33,33,67,8,316 580,2 196 279,136,137,mistral_table,mistral_table,no
1002,NÃO-ME-TOQUE,55,175,84,14 230,55 718,55,55,142,58,1 077 098,3 822 896,136,137,mistral_table,mistral_table,no
1003,NONOAI,58,134,41,8 336,29 878,56,57,123,29,393 323,2 796 892,136,137,mistral_table,mistral_table,no
1004,NOVA ARAÇA,9,22,3,690,4 326,10,10,13,2,44 857,505 264,136,137,mistral_table,mistral_table,no
1005,NOVA BASSANO,26,42,11,3 496,12 892,22,22,35,8,125 807,773 927,136,137,mistral_table,mistral_table,no
1006,NOVA BRESCIA,10,33,6,1 101,6 128,18,18,37,6,161 934,982 391,136,137,mistral_table,mistral_table,no
1007,NOVA PALMA,9,17,5,965,3 669,13,14,33,8,176 143,846 027,136,137,mistral_table,mistral_table,no
1008,NOVA PETROPOLIS,46,136,56,11 594,47 228,49,50,149,56,870 700,3 948 252,136,137,mistral_table,mistral_table,no
1009,NOVA PRATA,112,305,141,23 631,78 937,105,108,249,106,1 565 835,6 075 149,136,137,mistral_table,mistral_table,no
1010,OSORIO,304,1 065,580,80 170,386 551,132,141,561,360,3 955 700,13 817 946,136,137,mistral_table,mistral_table,no
1011,PAIM FILHO,18,42,3,1 301,7 664,17,17,37,-,81 190,678 344,136,137,mistral_table,mistral_table,no
1012,PALMARES DO SUL,-,-,-,-,-,35,35,78,28,546 352,4 888 286,136,137,mistral_table,mistral_table,no
1013,PALMEIRA DAS MISSÕES,158,543,290,46 046,175 930,230,236,645,344,5 235 692,15 778 713,136,137,mistral_table,mistral_table,no
1014,PALMITINHO,13,30,7,1 387,6 622,25,25,47,4,110 441,707 854,136,137,mistral_table,mistral_table,no
1015,PANAMBI,89,337,206,31 754,111 273,100,102,369,202,2 714 745,12 230 021,136,137,mistral_table,mistral_table,no
1016,PARAI,13,24,5,1 139,3 758,18,19,37,12,173 333,779 711,136,137,mistral_table,mistral_table,no
1017,PAROBE,-,-,-,-,-,20,21,69,33,374 675,1 935 165,136,137,mistral_table,mistral_table,no
1018,PEDRO OSORIO,51,114,28,7 291,29 409,46,46,97,38,479 777,1 776 863,136,137,mistral_table,mistral_table,no
1019,PEJUÇARA,7,20,6,1 071,22 895,12,12,33,11,136 677,560 639,136,137,mistral_table,mistral_table,no
1020,PINHEIRO MACHADO,22,80,39,7 490,23 464,70,71,174,96,718 943,2 721 861,136,137,mistral_table,mistral_table,no
1021,PIRATINI,25,62,30,3 385,13 798,28,28,70,29,304 330,1 344 845,136,137,mistral_table,mistral_table,no
1022,PLANALTO,51,119,38,7 059,35 062,56,56,150,43,807 430,5 652 997,136,137,mistral_table,mistral_table,no
1023,PORTÃO,40,106,52,8 479,31 137,36,36,94,38,730 603,3 261 783,136,137,mistral_table,mistral_table,no
1024,PORTO LUCENA,28,79,27,4 542,20 205,40,40,121,59,777 464,2 740 549,136,137,mistral_table,mistral_table,no
1025,PORTO XAVIER,25,74,33,8 669,39 947,42,42,84,33,421 210,2 023 197,136,137,mistral_table,mistral_table,no
1026,PUTINGA,11,30,6,1 824,4 792,11,11,31,6,71 482,409 257,136,137,mistral_table,mistral_table,no
1027,QUARAI,62,195,93,14 752,52 271,46,47,117,62,572 539,2 074 095,136,137,mistral_table,mistral_table,no
1028,REDENTORA,20,48,9,1 794,8 438,22,23,39,13,261 247,837 867,136,137,mistral_table,mistral_table,no
1029,RESTINGA SECA,57,122,27,5 941,27 675,48,49,141,66,750 253,14 669 816,136,137,mistral_table,mistral_table,no
1030,RIO PARDO,177,534,293,48 632,171 834,176,180,530,270,4 091 828,12 822 822,138,139,mistral_table,mistral_table,no
1031,ROCA SALES,32,75,20,5 593,16 688,31,31,114,63,2 888 704,5 957 950,138,139,mistral_table,mistral_table,no
1032,RODEIO BONITO,45,84,20,4 508,24 326,37,37,82,24,323 194,1 969 052,138,139,mistral_table,mistral_table,no
1033,ROLANTE,50,126,47,5 967,22 481,28,31,92,41,584 401,1 969 162,138,139,mistral_table,mistral_table,no
1034,RONDA ALTA,60,131,28,5 924,37 774,71,73,207,79,2 235 508,7 884 318,138,139,mistral_table,mistral_table,no
1035,RONDINHA,31,64,8,2 297,16 206,20,20,48,11,203 568,767 397,138,139,mistral_table,mistral_table,no
1036,ROQUE GONZALES,25,54,20,4 189,14 049,23,24,55,21,381 389,1 660 393,138,139,mistral_table,mistral_table,no
1037,ROSARIO DO SUL,120,356,182,32 902,115 799,93,96,326,188,2 209 222,9 115 089,138,139,mistral_table,mistral_table,no
1038,SALTO DO JACUI,-,-,-,-,-,35,36,80,20,601 082,2 034 571,138,139,mistral_table,mistral_table,no
1039,SALVADOR DO SUL,18,41,18,3 315,11 532,26,26,48,6,427 351,1 456 057,138,139,mistral_table,mistral_table,no
1040,SANANDUVA,30,69,27,5 859,22 514,39,39,111,52,564 782,3 226 765,138,139,mistral_table,mistral_table,no
1041,SANTA BARBARA DO SUL,56,169,65,15 226,53 125,59,61,203,124,2 193 818,6 344 388,138,139,mistral_table,mistral_table,no
1042,SANTANA DA BOA VISTA,7,14,2,392,2 970,12,12,24,7,212 420,703 840,138,139,mistral_table,mistral_table,no
1043,SANTANA DO LIVRAMENTO,187,1 152,837,110 592,410 263,235,250,1 095,740,9 843 526,28 960 518,138,139,mistral_table,mistral_table,no
1044,SANTA ROSA,199,1 004,707,96 771,338 375,142,150,697,441,5 399 952,18 772 463,138,139,mistral_table,mistral_table,no
1045,SANTA VITORIA DO PALMAR,127,376,181,29 313,99 487,131,135,382,201,2 921 365,10 028 818,138,139,mistral_table,mistral_table,no
1046,SANTIAGO,146,437,203,34 565,156 005,154,158,515,259,2 772 784,11 852 417,138,139,mistral_table,mistral_table,no
1047,SANTO ANTONIO DA PATRULHA,102,287,137,28 540,87 884,100,103,262,123,1 800 215,8 888 635,138,139,mistral_table,mistral_table,no
1048,SANTO ANTONIO DAS MISSÕES,37,85,22,6 738,17 822,32,33,91,43,590 988,1 774 792,138,139,mistral_table,mistral_table,no
1049,SANTO AUGUSTO,52,174,78,16 221,72 282,48,48,149,61,910 960,3 154 436,138,139,mistral_table,mistral_table,no
1050,SANTO CRISTO,48,128,50,8 945,44 169,43,44,127,65,986 431,2 201 050,138,139,mistral_table,mistral_table,no
1051,SÃO BORJA,157,772,536,69 684,232 271,204,216,709,432,6 018 537,28 404 715,138,139,mistral_table,mistral_table,no
1052,SÃO FRANCISCO DE ASSIS,52,96,29,4 876,22 206,75,77,173,61,967 094,4 931 807,138,139,mistral_table,mistral_table,no
1053,SÃO FRANCISCO DE PAULA,85,241,107,16 296,60 186,54,58,292,110,2 089 541,8 797 733,138,139,mistral_table,mistral_table,no
1054,SÃO GABRIEL,162,524,294,45 115,171 778,273,283,846,470,6 197 536,20 641 513,138,139,mistral_table,mistral_table,no
1055,SÃO JERONIMO,169,465,212,28 641,150 586,78,80,181,71,896 560,4 896 956,138,139,mistral_table,mistral_table,no
1056,SÃO JOSE DO NORTE,43,110,51,6 413,29 745,81,82,206,96,1 268 578,4 359 544,138,139,mistral_table,mistral_table,no
1057,SÃO JOSE DO OURO,29,49,5,2 450,15 463,41,41,71,6,182 847,1 274 846,138,139,mistral_table,mistral_table,no
1058,SÃO LOURENÇO DO SUL,86,340,189,24 375,119 999,92,95,291,145,1 923 977,7 413 636,138,139,mistral_table,mistral_table,no
1059,SÃO LUIZ GONZAGA,164,522,300,47 201,161 304,131,134,448,284,3 677 947,16 005 778,138,139,mistral_table,mistral_table,no
1060,SÃO MARCOS,68,242,125,24 673,133 355,74,75,389,189,3 134 235,15 569 328,138,139,mistral_table,mistral_table,no
1061,SÃO MARTINHO,20,62,21,2 938,13 714,23,23,40,6,244 711,1 130 270,138,139,mistral_table,mistral_table,no
1062,SÃO NICOLAU,15,37,16,2 374,8 842,30,30,75,29,191 854,846 854,138,139,mistral_table,mistral_table,no
1063,SÃO PAULO DAS MISSÕES,19,45,10,3 200,11 969,22,22,47,9,219 043,1 014 543,138,139,mistral_table,mistral_table,no
1064,SÃO PEDRO DO SUL,69,168,59,10 106,32 487,60,60,128,47,1 036 630,2 884 940,138,139,mistral_table,mistral_table,no
1065,SÃO SEBASTIÃO DO CAI,91,317,173,32 200,84 209,89,93,251,109,1 738 752,7 490 187,138,139,mistral_table,mistral_table,no
1066,SÃO SEPE,74,261,126,18 201,61 694,115,116,380,212,2 588 306,8 361 452,138,139,mistral_table,mistral_table,no
1067,SÃO VALENTIM,43,111,23,5 789,25 054,41,41,86,14,198 764,1 857 708,138,139,mistral_table,mistral_table,no
1068,SÃO VICENTE DO SUL,20,40,7,2 074,11 031,14,14,30,10,61 512,635 381,138,139,mistral_table,mistral_table,no
1069,SAPIRANGA,80,335,208,35 490,119 028,119,122,361,167,2 733 524,11 390 833,138,139,mistral_table,mistral_table,no
1070,SAPUCAIA DO SUL,182,959,645,84 956,292 306,171,184,866,541,7 239 946,20 414 472,138,139,mistral_table,mistral_table,no
1071,SARANDI,118,363,164,25 486,99 296,129,131,336,156,2 823 349,9 849 889,138,139,mistral_table,mistral_table,no
1072,SEBERI,34,79,11,3 908,17 019,46,46,138,45,1 357 288,2 869 638,138,139,mistral_table,mistral_table,no
1073,SELBACH,16,33,9,1 916,10 014,21,21,45,18,395 107,1 347 201,138,139,mistral_table,mistral_table,no
1074,SERAFINA CORREA,39,176,84,13 246,42 507,44,44,102,23,642 068,2 288 245,138,139,mistral_table,mistral_table,no
1075,SERTAO,26,49,7,2 172,7 566,19,19,47,11,240 995,790 373,138,139,mistral_table,mistral_table,no
1076,SEVERIANO DE ALMEIDA,10,20,3,619,3 936,16,16,39,8,92 766,487 452,138,139,mistral_table,mistral_table,no
1077,SOBRADINHO,73,244,90,18 412,71 161,80,81,236,94,1 110 591,4 896 836,140,141,mistral_table,mistral_table,no
1078,SOLEDADE,113,407,205,35 061,133 508,124,126,368,171,2 270 216,10 404 196,140,141,mistral_table,mistral_table,no
1079,TAPEJARA,66,194,60,11 474,76 545,65,66,176,71,906 021,4 060 071,140,141,mistral_table,mistral_table,no
1080,TAPERA,65,167,70,12 688,50 465,67,70,172,78,921 359,4 205 582,140,141,mistral_table,mistral_table,no
1081,TAPES,83,229,81,15 785,63 648,63,64,203,110,1 235 239,6 255 845,140,141,mistral_table,mistral_table,no
1082,TAQUARA,178,614,363,70 585,241 079,125,130,404,214,3 800 063,22 518 433,140,141,mistral_table,mistral_table,no
1083,TAQUARI,89,243,98,20 931,79 068,67,68,180,94,885 757,5 108 546,140,141,mistral_table,mistral_table,no
1084,TAVARES,-,-,-,-,-,21,21,54,21,349 665,1 400 949,140,141,mistral_table,mistral_table,no
1085,TENENTE PORTELA,65,164,61,9 256,37 976,74,75,167,45,991 366,4 118 666,140,141,mistral_table,mistral_table,no
1086,TEUTONIA,-,-,-,-,-,63,66,151,21,440 872,3 054 006,140,141,mistral_table,mistral_table,no
1087,TORRES,205,849,464,64 914,354 474,236,248,1 158,728,5 710 798,28 406 166,140,141,mistral_table,mistral_table,no
1088,TRAMANDAI,202,785,389,49 573,222 641,163,166,681,391,3 576 980,18 321 574,140,141,mistral_table,mistral_table,no
1089,TRES CORGAS,21,76,32,10 291,40 970,41,41,85,26,913 662,4 101 163,140,141,mistral_table,mistral_table,no
1090,TRES DE MAIO,85,336,208,31 850,114 245,93,94,311,174,2 624 579,7 000 342,140,141,mistral_table,mistral_table,no
1091,TRES PASSOS,120,426,233,35 325,132 024,137,143,477,277,3 315 939,10 589 360,140,141,mistral_table,mistral_table,no
1092,TRIUNFO,38,230,178,11 370,49 270,79,87,474,364,3 623 617,17 525 182,140,141,mistral_table,mistral_table,no
1093,TUCUNDUVA,52,135,52,13 379,37 561,28,28,72,25,358 965,7 347 113,140,141,mistral_table,mistral_table,no
1094,TUPANCIRETÁ,75,193,67,13 645,47 154,87,88,207,73,1 445 440,5 141 424,140,141,mistral_table,mistral_table,no
1095,TUPARENDI,69,183,55,11 960,56 938,41,41,93,26,392 566,1 533 917,140,141,mistral_table,mistral_table,no
1096,VACARIA,266,969,555,88 583,306 475,218,225,942,576,6 294 963,24 274 721,140,141,mistral_table,mistral_table,no
1097,VENANCIO AIRES,144,422,199,37 514,111 250,182,188,540,260,3 410 663,12 439 597,140,141,mistral_table,mistral_table,no
1098,VERA CRUZ,26,60,26,4 878,18 598,31,32,68,30,617 344,1 975 962,140,141,mistral_table,mistral_table,no
1099,VERANOPOLIS,113,320,147,25 883,96 185,94,94,205,89,1 089 840,7 339 632,140,141,mistral_table,mistral_table,no
1100,VIADUTOS,12,22,-,1 094,9 886,29,31,61,18,272 205,1 079 566,140,141,mistral_table,mistral_table,no
1101,VICENTE DUTRA,7,16,1,423,4 638,11,11,24,2,50 829,506 355,140,141,mistral_table,mistral_table,no
1102,VICTOR GRAEFF,13,25,8,1 782,8 099,21,21,44,12,203 915,893 909,140,141,mistral_table,mistral_table,no
