order_number,entry,establishments_1980,personnel_total_1980,personnel_linked_to_commercialization_1980,salaries_withdrawals_other_compensation_1980_mil_cruzeiros,total_revenue_1980_mil_cruzeiros,commercialization_revenue_1980_mil_cruzeiros,companies_headquartered_in_municipality_1985,establishments_1985,personnel_total_1985,personnel_linked_to_commercialization_1985,salaries_withdrawals_other_compensation_1985_mil_cruzeiros,total_revenue_1985_mil_cruzeiros,commercialization_revenue_1985_mil_cruzeiros,source_page_1980,source_page_1985,left_extraction_method,right_extraction_method,needs_review
1,BRASIL,616 051,2 899 808,1 400 683,336 374 405,7 365 875 544,7 306 849 325,,,,,,,,28,29,mistral_table,mistral_table_partial,yes
2,COMERCIO VAREJISTA,570 733,2 360 085,1 197 161,225 839 906,4 244 112 493,4 207 100 387,614 417,674 695,3 086 751,1 816 009,24 661 377 999,410 537 264 992,404 636 174 646,28,29,mistral_table,pdf_text_layout,no
3,"PROD. ALIMENTICIOS, BEBIDAS E FUMO",252 715,532 138,111 940,33 108 009,464 150 946,461 855 505,267 147,275 593,682 211,239 013,4 080 326 516,47 532 391 296,47 000 822 749,28,29,mistral_table,pdf_text_layout,no
4,"PROD. FARMACÊUTICOS, ODONY, E VETER",31 605,139 248,78 452,13 629 895,219 239 442,216 902 722,39 237,43 929,185 901,111 037,1 430 034 520,19 484 241 626,19 312 732 791,28,29,mistral_table,pdf_text_layout,no
5,"TECIDOS, VESTUÁRIO E ARMARINHO",107 052,439 864,246 740,37 512 955,431 527 595,430 281 066,116 665,129 228,564 120,346 304,4 080 643 942,42 730 422 848,42 535 874 151,28,29,mistral_table,pdf_text_layout,no
6,MAG. E APARÉLHOS ELETR. USO DOMEST,25 623,172 449,98 967,20 654 338,355 149 005,352 597 265,20 649,28 830,194 214,128 605,1 856 478 288,25 833 697 268,25 536 451 505,28,29,mistral_table,pdf_text_layout,no
7,"FERRADES, MAT. ELETR. E ELECTRONICO",36 436,207 627,104 491,22 677 834,410 433 115,406 586 622,43 178,48 166,268 817,162 430,2 266 597 977,34 962 394 419,34 398 228 463,28,29,mistral_table,pdf_text_layout,no
8,"VEÍCULOS NOVOS E USADOS, PEÇAS",24 715,156 591,77 074,22 040 932,588 486 152,580 702 092,35 549,38 900,268 989,149 985,3 108 809 979,67 056 719 206,64 931 176 434,28,29,mistral_table,pdf_text_layout,no
9,MAG. E EQUIP. DE USO INDUSTRIAL,6 610,59 407,28 866,12 301 580,210 153 837,204 315 389,8 024,9 451,73 809,42 154,972 224 702,18 056 952 491,17 352 617 277,28,29,mistral_table,pdf_text_layout,no
10,COMBUSTÍVEIS E LUBRIFICANTES,15 525,138 074,85 796,14 015 878,597 953 680,593 316 849,18 924,21 751,169 831,123 702,1 584 854 916,55 291 759 306,54 752 939 342,28,29,mistral_table,pdf_text_layout,no
11,"PAPELARIAS, LIVRARIAS",14 100,55 223,30 258,6 101 862,55 563 737,55 116 736,,,,,,,,28,29,mistral_table,mistral_table_partial,yes
12,MERC. EM GERAL - INC. ALIMENTÍCIOS,15 395,278 123,229 600,24 208 763,659 175 478,657 495 118,,,,,,,,28,29,mistral_table,mistral_table_partial,yes
13,MERC. EM GERAL - EXC. ALIMENTÍCIOS,3 108,60 236,44 150,7 994 169,125 266 152,124 245 663,1 324,2 406,88 175,73 081,765 920 106,12 599 866 941,12 483 942 060,28,29,mistral_table,pdf_text_layout,no
14,ARTIGOS DIVERSOS,30 520,112 138,57 547,10 866 074,118 913 960,115 676 364,36 517,40 835,148 797,80 506,1 102 026 041,10 059 648 245,9 743 203 343,28,29,mistral_table,pdf_text_layout,no
15,ARTIGOS USADOS,3 028,8 766,3 280,727 619,8 099 394,8 024 996,5 096,5 180,14 907,6 703,96 053 137,791 236 553,782 848 192,28,29,mistral_table,pdf_text_layout,no
16,COMERCIO ATACADISTA,39 099,387 621,196 356,64 412 327,3 121 763 051,3 099 748 938,,,,,,,,28,29,mistral_table,mistral_table_partial,yes
17,PRODUTOS EXTRATIVOS E AGROPECUARIOS,3 842,34 792,16 818,4 778 279,323 613 418,318 855 006,4 938,5 997,51 713,30 569 651,148 228,35 259 849 709,34 593 979 646,28,29,mistral_table,pdf_text_layout,no
18,"PROD. ALIMENTÍCIOS, BEBIDAS E FUMO",17 752,143 558,72 758,19 246 146,503 344 852,898 483 387,,,,,,,,28,29,mistral_table,pdf_text_tokens_partial,yes
19,"PROD. FARMACÊUTICOS, ODONY, E VETER",2 318,31 651,15 895,6 389 971,181 570 324,179 500 911,2 419,3 010,46 406,30 396 737,679 266,19 878 685 504,1 9 480 513 125,28,29,mistral_table,pdf_text_layout,no
20,"TECIDOS, VESTUÁRIO E ARMARINHO",2 773,24 570,13 861,3 663 486,101 358 892,100 735 448,3 328,3 774,35 900,24 006 400,811 788,12 520 900 921,12 236 425 785,28,29,mistral_table,pdf_text_layout,no
21,MAG. E APARÉLHOS ELETR. USO DOMEST,542,6 123,2 611,907 318,39 413 396,39 289 984,476,575,7 593,4 321 119,200 360,4 712 316 731,4 653 703 163,28,29,mistral_table,pdf_text_layout,no
22,"FERRADES, MAT. ELETR. E ELECTRONICO",4 009,48 669,22 348,9 730 213,247 183 117,245 140 841,832,599,57 954,33 775 917,174 930,22 245 507 770,21 907 292 390,28,29,mistral_table,pdf_text_layout,no
23,"VEÍCULOS NOVOS E USADOS, PEÇAS",1 044,14 392,7 325,705 582,11 813 910,11 813 910,987,232,21 392,13 122 357,346 031,10 750 924 494,10 515 439 467,28,29,mistral_table,pdf_text_layout,no
24,MAG. E EQUIP. DE USO INDUSTRIAL,1 053,14 381,6 245,4 420 849,79 422 721,76 426 937,1 071,453,19 776,11 070 429,702 133,7 325 180 076,7 035 767 883,28,29,mistral_table,pdf_text_layout,no
25,COMBUSTÍVEIS E LUBRIFICANTES,875,11 276,6 741,3 192 849,620 082 217,919 182 586,357,029,13 925,10 331 379,333 022,89 654 998 445,89 302 022 383,28,29,mistral_table,pdf_text_layout,no
26,"PAPELARIAS, LIVRARIAS",1 106,12 105,6 311,2 243 546,50 461 127,50 021 570,984,275,17 145,9 930 274,427 267,6 583 310 848,6 421 636 872,28,29,mistral_table,pdf_text_layout,no
27,MERC. EM GERAL - INC. ALIMENTÍCIOS,443,17 691,11 843,2 714 247,108 634 976,106 878 263,217,397,1 5 325,9 786 342,570 115,16 582 624 028,1 6 306 264 768,28,29,mistral_table,pdf_text_layout,no
28,MERC. EM GERAL - EXC. ALIMENTÍCIOS,180,2 601,1 287,383 461,11 608 452,11 540 154,128 203,3 733,2 515,68,603 355,2 081 318 640,2 009 237 618,28,29,mistral_table,pdf_text_layout,no
29,ARTIGOS DIVERSOS,1 453,12 129,6 007,2 176 734,38 895 791,38 388 303,775,999,17 887,10 809 237,299 015,4 669 911 907,4 543 314 287,28,29,mistral_table,pdf_text_layout,no
30,ARTIGOS USADOS,1 789,13 193,6 106,1 459 636,31 683 358,31 404 901,789,883,14 185,8 314 133,598 075,2 948 220 528,2 921 553 141,28,29,mistral_table,pdf_text_layout,no
31,REGIÃO NORTE,27 028,106 459,44 951,10 927 072,223 086 460,221 918 727,33 471,36 353,155 316,87 726,1 598 759 775,25 511 367 332,25 239 222 868,28,29,mistral_table,mistral_table,no
32,COMERCIO VAREJISTA,25 513,91 403,38 692,8 563 054,134 846 469,133 930 541,32 094,34 530,138 124,77 635,1 353 423 198,16 512 940 290,16 304 398 401,28,29,mistral_table,mistral_table,no
33,"PROD. ALIMENTÍCIOS, BEBIDAS E FUMO",14 812,31 330,5 445,2 332 708,21 892 978,21 588 086,18 278,18 737,47 917,16 208,473 211 576,3 156 448 519,3 125 146 754,28,29,mistral_table,mistral_table,no
34,"PROD. FARMACÊUTICOS, ODONY, E VETER",268,4 880,2 279,486 299,6 593 732,5 523 337,2 200,2 353,7 707,3 911,75 981 235,610 050 019,607 995 324,28,29,mistral_table,mistral_table,no
35,"TECIDOS, VESTUÁRIO E ARMARINHO",3 923,16 762,9 110,1 405 809,15 082 301,15 031 651,4 960,5 375,23 435,14 854,214 140 370,1 914 569 565,1 910 496 954,28,29,mistral_table,mistral_table,no
36,MAG. E APARÉLHOS ELETR. USO DOMEST,694,7 769,54 546,872 641,11 187 519,11 136 606,620,976,10 003,7 100,96 797 447,1 644 813 876,1 634 882 919,28,29,mistral_table,mistral_table,no
37,"FERRADES, MAT. ELETR. E ELECTRONICO",1 113,6 300,3 000,699 427,11 887 735,11 812 372,1 605,1 807,9 591,5 885,98 023 763,1 276 958 417,1 262 269 338,28,29,mistral_table,mistral_table,no
38,"VEÍCULOS NOVOS E USADOS, PEÇAS",689,4 330,2 008,568 999,13 314 117,13 195 596,1 200,1 334,9 365,5 572,115 044 724,2 131 904 302,2 058 766 604,28,29,mistral_table,mistral_table,no
39,MAG. E EQUIP. DE USO INDUSTRIAL,232,2 463,1 111,509 311,8 658 758,8 445 785,330,401,3 202,2 012,46 960 518,926 449 193,886 193 713,28,29,mistral_table,mistral_table,no
40,COMBUSTÍVEIS E LUBRIFICANTES,502,3 236,1 734,331 184,16 323 096,16 204 877,613,779,5 035,3 611,50 793 780,1 965 026 115,1 953 679 671,28,29,mistral_table,pdf_text_layout,no
41,"PAPELARIAS, LIVRARIAS",323,1 466,842,148 832,1 319 876,1 313 002,423,466,2 110,1 376,19 893 295,156 194 329,154 695 049,28,29,mistral_table,mistral_table,no
42,MERC. EM GERAL - INC. ALIMENTÍCIOS,857,99 487,5 725,715 174,16 513 784,16 435 845,700,974,11 620,9 320,99 743 572,1 964 467 954,1 951 551 681,28,29,mistral_table,mistral_table,no
43,MERC. EM GERAL - EXC. ALIMENTÍCIOS,139,796,1 267,193 042,3 747 674,3 746 112,80,103,3 287,2 998,19 384 098,377 296 097,377 048 851,28,29,mistral_table,mistral_table,no
44,ARTIGOS DIVERSOS,740,3 036,1 598,295 804,3 517 640,3 490 013,998,1 135,4 530,2 621,40 680 342,374 601 963,367 716 736,28,29,mistral_table,mistral_table,no
45,ARTIGOS USADOS,21,46,27,3 824,27 359,27 359,87,90,322,163,2 768 476,14 159 941,13 954 807,28,29,mistral_table,mistral_table,no
46,COMERCIO ATACADISTA,1 327,10 921,6 158,1 464 857,88 239 991,87 988 086,1 377,1 697,14 671,10 052,204 881 015,8 998 329 833,934 824 467,28,29,mistral_table,pdf_text_layout,no
47,PRODUTOS EXTRATIVOS E AGROPECUARIOS,232,1 321,726,184 969,11 780 604,11 760 568,406,463,2 480,1 363,36 072 134,1 109 149 683,095 402 102,28,29,mistral_table,pdf_text_layout,no
48,"PROD. ALIMENTÍCIOS, BEBIDAS E FUMO",608,4 445,2 399,528 568,18 691 264,18 632 152,585,699,6 302,4 655,77 824 920,2 059 303 420,047 435 845,28,29,mistral_table,pdf_text_layout,no
49,"PROD. FARMACÊUTICOS, ODONY, E VETER",79,799,366,110 887,2 611 011,2 606 588,84,100,1 311,915,21 403 661,400 251 721,396 031 150,28,29,mistral_table,pdf_text_layout,no
50,"TECIDOS, VESTUÁRIO E ARMARINHO",51,446,303,53 024,1 105 309,1 102 533,45,53,548,406,5 617 544,107 129 777,107 117 090,28,29,mistral_table,pdf_text_layout,no
51,MAG. E APARÉLHOS ELETR. USO DOMEST,34,497,257,60 690,2 279 965,2 270 406,20,22,214,126,6 555 623,112 592 991,103 540 203,28,29,mistral_table,pdf_text_layout,no
52,"FERRADES, MAT. ELETR. E ELECTRONICO",116,1 185,667,142 607,4 629 636,4 619 421,75,103,1 246,872,14 849 923,424 329 171,410 484 668,28,29,mistral_table,pdf_text_layout,no
53,"VEÍCULOS NOVOS E USADOS, PEÇAS",15,204,156,38 261,1 947 299,1 943 930,16,19,242,199,2 672 041,84 052 731,82 162 279,28,29,mistral_table,pdf_text_layout,no
54,MAG. E EQUIP. DE USO INDUSTRIAL,15,268,155,62 303,1 892 794,1 874 163,34,42,480,292,8 011 174,123 051 535,119 328 919,28,29,mistral_table,pdf_text_layout,no
55,COMBUSTÍVEIS E LUBRIFICANTES,67,460,398,96 882,16 986 480,39 977 877,15,67,415,354,13 256 765,4 239 866 123,4 236 643 682,28,29,mistral_table,pdf_text_layout,no
56,"PAPELARIAS, LIVRARIAS",27,254,129,38 543,905 664,903 847,16,31,266,171,4 484 542,102 757 184,102 089 307,28,29,mistral_table,pdf_text_layout,no
57,MERC. EM GERAL - INC. ALIMENTÍCIOS,28,673,488,85 011,2 154 779,2 045 051,31,42,607,313,7 658 769,139 096 565,138 496 302,28,29,mistral_table,pdf_text_layout,no
58,MERC. EM GERAL - EXC. ALIMENTÍCIOS,7,105,56,17 868,295 397,295 217,5,7,62,51,780 148,17 251 642,17 053 545,28,29,mistral_table,pdf_text_layout,no
59,ARTIGOS DIVERSOS,31,183,79,37 204,694 208,691 242,29,30,234,113,3 545 878,51 853 066,51 681 562,28,29,mistral_table,pdf_text_layout,no
60,ARTIGOS USADOS,17,81,39,8 040,265 591,265 091,16,19,264,222,2 147 893,27 644 22.4,27 357 813,28,29,mistral_table,pdf_text_layout,no
61,RONDONIA,2 439,8 577,3 276,818 112,19 763 142,19 692 283,4 118,4 512,20 136,11 925,209 985 959,3 849 660 480,3 793 719 643,28,29,mistral_table,mistral_table,no
62,COMERCIO VAREJISTA,2 263,7 631,2 899,687 404,12 079 526,12 018 855,3 889,4 220,18 251,10 688,183 084 667,2 369 402 453,2 314 775 276,28,29,mistral_table,mistral_table,no
63,"PROD. ALIMENTÍCIOS, BEBIDAS E FUMO",1 081,2 319,413,154 960,1 839 950,1 832 545,1 764,1 800,5 032,2 024,45 042 992,317 795 659,314 917 483,28,29,mistral_table,mistral_table,no
64,"PROD. FARMACÊUTICOS, ODONY, E VETER",139,440,179,42 584,642 764,638 933,325,344,1 168,592,11 399 198,89 604 654,89 108 096,28,29,mistral_table,mistral_table,no
65,"TECIDOS, VESTUÁRIO E ARMARINHO",417,1 584,786,210 849,1 468 120,1 467 511,706,761,3 370,2 106,28 904 114,255 542 879,255 076 363,28,29,mistral_table,mistral_table,no
66,MAG. E APARÉLHOS ELETR. USO DOMEST,102,6 645,332,73 820,1 281 318,1 275 243,125,173,1 397,1 024,14 995 996,178 129 717,177 273 419,28,29,mistral_table,mistral_table,no
67,"FERRADES, MAT. ELETR. E ELECTRONICO",94,452,227,46 724,1 797 786,1 790 961,294,291,1 364,793,15 511 042,234 578 766,231 112 969,28,29,mistral_table,mistral_table,no
68,"VEÍCULOS NOVOS E USADOS, PEÇAS",144,747,282,93 707,1 860 666,1 831 560,231,280,1 876,1 206,29 172 842,482 725 455,451 206 168,28,29,mistral_table,mistral_table,no
69,MAG. E EQUIP. DE USO INDUSTRIAL,54,383,156,71 727,1 435 322,1 433 063,96,107,580,328,9 686 216,198 263 941,187 594 627,28,29,mistral_table,mistral_table,no
70,COMBUSTÍVEIS E LUBRIFICANTES,106,280,148,28 691,1 459 636,1 454 359,65,85,645,481,5 957 529,249 970 462,243 851 152,28,29,mistral_table,mistral_table,no
71,"PAPELARIAS, LIVRARIAS",43,116,46,8 634,91 490,91 490,76,81,316,187,2 711 802,23 931 721,23 547 202,28,29,mistral_table,mistral_table,no
72,MERC. EM GERAL - INC. ALIMENTÍCIOS,70,471,252,32 940,1 042 249,1 041 963,71,114,1 844,619,13 152 256,274 189 816,273 806 028,28,29,mistral_table,mistral_table,no
73,MERC. EM GERAL - EXC. ALIMENTÍCIOS,6,37,27,2 436,51 358,51 358,7,10,60,37,578 132,8 556 270,8 517 652,28,29,mistral_table,mistral_table,no
74,ARTIGOS DIVERSOS,60,152,49,10 222,108 177,107 179,143,161,552,265,4 547 130,58 085 686,56 830 392,28,29,mistral_table,mistral_table,no
75,ARTIGOS USADOS,3,5,2,110,690,690,13,13,47,26,525 428,2 027 727,1 927 727,28,29,mistral_table,mistral_table,no
76,PRODUTOS EXTRATIVOS E AGROPECUARIOS,154,833,360,111 914,7 683 516,7 673 428,229,284,1 843,1 237,26 138 476,1 480 258 027,1 476 944 367,30,31,mistral_table,mistral_table,no
77,"PRODUTOS, BEBIDAS E FUMO",44,161,49,23 421,1 532 787,1 525 990,72,81,303,167,3 522 050,112 517 434,112 445 295,30,31,mistral_table,mistral_table,no
78,"PROD. ALIMENTICIOS, BEBIDAS E FUMO",70,415,186,47 441,1 890 283,1 688 986,102,118,906,637,13 578 249,425 915 981,425 540 546,30,31,mistral_table,mistral_table,no
79,"PROD. FARMACÊUTICOS, ODONT. E VETER",7,58,14,11 075,411 672,411 672,14,18,159,105,2 201 278,61 707 361,61 633 694,30,31,mistral_table,mistral_table,no
80,"TECIDOS, VESTUARIO E ARMARINHO",3,10,4,1 427,10 673,10 673,2,2,(8),(A),CX),(A),CAI,30,31,mistral_table,pdf_text_layout,no
81,MAQ. E APARELHOS ELETR. USO DOMEST,2,(8),(A),(X),(A),(A),2,2,(8),(A),(X),CA),(A),30,31,pdf_text_layout,pdf_text_layout,no
82,"FERRAGENS, MAT. ELETR. E ELETRÔNICO",7,31,12,4 722,136 084,136 084,11,18,134,104,1 626 346,53 159 581,52 998 721,30,31,mistral_table,mistral_table,no
83,"VEICULOS NOVOS E USADOS, PEÇAS",1,(A),(A),(X),(A),(A),2,3,22,17,215 240,5 721 463,5 721 463,30,31,pdf_text_layout,mistral_table,no
84,"MAQ. E EQUIP, DE USO INDUSTRIAL",2,(D),(C),(X),(D),(D),9,10,82,39,1 082 302,13 223 314,12 641 739,30,31,pdf_text_layout,mistral_table,no
85,COMBUSTÍVEIS E LUBRIFICANTES,9,45,33,12 295,3 231 311,3 231 311,2,15,73,55,2 195 711,771 167 886,771 121 502,30,31,mistral_table,mistral_table,no
86,"PAPELARIAS, LIVRARIAS",2,IC),(A),(X),(C),(C),3,5,26,23,405 694,5 293 279,5 293 279,30,31,pdf_text_tokens,mistral_table,no
87,MERC. EM GERAL - INC. ALIMENTÍCIOS,4,68,46,5 849,422 184,422 184,1,2,(E),(E),(A),(D),(D),30,31,mistral_table,mistral_table,no
88,MERC. EM GERAL - EXC. ALIMENTÍCIOS,,,,,,,1,1,(A),(A),(A),(A),(A),30,31,mistral_table_partial,mistral_table,yes
89,ARTIGOS DIVERSOS,,,,,,,5,5,24,14,276 222,7 311 083,7 311 083,30,31,mistral_table_partial,mistral_table,yes
90,ARTIGOS USADOS,,,,,,,3,4,10,4,161 064,1 320 061,1 316 461,30,31,mistral_table_partial,mistral_table,yes
91,PORTO VELHO,987,4 045,1 577,469 597,11 784 392,11 740 619,1 569,1 686,7 176,3 894,82 029 130,2 021 985 741,1 986 974 920,30,31,mistral_table,mistral_table,no
92,COMÉRCIO VAREJISTA,913,3 491,1 371,387 585,5 851 992,5 817 516,1 499,1 586,6 388,3 379,69 139 193,990 400 478,956 626 481,30,31,mistral_table,mistral_table,no
93,"PROD. ALIMENTÍCIOS, BEBIDAS E FUMO",501,933,92,71 042,605 307,604 766,876,878,2 056,571,19 419 524,102 446 370,101 180 790,30,31,mistral_table,mistral_table,no
94,"PROD. FARMACÊUTICOS, ODONT. E VETER",35,144,68,19 498,311 589,308 959,72,74,263,124,2 674 850,17 504 588,17 497 803,30,31,mistral_table,mistral_table,no
95,"TECIDOS, VESTUARIO E ARMARINHO",132,654,391,57 051,554 424,554 424,215,232,1 059,696,10 944 239,97 721 769,97 535 191,30,31,mistral_table,mistral_table,no
96,MAG. E APARELHOS ELETR. USO DOMEST,37,337,162,44 459,693 915,689 164,34,52,562,370,5 756 524,84 966 599,84 440 999,30,31,mistral_table,mistral_table,no
97,"FERRAGENS, MAT. ELETR. E ELETRÔNICO",36,233,122,29 430,393 586,387 553,98,107,498,274,9 610 915,89 728 875,87 627 703,30,31,mistral_table,mistral_table,no
98,"VEÍCULOS NOVOS E USADOS, PECAS",60,415,152,61 705,1 188 016,1 170 075,63,75,702,503,9 315 871,256 773 159,238 217 703,30,31,mistral_table,mistral_table,no
99,MAG. E EQUIP. DE USO INDUSTRIAL,18,248,91,57 880,952 672,951 204,27,29,229,122,4 855 641,120 325 143,110 373 576,30,31,mistral_table,mistral_table,no
100,COMBUSTÍVEIS E LUBRIFICANTES,20,120,58,14 797,444 717,444 005,15,22,202,130,2 382 987,81 531 869,81 171 869,30,31,mistral_table,mistral_table,no
101,"PAPELARIAS, LIVRARIAS",16,49,21,4 524,45 307,45 307,30,33,123,71,1 163 105,12 393 007,12 128 007,30,31,mistral_table,mistral_table,no
102,MERC. EM GERAL - INC. ALIMENTÍCIOS,29,264,166,20 195,586 004,585 985,13,19,435,395,3 499 876,80 091 618,79 964 518,30,31,mistral_table,mistral_table,no
103,MERC. EM GERAL - EXC. ALIMENTICIOS,1,(C),(C),(X),(B),(Bl,3,5,30,22,334 181,6 839 777,6 839 777,30,31,pdf_text_layout,mistral_table,no
104,ARTIGOS DIVERSOS,27,73,28,5 948,54 208,53 827,48,55,214,91,2 011 613,39 278 733,38 895 271,30,31,mistral_table,mistral_table,no
105,ARTIGOS USADOS,1,(A),(A),(X),(A),(A),5,5,15,10,167 867,798 971,798 971,30,31,pdf_text_tokens,mistral_table,no
106,COMÉRCIO ATACADISTA,65,482,194,68 692,5 932 390,5 923 103,70,96,764,515,12 518 371,1 031 585 263,1 030 348 439,30,31,mistral_table,mistral_table,no
107,PRODUTOS EXTRATIVOS E AGROPECUARIOS,7,34,7,5 331,674 873,668 851,12,17,94,27,850 555,18 337 507,18 276 168,30,31,mistral_table,mistral_table,no
108,"PROD. ALIMENTÍCIOS, BEBIDAS E FUMO",29,264,108,28 273,1 134 284,1 131 073,29,30,315,228,5 029 007,171 313 557,170 951 340,30,31,mistral_table,mistral_table,no
109,"PROD. FARMACÊUTICOS, ODONT. E VETER",3,58,14,11 075,411 672,411 672,8,11,118,81,1 775 427,54 956 541,54 882 874,30,31,mistral_table,mistral_table,no
110,"TECIDOS, VESTUARIO E ARMARINHO",3,10,4,1 427,10 673,10 673,-,-,-,-,-,-,-,30,31,mistral_table,tesseract_por_review,no
111,MAQ. E APARELHOS ELETR. USO DOMEST,2,(B),(A),(X),(A),(A),,,,,,,,30,31,pdf_text_layout,missing,yes
112,"FERRAGENS, MAT. ELETR. E ELETRÔNICO",4,22,10,2 789,107 365,107 365,6,8,67,50,897 016,25 387 814,25 267 567,30,31,mistral_table,mistral_table,no
113,"VEICULOS NOVOS E USADOS, PEÇAS",1,(A),(A),<Xl,(A),(Al,1,2,(C),(B),(A),(B),(B),30,31,pdf_text_layout,mistral_table,no
114,MAQ. E EOUIP. DE USO INDUSTRIAL,2,(D),(C),<Xl,{D),(0),5,6,66,30,872 337,10 923 303,10 347 950,30,31,pdf_text_layout,mistral_table,no
115,COMBUSTÍVEIS E LUBRIFICANTES,8,45,33,12 295,3 227 992,3 227 992,-,10,53,41,1 889 733,727 597 665,727 553 564,30,31,mistral_table,mistral_table,no
116,"PAPELARIAS, LIVRARIAS",1,(B),(A),(X),(B),(B),2,3,16,15,310 829,4 756 833,4 756 833,30,31,pdf_text_tokens,mistral_table,no
117,MERC. EM GERAL • INC. ALIMENTICIOS,1,(C),(A),(X),(D),(D),-,1,(D),(D),(A),(C),(C),30,31,pdf_text_tokens,mistral_table,no
118,MERC. EM GERAL - EXC. ALIMENTÍCIOS,-,-,-,-,-,-,1,1,(A),(A),(A),(A),(A),30,31,tesseract_por_review,mistral_table,no
119,ARTIGOS DIVERSOS,,,,,,,4,4,19,12,238 242,7 092 096,7 092 096,30,31,mistral_table_partial,mistral_table,yes
120,ARTIGOS USADOS,-,-,-,-,-,-,2,3,8,3,116 464,1 076 481,1 076 481,30,31,tesseract_por_review,mistral_table,no
121,ARIQUÊMES,229,672,272,58 017,907 225,904 866,321,350,1 488,984,20 073 591,316 397 960,315 558 328,30,31,mistral_table,mistral_table,no
122,CACOAL,183,611,229,35 359,999 928,999 111,220,249,1 308,883,11 790 613,230 042 489,227 269 947,30,31,mistral_table,mistral_table,no
123,CEREJEIRAS,-,-,-,-,-,-,64,69,264,129,2 299 481,25 721 007,25 706 007,30,31,tesseract_por_review,mistral_table,no
124,COLORADO DO OESTE,-,-,-,-,-,-,79,85,296,131,2 935 456,31 211 338,31 201 338,30,31,tesseract_por_review,mistral_table,no
125,COSTA MARQUES,-,-,-,-,-,-,191,197,661,334,5 445 252,57 448 963,56 947 906,30,31,tesseract_por_review,mistral_table,no
126,ESPIRADO D'OESTE,-,-,-,-,-,-,55,57,189,92,2 160 179,19 154 138,19 137 248,30,31,tesseract_por_review,mistral_table,no
127,GUAJARA-MIRIM,310,861,340,92 508,2 227 510,2 222 294,223,259,942,524,10 657 824,157 073 856,155 526 774,30,31,mistral_table,mistral_table,no
128,JARU,-,-,-,-,-,-,264,290,1 622,1 104,15 018 612,116 865 114,116 622 547,30,31,tesseract_por_review,mistral_table,no
129,JI-PARANA,406,1 288,477,97 124,2 302 680,2 287 384,360,411,2 407,1 502,28 729 045,373 512 397,361 284 453,30,31,mistral_table,mistral_table,no
130,GURO PRETO DO OESTE,-,-,-,-,-,-,125,136,520,290,4 012 226,54 557 873,54 344 132,30,31,tesseract_por_review,mistral_table,no
131,PIMENTA BUENO,118,379,115,17 057,344 267,343 491,110,128,623,404,5 074 736,69 111 955,68 281 539,30,31,mistral_table,mistral_table,no
132,PRESIDENTE MEDICI,-,-,-,-,-,-,125,135,384,151,2 461 721,37 226 054,37 169 751,30,31,tesseract_por_review,mistral_table,no
133,ROLIM DE MOURA,-,-,-,-,-,-,232,252,1 060,716,7 889 172,84 490 790,84 373 777,30,31,tesseract_por_review,mistral_table,no
134,VILHENA,206,721,266,48 450,1 197 150,1 194 518,180,208,1 196,787,9 408 931,254 860 805,253 320 976,30,31,mistral_table,mistral_table,no
135,ACRE,1 548,4 302,1 674,465 252,7 491 497,7 438 957,3 069,3 331,9 323,5 054,146 108 176,1 203 761 215,1 196 382 329,30,31,mistral_table,mistral_table,no
136,COMÉRCIO VAREJISTA,1 437,3 819,1 450,412 866,5 230 595,5 191 472,2 864,3 106,8 312,4 416,126 431 948,860 584 955,853 757 231,30,31,mistral_table,mistral_table,no
137,"PROD. ALIMENTÍCIOS, BEBIDAS E FUMO",739,1 328,244,114 929,1 241 617,1 234 320,2 083,2 200,4 978,2 377,75 564 320,330 190 443,326 062 144,30,31,mistral_table,mistral_table,no
138,"PROD. FARMACÊUTICOS, ODONT. E VETER",64,224,85,20 543,209 418,209 166,111,123,292,143,4 268 687,36 496 986,36 483 986,30,31,mistral_table,mistral_table,no
139,"TECIDOS, VESTUARIO E ARMARINHO",280,806,352,85 538,773 062,772 964,376,415,1 075,558,17 072 528,137 147 854,136 545 414,30,31,mistral_table,mistral_table,no
140,MAG. E APARELHOS ELETR. USO DOMEST,64,284,159,32 233,403 159,403 159,27,39,426,352,5 149 340,47 401 534,47 393 225,30,31,mistral_table,mistral_table,no
141,"FERRAGENS, MAT. ELETR. E ELETRÔNICO",67,242,125,27 746,410 196,409 716,66,83,369,250,6 283 157,71 969 792,71 007 403,30,31,mistral_table,mistral_table,no
142,"VEÍCULOS NOVOS E USADOS, PECAS",28,187,90,37 062,642 480,626 070,40,44,323,180,6 203 291,82 550 157,81 750 549,30,31,mistral_table,mistral_table,no
143,MAG. E EQUIP. DE USO INDUSTRIAL,17,124,50,21 637,227 361,215 757,10,12,93,64,1 108 298,13 049 228,12 924 248,30,31,mistral_table,mistral_table,no
144,COMBUSTÍVEIS E LUBRIFICANTES,25,113,63,13 763,455 588,455 558,20,26,132,91,2 089 284,41 800 499,41 800 499,32,33,mistral_table,mistral_table,no
145,"PAPELARIAS, LIVRARIAS",17,50,26,5 774,64 122,64 121,23,25,66,39,809 284,6 291 881,6 283 581,32,33,mistral_table,mistral_table,no
146,MERC. EM GERAL - INC. ALIMENTÍCIOS,78,332,199,38 253,852 904,649 953,32,56,309,214,4 532 737,71 091 368,71 085 468,32,33,mistral_table,mistral_table,no
147,MERC. EM GERAL - EXC. ALIMENTÍCIOS,9,26,13,1 987,37 498,37 498,8,8,36,25,492 701,6 113 617,6 113 617,32,33,mistral_table,mistral_table,no
148,ARTIGOS DIVERSOS,38,103,43,13 201,113 190,113 190,68,75,211,123,2 858 321,16 481 596,16 307 097,32,33,mistral_table,mistral_table,no
149,COMÉRCIO ATACADISTA,103,473,224,51 760,2 260 902,2 247 485,205,223,1 005,638,19 559 344,343 176 260,342 625 098,32,33,mistral_table,mistral_table,no
150,PRODUTOS EXTRATIVOS E AGROPECUARIOS,56,216,86,21 442,405 226,404 626,145,149,526,330,11 458 624,79 672 588,79 647 088,32,33,mistral_table,mistral_table,no
151,"PROD. ALIMENTÍCIOS, BEBIDAS E FUMO",26,189,109,21 738,633 335,621 742,32,39,237,176,3 825 335,61 930 409,61 928 009,32,33,mistral_table,mistral_table,no
152,"PROD. FARMACÉUTICOS, ODONT. E VETER",1,(B),(A),(X),(B),(B),2,2,(D),(O),(X),(DI,(0),32,33,mistral_table,pdf_text_layout,no
153,"TECIDOS, VESTUARIO E ARMARINHO",-,-,-,-,-,-,2,2,!AI,(AI,!Xl,(A),CAI,32,33,mistral_table,pdf_text_layout,no
154,MAG. E APARELHOS ELETR. USO DOMEST,1,(B),(A),(X),(A),(A),1,2,(81,CBI,(X),(C),(C),32,33,mistral_table,pdf_text_layout,no
155,"FERRAGENS, MAT. ELETR. E ELETRONICO",1,(C),(A),(X),(C),(C),2,2,(01,(CI,(X),(C),CCl,32,33,mistral_table,pdf_text_layout,no
156,"VEÍCULOS NOVOS E USADOS, PECAS",-,-,-,-,-,-,1,1,(AI,CAI,IX),(A),IA),32,33,mistral_table,pdf_text_layout,no
157,MAG. E EQUIP. DE USO INDUSTRIAL,3,17,4,1 639,15 200,14 476,3,5,32,24,250 737,5 225 757,5 181 413,32,33,mistral_table,mistral_table,no
158,COMBUSTÍVEIS E LUBRIFICANTES,3,12,12,4 433,1 113 985,1 112 985,1,3,10,9,185 288,145 040 673,145 040 673,32,33,mistral_table,mistral_table,no
159,MERC. EM GERAL - INC. ALIMENTÍCIOS,2,(C),(B),(X),(B),(B),14,16,106,55,1 389 987,15 611 053,15 611 053,32,33,mistral_table,mistral_table,no
160,MERC. EM GERAL - EXC. ALIMENTÍCIOS,-,-,-,-,-,-,1,1,CAI,IA),IX),(A),(AI,32,33,mistral_table,pdf_text_layout,no
161,ARTIGOS USADOS,-,-,-,-,-,-,1,1,CAI,(A),(X),(A),(A),32,33,mistral_table,pdf_text_layout,no
162,RIO BRANCO,801,2 635,1 133,317 490,5 543 235,5 500 791,1 914,2 001,6 253,3 513,106 969 478,808 083 247,803 327 190,32,33,mistral_table,mistral_table,no
163,COMÉRCIO VAREJISTA,764,2 388,1 002,287 443,3 695 371,3 665 744,1 836,1 918,5 633,3 120,92 441 926,554 518 376,550 287 981,32,33,mistral_table,mistral_table,no
164,"PROD. ALIMENTÍCIOS, BEBIDAS E FUMO",347,656,111,84 505,704 767,704 811,1 379,1 404,3 288,1 579,55 300 508,199 612 547,197 277 037,32,33,mistral_table,mistral_table,no
165,"PROD. FARMACÉUTICOS, ODONT. E VETER",55,157,68,15 605,163 228,162 976,62,70,196,110,2 815 140,20 519 600,20 519 600,32,33,mistral_table,mistral_table,no
166,"TECIDOS, VESTUARIO E ARMARINHO",153,508,255,58 872,519 534,519 446,188,202,601,357,9 979 903,75 336 956,75 016 956,32,33,mistral_table,mistral_table,no
167,MAG. E APARELHOS ELETR. USO DOMEST,47,237,(A),28 602,344 483,344 443,19,27,400,338,4 694 880,42 118 033,42 109 724,32,33,mistral_table,mistral_table,no
168,"FERRAGENS, MAT. ELETR. E ELETRÔNICO",54,212,105,24 447,383 255,382 875,5,64,712,217,5 658 265,64 267 564,63 405 173,32,33,mistral_table,mistral_table,no
169,"VEÍCULOS NOVOS E USADOS, PECAS",23,171,86,35 235,628 653,612 243,34,37,309,173,5 976 720,78 461 403,77 961 795,32,33,mistral_table,mistral_table,no
170,MAG. E EQUIP. DE USO INDUSTRIAL,16,124,50,21 507,226 161,214 557,8,9,83,57,937 932,12 121 439,12 096 459,32,33,mistral_table,mistral_table,no
171,COMBUSTÍVEIS E LUBRIFICANTES,16,96,53,11 383,406 338,409 308,13,15,107,72,1 715 812,27 721 667,27 721 667,32,33,mistral_table,mistral_table,no
172,"PAPELARIAS, LIVRARIAS",15,(D),(D),(X),(C),(C),14,15,(OI,(D),(X),(Bl,<B>,32,33,mistral_table,pdf_text_layout,no
173,MERC. EM GERAL - INC. ALIMENTÍCIOS,7,88,70,9 020,148 341,147 635,4,7,97,70,2 126 128,14 731 966,14 726 866,32,33,mistral_table,mistral_table,no
174,MERC. EM GERAL - EXC. ALIMENTÍCIOS,2,(A),(A),(X),(A),(A),2,2,(81,(BI,(X),(AI,IA),32,33,mistral_table,pdf_text_layout,no
175,ARTIGOS DIVERSOS,29,87,39,12 271,100 491,100 491,59,66,183,110,2 490 458,14 263 618,14 089 119,32,33,mistral_table,mistral_table,no
176,COMÉRCIO ATACADISTA,33,241,131,29 615,1 847 864,1 835 047,78,82,916,393,14 413 468,253 564 871,253 039 209,32,33,mistral_table,mistral_table,no
177,PRODUTOS EXTRATIVOS E AGROPECUARIOS,3,10,5,1 298,37 317,37 317,40,41,221,142,7 379 666,23 223 563,23 223 563,32,33,mistral_table,mistral_table,no
178,"PROD. ALIMENTÍCIOS, BEBIDAS E FUMO",20,169,99,20 084,598 982,587 389,25,25,205,155,3 336 191,54 107 152,54 104 792,32,33,mistral_table,mistral_table,no
179,"PROD. FARMACÉUTICOS, ODONT. E VETER",1,(B),(A),(X),(B),(B),2,2,(OI,(OI,(X),(D),{O),32,33,mistral_table,pdf_text_layout,no
180,"TECIDOS, VESTUARIO E ARMARINHO",-,-,-,-,-,-,2,2,(A),(A),(X),(A),(A),32,33,mistral_table,pdf_text_tokens,no
181,MAG. E APARELHOS ELETR. USO DOMEST,1,(B),(A),(X),(A),(A),-,-,-,-,-,-,-,32,33,mistral_table,mistral_table,no
182,"FERRAGENS, MAT. ELETR. E ELETRÔNICO",1,(C),(A),(X),(C),(C),2,2,!OI,CCI,(X),(C),(C),32,33,mistral_table,pdf_text_layout,no
183,"VEÍCULOS NOVOS E USADOS, PECAS",-,-,-,-,-,-,1,1,(A),(A),(X),(A),(A),32,33,mistral_table,pdf_text_tokens,no
184,MAG. E EQUIP. DE USO INDUSTRIAL,3,17,4,1 639,15 200,14 476,3,4,29,21,232 081,4 901 244,4 856 900,32,33,mistral_table,mistral_table,no
185,COMBUSTÍVEIS E LUBRIFICANTES,3,12,12,4 433,1 113 985,1 113 985,,,,,,,,32,33,mistral_table,pdf_text_layout_partial,yes
186,MERC. EM GERAL - INC. ALIMENTÍCIOS,1,(B),(B),(X),(A),(A),,,,,,,,32,33,mistral_table,pdf_text_layout_partial,yes
187,MERC. EM GERAL - EXC. ALIMENTÍCIOS,-,-,-,-,-,-,1,1,(A),(A),(X),(A),(A),32,33,mistral_table,tesseract_por_review,no
188,ARTIGOS USADOS,-,-,-,-,-,-,1,1,(A),(A),(X),(A),(A),32,33,mistral_table,tesseract_por_review,no
189,ASSIS BRASIL,3,7,1,1 010,4 106,3 976,11,12,24,10,409 688,2 768 544,2 768 544,32,33,mistral_table,mistral_table,no
190,BRASILEIA,98,266,77,22 706,235 262,234 732,138,152,373,172,3 387 426,65 257 190,65 177 388,32,33,mistral_table,mistral_table,no
191,CRUZEIRO DO SUL,188,434,167,39 498,651 552,648 312,246,302,720,394,8 811 116,148 565 623,148 291 623,32,33,mistral_table,mistral_table,no
192,FEIJO,62,144,40,11 462,132 049,127 900,84,96,260,151,2 820 258,21 364 638,21 364 271,32,33,mistral_table,mistral_table,no
193,MANCIO LIMA,14,23,9,1 656,28 145,28 145,32,41,80,46,734 211,5 280 516,5 268 416,32,33,mistral_table,mistral_table,no
194,MANOEL URBANO,20,55,24,3 814,37 944,37 944,24,25,53,26,573 811,5 445 533,5 441 393,32,33,mistral_table,mistral_table,no
195,PLACIDO DE CASTRO,31,71,18,6 884,75 546,75 546,101,102,220,117,5 001 496,16 898 630,16 668 430,32,33,mistral_table,mistral_table,no
196,SENADOR QUIOMARD,25,50,15,5 647,64 871,64 271,170,170,359,180,4 207 444,19 050 995,17 468 595,32,33,mistral_table,mistral_table,no
197,SENA MADUREIRA,118,260,77,17 588,297 681,296 544,168,179,435,193,6 162 228,39 654 232,39 536 892,32,33,mistral_table,mistral_table,no
198,TARAUACA,122,238,80,27 378,262 797,262 797,12,184,1 616,846,9 911 028,357 870 398,350 079 837,32,33,mistral_table,mistral_table,no
199,XAPURI,66,119,33,10 119,158 309,157 999,65,78,168,53,2 540 200,19 097 845,19 037 365,32,33,mistral_table,mistral_table,no
200,AMAZONAS,7 268,29 564,11 636,3 586 917,59 661 443,59 255 270,7 027,7 637,36 199,20 301,405 128 009,6 587 690 643,6 509 688 402,32,33,mistral_table,mistral_table,no
201,COMÉRCIO VAREJISTA,5 881,24 649,10 093,2 729 483,39 206 810,38 912 170,6 752,7 258,31 255,17 701,329 411 885,4 195 858 486,4 149 472 833,32,33,mistral_table,mistral_table,no
202,"PROD. ALIMENTÍCIOS, BEBIDAS E FUMO",4 440,8 702,995,728 094,5 462 826,5 438 667,4 103,4 190,10 484,3 428,103 251 077,679 641 329,671 300 231,32,33,mistral_table,mistral_table,no
203,"PROD. FARMACÉUTICOS, ODONT. E VETER",223,1 099,530,134 931,1 142 934,1 132 338,333,372,1 365,722,13 663 718,108 830 496,108 604 511,32,33,mistral_table,mistral_table,no
204,"TECIDOS, VESTUARIO E ARMARINHO",955,4 560,2 570,462 841,5 257 173,5 241 606,1 061,188,6 101,4 214,59 889 818,551 139 666,550 428 303,32,33,mistral_table,mistral_table,no
205,MAG. E APARELHOS ELETR. USO DOMEST,222,2 392,1 556,341 551,7 297 401,7 290 294,147,207,2 249,1 527,29 085 134,792 523 411,787 919 561,32,33,mistral_table,mistral_table,no
206,"FERRAGENS, MAT. ELETR. E ELETRÔNICO",244,1 555,733,228 199,4 328 799,4 304 077,314,352,1 912,1 169,23 764 533,262 439 273,260 524 977,32,33,mistral_table,mistral_table,no
207,"VEÍCULOS NOVOS E USADOS, PECAS",113,877,435,123 755,2 179 515,2 159 612,172,184,1 616,846,19 911 028,357 870 398,350 079 837,32,33,mistral_table,pdf_text_layout,no
208,MAG. E EQUIP. DE USO INDUSTRIAL,36,574,286,152 675,2 282 653,2 154 931,43,50,534,304,9 458 959,167 468 871,147 115 772,32,33,mistral_table,mistral_table,no
209,COMBUSTÍVEIS E LUBRIFICANTES,83,649,295,80 523,2 756 821,2 751 211,85,104,926,584,12 613 646,302 751 770,301 575 426,32,33,mistral_table,mistral_table,no
210,"PAPELARIAS, LIVRARIAS",78,(F),(F),(X),(E),(E),85,92,461,303,4 783 822,38 707 181,38 131 346,32,33,mistral_table,mistral_table,no
211,MERC. EM GERAL - INC. ALIMENTÍCIOS,238,2 289,1 571,229 928,5 240 400,5 191 702,126,181,2 728,2 378,30 148 216,620 417 384,620 345 797,32,33,mistral_table,mistral_table,no
212,MERC. EM GERAL - EXC. ALIMENTÍCIOS,37,495,341,61 552,1 001 162,1 001 138,20,28,1 551,1 393,9 209 887,170 824 768,170 811 777,32,33,mistral_table,mistral_table,no
213,ARTIGOS DIVERSOS,210,1 067,565,136 304,1 799 229,1 790 292,254,299,1 262,791,13 085 443,140 879 022,140 370 378,32,33,mistral_table,mistral_table,no
214,ARTIGOS USADOS,2,(B),(A),(X),(A),(A),9,11,66,42,546 604,2 364 917,2 364 917,32,33,mistral_table,mistral_table,no
215,COMERCIO ATACADISTA,325,2 889,1 530,427 331,20 454 633,20 343 100,1,275 324,3 808,2 596,57 206 711,2 391 811 497,2 360 215 569,34,35,mistral_table,mistral_table,no
216,PRODUTOS EXTRATIVOS E AGROPECUARIOS,35,233,143,33 849,253 367,253 217,42,47,337,201,3 925 295,52 218 945,51 230 727,34,35,mistral_table,mistral_table,no
217,"PROD. ALIMENTICIOS, BEBIDAS E FUMO",130,954,429,140 649,5 659 472,5 630 756,112,129,1 497,1 072,21 943 962,566 985 596,559 972 021,34,35,mistral_table,mistral_table,no
218,"PROD. FARMACÉUTICOS, ODONT. E VETER",17,188,98,29 043,556 384,554 972,20,21,324,238,3 409 091,107 210 809,106 423 318,34,35,mistral_table,mistral_table,no
219,"TECIDOS, VESTUARIO E ARMARINHO",19,93,52,14 872,342 869,343 869,10,11,94,72,1 348 073,16 360 624,16 360 624,34,35,mistral_table,mistral_table,no
220,MAQ. E APARELHOS ELETR. USO DOMEST,25,415,226,30 474,1 654 557,822 290,14,15,182,106,6 354 654,104 774 970,95 722 182,34,35,mistral_table,mistral_table,no
221,"FERRAGENS, MAT. ELETR. E ELETRÔNICO",35,301,108,43 163,915 862,911 793,26,31,523,350,5 586 678,149 751 639,139 585 988,34,35,mistral_table,mistral_table,no
222,"VEICULOS NOVOS E USADOS, PECAS",6,134,71,22 442,561 451,558 156,6,6,128,112,1 425 840,45 891 488,45 605 614,34,35,mistral_table,mistral_table,no
223,MAQ. E EQUIP. DE USO INDUSTRIAL,1,(D),(C),(A),(C),(C),6,7,83,42,2 198 677,20 543 436,18 936 273,34,35,mistral_table,mistral_table,no
224,COMBUSTÍVEIS E LUBRIFICANTES,18,88,58,24 544,8 504 018,8 503 039,5,14,114,91,4 182 083,1 196 957 213,1 196 159 948,34,35,mistral_table,mistral_table,no
225,"PAPELARIAS, LIVRARIAS",6,50,28,5 620,179 814,179 312,4,10,84,52,1 468 690,42 050 144,41 741 113,34,35,mistral_table,mistral_table,no
226,MERC. EM GERAL - INC. ALIMENTÍCIOS,11,245,229,24 391,820 379,753 332,10,12,113,52,1 303 813,36 058 342,35 586 711,34,35,mistral_table,mistral_table,no
227,MERC. EM GERAL - EXC. ALIMENTÍCIOS,3,40,19,6 515,218 288,218 108,1,2,(D),(D),(D),(X),(C),34,35,mistral_table,mistral_table,no
228,ARTIGOS DIVERSOS,15,116,49,27 599,553 513,550 797,16,15,155,59,2 524 899,34 510 098,34 437 334,34,35,mistral_table,mistral_table,no
229,ARTIGOS USADOS,2,(C),(B),(A),(A),(A),3,4,(F),(F),(F),(D),(D),34,35,mistral_table,mistral_table,no
230,MANAUS,4 427,22 504,9 863,2 888 925,51 283 244,50 912 636,4 052,4 501,26 699,16 148,300 608 246,5 704 906 830,5 636 872 352,34,35,mistral_table,mistral_table,no
231,COMÉRCIO VAREJISTA,4 139,18 123,8 580,2 099 856,33 457 802,33 195 934,3 859,4 219,22 254,13 824,231 706 324,3 397 729 297,3 359 443 277,34,35,mistral_table,mistral_table,no
232,"PROD. ALIMENTÍCIOS, BEBIDAS E FUMO",2 451,4 589,472,380 577,3 086 104,3 076 304,2 015,2 028,4 626,1 214,43 543 600,270 130 058,288 671 581,34,35,mistral_table,mistral_table,no
233,"PROD. FARMACÉUTICOS, ODONT. E VETER",135,883,451,111 362,962 477,952 911,218,242,1 020,593,15 780 870,83 828 280,83 767 765,34,35,mistral_table,mistral_table,no
234,"TECIDOS, VESTUARIO E ARMARINHO",664,3 754,2 290,379 019,4 608 328,4 596 902,693,803,4 860,3 603,45 174 212,453 481 012,453 163 819,34,35,mistral_table,mistral_table,no
235,MAQ. E APARELHOS ELETR. USO DOMEST,168,2 089,399,297 255,6 707 130,6 700 923,110,161,2 024,1 385,26 061 784,761 581 237,756 938 387,34,35,mistral_table,mistral_table,no
236,"FERRAGENS, MAT. ELETR. E ELETRÔNICO",198,1 404,667,207 632,3 991 967,3 967 295,252,284,1 654,1 035,20 395 243,237 572 681,235 675 785,34,35,mistral_table,mistral_table,no
237,"VEICULOS NOVOS E USADOS, PECAS",102,856,429,120 352,2 155 173,2 135 735,145,157,1 529,812,18 727 659,348 717 816,341 251 079,34,35,mistral_table,mistral_table,no
238,MAQ. E EQUIP. DE USO INDUSTRIAL,25,565,279,150 864,2 265 572,2 137 850,41,47,526,299,9 389 994,166 299 208,145 946 109,34,35,mistral_table,mistral_table,no
239,COMBUSTÍVEIS E LUBRIFICANTES,44,509,236,64 949,2 375 992,2 370 513,41,54,752,467,10 559 978,251 325 387,250 347 271,34,35,mistral_table,mistral_table,no
240,"PAPELARIAS, LIVRARIAS",63,(F),(F),(A),(E),(E),70,77,418,283,4 333 866,36 234 138,35 658 303,34,35,mistral_table,mistral_table,no
241,MERC. EM GERAL - INC. ALIMENTÍCIOS,56,1 619,1 275,151 030,4 134 284,4 097 258,23,63,2 072,1 958,22 190 464,483 276 570,483 241 883,34,35,mistral_table,mistral_table,no
242,MERC. EM GERAL - EXC. ALIMENTÍCIOS,25,459,326,58 205,964 240,964 240,11,18,1 501,1 365,8 567 443,165 168 811,165 165 620,34,35,mistral_table,mistral_table,no
243,ARTIGOS DIVERSOS,192,1 031,554,132 231,1 767 558,1 758 621,231,274,1 206,768,12 434 607,137 749 402,137 240 756,34,35,mistral_table,mistral_table,no
244,ARTIGOS USADOS,2,(B),(A),(A),(A),(A),9,11,66,42,546 604,2 364 917,2 364 917,34,35,mistral_table,mistral_table,no
245,COMÉRCIO ATACADISTA,230,2 375,1 270,359 955,17 825 442,17 716 702,193,231,3 313,2 320,50 411 398,2 307 156 873,2 277 429 075,34,35,mistral_table,mistral_table,no
246,PRODUTOS EXTRATIVOS E AGROPECUARIOS,2,(A),(A),(A),(A),(A),3,4,108,97,574 566,23 996 047,23 996 047,34,35,mistral_table,mistral_table,no
247,"PROD. ALIMENTÍCIOS, BEBIDAS E FUMO",87,723,335,113 668,5 132 228,5 105 675,79,89,1 263,916,19 028 309,514 409 320,508 275 657,34,35,mistral_table,mistral_table,no
248,"PROD. FARMACÉUTICOS, ODONT. E VETER",18,188,98,29 043,556 384,554 972,20,21,324,238,3 409 091,107 210 809,106 423 318,34,35,mistral_table,mistral_table,no
249,"TECIDOS, VESTUARIO E ARMARINHO",17,90,51,13 874,337 240,337 240,9,10,89,70,1 275 278,15 440 624,15 440 624,34,35,mistral_table,mistral_table,no
250,MAQ. E APARELHOS ELETR. USO DOMEST,23,406,222,49 265,1 834 842,1 832 575,14,15,182,106,6 354 654,104 774 970,95 722 182,34,35,mistral_table,mistral_table,no
251,"FERRAGENS, MAT. ELETR. E ELETRÔNICO",34,297,107,42 203,897 862,893 793,26,31,523,350,5 566 678,149 751 639,139 585 988,34,35,mistral_table,mistral_table,no
252,"VEICULOS NOVOS E USADOS, PECAS",8,134,71,22 442,561 451,558 156,6,6,128,112,1 425 840,45 891 488,45 805 614,34,35,mistral_table,mistral_table,no
253,MAQ. E EQUIP. DE USO INDUSTRIAL,1,(D),(C),(A),(C),(C),6,7,83,42,2 198 677,20 543 436,18 936 273,34,35,mistral_table,mistral_table,no
254,COMBUSTÍVEIS E LUBRIFICANTES,14,83,55,23 698,6 771 360,6 770 381,5,14,114,91,4 182 083,1 196 957 213,1 196 159 948,34,35,mistral_table,mistral_table,no
255,"PAPELARIAS, LIVRARIAS",6,50,28,5 620,179 814,179 312,4,10,84,52,1 468 690,42 050 144,41 741 113,34,35,mistral_table,mistral_table,no
256,MERC. EM GERAL - INC. ALIMENTÍCIOS,2,219,215,22 035,755 541,688 794,1,3,86,38,847 677,33 122 892,32 651 261,34,35,mistral_table,mistral_table,no
257,MERC. EM GERAL - EXC. ALIMENTÍCIOS,2,(D),(C),(A),(D),(D),1,2,(D),(D),(D),(X),(C),34,35,mistral_table,mistral_table,no
258,ARTIGOS DIVERSOS,14,114,48,27 324,552 963,550 267,15,15,155,59,2 524 899,34 510 098,34 437 334,34,35,mistral_table,mistral_table,no
259,ARTIGOS USADOS,2,(C),(B),(A),(A),(A),3,4,(F),(F),(F),(D),(D),34,35,mistral_table,mistral_table,no
260,ALVARÃES,-,-,-,-,-,-,7,7,17,9,267 920,1 364 245,1 364 245,34,35,mistral_table,mistral_table,no
261,AMATURA,-,-,-,-,-,-,7,7,19,11,320 000,930 000,912 000,34,35,mistral_table,mistral_table,no
262,ANAMÃ,-,-,-,-,-,-,12,12,31,3,171 800,1 149 200,1 149 200,34,35,mistral_table,mistral_table,no
263,ANORI,78,164,8,12 842,76 389,76 358,47,47,121,7,968 400,6 371 000,6 354 000,34,35,mistral_table,mistral_table,no
264,ATALAIA DO NORTE,8,20,5,1 058,8 833,8 743,10,13,87,34,790 459,9 299 023,7 765 611,34,35,mistral_table,mistral_table,no
265,AUTAZES,90,144,7,13 491,64 202,64 202,63,64,164,50,1 346 170,10 176 500,10 126 700,34,35,mistral_table,mistral_table,no
266,BARCELOS,33,80,10,8 814,56 106,55 434,28,30,78,26,1 522 930,8 109 141,8 109 036,34,35,mistral_table,mistral_table,no
267,BARREIRINHA,16,39,8,3 237,30 274,30 274,29,30,82,29,864 675,9 711 305,9 624 277,34,35,mistral_table,mistral_table,no
268,BENJAMIN CONSTANT,83,351,153,44 575,504 656,497 707,63,66,224,130,2 541 672,33 234 641,32 689 141,34,35,mistral_table,mistral_table,no
269,BERURI,-,-,-,-,-,-,14,14,30,9,183 320,848 044,806 344,34,35,mistral_table,mistral_table,no
270,BOA VISTA DO RAMOS,-,-,-,-,-,-,3,3,7,6,58 000,490 937,490 937,34,35,mistral_table,mistral_table,no
271,BOCA DO ACRE,99,234,62,27 940,320 692,312 653,69,78,245,101,2 351 239,20 691 769,20 629 769,34,35,mistral_table,mistral_table,no
272,BORBA,74,165,15,20 514,93 751,93 751,41,42,105,27,1 713 662,28 225 755,28 079 085,34,35,mistral_table,mistral_table,no
273,CAAPIRANGA,-,-,-,-,-,-,15,16,44,11,292 900,1 582 472,1 552 952,34,35,mistral_table,mistral_table,no
274,CANUTAMA,31,69,15,6 448,46 990,46 990,13,14,27,13,264 766,1 599 583,1 583 583,34,35,mistral_table,mistral_table,no
275,CARAUARI,65,131,23,14 676,149 951,145 550,64,66,122,61,1 345 174,18 416 917,17 765 227,34,35,mistral_table,mistral_table,no
276,CAREIRO,63,124,9,7 367,37 961,37 743,92,93,281,77,1 591 237,10 425 426,10 371 426,34,35,mistral_table,mistral_table,no
277,COARI,138,334,55,40 701,307 315,300 812,102,114,314,145,3 772 806,39 774 321,39 774 321,34,35,mistral_table,mistral_table,no
278,CODAJAS,53,121,17,10 619,103 255,103 255,46,46,152,53,1 789 900,16 644 250,16 604 250,34,35,mistral_table,mistral_table,no
279,EIRUNEPE,93,207,57,16 341,299 183,298 964,80,88,201,64,1 974 075,22 329 714,22 308 714,34,35,mistral_table,mistral_table,no
280,ENVIRA,27,60,20,4 847,100 307,100 307,12,21,53,34,792 803,6 663 254,6 663 254,34,35,mistral_table,mistral_table,no
281,FONTE BOA,23,71,24,4 261,53 939,63 909,16,16,66,30,685 088,8 052 102,8 052 102,36,37,mistral_table,mistral_table,no
282,HUMAITA,90,208,56,23 240,1 986 118,1 985 487,80,84,286,130,3 124 239,19 616 699,18 910 451,36,37,mistral_table,mistral_table,no
283,IPIXUNA,20,57,20,8 922,93 626,93 626,18,20,58,28,839 118,5 729 535,5 729 535,36,37,mistral_table,mistral_table,no
284,IRANDUBA,-,-,-,-,-,-,20,20,64,14,387 311,1 905 549,1 893 549,36,37,mistral_table,mistral_table,no
285,ITACOATIARA,336,896,263,80 550,975 926,975 656,358,371,1 351,640,12 579 947,117 389 421,116 812 680,36,37,mistral_table,mistral_table,no
286,ITAMARATI,-,-,-,-,-,-,16,16,22,13,140 000,2 358 165,2 338 965,36,37,mistral_table,mistral_table,no
287,ITAPIRANGA,17,29,3,1 473,8 753,8 675,27,28,131,44,1 555 113,9 476 536,9 476 536,36,37,mistral_table,mistral_table,no
288,JAPURA,-,-,-,-,-,-,2,3,7,4,94 548,437 760,437 760,36,37,mistral_table,mistral_table,no
289,JURUA,9,23,9,1 829,26 593,26 113,16,16,36,21,253 800,3 956 187,3 952 587,36,37,mistral_table,mistral_table,no
290,JUTAI,35,102,47,8 358,172 496,171 681,73,73,196,95,2 978 958,20 070 293,19 719 250,36,37,mistral_table,mistral_table,no
291,LABREA,127,307,91,59 696,339 603,339 583,84,87,253,142,3 666 530,34 444 535,34 402 035,36,37,mistral_table,mistral_table,no
292,MANACAPURU,289,739,144,50 589,442 985,441 031,196,207,632,268,7 271 357,53 548 069,52 913 695,36,37,mistral_table,mistral_table,no
293,MANAQUIRI,-,-,-,-,-,-,26,27,88,17,606 040,3 636 290,3 634 290,36,37,mistral_table,mistral_table,no
294,MANICORE,145,363,102,32 351,236 427,236 354,78,81,197,41,2 122 417,12 780 209,12 279 837,36,37,mistral_table,mistral_table,no
295,MARÁA,-,-,-,-,-,-,12,12,27,15,356 200,964 000,914 000,36,37,mistral_table,mistral_table,no
296,MAUES,86,262,76,25 995,408 086,406 995,122,126,396,172,5 879 762,41 274 705,40 745 585,36,37,mistral_table,mistral_table,no
297,NHAMUNDA,18,49,14,4 506,14 993,14 813,15,16,40,18,568 372,3 571 410,3 568 410,36,37,mistral_table,mistral_table,no
298,NOVA OLINDA DO NORTE,48,105,11,6 621,40 009,39 838,40,42,98,19,1 839 884,6 257 397,5 953 221,36,37,mistral_table,mistral_table,no
299,NOVO AIRÃO,1,(A),(A),(X),(A),(A),9,9,23,12,275 800,650 000,650 000,36,37,mistral_table,mistral_table,no
300,NOVO ARIPUANÁ,62,112,19,12 089,104 003,104 003,46,50,100,37,1 420 940,19 536 350,19 531 330,36,37,mistral_table,mistral_table,no
301,PARINTINS,197,590,226,68 455,546 389,546 245,251,270,795,366,7 067 286,61 243 352,60 655 933,36,37,mistral_table,mistral_table,no
302,PAUINI,21,56,20,2 845,59 279,58 703,20,23,101,70,729 572,3 071 291,3 071 291,36,37,mistral_table,mistral_table,no
303,PRESIDENTE FIGUEIREDO,-,-,-,-,-,-,24,29,93,44,1 378 124,17 588 407,17 420 007,36,37,mistral_table,mistral_table,no
304,RIO PRETO DA EVA,-,-,-,-,-,-,10,10,39,8,217 062,948 548,882 948,36,37,mistral_table,mistral_table,no
305,SANTA ISABEL DO RIO NEGRO,8,13,-,1 077,3 669,3 525,8,8,14,2,207 000,1 227 000,1 145 000,36,37,mistral_table,mistral_table,no
306,SANTO ANTONIO DO ICA,37,85,24,5 768,42 435,41 825,14,15,78,42,1 244 600,24 296 400,24 084 400,36,37,mistral_table,mistral_table,no
307,SÃO GABRIEL DA CACHOEIRA,33,67,8,6 504,55 322,55 322,39,41,122,59,2 128 089,22 387 666,22 387 666,36,37,mistral_table,mistral_table,no
308,SÃO PAULO DE OLIVEIRA,46,99,29,10 018,66 180,65 807,28,29,80,39,1 261 660,5 695 617,5 506 067,36,37,mistral_table,mistral_table,no
309,SÃO SEBASTIÃO DO UATUMA,-,-,-,-,-,-,6,6,12,1,230 590,1 325 201,1 325 201,36,37,mistral_table,mistral_table,no
310,SILVES,17,32,1,2 279,12 489,12 489,19,19,47,11,555 250,3 762 230,3 547 030,36,37,mistral_table,mistral_table,no
311,TABATINGA,-,-,-,-,-,-,196,203,724,474,10 209 980,60 961 112,59 811 562,36,37,mistral_table,mistral_table,no
312,TAPAUA,31,74,9,4 654,59 964,59 964,46,46,105,32,595 250,6 376 316,6 285 146,36,37,mistral_table,mistral_table,no
313,TEFE,120,307,99,28 567,337 275,336 822,133,150,421,227,3 226 130,34 788 079,34 727 834,36,37,mistral_table,mistral_table,no
314,TOMANTINS,-,-,-,-,-,-,4,4,10,4,111 000,473 000,437 000,36,37,mistral_table,mistral_table,no
315,UARINI,-,-,-,-,-,-,8,8,16,7,551 000,1 653 000,1 625 000,36,37,mistral_table,mistral_table,no
316,URUCARA,46,112,12,9 018,43 388,43 388,36,38,92,22,616 273,5 283 245,5 253 445,36,37,mistral_table,mistral_table,no
317,URUCURITUBA,28,56,2,3 497,35 652,35 302,62,62,276,85,2 621 765,18 010 640,18 010 640,36,37,mistral_table,mistral_table,no
318,RORAIMA,477,1 709,673,175 595,2 962 817,2 952 028,691,747,3 163,1 679,41 739 296,532 255 863,524 661 629,36,37,mistral_table,mistral_table,no
319,COMERCIO VAREJISTA,455,1 580,800,160 519,2 247 916,2 241 892,663,709,2 858,1 479,35 718 708,368 662 886,361 246 021,36,37,mistral_table,mistral_table,no
320,"PROD. ALIMENTICIOS, BEBIDAS E FUMO",267,505,43,49 737,278 169,277 426,357,360,867,162,11 051 513,49 191 301,47 442 412,36,37,mistral_table,mistral_table,no
321,"PROD. FARMACÊUTICOS, ODONT. E VETER",16,84,44,8 482,175 169,175 169,36,42,134,68,1 864 638,13 636 742,13 444 520,36,37,mistral_table,mistral_table,no
322,"TECIDOS, VESTUARIO E ARMARINHO",64,308,174,21 203,225 165,224 823,98,102,580,418,5 813 540,52 050 732,51 875 271,36,37,mistral_table,mistral_table,no
323,MAU. E APARELHOS ELETR. USO DOMEST,12,138,47,15 837,298 949,298 121,9,16,215,147,2 370 365,29 937 525,29 786 679,36,37,mistral_table,mistral_table,no
324,"FERRAGENS, MAT. ELETR. E ELETRÔNICO",25,128,43,16 882,192 730,192 730,44,49,290,162,4 039 370,42 625 855,42 562 021,36,37,mistral_table,mistral_table,no
325,"VEÍCULOS NOVOS E USADOS, PECAS",21,110,40,13 032,277 669,277 549,45,46,304,193,4 448 688,61 390 135,57 280 878,36,37,mistral_table,mistral_table,no
326,MAU. E EQUIP. DE USO INDUSTRIAL,5,24,15,4 799,48 594,47 921,2,5,30,18,430 869,6 461 243,5 603 165,36,37,mistral_table,mistral_table,no
327,COMBUSTÍVEIS E LUBRIFICANTES,15,55,34,6 750,309 059,308 151,14,23,78,60,1 122 514,37 025 107,36 916 839,36,37,mistral_table,mistral_table,no
328,"PAPELARIAS, LIVRARIAS",8,20,10,2 398,18 088,18 088,14,15,61,42,735 595,5 946 658,5 946 658,36,37,mistral_table,mistral_table,no
329,MERC. EM GERAL - INC. ALIMENTÍCIOS,9,156,134,16 585,398 257,398 009,13,22,196,155,2 436 346,60 500 622,60 500 622,36,37,mistral_table,mistral_table,no
330,MERC. EM GERAL - Exc. ALIMENTICIOS,4,31,9,2 440,39 708,39 708,2,2,(0),(0),(X),(B),(8),38,39,pdf_text_layout,pdf_text_layout,no
331,ARTIGOS DIVERSOS,9,21,7,2 344,16 359,14 197,23,23,61,23,816 643,4 207 166,4 1 97 166,38,39,pdf_text_tokens,pdf_text_layout,no
332,ARTIGOS USADOS,-,-,-,-,-,-,4,4,(C),(B),(l\),(A),(A!°,38,39,tesseract_por_review,pdf_text_layout,no
333,COMERCIO ATACADISTA,18,115,73,13 259,714 901,710 136,28,38,305,200,6 020 588,163 592 977,163 415 608,38,39,pdf_text_tokens,pdf_text_layout,no
334,PRODUTOS EXTRATIVOS E AGROPECUARIOS,2,(D),(D),(X),(A),(A),3,4,15,3,325 578,4 057 872,4 057 872,38,39,pdf_text_layout,pdf_text_layout,no
335,"PROD. ALIMENTICIOS, BEBIDAS E FUMO",6,53,30,4 962,118 852,118 852,18,20,180,133,4 261 007,47 691 606,47 531 606,38,39,pdf_text_layout,pdf_text_layout,no
336,"PROD. FARMACÊUTICOS, ODONT. E VETER",,,,,,,1,4,28,18,416,083,6,38,39,mistral_table_partial,pdf_text_tokens,yes
337,"FERRAGENS, MAT. ELETR. E ELETRÔNICO",,,,,,,1,3,21,15,225 947,196 072,194 406,38,39,mistral_table_partial,pdf_text_tokens,yes
338,"VEÍCULOS NOVOS E USADOS, PECAS",,,,,,,1,1,(8),(A),(X),(A),(A),38,39,mistral_table_partial,pdf_text_layout,yes
339,MAQ. E EQUIP. DE USO INDUSTRIAL,,,,,,,2,3,21,9,202 422,7 568 405,7 552 702,38,39,mistral_table_partial,pdf_text_layout,yes
340,COMBUSTIVEIS E LUBRIFICANTES,3,10,10,2 776,506 097,506 097,1,4,19,17,318 339,87 081 687,87 081 687,38,39,pdf_text_layout,pdf_text_layout,no
341,"PAPELARIAS, LIVRARIAS",2,(C),(B),(X),(A),(A),-,-,-,-,-,-,-,38,39,pdf_text_tokens,tesseract_por_review,no
342,MERC. EM GERAL - INC. ALIMENTÍCIOS,,,,,,,,,,,,,,38,39,mistral_table_partial,pdf_text_layout_partial,yes
343,ARTIGOS DIVERSOS,-,”,-,-,-,-,,,,,,,,38,39,tesseract_por_review,pdf_text_layout_partial,yes
344,ARTIGOS USADOS,1,(A),(A),(X),(A),(A),-,-,-,-,-,-,-,38,39,tesseract_por_review,tesseract_por_review,no
345,BOA VISTA,425,1 614,659,155 478,2 778 625,2 767 836,556,598,2 824,1 581,36 205 368,416 263 369,409 353 852,38,39,pdf_text_layout,pdf_text_layout,no
346,COMERCIO VAREJISTA,404,1 489,590,141 349,2 124 290,2 118 266,,,,,,,,38,39,pdf_text_layout,pdf_text_layout_partial,yes
347,"PROD. ALIMENTICIOS, BEBIDAS E FUMO",230,444,40,37 032,222 701,221 958,,,,,,,,38,39,pdf_text_layout,pdf_text_layout_partial,yes
348,"PROO. FARMACEUTICOS, ODONT. E VETER",15,83,44,7 906,172 767,172 767,,,,,,,,38,39,pdf_text_layout,pdf_text_layout_partial,yes
349,"TECIDOS, VESTUARIO E ARMARINHO",59,298,174,19 389,217 108,216 766,,,,,,,,38,39,pdf_text_layout,pdf_text_layout_partial,yes
350,MAQ. E APARELHOS ELETR. USO DOMEST,10,132,44,15 245,293 119,292 291,,,,,,,,38,39,pdf_text_layout,pdf_text_layout_partial,yes
351,"FERRAGENS, MAT. ELETR. E ELETRONICO",23,124,43,15 167,177 398,177 398,,,,,,,,38,39,pdf_text_layout,pdf_text_layout_partial,yes
352,"VEICULOS NOVOS E USADOS, PEÇAS",20,107,40,12 532,276 114,275 994,,,,,,,,38,39,pdf_text_layout,pdf_text_layout_partial,yes
353,MAQ. E EOUIP. DE USO INDUSTRIAL,5,24,15,4 799,48 594,47 921,,,,,,,,38,39,pdf_text_layout,pdf_text_layout_partial,yes
354,COMBUSTIVEIS E LUBRIFICANTES,12,49,30,5 542,274 077,273 169,,,,,,,,38,39,pdf_text_layout,pdf_text_layout_partial,yes
355,"PAPELARIAS, LIVRARIAS",8,20,10,2 368,18 088,18 088,,,,,,,,38,39,pdf_text_tokens,pdf_text_layout_partial,yes
356,MERC. EM GERAL - INC. ALIMENTICIOS,9,156,134,16 585,368 257,368 009,,,,,,,,38,39,pdf_text_layout,pdf_text_layout_partial,yes
357,MERC. EM GERAL - EXC. ALIMENTICIOS,4,31,9,2 440,39 708,39 708,2,z,(D),(0),(X),(8),(8),38,39,pdf_text_layout,pdf_text_layout,no
358,ARTIGOS DIVERSOS,9,21,7,2 344,16 359,14 197,,,,,,,,38,39,pdf_text_tokens,pdf_text_layout_partial,yes
359,MAQ. E APARELHOS ELETR. USO DOMEST,-,ad,-,-,-,-,4,4,(C),(B),(X),(A),(A),38,39,tesseract_por_review,pdf_text_tokens,no
360,COMERCIO ATACADISTA,17,111,69,12 312,654 335,649 570,27,35,287,185,5 765 894,79 003 330,78 825 961,38,39,pdf_text_tokens,pdf_text_layout,no
361,PRODUTOS EXTRATIVOS E AGROPECUARIOS,2,(D),(D),(X),(A),(A),3,4,15,3,325 578,4 057 872,4 057 872,38,39,pdf_text_layout,pdf_text_layout,no
362,PROD. ALIMENTICIOS. BEBIDAS E FUMO,6,53,30,4 962,118 852,118 852,17,19,176,132,4 217 207,47 530 206,47 370 206,38,39,pdf_text_layout,pdf_text_layout,no
363,"BENSON, MAT. ELETR. E ELETRÔNICO",,,,,,,1,1,(A),(A),IX),(A),(A),38,39,mistral_table_partial,pdf_text_layout,yes
364,"FERRAGENS, MAT. ELETR. E ELETRONICO",4,15,7,2 921,69 758,66 311,1,3,21,15,225 947,9 196 072,9 194 406,38,39,pdf_text_layout,pdf_text_layout,no
365,BENSON,,,,,,,1,1,(8),(A),(X),<Al,(Al,38,39,mistral_table_partial,pdf_text_layout,yes
366,BENSON,,,,,,,2,3,21,9,202 422,7 568 405,7 552 702,38,39,mistral_table_partial,pdf_text_layout,yes
367,COMBUSTIVEIS E LUBRIFICANTES,2,(B),(B),(X),(E),(E),1,2,(B),(A),(X),(8),(Bl,38,39,pdf_text_layout,pdf_text_layout,no
368,"PAPELARIAS, LIVRARIAS",2,(C),(B),(X),(A),(A),-,-,-,-,-,-,-,38,39,pdf_text_tokens,tesseract_por_review,no
369,BENSON,,,,,,,,,,,,,,38,39,mistral_table_partial,pdf_text_layout_partial,yes
370,ARTIGOS DIVERSOS,-,-,-,-,-,-,,,,,,,,38,39,tesseract_por_review,pdf_text_layout_partial,yes
371,ARTIGOS USADOS,1,(A),(A),(X),(A),(A),,,,,,,,38,39,tesseract_por_review,missing,yes
372,ALTO ALEGRE,-,-,-,-,-,-,10,10,29,4,305 800,2 061 258,1 940 758,38,39,tesseract_por_review,pdf_text_layout,no
373,BONFIM,-,-,-,-,-,-,7,8,17,9,269 000,2 436 449,2 358 498,38,39,tesseract_por_review,pdf_text_layout,no
374,CARACARA 1,52,95,14,20 117,184 192,184 192,24,31,71,32,416 050,92 452 903,92 421 621,38,39,pdf_text_layout,pdf_text_layout,no
375,MUCAJAI,-,-,-,-,Ed,-,,,,,,,,38,39,tesseract_por_review,pdf_text_layout_partial,yes
376,NORMANDIA,-,-,-,-,-,-,11,11,21,7,512 600,2 253 !181,2 253 981,38,39,tesseract_por_review,pdf_text_layout,no
377,SÃO JOÃO DA BALIZA,-,-,-,-,-,-,28,28,60,16.,1 369 000,8 352 000,8 128 000,38,39,tesseract_por_review,pdf_text_layout,no
378,SÃO LUIZ,,,,,,,32,36,82,21,1 164 678,898 873,5 720 959,38,39,pdf_text_layout_partial,pdf_text_layout,yes
379,PARA,11 566,51 333,23 857,158 727,117 541 737,117 004 669,14 314,15 566,71 658,42 210,702 822 205,11 444 986 939,11 359 819 730,38,39,pdf_text_layout,pdf_text_layout,no
380,COMERCIO VAREJISTA,10 827,43 240,20 087,3 903 364,62 916 909,62 485 434,13 749,14 778,63 588,37 295,595 186 834,7 192 273 878,7 124 839 166,38,39,pdf_text_layout,pdf_text_layout,no
381,PROD. ALIMENTICIOS. BEBIDAS E FUMO,6 295,14 430,3 295,1 091 138,10 725 989,10 657 422,7 821,8 005,21 885,9 225,214 108 713,1 531 699 zoa,1 519 394 107,38,39,pdf_text_layout,pdf_text_layout,no
382,"PROD. FARMACEUTICOS, ODONT",,,,,,,,,,,,,,38,39,pdf_text_tokens_partial,missing,yes
383,"TECIDOS, VESTUARIO E ARMARINHO",1 589,7 572,4 397,595 031,5 896 266,5 884 470,1 967,2 119,9 905,6 439,89 010 716,750 043 552,748 176 741,38,39,pdf_text_layout,pdf_text_layout,no
384,MAQ. E APARELHOS ELETR. USO DOMEST,400,3 691,2 D97,362 409,6 967 745,6 932 320,253,443,4 934,3 570,39 134 755,517 768 977,513 700 833,38,39,pdf_text_layout,pdf_text_layout,no
385,"FERRAGENS, MAT. ELETR. E ELETRONICO",548,3 411,1 645,342 659,5 410 849,5 373 116,738,835,4 785,3 019,42 330 313,571 322 283,563 965 437,38,39,pdf_text_layout,pdf_text_layout,no
386,"VEICULOS NOVOS E USADOS, PEÇAS",243,1 805,933,250 746,7 067 486,7 023 179,480,530,4 029,2 527,47 380 792,954 943 608,935 151 903,38,39,pdf_text_layout,pdf_text_layout,no
387,MAQ. E EQUIP. DE USO INDUSTRIAL,104,1 208,538,232 170,4 173 710,4 114 427,132,170,1 639,1 091,23 503 229,473 324 866,465 905 389,38,39,pdf_text_layout,pdf_text_layout,no
388,COMBUSTIVEIS E LUBRIFICANTES,228,1 515,8D8,147 826,7 869 217,7 780 702,267,335,z 117,1 613,19 846 739,947 795 678,942 622 036,38,39,pdf_text_layout,pdf_text_layout,no
389,"PAPELARIAS, ~IVRARIAS",132,756,489,75 854,599 200,593 922,168,188,1 019,714,9 660 447,67 527 271,67 054 378,38,39,pdf_text_tokens,pdf_text_layout,no
390,MERC. EM GERAL - INC. ALIMENTICIOS,299,3 822,2 963,326 255,7 623 863,7 612 896,359,464,5 549,193,43 095 036,775 976 857,772 036 426,38,39,pdf_text_layout,pdf_text_layout,no
391,MERC. EM GERAL - EXC. ALIMENTICIOS,63,1 138,845,119 906,2 507 467,2 506 029,38,46,1 557,475,8 471 085,178 337 587,178 295 560,38,39,pdf_text_layout,pdf_text_layout,no
392,ARTIGOS DIVERSOS,316,1 420,822,117 555,1 296 D55,1 283 766,404,459,2 135,289,17 624 300,136 296 262,132 231 576,38,39,pdf_text_layout,pdf_text_layout,no
393,ARTIGOS USADOS,14,30,22,2 744,20 854,20 854,51,52,166,76,1 389 727,7 195 602,7 090 468,38,39,pdf_text_tokens,pdf_text_layout,no
394,COMERCIO ATACADISTA,651,6 170,700,815 632,54 624 828,54 519 235,,,,,,,,38,39,pdf_text_layout,pdf_text_tokens_partial,yes
395,PRODUTOS EXTRATIVOS E AGROPECUARIOS,75,650,408,100 362,9 293 954,9 285 641,131 167,960 623,12,781 317,713 397,099 711,722 464,38,39,pdf_text_layout,pdf_text_tokens,no
396,"PROD. ALIMENTICIOS, BEBIDAS E FUMO",324,2 494,1 432,282 188,9 582 D91,9 569 856,273 333,3 031,2 306,31 079 278,877 641,917 873,824 258,38,39,pdf_text_layout,pdf_text_layout,no
397,"PROD. FARMACEUTICOS, ODONT. E VETER",53,539,250,68 558,1 588 197,1 585 186,44,55,771 539,13 881 502,208 837,269 205,489 856,38,39,pdf_text_layout,pdf_text_layout,no
398,"TECIDOS, VESTUARIO E ARMARINHO",26,333,241,36 099,742 013,739 237,,,,,,,,38,39,pdf_text_layout,pdf_text_layout_partial,yes
399,MAQ. E APARELHOS ELETR. USO DOMEST,6,71,30,9 669,418 4DO,411 608,3,3,(C),(C),(X),(A),(A),38,39,pdf_text_layout,pdf_text_tokens,no
400,"FERRAGENS, MAT. ELETR. E ELETRONICO",64,793,521,87 137,3 338 986,3 336 297,33,47,506 372,6 905 326,201 218,821 198,559 111,38,39,pdf_text_layout,pdf_text_layout,no
401,"VEICULOS NOVOS E USADOS, PEÇAS",6,67,25,15 383,38D 886,380 886,,,,,,,,38,39,pdf_text_layout,pdf_text_tokens_partial,yes
402,MAQ. E EQUIP. DE USO INDUSTRIAL,9,210,126,53 161,1 637 946,1 620 039,,,,,,,,38,39,pdf_text_layout,pdf_text_tokens_partial,yes
403,COMBUSTIVEIS E LUBRIFICANTES,31,295,275,60 583,25 579 561,"25 57,J 937",5,27,182 167,5 990 062,942 602,779 940,223 987,38,39,pdf_text_layout,pdf_text_layout,no
404,"PAPELARIAS, LIVRARIAS",17,182,93,30 900,690 400,689 085,7,14,146,89,2 498 326,54 350 329,53 991 483,40,41,mistral_table,mistral_table,no
405,MERC. EM GERAL - INC. ALIMENTICIOS,11,348,205,54 424,901 440,858 759,5,8,210,84,3 234 494,47 695 543,47 566 911,40,41,mistral_table,mistral_table,no
406,MERC. EM GERAL - EXC. ALIMENTICIOS,4,61,37,11 252,77 109,77 109,2,2,CDl,1Dl,(X),IB),(B),40,41,mistral_table,pdf_text_layout,no
407,ARTIGOS DIVERSOS,15,65,30,9 545,140 101,139 851,6,8,51,39,702 452,9 401 577,9 302 837,40,41,mistral_table,mistral_table,no
408,ARTIGOS USADOS,10,58,27,6 270,253 744,253 744,9,10,102,87,760 441,15 029 557,14 900 346,40,41,mistral_table,mistral_table,no
409,REGIÃO METROPOLITANA,3 665,28 218,15 743,3 195 523,78 570 043,78 196 190,2 643,4 220,34 501,23 406,311 876 959,6 511 050 528,6 459 051 129,40,41,mistral_table,mistral_table,no
410,COMERCIO VAREJISTA,3 268,22 260,13 074,2 179 574,38 600 650,38 312 942,3 384,3 835,28 809,20 092,231 342 092,3 524 308 379,3 486 112 142,40,41,mistral_table,mistral_table,no
411,"PROD. ALIMENTICIOS, BEBIDAS E FUMO",1 459,3 755,1 244,293 434,3 522 752,3 504 867,1 516,1 570,4 893,2 290,35 371 138,382 078 608,379 362 333,40,41,mistral_table,mistral_table,no
412,"PROD. FARMACÊUTICOS, ODONT. E VETER",187,1 236,795,123 412,1 348 560,1 303 343,296,320,1 663,1 063,12 617 603,98 293 918,97 869 708,40,41,mistral_table,mistral_table,no
413,"TECIDOS, VESTUARIO E ARMARINHO",497,4 000,2 770,323 977,3 051 805,3 044 846,507,571,4 895,3 849,38 817 917,354 205 317,353 166 698,40,41,mistral_table,mistral_table,no
414,MAQ. E APARELHOS ELETR. USO DOMEST,187,2 472,1 343,246 096,4 414 448,4 385 825,84,168,3 064,2 322,23 432 331,307 595 010,304 447 988,40,41,mistral_table,mistral_table,no
415,"FERRAGENS, MAT. ELETR. E ELETRÔNICO",312,2 452,1 187,251 275,3 879 670,3 847 592,336,393,2 836,1 844,23 718 643,314 742 533,307 977 778,40,41,mistral_table,mistral_table,no
416,"VEICULOS NOVOS E USADOS, PECAS",115,306,722,195 197,5 880 208,5 848 812,148,175,2 400,1 580,29 741 062,730 585 416,718 318 435,40,41,mistral_table,mistral_table,no
417,MAQ. E EQUIP. DE USO INDUSTRIAL,57,980,425,202 639,3 409 959,3 355 962,53,69,1 073,754,15 937 861,281 686 344,275 368 465,40,41,mistral_table,mistral_table,no
418,COMBUSTÍVEIS E LUBRIFICANTES,82,777,393,74 075,3 932 643,3 874 602,76,91,796,606,6 616 017,280 191 475,277 991 038,40,41,mistral_table,mistral_table,no
419,"PAPELARIAS, LIVRARIAS",67,559,388,60 181,456 420,453 064,74,86,671,505,9 478 753,42 043 753,41 675 585,40,41,mistral_table,mistral_table,no
420,MERC. EM GERAL - INC. ALIMENTICIOS,87,2 656,2 335,205 907,5 436 795,5 435 770,37,64,3 483,2 868,18 402 035,475 515 103,475 427 413,40,41,mistral_table,mistral_table,no
421,MERC. EM GERAL - EXC. ALIMENTICIOS,18,1 001,793,109 459,2 315 076,2 313 768,7,11,1 402,1 386,6 930 568,160 789 652,160 751 625,40,41,mistral_table,mistral_table,no
422,ARTIGOS DIVERSOS,186,1 053,657,87 178,931 480,822 637,217,254,1 528,975,12 455 620,91 715 615,88 983 595,40,41,mistral_table,mistral_table,no
423,ARTIGOS USADOS,14,30,22,2 744,20 854,20 854,33,33,105,90,822 544,4 855 595,4 801 481,40,41,mistral_table,mistral_table,no
424,COMERCIO ATACADISTA,328,4 280,2 612,606 553,39 969 393,39 883 248,259,339,4 434,3 281,60 279 224,2 986 665 600,2 972 938 987,40,41,mistral_table,mistral_table,no
425,PRODUTOS EXTRATIVOS E AGROPECUÁRIOS,27,421,271,74 748,7 437 348,7 429 435,42,48,403,283,5 378 143,307 430 029,306 422 425,40,41,mistral_table,mistral_table,no
426,"PROD. ALIMENTICIOS, BEBIDAS E FUMO",118,1 373,846,174 140,6 513 232,6 504 681,97,124,1 662,1 339,17 773 471,557 832 314,557 233 665,40,41,mistral_table,mistral_table,no
427,"PROD. FARMACÊUTICOS, ODONT. E VETER",39,457,204,59 594,1 239 053,1 236 042,31,40,682,482,12 398 449,180 032 759,176 697 887,40,41,mistral_table,mistral_table,no
428,"TECIDOS, VESTUARIO E ARMARINHO",23,324,235,34 907,725 526,723 330,21,27,379,287,3 220 075,68 240 450,68 229 199,40,41,mistral_table,mistral_table,no
429,MAQ. E APARELHOS ELETR. USO DOMEST,4,63,24,8 530,398 098,391 328,2,2,(C),(C),(X),(A),(A),40,41,mistral_table,pdf_text_tokens,no
430,"FERRAGENS, MAT. ELETR. E ELETRÔNICO",52,743,493,83 181,3 152 727,3 150 038,26,37,445,319,6 397 507,176 704 102,174 067 526,40,41,mistral_table,mistral_table,no
431,"VEICULOS NOVOS E USADOS, PECAS",5,57,21,11 793,329 555,329 555,6,7,74,90,779 577,23 853 273,22 248 675,40,41,mistral_table,mistral_table,no
432,MAQ. E EQUIP. DE USO INDUSTRIAL,8,18 187,103,45 939,1 778 376,925 925,11,11,210,135,3 633 710,53 123 924,51 677 463,40,41,mistral_table,mistral_table,no
433,COMBUSTÍVEIS E LUBRIFICANTES,12,236,213,38 539,17 623 822,17 616 218,1,12,120,111,4 471 341,1 512 394 126,1 510 015 334,40,41,mistral_table,mistral_table,no
434,"PAPELARIAS, LIVRARIAS",17,182,93,30 900,690 400,689 085,6,12,137,82,2 402 606,53 701 607,53 342 761,40,41,mistral_table,mistral_table,no
435,"MERC. EM GERAL - INC, ALIMENTICIOS",2,(E),CD),CX),CD),CD),3,4,160,52,2 592 216,30 702 466,30 581 489,40,41,pdf_text_layout,mistral_table,no
436,MERC. EM GERAL - r~c. ALIMENTICIOS,1,(E),CD),CX),(C),CC),1,1,(8),(B),(X),(A),(A),40,41,pdf_text_layout,pdf_text_layout,no
437,ARTIGOS DIVERSOS,10,48,21,7 040,126 946,126 696,5,6,37,26,334 699,4 585 787,4 487 047,40,41,mistral_table,mistral_table,no
438,ARTIGOS USADOS,10,58,27,6 270,253 744,253 744,7,8,99,85,740 576,14 834 717,14 705 506,40,41,mistral_table,mistral_table,no
439,BELEM,3 537,27 031,15 308,2 997 960,74 502 224,74 146 464,3 595,4 158,33 726,22 923,303 864 501,6 289 829 598,6 244 273 316,40,41,mistral_table,mistral_table,no
440,COMERCIO VAREJISTA,3 160,21 524,12 772,2 079 214,35 951 788,35 679 129,3 344,3 786,28 322,19 854,225 679 668,3 409 033 188,3 377 262 115,40,41,mistral_table,mistral_table,no
441,"PROD. ALIMENTICIOS, BEBIDAS E FUMO",1 393,3 578,1 195,277 977,3 402 463,3 395 748,494,1 548,4 815,2 269,34 860 081,377 986 712,375 506 609,40,41,mistral_table,mistral_table,no
442,"PROD. FARMACÊUTICOS, ODONT. E VETER",181,1 221,790,121 807,1 338 736,1 293 519,294,316,1 660,1 062,12 565 231,98 152 004,97 727 754,40,41,mistral_table,mistral_table,no
443,"TECIDOS, VESTUARIO E ARMARINHO",494,3 994,2 770,323 662,3 049 772,3 042 813,506,570,4 891,3 849,39 799 917,354 023 553,352 984 934,40,41,mistral_table,mistral_table,no
444,MAQ. E APARELHOS ELETR. USO DOMEST,187,2 472,1 343,246 096,4 414 448,4 386 825,84,168,3 064,2 322,23 432 331,307 595 010,304 447 988,40,41,mistral_table,mistral_table,no
445,"FERRAGENS, MAT. ELETR. E ELETRÔNICO",304,2 419,1 170,246 816,3 829 123,3 797 057,330,385,2 803,1 828,13 474 620,312 821 370,306 037 759,40,41,mistral_table,mistral_table,no
446,"VEICULOS NOVOS E USADOS, PECAS",108,1 203,694,179 125,5 245 412,5 214 136,143,170,2 195,1 501,26 577 393,666 837 041,660 205 816,40,41,mistral_table,mistral_table,no
447,MAQ. E EQUIP. DE USO INDUSTRIAL,53,818,335,167 273,2 217 664,2 163 667,51,65,979,677,14 978 475,253 810 274,248 035 431,40,41,mistral_table,mistral_table,no
448,COMBUSTÍVEIS E LUBRIFICANTES,73,696,349,66 077,3 565 344,3 531 028,74,87,762,579,6 238 496,265 305 218,263 074 781,40,41,mistral_table,mistral_table,no
449,"PAPELARIAS, LIVRARIAS",67,559,388,60 181,456 420,453 064,76,86,671,505,6 478 753,42 043 793,41 675 585,40,41,mistral_table,mistral_table,no
450,MERC. EM GERAL - INC. ALIMENTICIOS,82,2 480,2 266,190 819,5 145 016,5 144 013,37,91,3 447,2 851,18 045 639,473 097 347,473 009 657,40,41,mistral_table,mistral_table,no
451,MERC. EM GERAL - EXC. ALIMENTICIOS,18,1 001,793,109 459,2 315 076,2 313 768,7,11,1 402,1 386,6 930 568,160 789 652,160 751 625,40,41,mistral_table,mistral_table,no
452,ARTIGOS DIVERSOS,186,1 053,657,87 178,931 460,922 637,217,254,1 528,975,12 455 620,91 715 615,88 983 595,40,41,mistral_table,mistral_table,no
453,ARTIGOS USADOS,14,30,22,2 744,20 854,20 854,33,33,105,90,822 544,4 855 595,4 801 481,40,41,mistral_table,mistral_table,no
454,COMERCIO ATACADISTA,317,4 072,2 479,570 613,38 550 436,38 467 335,251,326,4 146,3 036,57 929 190,2 880 719 861,2 867 011 201,40,41,mistral_table,mistral_table,no
455,PRODUTOS EXTRATIVOS E AGROPECUÁRIOS,25,410,271,74 171,7 437 348,7 429 435,39,44,315,201,4 636 352,257 000 416,256 010 765,40,41,mistral_table,mistral_table,no
456,"PROD. ALIMENTICIOS, BEBIDAS E FUMO",112,1 199,729,141 805,5 334 418,5 328 911,93,119,1 554,1 254,17 040 476,541 250 410,540 651 761,40,41,mistral_table,mistral_table,no
457,"PROD. FARMACÊUTICOS, ODONT. E VETER",38,443,192,57 202,1 004 568,1 001 557,31,40,682,482,12 398 449,180 032 795,176 697 887,40,41,mistral_table,mistral_table,no
458,"TECIDOS, VESTUARIO E ARMARINHO",23,324,235,34 907,725 526,723 330,21,27,379,287,3 220 075,68 240 450,68 229 199,40,41,mistral_table,mistral_table,no
459,MAQ. E APARELHOS ELETR. USO DOMEST,4,63,24,8 530,398 098,391 328,2,2,CC),(C),(X),(A),IA),40,41,mistral_table,pdf_text_layout,no
460,"FERRAGENS, MAT. ELETR. E ELETRÔNICO",51,736,490,82 617,3 148 009,3 145 320,25,34,357,242,5 688 047,142 008 213,139 371 637,40,41,mistral_table,mistral_table,no
461,"VEICULOS NOVOS E USADOS, PECAS",4,57,21,11 793,329 555,329 555,6,7,74,60,779 577,23 853 273,22 248 675,40,41,mistral_table,mistral_table,no
462,MAQ. E EQUIP. DE USO INDUSTRIAL,8,187,103,45 939,1 193 832,1 175 925,11,11,210,135,3 633 710,53 123 924,51 677 463,40,41,mistral_table,mistral_table,no
463,COMBUSTÍVEIS E LUBRIFICANTES,12,226,213,38 539,17 623 822,17 616 218,1,11,116,110,4 305 553,1 508 155 793,1 505 777 001,40,41,mistral_table,mistral_table,no
464,"PAPELARIAS, LIVRARIAS",17,182,93,30 900,690 400,689 085,6,12,137,82,2 402 606,53 701 607,53 342 761,40,41,mistral_table,mistral_table,no
465,"MERC. EM GERAL - INC, ALIMENTICIOS",2,CE),(D),(XI,CD),(0),3,4,160,52,2 592 216,30 702 466,30 581 489,40,41,pdf_text_layout,mistral_table,no
466,MERC. EM GERAL - EXC. ALIMENTICIOS,1,CE),CD>,CX),CC),(C),1,1,(8),(8),(X),(A),IA),40,41,pdf_text_layout,pdf_text_layout,no
467,ARTIGOS DIVERSOS,10,48,21,7 040,126 946,126 696,5,6,37,26,334 699,4 585 787,4 487 047,40,41,mistral_table,mistral_table,no
468,ARTIGOS USADOS,9,56,26,6 198,252 804,252 804,7,8,99,85,740 576,14 834 717,14 705 506,40,41,mistral_table,mistral_table,no
469,SANTAREM,769,3 005,1 471,292 943,5 709 817,5 690 744,943,1 031,4 247,2 604,40 900 756,611 412 462,605 298 133,40,41,mistral_table,mistral_table,no
470,COMERCIO VAREJISTA,701,2 504,1 267,231 543,3 771 617,3 762 662,991,957,3 756,2 265,34 510 847,369 384 967,365 353 396,40,41,mistral_table,mistral_table,no
471,"PROD. ALIMENTICIOS, BEBIDAS E FUMO",376,726,115,62 478,630 539,629 281,570,577,1 448,840,12 865 689,72 043 594,71 299 435,40,41,mistral_table,mistral_table,no
472,"FERRAGENS, MAT. ELETR. E ELETRÔNICO",26,193,133,15 711,398 979,398 619,50,59,455,348,4 441 165,58 377 785,58 186 385,40,41,mistral_table,mistral_table,no
473,MAQ. E EQUIP. DE USO INDUSTRIAL,10,75,46,10 073,253 874,252 518,10,12,127,71,1 995 339,62 417 709,61 793 193,40,41,mistral_table,mistral_table,no
474,DEMAIS GÉNEROS,289,1 510,973,143 281,2 488 225,2 482 244,261,309,1 728,1 206,15 208 454,176 545 879,174 074 383,40,41,mistral_table,mistral_table,no
475,COMERCIO ATACADISTA,55,296,192,35 448,1 938 200,1 928 082,52,72,468,339,6 206 621,242 027 495,239 944 737,40,41,mistral_table,mistral_table,no
476,ABAETETUBA,193,584,273,64 673,757 243,757 171,272,294,792,413,7 005 928,62 063 892,61 999 441,40,41,mistral_table,mistral_table,no
477,ACARA,23,78,2,2 887,29 705,29 705,292,294,769,360,5 870 603,61 050 173,60 775 073,40,41,mistral_table,mistral_table,no
478,AFUA,75,308,95,17 353,292 211,292 011,121,127,319,163,3 812 749,26 741 118,26 171 318,40,41,mistral_table,mistral_table,no
479,ALEMQUER,151,333,84,33 430,280 565,280 565,121,136,395,141,2 554 127,29 176 559,28 873 023,40,41,mistral_table,mistral_table,no
480,ALMEIRIM,69,379,176,37 969,4 555 258,4 554 728,87,97,389,305,6 151 211,162 191 779,160 013 948,40,41,mistral_table,mistral_table,no
481,ALTAMIRA,250,961,392,72 916,1 266 123,1 256 105,356,379,1 468,900,12 351 821,191 483 004,190 445 046,42,43,mistral_table,mistral_table,no
482,ANAJAS,56,113,36,14 860,121 031,120 901,152,152,362,164,4 447 648,21 126 600,21 126 600,42,43,mistral_table,mistral_table,no
483,ANANINDEUA,128,1 187,435,197 863,4 067 819,4 049 726,48,62,775,483,8 012 458,221 220 930,214 777 813,42,43,mistral_table,mistral_table,no
484,AUGUSTO CORREA,10,21,1,817,4 486,4 486,11,11,17,95,824,556 808,556 808,42,43,mistral_table,pdf_text_tokens,no
485,AVEIRO,44,104,20,7 353,75 981,73 751,167,171,588,252,6 293 183,25 839 557,25 687 557,42,43,mistral_table,mistral_table,no
486,BAGRE,18,65,15,8 213,63 126,63 126,15,15,39,18,719 441,2 844 488,2 831 288,42,43,mistral_table,mistral_table,no
487,BAIÃO,59,81,25,4 183,45 601,45 270,98,102,261,123,2 455 784,35 902 375,35 579 375,42,43,mistral_table,mistral_table,no
488,BARCARENA,55,152,50,11 122,119 411,119 075,156,167,482,247,3 709 493,49 782 989,48 591 021,42,43,mistral_table,mistral_table,no
489,BENEVIDES,73,193,29,10 428,232 421,229 582,113,117,375,163,3 251 089,56 423 103,55 770 748,42,43,mistral_table,mistral_table,no
490,BONITO,5,5,-,942,8 361,5 920,21,21,58,21,267 000,1 695 610,1 687 610,42,43,mistral_table,mistral_table,no
491,BRAGANÇA,246,672,280,49 423,877 498,875 206,182,200,665,344,4 777 470,62 122 896,61 920 786,42,43,mistral_table,mistral_table,no
492,BREVES,131,452,191,29 340,386 781,386 198,64,74,268,145,2 921 839,30 975 110,30 484 954,42,43,mistral_table,mistral_table,no
493,BUJARU,65,189,41,10 420,148 161,147 920,114,116,297,140,2 046 689,14 937 079,14 934 829,42,43,mistral_table,mistral_table,no
494,CACHOEIRA DO ARARI,60,104,14,5 396,33 680,33 360,49,50,139,60,915 290,4 632 724,4 624 774,42,43,mistral_table,mistral_table,no
495,CAMETA,292,773,220,54 241,1 015 329,1 009 090,217,230,606,306,7 627 393,97 250 032,96 478 143,42,43,mistral_table,mistral_table,no
496,CAPANEMA,176,573,218,43 996,902 519,902 244,184,198,768,486,7 795 410,137 629 049,137 377 837,42,43,mistral_table,mistral_table,no
497,CAPITÃO POÇO,93,225,62,14 776,254 771,254 109,79,83,248,102,1 655 096,26 686 875,26 582 875,42,43,mistral_table,mistral_table,no
498,CASTANHAL,295,1 422,723,131 045,2 730 157,2 711 598,310,362,1 823,1 158,16 432 013,311 573 351,308 287 437,42,43,mistral_table,mistral_table,no
499,CHAVES,22,96,31,5 010,39 714,39 714,101,101,233,128,2 858 000,10 956 420,10 869 420,42,43,mistral_table,mistral_table,no
500,COLARES,13,22,5,1 990,20 940,20 872,8,8,19,8,186 300,1 016 500,969 500,42,43,mistral_table,mistral_table,no
501,CONCEIÇÃO DO ARAGUAIA,514,1 291,517,145 903,2 136 373,2 132 892,180,189,745,386,6 184 031,67 106 027,66 982 887,42,43,mistral_table,mistral_table,no
502,CURRALINHO,21,51,16,3 923,25 289,25 245,13,14,48,20,675 000,3 697 800,3 592 800,42,43,mistral_table,mistral_table,no
503,CURUÇA,41,77,6,3 950,23 236,22 736,33,34,52,7,255 120,1 967 000,1 907 300,42,43,mistral_table,mistral_table,no
504,FARO,15,37,15,3 683,28 540,26 740,47,51,154,59,1 207 779,9 912 991,9 724 311,42,43,mistral_table,mistral_table,no
505,GURUPA,83,211,16,15 474,145 467,143 461,99,104,315,157,4 477 036,28 481 745,27 865 645,42,43,mistral_table,mistral_table,no
506,IGARAPE-AÇU,72,215,40,15 644,229 958,228 632,60,65,198,88,1 752 640,17 121 422,16 273 875,42,43,mistral_table,mistral_table,no
507,IGARAPE-MIRI,170,429,168,22 742,333 704,325 547,231,242,617,294,5 007 742,54 183 954,53 794 754,42,43,mistral_table,mistral_table,no
508,INHANGAPI,5,10,1,423,4 169,3 910,9,9,24,9,189 400,1 152 678,1 150 998,42,43,mistral_table,mistral_table,no
509,IRITUJA,68,191,53,15 983,241 932,241 392,82,85,259,119,2 149 040,32 427 022,32 379 622,42,43,mistral_table,mistral_table,no
510,ITAITUBA,576,1 460,426,166 381,3 251 016,3 245 271,1 259,1 329,4 302,2 328,90 774 900,993 289 828,990 907 419,42,43,mistral_table,mistral_table,no
511,ITUPIRANGA,15,40,9,1 646,42 402,42 229,73,73,210,87,1 490 000,12 287 400,12 283 400,42,43,mistral_table,mistral_table,no
512,JACUNDA,29,78,20,6 457,109 016,108 841,83,86,256,105,2 805 678,25 575 321,25 072 661,42,43,mistral_table,mistral_table,no
513,JURUTI,45,81,2,3 559,40 050,39 983,63,63,166,40,1 811 474,16 852 292,16 732 292,42,43,mistral_table,mistral_table,no
514,LIMOEIRO DO AJURU,117,178,12,13 598,69 677,68 562,14,18,47,18,415 255,3 117 708,3 069 708,42,43,mistral_table,mistral_table,no
515,MAGALHÃES BARATA,14,25,-,933,5 739,5 685,6,6,11,-,47 080,470 780,470 780,42,43,mistral_table,mistral_table,no
516,MARABA,294,1 075,474,88 051,1 738 001,1 724 847,652,730,2 859,1 581,24 930 631,357 753 553,355 645 860,42,43,mistral_table,mistral_table,no
517,MARACANÁ,27,63,11,4 412,48 889,48 522,101,102,281,113,1 762 502,16 364 283,16 284 283,42,43,mistral_table,mistral_table,no
518,MARAPANIM,40,86,5,2 843,22 965,22 960,37,40,109,19,1 202 128,9 967 294,9 797 294,42,43,mistral_table,mistral_table,no
519,MELGAÇO,10,22,9,1 779,20 246,20 246,19,19,60,22,733 600,4 173 179,3 952 679,42,43,mistral_table,mistral_table,no
520,MOCAJUBA,140,246,13,11 713,138 535,136 824,64,64,170,82,2 069 800,11 267 112,11 267 112,42,43,mistral_table,mistral_table,no
521,MOJU,34,90,32,6 163,40 011,40 011,137,139,424,145,2 407 515,17 568 768,17 442 768,42,43,mistral_table,mistral_table,no
522,MONTE ALEGRE,107,275,58,18 260,247 846,247 846,163,168,584,219,4 590 155,47 348 643,47 339 543,42,43,mistral_table,mistral_table,no
523,MUANA,34,82,16,5 946,36 170,33 497,25,25,66,23,385 535,3 694 671,3 689 171,42,43,mistral_table,mistral_table,no
524,NOVA TIMBOTEUA,24,39,12,3 760,40 181,40 179,16,17,37,7,305 029,3 683 379,3 675 979,42,43,mistral_table,mistral_table,no
525,OBIDOS,137,309,84,25 572,524 650,523 063,159,176,482,150,4 086 498,70 069 512,70 023 876,42,43,mistral_table,mistral_table,no
526,OEIRAS DO PARA,7,12,1,978,9 800,9 440,10,10,32,11,311 800,616 000·,616 000,44,45,mistral_table,pdf_text_layout,no
527,ORIXIMINA,108,261,78,28 680,703 334,701 361,91,108,299,144,4 509 012,83 552 325,83 390 041,44,45,mistral_table,pdf_text_layout,no
528,OUREM,101,200,44,18 052,219 821,218 633,92,97,247,90,2 241 045,"31 ""235 227",31 200 807,44,45,mistral_table,pdf_text_layout,no
529,PARAGOMINAS,135,525,207,32 564,641 175,626 274,177,187,591,266,4 962 439,92 409 236,92 290 548,44,45,mistral_table,pdf_text_layout,no
530,PEIXE-BOI,7,12,2,1 071,5 886,5 886,6,13,77,400,751,287,751 287,44,45,mistral_table,pdf_text_tokens,no
531,PONTA DE PEDRAS,13,29,8,1 334,12 275,12 275,31,31,101,40,718 625,3 759 912,3 638 627,44,45,mistral_table,pdf_text_layout,no
532,PORTEL,81,224,102,16 148,162 071,161 586,27,31,79,36,666 152,7 388 910,7 348 910,44,45,mistral_table,pdf_text_layout,no
533,PORTO DE MOZ,29,71,23,4 309,46 601,45 651,27,28,89,32,988 942,8 041 215,7 969 115,44,45,mistral_table,pdf_text_layout,no
534,PRAINHA,67,141,29,10 794,109 333,108 869,107,111,290,122,3 045 656,40 198 571,40 193 911,44,45,mistral_table,pdf_text_layout,no
535,PRIMAVERA,55,99,15,7 546,48 620,48 137,29,31,68,13,384 299,3 166 076,3 OIS 836,44,45,mistral_table,pdf_text_layout,no
536,REDENÇÃO,-,-,-,-,-,-,"1""6",157,563,260,4 707 324,116 359 987,115 760 731,44,45,mistral_table,pdf_text_layout,no
537,RIO MARIA,-,-,-,-,-,-,70,72,266,104,998 675,18 435 779,18 323 489,44,45,mistral_table,pdf_text_layout,no
538,RONDON DO PARA,-,-,-,-,-,-,182,167,536,240,4 958 109,63 146 275,61 962 589,44,45,mistral_table,pdf_text_layout,no
539,SALINOPOLIS,74,191,28,14 436,147 692,147 692,50,53,179,75,1 628 741,20 424 741,20 324 741,44,45,mistral_table,pdf_text_layout,no
540,SALVATERRA,107,262,51,6 215,37 354,37 304,44,44,102,37,615 750,3 836 042,3 813 642,44,45,mistral_table,pdf_text_layout,no
541,SANTA CRUZ DO ARARI,36,80,3,4 471,22 024,20 033,20,21,57,19,377 336,2 234 319,2 181 269,44,45,mistral_table,pdf_text_layout,no
542,SANTA ISABEL DO PARA,83,222,57,16 283,287 487,287 257,65,72,201,85,1 239 483,19 079 387,19 070 317,44,45,mistral_table,pdf_text_layout,no
543,SANTA MARIA DO PARA,59,184,34,7 303,137 780,137 530,54,56,162,51,833. 708,12 035 695,11 925 867,44,45,mistral_table,pdf_text_layout,no
544,SANTANA DO ARAQUAIA,59,145,48,18 104,211 545,211 545,69,74,261,113,2 258 221,18 324 736,"18 027 ""36",44,45,mistral_table,pdf_text_layout,no
545,SANTAREM NOVO,7,16,-,674,2 286,2 276,,,,,,,,44,45,mistral_table,pdf_text_layout_partial,yes
546,SANTO ANTONIO DO TAUA,15,28,2,1 916,51 265,51 265,,,,,,,,44,45,mistral_table,missing,yes
547,SÃO CAETANO DE ODIVELAS,29,76,22,4 253,42 173,41 493,40,40,96,34,917 271,11 330 547,11 192 547,44,45,mistral_table,pdf_text_layout,no
548,SÃO DOMINGOS DO CAPIM,139,431,155,29 701,478 318,477 552,49,49,132,38,1 073 563,13 332 775,11 927 512,44,45,mistral_table,pdf_text_layout,no
549,SÃO FELIX DO XINGU,19,45,1,3 792,30 303,30 303,162,178,589,279,s 403 587,82 994 268,82 799 018,44,45,mistral_table,pdf_text_layout,no
550,SÃO FRANCISCO DO PARA,22,57,12,3 162,34 583,33 698,14,15,39,6,193 570,3 248 361,3 222 361,44,45,mistral_table,pdf_text_layout,no
551,SÃO JOÃO DO ARAQUAIA,80,177,28,13 961,130 695,127 659,140,140,377,135,3 312 490,22 084 405,21 531 485,44,45,mistral_table,pdf_text_layout,no
552,SÃO MIGUEL DO GUAMA,46,158,65,14 783,304 025,304 025,61,64,236,112,1 653 149,21 035 445,"21 014 7""3",44,45,mistral_table,pdf_text_layout,no
553,SÃO SEBASTIÃO DA BOA VISTA,46,123,34,10 574,80 734,79 728,35,37,141,77,394 332,7 516 410,7 046 000,44,45,mistral_table,pdf_text_layout,no
554,SENADOR JOSE PORFIRIO,4,12,7,924,348 399,348 399,37,38,100,45,236 376,62 658 776,62 543 976,44,45,mistral_table,pdf_text_layout,no
555,SOURE,131,261,37,29 895,127 077,125 717,71,74,187,44,364 407,11 705 110,11 614 610,44,45,mistral_table,pdf_text_layout,no
556,TOME-AÇU,114,385,144,30 429,611 958,604 129,109,119,441,233,3 776 216,44 029 695,"43 905 ""95",44,45,mistral_table,pdf_text_layout,no
557,TUCURUI,211,818,358,97 453,4 205 636,4 198 005,454 474,516 855,16,710 411,178 467,699 178,145 365,44,45,mistral_table,pdf_text_tokens,no
558,VIGIA,90,163,40,11 799,141 442,138 403,57,62 152,57,046 680,9,157 842,045 182,44,45,mistral_table,pdf_text_tokens,no
559,VISEU,49,106,10,7 076,64 850,63 812,44,46 110,25,701 135,11 605 297,11,ses 297,44,45,mistral_table,pdf_text_layout,no
560,XINGUARA,-,-,-,-,-,-,235 241,737 382,726 177,56,964 598,56,864 978,44,45,mistral_table,pdf_text_tokens,no
561,AMAPA,879,2 899,1 196,258 596,5 328 923,5 293 120,931,1 017,3 753,821,35 559 894,575 913 731,570 40 888,44,45,mistral_table,pdf_text_layout,no
562,COMERCIO VAREJISTA,851,2 775,1 129,242 015,3 879 235,3 846 983,900,974,3 509,659,32 728 302,435 988 899,431 356 154,44,45,mistral_table,pdf_text_layout,no
563,"PROD. ALIMENTICIOS, BEBIDAS E FUMO",508,1 015,147,73 718,709 044,705 709,510,526,1 157,230,10 603 737,77 091 459,76 033 397,44,45,mistral_table,pdf_text_layout,no
564,"PROD. FARMACÊUTICOS, ODONT. E VETER",30,77,30,7 756,84 104,84 104,57,62,163,55,1 557 463,14 932 929,14 912 929,44,45,mistral_table,pdf_text_layout,no
565,"TECIDOS, VESTUÁRIO E ARMARINHO",131,589,391,50 782,502 890,502 890,152,168,762,482,7 359 799,80 595 558,80 528 039,44,45,mistral_table,pdf_text_layout,no
566,MAQ. E APARELMOS ELETR. USO DOMEST,28,194,71,12 703,290 613,288 186,11,22,204,132,1 996 365,16 942 367,16 942 367,44,45,mistral_table,pdf_text_layout,no
567,"FERRAGENS, MAT. ELETR. E ELETRÔNICO",54,193,74,17 353,360 476,357 373,56,60,279,151,2 662 753,·25 805 633,25 378 208,44,45,mistral_table,pdf_text_layout,no
568,"VEICULOS NOVOS E USADOS, PEÇAS",24,139,42,18 817,442 540,441 362,43,47,299,127,2 907 788,70 672 674,68 260 135,44,45,mistral_table,pdf_text_layout,no
569,MAQ. E EQUIP. DE USO INDUSTRIAL,1,(B),(A),(X),(B),(B),9,10,43,24,550 077,10 906 078,10 474 435,44,45,mistral_table,pdf_text_layout,no
570,COMBUSTÍVEIS E LUBRIFICANTES,11,58,32,7 511,496 577,493 753,6,17,129,104,787 294,55 441 869,55 399-410,44,45,mistral_table,pdf_text_layout,no
571,"PAPELARIAS, LIVRARIAS",16,47,21,3 279,50 432,50 432,15,16,67,42,634 385,8 830 609,8 828 316,44,45,mistral_table,pdf_text_layout,no
572,MERC. EM GERAL - INC. ALIMENTÍCIOS,18,362,277,39 319,782 454,770 210,15,17,313,269,2 687 601,66 384 007,66 384 007,44,45,mistral_table,pdf_text_layout,no
573,MERC. EM GERAL - EXC. ALIMENTÍCIOS,4,31,21,2 618,79 284,79 284,2,2,(C),(B),()(),(8),IB>,44,45,mistral_table,pdf_text_layout,no
574,ARTIGOS DIVERSOS,27,64,22,5 674,61 396,61 116,24,27,(E),(D),(X),(C),IB>,44,45,mistral_table,pdf_text_layout,no
575,ARTIGOS USADOS,1,(A),(A),(X),(A),(A),,,,,,,,44,45,mistral_table,missing,yes
576,"PROD. ALIMENTICIOS, BEBIDAS E FUMO",17,76,49,9 464,252 635,249 384,31,41,234,162,2 609 669,139 924 832,139 092 734,46,47,mistral_table,mistral_table,no
577,PRODUTOS EXTRATIVOS E AGROPECUARIOS,2,(A),(A),(X),(C),(C),,,,,,,,46,47,mistral_table,pdf_text_layout_partial,yes
578,COMERCIO ATACADISTA,27,112,67,15 354,1 449 688,1 445 137,27,29,157,100,1 552 866,29 235 760,29 088 560,46,47,mistral_table,mistral_table,no
579,"PROD. FARMACÊUTICOS, ODONT. E VETER",1,(B),(A),(X),(C),(C),-,-,-,-,-,-,-,46,47,mistral_table,mistral_table,no
580,"TECIDOS, VESTUÁRIO E ARMARINHO",1,(A),(A),(X),(A),(A),-,-,-,-,-,-,-,46,47,mistral_table,mistral_table,no
581,"FERRADES, MAT. ELETR. E ELETRÔNICO",3,14,4,1 824,61 976,61 976,2,2,(O),(C),(X),(A),(A),46,47,mistral_table,pdf_text_layout,no
582,MAG. E EQUIP. DE USO INDUSTRIAL,-,-,-,-,-,-,,,,,,,,46,47,mistral_table,pdf_text_layout_partial,yes
583,COMBUSTÍVEIS E LUBRIFICANTES,2,(C),(C),(X),(G),(G),-,3,10,10,276 608,91 069 831,91 069 831,46,47,mistral_table,mistral_table,no
584,"PAPELARIAS, LIVRARIAS",-,-,-,-,-,-,1,1,(A),(A),(X),(A),(A),46,47,mistral_table,tesseract_por_review,no
585,MERC. EM GERAL - INC. ALIMENTÍCIOS,-,-,-,-,-,-,,,,,,,,46,47,mistral_table,pdf_text_layout_partial,yes
586,MERC. EM GERAL - EXC. ALIMENTÍCIOS,-,-,-,-,-,-,-,1,(B),(B),(X),(B),(B),46,47,mistral_table,tesseract_por_review,no
587,ARTIGOS DIVERSOS,-,-,-,-,-,-,1,1,(A),(A),(X),(A),(A),46,47,mistral_table,mistral_table,no
588,ARTIGOS USADOS,1,(A),(A),(X),(A),(A),-,-,-,-,-,-,-,46,47,mistral_table,mistral_table,no
589,MACAPA,715,2 567,1 098,226 771,5 006 371,4 973 284,778,847,3 358,1 683,30 966 790,534 760 064,529 357 521,46,47,mistral_table,mistral_table,no
590,COMERCIO VAREJISTA,688,2 444,1 031,210 311,3 557 625,3 528 089,750,808,3 125,1 528,28 231 649,395 732 148,391 161 703,46,47,mistral_table,mistral_table,no
591,"PROD. ALIMENTICIOS, BEBIDAS E FUMO",386,799,107,57 051,516 665,515 286,411,420,935,174,7 880 309,59 126 588,58 130 826,46,47,mistral_table,mistral_table,no
592,"PROD. FARMACÊUTICOS, ODONT. E VETER",27,72,30,6 989,78 944,78 944,49,54,146,51,1 349 701,13 725 186,13 705 186,46,47,mistral_table,mistral_table,no
593,"TECIDOS, VESTUÁRIO E ARMARINHO",104,529,357,43 356,439 210,439 210,124,139,694,460,6 744 652,76 856 242,76 788 723,46,47,mistral_table,mistral_table,no
594,MAG. E APARELHOS ELETR. USO DOMEST,25,188,68,12 131,282 369,279 942,10,17,186,117,1 854 536,16 450 348,16 450 348,46,47,mistral_table,mistral_table,no
595,"FERRADES, MAT. ELETR. E ELETRÔNICO",52,189,73,16 318,354 358,352 216,51,55,267,148,2 479 570,24 439 561,24 012 136,46,47,mistral_table,mistral_table,no
596,"VEÍCULOS NOVOS E USADOS, PECAS",24,139,42,16 817,442 540,441 362,41,45,294,127,2 674 288,70 456 174,68 043 635,46,47,mistral_table,mistral_table,no
597,MAG. E EQUIP. DE USO INDUSTRIAL,1,(B),(A),(X),(B),(B),9,9,38,20,489 357,10 070 378,9 638 735,46,47,mistral_table,mistral_table,no
598,COMBUSTÍVEIS E LUBRIFICANTES,10,57,32,7 289,484 975,492 151,6,14,124,99,751 601,48 150 606,48 108 147,46,47,mistral_table,mistral_table,no
599,"PAPELARIAS, LIVRARIAS",16,47,21,3 279,50 432,50 432,14,15,66,41,610 785,8 718 609,6 715 316,46,47,mistral_table,mistral_table,no
600,MERC. EM GERAL - INC. ALIMENTÍCIOS,15,334,260,35 013,741 491,729 247,11,13,287,251,2 293 493,62 258 576,62 258 576,46,47,mistral_table,mistral_table,no
601,MERC. EM GERAL - EXC. ALIMENTÍCIOS,4,31,21,2 618,79 284,79 284,1,1,(8),(8),(X),(A),(A),46,47,mistral_table,pdf_text_layout,no
602,ARTIGOS DIVERSOS,23,57,19,4 974,57 731,57 451,23,26,(E),(D),(X),(C),(B),46,47,mistral_table,mistral_table,no
603,ARTIGOS USADOS,1,(A),(A),(X),(A),(A),-,-,-,-,-,-,-,46,47,mistral_table,mistral_table,no
604,COMERCIO ATACADISTA,26,111,67,15 233,1 448 746,1 445 195,29,38,223,155,2 513 218,139 027 916,138 195 818,46,47,mistral_table,mistral_table,no
605,PRODUTOS EXTRATIVOS E AGROPECUARIOS,2,(A),(A),(X),(C),(C),-,1,(A),(A),(X),(A),(A),46,47,mistral_table,mistral_table,no
606,"PROD. ALIMENTÍCIOS, BEBIDAS E FUMO",16,75,49,9 343,251 693,248 442,25,27,151,97,1 488 221,28 416 904,28 269 704,46,47,mistral_table,mistral_table,no
607,"PROD. FARMACÊUTICOS, ODONT. E VETER",1,(B),(A),(X),(C),(C),-,-,-,-,-,-,-,46,47,mistral_table,mistral_table,no
608,"TECIDOS, VESTUÁRIO E ARMARINHO",1,(A),(A),(X),(A),(A),-,-,-,-,-,-,-,46,47,mistral_table,mistral_table,no
609,"FERRADES, MAT. ELETR. E ELETRÔNICO",3,14,4,1 824,61 976,61 976,2,2,(D),(C),(X),(A),(A),46,47,mistral_table,mistral_table,no
610,MAG. E EQUIP. DE USO INDUSTRIAL,-,-,-,-,-,-,-,1,(A),(A),(X),(C),(C),46,47,mistral_table,mistral_table,no
611,COMBUSTÍVEIS E LUBRIFICANTES,2,(C),(C),(X),(G),(G),-,1,-,-,-,-,-,46,47,mistral_table,mistral_table,no
612,"PAPELARIAS, LIVRARIAS",-,-,-,-,-,-,1,1,(A),(A),(X),(A),(A),46,47,mistral_table,mistral_table,no
613,MERC. EM GERAL - INC. ALIMENTÍCIOS,-,-,-,-,-,-,-,1,(D),(C),(X),(B),(B),46,47,mistral_table,mistral_table,no
614,MERC. EM GERAL - EXC. ALIMENTÍCIOS,-,-,-,-,-,-,-,1,(B),(B),(X),(B),(B),46,47,mistral_table,mistral_table,no
615,ARTIGOS DIVERSOS,-,-,-,-,-,-,1,1,(A),(A),(X),(A),(A),46,47,mistral_table,mistral_table,no
616,ARTIGOS USADOS,1,(A),(A),(X),(A),(A),-,-,-,-,-,-,-,46,47,mistral_table,mistral_table,no
617,AMAPÁ,33,41,2,1 845,13 323,13 026,27,29,61,19,610 660,4 525 783,4 525 783,46,47,mistral_table,mistral_table,no
618,CALÇOENE,17,24,2,2 291,19 188,19 064,27,32,71,25,1 081 854,15 032 040,14 999 040,46,47,mistral_table,mistral_table,no
619,MAZAGÃO,86,212,73,21 731,255 506,253 211,81,88,210,67,2 315 639,16 402 064,16 402 064,46,47,mistral_table,mistral_table,no
620,OIAPOQUE,28,55,21,5 958,34 535,34 535,17,21,53,27,584 951,5 193 780,5 164 480,46,47,mistral_table,mistral_table,no
621,TOCANTINS,2 851,8 075,2 639,463 873,10 336 901,10 282 400,3 321,3 543,11 084,4 736,57 416 236,1 317 098 461,1 284 502 247,46,47,mistral_table,mistral_table,no
622,COMERCIO VAREJISTA,2 799,7 709,2 434,427 403,9 285 478,9 233 835,3 277,3 485,10 351,4 397,50 860 854,1 090 168 733,1 068 951 720,46,47,mistral_table,mistral_table,no
623,"PROD. ALIMENTÍCIOS, BEBIDAS E FUMO",1 491,3 031,308,120 132,1 435 363,1 421 997,1 640,1 656,3 514,762,13 589 226,170 839 120,169 996 980,46,47,mistral_table,mistral_table,no
624,"PROD. FARMACÊUTICOS, ODONT. E VETER",180,514,177,32 832,561 135,580 296,265,278,717,267,3 596 549,66 506 085,66 226 970,46,47,mistral_table,mistral_table,no
625,"TECIDOS, VESTUÁRIO E ARMARINHO",487,1 343,440,69 465,936 625,937 387,597,622,1 642,637,6 089 855,88 049 324,87 866 823,46,47,mistral_table,mistral_table,no
626,MAG. E APARELHOS ELETR. USO DOMEST,68,425,284,34 028,648 334,648 283,48,76,576,348,4 065 492,62 110 345,61 986 835,46,47,mistral_table,mistral_table,no
627,"FERRADES, MAT. ELETR. E ELETRÔNICO",81,309,153,19 864,386 899,384 399,123,137,592,345,3 432 595,68 216 815,67 718 323,46,47,mistral_table,mistral_table,no
628,"VEÍCULOS NOVOS E USADOS, PECAS",116,465,186,31 880,843 761,836 264,189,203,918,493,5 020 295,121 751 875,115 037 134,46,47,mistral_table,mistral_table,no
629,MAG. E EQUIP. DE USO INDUSTRIAL,15,145,65,24 178,472 708,468 137,38,47,283,183,2 222 870,56 975 286,56 576 087,46,47,mistral_table,mistral_table,no
630,COMBUSTÍVEIS E LUBRIFICANTES,90,566,354,46 320,2 976 198,2 961 143,156,189,1 008,678,7 476 774,334 240 730,331 514 309,46,47,mistral_table,mistral_table,no
631,"PAPELARIAS, LIVRARIAS",29,84,36,4 023,42 447,42 447,42,49,120,49,557 960,4 959 008,4 903 568,46,47,mistral_table,mistral_table,no
632,MERC. EM GERAL - INC. ALIMENTÍCIOS,145,577,329,31 894,803 657,801 112,84,120,681,492,3 691 380,95 907 900,87 393 335,46,47,mistral_table,mistral_table,no
633,MERC. EM GERAL - EXC. ALIMENTÍCIOS,16,(D),(C),(X),(C),(C),3,7,45,36,169 900,6 744 429,6 590 819,46,47,mistral_table,mistral_table,no
634,ARTIGOS DIVERSOS,80,209,90,10 504,123 234,120 273,82,91,227,95,879 701,13 527 449,12 820 150,46,47,mistral_table,mistral_table,no
635,ARTIGOS USADOS,1,(A),(A),(X),(A),(A),10,10,28,12,68 257,340 387,340 387,46,47,mistral_table,mistral_table,no
636,COMERCIO ATACADISTA,49,329,204,29 607,1 051 423,1 048 565,44,57,733,339,6 555 382,226 929 728,215 550 527,46,47,mistral_table,mistral_table,no
637,PRODUTOS EXTRATIVOS E AGROPECUARIOS,8,35,20,5 052,220 653,217 795,13,14,338,39,4 045 489,145 594 270,134 607 181,46,47,mistral_table,mistral_table,no
638,"PROD. ALIMENTÍCIOS, BEBIDAS E FUMO",35,264,164,22 126,754 596,754 596,21,31,294,231,1 564 223,49 902 151,49 550 845,46,47,mistral_table,mistral_table,no
639,"PROD. FARMACÊUTICOS, ODONT. E VETER",-,-,-,-,-,-,3,3,18,9,94 344,2 446 685,2 434 685,46,47,mistral_table,mistral_table,no
640,"TECIDOS, VESTUÁRIO E ARMARINHO",2,(B),(B),(X),(A),(A),3,3,20,13,227 636,3 334 470,3 333 034,46,47,mistral_table,mistral_table,no
641,"FERRADES, MAT. ELETR. E ELETRÔNICO",2,(C),(C),(X),(C),(C),-,-,-,-,-,-,-,46,47,mistral_table,mistral_table,no
642,"VEÍCULOS NOVOS E USADOS, PECAS",-,-,-,-,-,-,,,,,,,,46,47,mistral_table,pdf_text_layout_partial,yes
643,MAG. E EQUIP. DE USO INDUSTRIAL,-,-,-,-,-,-,,,,,,,,46,47,mistral_table,pdf_text_layout_partial,yes
644,COMBUSTÍVEIS E LUBRIFICANTES,-,(A),(A),(X),(B),(B),,,,,,,,46,47,mistral_table,pdf_text_layout_partial,yes
645,"PAPELARIAS, LIVRARIAS",-,-,-,-,-,-,,,,,,,,46,47,mistral_table,pdf_text_layout_partial,yes
646,MERC. EM GERAL - INC. ALIMENTÍCIOS,-,-,-,-,-,-,,,,,,,,46,47,mistral_table,pdf_text_layout_partial,yes
647,ARTIGOS USADOS,1,(B),(A),(X),(A),(A),-,-,-,-,-,-,-,46,47,mistral_table,tesseract_por_review,no
648,MIRACEMA DO NORTE,82,232,86,13 510,413 437,411 528,90 230,89,031 974,23,150 080,22,132 674,46,47,mistral_table,pdf_text_tokens,no
649,COMERCIO VAREJISTA,81,(F),(E),(X),(E),(E),,,,,,,,46,47,mistral_table,pdf_text_layout_partial,yes
650,"PROD. ALIMENTÍCIOS, BEBIDAS E FUMO",43,91,8,3 221,36 531,36 135,,,,,,,,46,47,mistral_table,pdf_text_tokens_partial,yes
651,"PROD. FARMACÊUTICOS, ODONT. E VETER",7,18,7,1 035,8 653,8 653,8,9,19,6,89 704,750 442,750 442,48,49,mistral_table,mistral_table,no
652,"TECIDOS, VESTUÁRIO E ARMARINHO",16,46,19,2 261,29 133,29 133,20,20,55,20,155 410,2 410 581,2 410 581,48,49,mistral_table,mistral_table,no
653,MAG. E APARELHOS ELETR. USO DOMEST,1,(B),(B),(X),(A),(A),2,2,(A),(A),(X),(A),(A),48,49,mistral_table,mistral_table,no
654,"FERRAGENS, MAT. ELETR. E ELETRÔNICO",3,9,6,717,6 563,6 206,4,4,9,3,29 187,473 099,473 099,48,49,mistral_table,mistral_table,no
655,"VEÍCULOS NOVOS E USADOS, PEÇAS",2,(A),(A),(X),(A),(A),1,1,(A),(A),(X),(A),(A),48,49,mistral_table,mistral_table,no
656,COMBUSTÍVEIS E LUBRIFICANTES,4,33,30,3 277,303 241,302 251,3,5,33,26,282 394,13 863 896,13 863 021,48,49,mistral_table,mistral_table,no
657,"PAPELARIAS, LIVRARIAS",1,(A),(A),(X),(A),(A),1,1,(A),(A),(X),(A),(A),48,49,mistral_table,mistral_table,no
658,MERC. EM GERAL - INC. ALIMENTÍCIOS,2,(B),(A),(X),(A),(A),4,4,32,15,138 207,1 900 172,1 627 172,48,49,mistral_table,mistral_table,no
659,ARTIGOS DIVERSOS,2,(A),(A),(X),(A),(A),1,1,(A),(A),(X),(A),(A),48,49,mistral_table,mistral_table,no
660,COMÉRCIO ATACADISTA,1,(C),(B),(X),(A),(A),2,2,(B),(A),(X),(A),(A),48,49,mistral_table,mistral_table,no
661,PRODUTOS ESTRATIVOS E AGROPECUÁRIOS,-,-,-,-,-,-,1,1,(A),(A),(X),(A),(A),48,49,mistral_table,mistral_table,no
662,"PROD. ALIMENTÍCIOS, BEBIDAS E FUMO",1,(C),(B),(X),(A),(A),1,1,(A),(A),(X),(A),(A),48,49,mistral_table,mistral_table,no
663,ALMAS,27,49,4,858,15 032,15 032,28,31,64,14,191 807,2 963 223,2 942 223,48,49,mistral_table,mistral_table,no
664,ALVORADA,54,215,71,14 413,377 625,375 071,61,63,192,54,626 816,11 894 582,11 893 356,48,49,mistral_table,mistral_table,no
665,ANANAS,43,83,4,3 041,25 447,24 512,44,45,123,3,126 645,3 689 642,3 687 642,48,49,mistral_table,mistral_table,no
666,ARAGUACEMA,43,90,22,6 124,60 430,57 609,52,55,88,14,414 377,7 643 695,7 633 695,48,49,mistral_table,mistral_table,no
667,ARAGUAÇU,54,156,10,8 203,105 625,105 163,55,56,132,51,752 521,12 605 521,12 441 121,48,49,mistral_table,mistral_table,no
668,ARAGUAÍNA,410,1 477,663,97 655,"2 458,153",2 449 945,543,602,2 418,1 382,14 050 608,306 409 638,300 614 228,48,49,mistral_table,mistral_table,no
669,ARAGUATINS,57,104,29,4 998,143 775,142 655,59,59,105,13,371 797,8 274 392,8 274 392,48,49,mistral_table,mistral_table,no
670,ARAPOEMA,53,94,8,4 096,73 788,72 439,62,64,147,43,409 004,7 676 625,7 676 625,48,49,mistral_table,mistral_table,no
671,ARRAIAS,71,137,28,9 631,107 137,106 837,57,62,124,36,419 913,8 595 409,8 254 563,48,49,mistral_table,mistral_table,no
672,AUGUSTINÓPOLIS,-,-,-,-,-,-,59,65,179,24,623 451,4 972 604,4 972 604,48,49,mistral_table,mistral_table,no
673,AURORA DO NORTE,11,19,-,317,4 159,4 159,9,10,20,4,68 726,1 312 616,1 312 616,48,49,mistral_table,mistral_table,no
674,AXIXA DE GOIAS,49,113,10,4 496,74 448,72 418,32,32,75,10,320 265,2 824 399,2 712 399,48,49,mistral_table,mistral_table,no
675,BABAQULANDIA,45,99,18,4 032,102 763,102 451,23,23,28,1,66 446,1 285 503,1 281 003,48,49,mistral_table,mistral_table,no
676,BREJINHO DE NAZARE,25,60,10,2 279,88 676,88 590,23,23,40,4,136 883,2 746 928,2 746 928,48,49,mistral_table,mistral_table,no
677,COLINAS DE GOIAS,108,348,163,20 169,444 588,441 759,133,144,474,215,2 053 045,48 753 491,48 337 420,48,49,mistral_table,mistral_table,no
678,CONCEIÇÃO DO NORTE,13,18,5,665,4 586,4 486,12,14,22,3,144 657,1 119 455,1 119 455,48,49,mistral_table,mistral_table,no
679,COUTO DE MAGALHÃES,7,16,1,702,6 164,6 164,13,14,48,29,406 809,5 861 114,5 806 821,48,49,mistral_table,mistral_table,no
680,CRISTALANDIA,46,97,23,3 908,79 623,78 158,66,71,140,47,667 329,10 928 422,10 906 502,48,49,mistral_table,mistral_table,no
681,DIANÓPOLIS,59,121,31,5 565,137 655,137 189,60,63,167,79,1 181 549,14 664 062,14 638 053,48,49,mistral_table,mistral_table,no
682,DOIS IRMÃOS DE GOIAS,25,62,4,1 525,36 112,35 716,19,19,28,2,63 289,1 208 595,1 178 259,48,49,mistral_table,mistral_table,no
683,DUERE,13,33,-,1 990,35 875,35 875,19,20,53,16,518 714,11 182 269,11 182 269,48,49,mistral_table,mistral_table,no
684,FATIMA,-,-,-,-,-,-,12,12,34,16,171 821,6 425 266,6 373 044,48,49,mistral_table,mistral_table,no
685,FIGUEIROPOLIS,-,-,-,-,-,-,25,26,79,40,411 059,14 577 232,14 540 937,48,49,mistral_table,mistral_table,no
686,FILADELFIA,35,101,9,3 417,86 732,86 696,6,6,14,6,42 358,2 060 611,2 060 611,48,49,mistral_table,mistral_table,no
687,FORMOSO DO ARAGUAÍA,37,103,19,4 204,79 722,79 642,35,39,364,18,3 729 412,143 913 204,132 915 015,48,49,mistral_table,mistral_table,no
688,GOIATINS,16,47,7,1 744,11 143,10 948,25,25,57,6,172 847,2 190 132,2 190 132,48,49,mistral_table,mistral_table,no
689,GUARAI,102,368,124,23 964,525 269,522 490,75,84,317,163,1 460 159,48 539 107,48 016 672,48,49,mistral_table,mistral_table,no
690,GURUPI,282,1 081,480,67 192,1 686 080,1 680 523,321,345,1 587,932,10 593 760,265 193 874,253 068 823,48,49,mistral_table,mistral_table,no
691,ITACAJA,40,63,9,4 401,39 479,39 475,35,38,94,32,157 243,2 439 597,2 439 597,48,49,mistral_table,mistral_table,no
692,ITAGUATINS,29,67,2,2 197,19 701,19 581,29,30,89,6,313 242,3 695 664,3 630 664,48,49,mistral_table,mistral_table,no
693,ITAPORÃ DE GOIAS,16,19,-,590,7 036,6 981,17,17,25,8,113 997,1 341 743,1 341 743,48,49,mistral_table,mistral_table,no
694,LIZARDA,11,22,5,800,7 535,7 415,9,9,12,1,71 159,924 754,924 754,48,49,mistral_table,mistral_table,no
695,MIRANORTE,55,128,59,7 521,183 430,183 400,100,103,256,85,809 941,18 467 113,18 428 864,48,49,mistral_table,mistral_table,no
696,MONTE DO CARMO,4,8,3,419,2 457,2 457,7,8,16,3,77 389,616 945,564 596,48,49,mistral_table,mistral_table,no
697,NATIVIDADE,48,77,15,3 373,57 932,57 932,53,55,111,32,424 278,8 466 783,8 444 883,48,49,mistral_table,mistral_table,no
698,NAZARE,22,46,1,1 094,11 912,11 666,30,31,78,14,268 696,2 808 287,2 747 950,48,49,mistral_table,mistral_table,no
699,NOVA OLINDA,-,-,-,-,-,-,26,26,74,32,281 679,5 661 469,5 661 469,48,49,mistral_table,mistral_table,no
700,NOVO ACORDO,22,51,13,1 137,11 959,11 904,17,17,35,9,110 164,1 984 344,1 984 344,48,49,mistral_table,mistral_table,no
701,PALMEIROPOLIS,-,-,-,-,-,-,61,63,168,46,1 010 578,12 075 445,12 075 445,48,49,mistral_table,mistral_table,no
702,PARAISO DO NORTE DE GOIAS,120,472,199,36 084,949 041,942 932,169,186,735,409,3 383 415,39 323 775,99 081 644,50,51,mistral_table,mistral_table,no
703,PARANÁ,75,179,31,5 831,103 031,103 031,20,22,37,7,126 295,1 866 876,1 866 876,50,51,mistral_table,mistral_table,no
704,PEDRO AFONSO,31,60,12,2 190,47 236,47 236,38,42,97,21,272 940,5 577 230,5 533 879,50,51,mistral_table,mistral_table,no
705,PEIXE,40,151,53,6 583,267 095,266 094,34,35,73,24,366 052,7 818 482,7 810 128,50,51,mistral_table,mistral_table,no
706,COLMEIA,68,176,43,16 167,180 159,180 009,55,58,179,52,800 990,11 764 744,11 717 754,50,51,mistral_table,mistral_table,no
707,PINDORAMA DE GOIAS,15,34,2,847,6 944,6 944,24,25,60,17,308 908,2 554 130,2 554 130,50,51,mistral_table,mistral_table,no
708,PIUM,28,67,8,1 685,28 263,28 027,17,18,34,13,123 718,2 495 812,2 495 812,50,51,mistral_table,mistral_table,no
709,PONTE ALTA DO BOM JESUS,19,37,3,780,8 875,8 875,22,23,37,10,110 016,2 052 316,2 049 362,50,51,mistral_table,mistral_table,no
710,PONTE ALTA DO NORTE,14,34,6,1 589,11 521,11 161,20,21,59,24,320 860,2 717 775,2 631 575,50,51,mistral_table,mistral_table,no
711,PORTO NACIONAL,142,449,201,25 929,585 037,582 910,181,191,635,350,3 523 175,63 981 934,63 836 175,50,51,mistral_table,mistral_table,no
712,PRESIDENTE KENNEDY,17,31,3,1 009,15 870,15 790,29,31,61,27,458 289,4 970 808,4 900 508,50,51,mistral_table,mistral_table,no
713,RIO SONO,-,-,-,-,-,-,13,13,15,-,52 328,982 108,982 108,50,51,mistral_table,mistral_table,no
714,SÃO SEBASTIÃO DO TOCANTINS,63,87,-,5 655,27 477,27 377,37,36,82,7,217 700,2 283 617,2 283 617,50,51,mistral_table,mistral_table,no
715,SILVANDPOLIS,-,-,-,-,-,-,17,18,34,9,120 555,2 800 791,2 565 791,50,51,mistral_table,mistral_table,no
716,SITIO NOVO DE GOIAS,20,52,1,1 650,16 255,16 255,22,23,51,5,212 972,1 758 421,1 658 421,50,51,mistral_table,mistral_table,no
717,TAQUATINGA,32,72,20,2 674,71 081,71 081,28,32,86,38,263 304,8 216 244,8 199 782,50,51,mistral_table,mistral_table,no
718,TOCANTINIA,23,54,14,2 136,30 992,30 716,29,29,45,5,108 633,1 702 143,1 699 143,50,51,mistral_table,mistral_table,no
719,TOCANTINOPOLIS,93,211,60,17 612,333 087,326 199,85,90,240,64,882 366,26 351 409,26 158 185,50,51,mistral_table,mistral_table,no
720,WANDERLANDIA,-,-,-,-,-,-,31,31,82,33,398 979,17 210 164,17 204 664,50,51,mistral_table,mistral_table,no
721,XAMBIOA,37,105,47,5 222,129 452,128 897,48,54,135,39,498 334,9 425 847,9 418 302,50,51,mistral_table,mistral_table,no
