source_file,section,spread_index,left_page,right_page,left_table_id,right_table_id,pair_record_index,right_subrow_index,alignment_status,state,company,municipality,plant,installation_year,energy_source,primary_motor_type,primary_motor_number,primary_motor_hp,transmission_line_km,distribution_line_km,transmission_voltage,distribution_voltage,current_type,phases,cycles,transformer_stations,personnel,municipality_plant_location,electrical_installation_capacity_hp,total_waterfall_capacity_hp,waterfall_height_m,extension_m,adduction_material,pipe_diameter_mm,pipe_thickness_mm,watercourse_used,reservoir_capacity_m3,raw_left_cells_json,raw_right_cells_json
table_1_all.pdf,section_i,1,1,2,tbl-1.md,tbl-7.md,1,1,matched,Alagoas,Nova Empresa de Luz Electrica,Maceió,—,1907,Thermica...,M. V.,3,810,-,-,-,2000,Continua...,-,-,-,-,,,,,,,,,,,"[""Nova Empresa de Luz Electrica"", ""Maceió"", ""—"", ""1907""]","[""Thermica..."", ""M. V."", ""3"", ""810"", ""-"", ""-"", ""-"", ""2.000"", ""Continua..."", ""-"", ""-"", ""-"", ""-""]"
table_1_all.pdf,section_i,1,1,2,tbl-1.md,tbl-7.md,1,2,matched,Alagoas,Nova Empresa de Luz Electrica,Maceió,—,1907,,C. I.,2,480,,,,220,Alternativa...,3,100,-,,,,,,,,,,,,"[""Nova Empresa de Luz Electrica"", ""Maceió"", ""—"", ""1907""]","["""", ""C. I."", ""2"", ""480"", """", """", """", ""220"", ""Alternativa..."", ""3"", ""100"", ""-"", """"]"
table_1_all.pdf,section_i,1,1,2,tbl-1.md,tbl-7.md,1,3,matched,Alagoas,Nova Empresa de Luz Electrica,Maceió,—,1907,,,,,,,,110,Continua...,-,-,-,,,,,,,,,,,,"[""Nova Empresa de Luz Electrica"", ""Maceió"", ""—"", ""1907""]","["""", """", """", """", """", """", """", ""110"", ""Continua..."", ""-"", ""-"", ""-"", """"]"
table_1_all.pdf,section_i,1,1,2,tbl-1.md,tbl-7.md,2,1,matched,Alagoas,Empresa Penedense de Luz e Agua,Penedo,—,1916,Thermica...,M. V.,1,125,-,7,-,110,Continua...,-,-,-,5,,,,,,,,,,,"[""Empresa Penedense de Luz e Agua"", ""Penedo"", ""—"", ""1916""]","[""Thermica..."", ""M. V."", ""1"", ""125"", ""-"", ""7"", ""-"", ""110"", ""Continua..."", ""-"", ""-"", ""-"", ""5""]"
table_1_all.pdf,section_i,1,1,2,tbl-1.md,tbl-7.md,3,1,matched,Alagoas,Empresa Luz e Força São Miguel,São Miguel de Campos,—,1917,Thermica...,M. V.,1,20,-,15,-,110,Continua...,-,-,-,3,,,,,,,,,,,"[""Empresa Luz e Força São Miguel"", ""São Miguel de Campos"", ""—"", ""1917""]","[""Thermica..."", ""M. V."", ""1"", ""20"", ""-"", ""15"", ""-"", ""110"", ""Continua..."", ""-"", ""-"", ""-"", ""3""]"
table_1_all.pdf,section_i,1,1,2,tbl-1.md,tbl-7.md,4,1,matched,Alagoas,Empresa Luz Electrica de Victoria,Victoria,—,1920,Thermica...,C. I.,1,36,-,-,-,110,Continua...,-,-,-,3,,,,,,,,,,,"[""Empresa Luz Electrica de Victoria"", ""Victoria"", ""—"", ""1920""]","[""Thermica..."", ""C. I."", ""1"", ""36"", ""-"", ""-"", ""-"", ""110"", ""Continua..."", ""-"", ""-"", ""-"", ""3""]"
table_1_all.pdf,section_i,1,1,2,tbl-2.md,tbl-8.md,5,1,matched,Amazonas,Empresa Electrica Municipal,Humaythá,—,1905,Thermica...,M. V.,1,12,-,2,-,220,Continua...,-,-,-,5,,,,,,,,,,,"[""Empresa Electrica Municipal"", ""Humaythá"", ""—"", ""1905""]","[""Thermica..."", ""M. V."", ""1"", ""12"", ""-"", ""2"", ""-"", ""220"", ""Continua..."", ""-"", ""-"", ""-"", ""5""]"
table_1_all.pdf,section_i,1,1,2,tbl-2.md,tbl-8.md,6,1,matched,Amazonas,"The Manáos Tramways and Light Company, Limited",Manáos,Central,1910,Thermica...,M. V.,4,2000,-,-,-,550,Continua...,-,-,-,-,,,,,,,,,,,"[""The Manáos Tramways and Light Company, Limited"", ""Manáos"", ""Central"", ""1910""]","[""Thermica..."", ""M. V."", ""4"", ""2.000"", ""-"", ""-"", ""-"", ""550"", ""Continua..."", ""-"", ""-"", ""-"", ""-""]"
table_1_all.pdf,section_i,1,1,2,tbl-2.md,tbl-8.md,7,1,matched,Amazonas,Madeira-Mamoré Railway Company,Porto Velho,—,1918,Thermica...,M. V.,3,370,-,13,-,220,Alternativa...,3,60,-,9,,,,,,,,,,,"[""Madeira-Mamoré Railway Company"", ""Porto Velho"", ""—"", ""1918""]","[""Thermica..."", ""M. V."", ""3"", ""370"", ""-"", ""13"", ""-"", ""220"", ""Alternativa..."", ""3"", ""60"", ""-"", ""9""]"
table_1_all.pdf,section_i,1,1,2,tbl-3.md,tbl-9.md,8,1,matched,Bahia,Antonio Balbino de Carvalho,Barreiras,Carvalho,1920,Thermica...,M. V.,1,21,-,1,-,125,Continua...,-,-,-,4,,,,,,,,,,,"[""Antonio Balbino de Carvalho"", ""Barreiras"", ""Carvalho"", ""1920""]","[""Thermica..."", ""M. V."", ""1"", ""21"", ""-"", ""1"", ""-"", ""125"", ""Continua..."", ""-"", ""-"", ""-"", ""4""]"
table_1_all.pdf,section_i,1,1,2,tbl-3.md,tbl-9.md,9,1,matched,Bahia,Companhia Brasileira de Energia Electrica,Cachoeira,Bananeiras,1920,Hydraulica...,T. H.,3,15600,110,-,44000,110,Alternativa...,3,60,1,30,,,,,,,,,,,"[""Companhia Brasileira de Energia Electrica"", ""Cachoeira"", ""Bananeiras"", ""1920""]","[""Hydraulica..."", ""T. H."", ""3"", ""15.600"", ""110"", ""-"", ""44.000"", ""110"", ""Alternativa..."", ""3"", ""60"", ""1"", ""30""]"
table_1_all.pdf,section_i,1,1,2,tbl-3.md,tbl-9.md,10,1,matched,Bahia,Empresa Industrial Conquistense,Conquista,—,1920,Thermica...,C. I.,1,20,-,1,-,230,Alternativa...,3,50,-,1,,,,,,,,,,,"[""Empresa Industrial Conquistense"", ""Conquista"", ""—"", ""1920""]","[""Thermica..."", ""C. I."", ""1"", ""20"", ""-"", ""1"", ""-"", ""230"", ""Alternativa..."", ""3"", ""50"", ""-"", ""1""]"
table_1_all.pdf,section_i,1,1,2,tbl-3.md,tbl-9.md,11,1,matched,Bahia,Companhia Luz e Força,Ilhéos,—,1916,Hydraulica...,T. H.,3,900,59,9,21500,220,Alternativa...,3,50,1,32,,,,,,,,,,,"[""Companhia Luz e Força"", ""Ilhéos"", ""—"", ""1916""]","[""Hydraulica..."", ""T. H."", ""3"", ""900"", ""59"", ""9"", ""21.500"", ""220"", ""Alternativa..."", ""3"", ""50"", ""1"", ""32""]"
table_1_all.pdf,section_i,1,1,2,tbl-3.md,tbl-9.md,11,2,matched,Bahia,Companhia Luz e Força,Ilhéos,—,1916,,,,,,,,120,,,,,,,,,,,,,,,,"[""Companhia Luz e Força"", ""Ilhéos"", ""—"", ""1916""]","["""", """", """", """", """", """", """", ""120"", """", """", """", """", """"]"
table_1_all.pdf,section_i,1,1,2,tbl-3.md,tbl-9.md,12,1,matched,Bahia,Companhia Distribuidora de Luz e Força do Estado da Bahia,Santo Amaro,—,1920,Thermica...,C. I.,2,110,-,20,-,110,Alternativa...,3,60,-,5,,,,,,,,,,,"[""Companhia Distribuidora de Luz e Força do Estado da Bahia"", ""Santo Amaro"", ""—"", ""1920""]","[""Thermica..."", ""C. I."", ""2"", ""110"", ""-"", ""20"", ""-"", ""110"", ""Alternativa..."", ""3"", ""60"", ""-"", ""5""]"
table_1_all.pdf,section_i,1,1,2,tbl-3.md,tbl-9.md,13,1,matched,Bahia,Municipalidade de São Salvador,São Salvador,—,1907,Thermica...,C. I.,7,2616,-,120,3300,380,Continua...,-,-,-,-,,,,,,,,,,,"[""Municipalidade de São Salvador"", ""São Salvador"", ""—"", ""1907""]","[""Thermica..."", ""C. I."", ""7"", ""2.616"", ""-"", ""120"", ""3.300"", ""380"", ""Continua..."", ""-"", ""-"", ""-"", ""-""]"
table_1_all.pdf,section_i,1,1,2,tbl-3.md,tbl-9.md,13,2,matched,Bahia,Municipalidade de São Salvador,São Salvador,—,1907,,,,,,,,220,Alternativa...,3,50,-,,,,,,,,,,,,"[""Municipalidade de São Salvador"", ""São Salvador"", ""—"", ""1907""]","["""", """", """", """", """", """", """", ""220"", ""Alternativa..."", ""3"", ""50"", ""-"", """"]"
table_1_all.pdf,section_i,1,1,2,tbl-3.md,tbl-9.md,14,1,matched,Bahia,Companhia Linha Circular de Carris da Bahia,São Salvador,Preguiça,1907,Thermica...,M. V.,4,4700,2,-,11000,220,Alternativa...,3,50,-,6,,,,,,,,,,,"[""Companhia Linha Circular de Carris da Bahia"", ""São Salvador"", ""Preguiça"", ""1907""]","[""Thermica..."", ""M. V."", ""4"", ""4.700"", ""2"", ""-"", ""11.000"", ""220"", ""Alternativa..."", ""3"", ""50"", ""-"", ""6""]"
table_1_all.pdf,section_i,1,1,2,tbl-3.md,tbl-9.md,15,1,matched,Bahia,Companhia Valença Industrial,Valença,Nossa Senhora do Amparo,1913,Hydraulica...,T. H.,1,100,5,-,220,220,Alternativa...,3,50,-,-,,,,,,,,,,,"[""Companhia Valença Industrial"", ""Valença"", ""Nossa Senhora do Amparo"", ""1913""]","[""Hydraulica..."", ""T. H."", ""1"", ""100"", ""5"", ""-"", ""220"", ""220"", ""Alternativa..."", ""3"", ""50"", ""-"", ""-""]"
table_1_all.pdf,section_i,1,1,2,tbl-4.md,tbl-10.md,16,1,matched,Ceará,Orphanato Casa de São Francisco,Canindé,São Francisco,1918,Thermica...,C. I.,1,15,-,1,-,110,Continua...,-,-,-,1,,,,,,,,,,,"[""Orphanato Casa de São Francisco"", ""Canindé"", ""São Francisco"", ""1918""]","[""Thermica..."", ""C. I."", ""1"", ""15"", ""-"", ""1"", ""-"", ""110"", ""Continua..."", ""-"", ""-"", ""-"", ""1""]"
table_1_all.pdf,section_i,1,1,2,tbl-4.md,tbl-10.md,17,1,matched,Ceará,Dr Audalio Costa,Crato,—,1920,Thermica...,M. V.,1,75,-,5,-,220,Continua...,-,-,-,6,,,,,,,,,,,"[""Dr Audalio Costa"", ""Crato"", ""—"", ""1920""]","[""Thermica..."", ""M. V."", ""1"", ""75"", ""-"", ""5"", ""-"", ""220"", ""Continua..."", ""-"", ""-"", ""-"", ""6""]"
table_1_all.pdf,section_i,1,1,2,tbl-4.md,tbl-10.md,18,1,matched,Ceará,Empresa Electrica de Maranguape,Maranguape,—,1917,Thermica...,M. V.,1,25,-,2,-,220,Continua...,-,-,-,6,,,,,,,,,,,"[""Empresa Electrica de Maranguape"", ""Maranguape"", ""—"", ""1917""]","[""Thermica..."", ""M. V."", ""1"", ""25"", ""-"", ""2"", ""-"", ""220"", ""Continua..."", ""-"", ""-"", ""-"", ""6""]"
table_1_all.pdf,section_i,1,1,2,tbl-5.md,tbl-11.md,19,1,matched,Districto Federal,Société Anonyme du Gaz de Rio de Janeiro,Capital Federal,—,1914,Thermica...,M. V.,10,30070,-,7474,-,216,Alternativa...,3,50,-,-,,,,,,,,,,,"[""Société Anonyme du Gaz de Rio de Janeiro"", ""Capital Federal"", ""—"", ""1914""]","[""Thermica..."", ""M. V."", ""10"", ""30.070"", ""-"", ""7.474"", ""-"", ""216"", ""Alternativa..."", ""3"", ""50"", ""-"", ""-""]"
table_1_all.pdf,section_i,2,3,4,tbl-13.md,tbl-18.md,1,1,matched,Espírito Santo,"Comp. Força e Luz, Limit, de Affonso Claudio",Affonso Claudio,Barra do Rio do Peixe,1920,Hydraulica...,R. A.,1,20,2,3,2200,220110,Alternativa...,3,50,-,3,,,,,,,,,,,"[""Comp. Força e Luz, Limit, de Affonso Claudio"", ""Affonso Claudio"", ""Barra do Rio do Peixe"", ""1920""]","[""Hydraulica..."", ""R. A."", ""1"", ""20"", ""2"", ""3"", ""2.200"", ""220 110"", ""Alternativa..."", ""3"", ""50"", ""-"", ""3""]"
table_1_all.pdf,section_i,2,3,4,tbl-13.md,tbl-18.md,2,1,matched,Espírito Santo,Empresa Força e Luz Alegre-Veado,Alegre,—,1919,Hydraulica...,T. H.,2,300,20,12,6600,220,Alternativa...,3,60,-,8,,,,,,,,,,,"[""Empresa Força e Luz Alegre-Veado"", ""Alegre"", ""—"", ""1919""]","[""Hydraulica..."", ""T. H."", ""2"", ""300"", ""20"", ""12"", ""6.600"", ""220"", ""Alternativa..."", ""3"", ""60"", ""-"", ""8""]"
table_1_all.pdf,section_i,2,3,4,tbl-13.md,tbl-18.md,3,1,matched,Espírito Santo,André Carloni,Cachoeiro de Santa Leopoldina,—,1918,Hydraulica...,T. H.,1,120,1,4,2300,220110,Alternativa...,3,50,1,3,,,,,,,,,,,"[""André Carloni"", ""Cachoeiro de Santa Leopoldina"", ""—"", ""1918""]","[""Hydraulica..."", ""T. H."", ""1"", ""120"", ""1"", ""4"", ""2.300"", ""220 110"", ""Alternativa..."", ""3"", ""50"", ""1"", ""3""]"
table_1_all.pdf,section_i,2,3,4,tbl-13.md,tbl-18.md,4,1,matched,Espírito Santo,Comp. Serviços Reunidos do Itapemirim,Cachoeiro do Itapemirim,Fructeiras,1910,Hydraulica...,R. A.,3,4077,42,-,30000,3000220,Alternativa...,3,50,2,-,,,,,,,,,,,"[""Comp. Serviços Reunidos do Itapemirim"", ""Cachoeiro do Itapemirim"", ""Fructeiras"", ""1910""]","[""Hydraulica..."", ""R. A."", ""3"", ""4.077"", ""42"", ""-"", ""30.000"", ""3.000 220"", ""Alternativa..."", ""3"", ""50"", ""2"", ""-""]"
table_1_all.pdf,section_i,2,3,4,tbl-13.md,tbl-18.md,5,1,matched,Espírito Santo,Municipalidade de Cachoeiro do Itapemirim,Cachoeiro do Itapemirim,Ilha da Luz,1903,Hydraulica...,T. H.,1,135,4,6,2500,220110,Alternativa...,3,50,-,6,,,,,,,,,,,"[""Municipalidade de Cachoeiro do Itapemirim"", ""Cachoeiro do Itapemirim"", ""Ilha da Luz"", ""1903""]","[""Hydraulica..."", ""T. H."", ""1"", ""135"", ""4"", ""6"", ""2.500"", ""220 110"", ""Alternativa..."", ""3"", ""50"", ""-"", ""6""]"
table_1_all.pdf,section_i,2,3,4,tbl-13.md,tbl-18.md,6,1,matched,Espírito Santo,De Biase & Companhia,Espírito Santo do Rio Pardo,—,1915,Hydraulica...,T. H.,1,8,1,1,110,110,Continua...,-,-,-,1,,,,,,,,,,,"[""De Biase & Companhia"", ""Espírito Santo do Rio Pardo"", ""—"", ""1915""]","[""Hydraulica..."", ""T. H."", ""1"", ""8"", ""1"", ""1"", ""110"", ""110"", ""Continua..."", ""-"", ""-"", ""-"", ""1""]"
table_1_all.pdf,section_i,2,3,4,tbl-13.md,tbl-18.md,7,1,matched,Espírito Santo,"Duarte, Beiriz & Companhia",Piúma,Pedra d'Agua,1916,Hydraulica...,T. H.,1,56,6,2,2000,120,Alternativa...,3,50,1,2,,,,,,,,,,,"[""Duarte, Beiriz & Companhia"", ""Piúma"", ""Pedra d'Agua"", ""1916""]","[""Hydraulica..."", ""T. H."", ""1"", ""56"", ""6"", ""2"", ""2.000"", ""120"", ""Alternativa..."", ""3"", ""50"", ""1"", ""2""]"
table_1_all.pdf,section_i,2,3,4,tbl-13.md,tbl-18.md,8,1,matched,Espírito Santo,Governo do Estado do Espírito Santo,Santa Isabel,Jucú,1910,Hydraulica...,T. H.,3,2226,25,32,20000,2000220110,Alternativa...,3,50,1,-,,,,,,,,,,,"[""Governo do Estado do Espírito Santo"", ""Santa Isabel"", ""Jucú"", ""1910""]","[""Hydraulica..."", ""T. H."", ""3"", ""2.226"", ""25"", ""32"", ""20.000"", ""2.000 220 110"", ""Alternativa..."", ""3"", ""50"", ""1"", ""-""]"
table_1_all.pdf,section_i,2,3,4,tbl-13.md,tbl-18.md,9,1,matched,Espírito Santo,Sociedade Anonyma de Melhoramentos,Santa Thereza,Santa Thereza,1918,Hydraulica...,T. H.,1,32,1,1,220,220,Continua...,-,-,-,-,,,,,,,,,,,"[""Sociedade Anonyma de Melhoramentos"", ""Santa Thereza"", ""Santa Thereza"", ""1918""]","[""Hydraulica..."", ""T. H."", ""1"", ""32"", ""1"", ""1"", ""220"", ""220"", ""Continua..."", ""-"", ""-"", ""-"", ""-""]"
table_1_all.pdf,section_i,2,3,4,tbl-13.md,tbl-18.md,10,1,matched,Espírito Santo,Empresa de Electricidade São Matheus,São Matheus,São Matheus,1916,Thermica...,M. V.,1,100,2,2,2000,120,Alternativa...,1,50,-,5,,,,,,,,,,,"[""Empresa de Electricidade São Matheus"", ""São Matheus"", ""São Matheus"", ""1916""]","[""Thermica..."", ""M. V."", ""1"", ""100"", ""2"", ""2"", ""2.000"", ""120"", ""Alternativa..."", ""1"", ""50"", ""-"", ""5""]"
table_1_all.pdf,section_i,2,3,4,tbl-13.md,tbl-18.md,11,1,matched,Espírito Santo,Companhia de Electricidade Muquy do Sul,São Pedro do Itabapoana,Apparecida,1918,Hydraulica...,T. H.,2,460,31,3,6600,220110,Alternativa...,3,60,2,8,,,,,,,,,,,"[""Companhia de Electricidade Muquy do Sul"", ""São Pedro do Itabapoana"", ""Apparecida"", ""1918""]","[""Hydraulica..."", ""T. H."", ""2"", ""460"", ""31"", ""3"", ""6.600"", ""220 110"", ""Alternativa..."", ""3"", ""60"", ""2"", ""8""]"
table_1_all.pdf,section_i,2,3,4,tbl-14.md,tbl-19.md,12,1,matched,Goyaz,"Guedes, Ratto & Companhia",Goyas,Santa Therezinha,1920,Thermica...,M. V.,1,100,-,2,6000,110,Alternativa...,3,50,-,10,,,,,,,,,,,"[""Guedes, Ratto & Companhia"", ""Goyas"", ""Santa Therezinha"", ""1920""]","[""Thermica..."", ""M. V."", ""1"", ""100"", ""-"", ""2"", ""6.000"", ""110"", ""Alternativa..."", ""3"", ""50"", ""-"", ""10""]"
table_1_all.pdf,section_i,2,3,4,tbl-15.md,tbl-20.md,13,1,matched,Maranhão,Fabrica Santa Emygdia,Pedreiras,—,1920,Thermica...,C. I.,1,35,-,6,-,220,Continua...,-,-,-,4,,,,,,,,,,,"[""Fabrica Santa Emygdia"", ""Pedreiras"", ""—"", ""1920""]","[""Thermica..."", ""C. I."", ""1"", ""35"", ""-"", ""6"", ""-"", ""220"", ""Continua..."", ""-"", ""-"", ""-"", ""4""]"
table_1_all.pdf,section_i,2,3,4,tbl-15.md,tbl-20.md,14,1,matched,Maranhão,South American and General Syndicate,São Luiz,—,1917,Thermica...,M. V.,1,80,-,2,-,2200,Alternativa...,3,50,-,41,,,,,,,,,,,"[""South American and General Syndicate"", ""São Luiz"", ""—"", ""1917""]","[""Thermica..."", ""M. V."", ""1"", ""80"", ""-"", ""2"", ""-"", ""2.200"", ""Alternativa..."", ""3"", ""50"", ""-"", ""41""]"
table_1_all.pdf,section_i,2,3,4,tbl-15.md,tbl-20.md,14,2,matched,Maranhão,South American and General Syndicate,São Luiz,—,1917,,C. I.,2,220,-,2,-,220,Alternativa...,3,50,-,41,,,,,,,,,,,"[""South American and General Syndicate"", ""São Luiz"", ""—"", ""1917""]","["""", ""C. I."", ""2"", ""220"", ""-"", ""2"", ""-"", ""220"", ""Alternativa..."", ""3"", ""50"", ""-"", ""41""]"
table_1_all.pdf,section_i,2,3,4,tbl-16.md,tbl-21.md,15,1,matched,Matto Grosso,Empresa Luz e Força de Aquidauana,Aquidauana,—,1920,Thermica...,M. V.,1,83,-,12,-,220,Alternativa...,3,50,-,6,,,,,,,,,,,"[""Empresa Luz e Força de Aquidauana"", ""Aquidauana"", ""—"", ""1920""]","[""Thermica..."", ""M. V."", ""1"", ""83"", ""-"", ""12"", ""-"", ""220"", ""Alternativa..."", ""3"", ""50"", ""-"", ""6""]"
table_1_all.pdf,section_i,2,3,4,tbl-16.md,tbl-21.md,16,1,matched,Matto Grosso,"Companhia Mattogrossense de Electricidade, Limitada",Campo Grande,—,1918,Thermica...,M. V.,1,120,-,7,-,220,Alternativa...,3,60,-,7,,,,,,,,,,,"[""Companhia Mattogrossense de Electricidade, Limitada"", ""Campo Grande"", ""—"", ""1918""]","[""Thermica..."", ""M. V."", ""1"", ""120"", ""-"", ""7"", ""-"", ""220"", ""Alternativa..."", ""3"", ""60"", ""-"", ""7""]"
table_1_all.pdf,section_i,2,3,4,tbl-16.md,tbl-21.md,17,1,matched,Matto Grosso,Companhia de Electricidade de Corumbá,Corumbá,—,1912,Hydraulica...,T. H.,1,350,9,7,11000,220,Alternativa...,3,60,1,7,,,,,,,,,,,"[""Companhia de Electricidade de Corumbá"", ""Corumbá"", ""—"", ""1912""]","[""Hydraulica..."", ""T. H."", ""1"", ""350"", ""9"", ""7"", ""11.000"", ""220"", ""Alternativa..."", ""3"", ""60"", ""1"", ""7""]"
table_1_all.pdf,section_i,2,3,4,tbl-16.md,tbl-21.md,18,1,matched,Matto Grosso,João Pedro Dias,Cuyabá,Cuyabá,1919,Thermica...,M. V.,1,400,6,40,5000,220,Alternativa...,3,50,-,16,,,,,,,,,,,"[""João Pedro Dias"", ""Cuyabá"", ""Cuyabá"", ""1919""]","[""Thermica..."", ""M. V."", ""1"", ""400"", ""6"", ""40"", ""5.000"", ""220"", ""Alternativa..."", ""3"", ""50"", ""-"", ""16""]"
table_1_all.pdf,section_i,2,3,4,tbl-16.md,tbl-21.md,19,1,matched,Matto Grosso,Municipalidade de Miranda,Miranda,Municipal,1919,Thermica...,M. V.,1,80,3,10,2300,220,Alternativa...,3,60,-,10,,,,,,,,,,,"[""Municipalidade de Miranda"", ""Miranda"", ""Municipal"", ""1919""]","[""Thermica..."", ""M. V."", ""1"", ""80"", ""3"", ""10"", ""2.300"", ""220"", ""Alternativa..."", ""3"", ""60"", ""-"", ""10""]"
table_1_all.pdf,section_i,2,3,4,tbl-16.md,tbl-21.md,20,1,right_only,Matto Grosso,,,,,Thermica...,M. V.,1,80,-,4,-,220,Alternativa...,2,60,-,4,,,,,,,,,,,,"[""Thermica..."", ""M. V."", ""1"", ""80"", ""-"", ""4"", ""-"", ""220"", ""Alternativa..."", ""2"", ""60"", ""-"", ""4""]"
table_1_all.pdf,section_i,3,5,6,tbl-22.md,tbl-25.md,1,1,matched,Matto Grosso,Municipalidade de Nioac,Nioac,—,1920,Thermica...,M. V.,1,3,—,2,—,115,Continua...,—,—,—,1,,,,,,,,,,,"[""Municipalidade de Nioac"", ""Nioac"", ""—"", ""1920""]","[""Thermica..."", ""M. V."", ""1"", ""3"", ""—"", ""2"", ""—"", ""115"", ""Continua..."", ""—"", ""—"", ""—"", ""1""]"
table_1_all.pdf,section_i,3,5,6,tbl-22.md,tbl-25.md,2,1,matched,Matto Grosso,Companhia Força e Luz de Tres Lagôas,Tres Lagôas,—,1920,Thermica...,M. V.,1,200,—,22,—,2200,Alternativa...,3,50,—,?,,,,,,,,,,,"[""Companhia Força e Luz de Tres Lagôas"", ""Tres Lagôas"", ""—"", ""1920""]","[""Thermica..."", ""M. V."", ""1"", ""200"", ""—"", ""22"", ""—"", ""2.200"", ""Alternativa..."", ""3"", ""50"", ""—"", ""?""]"
table_1_all.pdf,section_i,3,5,6,tbl-23.md,tbl-26.md,3,1,matched,Minas Geraes,José Ernesto Komel,Abre Campo,—,1918,Hydraulica...,T. H.,1,30,1,4,220,220,Continua...,—,—,—,1,,,,,,,,,,,"[""José Ernesto Komel"", ""Abre Campo"", ""—"", ""1918""]","[""Hydraulica..."", ""T. H."", ""1"", ""30"", ""1"", ""4"", ""220"", ""220"", ""Continua..."", ""—"", ""—"", ""—"", ""1""]"
table_1_all.pdf,section_i,3,5,6,tbl-23.md,tbl-26.md,4,1,matched,Minas Geraes,Empresa Força e Luz de Araguary,Araguary,Prada de Energia Eléctrica,1910,Hydraulica...,T. H.,2,1000,13,10,10000,2200,Alternativa...,3,50,1,10,,,,,,,,,,,"[""Empresa Força e Luz de Araguary"", ""Araguary"", ""Prada de Energia Eléctrica"", ""1910""]","[""Hydraulica..."", ""T. H."", ""2"", ""1.000"", ""13"", ""10"", ""10.000"", ""2.200"", ""Alternativa..."", ""3"", ""50"", ""1"", ""10""]"
table_1_all.pdf,section_i,3,5,6,tbl-23.md,tbl-26.md,5,1,matched,Minas Geraes,Municipalidade de Araxá,Araxá,—,1914,Hydraulica...,T. H.,1,170,11,40,3300,110,Alternativa...,3,50,1,4,,,,,,,,,,,"[""Municipalidade de Araxá"", ""Araxá"", ""—"", ""1914""]","[""Hydraulica..."", ""T. H."", ""1"", ""170"", ""11"", ""40"", ""3.300"", ""110"", ""Alternativa..."", ""3"", ""50"", ""1"", ""4""]"
table_1_all.pdf,section_i,3,5,6,tbl-23.md,tbl-26.md,6,1,matched,Minas Geraes,Municipalidade de Barbacena,Barbacena,Bias Portes,1917,Hydraulica...,T. H.,2,2000,14,—,16000,2000,Alternativa...,3,60,1,18,,,,,,,,,,,"[""Municipalidade de Barbacena"", ""Barbacena"", ""Bias Portes"", ""1917""]","[""Hydraulica..."", ""T. H."", ""2"", ""2.000"", ""14"", ""—"", ""16.000"", ""2.000"", ""Alternativa..."", ""3"", ""60"", ""1"", ""18""]"
table_1_all.pdf,section_i,3,5,6,tbl-23.md,tbl-26.md,7,1,matched,Minas Geraes,Sociedade Carandahyense de Electricidade,Barbacena,—,1917,Hydraulica...,T. H.,1,120,12,4,4400,220,Alternativa...,3,50,1,4,,,,,,,,,,,"[""Sociedade Carandahyense de Electricidade"", ""Barbacena"", ""—"", ""1917""]","[""Hydraulica..."", ""T. H."", ""1"", ""120"", ""12"", ""4"", ""4.400"", ""220"", ""Alternativa..."", ""3"", ""50"", ""1"", ""4""]"
table_1_all.pdf,section_i,3,5,6,tbl-23.md,tbl-26.md,8,1,matched,Minas Geraes,Companhia de Electricidade e Viação Urbana de Minas Geraes,Bello Horizonte,—,1920,Thermica...,C. I.,2,1330,—,47,—,2060,Alternativa...,3,60,—,—,,,,,,,,,,,"[""Companhia de Electricidade e Viação Urbana de Minas Geraes"", ""Bello Horizonte"", ""—"", ""1920""]","[""Thermica..."", ""C. I."", ""2"", ""1.330"", ""—"", ""47"", ""—"", ""2.060"", ""Alternativa..."", ""3"", ""60"", ""—"", ""—""]"
table_1_all.pdf,section_i,3,5,6,tbl-23.md,tbl-26.md,9,1,matched,Minas Geraes,,Ouro Preto,Rio de Pedras,1920,Hydraulica...,T. H.,3,2450,47,—,45000,2000,Alternativa...,3,60,1,—,,,,,,,,,,,"["""", ""Ouro Preto"", ""Rio de Pedras"", ""1920""]","[""Hydraulica..."", ""T. H."", ""3"", ""2.450"", ""47"", ""—"", ""45.000"", ""2.000"", ""Alternativa..."", ""3"", ""60"", ""1"", ""—""]"
table_1_all.pdf,section_i,3,5,6,tbl-23.md,tbl-26.md,10,1,matched,Minas Geraes,Municipalidade de Cabo Verde,Cabo Verde,Municipal,1912,Hydraulica...,T. H.,1,14,2,2,110,110,Continua...,—,—,—,2,,,,,,,,,,,"[""Municipalidade de Cabo Verde"", ""Cabo Verde"", ""Municipal"", ""1912""]","[""Hydraulica..."", ""T. H."", ""1"", ""14"", ""2"", ""2"", ""110"", ""110"", ""Continua..."", ""—"", ""—"", ""—"", ""2""]"
table_1_all.pdf,section_i,3,5,6,tbl-23.md,tbl-26.md,11,1,matched,Minas Geraes,Municipalidade de Caethé,Caethé,Funil,1914,Hydraulica...,T. H.,1,107,4,6,3200,220,Alternativa...,3,60,1,2,,,,,,,,,,,"[""Municipalidade de Caethé"", ""Caethé"", ""Funil"", ""1914""]","[""Hydraulica..."", ""T. H."", ""1"", ""107"", ""4"", ""6"", ""3.200"", ""220"", ""Alternativa..."", ""3"", ""60"", ""1"", ""2""]"
table_1_all.pdf,section_i,3,5,6,tbl-23.md,tbl-26.md,12,1,matched,Minas Geraes,Empresa Sul Mineira de Força e Luz,Caldas,Rio Verde,1916,Hydraulica...,T. H.,1,320,58,—,11400,220,Alternativa...,3,60,1,8,,,,,,,,,,,"[""Empresa Sul Mineira de Força e Luz"", ""Caldas"", ""Rio Verde"", ""1916""]","[""Hydraulica..."", ""T. H."", ""1"", ""320"", ""58"", ""—"", ""11.400"", ""220"", ""Alternativa..."", ""3"", ""60"", ""1"", ""8""]"
table_1_all.pdf,section_i,3,5,6,tbl-23.md,tbl-26.md,13,1,matched,Minas Geraes,"The Conquista — Xieão Gold Mines Company, Ltd",Campanha,—,1914,Hydraulica...,T. H.,2,1300,18,17,11000,220,Alternativa...,3,60,1,5,,,,,,,,,,,"[""The Conquista — Xieão Gold Mines Company, Ltd"", ""Campanha"", ""—"", ""1914""]","[""Hydraulica..."", ""T. H."", ""2"", ""1.300"", ""18"", ""17"", ""11.000"", ""220"", ""Alternativa..."", ""3"", ""60"", ""1"", ""5""]"
table_1_all.pdf,section_i,3,5,6,tbl-23.md,tbl-26.md,14,1,matched,Minas Geraes,Municipalidade de Campo Bello,Campo Bello,Municipal,1913,Hydraulica...,T. H.,1,60,4,8,3000,120,Alternativa...,3,50,1,4,,,,,,,,,,,"[""Municipalidade de Campo Bello"", ""Campo Bello"", ""Municipal"", ""1913""]","[""Hydraulica..."", ""T. H."", ""1"", ""60"", ""4"", ""8"", ""3.000"", ""120"", ""Alternativa..."", ""3"", ""50"", ""1"", ""4""]"
table_1_all.pdf,section_i,3,5,6,tbl-23.md,tbl-26.md,15,1,matched,Minas Geraes,Empresa Força e Luz de Campos Geraes,Campos Geraes,—,1918,Hydraulica...,T. H.,1,170,9,—,220,110,Alternativa...,3,50,1,4,,,,,,,,,,,"[""Empresa Força e Luz de Campos Geraes"", ""Campos Geraes"", ""—"", ""1918""]","[""Hydraulica..."", ""T. H."", ""1"", ""170"", ""9"", ""—"", ""220"", ""110"", ""Alternativa..."", ""3"", ""50"", ""1"", ""4""]"
table_1_all.pdf,section_i,3,5,6,tbl-23.md,tbl-26.md,16,1,matched,Minas Geraes,"Companhia Brasileira de Tramways, Luz e Força",Carangola,Tombos,1914,Hydraulica...,T. H.,2,4000,200,120,45000,4000,Alternativa...,3,50,1,60,,,,,,,,,,,"[""Companhia Brasileira de Tramways, Luz e Força"", ""Carangola"", ""Tombos"", ""1914""]","[""Hydraulica..."", ""T. H."", ""2"", ""4.000"", ""200"", ""120"", ""45.000"", ""4.000"", ""Alternativa..."", ""3"", ""50"", ""1"", ""60""]"
table_1_all.pdf,section_i,3,5,6,tbl-23.md,tbl-26.md,17,1,matched,Minas Geraes,Companhia Industrial de Caratinga,Caratinga,Cachoeira do Lago,1919,Hydraulica...,R. A.,1,120,6,4,2300,120,Alternativa...,3,60,1,10,,,,,,,,,,,"[""Companhia Industrial de Caratinga"", ""Caratinga"", ""Cachoeira do Lago"", ""1919""]","[""Hydraulica..."", ""R. A."", ""1"", ""120"", ""6"", ""4"", ""2.300"", ""120"", ""Alternativa..."", ""3"", ""60"", ""1"", ""10""]"
table_1_all.pdf,section_i,3,5,6,tbl-23.md,tbl-26.md,18,1,matched,Minas Geraes,S A Força e Luz de Carmo do Rio Claro,Carmo do Rio Claro,Santa Quiteria,1916,Hydraulica...,T. H.,1,100,27,50,11000,110,Alternativa...,2,60,—,5,,,,,,,,,,,"[""S A Força e Luz de Carmo do Rio Claro"", ""Carmo do Rio Claro"", ""Santa Quiteria"", ""1916""]","[""Hydraulica..."", ""T. H."", ""1"", ""100"", ""27"", ""50"", ""11.000"", ""110"", ""Alternativa..."", ""2"", ""60"", ""—"", ""5""]"
table_1_all.pdf,section_i,3,5,6,tbl-23.md,tbl-26.md,19,1,matched,Minas Geraes,Municipalidade de Caxambú,Caxambú,Furnas,1911,Hydraulica...,T. H.,2,160,12,—,5600,220,Alternativa...,1,50,1,8,,,,,,,,,,,"[""Municipalidade de Caxambú"", ""Caxambú"", ""Furnas"", ""1911""]","[""Hydraulica..."", ""T. H."", ""2"", ""160"", ""12"", ""—"", ""5.600"", ""220"", ""Alternativa..."", ""1"", ""50"", ""1"", ""8""]"
table_1_all.pdf,section_i,4,7,8,tbl-28.md,tbl-30.md,1,1,matched,Minas Geraes,Municipalidade de Christina,Christina,Godefredo Fonseca,1911,Hydraulica...,T. H.,1,116,1,3,3000,220110,Alternativa...,2,50,-,2,,,,,,,,,,,"[""Municipalidade de Christina"", ""Christina"", ""Godefredo Fonseca"", ""1911""]","[""Hydraulica..."", ""T. H."", ""1"", ""116"", ""1"", ""3"", ""3.000"", ""220 110"", ""Alternativa..."", ""2"", ""50"", ""-"", ""2""]"
table_1_all.pdf,section_i,4,7,8,tbl-28.md,tbl-30.md,2,1,matched,Minas Geraes,Carneiro Junqueira & Companhia,Conceição do Rio Verde,—,1919,Hydraulica...,T. H.,1,125,10,3,4000,110,Alternativa...,3,50,-,4,,,,,,,,,,,"[""Carneiro Junqueira & Companhia"", ""Conceição do Rio Verde"", ""—"", ""1919""]","[""Hydraulica..."", ""T. H."", ""1"", ""125"", ""10"", ""3"", ""4.000"", ""110"", ""Alternativa..."", ""3"", ""50"", ""-"", ""4""]"
table_1_all.pdf,section_i,4,7,8,tbl-28.md,tbl-30.md,3,1,matched,Minas Geraes,Companhia Cedro e Cachoeira,Curvello,Fabrica de Cachoeira,1907,Hydraulica...,T. H.,1,200,1,1,220,220,Continua ...,-,-,-,1,,,,,,,,,,,"[""Companhia Cedro e Cachoeira"", ""Curvello"", ""Fabrica de Cachoeira"", ""1907""]","[""Hydraulica..."", ""T. H."", ""1"", ""200"", ""1"", ""1"", ""220"", ""220"", ""Continua ..."", ""-"", ""-"", ""-"", ""1""]"
table_1_all.pdf,section_i,4,7,8,tbl-28.md,tbl-30.md,4,1,matched,Minas Geraes,"Ramos, Guerra & Companhia",Diamantina,Santa Maria,1912,Hydraulica...,R. A.,2,300,11,10,10000,220120,Alternativa...,3,60,1,14,,,,,,,,,,,"[""Ramos, Guerra & Companhia"", ""Diamantina"", ""Santa Maria"", ""1912""]","[""Hydraulica..."", ""R. A."", ""2"", ""300"", ""11"", ""10"", ""10.000"", ""220 120"", ""Alternativa..."", ""3"", ""60"", ""1"", ""14""]"
table_1_all.pdf,section_i,4,7,8,tbl-28.md,tbl-30.md,5,1,matched,Minas Geraes,Miranda & Gomes,»,—,1913,Hydraulica...,T. H.,1,12,2,1,220,220,Continua ...,-,-,-,-,,,,,,,,,,,"[""Miranda & Gomes"", ""»"", ""—"", ""1913""]","[""Hydraulica..."", ""T. H."", ""1"", ""12"", ""2"", ""1"", ""220"", ""220"", ""Continua ..."", ""-"", ""-"", ""-"", ""-""]"
table_1_all.pdf,section_i,4,7,8,tbl-28.md,tbl-30.md,6,1,matched,Minas Geraes,Empresa Dorense de Electricidade,Dóres da Boa Esperança,—,1920,Hydraulica...,T. H.,1,55,9,10,6600,220120,Alternativa...,3,60,-,2,,,,,,,,,,,"[""Empresa Dorense de Electricidade"", ""Dóres da Boa Esperança"", ""—"", ""1920""]","[""Hydraulica..."", ""T. H."", ""1"", ""55"", ""9"", ""10"", ""6.600"", ""220 120"", ""Alternativa..."", ""3"", ""60"", ""-"", ""2""]"
table_1_all.pdf,section_i,4,7,8,tbl-28.md,tbl-30.md,7,1,matched,Minas Geraes,Empresa Luz Electrica de Entre-Rios,Entre-Rios,—,1919,Hydraulica...,T. H.,1,81,2,3,2100,110,Alternativa...,3,60,1,3,,,,,,,,,,,"[""Empresa Luz Electrica de Entre-Rios"", ""Entre-Rios"", ""—"", ""1919""]","[""Hydraulica..."", ""T. H."", ""1"", ""81"", ""2"", ""3"", ""2.100"", ""110"", ""Alternativa..."", ""3"", ""60"", ""1"", ""3""]"
table_1_all.pdf,section_i,4,7,8,tbl-28.md,tbl-30.md,8,1,matched,Minas Geraes,Municipalidade de Formiga,Formiga,Santa Maria,1907,Hydraulica...,T. H.,2,200,2,-,2200,110,Alternativa...,2,60,1,5,,,,,,,,,,,"[""Municipalidade de Formiga"", ""Formiga"", ""Santa Maria"", ""1907""]","[""Hydraulica..."", ""T. H."", ""2"", ""200"", ""2"", ""-"", ""2.200"", ""110"", ""Alternativa..."", ""2"", ""60"", ""1"", ""5""]"
table_1_all.pdf,section_i,4,7,8,tbl-28.md,tbl-30.md,9,1,matched,Minas Geraes,Municipalidade de Fructal,Fructal,—,1920,Hydraulica...,T. H.,1,22,18,3,6000,220,Alternativa...,3,50,-,3,,,,,,,,,,,"[""Municipalidade de Fructal"", ""Fructal"", ""—"", ""1920""]","[""Hydraulica..."", ""T. H."", ""1"", ""22"", ""18"", ""3"", ""6.000"", ""220"", ""Alternativa..."", ""3"", ""50"", ""-"", ""3""]"
table_1_all.pdf,section_i,4,7,8,tbl-28.md,tbl-30.md,10,1,matched,Minas Geraes,Empresa Nacional de Electricidade,Guaranesia,Santa Cleonice,1918,Hydraulica...,T. H.,1,600,6,16,6600,110,Alternativa...,3,50,1,8,,,,,,,,,,,"[""Empresa Nacional de Electricidade"", ""Guaranesia"", ""Santa Cleonice"", ""1918""]","[""Hydraulica..."", ""T. H."", ""1"", ""600"", ""6"", ""16"", ""6.600"", ""110"", ""Alternativa..."", ""3"", ""50"", ""1"", ""8""]"
table_1_all.pdf,section_i,4,7,8,tbl-28.md,tbl-30.md,11,1,matched,Minas Geraes,,Muzambinho,Santa Nair,1911,Hydraulica...,T. H.,1,500,4,12,6600,110,Alternativa...,3,50,-,8,,,,,,,,,,,"["""", ""Muzambinho"", ""Santa Nair"", ""1911""]","[""Hydraulica..."", ""T. H."", ""1"", ""500"", ""4"", ""12"", ""6.600"", ""110"", ""Alternativa..."", ""3"", ""50"", ""-"", ""8""]"
table_1_all.pdf,section_i,4,7,8,tbl-28.md,tbl-30.md,12,1,matched,Minas Geraes,Companhia Industrial Sul Mineira,Itajubá,Lourenço Velho,1914,Hydraulica...,T. H.,2,2100,34,70,15000,4000220120,Alternativa...,3,50,2,18,,,,,,,,,,,"[""Companhia Industrial Sul Mineira"", ""Itajubá"", ""Lourenço Velho"", ""1914""]","[""Hydraulica..."", ""T. H."", ""2"", ""2.100"", ""34"", ""70"", ""15.000"", ""4.000 220 120"", ""Alternativa..."", ""3"", ""50"", ""2"", ""18""]"
table_1_all.pdf,section_i,4,7,8,tbl-28.md,tbl-30.md,13,1,matched,Minas Geraes,Municipalidade de Itapecerica,Itapecerica,—,1918,Hydraulica...,T. H.,1,75,10,10,6600,2200110,Alternativa...,2,60,1,4,,,,,,,,,,,"[""Municipalidade de Itapecerica"", ""Itapecerica"", ""—"", ""1918""]","[""Hydraulica..."", ""T. H."", ""1"", ""75"", ""10"", ""10"", ""6.600"", ""2.200 110"", ""Alternativa..."", ""2"", ""60"", ""1"", ""4""]"
table_1_all.pdf,section_i,4,7,8,tbl-28.md,tbl-30.md,14,1,matched,Minas Geraes,Companhia Industrial Itadnense,Itaúna,—,1912,Hydraulica...,T. H.,2,560,4,15,5000,220120,Alternativa...,3,50,2,7,,,,,,,,,,,"[""Companhia Industrial Itadnense"", ""Itaúna"", ""—"", ""1912""]","[""Hydraulica..."", ""T. H."", ""2"", ""560"", ""4"", ""15"", ""5.000"", ""220 120"", ""Alternativa..."", ""3"", ""50"", ""2"", ""7""]"
table_1_all.pdf,section_i,4,7,8,tbl-28.md,tbl-30.md,15,1,matched,Minas Geraes,"Siqueira, Meirelles, Junqueira & Companhia",Jacuhy,—,1912,Hydraulica...,T. H.,1,190,18,4,11000,110,Alternativa...,3,60,1,-,,,,,,,,,,,"[""Siqueira, Meirelles, Junqueira & Companhia"", ""Jacuhy"", ""—"", ""1912""]","[""Hydraulica..."", ""T. H."", ""1"", ""190"", ""18"", ""4"", ""11.000"", ""110"", ""Alternativa..."", ""3"", ""60"", ""1"", ""-""]"
table_1_all.pdf,section_i,4,7,8,tbl-28.md,tbl-30.md,16,1,matched,Minas Geraes,Municipalidade de Jaguary,Jaguary,Municipal,1913,Hydraulica...,T. H.,1,300,50,6,11000,220,Alternativa...,3,50,-,18,,,,,,,,,,,"[""Municipalidade de Jaguary"", ""Jaguary"", ""Municipal"", ""1913""]","[""Hydraulica..."", ""T. H."", ""1"", ""300"", ""50"", ""6"", ""11.000"", ""220"", ""Alternativa..."", ""3"", ""50"", ""-"", ""18""]"
table_1_all.pdf,section_i,4,7,8,tbl-28.md,tbl-30.md,17,1,matched,Minas Geraes,Companhia Mineira de Electricidade,Juz de Póra,Marmellos,1889,Hydraulica...,T. H.,1,100,1,5,2000,120,Alternativa...,3,50,-,2,,,,,,,,,,,"[""Companhia Mineira de Electricidade"", ""Juz de Póra"", ""Marmellos"", ""1889""]","[""Hydraulica..."", ""T. H."", ""1"", ""100"", ""1"", ""5"", ""2.000"", ""120"", ""Alternativa..."", ""3"", ""50"", ""-"", ""2""]"
table_1_all.pdf,section_i,4,7,8,tbl-28.md,tbl-30.md,18,1,matched,Minas Geraes,Municipalidade de Lavras e Estrada de Ferro Oeste de Minas,Lavras,—,1909,Hydraulica...,T. H.,10,6150,28,-,6600,220110,Alternativa...,3,60,1,-,,,,,,,,,,,"[""Municipalidade de Lavras e Estrada de Ferro Oeste de Minas"", ""Lavras"", ""—"", ""1909""]","[""Hydraulica..."", ""T. H."", ""10"", ""6.150"", ""28"", ""-"", ""6.600"", ""220 110"", ""Alternativa..."", ""3"", ""60"", ""1"", ""-""]"
table_1_all.pdf,section_i,4,7,8,tbl-28.md,tbl-30.md,19,1,matched,Minas Geraes,Companhia Força e Luz Cataguazes-Leopoldina,Leopoldina,Maurício,1907,Hydraulica...,T. H.,3,555,24,12,10000,120,Alternativa...,3,50,1,6,,,,,,,,,,,"[""Companhia Força e Luz Cataguazes-Leopoldina"", ""Leopoldina"", ""Maurício"", ""1907""]","[""Hydraulica..."", ""T. H."", ""3"", ""555"", ""24"", ""12"", ""10.000"", ""120"", ""Alternativa..."", ""3"", ""50"", ""1"", ""6""]"
table_1_all.pdf,section_i,4,7,8,tbl-28.md,tbl-30.md,20,1,matched,Minas Geraes,,Pomba,Santo Antonio,1918,Hydraulica...,T. H.,3,3000,490,300,220006600,2200,Alternativa...,3,50,,,,,,,,,,,,,"["""", ""Pomba"", ""Santo Antonio"", ""1918""]","[""Hydraulica..."", ""T. H."", ""3"", ""3.000"", ""490"", ""300"", ""22.000 6.600"", ""2.200"", ""Alternativa..."", ""3"", ""50"", """", """"]"
table_1_all.pdf,section_i,4,7,8,tbl-28.md,tbl-30.md,21,1,matched,Minas Geraes,,São Paulo do Muriahé,Coronel Domiciano,1910,Hydraulica...,T. H.,1,150,3,300,6600,220120,Alternativa...,3,50,13,164,,,,,,,,,,,"["""", ""São Paulo do Muriahé"", ""Coronel Domiciano"", ""1910""]","[""Hydraulica..."", ""T. H."", ""1"", ""150"", ""3"", ""300"", ""6.600"", ""220 120"", ""Alternativa..."", ""3"", ""50"", ""13"", ""164""]"
table_1_all.pdf,section_i,4,7,8,tbl-28.md,tbl-30.md,22,1,right_only,Minas Geraes,,,,,Hydraulica...,T. H.,2,400,41,50,100002200,2200120,Alternativa...,3,50,,,,,,,,,,,,,,"[""Hydraulica..."", ""T. H."", ""2"", ""400"", ""41"", ""50"", ""10.000 2.200"", ""2.200 120"", ""Alternativa..."", ""3"", ""50"", """", """"]"
table_1_all.pdf,section_i,5,9,10,tbl-32.md,tbl-34.md,1,1,matched,Minas Geraes,Companhia Regional de Força e Luz,Lima Duarte,—,1918,Hydraulica...,T. H.,1,125,9,5,10000,220,Alternativa...,3,50,-,3,,,,,,,,,,,"[""Companhia Regional de Força e Luz"", ""Lima Duarte"", ""—"", ""1918""]","[""Hydraulica..."", ""T. H."", ""1"", ""125"", ""9"", ""5"", ""10.000"", ""220"", ""Alternativa..."", ""3"", ""50"", ""-"", ""3""]"
table_1_all.pdf,section_i,5,9,10,tbl-32.md,tbl-34.md,2,1,matched,Minas Geraes,"The Ouro Preto Gold Mines of Brazil, Limited",Marianna,—,1911,Hydraulica...,T. H.,1,43,3,5,2200,220,Alternativa...,1,43,1,6,,,,,,,,,,,"[""The Ouro Preto Gold Mines of Brazil, Limited"", ""Marianna"", ""—"", ""1911""]","[""Hydraulica..."", ""T. H."", ""1"", ""43"", ""3"", ""5"", ""2.200"", ""220"", ""Alternativa..."", ""1"", ""43"", ""1"", ""6""]"
table_1_all.pdf,section_i,5,9,10,tbl-32.md,tbl-34.md,3,1,matched,Minas Geraes,,»,—,1906,Hydraulica...,T. H.,1,40,,,220,220,Continua...,-,-,-,4,,,,,,,,,,,"["""", ""»"", ""—"", ""1906""]","[""Hydraulica..."", ""T. H."", ""1"", ""40"", """", """", ""220"", ""220"", ""Continua..."", ""-"", ""-"", ""-"", ""4""]"
table_1_all.pdf,section_i,5,9,10,tbl-32.md,tbl-34.md,4,1,matched,Minas Geraes,Rossetti & Centola,Monte Santo,—,1910,Hydraulica...,T. H.,1,400,54,-,10500,220,Alternativa...,3,50,1,-,,,,,,,,,,,"[""Rossetti & Centola"", ""Monte Santo"", ""—"", ""1910""]","[""Hydraulica..."", ""T. H."", ""1"", ""400"", ""54"", ""-"", ""10.500"", ""220"", ""Alternativa..."", ""3"", ""50"", ""1"", ""-""]"
table_1_all.pdf,section_i,5,9,10,tbl-32.md,tbl-34.md,5,1,matched,Minas Geraes,Municipalidade de Oliveira,Oliveira,Jacaré,1907,Hydraulica...,T. H.,2,660,20,5,10000,2000,Alternativa...,3,50,1,9,,,,,,,,,,,"[""Municipalidade de Oliveira"", ""Oliveira"", ""Jacaré"", ""1907""]","[""Hydraulica..."", ""T. H."", ""2"", ""660"", ""20"", ""5"", ""10.000"", ""2.000"", ""Alternativa..."", ""3"", ""50"", ""1"", ""9""]"
table_1_all.pdf,section_i,5,9,10,tbl-32.md,tbl-34.md,5,2,matched,Minas Geraes,Municipalidade de Oliveira,Oliveira,Jacaré,1907,,,,,,,,220,,,,,,,,,,,,,,,,"[""Municipalidade de Oliveira"", ""Oliveira"", ""Jacaré"", ""1907""]","["""", """", """", """", """", """", """", ""220"", """", """", """", """", """"]"
table_1_all.pdf,section_i,5,9,10,tbl-32.md,tbl-34.md,5,3,matched,Minas Geraes,Municipalidade de Oliveira,Oliveira,Jacaré,1907,,,,,,,,125,,,,,,,,,,,,,,,,"[""Municipalidade de Oliveira"", ""Oliveira"", ""Jacaré"", ""1907""]","["""", """", """", """", """", """", """", ""125"", """", """", """", """", """"]"
table_1_all.pdf,section_i,5,9,10,tbl-32.md,tbl-34.md,6,1,matched,Minas Geraes,,Ouro Pino,—,1910,Hydraulica...,T. H.,2,700,34,-,5000,220,Alternativa...,3,50,1,8,,,,,,,,,,,"["""", ""Ouro Pino"", ""—"", ""1910""]","[""Hydraulica..."", ""T. H."", ""2"", ""700"", ""34"", ""-"", ""5.000"", ""220"", ""Alternativa..."", ""3"", ""50"", ""1"", ""8""]"
table_1_all.pdf,section_i,5,9,10,tbl-32.md,tbl-34.md,6,2,matched,Minas Geraes,,Ouro Pino,—,1910,,,,,,,,120,,,,,,,,,,,,,,,,"["""", ""Ouro Pino"", ""—"", ""1910""]","["""", """", """", """", """", """", """", ""120"", """", """", """", """", """"]"
table_1_all.pdf,section_i,5,9,10,tbl-32.md,tbl-34.md,7,1,matched,Minas Geraes,,Paraisopolis,Dr Bueno de Paiva,1912,Hydraulica...,T. H.,1,460,50,76,10000,220,Alternativa...,3,50,1,6,,,,,,,,,,,"["""", ""Paraisopolis"", ""Dr Bueno de Paiva"", ""1912""]","[""Hydraulica..."", ""T. H."", ""1"", ""460"", ""50"", ""76"", ""10.000"", ""220"", ""Alternativa..."", ""3"", ""50"", ""1"", ""6""]"
table_1_all.pdf,section_i,5,9,10,tbl-32.md,tbl-34.md,7,2,matched,Minas Geraes,,Paraisopolis,Dr Bueno de Paiva,1912,,,,,,,4000,120,,,,,,,,,,,,,,,,"["""", ""Paraisopolis"", ""Dr Bueno de Paiva"", ""1912""]","["""", """", """", """", """", """", ""4.000"", ""120"", """", """", """", """", """"]"
table_1_all.pdf,section_i,5,9,10,tbl-32.md,tbl-34.md,8,1,matched,Minas Geraes,Companhia Sul Mineira de Electricidade,São Gonçalo do Sapucahy,Rio Dourado,1912,Hydraulica...,T. H.,2,1000,123,136,10000,220,Alternativa...,3,50,1,12,,,,,,,,,,,"[""Companhia Sul Mineira de Electricidade"", ""São Gonçalo do Sapucahy"", ""Rio Dourado"", ""1912""]","[""Hydraulica..."", ""T. H."", ""2"", ""1.000"", ""123"", ""136"", ""10.000"", ""220"", ""Alternativa..."", ""3"", ""50"", ""1"", ""12""]"
table_1_all.pdf,section_i,5,9,10,tbl-32.md,tbl-34.md,8,2,matched,Minas Geraes,Companhia Sul Mineira de Electricidade,São Gonçalo do Sapucahy,Rio Dourado,1912,,,,,,,,120,,,,,,,,,,,,,,,,"[""Companhia Sul Mineira de Electricidade"", ""São Gonçalo do Sapucahy"", ""Rio Dourado"", ""1912""]","["""", """", """", """", """", """", """", ""120"", """", """", """", """", """"]"
table_1_all.pdf,section_i,5,9,10,tbl-32.md,tbl-34.md,9,1,matched,Minas Geraes,,Varginha,Rio Verde,1910,Hydraulica...,T. H.,2,1250,150,185,10000,220,Alternativa...,3,50,-,37,,,,,,,,,,,"["""", ""Varginha"", ""Rio Verde"", ""1910""]","[""Hydraulica..."", ""T. H."", ""2"", ""1.250"", ""150"", ""185"", ""10.000"", ""220"", ""Alternativa..."", ""3"", ""50"", ""-"", ""37""]"
table_1_all.pdf,section_i,5,9,10,tbl-32.md,tbl-34.md,9,2,matched,Minas Geraes,,Varginha,Rio Verde,1910,,,,,,,,120,,,,,,,,,,,,,,,,"["""", ""Varginha"", ""Rio Verde"", ""1910""]","["""", """", """", """", """", """", """", ""120"", """", """", """", """", """"]"
table_1_all.pdf,section_i,5,9,10,tbl-32.md,tbl-34.md,10,1,matched,Minas Geraes,Companhia Ouropretana de Electricidade,Ouro Preto,Tombadouro,1902,Hydraulica...,T. H.,1,320,3,15,2300,220,Alternativa...,3,50,1,10,,,,,,,,,,,"[""Companhia Ouropretana de Electricidade"", ""Ouro Preto"", ""Tombadouro"", ""1902""]","[""Hydraulica..."", ""T. H."", ""1"", ""320"", ""3"", ""15"", ""2.300"", ""220"", ""Alternativa..."", ""3"", ""50"", ""1"", ""10""]"
table_1_all.pdf,section_i,5,9,10,tbl-32.md,tbl-34.md,10,2,matched,Minas Geraes,Companhia Ouropretana de Electricidade,Ouro Preto,Tombadouro,1902,,,,,,,,120,,,,,,,,,,,,,,,,"[""Companhia Ouropretana de Electricidade"", ""Ouro Preto"", ""Tombadouro"", ""1902""]","["""", """", """", """", """", """", """", ""120"", """", """", """", """", """"]"
table_1_all.pdf,section_i,5,9,10,tbl-32.md,tbl-34.md,11,1,matched,Minas Geraes,Companhia Brasileira de Carbureto de Calcio,Palmyra,Guary,1912,Hydraulica...,T. H.,4,7800,16,-,25000,-,Alternativa...,3,50,1,10,,,,,,,,,,,"[""Companhia Brasileira de Carbureto de Calcio"", ""Palmyra"", ""Guary"", ""1912""]","[""Hydraulica..."", ""T. H."", ""4"", ""7.800"", ""16"", ""-"", ""25.000"", ""-"", ""Alternativa..."", ""3"", ""50"", ""1"", ""10""]"
table_1_all.pdf,section_i,5,9,10,tbl-32.md,tbl-34.md,12,1,matched,Minas Geraes,Municipalidade de Passa Quatro,Passa Quatro,—,1911,Hydraulica...,T. H.,2,160,14,4,5000,220,Alternativa...,1,50,1,5,,,,,,,,,,,"[""Municipalidade de Passa Quatro"", ""Passa Quatro"", ""—"", ""1911""]","[""Hydraulica..."", ""T. H."", ""2"", ""160"", ""14"", ""4"", ""5.000"", ""220"", ""Alternativa..."", ""1"", ""50"", ""1"", ""5""]"
table_1_all.pdf,section_i,5,9,10,tbl-32.md,tbl-34.md,13,1,matched,Minas Geraes,Municipalidade de Patos,Patos,—,1915,Hydraulica...,T. H.,1,120,12,9,6600,110,Alternativa...,3,60,1,-,,,,,,,,,,,"[""Municipalidade de Patos"", ""Patos"", ""—"", ""1915""]","[""Hydraulica..."", ""T. H."", ""1"", ""120"", ""12"", ""9"", ""6.600"", ""110"", ""Alternativa..."", ""3"", ""60"", ""1"", ""-""]"
table_1_all.pdf,section_i,5,9,10,tbl-32.md,tbl-34.md,14,1,matched,Minas Geraes,Municipalidade de Peidões,Perdões,—,1918,Hydraulica...,T. H.,1,120,7,6,6600,110,Alternativa...,3,60,1,4,,,,,,,,,,,"[""Municipalidade de Peidões"", ""Perdões"", ""—"", ""1918""]","[""Hydraulica..."", ""T. H."", ""1"", ""120"", ""7"", ""6"", ""6.600"", ""110"", ""Alternativa..."", ""3"", ""60"", ""1"", ""4""]"
table_1_all.pdf,section_i,5,9,10,tbl-32.md,tbl-34.md,15,1,matched,Minas Geraes,Companhia Industria e Viação de Pirapora,Pirapora,—,1919,Hydraulica...,T. H.,1,180,2,10,110,110,Alternativa...,3,50,-,10,,,,,,,,,,,"[""Companhia Industria e Viação de Pirapora"", ""Pirapora"", ""—"", ""1919""]","[""Hydraulica..."", ""T. H."", ""1"", ""180"", ""2"", ""10"", ""110"", ""110"", ""Alternativa..."", ""3"", ""50"", ""-"", ""10""]"
table_1_all.pdf,section_i,5,9,10,tbl-32.md,tbl-34.md,16,1,matched,Minas Geraes,Companhia Industrial Pitanguyense,Pitanguy,—,1919,Thermica...,M. V.,1,150,2,10,5000,220,Alternativa...,3,50,2,5,,,,,,,,,,,"[""Companhia Industrial Pitanguyense"", ""Pitanguy"", ""—"", ""1919""]","[""Thermica..."", ""M. V."", ""1"", ""150"", ""2"", ""10"", ""5.000"", ""220"", ""Alternativa..."", ""3"", ""50"", ""2"", ""5""]"
table_1_all.pdf,section_i,5,9,10,tbl-32.md,tbl-34.md,16,2,matched,Minas Geraes,Companhia Industrial Pitanguyense,Pitanguy,—,1919,,,,,,,,,,,60,,,,,,,,,,,,,"[""Companhia Industrial Pitanguyense"", ""Pitanguy"", ""—"", ""1919""]","["""", """", """", """", """", """", """", """", """", """", ""60"", """", """"]"
table_1_all.pdf,section_i,5,9,10,tbl-32.md,tbl-34.md,17,1,matched,Minas Geraes,Municipalidade de Piumhy,Piumhy,—,1919,Hydraulica...,T. H.,1,60,34,8,6600,110,Alternativa...,2,50,1,4,,,,,,,,,,,"[""Municipalidade de Piumhy"", ""Piumhy"", ""—"", ""1919""]","[""Hydraulica..."", ""T. H."", ""1"", ""60"", ""34"", ""8"", ""6.600"", ""110"", ""Alternativa..."", ""2"", ""50"", ""1"", ""4""]"
table_1_all.pdf,section_i,5,9,10,tbl-32.md,tbl-34.md,18,1,matched,Minas Geraes,Luiz José Dias & Companhia,Poços de Caldas,—,1905,Hydraulica...,T. H.,1,620,5,20,2300,110,Alternativa...,3,50,1,10,,,,,,,,,,,"[""Luiz José Dias & Companhia"", ""Poços de Caldas"", ""—"", ""1905""]","[""Hydraulica..."", ""T. H."", ""1"", ""620"", ""5"", ""20"", ""2.300"", ""110"", ""Alternativa..."", ""3"", ""50"", ""1"", ""10""]"
table_1_all.pdf,section_i,5,9,10,tbl-32.md,tbl-34.md,19,1,matched,Minas Geraes,Municipalidade de Ponte Nova,Ponte Nova,—,1913,Hydraulica...,T. H.,2,516,12,6,10000,220,Alternativa...,3,50,1,10,,,,,,,,,,,"[""Municipalidade de Ponte Nova"", ""Ponte Nova"", ""—"", ""1913""]","[""Hydraulica..."", ""T. H."", ""2"", ""516"", ""12"", ""6"", ""10.000"", ""220"", ""Alternativa..."", ""3"", ""50"", ""1"", ""10""]"
table_1_all.pdf,section_i,5,9,10,tbl-32.md,tbl-34.md,19,2,matched,Minas Geraes,Municipalidade de Ponte Nova,Ponte Nova,—,1913,,,,,,,,120,,,,,,,,,,,,,,,,"[""Municipalidade de Ponte Nova"", ""Ponte Nova"", ""—"", ""1913""]","["""", """", """", """", """", """", """", ""120"", """", """", """", """", """"]"
table_1_all.pdf,section_i,5,9,10,tbl-32.md,tbl-34.md,20,1,matched,Minas Geraes,Municipalidade de Pouso Alegre,Pouso Alegre,Ponte de Pedras,1907,Hydraulica...,T. H.,1,150,29,18,15000,220,Alternativa...,1,40,1,8,,,,,,,,,,,"[""Municipalidade de Pouso Alegre"", ""Pouso Alegre"", ""Ponte de Pedras"", ""1907""]","[""Hydraulica..."", ""T. H."", ""1"", ""150"", ""29"", ""18"", ""15.000"", ""220"", ""Alternativa..."", ""1"", ""40"", ""1"", ""8""]"
table_1_all.pdf,section_i,5,9,10,tbl-32.md,tbl-34.md,20,2,matched,Minas Geraes,Municipalidade de Pouso Alegre,Pouso Alegre,Ponte de Pedras,1907,,,,,,,,110,,,,,,,,,,,,,,,,"[""Municipalidade de Pouso Alegre"", ""Pouso Alegre"", ""Ponte de Pedras"", ""1907""]","["""", """", """", """", """", """", """", ""110"", """", """", """", """", """"]"
table_1_all.pdf,section_i,5,9,10,tbl-32.md,tbl-34.md,21,1,matched,Minas Geraes,Baêta & Mello,Queluz,Hydrodina,1917,Hydraulica...,T. H.,1,543,15,32,22000,3000,Alternativa...,3,50,1,14,,,,,,,,,,,"[""Baêta & Mello"", ""Queluz"", ""Hydrodina"", ""1917""]","[""Hydraulica..."", ""T. H."", ""1"", ""543"", ""15"", ""32"", ""22.000"", ""3.000"", ""Alternativa..."", ""3"", ""50"", ""1"", ""14""]"
table_1_all.pdf,section_i,5,9,10,tbl-32.md,tbl-34.md,21,2,matched,Minas Geraes,Baêta & Mello,Queluz,Hydrodina,1917,,,,,,,,220,,,,,,,,,,,,,,,,"[""Baêta & Mello"", ""Queluz"", ""Hydrodina"", ""1917""]","["""", """", """", """", """", """", """", ""220"", """", """", """", """", """"]"
table_1_all.pdf,section_i,6,11,12,tbl-35.md,tbl-37.md,1,1,matched,Minas Geraes,W T Atherton,Rio Piracicaba,Lages,1920,Hydraulica...,R. A.,1,7,2,3,250,250,Continua...,-,-,-,1,,,,,,,,,,,"[""W T Atherton"", ""Rio Piracicaba"", ""Lages"", ""1920""]","[""Hydraulica..."", ""R. A."", ""1"", ""7"", ""2"", ""3"", ""250"", ""250"", ""Continua..."", ""-"", ""-"", ""-"", ""1""]"
table_1_all.pdf,section_i,6,11,12,tbl-35.md,tbl-37.md,2,1,matched,Minas Geraes,Empresa Hydro-Electrica Nacional,Rio Preto,Romeo,1920,Hydraulica...,T. H.,1,200,4,7,6000,220120,Alternativa...,3,50,-,3,,,,,,,,,,,"[""Empresa Hydro-Electrica Nacional"", ""Rio Preto"", ""Romeo"", ""1920""]","[""Hydraulica..."", ""T. H."", ""1"", ""200"", ""4"", ""7"", ""6.000"", ""220 120"", ""Alternativa..."", ""3"", ""50"", ""-"", ""3""]"
table_1_all.pdf,section_i,6,11,12,tbl-35.md,tbl-37.md,3,1,matched,Minas Geraes,Municipalidade de Sabará,Sabará,—,1917,Hydraulica...,T. H.,1,115,4,9,4000,120,Alternativa...,3,50,1,5,,,,,,,,,,,"[""Municipalidade de Sabará"", ""Sabará"", ""—"", ""1917""]","[""Hydraulica..."", ""T. H."", ""1"", ""115"", ""4"", ""9"", ""4.000"", ""120"", ""Alternativa..."", ""3"", ""50"", ""1"", ""5""]"
table_1_all.pdf,section_i,6,11,12,tbl-35.md,tbl-37.md,4,1,matched,Minas Geraes,Municipalidade de Santa Luzia do Rio das Velhas,»,—,1913,Hydraulica...,T. H.,1,200,12,4,6000,220,Alternativa...,3,50,1,5,,,,,,,,,,,"[""Municipalidade de Santa Luzia do Rio das Velhas"", ""»"", ""—"", ""1913""]","[""Hydraulica..."", ""T. H."", ""1"", ""200"", ""12"", ""4"", ""6.000"", ""220"", ""Alternativa..."", ""3"", ""50"", ""1"", ""5""]"
table_1_all.pdf,section_i,6,11,12,tbl-35.md,tbl-37.md,5,1,matched,Minas Geraes,Municipalidade de Conquista,Sacramento,Sacramento,1908,Hydraulica...,T. H.,1,679,13,8,10500,220,Continua...,-,-,1,2,,,,,,,,,,,"[""Municipalidade de Conquista"", ""Sacramento"", ""Sacramento"", ""1908""]","[""Hydraulica..."", ""T. H."", ""1"", ""679"", ""13"", ""8"", ""10.500"", ""220"", ""Continua..."", ""-"", ""-"", ""1"", ""2""]"
table_1_all.pdf,section_i,6,11,12,tbl-35.md,tbl-37.md,6,1,matched,Minas Geraes,Companhia Industrial Bello Horizonte,Santa Luzia do Rio das Velhas,—,1916,Hydraulica...,T. H.,1,256,1,-,220,220,Alternativa...,3,50,1,2,,,,,,,,,,,"[""Companhia Industrial Bello Horizonte"", ""Santa Luzia do Rio das Velhas"", ""—"", ""1916""]","[""Hydraulica..."", ""T. H."", ""1"", ""256"", ""1"", ""-"", ""220"", ""220"", ""Alternativa..."", ""3"", ""50"", ""1"", ""2""]"
table_1_all.pdf,section_i,6,11,12,tbl-35.md,tbl-37.md,7,1,matched,Minas Geraes,Dr. Estevão Leite de Magalhães Pinto,Santa Quiteria,—,1914,Hydraulica...,T. H.,1,380,4,4,6000,220110,Alternativa...,3,50,-,5,,,,,,,,,,,"[""Dr. Estevão Leite de Magalhães Pinto"", ""Santa Quiteria"", ""—"", ""1914""]","[""Hydraulica..."", ""T. H."", ""1"", ""380"", ""4"", ""4"", ""6.000"", ""220 110"", ""Alternativa..."", ""3"", ""50"", ""-"", ""5""]"
table_1_all.pdf,section_i,6,11,12,tbl-35.md,tbl-37.md,8,1,matched,Minas Geraes,Companhia Força e Luz Minas Sul,Santa Rita do Sapucahy,Delphim Moreira,1920,Hydraulica...,T. H.,2,500,36,20,22000,3000220110,Alternativa...,3,50,1,9,,,,,,,,,,,"[""Companhia Força e Luz Minas Sul"", ""Santa Rita do Sapucahy"", ""Delphim Moreira"", ""1920""]","[""Hydraulica..."", ""T. H."", ""2"", ""500"", ""36"", ""20"", ""22.000"", ""3.000 220 110"", ""Alternativa..."", ""3"", ""50"", ""1"", ""9""]"
table_1_all.pdf,section_i,6,11,12,tbl-35.md,tbl-37.md,9,1,matched,Minas Geraes,Municipalidade de Santo Antonio do Monte,Santo Antonio do Monte,—,1918,Hydraulica...,T. H.,1,150,4,6,2000,120,Alternativa...,3,50,1,3,,,,,,,,,,,"[""Municipalidade de Santo Antonio do Monte"", ""Santo Antonio do Monte"", ""—"", ""1918""]","[""Hydraulica..."", ""T. H."", ""1"", ""150"", ""4"", ""6"", ""2.000"", ""120"", ""Alternativa..."", ""3"", ""50"", ""1"", ""3""]"
table_1_all.pdf,section_i,6,11,12,tbl-35.md,tbl-37.md,10,1,matched,Minas Geraes,Municipalidade de São Domingos do Prata,São Domingos do Prata,—,1916,Hydraulica...,T. H.,1,160,2,2,5100,220120,Alternativa...,3,50,-,2,,,,,,,,,,,"[""Municipalidade de São Domingos do Prata"", ""São Domingos do Prata"", ""—"", ""1916""]","[""Hydraulica..."", ""T. H."", ""1"", ""160"", ""2"", ""2"", ""5.100"", ""220 120"", ""Alternativa..."", ""3"", ""50"", ""-"", ""2""]"
table_1_all.pdf,section_i,6,11,12,tbl-35.md,tbl-37.md,11,1,matched,Minas Geraes,Municipalidade de São Gothardo,São Gothardo,Cachoeira de Confusão,1920,Hydraulica...,T. H.,1,45,1,7,220,220110,Alternativa...,3,50,-,2,,,,,,,,,,,"[""Municipalidade de São Gothardo"", ""São Gothardo"", ""Cachoeira de Confusão"", ""1920""]","[""Hydraulica..."", ""T. H."", ""1"", ""45"", ""1"", ""7"", ""220"", ""220 110"", ""Alternativa..."", ""3"", ""50"", ""-"", ""2""]"
table_1_all.pdf,section_i,6,11,12,tbl-35.md,tbl-37.md,12,1,matched,Minas Geraes,Adão Pereira de Araujo,São José d'Além Parahyba,Rio dos Aventureiros,1914,Hydraulica...,T. H.,2,1300,7,70,6000,220110,Alternativa...,3,50,-,-,,,,,,,,,,,"[""Adão Pereira de Araujo"", ""São José d'Além Parahyba"", ""Rio dos Aventureiros"", ""1914""]","[""Hydraulica..."", ""T. H."", ""2"", ""1.300"", ""7"", ""70"", ""6.000"", ""220 110"", ""Alternativa..."", ""3"", ""50"", ""-"", ""-""]"
table_1_all.pdf,section_i,6,11,12,tbl-35.md,tbl-37.md,13,1,matched,Minas Geraes,Villela & Companhia,» » » »,—,1912,Hydraulica...,T. H.,1,135,3,9,3000,220110,Alternativa...,3,50,-,-,,,,,,,,,,,"[""Villela & Companhia"", ""» » » »"", ""—"", ""1912""]","[""Hydraulica..."", ""T. H."", ""1"", ""135"", ""3"", ""9"", ""3.000"", ""220 110"", ""Alternativa..."", ""3"", ""50"", ""-"", ""-""]"
table_1_all.pdf,section_i,6,11,12,tbl-35.md,tbl-37.md,14,1,matched,Minas Geraes,Empresa Força e Luz de Silvestre Ferraz,Silvestre Ferraz,Força e Luz,1915,Hydraulica...,T. H.,1,150,18,13,5000,220,Alternativa...,3,60,3,8,,,,,,,,,,,"[""Empresa Força e Luz de Silvestre Ferraz"", ""Silvestre Ferraz"", ""Força e Luz"", ""1915""]","[""Hydraulica..."", ""T. H."", ""1"", ""150"", ""18"", ""13"", ""5.000"", ""220"", ""Alternativa..."", ""3"", ""60"", ""3"", ""8""]"
table_1_all.pdf,section_i,6,11,12,tbl-35.md,tbl-37.md,15,1,matched,Minas Geraes,Municipalidade de São João d'El-Rey,Tiradentes,—,1900,Hydraulica...,T. H.,2,700,11,22,6600,1000110,Alternativa...,3,60,1,10,,,,,,,,,,,"[""Municipalidade de São João d'El-Rey"", ""Tiradentes"", ""—"", ""1900""]","[""Hydraulica..."", ""T. H."", ""2"", ""700"", ""11"", ""22"", ""6.600"", ""1.000 110"", ""Alternativa..."", ""3"", ""60"", ""1"", ""10""]"
table_1_all.pdf,section_i,6,11,12,tbl-35.md,tbl-37.md,16,1,matched,Minas Geraes,Companhia Turvense de Luz e Força,Turvo,—,1917,Hydraulica...,T. H.,1,130,9,8,6600,110,Alternativa...,3,50,1,5,,,,,,,,,,,"[""Companhia Turvense de Luz e Força"", ""Turvo"", ""—"", ""1917""]","[""Hydraulica..."", ""T. H."", ""1"", ""130"", ""9"", ""8"", ""6.600"", ""110"", ""Alternativa..."", ""3"", ""50"", ""1"", ""5""]"
table_1_all.pdf,section_i,6,11,12,tbl-35.md,tbl-37.md,17,1,matched,Minas Geraes,Companhia Luz e Força de Uberabinha,Uberabinha,—,1909,Hydraulica...,T. H.,2,1500,6,25,4000,220,Alternativa...,3,50,-,8,,,,,,,,,,,"[""Companhia Luz e Força de Uberabinha"", ""Uberabinha"", ""—"", ""1909""]","[""Hydraulica..."", ""T. H."", ""2"", ""1.500"", ""6"", ""25"", ""4.000"", ""220"", ""Alternativa..."", ""3"", ""50"", ""-"", ""8""]"
table_1_all.pdf,section_i,6,11,12,tbl-35.md,tbl-37.md,18,1,matched,Minas Geraes,Empresa Força e Luz Hervalense,Viçosa,—,1920,Hydraulica...,T. H.,1,150,7,-,6600,110,Alternativa...,3,-,-,-,,,,,,,,,,,"[""Empresa Força e Luz Hervalense"", ""Viçosa"", ""—"", ""1920""]","[""Hydraulica..."", ""T. H."", ""1"", ""150"", ""7"", ""-"", ""6.600"", ""110"", ""Alternativa..."", ""3"", ""-"", ""-"", ""-""]"
table_1_all.pdf,section_i,6,11,12,tbl-35.md,tbl-37.md,19,1,matched,Minas Geraes,Companhia Fiação e Tecidos São Sylvestre,»,São Sylvestre,1920,Hydraulica...,T. H.,1,150,4,(1),110,(1)110,Alternativa...,-,-,-,-,,,,,,,,,,,"[""Companhia Fiação e Tecidos São Sylvestre"", ""»"", ""São Sylvestre"", ""1920""]","[""Hydraulica..."", ""T. H."", ""1"", ""150"", ""4"", ""(1)"", ""110"", ""(1) 110"", ""Alternativa..."", ""-"", ""-"", ""-"", ""-""]"
table_1_all.pdf,section_i,7,13,14,tbl-39.md,tbl-44.md,1,1,matched,Minas Geraes,St John dei Rey Mining Company Limited,Villa Nova de Lima,A,1915,Hydraulica...,R. A.,1,335,,,,,,,,,,,,,,,,,,,,"[""St John dei Rey Mining Company Limited"", ""Villa Nova de Lima"", ""A"", ""1915""]","[""Hydraulica..."", ""R. A."", ""1"", ""335"", """", """", """", """", """", """", """", """", """"]"
table_1_all.pdf,section_i,7,13,14,tbl-39.md,tbl-44.md,2,1,matched,Minas Geraes,,,B,1915,Hydraulica...,R. A.,1,402,,,,,,,,,,,,,,,,,,,,"["""", """", ""B"", ""1915""]","[""Hydraulica..."", ""R. A."", ""1"", ""402"", """", """", """", """", """", """", """", """", """"]"
table_1_all.pdf,section_i,7,13,14,tbl-39.md,tbl-44.md,3,1,matched,Minas Geraes,,,C,1915,Hydraulica...,R. A.,1,911,,,30000,5000,,,,,,,,,,,,,,,,"["""", """", ""C"", ""1915""]","[""Hydraulica..."", ""R. A."", ""1"", ""911"", """", """", ""30.000"", ""5.000"", """", """", """", """", """"]"
table_1_all.pdf,section_i,7,13,14,tbl-39.md,tbl-44.md,4,1,matched,Minas Geraes,,,D,1915,Hydraulica...,R. A.,2,1876,,,,,,,,,,,,,,,,,,,,"["""", """", ""D"", ""1915""]","[""Hydraulica..."", ""R. A."", ""2"", ""1.876"", """", """", """", """", """", """", """", """", """"]"
table_1_all.pdf,section_i,7,13,14,tbl-39.md,tbl-44.md,5,1,matched,Minas Geraes,,,E,1915,Hydraulica...,R. A.,1,1876,50,68,15000,380,Alternativa.,3,50,1,,,,,,,,,,,,"["""", """", ""E"", ""1915""]","[""Hydraulica..."", ""R. A."", ""1"", ""1.876"", ""50"", ""68"", ""15.000"", ""380"", ""Alternativa."", ""3"", ""50"", ""1"", """"]"
table_1_all.pdf,section_i,7,13,14,tbl-39.md,tbl-44.md,6,1,matched,Minas Geraes,,,Gaia,1915,Hydraulica...,R. A.,1,402,,,,,,,,,,,,,,,,,,,,"["""", """", ""Gaia"", ""1915""]","[""Hydraulica..."", ""R. A."", ""1"", ""402"", """", """", """", """", """", """", """", """", """"]"
table_1_all.pdf,section_i,7,13,14,tbl-39.md,tbl-44.md,7,1,matched,Minas Geraes,,,Crystaes,1915,Hydraulica...,T. H.,1,154,,,5000,220,,,,,,,,,,,,,,,,"["""", """", ""Crystaes"", ""1915""]","[""Hydraulica..."", ""T. H."", ""1"", ""154"", """", """", ""5 000"", ""220"", """", """", """", """", """"]"
table_1_all.pdf,section_i,7,13,14,tbl-39.md,tbl-44.md,8,1,matched,Minas Geraes,,,Retiro,1915,Hydraulica...,T. H.,2,67,,,,,,,,,,,,,,,,,,,,"["""", """", ""Retiro"", ""1915""]","[""Hydraulica..."", ""T. H."", ""2"", ""67"", """", """", """", """", """", """", """", """", """"]"
table_1_all.pdf,section_i,7,13,14,tbl-39.md,tbl-44.md,9,1,matched,Minas Geraes,Resende,1915,,,Hydraulica...,R. A.,1,80,,,,,,,,,,,,,,,,,,,,"[""Resende"", ""1915"", """", """"]","[""Hydraulica..."", ""R. A."", ""1"", ""80"", """", """", """", """", """", """", """", """", """"]"
table_1_all.pdf,section_i,7,13,14,tbl-39.md,tbl-44.md,10,1,matched,Minas Geraes,Municipalidade de Villa Nova de Resende,Villa Nova de Resende,Ossos,1915,Hydraulica...,T. H.,1,15,10,5,2200,110,Alternativa.,3,60,1,,,,,,,,,,,,"[""Municipalidade de Villa Nova de Resende"", ""Villa Nova de Resende"", ""Ossos"", ""1915""]","[""Hydraulica..."", ""T. H."", ""1"", ""15"", ""10"", ""5"", ""2.200"", ""110"", ""Alternativa."", ""3"", ""60"", ""1"", """"]"
table_1_all.pdf,section_i,7,13,14,tbl-39.md,tbl-44.md,11,1,matched,Minas Geraes,,,Conquista,1916,Hydraulica...,T. H.,1,20,3,4,2200,110,Alternativa.,3,60,1,,,,,,,,,,,,"["""", """", ""Conquista"", ""1916""]","[""Hydraulica..."", ""T. H."", ""1"", ""20"", ""3"", ""4"", ""2.200"", ""110"", ""Alternativa."", ""3"", ""60"", ""1"", """"]"
table_1_all.pdf,section_i,7,13,14,tbl-40.md,tbl-45.md,12,1,matched,Pará,"The Pará Electric Railway and Lighting Company, Limited",Belém,—,1905,Thermica...,M. V.,9,6590,-,-,-,2000,Continua...,-,-,-,,,,,,,,,,,,"[""The Pará Electric Railway and Lighting Company, Limited"", ""Belém"", ""—"", ""1905""]","[""Thermica..."", ""M. V."", ""9"", ""6.590"", ""-"", ""-"", ""-"", ""2.000"", ""Continua..."", ""-"", ""-"", ""-"", """"]"
table_1_all.pdf,section_i,7,13,14,tbl-40.md,tbl-45.md,12,2,matched,Pará,"The Pará Electric Railway and Lighting Company, Limited",Belém,—,1905,,,,,,,,240,Alternativa...,1,50,,,,,,,,,,,,,"[""The Pará Electric Railway and Lighting Company, Limited"", ""Belém"", ""—"", ""1905""]","["""", """", """", """", """", """", """", ""240"", ""Alternativa..."", ""1"", ""50"", """", """"]"
table_1_all.pdf,section_i,7,13,14,tbl-40.md,tbl-45.md,12,3,matched,Pará,"The Pará Electric Railway and Lighting Company, Limited",Belém,—,1905,,,,,,,,120,,,,,,,,,,,,,,,,"[""The Pará Electric Railway and Lighting Company, Limited"", ""Belém"", ""—"", ""1905""]","["""", """", """", """", """", """", """", ""120"", """", """", """", """", """"]"
table_1_all.pdf,section_i,7,13,14,tbl-40.md,tbl-45.md,13,1,matched,Pará,Municipalidade de Belém,—,Mosqueiro,1920,Thermica...,C. I.,2,80,-,7,2000,120,Alternativa e continua,2,50,1,,,,,,,,,,,,"[""Municipalidade de Belém"", ""—"", ""Mosqueiro"", ""1920""]","[""Thermica..."", ""C. I."", ""2"", ""80"", ""-"", ""7"", ""2.000"", ""120"", ""Alternativa e continua"", ""2"", ""50"", ""1"", """"]"
table_1_all.pdf,section_i,7,13,14,tbl-40.md,tbl-45.md,14,1,matched,Pará,Empresa de Melhoramentos Publicos,Bragança,—,1911,Thermica...,C. I.,1,90,3,20,2000,120,Alternativa...,2,50,-,,,,,,,,,,,,"[""Empresa de Melhoramentos Publicos"", ""Bragança"", ""—"", ""1911""]","[""Thermica..."", ""C. I."", ""1"", ""90"", ""3"", ""20"", ""2.000"", ""120"", ""Alternativa..."", ""2"", ""50"", ""-"", """"]"
table_1_all.pdf,section_i,7,13,14,tbl-40.md,tbl-45.md,15,1,matched,Pará,Municipalidade de Chaves,Chaves,—,1914,Thermica...,M. V.,1,40,-,3,-,120,Continua...,-,-,-,,,,,,,,,,,,"[""Municipalidade de Chaves"", ""Chaves"", ""—"", ""1914""]","[""Thermica..."", ""M. V."", ""1"", ""40"", ""-"", ""3"", ""-"", ""120"", ""Continua..."", ""-"", ""-"", ""-"", """"]"
table_1_all.pdf,section_i,7,13,14,tbl-41.md,tbl-46.md,16,1,matched,Parahyba,Municipalidade de Alagôa Nova,Alagôa Nova,—,1919,Thermica...,M. V.,1,12,-,2,-,110,Continua...,-,-,-,2,,,,,,,,,,,"[""Municipalidade de Alagôa Nova"", ""Alagôa Nova"", ""—"", ""1919""]","[""Thermica..."", ""M. V."", ""1"", ""12"", ""-"", ""2"", ""-"", ""110"", ""Continua..."", ""-"", ""-"", ""-"", ""2""]"
table_1_all.pdf,section_i,7,13,14,tbl-41.md,tbl-46.md,17,1,matched,Parahyba,Antonio Maia & Companhia,Areia,—,1919,Thermica...,M. V.,1,21,-,2,-,110,Continua...,-,-,-,4,,,,,,,,,,,"[""Antonio Maia & Companhia"", ""Areia"", ""—"", ""1919""]","[""Thermica..."", ""M. V."", ""1"", ""21"", ""-"", ""2"", ""-"", ""110"", ""Continua..."", ""-"", ""-"", ""-"", ""4""]"
table_1_all.pdf,section_i,7,13,14,tbl-41.md,tbl-46.md,18,1,matched,Parahyba,Empresa Hydro-Electrica Borborema,Bananeiras,—,1919,Hydraulica...,T. H.,1,50,16,18,2000,120,Alternativa...,3,50,3,8,,,,,,,,,,,"[""Empresa Hydro-Electrica Borborema"", ""Bananeiras"", ""—"", ""1919""]","[""Hydraulica..."", ""T. H."", ""1"", ""50"", ""16"", ""18"", ""2.000"", ""120"", ""Alternativa..."", ""3"", ""50"", ""3"", ""8""]"
table_1_all.pdf,section_i,7,13,14,tbl-41.md,tbl-46.md,19,1,matched,Parahyba,Empresa Luz e Força de Campina Grande,Campina Grande,—,1920,Thermica...,C. I.,1,180,-,5,-,220,Continua...,-,-,-,7,,,,,,,,,,,"[""Empresa Luz e Força de Campina Grande"", ""Campina Grande"", ""—"", ""1920""]","[""Thermica..."", ""C. I."", ""1"", ""180"", ""-"", ""5"", ""-"", ""220"", ""Continua..."", ""-"", ""-"", ""-"", ""7""]"
table_1_all.pdf,section_i,7,13,14,tbl-41.md,tbl-46.md,20,1,matched,Parahyba,Empresa Luz e Força de Guarabira,Guarabira,—,1919,Thermica...,C. I.,1,40,-,3,-,220,Continua...,-,-,-,3,,,,,,,,,,,"[""Empresa Luz e Força de Guarabira"", ""Guarabira"", ""—"", ""1919""]","[""Thermica..."", ""C. I."", ""1"", ""40"", ""-"", ""3"", ""-"", ""220"", ""Continua..."", ""-"", ""-"", ""-"", ""3""]"
table_1_all.pdf,section_i,7,13,14,tbl-41.md,tbl-46.md,21,1,matched,Parahyba,J Alves da Silva,Itabayanna,—,1919,Thermica...,C. I.,1,45,-,2,-,220,Continua...,-,-,-,9,,,,,,,,,,,"[""J Alves da Silva"", ""Itabayanna"", ""—"", ""1919""]","[""Thermica..."", ""C. I."", ""1"", ""45"", ""-"", ""2"", ""-"", ""220"", ""Continua..."", ""-"", ""-"", ""-"", ""9""]"
table_1_all.pdf,section_i,7,13,14,tbl-41.md,tbl-46.md,22,1,matched,Parahyba,Empresa Força e Luz da Parahyba do Norte,Parahyba,També,1920,Thermica...,C. I.,2,1150,-,91,-,6000,Alternativa...,3,50,2,-,,,,,,,,,,,"[""Empresa Força e Luz da Parahyba do Norte"", ""Parahyba"", ""També"", ""1920""]","[""Thermica..."", ""C. I."", ""2"", ""1.150"", ""-"", ""91"", ""-"", ""6.000"", ""Alternativa..."", ""3"", ""50"", ""2"", ""-""]"
table_1_all.pdf,section_i,7,13,14,tbl-41.md,tbl-46.md,22,2,matched,Parahyba,Empresa Força e Luz da Parahyba do Norte,Parahyba,També,1920,,M. V.,1,300,-,,,220,,,,,,,,,,,,,,,,"[""Empresa Força e Luz da Parahyba do Norte"", ""Parahyba"", ""També"", ""1920""]","["""", ""M. V."", ""1"", ""300"", ""-"", """", """", ""220"", """", """", """", """", """"]"
table_1_all.pdf,section_i,7,13,14,tbl-42.md,tbl-47.md,23,1,matched,Paraná,Empresa Luz e Força de Antonina,Antonina,—,1905,Thermica...,M. V.,2,50,-,6,-,220,Continua...,-,-,-,4,,,,,,,,,,,"[""Empresa Luz e Força de Antonina"", ""Antonina"", ""—"", ""1905""]","[""Thermica..."", ""M. V."", ""2"", ""50"", ""-"", ""6"", ""-"", ""220"", ""Continua..."", ""-"", ""-"", ""-"", ""4""]"
table_1_all.pdf,section_i,7,13,14,tbl-42.md,tbl-47.md,24,1,matched,Paraná,Rodolpho Voss,Arancaria,—,1907,Thermica...,M. V.,1,25,-,3,-,235,Continua...,-,-,-,3,,,,,,,,,,,"[""Rodolpho Voss"", ""Arancaria"", ""—"", ""1907""]","[""Thermica..."", ""M. V."", ""1"", ""25"", ""-"", ""3"", ""-"", ""235"", ""Continua..."", ""-"", ""-"", ""-"", ""3""]"
table_1_all.pdf,section_i,7,13,14,tbl-42.md,tbl-47.md,25,1,matched,Paraná,Telles Pusch Limitada,Castro,—,1911,Thermica...,M. V.,2,250,2,9,2100,220,Alternativa...,3,50,-,12,,,,,,,,,,,"[""Telles Pusch Limitada"", ""Castro"", ""—"", ""1911""]","[""Thermica..."", ""M. V."", ""2"", ""250"", ""2"", ""9"", ""2.100"", ""220"", ""Alternativa..."", ""3"", ""50"", ""-"", ""12""]"
table_1_all.pdf,section_i,7,13,14,tbl-42.md,tbl-47.md,26,1,matched,Paraná,"The South Brazilian Railway, Company, Limited",Curityba,Central,1889,Thermica...,M. V.,5,4200,-,-,-,2000,Alternativa...,3,42,-,45,,,,,,,,,,,"[""The South Brazilian Railway, Company, Limited"", ""Curityba"", ""Central"", ""1889""]","[""Thermica..."", ""M. V."", ""5"", ""4.200"", ""-"", ""-"", ""-"", ""2.000"", ""Alternativa..."", ""3"", ""42"", ""-"", ""45""]"
table_1_all.pdf,section_i,8,15,16,tbl-49.md,tbl-52.md,1,1,matched,Paraná,Antonio Meirelles Solinho,Deodoro,Itahysinho,1913,Hydraulica...,R. A.,1,12,—,2,—,220,Continua...,—,—,—,2,,,,,,,,,,,"[""Antonio Meirelles Solinho"", ""Deodoro"", ""Itahysinho"", ""1913""]","[""Hydraulica..."", ""R. A."", ""1"", ""12"", ""—"", ""2"", ""—"", ""220"", ""Continua..."", ""—"", ""—"", ""—"", ""2""]"
table_1_all.pdf,section_i,8,15,16,tbl-49.md,tbl-52.md,2,1,matched,Paraná,Municipalidade de Foz do Iguassú,Foz do Iguassú,—,1908,Thermica...,M. V.,1,18,—,2,—,110,Continua...,—,—,—,2,,,,,,,,,,,"[""Municipalidade de Foz do Iguassú"", ""Foz do Iguassú"", ""—"", ""1908""]","[""Thermica..."", ""M. V."", ""1"", ""18"", ""—"", ""2"", ""—"", ""110"", ""Continua..."", ""—"", ""—"", ""—"", ""2""]"
table_1_all.pdf,section_i,8,15,16,tbl-49.md,tbl-52.md,3,1,matched,Paraná,Emilio B Gomes,Iraty,Iraty,1918,Thermica...,M. V.,1,120,—,5,—,220,Continua...,—,—,—,4,,,,,,,,,,,"[""Emilio B Gomes"", ""Iraty"", ""Iraty"", ""1918""]","[""Thermica..."", ""M. V."", ""1"", ""120"", ""—"", ""5"", ""—"", ""220"", ""Continua..."", ""—"", ""—"", ""—"", ""4""]"
table_1_all.pdf,section_i,8,15,16,tbl-49.md,tbl-52.md,4,1,matched,Paraná,Annibal Dias de Paiva,Lapa,Paiva,1911,Thermica...,M. V.,1,80,—,1,—,220,Continua...,—,—,—,4,,,,,,,,,,,"[""Annibal Dias de Paiva"", ""Lapa"", ""Paiva"", ""1911""]","[""Thermica..."", ""M. V."", ""1"", ""80"", ""—"", ""1"", ""—"", ""220"", ""Continua..."", ""—"", ""—"", ""—"", ""4""]"
table_1_all.pdf,section_i,8,15,16,tbl-49.md,tbl-52.md,5,1,matched,Paraná,Empresa de Luz Electrica de Palmas,Palmas,—,1917,Thermica...,M. V.,1,50,—,2,—,220,Continua...,—,—,—,—,,,,,,,,,,,"[""Empresa de Luz Electrica de Palmas"", ""Palmas"", ""—"", ""1917""]","[""Thermica..."", ""M. V."", ""1"", ""50"", ""—"", ""2"", ""—"", ""220"", ""Continua..."", ""—"", ""—"", ""—"", ""—""]"
table_1_all.pdf,section_i,8,15,16,tbl-49.md,tbl-52.md,6,1,matched,Paraná,Municipalidade de Palmeira,Palmeira,—,1914,Hydraulica...,T. H.,1,90,12,4,5000,110,Alternativa...,3,50,1,3,,,,,,,,,,,"[""Municipalidade de Palmeira"", ""Palmeira"", ""—"", ""1914""]","[""Hydraulica..."", ""T. H."", ""1"", ""90"", ""12"", ""4"", ""5.000"", ""110"", ""Alternativa..."", ""3"", ""50"", ""1"", ""3""]"
table_1_all.pdf,section_i,8,15,16,tbl-49.md,tbl-52.md,7,1,matched,Paraná,E de Melhoramentos Urbanos de Paranaguá,Paranaguá,Rio Miranda,1903,Hydraulica...,T. H.,2,750,16,20,11000,220,Alternativa...,3,60,1,14,,,,,,,,,,,"[""E de Melhoramentos Urbanos de Paranaguá"", ""Paranaguá"", ""Rio Miranda"", ""1903""]","[""Hydraulica..."", ""T. H."", ""2"", ""750"", ""16"", ""20"", ""11.000"", ""220"", ""Alternativa..."", ""3"", ""60"", ""1"", ""14""]"
table_1_all.pdf,section_i,8,15,16,tbl-49.md,tbl-52.md,8,1,matched,Paraná,José Fanchin,Pitahy,—,1915,Hydraulica...,R. A.,2,20,—,4,—,220,Continua...,—,—,—,2,,,,,,,,,,,"[""José Fanchin"", ""Pitahy"", ""—"", ""1915""]","[""Hydraulica..."", ""R. A."", ""2"", ""20"", ""—"", ""4"", ""—"", ""220"", ""Continua..."", ""—"", ""—"", ""—"", ""2""]"
table_1_all.pdf,section_i,8,15,16,tbl-49.md,tbl-52.md,9,1,matched,Paraná,Martins & Carvalho,Ponta Grossa,Pitanguy,1904,Hydraulica...,T. H.,3,600,8,17,10000,220,Alternativa...,3,50,1,20,,,,,,,,,,,"[""Martins & Carvalho"", ""Ponta Grossa"", ""Pitanguy"", ""1904""]","[""Hydraulica..."", ""T. H."", ""3"", ""600"", ""8"", ""17"", ""10.000"", ""220"", ""Alternativa..."", ""3"", ""50"", ""1"", ""20""]"
table_1_all.pdf,section_i,8,15,16,tbl-49.md,tbl-52.md,10,1,matched,Paraná,Dursky & Companhia,Prudentopolis,—,1912,Hydraulica...,T. H.,1,60,7,—,3200,120,Alternativa...,3,50,1,4,,,,,,,,,,,"[""Dursky & Companhia"", ""Prudentopolis"", ""—"", ""1912""]","[""Hydraulica..."", ""T. H."", ""1"", ""60"", ""7"", ""—"", ""3.200"", ""120"", ""Alternativa..."", ""3"", ""50"", ""1"", ""4""]"
table_1_all.pdf,section_i,8,15,16,tbl-49.md,tbl-52.md,11,1,matched,Paraná,Heraclito de Magalhães,São José da Boa Vista,—,1918,Hydraulica...,R. A.,1,5,1,—,220,220,Continua...,—,—,—,1,,,,,,,,,,,"[""Heraclito de Magalhães"", ""São José da Boa Vista"", ""—"", ""1918""]","[""Hydraulica..."", ""R. A."", ""1"", ""5"", ""1"", ""—"", ""220"", ""220"", ""Continua..."", ""—"", ""—"", ""—"", ""1""]"
table_1_all.pdf,section_i,8,15,16,tbl-49.md,tbl-52.md,12,1,matched,Paraná,José Zaniolo,São José dos Pinhaes,—,1909,Thermica...,M. V.,1,22,—,1,—,220,Continua...,—,—,—,2,,,,,,,,,,,"[""José Zaniolo"", ""São José dos Pinhaes"", ""—"", ""1909""]","[""Thermica..."", ""M. V."", ""1"", ""22"", ""—"", ""1"", ""—"", ""220"", ""Continua..."", ""—"", ""—"", ""—"", ""2""]"
table_1_all.pdf,section_i,8,15,16,tbl-49.md,tbl-52.md,13,1,matched,Paraná,Emilio Carlos Prohmann,São Matheus,—,1914,Thermica...,M. V.,1,48,—,7,—,2200,Alternativa...,1,50,—,5,,,,,,,,,,,"[""Emilio Carlos Prohmann"", ""São Matheus"", ""—"", ""1914""]","[""Thermica..."", ""M. V."", ""1"", ""48"", ""—"", ""7"", ""—"", ""2.200"", ""Alternativa..."", ""1"", ""50"", ""—"", ""5""]"
table_1_all.pdf,section_i,8,15,16,tbl-49.md,tbl-52.md,14,1,matched,Paraná,Manoel Azevedo Macedo,Teixeira Soares,—,1911,Thermica...,M. V.,1,70,—,2,—,120,Continua...,—,—,—,4,,,,,,,,,,,"[""Manoel Azevedo Macedo"", ""Teixeira Soares"", ""—"", ""1911""]","[""Thermica..."", ""M. V."", ""1"", ""70"", ""—"", ""2"", ""—"", ""120"", ""Continua..."", ""—"", ""—"", ""—"", ""4""]"
table_1_all.pdf,section_i,8,15,16,tbl-49.md,tbl-52.md,15,1,matched,Paraná,Alexandre Schlemm & Companhia,União da Victoria,—,1908,Thermica...,M. V.,1,200,—,—,—,3000,Alternativa...,3,50,1,6,,,,,,,,,,,"[""Alexandre Schlemm & Companhia"", ""União da Victoria"", ""—"", ""1908""]","[""Thermica..."", ""M. V."", ""1"", ""200"", ""—"", ""—"", ""—"", ""3.000"", ""Alternativa..."", ""3"", ""50"", ""1"", ""6""]"
table_1_all.pdf,section_i,8,15,16,tbl-49.md,tbl-52.md,16,1,matched,Paraná,Municipalidade de Ypiranga,Ypiranga,Fiat,1920,Thermica...,M. V.,1,45,—,3,—,220,Alternativa...,3,60,—,2,,,,,,,,,,,"[""Municipalidade de Ypiranga"", ""Ypiranga"", ""Fiat"", ""1920""]","[""Thermica..."", ""M. V."", ""1"", ""45"", ""—"", ""3"", ""—"", ""220"", ""Alternativa..."", ""3"", ""60"", ""—"", ""2""]"
table_1_all.pdf,section_i,8,15,16,tbl-50.md,tbl-53.md,17,1,matched,Pernambuco,Empresa de Luz Cabense,Cabo,—,1920,Hydraulica...,R. A.,1,45,—,—,—,220,—,—,—,—,3,,,,,,,,,,,"[""Empresa de Luz Cabense"", ""Cabo"", ""—"", ""1920""]","[""Hydraulica..."", ""R. A."", ""1"", ""45"", ""—"", ""—"", ""—"", ""220"", ""—"", ""—"", ""—"", ""—"", ""3""]"
table_1_all.pdf,section_i,8,15,16,tbl-50.md,tbl-53.md,18,1,matched,Pernambuco,Motta Irmãos,Canhotinho,—,1919,Thermica...,M. V.,1,40,—,3,—,110,Continua...,—,—,—,5,,,,,,,,,,,"[""Motta Irmãos"", ""Canhotinho"", ""—"", ""1919""]","[""Thermica..."", ""M. V."", ""1"", ""40"", ""—"", ""3"", ""—"", ""110"", ""Continua..."", ""—"", ""—"", ""—"", ""5""]"
table_1_all.pdf,section_i,8,15,16,tbl-50.md,tbl-53.md,19,1,matched,Pernambuco,Municipalidade de Caruaru,Caruaru,Municipal,1917,Thermica...,C. I.,1,120,—,—,—,220,Alternativa...,3,50,—,3,,,,,,,,,,,"[""Municipalidade de Caruaru"", ""Caruaru"", ""Municipal"", ""1917""]","[""Thermica..."", ""C. I."", ""1"", ""120"", ""—"", ""—"", ""—"", ""220"", ""Alternativa..."", ""3"", ""50"", ""—"", ""3""]"
table_1_all.pdf,section_i,8,15,16,tbl-50.md,tbl-53.md,20,1,matched,Pernambuco,Francisco José dos Santos,Correntes,São Francisco,1918,Thermica...,C. I.,1,40,—,3,—,110,Continua...,—,—,—,6,,,,,,,,,,,"[""Francisco José dos Santos"", ""Correntes"", ""São Francisco"", ""1918""]","[""Thermica..."", ""C. I."", ""1"", ""40"", ""—"", ""3"", ""—"", ""110"", ""Continua..."", ""—"", ""—"", ""—"", ""6""]"
table_1_all.pdf,section_i,8,15,16,tbl-50.md,tbl-53.md,21,1,matched,Pernambuco,Municipalidade de Gamelleira,Gamelleira,Gamelleira,1920,Thermica...,C. I.,1,10,—,4,—,110,Continua...,—,—,—,2,,,,,,,,,,,"[""Municipalidade de Gamelleira"", ""Gamelleira"", ""Gamelleira"", ""1920""]","[""Thermica..."", ""C. I."", ""1"", ""10"", ""—"", ""4"", ""—"", ""110"", ""Continua..."", ""—"", ""—"", ""—"", ""2""]"
table_1_all.pdf,section_i,8,15,16,tbl-50.md,tbl-53.md,22,1,matched,Pernambuco,—,—,Ribeirão,1920,Thermica...,C. I.,1,7,—,3,—,110,Continua...,—,—,—,2,,,,,,,,,,,"[""—"", ""—"", ""Ribeirão"", ""1920""]","[""Thermica..."", ""C. I."", ""1"", ""7"", ""—"", ""3"", ""—"", ""110"", ""Continua..."", ""—"", ""—"", ""—"", ""2""]"
table_1_all.pdf,section_i,8,15,16,tbl-50.md,tbl-53.md,23,1,matched,Pernambuco,Empresa de Melhoramentos em Garanhuns,Garanhuns,—,1918,Thermica...,C. I.,2,100,—,5,—,220,Continua...,—,—,—,20,,,,,,,,,,,"[""Empresa de Melhoramentos em Garanhuns"", ""Garanhuns"", ""—"", ""1918""]","[""Thermica..."", ""C. I."", ""2"", ""100"", ""—"", ""5"", ""—"", ""220"", ""Continua..."", ""—"", ""—"", ""—"", ""20""]"
table_1_all.pdf,section_i,8,15,16,tbl-50.md,tbl-53.md,24,1,matched,Pernambuco,Municipalidade de Goyanna,Goyanna,Goyanna,1919,Thermica...,M. V.,1,80,—,6,—,—,—,—,—,—,4,,,,,,,,,,,"[""Municipalidade de Goyanna"", ""Goyanna"", ""Goyanna"", ""1919""]","[""Thermica..."", ""M. V."", ""1"", ""80"", ""—"", ""6"", ""—"", ""—"", ""—"", ""—"", ""—"", ""—"", ""4""]"
table_1_all.pdf,section_i,8,15,16,tbl-50.md,tbl-53.md,25,1,matched,Pernambuco,Municipalidade de Jaboatão,Jaboatão,Jaboatão,1915,Thermica...,M. V.,1,70,—,6,—,220,Continua...,—,—,—,3,,,,,,,,,,,"[""Municipalidade de Jaboatão"", ""Jaboatão"", ""Jaboatão"", ""1915""]","[""Thermica..."", ""M. V."", ""1"", ""70"", ""—"", ""6"", ""—"", ""220"", ""Continua..."", ""—"", ""—"", ""—"", ""3""]"
table_1_all.pdf,section_i,8,15,16,tbl-50.md,tbl-53.md,25,2,matched,Pernambuco,Municipalidade de Jaboatão,Jaboatão,Jaboatão,1915,,C. I.,1,100,—,—,—,220,Alternativa...,3,—,—,4,,,,,,,,,,,"[""Municipalidade de Jaboatão"", ""Jaboatão"", ""Jaboatão"", ""1915""]","["""", ""C. I."", ""1"", ""100"", ""—"", ""—"", ""—"", ""220"", ""Alternativa..."", ""3"", ""—"", ""—"", ""4""]"
table_1_all.pdf,section_i,8,15,16,tbl-50.md,tbl-53.md,26,1,matched,Pernambuco,João Carneiro da Silva,Limoeiro,—,1915,Thermica...,C. I.,1,68,—,3,—,220,Continua...,—,—,—,*,,,,,,,,,,,"[""João Carneiro da Silva"", ""Limoeiro"", ""—"", ""1915""]","[""Thermica..."", ""C. I."", ""1"", ""68"", ""—"", ""3"", ""—"", ""220"", ""Continua..."", ""—"", ""—"", ""—"", ""*""]"
table_1_all.pdf,section_i,8,15,16,tbl-50.md,tbl-53.md,27,1,matched,Pernambuco,Empresa de Luz e Cinema,Nazareth,—,1920,Thermica...,M. V.,1,95,—,13,—,220,—,—,—,—,—,,,,,,,,,,,"[""Empresa de Luz e Cinema"", ""Nazareth"", ""—"", ""1920""]","[""Thermica..."", ""M. V."", ""1"", ""95"", ""—"", ""13"", ""—"", ""220"", ""—"", ""—"", ""—"", ""—"", ""—""]"
table_1_all.pdf,section_i,9,17,18,tbl-54.md,tbl-56.md,1,1,matched,Pernambuco,Companhia Santa Thereza,Olinda,—,1913,Thermica...,C. I.,3,300,6,20,2200,220127,Alternativa...,3,50,-,14,,,,,,,,,,,"[""Companhia Santa Thereza"", ""Olinda"", ""—"", ""1913""]","[""Thermica..."", ""C. I."", ""3"", ""300"", ""6"", ""20"", ""2.200"", ""220 127"", ""Alternativa..."", ""3"", ""50"", ""-"", ""14""]"
table_1_all.pdf,section_i,9,17,18,tbl-54.md,tbl-56.md,2,1,matched,Pernambuco,Companhia Progresso e Luz de Palmares,Palmares,—,1915,Thermica...,M. V.,1,50,-,-,-,220,Continua...,-,-,-,5,,,,,,,,,,,"[""Companhia Progresso e Luz de Palmares"", ""Palmares"", ""—"", ""1915""]","[""Thermica..."", ""M. V."", ""1"", ""50"", ""-"", ""-"", ""-"", ""220"", ""Continua..."", ""-"", ""-"", ""-"", ""5""]"
table_1_all.pdf,section_i,9,17,18,tbl-54.md,tbl-56.md,3,1,matched,Pernambuco,Municipalidade de Panellas,Panellas,São José,1920,Thermica...,C. I.,1,6,-,1,-,220,Continua...,-,-,-,4,,,,,,,,,,,"[""Municipalidade de Panellas"", ""Panellas"", ""São José"", ""1920""]","[""Thermica..."", ""C. I."", ""1"", ""6"", ""-"", ""1"", ""-"", ""220"", ""Continua..."", ""-"", ""-"", ""-"", ""4""]"
table_1_all.pdf,section_i,9,17,18,tbl-54.md,tbl-56.md,4,1,matched,Pernambuco,"Pernambuco Tramways and Power Company, Limited",Recife,—,1914,Thermica...,M. V.,6,14000,125,140,66002200,550440,Continua...,-,-,3,-,,,,,,,,,,,"[""Pernambuco Tramways and Power Company, Limited"", ""Recife"", ""—"", ""1914""]","[""Thermica..."", ""M. V."", ""6"", ""14.000"", ""125"", ""140"", ""6.600 2.200"", ""550 440"", ""Continua..."", ""-"", ""-"", ""3"", ""-""]"
table_1_all.pdf,section_i,9,17,18,tbl-54.md,tbl-56.md,5,1,matched,Pernambuco,Queiros & Andrade,Timbaúba,—,1920,Thermica...,C. I.,1,65,-,25,-,220,Alternativa...,3,50,-,-,,,,,,,,,,,"[""Queiros & Andrade"", ""Timbaúba"", ""—"", ""1920""]","[""Thermica..."", ""C. I."", ""1"", ""65"", ""-"", ""25"", ""-"", ""220"", ""Alternativa..."", ""3"", ""50"", ""-"", ""-""]"
table_1_all.pdf,section_i,9,17,18,tbl-54.md,tbl-56.md,6,1,matched,Pernambuco,Municipalidade de Parnahyba,Parnahyba,Municipal,1918,Thermica...,C. I.,1,65,-,25,-,220,Continua...,-,-,-,8,,,,,,,,,,,"[""Municipalidade de Parnahyba"", ""Parnahyba"", ""Municipal"", ""1918""]","[""Thermica..."", ""C. I."", ""1"", ""65"", ""-"", ""25"", ""-"", ""220"", ""Continua..."", ""-"", ""-"", ""-"", ""8""]"
table_1_all.pdf,section_i,9,17,18,tbl-54.md,tbl-57.md,7,1,matched,Pernambuco,Empresa Fluminense de Força e Luz,Barra do Pirahy,Quirino,1913,Thermica...,M. V.,1,60,2,5,220,110,Alternativa...,3,50,-,5,,,,,,,,,,,"[""Empresa Fluminense de Força e Luz"", ""Barra do Pirahy"", ""Quirino"", ""1913""]","[""Thermica..."", ""M. V."", ""1"", ""60"", ""2"", ""5"", ""220"", ""110"", ""Alternativa..."", ""3"", ""50"", ""-"", ""5""]"
table_1_all.pdf,section_i,9,17,18,tbl-54.md,tbl-58.md,8,1,matched,Pernambuco,Companhia Fiação e Tecidos São José,Barra Mansa,Chalet,1909,Hydraulica...,T. H.,1,200,31,6,13200,2300220110,Alternativa...,3,60,1,14,,,,,,,,,,,"[""Companhia Fiação e Tecidos São José"", ""Barra Mansa"", ""Chalet"", ""1909""]","[""Hydraulica..."", ""T. H."", ""1"", ""200"", ""31"", ""6"", ""13.200"", ""2.300 220 110"", ""Alternativa..."", ""3"", ""60"", ""1"", ""14""]"
table_1_all.pdf,section_i,9,17,18,tbl-54.md,tbl-58.md,9,1,matched,Pernambuco,Luiz Corrêa da Rocha Sobrinho,Bom Jardim,Banquete,1917,Hydraulica...,T. H.,1,120,6,4,3300,3000220,Alternativa...,3,50,1,5,,,,,,,,,,,"[""Luiz Corrêa da Rocha Sobrinho"", ""Bom Jardim"", ""Banquete"", ""1917""]","[""Hydraulica..."", ""T. H."", ""1"", ""120"", ""6"", ""4"", ""3.300"", ""3.000 220"", ""Alternativa..."", ""3"", ""50"", ""1"", ""5""]"
table_1_all.pdf,section_i,9,17,18,tbl-54.md,tbl-58.md,10,1,matched,Pernambuco,Empresa de Electricidade de Cabo-Frio,Cabo-Frio,—,1919,Hydraulica...,T. H.,2,60,19,-,2200,125,Alternativa...,3,50,1,4,,,,,,,,,,,"[""Empresa de Electricidade de Cabo-Frio"", ""Cabo-Frio"", ""—"", ""1919""]","[""Hydraulica..."", ""T. H."", ""2"", ""60"", ""19"", ""-"", ""2.200"", ""125"", ""Alternativa..."", ""3"", ""50"", ""1"", ""4""]"
table_1_all.pdf,section_i,9,17,18,tbl-54.md,tbl-58.md,11,1,matched,Pernambuco,Herdeiros de José Constancio Monnerat,Cantagallo,Santo Antonio,1917,Thermica...,C. I.,1,45,-,8,-,110,Continua...,-,-,-,4,,,,,,,,,,,"[""Herdeiros de José Constancio Monnerat"", ""Cantagallo"", ""Santo Antonio"", ""1917""]","[""Thermica..."", ""C. I."", ""1"", ""45"", ""-"", ""8"", ""-"", ""110"", ""Continua..."", ""-"", ""-"", ""-"", ""4""]"
table_1_all.pdf,section_i,9,17,18,tbl-54.md,tbl-58.md,12,1,matched,Pernambuco,Empresa Força e Luz Ibero-Americana,»,Chave do Vaz,1914,Hydraulica...,T. H.,1,200,18,12,6600,220127,Alternativa...,3,50,3,2,,,,,,,,,,,"[""Empresa Força e Luz Ibero-Americana"", ""»"", ""Chave do Vaz"", ""1914""]","[""Hydraulica..."", ""T. H."", ""1"", ""200"", ""18"", ""12"", ""6.600"", ""220 127"", ""Alternativa..."", ""3"", ""50"", ""3"", ""2""]"
table_1_all.pdf,section_i,9,17,18,tbl-54.md,tbl-58.md,13,1,matched,Pernambuco,Municipalidade de Carmo,Carmo,Emboque,1914,Hydraulica...,T. H.,3,1500,39,8,11000,220110,Alternativa...,3,50,2,6,,,,,,,,,,,"[""Municipalidade de Carmo"", ""Carmo"", ""Emboque"", ""1914""]","[""Hydraulica..."", ""T. H."", ""3"", ""1.500"", ""39"", ""8"", ""11.000"", ""220 110"", ""Alternativa..."", ""3"", ""50"", ""2"", ""6""]"
table_1_all.pdf,section_i,9,17,18,tbl-54.md,tbl-58.md,14,1,matched,Pernambuco,Regino Monnerat.,Duas Barras,São José,1912,Hydraulica...,T. H.,1,150,1,6,3000,220120,Alternativa...,3,50,1,2,,,,,,,,,,,"[""Regino Monnerat."", ""Duas Barras"", ""São José"", ""1912""]","[""Hydraulica..."", ""T. H."", ""1"", ""150"", ""1"", ""6"", ""3.000"", ""220 120"", ""Alternativa..."", ""3"", ""50"", ""1"", ""2""]"
table_1_all.pdf,section_i,9,17,18,tbl-54.md,tbl-58.md,15,1,matched,Pernambuco,Governo do Estado do Rio de Janeiro,Macahé,—,1918,Hydraulica...,T. H.,1,25,3,3,1500,220127,Alternativa...,3,50,1,2,,,,,,,,,,,"[""Governo do Estado do Rio de Janeiro"", ""Macahé"", ""—"", ""1918""]","[""Hydraulica..."", ""T. H."", ""1"", ""25"", ""3"", ""3"", ""1.500"", ""220 127"", ""Alternativa..."", ""3"", ""50"", ""1"", ""2""]"
table_1_all.pdf,section_i,9,17,18,tbl-54.md,tbl-58.md,16,1,matched,Pernambuco,Dr Luiz Duque Estrada Guerra,Mangaratiba,—,1919,Thermica...,C. I.,1,80,-,19,-,1050220110,Alternativa...,3,50,-,5,,,,,,,,,,,"[""Dr Luiz Duque Estrada Guerra"", ""Mangaratiba"", ""—"", ""1919""]","[""Thermica..."", ""C. I."", ""1"", ""80"", ""-"", ""19"", ""-"", ""1.050 220 110"", ""Alternativa..."", ""3"", ""50"", ""-"", ""5""]"
table_1_all.pdf,section_i,9,17,18,tbl-54.md,tbl-58.md,17,1,matched,Pernambuco,Julius Arp & Companhia,Nova Friburgo,—,1911,Thermica...,M. V.,1,10,-,1,-,220,Continua...,-,-,-,3,,,,,,,,,,,"[""Julius Arp & Companhia"", ""Nova Friburgo"", ""—"", ""1911""]","[""Thermica..."", ""M. V."", ""1"", ""10"", ""-"", ""1"", ""-"", ""220"", ""Continua..."", ""-"", ""-"", ""-"", ""3""]"
table_1_all.pdf,section_i,9,17,18,tbl-54.md,tbl-58.md,18,1,matched,Pernambuco,Companhia Brasileira de Energia Eléctrica,Parahyba do Sul,Alberto Torres,1908,Hydraulica...,T. H.,2,500,7,50,5000,220,Alternativa...,3,50,1,12,,,,,,,,,,,"[""Companhia Brasileira de Energia Eléctrica"", ""Parahyba do Sul"", ""Alberto Torres"", ""1908""]","[""Hydraulica..."", ""T. H."", ""2"", ""500"", ""7"", ""50"", ""5.000"", ""220"", ""Alternativa..."", ""3"", ""50"", ""1"", ""12""]"
table_1_all.pdf,section_i,9,17,18,,tbl-58.md,19,1,right_only,Pernambuco,,,,,Hydraulica...,T. H.,5,18000,98,-,44000,220,Alternativa...,3,60,1,-,,,,,,,,,,,,"[""Hydraulica..."", ""T. H."", ""5"", ""18.000"", ""98"", ""-"", ""44.000"", ""220"", ""Alternativa..."", ""3"", ""60"", ""1"", ""-""]"
table_1_all.pdf,section_i,10,19,20,tbl-59.md,tbl-61.md,1,1,matched,Pernambuco,"The Rio de Janeiro Tramway, Light and Power Company, Limited",Parahyba do Sul,Parahybema,1920,Hydraulica...,T. H.,1,1200,120,62,30000,220,Alternativa...,3,50,1,-,,,,,,,,,,,"[""The Rio de Janeiro Tramway, Light and Power Company, Limited"", ""Parahyba do Sul"", ""Parahybema"", ""1920""]","[""Hydraulica..."", ""T. H."", ""1"", ""1.200"", ""120"", ""62"", ""30.000"", ""220"", ""Alternativa..."", ""3"", ""50"", ""1"", ""-""]"
table_1_all.pdf,section_i,10,19,20,tbl-59.md,tbl-61.md,2,1,matched,Pernambuco,,Pirahy,Ribeirão das Lages,1906,Hydraulica...,R. A.,8,60000,81,7474,88000,216,Alternativa...,3,50,3,-,,,,,,,,,,,"["""", ""Pirahy"", ""Ribeirão das Lages"", ""1906""]","[""Hydraulica..."", ""R. A."", ""8"", ""60.000"", ""81"", ""7.474"", ""88.000"", ""216"", ""Alternativa..."", ""3"", ""50"", ""3"", ""-""]"
table_1_all.pdf,section_i,10,19,20,tbl-59.md,tbl-61.md,3,1,matched,Pernambuco,Empresa Industrial Santa Thereza,Paraty,—,1920,Hydraulica...,T. H.,1,120,6,22,2200,216,Alternativa...,3,50,2,4,,,,,,,,,,,"[""Empresa Industrial Santa Thereza"", ""Paraty"", ""—"", ""1920""]","[""Hydraulica..."", ""T. H."", ""1"", ""120"", ""6"", ""22"", ""2.200"", ""216"", ""Alternativa..."", ""3"", ""50"", ""2"", ""4""]"
table_1_all.pdf,section_i,10,19,20,tbl-59.md,tbl-61.md,3,2,matched,Pernambuco,Empresa Industrial Santa Thereza,Paraty,—,1920,,,,,,,,125,,,,,,,,,,,,,,,,"[""Empresa Industrial Santa Thereza"", ""Paraty"", ""—"", ""1920""]","["""", """", """", """", """", """", """", ""125"", """", """", """", """", """"]"
table_1_all.pdf,section_i,10,19,20,tbl-59.md,tbl-61.md,4,1,matched,Pernambuco,Companhia Força e Luz Norte Fluminense,Santo Antonio de Padua,—,1913,Hydraulica...,T. H.,1,700,200,100,15750,220,Alternativa...,3,50,1,20,,,,,,,,,,,"[""Companhia Força e Luz Norte Fluminense"", ""Santo Antonio de Padua"", ""—"", ""1913""]","[""Hydraulica..."", ""T. H."", ""1"", ""700"", ""200"", ""100"", ""15.750"", ""220"", ""Alternativa..."", ""3"", ""50"", ""1"", ""20""]"
table_1_all.pdf,section_i,10,19,20,tbl-59.md,tbl-61.md,4,2,matched,Pernambuco,Companhia Força e Luz Norte Fluminense,Santo Antonio de Padua,—,1913,,,,,,,,120,,,,,,,,,,,,,,,,"[""Companhia Força e Luz Norte Fluminense"", ""Santo Antonio de Padua"", ""—"", ""1913""]","["""", """", """", """", """", """", """", ""120"", """", """", """", """", """"]"
table_1_all.pdf,section_i,10,19,20,tbl-59.md,tbl-61.md,5,1,matched,Pernambuco,J Moraes,São Francisco de Paula,—,1920,Hydraulica...,T. H.,1,40,1,1,120,120,Alternativa...,3,60,-,1,,,,,,,,,,,"[""J Moraes"", ""São Francisco de Paula"", ""—"", ""1920""]","[""Hydraulica..."", ""T. H."", ""1"", ""40"", ""1"", ""1"", ""120"", ""120"", ""Alternativa..."", ""3"", ""60"", ""-"", ""1""]"
table_1_all.pdf,section_i,10,19,20,tbl-59.md,tbl-61.md,6,1,matched,Pernambuco,Municipalidade de Sumidouro,Sumidouro,Sumidouro,1906,Hydraulica...,T. H.,1,30,2,2,220,220,Continua...,-,-,-,2,,,,,,,,,,,"[""Municipalidade de Sumidouro"", ""Sumidouro"", ""Sumidouro"", ""1906""]","[""Hydraulica..."", ""T. H."", ""1"", ""30"", ""2"", ""2"", ""220"", ""220"", ""Continua..."", ""-"", ""-"", ""-"", ""2""]"
table_1_all.pdf,section_i,10,19,20,tbl-59.md,tbl-62.md,7,1,matched,Pernambuco,Empresa Força e Luz de Canguaretama,Canguaretama,—,(1)1917,Thermica...,M. V.,1,12,-,3,-,110,Continua...,-,-,-,2,,,,,,,,,,,"[""Empresa Força e Luz de Canguaretama"", ""Canguaretama"", ""—"", ""(1) 1917""]","[""Thermica..."", ""M. V."", ""1"", ""12"", ""-"", ""3"", ""-"", ""110"", ""Continua..."", ""-"", ""-"", ""-"", ""2""]"
table_1_all.pdf,section_i,10,19,20,tbl-59.md,tbl-62.md,8,1,matched,Pernambuco,Repartição dos Serviços Urbanos de Natal,Natal,Oitiseiro,1910,Thermica...,M. V.,1,550,3,15,6000,220,Alternativa...,3,50,1,1,,,,,,,,,,,"[""Repartição dos Serviços Urbanos de Natal"", ""Natal"", ""Oitiseiro"", ""1910""]","[""Thermica..."", ""M. V."", ""1"", ""550"", ""3"", ""15"", ""6.000"", ""220"", ""Alternativa..."", ""3"", ""50"", ""1"", ""1""]"
table_1_all.pdf,section_i,10,19,20,tbl-59.md,tbl-62.md,8,2,matched,Pernambuco,Repartição dos Serviços Urbanos de Natal,Natal,Oitiseiro,1910,,C. I.,4,1160,,,,,,,,,,,,,,,,,,,,"[""Repartição dos Serviços Urbanos de Natal"", ""Natal"", ""Oitiseiro"", ""1910""]","["""", ""C. I."", ""4"", ""1.160"", """", """", """", """", """", """", """", """", """"]"
table_1_all.pdf,section_i,10,19,20,tbl-59.md,tbl-62.md,9,1,matched,Pernambuco,Odilon Amancio & Companhia,Nova Cruz,—,1919,Thermica...,C. I.,1,25,1,3,110,110,Continua...,-,-,-,2,,,,,,,,,,,"[""Odilon Amancio & Companhia"", ""Nova Cruz"", ""—"", ""1919""]","[""Thermica..."", ""C. I."", ""1"", ""25"", ""1"", ""3"", ""110"", ""110"", ""Continua..."", ""-"", ""-"", ""-"", ""2""]"
table_1_all.pdf,section_i,10,19,20,tbl-59.md,tbl-62.md,10,1,matched,Pernambuco,Joaquim da Luz,Pedro Velho,—,1919,Thermica...,M. V.,1,12,-,1,-,110,Continua...,-,-,-,4,,,,,,,,,,,"[""Joaquim da Luz"", ""Pedro Velho"", ""—"", ""1919""]","[""Thermica..."", ""M. V."", ""1"", ""12"", ""-"", ""1"", ""-"", ""110"", ""Continua..."", ""-"", ""-"", ""-"", ""4""]"
table_1_all.pdf,section_i,10,19,20,tbl-59.md,tbl-63.md,11,1,matched,Pernambuco,Dornellas & Companhia,Alegrete,—,1908,Thermica...,M. V.,1,250,-,25,-,220,Continua...,-,-,-,14,,,,,,,,,,,"[""Dornellas & Companhia"", ""Alegrete"", ""—"", ""1908""]","[""Thermica..."", ""M. V."", ""1"", ""250"", ""-"", ""25"", ""-"", ""220"", ""Continua..."", ""-"", ""-"", ""-"", ""14""]"
table_1_all.pdf,section_i,10,19,20,tbl-59.md,tbl-63.md,12,1,matched,Pernambuco,Municipalidade de Alfredo Chaves,Alfredo Chaves,—,1912,Hydraulica...,T. H.,1,42,-,5,-,220,Continua...,-,-,-,3,,,,,,,,,,,"[""Municipalidade de Alfredo Chaves"", ""Alfredo Chaves"", ""—"", ""1912""]","[""Hydraulica..."", ""T. H."", ""1"", ""42"", ""-"", ""5"", ""-"", ""220"", ""Continua..."", ""-"", ""-"", ""-"", ""3""]"
table_1_all.pdf,section_i,10,19,20,tbl-59.md,tbl-63.md,13,1,matched,Pernambuco,Municipalidade de Artoio Grande,Artoio Grande,Municipal,1920,Thermica...,M. V.,1,40,-,-,-,220,Continua...,-,-,-,3,,,,,,,,,,,"[""Municipalidade de Artoio Grande"", ""Artoio Grande"", ""Municipal"", ""1920""]","[""Thermica..."", ""M. V."", ""1"", ""40"", ""-"", ""-"", ""-"", ""220"", ""Continua..."", ""-"", ""-"", ""-"", ""3""]"
table_1_all.pdf,section_i,10,19,20,tbl-59.md,tbl-63.md,14,1,matched,Pernambuco,Companhia Geral de Luz e Força,Bagé,—,1899,Thermica...,C. I.,3,550,-,3,-,440,Continua...,-,-,-,27,,,,,,,,,,,"[""Companhia Geral de Luz e Força"", ""Bagé"", ""—"", ""1899""]","[""Thermica..."", ""C. I."", ""3"", ""550"", ""-"", ""3"", ""-"", ""440"", ""Continua..."", ""-"", ""-"", ""-"", ""27""]"
table_1_all.pdf,section_i,10,19,20,tbl-59.md,tbl-63.md,14,2,matched,Pernambuco,Companhia Geral de Luz e Força,Bagé,—,1899,,,,,,,,220,,,,,,,,,,,,,,,,"[""Companhia Geral de Luz e Força"", ""Bagé"", ""—"", ""1899""]","["""", """", """", """", """", """", """", ""220"", """", """", """", """", """"]"
table_1_all.pdf,section_i,10,19,20,tbl-59.md,tbl-63.md,15,1,matched,Pernambuco,Armando & Companhia,Caçapava,Caçapava,1913,Thermica...,M. V.,1,75,-,3,-,220,Continua...,-,-,-,3,,,,,,,,,,,"[""Armando & Companhia"", ""Caçapava"", ""Caçapava"", ""1913""]","[""Thermica..."", ""M. V."", ""1"", ""75"", ""-"", ""3"", ""-"", ""220"", ""Continua..."", ""-"", ""-"", ""-"", ""3""]"
table_1_all.pdf,section_i,10,19,20,tbl-59.md,tbl-63.md,16,1,matched,Pernambuco,Companhia Força e Luz Cachoeirense (2),Cachoeira,—,1910,Thermica...,M. V.,4,400,-,10,-,440,Continua...,-,-,-,14,,,,,,,,,,,"[""Companhia Força e Luz Cachoeirense (2)"", ""Cachoeira"", ""—"", ""1910""]","[""Thermica..."", ""M. V."", ""4"", ""400"", ""-"", ""10"", ""-"", ""440"", ""Continua..."", ""-"", ""-"", ""-"", ""14""]"
table_1_all.pdf,section_i,10,19,20,tbl-59.md,tbl-63.md,16,2,matched,Pernambuco,Companhia Força e Luz Cachoeirense (2),Cachoeira,—,1910,,,,,,,,220,,,,,,,,,,,,,,,,"[""Companhia Força e Luz Cachoeirense (2)"", ""Cachoeira"", ""—"", ""1910""]","["""", """", """", """", """", """", """", ""220"", """", """", """", """", """"]"
table_1_all.pdf,section_i,10,19,20,tbl-59.md,tbl-63.md,17,1,matched,Pernambuco,Salathiel Soares de Barros & Companhia,Cruz Alta,—,1911,Hydraulica...,T. H.,1,200,14,13,10000,220,Alternativa...,3,50,2,10,,,,,,,,,,,"[""Salathiel Soares de Barros & Companhia"", ""Cruz Alta"", ""—"", ""1911""]","[""Hydraulica..."", ""T. H."", ""1"", ""200"", ""14"", ""13"", ""10.000"", ""220"", ""Alternativa..."", ""3"", ""50"", ""2"", ""10""]"
table_1_all.pdf,section_i,10,19,20,tbl-59.md,tbl-63.md,18,1,matched,Pernambuco,Municipalidade de Encruzilhada,Encruzilhada,—,1913,Thermica...,M. V.,1,34,-,4,-,220,Continua...,-,-,-,3,,,,,,,,,,,"[""Municipalidade de Encruzilhada"", ""Encruzilhada"", ""—"", ""1913""]","[""Thermica..."", ""M. V."", ""1"", ""34"", ""-"", ""4"", ""-"", ""220"", ""Continua..."", ""-"", ""-"", ""-"", ""3""]"
table_1_all.pdf,section_i,10,19,20,tbl-59.md,tbl-63.md,19,1,matched,Pernambuco,Ruschel & Irmãos,Estrella,—,1914,Hydraulica...,T. H.,1,80,6,24,3200,220,Alternativa...,3,50,1,3,,,,,,,,,,,"[""Ruschel & Irmãos"", ""Estrella"", ""—"", ""1914""]","[""Hydraulica..."", ""T. H."", ""1"", ""80"", ""6"", ""24"", ""3.200"", ""220"", ""Alternativa..."", ""3"", ""50"", ""1"", ""3""]"
table_1_all.pdf,section_i,10,19,20,tbl-59.md,tbl-63.md,20,1,matched,Pernambuco,Guilherme Mollmann,Garibaldi,—,1920,Hydraulica...,R. A.,1,6,1,1,1250,220,Alternativa...,-,-,-,1,,,,,,,,,,,"[""Guilherme Mollmann"", ""Garibaldi"", ""—"", ""1920""]","[""Hydraulica..."", ""R. A."", ""1"", ""6"", ""1"", ""1"", ""1.250"", ""220"", ""Alternativa..."", ""-"", ""-"", ""-"", ""1""]"
table_1_all.pdf,section_i,10,19,20,tbl-59.md,tbl-63.md,21,1,matched,Pernambuco,Hickenbick & Bos,Ijuhy,—,1917,Thermica...,M. V.,1,24,-,4,-,220,Continua...,-,-,-,1,,,,,,,,,,,"[""Hickenbick & Bos"", ""Ijuhy"", ""—"", ""1917""]","[""Thermica..."", ""M. V."", ""1"", ""24"", ""-"", ""4"", ""-"", ""220"", ""Continua..."", ""-"", ""-"", ""-"", ""1""]"
table_1_all.pdf,section_i,10,19,20,tbl-59.md,tbl-63.md,22,1,matched,Pernambuco,Companhia Itaquiense de Melhoramentos e Electricidade,Itaquy,—,1918,Thermica...,M. V.,1,160,-,6,-,220,Continua...,-,-,-,6,,,,,,,,,,,"[""Companhia Itaquiense de Melhoramentos e Electricidade"", ""Itaquy"", ""—"", ""1918""]","[""Thermica..."", ""M. V."", ""1"", ""160"", ""-"", ""6"", ""-"", ""220"", ""Continua..."", ""-"", ""-"", ""-"", ""6""]"
table_1_all.pdf,section_i,10,19,20,tbl-59.md,tbl-63.md,23,1,matched,Pernambuco,Sociedade Anonyma Luz Electrica Jaguarense,Jaguarião,—,1900,Thermica...,C. I.,3,226,-,16,-,220,Continua...,-,-,-,10,,,,,,,,,,,"[""Sociedade Anonyma Luz Electrica Jaguarense"", ""Jaguarião"", ""—"", ""1900""]","[""Thermica..."", ""C. I."", ""3"", ""226"", ""-"", ""16"", ""-"", ""220"", ""Continua..."", ""-"", ""-"", ""-"", ""10""]"
table_1_all.pdf,section_i,10,19,20,tbl-59.md,tbl-63.md,24,1,matched,Pernambuco,Empresa Força e Luz de Lageado,Lageado,—,1918,Thermica...,M. V.,1,120,-,6,-,440,Alternativa...,2,60,-,2,,,,,,,,,,,"[""Empresa Força e Luz de Lageado"", ""Lageado"", ""—"", ""1918""]","[""Thermica..."", ""M. V."", ""1"", ""120"", ""-"", ""6"", ""-"", ""440"", ""Alternativa..."", ""2"", ""60"", ""-"", ""2""]"
table_1_all.pdf,section_i,11,21,22,tbl-64.md,tbl-66.md,1,1,matched,Rio Grande do Sul,Fr Weidlich & Companhia,Passo Fundo,—,1920,Thermica...,M. V.,1,80,—,2,—,220,—,—,—,3,,,,,,,,,,,,"[""Fr Weidlich & Companhia"", ""Passo Fundo"", ""—"", ""1920""]","[""Thermica..."", ""M. V."", ""1"", ""80"", ""—"", ""2"", ""—"", ""220"", ""—"", ""—"", ""—"", ""3"", """"]"
table_1_all.pdf,section_i,11,21,22,tbl-64.md,tbl-66.md,2,1,matched,Rio Grande do Sul,Municipalidade de Passo Fundo,Passo Fundo,Municipal,1913,Hydraulica...,T. H.,2,560,21,22,10000,220,Alternativa...,3,50,10,,,,,,,,,,,,"[""Municipalidade de Passo Fundo"", ""Passo Fundo"", ""Municipal"", ""1913""]","[""Hydraulica..."", ""T. H."", ""2"", ""560"", ""21"", ""22"", ""10.000"", ""220"", ""Alternativa..."", ""3"", ""50"", ""10"", """"]"
table_1_all.pdf,section_i,11,21,22,tbl-64.md,tbl-66.md,3,1,matched,Rio Grande do Sul,The Rio Grandense Light & Power Syndicate Limited,Pelotas,—,1912,Thermica...,M. V.,3,2340,—,44,—,440,Continua...,—,—,—,,,,,,,,,,,,"[""The Rio Grandense Light & Power Syndicate Limited"", ""Pelotas"", ""—"", ""1912""]","[""Thermica..."", ""M. V."", ""3"", ""2.340"", ""—"", ""44"", ""—"", ""440"", ""Continua..."", ""—"", ""—"", ""—"", """"]"
table_1_all.pdf,section_i,11,21,22,tbl-64.md,tbl-66.md,4,1,matched,Rio Grande do Sul,Companhia Fiat Lux,Porto Alegre,—,1891,Thermica...,M. V.,7,3230,—,60,—,500,Continua...,—,—,50,,,,,,,,,,,,"[""Companhia Fiat Lux"", ""Porto Alegre"", ""—"", ""1891""]","[""Thermica..."", ""M. V."", ""7"", ""3.230"", ""—"", ""60"", ""—"", ""500"", ""Continua..."", ""—"", ""—"", ""50"", """"]"
table_1_all.pdf,section_i,11,21,22,tbl-64.md,tbl-66.md,5,1,matched,Rio Grande do Sul,Governo do Estado do Rio Grande do Sul,Rio Grande,—,1918,Thermica...,M. V.,7,1500,—,—,—,230,Alternativa...,3,60,—,,,,,,,,,,,,"[""Governo do Estado do Rio Grande do Sul"", ""Rio Grande"", ""—"", ""1918""]","[""Thermica..."", ""M. V."", ""7"", ""1.500"", ""—"", ""—"", ""—"", ""230"", ""Alternativa..."", ""3"", ""60"", ""—"", """"]"
table_1_all.pdf,section_i,11,21,22,tbl-64.md,tbl-66.md,6,1,matched,Rio Grande do Sul,Frederico Ernesto Wunderlich,Rio Pardo,—,1911,Thermica...,M. V.,2,100,—,50,—,440,Continua...,—,—,5,,,,,,,,,,,,"[""Frederico Ernesto Wunderlich"", ""Rio Pardo"", ""—"", ""1911""]","[""Thermica..."", ""M. V."", ""2"", ""100"", ""—"", ""50"", ""—"", ""440"", ""Continua..."", ""—"", ""—"", ""5"", """"]"
table_1_all.pdf,section_i,11,21,22,tbl-64.md,tbl-66.md,7,1,matched,Rio Grande do Sul,Municipalidade de Rosario,Rosario,—,1914,Thermica...,C. I.,2,60,—,9,—,220,Continua...,—,—,5,,,,,,,,,,,,"[""Municipalidade de Rosario"", ""Rosario"", ""—"", ""1914""]","[""Thermica..."", ""C. I."", ""2"", ""60"", ""—"", ""9"", ""—"", ""220"", ""Continua..."", ""—"", ""—"", ""5"", """"]"
table_1_all.pdf,section_i,11,21,22,tbl-64.md,tbl-66.md,8,1,matched,Rio Grande do Sul,Companhia Telephonica Rio Grandense,Sant'Anna do Livramento,—,1905,Thermica...,C. I.,3,380,—,2,—,220,Continua...,—,—,14,,,,,,,,,,,,"[""Companhia Telephonica Rio Grandense"", ""Sant'Anna do Livramento"", ""—"", ""1905""]","[""Thermica..."", ""C. I."", ""3"", ""380"", ""—"", ""2"", ""—"", ""220"", ""Continua..."", ""—"", ""—"", ""14"", """"]"
table_1_all.pdf,section_i,11,21,22,tbl-64.md,tbl-66.md,9,1,matched,Rio Grande do Sul,Municipalidade de Santa Cruz,Santa Cruz,—,1906,Thermica...,M. V.,1,100,—,5,—,220,Continua...,—,—,6,,,,,,,,,,,,"[""Municipalidade de Santa Cruz"", ""Santa Cruz"", ""—"", ""1906""]","[""Thermica..."", ""M. V."", ""1"", ""100"", ""—"", ""5"", ""—"", ""220"", ""Continua..."", ""—"", ""—"", ""6"", """"]"
table_1_all.pdf,section_i,11,21,22,tbl-64.md,tbl-66.md,10,1,matched,Rio Grande do Sul,Companhia Santa Mariense de Luz Electrica,Santa Maria da Bocca do Monte,—,1898,Thermica...,M. V.,3,570,—,8,—,220,Continua...,—,—,40,,,,,,,,,,,,"[""Companhia Santa Mariense de Luz Electrica"", ""Santa Maria da Bocca do Monte"", ""—"", ""1898""]","[""Thermica..."", ""M. V."", ""3"", ""570"", ""—"", ""8"", ""—"", ""220"", ""Continua..."", ""—"", ""—"", ""40"", """"]"
table_1_all.pdf,section_i,11,21,22,tbl-64.md,tbl-66.md,11,1,matched,Rio Grande do Sul,Companhia Luz Electrica São Pedrense,» » » » » »,—,1920,Thermica...,M. V.,1,50,—,4,—,220,Continua...,—,—,4,,,,,,,,,,,,"[""Companhia Luz Electrica São Pedrense"", ""» » » » » »"", ""—"", ""1920""]","[""Thermica..."", ""M. V."", ""1"", ""50"", ""—"", ""4"", ""—"", ""220"", ""Continua..."", ""—"", ""—"", ""4"", """"]"
table_1_all.pdf,section_i,11,21,22,tbl-64.md,tbl-66.md,12,1,matched,Rio Grande do Sul,Municipalidade de Santa Victoria do Palmar,Santa Victoria do Palmar,—,1908,Thermica...,C. I.,1,40,—,3,—,220,Continua...,—,—,5,,,,,,,,,,,,"[""Municipalidade de Santa Victoria do Palmar"", ""Santa Victoria do Palmar"", ""—"", ""1908""]","[""Thermica..."", ""C. I."", ""1"", ""40"", ""—"", ""3"", ""—"", ""220"", ""Continua..."", ""—"", ""—"", ""5"", """"]"
table_1_all.pdf,section_i,11,21,22,tbl-64.md,tbl-66.md,13,1,matched,Rio Grande do Sul,Roberto Freis,Santo Angelo,—,1920,Thermica...,M. V.,1,35,—,1,—,220,Continua...,—,—,3,,,,,,,,,,,,"[""Roberto Freis"", ""Santo Angelo"", ""—"", ""1920""]","[""Thermica..."", ""M. V."", ""1"", ""35"", ""—"", ""1"", ""—"", ""220"", ""Continua..."", ""—"", ""—"", ""3"", """"]"
table_1_all.pdf,section_i,11,21,22,tbl-64.md,tbl-66.md,14,1,matched,Rio Grande do Sul,Municipalidade de São Francisco de Assis,São Francisco de Assis,—,1912,Thermica...,M. V.,1,32,—,7,—,220,Continua...,—,—,3,,,,,,,,,,,,"[""Municipalidade de São Francisco de Assis"", ""São Francisco de Assis"", ""—"", ""1912""]","[""Thermica..."", ""M. V."", ""1"", ""32"", ""—"", ""7"", ""—"", ""220"", ""Continua..."", ""—"", ""—"", ""3"", """"]"
table_1_all.pdf,section_i,11,21,22,tbl-64.md,tbl-66.md,15,1,matched,Rio Grande do Sul,Irmãos Corso & Companhia,São Francisco de Paula de Cima da Serra,—,1920,Thermica...,M. V.,1,65,—,1,—,250,Continua...,—,—,2,,,,,,,,,,,,"[""Irmãos Corso & Companhia"", ""São Francisco de Paula de Cima da Serra"", ""—"", ""1920""]","[""Thermica..."", ""M. V."", ""1"", ""65"", ""—"", ""1"", ""—"", ""250"", ""Continua..."", ""—"", ""—"", ""2"", """"]"
table_1_all.pdf,section_i,11,21,22,tbl-64.md,tbl-66.md,16,1,matched,Rio Grande do Sul,Companhia Estrada de Ferro e Minas de São Jeronymo,São Jeronymo,—,1912,Hydraulica...,T. H.,1,16,—,—,—,—,—,—,—,1,,,,,,,,,,,,"[""Companhia Estrada de Ferro e Minas de São Jeronymo"", ""São Jeronymo"", ""—"", ""1912""]","[""Hydraulica..."", ""T. H."", ""1"", ""16"", ""—"", ""—"", ""—"", ""—"", ""—"", ""—"", ""—"", ""1"", """"]"
table_1_all.pdf,section_i,11,21,22,tbl-64.md,tbl-66.md,17,1,matched,Rio Grande do Sul,Jorge Franke,São João Baptista de Camaquam,—,1920,Thermica...,M. V.,1,950,—,—,—,220,Alternativa...,3,50,1,,,,,,,,,,,,"[""Jorge Franke"", ""São João Baptista de Camaquam"", ""—"", ""1920""]","[""Thermica..."", ""M. V."", ""1"", ""950"", ""—"", ""—"", ""—"", ""220"", ""Alternativa..."", ""3"", ""50"", ""1"", """"]"
table_1_all.pdf,section_i,11,21,22,tbl-64.md,tbl-66.md,18,1,matched,Rio Grande do Sul,Municipalidade de São João do Montenegro,São João do Montenegro,—,1919,Thermica...,M. V.,1,50,—,4,—,220,Continua...,—,—,3,,,,,,,,,,,,"[""Municipalidade de São João do Montenegro"", ""São João do Montenegro"", ""—"", ""1919""]","[""Thermica..."", ""M. V."", ""1"", ""50"", ""—"", ""4"", ""—"", ""220"", ""Continua..."", ""—"", ""—"", ""3"", """"]"
table_1_all.pdf,section_i,11,21,22,tbl-64.md,tbl-66.md,19,1,matched,Rio Grande do Sul,Municipalidade de São Leopoldo,São Leopoldo,Picada 18,1913,Thermica...,M. V.,1,50,—,2,—,220,Continua...,—,—,6,,,,,,,,,,,,"[""Municipalidade de São Leopoldo"", ""São Leopoldo"", ""Picada 18"", ""1913""]","[""Thermica..."", ""M. V."", ""1"", ""50"", ""—"", ""2"", ""—"", ""220"", ""Continua..."", ""—"", ""—"", ""6"", """"]"
table_1_all.pdf,section_i,11,21,22,tbl-64.md,tbl-66.md,20,1,matched,Rio Grande do Sul,Municipalidade de São Vicente,São Vicente,—,1914,Hydraulica...,T. H.,2,300,30,20,5250,220,Alternativa...,3,50,8,,,,,,,,,,,,"[""Municipalidade de São Vicente"", ""São Vicente"", ""—"", ""1914""]","[""Hydraulica..."", ""T. H."", ""2"", ""300"", ""30"", ""20"", ""5.250"", ""220"", ""Alternativa..."", ""3"", ""50"", ""8"", """"]"
table_1_all.pdf,section_i,11,21,22,tbl-64.md,tbl-66.md,21,1,matched,Rio Grande do Sul,Pedro Pellizzari,São Vicente,"Jaguary,",1915,Thermica...,C. I.,1,20,—,5,—,220,Continua...,—,—,2,,,,,,,,,,,,"[""Pedro Pellizzari"", ""São Vicente"", ""Jaguary,"", ""1915""]","[""Thermica..."", ""C. I."", ""1"", ""20"", ""—"", ""5"", ""—"", ""220"", ""Continua..."", ""—"", ""—"", ""2"", """"]"
table_1_all.pdf,section_i,11,21,22,tbl-64.md,tbl-66.md,22,1,matched,Rio Grande do Sul,Waldemar Arnt,Taquaty,Bom Retiro,1918,Thermica...,M. V.,1,125,—,7,—,220,Continua...,—,—,3,,,,,,,,,,,,"[""Waldemar Arnt"", ""Taquaty"", ""Bom Retiro"", ""1918""]","[""Thermica..."", ""M. V."", ""1"", ""125"", ""—"", ""7"", ""—"", ""220"", ""Continua..."", ""—"", ""—"", ""3"", """"]"
table_1_all.pdf,section_i,11,21,22,tbl-64.md,tbl-66.md,23,1,matched,Rio Grande do Sul,Michel & Oliveira,Taquaty,—,1915,Thermica...,M. V.,1,24,—,3,—,220,Continua...,—,—,2,,,,,,,,,,,,"[""Michel & Oliveira"", ""Taquaty"", ""—"", ""1915""]","[""Thermica..."", ""M. V."", ""1"", ""24"", ""—"", ""3"", ""—"", ""220"", ""Continua..."", ""—"", ""—"", ""2"", """"]"
table_1_all.pdf,section_i,11,21,22,tbl-64.md,tbl-66.md,24,1,matched,Rio Grande do Sul,Viuva Bello Ferreira,Trimopho,—,1915,Thermica...,M. V.,1,138,—,3,—,230,Continua...,—,—,4,,,,,,,,,,,,"[""Viuva Bello Ferreira"", ""Trimopho"", ""—"", ""1915""]","[""Thermica..."", ""M. V."", ""1"", ""138"", ""—"", ""3"", ""—"", ""230"", ""Continua..."", ""—"", ""—"", ""4"", """"]"
table_1_all.pdf,section_i,11,21,22,tbl-64.md,tbl-66.md,25,1,matched,Rio Grande do Sul,B & M Barberá,Uruguayana,—,1904,Thermica...,M. V.,1,20,—,20,—,110,Continua...,—,—,2,,,,,,,,,,,,"[""B & M Barberá"", ""Uruguayana"", ""—"", ""1904""]","[""Thermica..."", ""M. V."", ""1"", ""20"", ""—"", ""20"", ""—"", ""110"", ""Continua..."", ""—"", ""—"", ""2"", """"]"
table_1_all.pdf,section_i,11,21,22,tbl-64.md,tbl-66.md,26,1,matched,Rio Grande do Sul,Municipalidade de Vaccaria,Vaccaria,—,1911,Thermica...,M. V.,3,1100,—,10,—,480,Continua...,—,—,8,,,,,,,,,,,,"[""Municipalidade de Vaccaria"", ""Vaccaria"", ""—"", ""1911""]","[""Thermica..."", ""M. V."", ""3"", ""1.100"", ""—"", ""10"", ""—"", ""480"", ""Continua..."", ""—"", ""—"", ""8"", """"]"
table_1_all.pdf,section_i,11,21,22,tbl-64.md,tbl-66.md,27,1,matched,Rio Grande do Sul,Jorge Schuck,Venancio Ayres,—,1916,Thermica...,M. V.,1,40,—,2,—,220,Alternativa...,3,50,3,,,,,,,,,,,,"[""Jorge Schuck"", ""Venancio Ayres"", ""—"", ""1916""]","[""Thermica..."", ""M. V."", ""1"", ""40"", ""—"", ""2"", ""—"", ""220"", ""Alternativa..."", ""3"", ""50"", ""3"", """"]"
table_1_all.pdf,section_i,11,21,22,tbl-64.md,tbl-66.md,28,1,right_only,Rio Grande do Sul,,,,,Thermica...,M. V.,1,65,—,4,—,110,Continua...,—,—,—,,,,,,,,,,,,,"[""Thermica..."", ""M. V."", ""1"", ""65"", ""—"", ""4"", ""—"", ""110"", ""Continua..."", ""—"", ""—"", ""—"", """"]"
table_1_all.pdf,section_i,12,23,24,tbl-68.md,tbl-71.md,1,1,matched,Rio Grande do Sul,Empresa Força e Luz de Santa Catharina,Blumenau,—,1908,Hydraulica...,T. H.,2,5000,130,43,220008500,220,Alternativa...,3,50,6,22,,,,,,,,,,,"[""Empresa Força e Luz de Santa Catharina"", ""Blumenau"", ""—"", ""1908""]","[""Hydraulica..."", ""T. H."", ""2"", ""5.000"", ""130"", ""43"", ""22.000 8.500"", ""220"", ""Alternativa..."", ""3"", ""50"", ""6"", ""22""]"
table_1_all.pdf,section_i,12,23,24,tbl-68.md,tbl-71.md,2,1,matched,Rio Grande do Sul,Isabel Knonz Duarte,Campo Alegre,Santa Isabel,1920,Hydraulica...,R. A.,1,12,3,3,220,220,Continua...,—,—,—,2,,,,,,,,,,,"[""Isabel Knonz Duarte"", ""Campo Alegre"", ""Santa Isabel"", ""1920""]","[""Hydraulica..."", ""R. A."", ""1"", ""12"", ""3"", ""3"", ""220"", ""220"", ""Continua..."", ""—"", ""—"", ""—"", ""2""]"
table_1_all.pdf,section_i,12,23,24,tbl-68.md,tbl-71.md,3,1,matched,Rio Grande do Sul,Governo do Estado de Santa Catharina,Florianopolis,Maroim,1910,Hydraulica...,T. H.,3,900,17,35,11000,400220,Alternativa...,1,50,1,29,,,,,,,,,,,"[""Governo do Estado de Santa Catharina"", ""Florianopolis"", ""Maroim"", ""1910""]","[""Hydraulica..."", ""T. H."", ""3"", ""900"", ""17"", ""35"", ""11.000"", ""400 220"", ""Alternativa..."", ""1"", ""50"", ""1"", ""29""]"
table_1_all.pdf,section_i,12,23,24,tbl-68.md,tbl-71.md,4,1,matched,Rio Grande do Sul,"Emp Joinvillense de Electricidade, Luz e Força",Joinville,Pirahy,1908,Hydraulica...,T. H.,3,900,17,34,20000,220,Alternativa...,3,50,1,15,,,,,,,,,,,"[""Emp Joinvillense de Electricidade, Luz e Força"", ""Joinville"", ""Pirahy"", ""1908""]","[""Hydraulica..."", ""T. H."", ""3"", ""900"", ""17"", ""34"", ""20.000"", ""220"", ""Alternativa..."", ""3"", ""50"", ""1"", ""15""]"
table_1_all.pdf,section_i,12,23,24,tbl-68.md,tbl-71.md,5,1,matched,Rio Grande do Sul,Empresa de Electricidade de Lages,Lagés,—,1917,Hydraulica...,T. H.,1,150,18,—,10000,214,—,—,—,—,—,,,,,,,,,,,"[""Empresa de Electricidade de Lages"", ""Lagés"", ""—"", ""1917""]","[""Hydraulica..."", ""T. H."", ""1"", ""150"", ""18"", ""—"", ""10.000"", ""214"", ""—"", ""—"", ""—"", ""—"", ""—""]"
table_1_all.pdf,section_i,12,23,24,tbl-68.md,tbl-71.md,6,1,matched,Rio Grande do Sul,N Bley Netto,Mafra,São Lourenço,1910,Hydraulica...,T. H.,1,480,15,30,60002000,2000220,Alternativa...,3,50,2,11,,,,,,,,,,,"[""N Bley Netto"", ""Mafra"", ""São Lourenço"", ""1910""]","[""Hydraulica..."", ""T. H."", ""1"", ""480"", ""15"", ""30"", ""6.000 2.000"", ""2.000 220"", ""Alternativa..."", ""3"", ""50"", ""2"", ""11""]"
table_1_all.pdf,section_i,12,23,24,tbl-68.md,tbl-71.md,7,1,matched,Rio Grande do Sul,João Bauer,Nova Trento,—,1919,Hydraulica...,R. A.,1,12,5,5,220,220110,Alternativa...,3,50,—,2,,,,,,,,,,,"[""João Bauer"", ""Nova Trento"", ""—"", ""1919""]","[""Hydraulica..."", ""R. A."", ""1"", ""12"", ""5"", ""5"", ""220"", ""220 110"", ""Alternativa..."", ""3"", ""50"", ""—"", ""2""]"
table_1_all.pdf,section_i,12,23,24,tbl-68.md,tbl-71.md,8,1,matched,Rio Grande do Sul,Henrique Moeller & Companhia,São Bento,—,1912,Hydraulica...,T. H.,1,120,7,4,3600,220,Alternativa...,3,50,1,3,,,,,,,,,,,"[""Henrique Moeller & Companhia"", ""São Bento"", ""—"", ""1912""]","[""Hydraulica..."", ""T. H."", ""1"", ""120"", ""7"", ""4"", ""3.600"", ""220"", ""Alternativa..."", ""3"", ""50"", ""1"", ""3""]"
table_1_all.pdf,section_i,12,23,24,tbl-68.md,tbl-71.md,9,1,matched,Rio Grande do Sul,Empresa de Electricidade de São Francisco,São Francisco,São Francisco,1919,Thermica...,M. V.,1,60,—,5,—,220,Alternativa...,3,50,—,5,,,,,,,,,,,"[""Empresa de Electricidade de São Francisco"", ""São Francisco"", ""São Francisco"", ""1919""]","[""Thermica..."", ""M. V."", ""1"", ""60"", ""—"", ""5"", ""—"", ""220"", ""Alternativa..."", ""3"", ""50"", ""—"", ""5""]"
table_1_all.pdf,section_i,12,23,24,tbl-68.md,tbl-71.md,10,1,matched,Rio Grande do Sul,Manoel Cruz,Tijucas,—,1917,Thermica...,M. V.,1,30,—,3,—,220110,Continua...,—,—,—,4,,,,,,,,,,,"[""Manoel Cruz"", ""Tijucas"", ""—"", ""1917""]","[""Thermica..."", ""M. V."", ""1"", ""30"", ""—"", ""3"", ""—"", ""220 110"", ""Continua..."", ""—"", ""—"", ""—"", ""4""]"
table_1_all.pdf,section_i,12,23,24,tbl-68.md,tbl-71.md,11,1,matched,Rio Grande do Sul,Antonio Ferraro & Angelo Antonio Nichele,Urussanga,—,1917,Hydraulica...,T. H.,1,7,—,1,220,220,Continua...,—,—,—,1,,,,,,,,,,,"[""Antonio Ferraro & Angelo Antonio Nichele"", ""Urussanga"", ""—"", ""1917""]","[""Hydraulica..."", ""T. H."", ""1"", ""7"", ""—"", ""1"", ""220"", ""220"", ""Continua..."", ""—"", ""—"", ""—"", ""1""]"
table_1_all.pdf,section_i,12,23,24,tbl-69.md,tbl-72.md,12,1,matched,São Paulo,Municipalidade de Angatuba,Angatuba,—,1916,Thermica...,M. V.,1,24,—,—,—,—,Continua...,—,—,—,2,,,,,,,,,,,"[""Municipalidade de Angatuba"", ""Angatuba"", ""—"", ""1916""]","[""Thermica..."", ""M. V."", ""1"", ""24"", ""—"", ""—"", ""—"", ""—"", ""Continua..."", ""—"", ""—"", ""—"", ""2""]"
table_1_all.pdf,section_i,12,23,24,tbl-69.md,tbl-72.md,13,1,matched,São Paulo,Empresa de Electricidade de Araraquara,Araraquara,Chibarro,1919,Hydraulica...,T. H.,3,2500,12,180,187506000,2200220,Alternativa...,3,50,4,30,,,,,,,,,,,"[""Empresa de Electricidade de Araraquara"", ""Araraquara"", ""Chibarro"", ""1919""]","[""Hydraulica..."", ""T. H."", ""3"", ""2.500"", ""12"", ""180"", ""18.750 6.000"", ""2.200 220"", ""Alternativa..."", ""3"", ""50"", ""4"", ""30""]"
table_1_all.pdf,section_i,12,23,24,tbl-69.md,tbl-72.md,14,1,matched,São Paulo,Empresa Força e Luz do Jahú,Araraquara,Gavião Peixoto,1910,Hydraulica...,T. H.,1,6000,32,—,30000,6000,Alternativa...,3,50,3,8,,,,,,,,,,,"[""Empresa Força e Luz do Jahú"", ""Araraquara"", ""Gavião Peixoto"", ""1910""]","[""Hydraulica..."", ""T. H."", ""1"", ""6.000"", ""32"", ""—"", ""30.000"", ""6.000"", ""Alternativa..."", ""3"", ""50"", ""3"", ""8""]"
table_1_all.pdf,section_i,12,23,24,tbl-69.md,tbl-72.md,15,1,matched,São Paulo,Empresa de Electricidade de Avaré,Jahú,—,1910,Hydraulica...,T. H.,1,500,38,—,10000,110,Alternativa...,3,50,1,7,,,,,,,,,,,"[""Empresa de Electricidade de Avaré"", ""Jahú"", ""—"", ""1910""]","[""Hydraulica..."", ""T. H."", ""1"", ""500"", ""38"", ""—"", ""10.000"", ""110"", ""Alternativa..."", ""3"", ""50"", ""1"", ""7""]"
table_1_all.pdf,section_i,12,23,24,tbl-69.md,tbl-72.md,16,1,matched,São Paulo,Empresa Força e Luz de Bananal,Avaré,—,1909,Hydraulica...,T. H.,1,200,38,—,1800,110,Alternativa...,3,50,1,5,,,,,,,,,,,"[""Empresa Força e Luz de Bananal"", ""Avaré"", ""—"", ""1909""]","[""Hydraulica..."", ""T. H."", ""1"", ""200"", ""38"", ""—"", ""1.800"", ""110"", ""Alternativa..."", ""3"", ""50"", ""1"", ""5""]"
table_1_all.pdf,section_i,12,23,24,tbl-69.md,tbl-72.md,17,1,matched,São Paulo,Companhia de Melhoramentos de Batataes,Bananal,—,1916,Hydraulica...,T. H.,1,200,15,15,6000,120,Alternativa...,3,50,1,3,,,,,,,,,,,"[""Companhia de Melhoramentos de Batataes"", ""Bananal"", ""—"", ""1916""]","[""Hydraulica..."", ""T. H."", ""1"", ""200"", ""15"", ""15"", ""6.000"", ""120"", ""Alternativa..."", ""3"", ""50"", ""1"", ""3""]"
table_1_all.pdf,section_i,12,23,24,tbl-69.md,tbl-72.md,18,1,matched,São Paulo,Empresa Electrica de Bebedouro,Batataes,—,1906,Hydraulica...,T. H.,2,200,27,14,6000,205120,Alternativa...,3,50,1,14,,,,,,,,,,,"[""Empresa Electrica de Bebedouro"", ""Batataes"", ""—"", ""1906""]","[""Hydraulica..."", ""T. H."", ""2"", ""200"", ""27"", ""14"", ""6.000"", ""205 120"", ""Alternativa..."", ""3"", ""50"", ""1"", ""14""]"
table_1_all.pdf,section_i,12,23,24,tbl-69.md,tbl-72.md,19,1,matched,São Paulo,Bebedouro,Bebedouro,—,1910,Hydraulica...,T. H.,1,200,12,15,6000,220,Alternativa...,3,50,1,8,,,,,,,,,,,"[""Bebedouro"", ""Bebedouro"", ""—"", ""1910""]","[""Hydraulica..."", ""T. H."", ""1"", ""200"", ""12"", ""15"", ""6.000"", ""220"", ""Alternativa..."", ""3"", ""50"", ""1"", ""8""]"
table_1_all.pdf,section_i,12,23,24,tbl-69.md,tbl-72.md,20,1,matched,São Paulo,Companhia Paulista Força e Luz,Botucatá,Rio Pardo,1906,Hydraulica...,T. H.,1,250,3,18,150006000,220,Alternativa...,3,50,3,8,,,,,,,,,,,"[""Companhia Paulista Força e Luz"", ""Botucatá"", ""Rio Pardo"", ""1906""]","[""Hydraulica..."", ""T. H."", ""1"", ""250"", ""3"", ""18"", ""15.000 6.000"", ""220"", ""Alternativa..."", ""3"", ""50"", ""3"", ""8""]"
table_1_all.pdf,section_i,12,23,24,tbl-69.md,tbl-72.md,21,1,matched,São Paulo,Dous Corregos,Dous Corregos,Dous Corregos,1911,Hydraulica...,T. H.,2,2000,30,72,11000,220,Alternativa...,3,50,3,10,,,,,,,,,,,"[""Dous Corregos"", ""Dous Corregos"", ""Dous Corregos"", ""1911""]","[""Hydraulica..."", ""T. H."", ""2"", ""2.000"", ""30"", ""72"", ""11.000"", ""220"", ""Alternativa..."", ""3"", ""50"", ""3"", ""10""]"
table_1_all.pdf,section_i,12,23,24,tbl-69.md,tbl-72.md,22,1,matched,São Paulo,Lencões,Central,Central,1907,Hydraulica...,T. H.,3,3000,160,150,30000,220110,Alternativa...,3,50,1,6,,,,,,,,,,,"[""Lencões"", ""Central"", ""Central"", ""1907""]","[""Hydraulica..."", ""T. H."", ""3"", ""3.000"", ""160"", ""150"", ""30.000"", ""220 110"", ""Alternativa..."", ""3"", ""50"", ""1"", ""6""]"
table_1_all.pdf,section_i,12,23,24,tbl-69.md,tbl-72.md,23,1,left_only,São Paulo,Pennapolis,Avanhandava,Avanhandava,1920,,,,,,,,,,,,,,,,,,,,,,,,"[""Pennapolis"", ""Avanhandava"", ""Avanhandava"", ""1920""]",
table_1_all.pdf,section_i,13,25,26,tbl-74.md,tbl-76.md,1,1,matched,São Paulo,Empresa Electrica Bragantina,Bragança e,Guaraciaba Flôres,(1)1905(1)1905,Hydraulica...,T. H.,3,900,16,45,22500,8000,Alternativa...,3,50,4,21,,,,,,,,,,,"[""Empresa Electrica Bragantina"", ""Bragança e"", ""Guaraciaba Flôres"", ""(1) 1905 (1) 1905""]","[""Hydraulica..."", ""T. H."", ""3"", ""900"", ""16"", ""45"", ""22.500"", ""8.000"", ""Alternativa..."", ""3"", ""50"", ""4"", ""21""]"
table_1_all.pdf,section_i,13,25,26,tbl-74.md,tbl-76.md,2,1,matched,São Paulo,Companhia Força e Luz de Brotas,Brotas,—,1910,Hydraulica...,T. H.,1,1500,,,13000,200,,,,,,,,,,,,,,,,"[""Companhia Força e Luz de Brotas"", ""Brotas"", ""—"", ""1910""]","[""Hydraulica..."", ""T. H."", ""1"", ""1.500"", """", """", ""13.000"", ""200"", """", """", """", """", """"]"
table_1_all.pdf,section_i,13,25,26,tbl-74.md,tbl-76.md,2,2,matched,São Paulo,Companhia Força e Luz de Brotas,Brotas,—,1910,,,,,,,8000,114,,,,,,,,,,,,,,,,"[""Companhia Força e Luz de Brotas"", ""Brotas"", ""—"", ""1910""]","["""", """", """", """", """", """", ""8.000"", ""114"", """", """", """", """", """"]"
table_1_all.pdf,section_i,13,25,26,tbl-74.md,tbl-76.md,3,1,matched,São Paulo,Empresa Força e Luz de Buquira,Buquira,Odette,1919,Hydraulica...,T. H.,1,1500,48,53,15000,220,Alternativa...,3,50,2,15,,,,,,,,,,,"[""Empresa Força e Luz de Buquira"", ""Buquira"", ""Odette"", ""1919""]","[""Hydraulica..."", ""T. H."", ""1"", ""1.500"", ""48"", ""53"", ""15.000"", ""220"", ""Alternativa..."", ""3"", ""50"", ""2"", ""15""]"
table_1_all.pdf,section_i,13,25,26,tbl-74.md,tbl-76.md,3,2,matched,São Paulo,Empresa Força e Luz de Buquira,Buquira,Odette,1919,,,,,,,2200,,,,,,,,,,,,,,,,,"[""Empresa Força e Luz de Buquira"", ""Buquira"", ""Odette"", ""1919""]","["""", """", """", """", """", """", ""2.200"", """", """", """", """", """", """"]"
table_1_all.pdf,section_i,13,25,26,tbl-74.md,tbl-76.md,4,1,matched,São Paulo,Emilio Kunch & Companhia,Cabreúva,Guaxinduba,1920,Hydraulica...,T. H.,1,20,2,3,220,220,Continua...,-,-,-,2,,,,,,,,,,,"[""Emilio Kunch & Companhia"", ""Cabreúva"", ""Guaxinduba"", ""1920""]","[""Hydraulica..."", ""T. H."", ""1"", ""20"", ""2"", ""3"", ""220"", ""220"", ""Continua..."", ""-"", ""-"", ""-"", ""2""]"
table_1_all.pdf,section_i,13,25,26,tbl-74.md,tbl-76.md,5,1,matched,São Paulo,Empresa Hydro-Electrica da Serra da Bocaina,Cachoeira,Patmos,1911,Hydraulica...,T. H.,1,125,30,20,6000,110,Alternativa...,3,60,-,6,,,,,,,,,,,"[""Empresa Hydro-Electrica da Serra da Bocaina"", ""Cachoeira"", ""Patmos"", ""1911""]","[""Hydraulica..."", ""T. H."", ""1"", ""125"", ""30"", ""20"", ""6.000"", ""110"", ""Alternativa..."", ""3"", ""60"", ""-"", ""6""]"
table_1_all.pdf,section_i,13,25,26,tbl-74.md,tbl-76.md,6,1,matched,São Paulo,Empresa Nacional de Electricidade,Caconde,Santa Celida,1918,Hydraulica...,T. H.,1,400,24,250,6000,220,Alternativa...,3,50,2,11,,,,,,,,,,,"[""Empresa Nacional de Electricidade"", ""Caconde"", ""Santa Celida"", ""1918""]","[""Hydraulica..."", ""T. H."", ""1"", ""400"", ""24"", ""250"", ""6.000"", ""220"", ""Alternativa..."", ""3"", ""50"", ""2"", ""11""]"
table_1_all.pdf,section_i,13,25,26,tbl-74.md,tbl-76.md,6,2,matched,São Paulo,Empresa Nacional de Electricidade,Caconde,Santa Celida,1918,,,,,,,,120,,,,,,,,,,,,,,,,"[""Empresa Nacional de Electricidade"", ""Caconde"", ""Santa Celida"", ""1918""]","["""", """", """", """", """", """", """", ""120"", """", """", """", """", """"]"
table_1_all.pdf,section_i,13,25,26,tbl-74.md,tbl-76.md,7,1,matched,São Paulo,"Companhia Campineira de Tracção, Luz e Força",Campinas e,Salto Grande Jaguary,19041916,Hydraulica...,T. H.,1,600,5,9,6600,110,Alternativa...,3,50,1,6,,,,,,,,,,,"[""Companhia Campineira de Tracção, Luz e Força"", ""Campinas e"", ""Salto Grande Jaguary"", ""1904 1916""]","[""Hydraulica..."", ""T. H."", ""1"", ""600"", ""5"", ""9"", ""6.600"", ""110"", ""Alternativa..."", ""3"", ""50"", ""1"", ""6""]"
table_1_all.pdf,section_i,13,25,26,tbl-74.md,tbl-76.md,8,1,matched,São Paulo,"Rawlinson, Müller & Companhia",Campinas,Salto Grande,1910,Hydraulica...,T. H.,3,5000,18,-,11000,2080,Alternativa...,3,60,4,8,,,,,,,,,,,"[""Rawlinson, Müller & Companhia"", ""Campinas"", ""Salto Grande"", ""1910""]","[""Hydraulica..."", ""T. H."", ""3"", ""5.000"", ""18"", ""-"", ""11.000"", ""2.080"", ""Alternativa..."", ""3"", ""60"", ""4"", ""8""]"
table_1_all.pdf,section_i,13,25,26,tbl-74.md,tbl-76.md,9,1,matched,São Paulo,Municipalidade de Campos Novos,Campos Novos do Paranapanema,Simis,1912,Hydraulica...,T. H.,1,7000,20,-,,230,,,,,,,,,,,,,,,,"[""Municipalidade de Campos Novos"", ""Campos Novos do Paranapanema"", ""Simis"", ""1912""]","[""Hydraulica..."", ""T. H."", ""1"", ""7.000"", ""20"", ""-"", """", ""230"", """", """", """", """", """"]"
table_1_all.pdf,section_i,13,25,26,tbl-74.md,tbl-76.md,9,2,matched,São Paulo,Municipalidade de Campos Novos,Campos Novos do Paranapanema,Simis,1912,,,,,,,,115,,,,,,,,,,,,,,,,"[""Municipalidade de Campos Novos"", ""Campos Novos do Paranapanema"", ""Simis"", ""1912""]","["""", """", """", """", """", """", """", ""115"", """", """", """", """", """"]"
table_1_all.pdf,section_i,13,25,26,tbl-74.md,tbl-76.md,10,1,matched,São Paulo,Companhia Força e Luz de Casa Branca,Casa Branca,Santa Rita,1909,Hydraulica...,T. H.,3,4000,40,30,20000,220,Alternativa...,3,50,6,16,,,,,,,,,,,"[""Companhia Força e Luz de Casa Branca"", ""Casa Branca"", ""Santa Rita"", ""1909""]","[""Hydraulica..."", ""T. H."", ""3"", ""4.000"", ""40"", ""30"", ""20.000"", ""220"", ""Alternativa..."", ""3"", ""50"", ""6"", ""16""]"
table_1_all.pdf,section_i,13,25,26,tbl-74.md,tbl-76.md,10,2,matched,São Paulo,Companhia Força e Luz de Casa Branca,Casa Branca,Santa Rita,1909,,,,,,,8000,,,,,,,,,,,,,,,,,"[""Companhia Força e Luz de Casa Branca"", ""Casa Branca"", ""Santa Rita"", ""1909""]","["""", """", """", """", """", """", ""8.000"", """", """", """", """", """", """"]"
table_1_all.pdf,section_i,13,25,26,tbl-74.md,tbl-76.md,11,1,matched,São Paulo,Companhia Mogyana de Luz e Força,Espírito Santo do Pinhal,Salto Grande,1897,Thermica...,M. V.,1,60,-,2,-,110,Alternativa...,-,-,-,6,,,,,,,,,,,"[""Companhia Mogyana de Luz e Força"", ""Espírito Santo do Pinhal"", ""Salto Grande"", ""1897""]","[""Thermica..."", ""M. V."", ""1"", ""60"", ""-"", ""2"", ""-"", ""110"", ""Alternativa..."", ""-"", ""-"", ""-"", ""6""]"
table_1_all.pdf,section_i,13,25,26,tbl-74.md,tbl-76.md,12,1,matched,São Paulo,"Castro, Almeida & Companhia",Fartura,—,1918,Hydraulica...,T. H.,1,250,26,11,6500,220,Alternativa...,3,50,2,9,,,,,,,,,,,"[""Castro, Almeida & Companhia"", ""Fartura"", ""—"", ""1918""]","[""Hydraulica..."", ""T. H."", ""1"", ""250"", ""26"", ""11"", ""6.500"", ""220"", ""Alternativa..."", ""3"", ""50"", ""2"", ""9""]"
table_1_all.pdf,section_i,13,25,26,tbl-74.md,tbl-76.md,12,2,matched,São Paulo,"Castro, Almeida & Companhia",Fartura,—,1918,,,,,,,,110,,,,,,,,,,,,,,,,"[""Castro, Almeida & Companhia"", ""Fartura"", ""—"", ""1918""]","["""", """", """", """", """", """", """", ""110"", """", """", """", """", """"]"
table_1_all.pdf,section_i,13,25,26,tbl-74.md,tbl-76.md,13,1,matched,São Paulo,Empresa Luz e Força Meridional Paulista,Faxina,—,1911,Hydraulica...,T. H.,2,1250,85,37,6000,2000,Alternativa...,3,50,2,22,,,,,,,,,,,"[""Empresa Luz e Força Meridional Paulista"", ""Faxina"", ""—"", ""1911""]","[""Hydraulica..."", ""T. H."", ""2"", ""1.250"", ""85"", ""37"", ""6.000"", ""2.000"", ""Alternativa..."", ""3"", ""50"", ""2"", ""22""]"
table_1_all.pdf,section_i,13,25,26,tbl-74.md,tbl-76.md,13,2,matched,São Paulo,Empresa Luz e Força Meridional Paulista,Faxina,—,1911,,,,,,,,110,,,,,,,,,,,,,,,,"[""Empresa Luz e Força Meridional Paulista"", ""Faxina"", ""—"", ""1911""]","["""", """", """", """", """", """", """", ""110"", """", """", """", """", """"]"
table_1_all.pdf,section_i,13,25,26,tbl-74.md,tbl-76.md,14,1,matched,São Paulo,Companhia Força e Luz Jacarêhy-Guararema,Guararema,Putim,1916,Thermica...,M. V.,1,115,-,8,-,220,Alternativa...,3,50,-,3,,,,,,,,,,,"[""Companhia Força e Luz Jacarêhy-Guararema"", ""Guararema"", ""Putim"", ""1916""]","[""Thermica..."", ""M. V."", ""1"", ""115"", ""-"", ""8"", ""-"", ""220"", ""Alternativa..."", ""3"", ""50"", ""-"", ""3""]"
table_1_all.pdf,section_i,13,25,26,tbl-74.md,tbl-76.md,14,2,matched,São Paulo,Companhia Força e Luz Jacarêhy-Guararema,Guararema,Putim,1916,,C. I.,2,15,,,,,,,,,,,,,,,,,,,,"[""Companhia Força e Luz Jacarêhy-Guararema"", ""Guararema"", ""Putim"", ""1916""]","["""", ""C. I."", ""2"", ""15"", """", """", """", """", """", """", """", """", """"]"
table_1_all.pdf,section_i,13,25,26,tbl-74.md,tbl-76.md,15,1,matched,São Paulo,Companhia Luz e Força de Guaratinguetá,Guaratinguetá,Sodré,1905,Hydraulica...,T. H.,1,205,95,59,33000,220,Alternativa...,3,60,5,8,,,,,,,,,,,"[""Companhia Luz e Força de Guaratinguetá"", ""Guaratinguetá"", ""Sodré"", ""1905""]","[""Hydraulica..."", ""T. H."", ""1"", ""205"", ""95"", ""59"", ""33.000"", ""220"", ""Alternativa..."", ""3"", ""60"", ""5"", ""8""]"
table_1_all.pdf,section_i,13,25,26,tbl-74.md,tbl-76.md,15,2,matched,São Paulo,Companhia Luz e Força de Guaratinguetá,Guaratinguetá,Sodré,1905,,,,,,,6600,110,,,,,,,,,,,,,,,,"[""Companhia Luz e Força de Guaratinguetá"", ""Guaratinguetá"", ""Sodré"", ""1905""]","["""", """", """", """", """", """", ""6.600"", ""110"", """", """", """", """", """"]"
table_1_all.pdf,section_i,13,25,26,tbl-74.md,tbl-76.md,16,1,right_only,São Paulo,,,,,Hydraulica...,T. H.,2,800,6,8,5250,220,Alternativa...,3,50,-,4,,,,,,,,,,,,"[""Hydraulica..."", ""T. H."", ""2"", ""800"", ""6"", ""8"", ""5.250"", ""220"", ""Alternativa..."", ""3"", ""50"", ""-"", ""4""]"
table_1_all.pdf,section_i,13,25,26,tbl-74.md,tbl-76.md,17,1,right_only,São Paulo,,,,,Thermica...,C. I.,1,250,22,24,11000,2200,Alternativa...,3,60,1,51,,,,,,,,,,,,"[""Thermica..."", ""C. I."", ""1"", ""250"", ""22"", ""24"", ""11.000"", ""2.200"", ""Alternativa..."", ""3"", ""60"", ""1"", ""51""]"
table_1_all.pdf,section_i,13,25,26,tbl-74.md,tbl-76.md,18,1,right_only,São Paulo,,,,,Hydraulica,R. A.,3,1110,,,,220,,,,,,,,,,,,,,,,,"[""Hydraulica"", ""R. A."", ""3"", ""1.110"", """", """", """", ""220"", """", """", """", """", """"]"
table_1_all.pdf,section_i,14,27,28,tbl-78.md,tbl-80.md,1,1,matched,São Paulo,Municipalidade de Guarey,Guarey,—,1920,Thermica...,M. V.,1,12,—,3,—,220,Continua...,—,—,—,2,,,,,,,,,,,"[""Municipalidade de Guarey"", ""Guarey"", ""—"", ""1920""]","[""Thermica..."", ""M. V."", ""1"", ""12"", ""—"", ""3"", ""—"", ""220"", ""Continua..."", ""—"", ""—"", ""—"", ""2""]"
table_1_all.pdf,section_i,14,27,28,tbl-78.md,tbl-80.md,2,1,matched,São Paulo,Empresa Força e Luz de Ribeirão Preto (1),Igarapava,Buritys,1920,Hydraulica...,T. H.,1,1360,75,350,30000,6000,Alternativa...,3,50,14,5,,,,,,,,,,,"[""Empresa Força e Luz de Ribeirão Preto (1)"", ""Igarapava"", ""Buritys"", ""1920""]","[""Hydraulica..."", ""T. H."", ""1"", ""1.360"", ""75"", ""350"", ""30.000"", ""6.000"", ""Alternativa..."", ""3"", ""50"", ""14"", ""5""]"
table_1_all.pdf,section_i,14,27,28,tbl-78.md,tbl-80.md,3,1,matched,São Paulo,,Ituverava,Evangelina,1911,Hydraulica...,T. H.,2,5000,55,,,2200,,,,,20,,,,,,,,,,,"["""", ""Ituverava"", ""Evangelina"", ""1911""]","[""Hydraulica..."", ""T. H."", ""2"", ""5.000"", ""55"", """", """", ""2.200"", """", """", """", """", ""20""]"
table_1_all.pdf,section_i,14,27,28,tbl-78.md,tbl-80.md,4,1,matched,São Paulo,Municipalidade de Iguape,Iguape,—,1920,Thermica...,M. V.,1,60,—,20,—,2200,Alternativa...,3,50,—,5,,,,,,,,,,,"[""Municipalidade de Iguape"", ""Iguape"", ""—"", ""1920""]","[""Thermica..."", ""M. V."", ""1"", ""60"", ""—"", ""20"", ""—"", ""2.200"", ""Alternativa..."", ""3"", ""50"", ""—"", ""5""]"
table_1_all.pdf,section_i,14,27,28,tbl-78.md,tbl-80.md,5,1,matched,São Paulo,Empresa de Força e Luz de Itaberá,Itaberá,—,1914,Thermica...,M. V.,1,20,—,2,—,220,Continua...,—,—,—,3,,,,,,,,,,,"[""Empresa de Força e Luz de Itaberá"", ""Itaberá"", ""—"", ""1914""]","[""Thermica..."", ""M. V."", ""1"", ""20"", ""—"", ""2"", ""—"", ""220"", ""Continua..."", ""—"", ""—"", ""—"", ""3""]"
table_1_all.pdf,section_i,14,27,28,tbl-78.md,tbl-80.md,6,1,matched,São Paulo,Arens & Companhia,Itanhaem,—,1918,Thermica...,M. V.,1,32,—,1,—,220,Continua...,—,—,—,2,,,,,,,,,,,"[""Arens & Companhia"", ""Itanhaem"", ""—"", ""1918""]","[""Thermica..."", ""M. V."", ""1"", ""32"", ""—"", ""1"", ""—"", ""220"", ""Continua..."", ""—"", ""—"", ""—"", ""2""]"
table_1_all.pdf,section_i,14,27,28,tbl-78.md,tbl-80.md,7,1,matched,São Paulo,Empresa de Electricidade Sul Paulista,Itapetininga,Turvinho,1910,Hydraulica...,T. H.,1,500,54,15,22000,2000,Alternativa...,3,50,1,15,,,,,,,,,,,"[""Empresa de Electricidade Sul Paulista"", ""Itapetininga"", ""Turvinho"", ""1910""]","[""Hydraulica..."", ""T. H."", ""1"", ""500"", ""54"", ""15"", ""22.000"", ""2.000"", ""Alternativa..."", ""3"", ""50"", ""1"", ""15""]"
table_1_all.pdf,section_i,14,27,28,tbl-78.md,tbl-80.md,8,1,matched,São Paulo,Companhia Paulista de Energia Eléctrica (2),Itapolis,São Lourenço,1910,Hydraulica...,T. H.,1,300,27,—,5250,220,Alternativa...,3,50,3,—,,,,,,,,,,,"[""Companhia Paulista de Energia Eléctrica (2)"", ""Itapolis"", ""São Lourenço"", ""1910""]","[""Hydraulica..."", ""T. H."", ""1"", ""300"", ""27"", ""—"", ""5.250"", ""220"", ""Alternativa..."", ""3"", ""50"", ""3"", ""—""]"
table_1_all.pdf,section_i,14,27,28,tbl-78.md,tbl-80.md,9,1,matched,São Paulo,,São José do Rio Pardo,Santa Alice,1910,Hydraulica...,T. H.,3,1000,3,—,5300,,,,,,,,,,,,,,,,,"["""", ""São José do Rio Pardo"", ""Santa Alice"", ""1910""]","[""Hydraulica..."", ""T. H."", ""3"", ""1.000"", ""3"", ""—"", ""5.300"", """", """", """", """", """", """"]"
table_1_all.pdf,section_i,14,27,28,tbl-78.md,tbl-80.md,10,1,matched,São Paulo,,Soccorro,Soccorro,1910,Hydraulica...,T. H.,1,150,3,—,5300,,,,,,,,,,,,,,,,,"["""", ""Soccorro"", ""Soccorro"", ""1910""]","[""Hydraulica..."", ""T. H."", ""1"", ""150"", ""3"", ""—"", ""5.300"", """", """", """", """", """", """"]"
table_1_all.pdf,section_i,14,27,28,tbl-78.md,tbl-80.md,11,1,matched,São Paulo,Municipalidade de Itaporanga,Itaporanga,—,1920,Thermica...,M. V.,1,36,—,12,—,240,Alternativa...,3,60,—,3,,,,,,,,,,,"[""Municipalidade de Itaporanga"", ""Itaporanga"", ""—"", ""1920""]","[""Thermica..."", ""M. V."", ""1"", ""36"", ""—"", ""12"", ""—"", ""240"", ""Alternativa..."", ""3"", ""60"", ""—"", ""3""]"
table_1_all.pdf,section_i,14,27,28,tbl-78.md,tbl-80.md,11,2,matched,São Paulo,Municipalidade de Itaporanga,Itaporanga,—,1920,,C. I.,1,12,,,,,,,,,,,,,,,,,,,,"[""Municipalidade de Itaporanga"", ""Itaporanga"", ""—"", ""1920""]","["""", ""C. I."", ""1"", ""12"", """", """", """", """", """", """", """", """", """"]"
table_1_all.pdf,section_i,14,27,28,tbl-78.md,tbl-80.md,12,1,matched,São Paulo,"Novaes, Ribas & Companhia",Itararé,Symphoroso Queiroz,1912,Hydraulica...,T. H.,1,90,3,8,3000,220,Alternativa...,3,50,—,4,,,,,,,,,,,"[""Novaes, Ribas & Companhia"", ""Itararé"", ""Symphoroso Queiroz"", ""1912""]","[""Hydraulica..."", ""T. H."", ""1"", ""90"", ""3"", ""8"", ""3.000"", ""220"", ""Alternativa..."", ""3"", ""50"", ""—"", ""4""]"
table_1_all.pdf,section_i,14,27,28,tbl-78.md,tbl-80.md,13,1,matched,São Paulo,Companhia Força e Luz de Jaboticabal,Jaboticabal,Correço Rico,1895,Hydraulica...,T. H.,2,475,75,89,300000,220,Alternativa...,3,50,3,21,,,,,,,,,,,"[""Companhia Força e Luz de Jaboticabal"", ""Jaboticabal"", ""Correço Rico"", ""1895""]","[""Hydraulica..."", ""T. H."", ""2"", ""475"", ""75"", ""89"", ""30.0000"", ""220"", ""Alternativa..."", ""3"", ""50"", ""3"", ""21""]"
table_1_all.pdf,section_i,14,27,28,tbl-78.md,tbl-80.md,13,2,matched,São Paulo,Companhia Força e Luz de Jaboticabal,Jaboticabal,Correço Rico,1895,,,,,,,6000,110,,,,,,,,,,,,,,,,"[""Companhia Força e Luz de Jaboticabal"", ""Jaboticabal"", ""Correço Rico"", ""1895""]","["""", """", """", """", """", """", ""6.000"", ""110"", """", """", """", """", """"]"
table_1_all.pdf,section_i,14,27,28,tbl-78.md,tbl-80.md,14,1,matched,São Paulo,Empresa Eléctrica Corralinhense,Joanopolis,—,1920,Hydraulica...,T. H.,1,100,6,3,2200,110,Alternativa...,3,60,—,4,,,,,,,,,,,"[""Empresa Eléctrica Corralinhense"", ""Joanopolis"", ""—"", ""1920""]","[""Hydraulica..."", ""T. H."", ""1"", ""100"", ""6"", ""3"", ""2.200"", ""110"", ""Alternativa..."", ""3"", ""60"", ""—"", ""4""]"
table_1_all.pdf,section_i,14,27,28,tbl-78.md,tbl-80.md,15,1,matched,São Paulo,Governo do Estado de São Paulo,Jaquey,Hospício,1917,Thermica...,M. V.,1,20,9,7,3800,125,Alternativa...,3,63,—,4,,,,,,,,,,,"[""Governo do Estado de São Paulo"", ""Jaquey"", ""Hospício"", ""1917""]","[""Thermica..."", ""M. V."", ""1"", ""20"", ""9"", ""7"", ""3.800"", ""125"", ""Alternativa..."", ""3"", ""63"", ""—"", ""4""]"
table_1_all.pdf,section_i,14,27,28,tbl-78.md,tbl-80.md,16,1,matched,São Paulo,Municipalidade de Mogy-Mirim,Mogy-Mirim,—,1909,Hydraulica...,T. H.,2,300,,,,,,,,,,,,,,,,,,,,"[""Municipalidade de Mogy-Mirim"", ""Mogy-Mirim"", ""—"", ""1909""]","[""Hydraulica..."", ""T. H."", ""2"", ""300"", """", """", """", """", """", """", """", """", """"]"
table_1_all.pdf,section_i,14,27,28,tbl-78.md,tbl-80.md,17,1,matched,São Paulo,Stefano & Maluf,Nova Horizonte,—,1919,Hydraulica...,T. H.,2,540,42,22,10000,2200,Alternativa...,3,60,3,4,,,,,,,,,,,"[""Stefano & Maluf"", ""Nova Horizonte"", ""—"", ""1919""]","[""Hydraulica..."", ""T. H."", ""2"", ""540"", ""42"", ""22"", ""10.000"", ""2.200"", ""Alternativa..."", ""3"", ""60"", ""3"", ""4""]"
table_1_all.pdf,section_i,14,27,28,tbl-78.md,tbl-80.md,17,2,matched,São Paulo,Stefano & Maluf,Nova Horizonte,—,1919,,,,,,,,220,,,,,,,,,,,,,,,,"[""Stefano & Maluf"", ""Nova Horizonte"", ""—"", ""1919""]","["""", """", """", """", """", """", """", ""220"", """", """", """", """", """"]"
table_1_all.pdf,section_i,14,27,28,tbl-78.md,tbl-80.md,18,1,matched,São Paulo,Empresa Força e Luz Parahybonense,Parahybuna,—,1913,Thermica...,M. V.,1,114,—,1,—,2200,Alternativa...,1,50,—,4,,,,,,,,,,,"[""Empresa Força e Luz Parahybonense"", ""Parahybuna"", ""—"", ""1913""]","[""Thermica..."", ""M. V."", ""1"", ""114"", ""—"", ""1"", ""—"", ""2.200"", ""Alternativa..."", ""1"", ""50"", ""—"", ""4""]"
table_1_all.pdf,section_i,14,27,28,tbl-78.md,tbl-80.md,18,2,matched,São Paulo,Empresa Força e Luz Parahybonense,Parahybuna,—,1913,,,,,,,,220,,,,,,,,,,,,,,,,"[""Empresa Força e Luz Parahybonense"", ""Parahybuna"", ""—"", ""1913""]","["""", """", """", """", """", """", """", ""220"", """", """", """", """", """"]"
table_1_all.pdf,section_i,14,27,28,tbl-78.md,tbl-80.md,19,1,right_only,São Paulo,,,,,Hydraulica...,T. H.,1,100,8,4,4000,120,Alternativa...,3,50,—,4,,,,,,,,,,,,"[""Hydraulica..."", ""T. H."", ""1"", ""100"", ""8"", ""4"", ""4.000"", ""120"", ""Alternativa..."", ""3"", ""50"", ""—"", ""4""]"
table_1_all.pdf,section_i,15,29,30,tbl-82.md,tbl-84.md,1,1,matched,São Paulo,"The São Paulo Tramway, Light and Power Company, Limited",Parnahyba São Paulo,Parnahyba —,19011912,Hydraulica,T H,8,21500,30,2422,88000,2200,Alternativa,3,60,—,—,,,,,,,,,,,"[""The São Paulo Tramway, Light and Power Company, Limited"", ""Parnahyba São Paulo"", ""Parnahyba —"", ""1901 1912""]","[""Hydraulica"", ""T H"", ""8"", ""21 500"", ""30"", ""2 422"", ""88 000"", ""2 200"", ""Alternativa"", ""3"", ""60"", ""—"", ""—""]"
table_1_all.pdf,section_i,15,29,30,tbl-82.md,tbl-84.md,2,1,matched,São Paulo,São Paulo Electric Company Limited (I),Sorocaba,Sorocaba,1911,Thermica,M V,4,13600,—,,40000,,,,,,,,,,,,,,,,,"[""São Paulo Electric Company Limited (I)"", ""Sorocaba"", ""Sorocaba"", ""1911""]","[""Thermica"", ""M V"", ""4"", ""13 600"", ""—"", """", ""40 000"", """", """", """", """", """", """"]"
table_1_all.pdf,section_i,15,29,30,tbl-82.md,tbl-84.md,3,1,matched,São Paulo,Companhia Francana de Electricidade,Patrocínio do Sap : :ahy,Esmeril,1913,Hydraulica,T H.,6,71400,63,192,88000,2080,Alternativa,3,60,—,16,,,,,,,,,,,"[""Companhia Francana de Electricidade"", ""Patrocínio do Sap : :ahy"", ""Esmeril"", ""1913""]","[""Hydraulica"", ""T H."", ""6"", ""71 400"", ""63"", ""192"", ""88 000"", ""2 080"", ""Alternativa"", ""3"", ""60"", ""—"", ""16""]"
table_1_all.pdf,section_i,15,29,30,tbl-82.md,tbl-84.md,3,2,matched,São Paulo,Companhia Francana de Electricidade,Patrocínio do Sap : :ahy,Esmeril,1913,,,,,,,24000,,,,,,,,,,,,,,,,,"[""Companhia Francana de Electricidade"", ""Patrocínio do Sap : :ahy"", ""Esmeril"", ""1913""]","["""", """", """", """", """", """", ""24 000"", """", """", """", """", """", """"]"
table_1_all.pdf,section_i,15,29,30,tbl-82.md,tbl-84.md,4,1,matched,São Paulo,Rosa & Companhia,Piedade,—,1920,Hydraulica,T H,3,2500,80,50,16000,220,Alternativa,3,50,1,25,,,,,,,,,,,"[""Rosa & Companhia"", ""Piedade"", ""—"", ""1920""]","[""Hydraulica"", ""T H"", ""3"", ""2 500"", ""80"", ""50"", ""16 000"", ""220"", ""Alternativa"", ""3"", ""50"", ""1"", ""25""]"
table_1_all.pdf,section_i,15,29,30,tbl-82.md,tbl-84.md,5,1,matched,São Paulo,Companhia Nacional de Estamparia,Pilar,Baptista,1914,Hydraulica,T H,1,105,3,3,2000,110,,,,,,,,,,,,,,,,"[""Companhia Nacional de Estamparia"", ""Pilar"", ""Baptista"", ""1914""]","[""Hydraulica"", ""T H"", ""1"", ""105"", ""3"", ""3"", ""2 000"", ""110"", """", """", """", """", """"]"
table_1_all.pdf,section_i,15,29,30,tbl-82.md,tbl-84.md,6,1,matched,São Paulo,Empresa de Electricidade São Paulo e Rio,Pindamonhangaba,Izabel,1908,Hydraulica,T H,1,1770,50,5,3000,2000,Alternativa,3,50,—,3,,,,,,,,,,,"[""Empresa de Electricidade São Paulo e Rio"", ""Pindamonhangaba"", ""Izabel"", ""1908""]","[""Hydraulica"", ""T H"", ""1"", ""1 770"", ""50"", ""5"", ""30 00."", ""2 000"", ""Alternativa"", ""3"", ""50"", ""—"", ""3""]"
table_1_all.pdf,section_i,15,29,30,tbl-82.md,tbl-84.md,7,1,matched,São Paulo,Matheus & Companhia,Piracaia,Lagrado,1910,Hydraulica,T H.,1,4075,100,37,30000,220,Alternativa,3,60,1,11,,,,,,,,,,,"[""Matheus & Companhia"", ""Piracaia"", ""Lagrado"", ""1910""]","[""Hydraulica"", ""T H."", ""1"", ""4 075"", ""100"", ""37"", ""30 000"", ""220"", ""Alternativa"", ""3"", ""60"", ""1"", ""11""]"
table_1_all.pdf,section_i,15,29,30,tbl-82.md,tbl-84.md,8,1,matched,São Paulo,Empresa Electrica de Piracicaba,Piracicaba,—,1909,Hydraulica,T H,1,4075,100,37,30000,110,,,,,,,,,,,,,,,,"[""Empresa Electrica de Piracicaba"", ""Piracicaba"", ""—"", ""1909""]","[""Hydraulica"", ""T H"", ""1"", ""4 075"", ""100"", ""37"", ""30 000"", ""110"", """", """", """", """", """"]"
table_1_all.pdf,section_i,15,29,30,tbl-82.md,tbl-84.md,9,1,matched,São Paulo,Empresa Electrica de Pirajuhy,Pirajuhy,—,1920,Hydraulica,T H.,1,110,6,5,4000,200,Alternativa,3,50,—,6,,,,,,,,,,,"[""Empresa Electrica de Pirajuhy"", ""Pirajuhy"", ""—"", ""1920""]","[""Hydraulica"", ""T H."", ""1"", ""110"", ""6"", ""5"", ""4 000"", ""200"", ""Alternativa"", ""3"", ""50"", ""—"", ""6""]"
table_1_all.pdf,section_i,15,29,30,tbl-82.md,tbl-84.md,10,1,matched,São Paulo,Municipalidade de Pirassununga,Pirassununga,Central Electrica,1896,Hydraulica,T H,3,1150,—,35,4000,2300,Alternativa,3,50,—,20,,,,,,,,,,,"[""Municipalidade de Pirassununga"", ""Pirassununga"", ""Central Electrica"", ""1896""]","[""Hydraulica"", ""T H"", ""3"", ""1 150"", ""—"", ""35"", ""4 000"", ""2 300"", ""Alternativa"", ""3"", ""50"", ""—"", ""20""]"
table_1_all.pdf,section_i,15,29,30,tbl-82.md,tbl-84.md,11,1,matched,São Paulo,S A Central Electrica de Rio Claro,Rio Claro > >,Corumbatahy Nova Mogy-Guaseú,19121920,Thermica,M V,1,18,—,5,—,110,,,,,,,,,,,,,,,,"[""S A Central Electrica de Rio Claro"", ""Rio Claro > >"", ""Corumbatahy Nova Mogy-Guaseú"", ""1912 1920""]","[""Thermica"", ""M V"", ""1"", ""18"", ""—"", ""5"", ""—"", ""110"", """", """", """", """", """"]"
table_1_all.pdf,section_i,15,29,30,tbl-82.md,tbl-84.md,12,1,matched,São Paulo,Empresa de Electricidade de Rio Preto,Rio Preto,—,1914,Hydraulica,T H,1,90,12,10,5050,100,Alternativa,2,50,1,4,,,,,,,,,,,"[""Empresa de Electricidade de Rio Preto"", ""Rio Preto"", ""—"", ""1914""]","[""Hydraulica"", ""T H"", ""1"", ""90"", ""12"", ""10"", ""5 050"", ""100"", ""Alternativa"", ""2"", ""50"", ""1"", ""4""]"
table_1_all.pdf,section_i,15,29,30,tbl-82.md,tbl-84.md,13,1,matched,São Paulo,Companhia Força e Luz Norte de São Paulo,Sallesopolis,—,1911,Thermica,C I,1,1000,90,200,12000,220,Alternativa,3,50,2,95,,,,,,,,,,,"[""Companhia Força e Luz Norte de São Paulo"", ""Sallesopolis"", ""—"", ""1911""]","[""Thermica"", ""C I"", ""1"", ""1 000"", ""90"", ""200"", ""12 000"", ""220"", ""Alternativa"", ""3"", ""50"", ""2"", ""95""]"
table_1_all.pdf,section_i,15,29,30,tbl-82.md,tbl-84.md,14,1,matched,São Paulo,Companhia Ituana Força e Luz,Salto,Lavras,1904,Hydraulica,T H,1,450,,,4500,110,,,,,,,,,,,,,,,,"[""Companhia Ituana Força e Luz"", ""Salto"", ""Lavras"", ""1904""]","[""Hydraulica"", ""T H"", ""1"", ""450"", """", """", ""4 500"", ""110"", """", """", """", """", """"]"
table_1_all.pdf,section_i,15,29,30,tbl-82.md,tbl-84.md,15,1,matched,São Paulo,Companhia Força e Luz Santa Cruz,Santa Cruz do Rio Pardo,Santa Cruz,1920,Hydraulica,T H.,2,2870,,,—,—,,,,,,,,,,,,,,,,"[""Companhia Força e Luz Santa Cruz"", ""Santa Cruz do Rio Pardo"", ""Santa Cruz"", ""1920""]","[""Hydraulica"", ""T H."", ""2"", ""2 870"", """", """", ""—"", ""—"", """", """", """", """", """"]"
table_1_all.pdf,section_i,15,29,30,tbl-82.md,tbl-84.md,16,1,matched,São Paulo,Germano Feha,Santa Isabel,—,1913,Thermica,M V,1,160,—,12,—,2200,Alternativa,3,50,—,9,,,,,,,,,,,"[""Germano Feha"", ""Santa Isabel"", ""—"", ""1913""]","[""Thermica"", ""M V"", ""1"", ""160"", ""—"", ""12"", ""—"", ""2 200"", ""Alternativa"", ""3"", ""50"", ""—"", ""9""]"
table_1_all.pdf,section_i,15,29,30,tbl-82.md,tbl-84.md,17,1,matched,São Paulo,Companhia Força e Luz São Valentim,Santa Rita do Passa Quatro,São Valentim,1906,Hydraulica,T H,2,3000,84,16,11000,220,,,,,,,,,,,,,,,,"[""Companhia Força e Luz São Valentim"", ""Santa Rita do Passa Quatro"", ""São Valentim"", ""1906""]","[""Hydraulica"", ""T H"", ""2"", ""3 000"", ""84"", ""16"", ""11 000"", ""220"", """", """", """", """", """"]"
table_1_all.pdf,section_i,15,29,30,tbl-82.md,tbl-84.md,18,1,matched,São Paulo,Companhia de Electricidade São Simão—Cajurú,Santa Rosa,Itaipava,1914,Hydraulica,T H,4,2200,40,22,6000,220,Alternativa,3,60,1,20,,,,,,,,,,,"[""Companhia de Electricidade São Simão—Cajurú"", ""Santa Rosa"", ""Itaipava"", ""1914""]","[""Hydraulica"", ""T H"", ""4"", ""2 200"", ""40"", ""22"", ""6 000"", ""220"", ""Alternativa"", ""3"", ""60"", ""1"", ""20""]"
table_1_all.pdf,section_i,15,29,30,tbl-82.md,tbl-84.md,19,1,right_only,São Paulo,,,,,Hydraulica,T H,1,120,24,9,10000,220,,,,,,,,,,,,,,,,,"[""Hydraulica"", ""T H"", ""1"", ""120"", ""24"", ""9"", ""10 000"", ""220"", """", """", """", """", """"]"
table_1_all.pdf,section_i,15,29,30,tbl-82.md,tbl-84.md,20,1,right_only,São Paulo,,,,,Hydraulica,T H,2,1200,40,300,8500,220,Alternativa,3,50,—,2,,,,,,,,,,,,"[""Hydraulica"", ""T H"", ""2"", ""1 200"", ""40"", ""300"", ""8 500"", ""220"", ""Alternativa"", ""3"", ""50"", ""—"", ""2""]"
table_1_all.pdf,section_i,15,29,30,tbl-82.md,tbl-84.md,21,1,right_only,São Paulo,,,,,Hydraulica,T H,2,2000,60,—,"8,000",220,Alternativa,3,50,1,—,,,,,,,,,,,,"[""Hydraulica"", ""T H"", ""2"", ""2 000"", ""60"", ""—"", ""8,000"", ""220"", ""Alternativa"", ""3"", ""50"", ""1"", ""—""]"
table_1_all.pdf,section_i,15,29,30,tbl-82.md,tbl-84.md,22,1,right_only,São Paulo,,,,,Hydraulica,T H,2,2000,60,—,"8,000",110,,,,,,,,,,,,,,,,,"[""Hydraulica"", ""T H"", ""2"", ""2 000"", ""60"", ""—"", ""8,000"", ""110"", """", """", """", """", """"]"
table_1_all.pdf,section_i,16,31,32,tbl-86.md,tbl-90.md,1,1,matched,São Paulo,Companhia Décas de Santos,Santos,Itatinga,1920,Hydraulica...,T. H.,5,20000,28,53,45000,220,Alternativa...,3,60,1,50,,,,,,,,,,,"[""Companhia Décas de Santos"", ""Santos"", ""Itatinga"", ""1920""]","[""Hydraulica..."", ""T. H."", ""5"", ""20.000"", ""28"", ""53"", ""45.000"", ""220"", ""Alternativa..."", ""3"", ""60"", ""1"", ""50""]"
table_1_all.pdf,section_i,16,31,32,tbl-86.md,tbl-90.md,2,1,matched,São Paulo,Companhia Paulista de Electricidade,São Carlos,Capão Preto,1912,Hydraulica...,T. H.,2,4890,72,368,10000,110,Alternativa...,3,60,3,85,,,,,,,,,,,"[""Companhia Paulista de Electricidade"", ""São Carlos"", ""Capão Preto"", ""1912""]","[""Hydraulica..."", ""T. H."", ""2"", ""4.890"", ""72"", ""368"", ""10.000"", ""110"", ""Alternativa..."", ""3"", ""60"", ""3"", ""85""]"
table_1_all.pdf,section_i,16,31,32,tbl-86.md,tbl-90.md,3,1,matched,São Paulo,Empresa Força e Luz de São João da Bôa Vista,São João da Bôa Vista,Monjolinho,1908,Hydraulica...,T. H.,2,800,5,-,2000,110,Alternativa...,3,50,4,20,,,,,,,,,,,"[""Empresa Força e Luz de São João da Bôa Vista"", ""São João da Bôa Vista"", ""Monjolinho"", ""1908""]","[""Hydraulica..."", ""T. H."", ""2"", ""800"", ""5"", ""-"", ""2.000"", ""110"", ""Alternativa..."", ""3"", ""50"", ""4"", ""20""]"
table_1_all.pdf,section_i,16,31,32,tbl-86.md,tbl-90.md,4,1,matched,São Paulo,Empresa Força e Luz do Barreiro,São José do Barreiro,Santa Ignêz,1914,Hydraulica...,T. H.,2,1600,1,72,8000,220,Alternativa...,3,50,1,-,,,,,,,,,,,"[""Empresa Força e Luz do Barreiro"", ""São José do Barreiro"", ""Santa Ignêz"", ""1914""]","[""Hydraulica..."", ""T. H."", ""2"", ""1.600"", ""1"", ""72"", ""8.000"", ""220"", ""Alternativa..."", ""3"", ""50"", ""1"", ""-""]"
table_1_all.pdf,section_i,16,31,32,tbl-86.md,tbl-90.md,5,1,matched,São Paulo,Companhia Força e Luz São José,São José dos Campos,—,1918,Hydraulica...,T. H.,1,15,4,4,6600,120,Alternativa...,3,50,1,-,,,,,,,,,,,"[""Companhia Força e Luz São José"", ""São José dos Campos"", ""—"", ""1918""]","[""Hydraulica..."", ""T. H."", ""1"", ""15"", ""4"", ""4"", ""6.600"", ""120"", ""Alternativa..."", ""3"", ""50"", ""1"", ""-""]"
table_1_all.pdf,section_i,16,31,32,tbl-86.md,tbl-90.md,6,1,matched,São Paulo,Empresa Electrica de Sarapuhy,Sarapuhy,—,1909,Hydraulica...,T. H.,1,200,20,-,6000,220,Alternativa...,3,50,-,-,,,,,,,,,,,"[""Empresa Electrica de Sarapuhy"", ""Sarapuhy"", ""—"", ""1909""]","[""Hydraulica..."", ""T. H."", ""1"", ""200"", ""20"", ""-"", ""6.000"", ""220"", ""Alternativa..."", ""3"", ""50"", ""-"", ""-""]"
table_1_all.pdf,section_i,16,31,32,tbl-86.md,tbl-90.md,7,1,matched,São Paulo,Municipalidade de Serra Negra,Serra Negra,Costas,1915,Thermica...,M. V.,1,6,-,-,-,220,Continua...,-,-,-,5,,,,,,,,,,,"[""Municipalidade de Serra Negra"", ""Serra Negra"", ""Costas"", ""1915""]","[""Thermica..."", ""M. V."", ""1"", ""6"", ""-"", ""-"", ""-"", ""220"", ""Continua..."", ""-"", ""-"", ""-"", ""5""]"
table_1_all.pdf,section_i,16,31,32,tbl-86.md,tbl-90.md,8,1,matched,São Paulo,Companhia Luz e Força de Tatuhy,Tietê,Jurumirim,1909,Thermica...,M. V.,1,120,14,10,2200,220,Alternativa...,3,60,-,6,,,,,,,,,,,"[""Companhia Luz e Força de Tatuhy"", ""Tietê"", ""Jurumirim"", ""1909""]","[""Thermica..."", ""M. V."", ""1"", ""120"", ""14"", ""10"", ""2.200"", ""220"", ""Alternativa..."", ""3"", ""60"", ""-"", ""6""]"
table_1_all.pdf,section_i,16,31,32,tbl-86.md,tbl-90.md,9,1,matched,São Paulo,Empresa Luz e Força de Tietê,Tietê,—,1920,Hydraulica...,T. H.,1,250,,,,,,,,,,,,,,,,,,,,"[""Empresa Luz e Força de Tietê"", ""Tietê"", ""—"", ""1920""]","[""Hydraulica..."", ""T. H."", ""1"", ""250"", """", """", """", """", """", """", """", """", """"]"
table_1_all.pdf,section_i,16,31,32,tbl-86.md,tbl-90.md,10,1,matched,São Paulo,Municipalidade de Villa Bella,Villa Bella,—,1920,Hydraulica...,T. H.,3,2040,93,57,22000,2000,Alternativa...,3,50,3,20,,,,,,,,,,,"[""Municipalidade de Villa Bella"", ""Villa Bella"", ""—"", ""1920""]","[""Hydraulica..."", ""T. H."", ""3"", ""2.040"", ""93"", ""57"", ""22.000"", ""2.000"", ""Alternativa..."", ""3"", ""50"", ""3"", ""20""]"
table_1_all.pdf,section_i,16,31,32,tbl-86.md,tbl-90.md,11,1,right_only,São Paulo,,,,,Hydraulica...,T. H.,1,200,18,-,6000,220,Alternativa...,3,50,1,-,,,,,,,,,,,,"[""Hydraulica..."", ""T. H."", ""1"", ""200"", ""18"", ""-"", ""6.000"", ""220"", ""Alternativa..."", ""3"", ""50"", ""1"", ""-""]"
table_1_all.pdf,section_i,16,31,32,tbl-86.md,tbl-90.md,12,1,right_only,São Paulo,,,,,Hydraulica...,R. A.,1,4,2,4,120,120,Alternativa...,3,50,-,2,,,,,,,,,,,,"[""Hydraulica..."", ""R. A."", ""1"", ""4"", ""2"", ""4"", ""120"", ""120"", ""Alternativa..."", ""3"", ""50"", ""-"", ""2""]"
table_1_all.pdf,section_i,16,31,32,tbl-87.md,tbl-91.md,13,1,matched,Sergipe,Governo do Estado de Sergipe,Aracajá,—,1913,Thermica...,C. I.,3,450,-,37,-,470,-,-,-,-,33,,,,,,,,,,,"[""Governo do Estado de Sergipe"", ""Aracajá"", ""—"", ""1913""]","[""Thermica..."", ""C. I."", ""3"", ""450"", ""-"", ""37"", ""-"", ""470"", ""-"", ""-"", ""-"", ""-"", ""33""]"
table_1_all.pdf,section_i,16,31,32,tbl-87.md,tbl-91.md,14,1,matched,Sergipe,Municipalidade de Capella,Capella,—,1920,Thermica...,C. I.,1,45,-,4,-,110,Continua...,-,-,-,10,,,,,,,,,,,"[""Municipalidade de Capella"", ""Capella"", ""—"", ""1920""]","[""Thermica..."", ""C. I."", ""1"", ""45"", ""-"", ""4"", ""-"", ""110"", ""Continua..."", ""-"", ""-"", ""-"", ""10""]"
table_1_all.pdf,section_i,16,31,32,tbl-87.md,tbl-91.md,15,1,matched,Sergipe,Manoel Vieira Netto,Itabaiana,—,1918,Thermica...,M. V.,1,45,-,3,-,115,Continua...,-,-,-,3,,,,,,,,,,,"[""Manoel Vieira Netto"", ""Itabaiana"", ""—"", ""1918""]","[""Thermica..."", ""M. V."", ""1"", ""45"", ""-"", ""3"", ""-"", ""115"", ""Continua..."", ""-"", ""-"", ""-"", ""3""]"
table_1_all.pdf,section_i,16,31,32,tbl-87.md,tbl-91.md,16,1,matched,Sergipe,Alberto Munck,Laranjeiras,—,1919,Thermica...,M. V.,1,24,-,4,-,220,Continua...,-,-,-,2,,,,,,,,,,,"[""Alberto Munck"", ""Laranjeiras"", ""—"", ""1919""]","[""Thermica..."", ""M. V."", ""1"", ""24"", ""-"", ""4"", ""-"", ""220"", ""Continua..."", ""-"", ""-"", ""-"", ""2""]"
table_1_all.pdf,section_i,16,31,32,tbl-87.md,tbl-91.md,17,1,matched,Sergipe,Municipalidade de Propriá,Propriá,—,1920,Thermica...,M. V.,1,40,-,-,-,220,Continua...,-,-,-,7,,,,,,,,,,,"[""Municipalidade de Propriá"", ""Propriá"", ""—"", ""1920""]","[""Thermica..."", ""M. V."", ""1"", ""40"", ""-"", ""-"", ""-"", ""220"", ""Continua..."", ""-"", ""-"", ""-"", ""7""]"
table_1_all.pdf,section_i,16,31,32,tbl-87.md,tbl-91.md,18,1,matched,Sergipe,Manoel Vasconcellos Prado,Riachuelo,Riachuelo,1919,Thermica...,C. I.,2,25,-,1,-,220,Continua...,-,-,-,4,,,,,,,,,,,"[""Manoel Vasconcellos Prado"", ""Riachuelo"", ""Riachuelo"", ""1919""]","[""Thermica..."", ""C. I."", ""2"", ""25"", ""-"", ""1"", ""-"", ""220"", ""Continua..."", ""-"", ""-"", ""-"", ""4""]"
table_1_all.pdf,section_i,16,31,32,tbl-88.md,tbl-92.md,19,1,matched,Território do Acre,Governo do Territorio do Acre,Cruseiro do Sul,Cruseiro do Sul,1904,Thermica...,M. V.,1,10,-,16,-,110,Continua...,-,-,-,4,,,,,,,,,,,"[""Governo do Territorio do Acre"", ""Cruseiro do Sul"", ""Cruseiro do Sul"", ""1904""]","[""Thermica..."", ""M. V."", ""1"", ""10"", ""-"", ""16"", ""-"", ""110"", ""Continua..."", ""-"", ""-"", ""-"", ""4""]"
table_1_all.pdf,section_i,16,31,32,tbl-88.md,tbl-92.md,20,1,matched,Território do Acre,,Rio Branco,—,1916,Thermica...,M. V.,1,150,-,7,-,220,Continua...,-,-,-,10,,,,,,,,,,,"["""", ""Rio Branco"", ""—"", ""1916""]","[""Thermica..."", ""M. V."", ""1"", ""150"", ""-"", ""7"", ""-"", ""220"", ""Continua..."", ""-"", ""-"", ""-"", ""10""]"
table_1_all.pdf,section_i,16,31,32,tbl-88.md,tbl-92.md,21,1,matched,Território do Acre,,Villa Seabra,—,1920,Thermica...,M. V.,1,15,-,2,-,110,Continua...,-,-,-,2,,,,,,,,,,,"["""", ""Villa Seabra"", ""—"", ""1920""]","[""Thermica..."", ""M. V."", ""1"", ""15"", ""-"", ""2"", ""-"", ""110"", ""Continua..."", ""-"", ""-"", ""-"", ""2""]"
table_1_all.pdf,section_i,16,31,32,tbl-88.md,tbl-92.md,22,1,matched,Território do Acre,Costa Gomes & Companhia,Xapury,—,1914,Thermica...,C. I.,1,20,-,5,-,120,Continua...,-,-,-,2,,,,,,,,,,,"[""Costa Gomes & Companhia"", ""Xapury"", ""—"", ""1914""]","[""Thermica..."", ""C. I."", ""1"", ""20"", ""-"", ""5"", ""-"", ""120"", ""Continua..."", ""-"", ""-"", ""-"", ""2""]"
