order_number,entry,establishments_1980,personnel_total_1980,personnel_linked_to_commercialization_1980,salaries_withdrawals_other_compensation_1980_mil_cruzeiros,total_revenue_1980_mil_cruzeiros,commercialization_revenue_1980_mil_cruzeiros,companies_headquartered_in_municipality_1985,establishments_1985,personnel_total_1985,personnel_linked_to_commercialization_1985,salaries_withdrawals_other_compensation_1985_mil_cruzeiros,total_revenue_1985_mil_cruzeiros,commercialization_revenue_1985_mil_cruzeiros,source_page_1980,source_page_1985,left_extraction_method,right_extraction_method,needs_review
1,BRASIL,616 051,2 899 808,1 400 683,336 374 405,7 365 875 544,7 306 849 325,,,,,,,,84,85,mistral_table,mistral_table_partial,yes
2,COMERCIO VAREJISTA,570 733,2 360 085,1 197 161,225 939 906,4 244 112 493,4 207 100 387,2 678 121,41 119,23 409,683 077 68S,16 682 308,S36,16 411 301 660,84,85,mistral_table,pdf_text_layout,no
3,"PROD. ALIMENTICIOS, BEBIDAS E FUMO",262 715,532 138,111 940,33 108 009,484 150 948,461 859 505,,,,,,,,84,85,mistral_table,mistral_table_partial,yes
4,"PROD. FARMACÊUTICOS, ODONT. E VETER",31 605,139 248,78 452,13 629 895,219 239 442,216 902 722,,,,,,,,84,85,mistral_table,mistral_table_partial,yes
5,"TECIDOS, VESTUÁRIO E ARMARINHO",107 052,439 864,246 740,37 512 955,431 527 595,430 261 066,,,,,,,,84,85,mistral_table,mistral_table_partial,yes
6,MAG. E APARELHOS ELETR. USO DOMEST,25 923,172 449,98 967,20 654 336,355 149 005,352 597 265,,,,,,,,84,85,mistral_table,mistral_table_partial,yes
7,"FERRAGENS, MAT. ELETR. E ELETRÔNICO",36 436,207 827,104 491,22 677 834,410 433 115,406 586 622,,,,,,,,84,85,mistral_table,mistral_table_partial,yes
8,"VEÍCULOS NOVOS E USADOS, PECAS",24 716,156 591,77 074,22 040 932,588 486 152,580 702 092,,,,,,,,84,85,mistral_table,mistral_table_partial,yes
9,MAG. E EQUIP. DE USO INDUSTRIAL,6 610,59 407,28 866,12 301 580,210 153 837,204 315 389,284 441,14 030,8 464,194 098 326,3 722 227,79S,3 608 348 429,84,85,mistral_table,pdf_text_layout,no
10,COMBUSTÍVEIS E LUBRIFICANTES,19 525,138 075,85 796,14 015 878,597 953 680,593 316 849,,,,,,,,84,85,mistral_table,mistral_table_partial,yes
11,"PAPELARIAS, LIVRARIAS",15 100,55 223,30 258,6 101 862,55 563 737,55 116 736,,,,,,,,84,85,mistral_table,mistral_table_partial,yes
12,MERC. EM GERAL - INC. ALIMENTÍCIOS,15 395,278 123,229 600,24 208 763,659 175 478,657 495 119,,,,,,,,84,85,mistral_table,mistral_table_partial,yes
13,MERC. EM GERAL - EXC. ALIMENTÍCIOS,3 108,60 236,44 150,7 994 169,125 266 152,124 245 663,,,,,,,,84,85,mistral_table,mistral_table_partial,yes
14,ARTIGOS DIVERSOS,30 520,112 138,57 547,10 866 074,118 913 960,115 676 364,,,,,,,,84,85,mistral_table,mistral_table_partial,yes
15,ARTIGOS USADOS,3 028,8 766,3 280,727 619,8 099 394,8 024 996,,,,,,,,84,85,mistral_table,mistral_table_partial,yes
16,COMERCIO ATACADISTA,39 099,387 621,196 356,64 412 327,3 121 763 051,3 099 748 938,,,,,,,,84,85,mistral_table,mistral_table_partial,yes
17,PRODUTOS EXTRATIVOS E AGROPECUÁRIOS,3 842,34 792,16 818,4 778 279,323 613 418,318 855 006,,,,,,,,84,85,mistral_table,pdf_text_layout_partial,yes
18,"PROD. ALIMENTÍCIOS, BEBIDAS E FUMO",17 752,143 558,72 758,19 246 146,903 344 852,898 482 387,,,,,,,,84,85,mistral_table,pdf_text_layout_partial,yes
19,"PROD. FARMACÊUTICOS, ODONT. E VETER",2 318,31 651,15 895,6 389 971,181 570 324,179 500 911,2 419,3 010,46 406,30 396 737,679 266,19 878 685 S04,19 480 S13 12S,84,85,mistral_table,pdf_text_layout,no
20,"TECIDOS, VESTUÁRIO E ARMARINHO",2 773,24 570,13 821,3 663 486,101 358 892,100 735 448,3 328,3 774,35 900,24 006 400,811 788,12 S20 900 921,12 236 425 78S,84,85,mistral_table,pdf_text_layout,no
21,MAG. E APARELHOS ELETR. USO DOMEST,16 123,31 811,9 901,318 105,405 412 396,39 289 984,476,S7S,7 593,4 321 119,200 360,4 712 316 731,4 6S3 703 163,84,85,mistral_table,pdf_text_layout,no
22,"FERRAGENS, MAT. ELETR. E ELETRÔNICO",4 009,48 669,22 348,9 730 213,247 183 111,245 140 841,3 832,4 S99,S7 954,33 775 917,174 930,22 245 S07 770,21 907 292 390,84,85,mistral_table,pdf_text_layout,no
23,"VEÍCULOS NOVOS E USADOS, PECAS",964,14 692,7 325,2 105 592,84 490 416,83 900 647,987,1 232,21 392,13 122 357,346 031,10 750 924 494,10 51S 439 467,84,85,mistral_table,pdf_text_layout,no
24,MAG. E EQUIP. DE USO INDUSTRIAL,1 053,14 381,6 245,4 420 849,79 422 721,76 426 937,1 071,1 4S3,19 776,11 070 429,702 133,7 32S 180 076,7 035 767 883,84,85,mistral_table,pdf_text_layout,no
25,COMBUSTÍVEIS E LUBRIFICANTES,875,11 276,6 741,2 192 849,920 082 217,919 182 586,,,,,,,,84,85,mistral_table,missing,yes
26,"PAPELARIAS, LIVRARIAS",1 106,12 105,6 311,2 243 546,50 461 127,50 021 570,984,1 27S,17 14S,9 930 274,427 267,6 S83 310 848,6 421 636 872,84,85,mistral_table,pdf_text_layout,no
27,MERC. EM GERAL - INC. ALIMENTÍCIOS,443,17 881,11 843,2 714 247,108 634 976,106 878 263,217,397,1 s 325,9 786 342,570 11 S,16 582 624 028,16 306 264 768,84,85,mistral_table,pdf_text_layout,no
28,MERC. EM GERAL - EXC. ALIMENTÍCIOS,180,2 601,1 287,383 461,11 608 452,11 540 154,,,,,,,,84,85,mistral_table,pdf_text_layout_partial,yes
29,ARTIGOS DIVERSOS,1 453,12 129,6 007,2 176 734,38 895 791,38 388 303,775,999,17 887,10 809 237,299 015,4· 669 911 907,4 S43 314 287,84,85,mistral_table,pdf_text_layout,no
30,ARTIGOS USADOS,1 789,13 193,6 106,1 459 636,31 683 358,31 404 901,789,883,14 185,8 314 133,S98 075,2 948 220 528,2 921 5S3 141,84,85,mistral_table,pdf_text_layout,no
31,REGIÃO SUDESTE,303 813,1 562 294,780 894,201 999 836,4 317 656 300,4 284 161 886,311 265,34S 190,1 946 717,1 137 172,19 081 992 561,417 024 S28 398,410 948 136 1SS,84,85,mistral_table,pdf_text_layout,no
32,COMÉRCIO VAREJISTA,279 367,1 243 179,663 418,127 230 204,2 380 475 063,2 359 929 546,,,,,,,,84,85,mistral_table,mistral_table_partial,yes
33,"PROD. ALIMENTÍCIOS, BEBIDAS E FUMO",107 971,234 095,80 794,15 432 394,242 480 264,242 409 872,,,,,,,,84,85,mistral_table,mistral_table_partial,yes
34,"PROD. FARMACÊUTICOS, ODONT. E VETER",107 971,234 095,80 794,15 432 394,242 480 264,242 409 872,,,,,,,,84,85,mistral_table,mistral_table_partial,yes
35,"TECIDOS, VESTUÁRIO E ARMARINHO",56 908,236 135,134 272,21 305 700,234 575 883,233 877 260,,,,,,,,84,85,mistral_table,mistral_table_partial,yes
36,MAG. E APARELHOS ELETR. USO DOMEST,14 507,90 624,51 269,11 459 938,187 918 577,186 454 637,,,,,,,,84,85,mistral_table,mistral_table_partial,yes
37,"FERRAGENS, MAT. ELETR. E ELETRÔNICO",20 712,121 547,59 784,13 485 259,244 253 162,242 204 033,,,,,,,,84,85,mistral_table,mistral_table_partial,yes
38,"VEÍCULOS NOVOS E USADOS, PECAS",13 508,86 163,41 835,12 649 061,330 488 316,326 064 222,,,,,,,,84,85,mistral_table,mistral_table_partial,yes
39,MAG. E EQUIP. DE USO INDUSTRIAL,3 133,28 736,13 847,6 738 248,105 039 279,101 665 130,,,,,,,,84,85,mistral_table,pdf_text_layout_partial,yes
40,COMBUSTÍVEIS E LUBRIFICANTES,9 727,73 944,45 740,7 837 674,338 731 874,336 247 505,,,,,,,,84,85,mistral_table,mistral_table_partial,yes
41,"PAPELARIAS, LIVRARIAS",425,35 852,19 562,4 213 977,36 294 315,36 031 261,,,,,,,,84,85,mistral_table,pdf_text_layout_partial,yes
42,MERC. EM GERAL - INC. ALIMENTÍCIOS,6 564,152 178,125 370,13 831 802,383 668 530,382 969 086,,,,,,,,84,85,mistral_table,mistral_table_partial,yes
43,MERC. EM GERAL - EXC. ALIMENTÍCIOS,1 514,36 223,27 321,6 318 464,78 685 020,77 851 436,,,,,,,,84,85,mistral_table,pdf_text_layout_partial,yes
44,ARTIGOS DIVERSOS,18 049,67 528,34 369,6 898 051,76 458 229,74 233 845,,,,,,,,84,85,mistral_table,mistral_table_partial,yes
45,ARTIGOS USADOS,1 935,5 673,2 043,485 573,5 877 584,5 833 484,,,,,,,,84,85,mistral_table,mistral_table_partial,yes
46,COMÉRCIO ATACADISTA,21 281,227 137,113 275,41 994 676,1 937 181 237,1 924 232 340,,,,,,,,84,85,mistral_table,mistral_table_partial,yes
47,PRODUTOS EXTRATIVOS E AGROPECUÁRIOS,747,6 009,2 607,846 366,64 776 993,63 895 641,,,,,,,,84,85,mistral_table,pdf_text_layout_partial,yes
48,"PROD. ALIMENTÍCIOS, BEBIDAS E FUMO",8 811,76 680,50 648,11 920 485,608 986 250,606 164 755,,,,,,,,84,85,mistral_table,pdf_text_layout_partial,yes
49,"PROD. FARMACÊUTICOS, ODONT. E VETER",1 276,18 412,9 133,1 134 656,124 616 027,123 170 722,,,,,,,,84,85,mistral_table,mistral_table_partial,yes
50,"TECIDOS, VESTUÁRIO E ARMARINHO",1 932,17 200,5 619,12 695 595,75 112 624,74 607 599,,,,,,,,84,85,mistral_table,pdf_text_layout_partial,yes
51,MAG. E APARELHOS ELETR. USO DOMEST,346,4 108,1 676,642 830,32 349 505,32 258 663,,,,,,,,84,85,mistral_table,missing,yes
52,"FERRAGENS, MAT. ELETR. E ELETRÔNICO",2 847,35 213,16 024,7 391 696,190 261 582,186 900 600,,,,,,,,84,85,mistral_table,missing,yes
53,"VEÍCULOS NOVOS E USADOS, PECAS",638,9 821,4 958,3 215 069,61 976 608,61 564 875,,,,,,,,84,85,mistral_table,missing,yes
54,MAG. E EQUIP. DE USO INDUSTRIAL,738,10 600,4 545,3 501 720,59 963 094,57 305 659,,,,,,,,84,85,mistral_table,pdf_text_layout_partial,yes
55,COMBUSTÍVEIS E LUBRIFICANTES,416,6 913,3 726,2 042 100,549 111 879,548 388 146,,,,,,,,84,85,mistral_table,mistral_table_partial,yes
56,"PAPELARIAS, LIVRARIAS",787,8 753,4 484,1 668 549,39 264 124,38 962 309,,,,,,,,84,85,mistral_table,missing,yes
57,MERC. EM GERAL - INC. ALIMENTÍCIOS,165,9 655,6 667,1 628 714,65 276 906,64 150 131,,,,,,,,84,85,mistral_table,pdf_text_layout_partial,yes
58,MERC. EM GERAL - EXC. ALIMENTÍCIOS,94,1 145,611,172 345,7 350 348,7 342 821,,,,,,,,84,85,mistral_table,pdf_text_layout_partial,yes
59,ARTIGOS DIVERSOS,1 054,9 588,4 738,11 784 960,31 409 177,31 017 358,,,,,,,,84,85,mistral_table,missing,yes
60,ARTIGOS USADOS,1 428,11 040,4 839,1 249 591,26 726 120,26 495 061,,,,,,,,84,85,mistral_table,pdf_text_layout_partial,yes
61,MINAS GERAIS,77 481,292 521,133 450,26 600 737,622 056 984,618 195 927,79 182,87 397,360 26S,196 472,2 610 436 631,65 668 044 641,6S D20 309 706,84,85,mistral_table,pdf_text_layout,no
62,COMÉRCIO VAREJISTA,73 311,252 597,117 282,20 221 732,395 337 328,392 358 165,,,,,,,,84,85,mistral_table,mistral_table_partial,yes
63,"PROD. ALIMENTÍCIOS, BEBIDAS E FUMO",35 464,69 528,15 295,3 550 530,58 039 892,57 890 870,,,,,,,,84,85,mistral_table,mistral_table_partial,yes
64,"PROD. FARMACÊUTICOS, ODONT. E VETER",3 873,16 087,9 023,1 506 531,25 627 339,25 487 322,4 638,5 197,21 S80,12 448,164 S91 881,2 238 921 114,2 223 70S 48S,84,85,mistral_table,pdf_text_layout,no
65,"TECIDOS, VESTUÁRIO E ARMARINHO",14 623,49 264,24 972,3 425 931,40 493 504,40 403 408,,,,,,,,84,85,mistral_table,mistral_table_partial,yes
66,MAG. E APARELHOS ELETR. USO DOMEST,3 105,16 259,8 092,1 597 270,28 000 515,27 838 465,2 499,3 489,18 620,12 2S3,144 S40 379,2 493 007 606,2 47S 760 4S1,84,85,mistral_table,pdf_text_layout,no
67,"FERRAGENS, MAT. ELETR. E ELETRÔNICO",4 334,22 459,11 026,1 325 860,41 624 087,41 315 925,,,,,,,,84,85,mistral_table,mistral_table_partial,yes
68,"VEÍCULOS NOVOS E USADOS, PECAS",2 818,17 291,8 514,2 176 570,57 576 248,56 736 844,3 966,4 407,29 961,17 275,280 83S 204,7 074 784 970,6 872 401 932,84,85,mistral_table,pdf_text_layout,no
69,MAG. E EQUIP. DE USO INDUSTRIAL,627,5 591,2 644,985 636,16 969 924,16 640 087,838,993,7 6S5,4 36S,92 72S 911,2 147 885 094,2 079 3SO 439,84,85,mistral_table,pdf_text_layout,no
70,COMBUSTÍVEIS E LUBRIFICANTES,2 225,15 898,6 711,1 377 469,51 626 730,61 051 061,,,,,,,,84,85,mistral_table,mistral_table_partial,yes
71,"PAPELARIAS, LIVRARIAS",1 387,5 756,3 219,556 006,5 048 294,4 989 936,1 383,1 S38,6 023,3 493,37 6S1 118,390 028 188,381 S11 346,84,85,mistral_table,pdf_text_layout,no
72,MERC. EM GERAL - INC. ALIMENTÍCIOS,1 341,18 886,15 148,510 617,43 345 360,43 244 637,,,,,,,,84,85,mistral_table,mistral_table_partial,yes
73,MERC. EM GERAL - EXC. ALIMENTÍCIOS,262,4 682,3 268,518 255,7 893 734,7 878 275,117 174,3 613,3 060,2S S96 647,S10 238,342,506 904 964,84,85,mistral_table,pdf_text_layout,no
74,ARTIGOS DIVERSOS,2 977,10 053,5 064,817 275,8 173 368,7 971 213,,,,,,,,84,85,mistral_table,mistral_table_partial,yes
75,ARTIGOS USADOS,275,843,306,65 782,918 333,910 937,S22,S36,1 416,611,6 872 S22,76 839 742,76 06S 872,84,85,mistral_table,pdf_text_layout,no
76,COMERCIO ATACADISTA,3 588,30 745,15 860,4 375 452,226 719 656,225 837 762,3 341,4 057,39 503,26 164,453 172 229,25 446 375 021,25 327 688 795,86,87,mistral_table,pdf_text_layout,no
77,PRODUTOS EXTRATIVOS E AGROPECUARIOS,181,819,348,90 402,4 145 825,4 123 073,376,398,2 273,1 456,17 235 710,623 042 814,612 964 719,86,87,mistral_table,pdf_text_layout,no
78,"PROD. ALIMENTICIOS, BEBIDAS E FUMO",1 990,14 249,6 886,1 548 093,70 915 303,70 569 086,1 676,2 010,17 335,11 629,154 137 205,795 444 238,9 755 658 316,86,87,mistral_table,pdf_text_layout,no
79,"PROD. FARMACÊUTICOS, ODONT. E VETER",210,2 468,1 222,456 890,9 576 258,9 443 881,221,261,3 728,2 541,51 264 566,422 126 931,1 415 159 778,86,87,mistral_table,pdf_text_layout,no
80,"TECIDOS, VESTUÁRIO E ARMARINHO",209,2 093,1 293,333 573,9 384 337,9 338 722,276,326,3 011,2 005,28 761 795,015 583 340,1 010 488 146,86,87,mistral_table,pdf_text_layout,no
81,MAG. E APARELHOS ELETR. USO DOMEST,31,251,124,36 067,656 311,646 906,21,31,346,185,4 127 438,59 117 832,56 820 397,86,87,mistral_table,pdf_text_layout,no
82,"FERRAGENS, MAT. ELETR. E ELETRÔNICO",341,3 580,1 866,640 809,18 749 490,18 645 725,254,339,3 883,2 231,54 078 003,1 906 411 075,t 888 147 142,86,87,mistral_table,pdf_text_layout,no
83,"VEÍCULOS NOVOS E USADOS, PECAS",71,940,584,159 708,4 896 813,4 856 373,54,81,966,620,14 748 552,426 489 797,419 979 394,86,87,mistral_table,pdf_text_layout,no
84,MAG. E EQUIP. DE USO INDUSTRIAL,62,911,532,256 286,5 696 546,5 656 349,47,66,674,430,17 516 942,291 745 188,280 339 806,86,87,mistral_table,pdf_text_layout,no
85,COMBUSTÍVEIS E LUBRIFICANTES,89,988,536,187 189,77 583 434,77 522 261,44,102,t 155,928,23 070 374,7 010 408 481,7 000 048 355,86,87,mistral_table,pdf_text_layout,no
86,"PAPELARIAS, LIVRARIAS",79,744,382,147 305,2 737 975,2 728 183,64,84,858,524,12 571 799,264 089 344,261 004 240,86,87,mistral_table,pdf_text_layout,no
87,MERC. EM GERAL - INC. ALIMENTÍCIOS,37,1 576,1 006,252 999,13 192 188,13 141 370,16,29,2 454,1 912,53 801 127,2 092 777 971,2 092 575 291,86,87,mistral_table,pdf_text_layout,no
88,MERC. EM GERAL - EXC. ALIMENTÍCIOS,31,487,257,84 381,5 507 182,5 503 452,13,21,611,372,s 506 652,190 957 666,190 449 559,86,87,mistral_table,pdf_text_layout,no
89,ARTIGOS DIVERSOS,104,683,392,99 781,1 968 118,1 957 273,121 135,147 716,9,175 612,177 450,068 174,760 612,86,87,mistral_table,pdf_text_tokens,no
90,ARTIGOS USADOS,153,956,431,81 969,1 709 876,1 703 108,158 174,062 615,7,176 454,170 730,276 169,293 040,86,87,mistral_table,pdf_text_tokens,no
91,REGIÃO METROPOLITANA,13 905,90 028,51 503,11 553 961,250 111 167,248 446 915,13 943,16 592,109 559,69 272,1 061 291 417,24 542 539 451,24 304 967 aso,86,87,mistral_table,pdf_text_layout,no
92,COMÉRCIO VARGÍSTA,12 642,72 083,43 805,7 888 550,128 441 885,127 247 036,12 902,15 118,88 493,57 679,749 574 133,12 902 996 656,12 734 265 654,86,87,mistral_table,pdf_text_layout,no
93,"PROD. ALIMENTÍCIOS, BEBIDAS E FUMO",4 351,11 104,4 879,791 452,13 202 792,13 170 322,4 167,4 772,14 555,7364,81 082 829,1 146 696 267,1 138 560 155,86,87,mistral_table,pdf_text_layout,no
94,"PROD. FARMACÊUTICOS, ODONT. E VETER",689,4 369,2 879,572 482,5 290 938,5 259 842,895,1 031,6 430,3985,62 043 541,439 575 836,432 877 835,86,87,mistral_table,pdf_text_layout,no
95,"TECIDOS, VESTUÁRIO E ARMARINHO",2 645,14 777,9 892,1 347 457,13 811 353,13 768 070,2 822,3 260,18 644,1'3170,135 883 770,t 476 162 475,1 469 690 240,86,87,mistral_table,pdf_text_layout,no
96,MAG. E APARELHOS ELETR. USO DOMEST,766,4 763,2 971,607 112,8 671 029,8 590 091,570,800,5 108,3378,49 452 819,812 920 709,802 559 119,86,87,mistral_table,pdf_text_layout,no
97,"FERRAGENS, MAT. ELETR. E ELETRÔNICO",1 308,8 025,4 027,975 053,16 291 368,16 150 820,1 346,1 519,9 042,5617,78 049 901,1 290 783 972,1 275 295 087,86,87,mistral_table,pdf_text_layout,no
98,"VEÍCULOS NOVOS E USADOS, PECAS",595,5 071,2 742,826 903,18 146 868,17 842 192,,,,,,,,86,87,mistral_table,mistral_table_partial,yes
99,MAG. E EQUIP. DE USO INDUSTRIAL,195,2 376,1 052,565 964,7 948 356,7 751 185,,,,,,,,86,87,mistral_table,mistral_table_partial,yes
100,COMBUSTÍVEIS E LUBRIFICANTES,350,3 935,1 2 685,415 652,15 352 699,15 196 057,,,,,,,,86,87,mistral_table,missing,yes
101,"PAPELARIAS, LIVRARIAS",432,2 882,745,377 620,2 881 717,2 845 515,433,490,2 501,1 613,19 170 447,195 267 104,192 650 205,86,87,mistral_table,pdf_text_layout,no
102,MERC. EM GERAL - INC. ALIMENTÍCIOS,235,7 044,6 309,657 065,16 189 528,16 159 412,88,232,7 254,6 044,58 885 482,1 722 099 320,1 719 773 042,86,87,mistral_table,pdf_text_layout,no
103,MERC. EM GERAL - EXC. ALIMENTÍCIOS,89,2 910,1 986,341 738,5 366 803,5 355 557,18,40,2 331,2 051,17 387 274,339 136 180,336 370 456,86,87,mistral_table,pdf_text_layout,no
104,ARTIGOS DIVERSOS,900,4 373,2 573,468 504,4 581 660,4 454 347,993,1 171,5 530,3 412,40 247 315,418 428 762,401 922 952,86,87,mistral_table,pdf_text_layout,no
105,ARTIGOS USADOS,115,434,185,41 348,706 776,703 626,195,200,603,284,3 447 476,47 506 697,47 086 615,86,87,mistral_table,pdf_text_layout,no
106,COMÉRCIO ATACADISTA,1 080,13 283,7 468,2 447 693,121 669 278,121 199 879,1 041,1 315,17 007,11 412,226 733 194,11 635 400 484,11 570 701 396,86,87,mistral_table,pdf_text_layout,no
107,PRODUTOS EXTRATIVOS E AGROPECUARIOS,18,105,30,22 380,523 955,516 929,49,51,386,281,3 765 725,77 215 052,77 146 787,86,87,mistral_table,pdf_text_layout,no
108,"PROD. ALIMENTÍCIOS, BEBIDAS E FUMO",423,4 394,1 2 398,639 331,23 562 550,23 415 731,345,417,5 255,3 822,55 136 811,2 214 167 425,2 201 332 973,86,87,mistral_table,pdf_text_layout,no
109,"PROD. FARMACÊUTICOS, ODONT. E VETER",91,1 507,782,306 915,5 259 620,5 142 553,91,110,2 206,t 595,33 362 294,742 601 320,739 710 45.7,86,87,mistral_table,pdf_text_layout,no
110,"TECIDOS, VESTUÁRIO E ARMARINHO",88,1 038,553,150 014,4 054 936,4 044 826,135,1 59,t 582,1 130,14 647 904,554 098 696,550 834 732,86,87,mistral_table,pdf_text_layout,no
111,MAG. E APARELHOS ELETR. USO DOMEST,35,711,59,23 760,41 701,4 701,12,19,241,106,3 308 181,44 001 536,42 338 399,86,87,mistral_table,pdf_text_layout,no
112,"FERRAGENS, MAT. ELETR. E ELETRÔNICO",174,2 291,1 209,501 638,13 384 185,13 318 953,143,201,2 669,1 444,43 760 977,1 538 049 643,1 524 360 301,86,87,mistral_table,pdf_text_layout,no
113,"VEÍCULOS NOVOS E USADOS, PECAS",42,723,452,133 029,3 894 059,3 870 227,32,51,703,423,12 421 603,354 074 519,348 801 413,86,87,mistral_table,pdf_text_layout,no
114,MAG. E EQUIP. DE USO INDUSTRIAL,35,711,403,213 026,4 308 666,4 275 184,39,50,548,334,14 057 087,243 863 599,233 096 321,86,87,mistral_table,pdf_text_layout,no
115,COMBUSTÍVEIS E LUBRIFICANTES,22,385,347,86 417,54 567 957,54 524 463,,,,,,,,86,87,mistral_table,mistral_table_partial,yes
116,"PAPELARIAS, LIVRARIAS",50,593,301,135 996,2 526 493,2 517 769,,,,,,,,86,87,mistral_table,mistral_table_partial,yes
117,MERC. EM GERAL - INC. ALIMENTÍCIOS,6,347,335,63 303,2 457 473,2 457 294,t,4,303,252,5 704 815,305 593 845,309 539 204,86,87,mistral_table,pdf_text_layout,no
118,MERC. EM GERAL - EXC. ALIMENTÍCIOS,9,216,90,53 913,4 347 963,4 344 715,5,12,434,231,4 194 093,1 58 257 473,157 749 366,86,87,mistral_table,pdf_text_layout,no
119,ARTIGOS DIVERSOS,50,368,211,66 480,1 276 113,1 267 978,68,75,788,481,6 323 164,123 15 t 11 t,120 590 817,86,87,mistral_table,pdf_text_layout,no
120,ARTIGOS USADOS,62,480,196,51 491,1 111 510,1 109 550,64,74,550,348,4 127 940,105 109 158,104 796 586,86,87,mistral_table,pdf_text_layout,no
121,BELO HORIZONTE,10 914,76 566,44 795,10 113 388,164 610 370,163 344 170,10 291,12 411,89 138,57 785,868 660 285,14 998 844 448,14 802 116 568,86,87,mistral_table,pdf_text_layout,no
122,COMÉRCIO VARGÍSTA,9 923,61 497,38 853,6 924 313,108 947 992,107 929 141,,,,,,,,86,87,mistral_table,mistral_table_partial,yes
123,"PROD. ALIMENTÍCIOS, BEBIDAS E FUMO",3 191,8 306,3 865,600 725,9 882 494,9 855 381,2 863,3 303,10 781,5 756,61 862 095,876 863 567 870,472 280,86,87,mistral_table,pdf_text_layout,no
124,"PROD. FARMACÊUTICOS, ODONT. E VETER",562,3 923,2 659,436 113,4 665 351,4 634 883,673,796,5 627,3 559,56 469 053,391 042 977 384,379 085,86,87,mistral_table,pdf_text_layout,no
125,"TECIDOS, VESTUÁRIO E ARMARINHO",2 107,13 536,5 475,1 274 277,13 093 086,13 050 479,,,,,,,,86,87,mistral_table,mistral_table_partial,yes
126,MAG. E APARELHOS ELETR. USO DOMEST,627,4 290,2 690,567 539,7 892 412,7 811 504,452,634,4 483,2 991,45 283 274,748 444 285 738,201 151,86,87,mistral_table,pdf_text_layout,no
127,"FERRAGENS, MAT. ELETR. E ELETRÔNICO",985,6 645,3 411,841 573,13 958 918,13 832 799,937,1 084,7 331,4 719,66 885 909,123 935 029 109,508 885,86,87,mistral_table,pdf_text_layout,no
128,"VEÍCULOS NOVOS E USADOS, PECAS",485,4 152,2 281,673 881,14 714 961,14 443 012,633,748,7 166,4 290,86 604 658,865 751 551 827,206 393,86,87,mistral_table,pdf_text_layout,no
129,MAG. E EQUIP. DE USO INDUSTRIAL,189,2 192,949,525 864,7 316 003,7 142 841,245,277,3 031,1 702,50 123 948,137 063 626 094,692 235,86,87,mistral_table,pdf_text_layout,no
130,COMBUSTÍVEIS E LUBRIFICANTES,252,2 475,1 773,234 549,10 451 017,10 373 199,225,250,2 614,2 078,21 031 258,786 441 119 782,691 541,86,87,mistral_table,pdf_text_layout,no
131,"PAPELARIAS, LIVRARIAS",388,2 781,1 714,371 471,2 828 855,2 792 811,368,422,2 305,1 519,18 236 739,182 095 493 179,512 735,86,87,mistral_table,pdf_text_layout,no
132,MERC. EM GERAL - INC. ALIMENTÍCIOS,170,5 993,5 417,585 260,13 786 367,13 775 534,53 160,5 371,5 035,40 266 340,1 289 820 024,1 288,128 791,86,87,mistral_table,pdf_text_layout,no
133,MERC. EM GERAL - EXC. ALIMENTÍCIOS,43,2 671,1 965,323 968,5 328 034,5 316 845,15,31,2 311,2 037,17 291 838,338 425 960 335,660 236,86,87,mistral_table,pdf_text_layout,no
134,ARTIGOS DIVERSOS,827,4 219,2 523,458 311,4 484 970,4 359 501,839,1 005,5 125,3 240,38 431 452,405 592 810 389,243 984,86,87,mistral_table,pdf_text_layout,no
135,ARTIGOS USADOS,97,314,131,30 782,543 504,540 352,148,152,440 192,2 716 204,33 975 472,33,646 696,86,87,mistral_table,pdf_text_layout,no
136,COMÉRCIO ATACADISTA,819,10 581,5 720,2 015 298,55 662 379,55 415 029,730,913,12 492 258,165 477 940,4 445,661 271,4 403 023 105,86,87,mistral_table,pdf_text_layout,no
137,PRODUTOS EXTRATIVOS E AGROPECUARIOS,34,105,30,22 380,523 955,516 929,21,21,238 189,1 876 139,42,546 007,42 546 007,86,87,mistral_table,pdf_text_layout,no
138,"PROD. ALIMENTÍCIOS, BEBIDAS E FUMO",240,2 981,1 601,449 205,17 569 770,17 525 460,145 178,2 935,2 142,33 918,460 953,141 071,949 744 970,86,87,mistral_table,pdf_text_layout,no
139,"PROD. FARMACÊUTICOS, ODONT. E VETER",81,1 560,755,289 767,4 872 510,4 810 497,,,,,,,,86,87,mistral_table,mistral_table_partial,yes
140,"TECIDOS, VESTUÁRIO E ARMARINHO",82,994,522,146 686,4 013 815,4 003 708,129 151,1 552,1 114,14 377,705 543,457 288,540 198 052,86,87,mistral_table,pdf_text_layout,no
141,MAG. E APARELHOS ELETR. USO DOMEST,10,125,59,23 760,393 798,391 707,12,19,241 106,3 308 181,44,001 536,42 338 399,86,87,mistral_table,pdf_text_layout,no
142,"FERRAGENS, MAT. ELETR. E ELETRÔNICO",152,2 038,1 076,443 663,10 490 491,10 440 198,112,156,1 920 037,29 837,528 032,990 629,1 023 634 555,86,87,mistral_table,pdf_text_layout,no
143,"VEÍCULOS NOVOS E USADOS, PECAS",40,694,429,128 977,3 777 290,3 753 458,32,49,659 413,10 436,377 322,521 401,317 248 295,86,87,mistral_table,pdf_text_layout,no
144,MAG. E EQUIP. DE USO INDUSTRIAL,35,711,403,213 026,4 308 566,4 275 184,36,47,528 324,14 013,172 242,485 612,231 723 806,86,87,mistral_table,pdf_text_layout,no
145,COMBUSTÍVEIS E LUBRIFICANTES,11,72,42,14 691,838 170,836 854,8,9,(F),(F),(X),CE),(EI,86,87,mistral_table,pdf_text_layout,no
146,"PAPELARIAS, LIVRARIAS",49,592,301,135 948,2 525 895,2 517 169,43,60,745,457,11 822 753,240 025 029,237 082 477,86,87,mistral_table,pdf_text_layout,no
147,MERC. EM GERAL - INC. ALIMENTÍCIOS,4,16,4,1 885,46 006,46 000,1,1,CCl,CB),(X),(8),(8),86,87,mistral_table,pdf_text_layout,no
148,MERC. EM GERAL - EXC. ALIMENTÍCIOS,11,216,88,53 499,4 344 044,4 340 786,5,11,412,229,4 141 531,157 224 544,156. ~16 437,86,87,mistral_table,pdf_text_layout,no
149,ARTIGOS DIVERSOS,44,338,182,63 936,1 236 314,1 234 420,63,70,759,468,6 118 285,117 725 107,115 164 813,86,87,mistral_table,pdf_text_layout,no
150,ARTIGOS USADOS,45,296,118,27 876,721 690,720 649,46,53,336,228,2 816 535,74 967 363,74 944 630,86,87,mistral_table,pdf_text_layout,no
151,CARATINGA,593,1 814,768,112 994,2 873 730,2 860 553,645,688,2 301 160,11,350 315,300 084 741,297 841 332,86,87,mistral_table,pdf_text_layout,no
152,COMÉRCIO VARGÍSTA,550,1 551,661,91 480,2 105 911,2 093 059,610 648,2 072,1 008,9 986 490,221 68S,974 219,495 389,86,87,mistral_table,pdf_text_layout,no
153,"PROD. ALIMENTÍCIOS, BEBIDAS E FUMO",290,481,66,17 667,277 815,277 067,311,320,596 103,2 0!18 225,38 861 929,38,849 629,86,87,mistral_table,pdf_text_layout,no
154,"VEÍCULOS NOVOS E USADOS, PECAS",27,111,61,6 485,291 217,290 370,,,,,,,,86,87,mistral_table,pdf_text_layout_partial,yes
155,COMBUSTÍVEIS E LUBRIFICANTES,12,107,73,8 552,364 305,359 754,14,14,131 101,636 488,36 694 634,36 591,3.01,86,87,mistral_table,pdf_text_layout,no
156,DEMAIS GÉNEROS,221,852,471,58 476,1 172 699,1 165 868,241,267,1 106 683,s 595 585,91 078 900,90,639 785,86,87,mistral_table,pdf_text_layout,no
157,COMERCIO ATACADISTA,39,230,107,15 697,767 819,767 494,35,40,229,152,1 363 825,78 395 767,78 345 943,88,89,mistral_table,mistral_table,no
158,CONTAGEM,1 250,7 737,4 001,976 718,26 748 189,26 419 448,1 620,1 896,12 383,7 180,134 111 193,3 938 688 499,3 910 564 457,88,89,mistral_table,mistral_table,no
159,COMERCIO VAREJISTA,1 023,5 245,2 504,574 216,10 674 021,10 530 609,1 343,1 537,7 887,4 388,73 042 766,1 391 485 541,1 379 601 064,88,89,mistral_table,mistral_table,no
160,"VEICULOS NOVOS E USADOS, PECAS",71,664,327,127 757,2 985 118,2 956 881,119,143,1 127,850,15 106 990,469 874 059,463 574 601,88,89,mistral_table,mistral_table,no
161,COMBUSTIVEIS E LUBRIFICANTES,27,869,384,127 436,2 317 975,2 257 802,14,23,1 064,798,15 884 458,242 294 374,241 613 550,88,89,mistral_table,mistral_table,no
162,MERC. EM GERAL - INC. ALIMENTICIOS,31,733,628,48 817,1 248 359,1 229 098,13,30,1 321,511,14 521 197,306 961 405,306 629 777,88,89,mistral_table,mistral_table,no
163,DEMAIS-GENEROS,894,2 979,1 165,270 206,4 122 569,4 086 828,1 197,1 341,4 375,2 229,27 530 121,372 355 703,367 783 136,88,89,mistral_table,mistral_table,no
164,COMERCIO ATACADISTA,220,2 329,1 489,362 126,16 074 168,15 888 839,277,342,3 948,2 743,49 202 763,2 544 884 764,2 530 963 393,88,89,mistral_table,mistral_table,no
165,DIVINOPOLIS,972,3 955,2 071,307 125,7 596 446,7 545 107,948,1 055,4 828,2 778,31 665 501,779 423 852,775 085 762,88,89,mistral_table,mistral_table,no
166,COMERCIO VAREJISTA,903,3 374,1 779,247 796,5 784 985,5 734 521,884,985,4 201,2 394,26 385 377,564 754 028,561 377 378,88,89,mistral_table,mistral_table,no
167,"FERNAGENS, MAT. ELETR. E ELECTRONICO",79,367,200,27 869,768 379,763 715,80,84,449,244,2 782 210,70 290 183,70 153 653,88,89,mistral_table,mistral_table,no
168,"VEICULOS NOVOS E USADOS, PECAS",38,425,262,48 425,1 383 082,1 361 406,53,58,554,266,6 209 444,145 036 230,144 010 431,88,89,mistral_table,mistral_table,no
169,COMBUSTIVEIS E LUBRIFICANTES,23,189,126,15 886,670 980,667 912,24,27,206,156,1 461 041,69 740 086,66 024 408,88,89,mistral_table,mistral_table,no
170,DEMAIS-GENEROS,763,2 393,1 191,155 616,2 962 544,2 941 788,727,816,2 992,1 728,15 932 682,282 687 529,281 188 886,88,89,mistral_table,mistral_table,no
171,COMERCIO ATACADISTA,65,661,292,55 452,1 811 461,1 810 586,64,69,599,384,4 798 007,214 667 853,213 708 384,88,89,mistral_table,mistral_table,no
172,GOVERNADOR VALADARES,1 252,6 163,3 185,555 827,15 174 051,15 098 322,1 270,1 434,7 626,5 026,52 968 545,1 562 884 127,1 553 508 353,88,89,mistral_table,mistral_table,no
173,COMERCIO VAREJISTA,1 142,5 195,2 710,434 361,7 903 575,7 839 828,1 185,1 323,6 657,4 412,42 785 011,948 172 546,940 131 693,88,89,mistral_table,mistral_table,no
174,"VEICULOS NOVOS E USADOS, PECAS",81,606,270,83 952,1 749 308,1 709 742,108,121,785,531,6 821 905,217 867 329,213 861 745,88,89,mistral_table,mistral_table,no
175,COMBUSTIVEIS E LUBRIFICANTES,39,347,218,33 767,927 232,917 967,42,47,566,475,4 296 444,200 466 862,199 465 781,88,89,mistral_table,mistral_table,no
176,MERC. EM GERAL - INC. ALIMENTICIOS,22,383,337,38 653,854 133,854 122,11,25,444,412,2 621 363,102 363 157,102 361 254,88,89,mistral_table,mistral_table,no
177,DEMAIS-GENEROS,1 000,3 857,1 885,277 989,4 372 902,4 357 997,1 024,1 130,4 862,2 994,29 045 299,427 475 198,424 442 913,88,89,mistral_table,mistral_table,no
178,COMERCIO ATACADISTA,103,894,474,106 108,7 270 476,7 258 494,85,105,830,614,8 307 965,614 711 581,613 376 660,88,89,mistral_table,mistral_table,no
179,IPATINGA,798,3 151,1 737,248 833,5 212 620,5 175 462,729,845,4 058,2 686,23 608 233,519 346 343,513 231 222,88,89,mistral_table,mistral_table,no
180,COMERCIO VAREJISTA,775,2 961,1 667,230 058,4 813 345,4 777 077,702,812,3 773,2 509,20 649 186,426 364 078,421 345 271,88,89,mistral_table,mistral_table,no
181,"PROD. ALIMENTICIOS, BEBIDAS E FUMO",281,568,147,30 525,527 934,527 120,218,234,735,353,3 707 721,74 082 604,73 841 890,88,89,mistral_table,mistral_table,no
182,"FERNAGENS, MAT. ELETR. E ELECTRONICO",61,338,197,33 569,785 770,776 412,59,71,484,338,2 846 783,62 180 035,61 142 173,88,89,mistral_table,mistral_table,no
183,COMBUSTIVEIS E LUBRIFICANTES,16,157,100,15 234,909 871,909 436,8,12,160,145,1 111 734,58 436 170,58 085 427,88,89,mistral_table,mistral_table,no
184,DEMAIS-GENEROS,417,1 898,1 223,150 730,2 589 770,2 564 109,417,495,2 394,1 673,12 982 948,231 665 269,228 275 781,88,89,mistral_table,mistral_table,no
185,COMERCIO ATACADISTA,20,150,70,12 487,399 275,398 385,27,31,243,177,2 437 871,92 982 265,91 885 951,88,89,mistral_table,mistral_table,no
186,JUIZ DE FORA,2 395,12 189,6 662,1 183 447,23 840 743,23 607 388,2 376,2 707,14 380,8 974,113 112 374,1 921 881 599,1 899 001 532,88,89,mistral_table,mistral_table,no
187,COMERCIO VAREJISTA,2 217,10 366,5 953,944 588,16 628 602,16 469 282,2 251,2 540,12 680,7 947,93 509 837,1 492 214 380,1 472 611 268,88,89,mistral_table,mistral_table,no
188,"TECIDOS, VESTUARIO E ARMARINHO",397,2 193,1 512,190 985,2 126 292,2 116 598,435,505,2 963,2 103,18 309 441,202 164 765,201 926 176,88,89,mistral_table,mistral_table,no
189,"VEICULOS NOVOS E USADOS, PECAS",95,662,338,104 058,3 101 267,3 049 608,105,115,978,576,9 497 079,276 034 456,266 310 558,88,89,mistral_table,mistral_table,no
190,MERC. EM GERAL - INC. ALIMENTICIOS,24,810,706,61 550,2 261 776,2 254 946,16,34,1 222,999,12 342 267,241 184 960,240 946 480,88,89,mistral_table,mistral_table,no
191,DEMAIS-GENEROS,1 701,6 701,3 397,587 995,9 139 267,9 048 130,1 695,1 886,7 517,4 269,53 361 050,772 830 199,763 428 044,88,89,mistral_table,mistral_table,no
192,COMERCIO ATACADISTA,166,1 618,709,204 403,7 212 141,7 138 106,125,157,1 559,1 008,17 453 000,429 196 670,426 390 264,88,89,mistral_table,mistral_table,no
193,MONTES ELAROS,1 165,4 807,2 631,430 476,11 486 786,11 449 302,1 371,1 488,6 684,3 807,40 609 972,1 207 840 050,1 194 064 037,88,89,mistral_table,mistral_table,no
194,COMERCIO VAREJISTA,1 087,4 287,2 349,351 600,7 585 108,7 554 065,1 322,1 414,6 081,3 503,34 832 771,818 501 458,808 156 803,88,89,mistral_table,mistral_table,no
195,"PROD. ALIMENTICIOS, BEBIDAS E FUMO",458,787,154,49 282,1 229 298,1 222 709,603,622,1 361,424,4 697 534,98 176 395,97 319 700,88,89,mistral_table,mistral_table,no
196,"VEICULOS NOVOS E USADOS, PECAS",56,428,222,56 588,1 494 839,1 492 345,72,77,796,497,7 183 084,193 217 276,189 233 386,88,89,mistral_table,mistral_table,no
197,MAG. E EQUIP. DE USO INDUSTRIAL,21,252,139,29 234,565 863,553 783,21,28,227,122,2 482 459,95 711 528,93 545 065,88,89,mistral_table,mistral_table,no
198,DEMAIS-GENEROS,552,2 820,1 834,216 496,4 295 108,4 285 228,626,687,3 697,2 460,20 469 694,431 396 259,428 058 642,88,89,mistral_table,mistral_table,no
199,COMERCIO ATACADISTA,61,424,282,58 654,3 901 678,3 895 237,49,60,444,304,3 930 741,389 338 592,385 907 234,88,89,mistral_table,mistral_table,no
200,POÇOS DE CALDAS,751,3 263,1 716,300 620,8 458 406,8 397 753,754,839,4 123,2 565,30 861 470,904 932 096,900 339 806,88,89,mistral_table,mistral_table,no
201,COMERCIO VAREJISTA,710,2 809,1 555,228 520,4 527 947,4 469 113,730,809,3 679,2 293,24 978 794,496 124 088,491 586 184,88,89,mistral_table,mistral_table,no
202,"PROD. FARMACÊUTICOS, ODONT. E VETER",23,191,145,16 855,211 277,210 628,34,41,264,179,2 679 841,83 981 495,83 970 384,88,89,mistral_table,mistral_table,no
203,"VEICULOS NOVOS E USADOS, PECAS",39,275,109,59 752,1 038 395,1 000 980,44,53,413,232,5 029 771,110 414 899,107 019 700,88,89,mistral_table,mistral_table,no
204,COMBUSTIVEIS E LUBRIFICANTES,21,168,113,12 049,897 121,894 215,23,24,210,162,1 291 895,58 936 304,56 825 354,88,89,mistral_table,mistral_table,no
205,DEMAIS-GENEROS,627,2 175,1 188,165 864,2 581 154,2 563 290,629,691,2 792,1 720,15 977 287,242 791 390,241 770 746,88,89,mistral_table,mistral_table,no
206,COMERCIO ATACADISTA,33,313,161,43 419,3 930 459,3 928 640,24,27,371,272,3 737 562,408 808 008,408 753 622,88,89,mistral_table,mistral_table,no
207,SETE LAGOAS,663,3 357,1 808,273 193,5 815 727,5 750 935,668,790,4 395,2 770,26 926 608,603 888 689,594 407 708,88,89,mistral_table,mistral_table,no
208,COMERCIO VAREJISTA,638,3 146,1 715,251 290,5 359 565,5 297 324,643,763,4 192,2 629,25 505 535,548 045 170,538 867 498,88,89,mistral_table,mistral_table,no
209,"PROD. ALIMENTICIOS, BEBIDAS E FUMO",261,674,241,34 085,753 846,753 106,240,272,766,364,3 550 106,74 749 929,74 587 893,88,89,mistral_table,mistral_table,no
210,"VEICULOS NOVOS E USADOS, PECAS",43,529,264,61 698,1 220 099,1 175 933,59,66,611,441,6 721 595,160 541 802,153 883 706,88,89,mistral_table,mistral_table,no
211,MERC. EM GERAL - INC. ALIMENTICIOS,16,312,259,19 949,760 474,757 711,8,18,571,534,2 678 719,96 794 989,96 794 969,88,89,mistral_table,mistral_table,no
212,DEMAIS-GENEROS,318,1 631,951,135 558,2 625 146,2 610 572,336,407,2 044,1 290,12 555 115,215 958 470,213 600 930,88,89,mistral_table,mistral_table,no
213,COMERCIO ATACADISTA,19,149,88,13 230,456 162,453 611,25,26,193,141,1 220 588,55 843 519,55 540 210,88,89,mistral_table,mistral_table,no
214,TEOFILLO OTONI,741,3 268,1 759,250 818,5 613 754,5 594 656,725,799,3 693,2 374,22 544 716,481 555 862,478 960 869,88,89,mistral_table,mistral_table,no
215,COMERCIO VAREJISTA,697,2 832,1 528,209 656,4 140 187,4 121 166,694,754,3 265,2 082,19 019 577,377 280 388,374 833 592,88,89,mistral_table,mistral_table,no
216,"PROD. ALIMENTICIOS, BEBIDAS E FUMO",405,787,154,32 535,514 064,513 727,388,397,831,267,3 166 974,55 548 159,55 449 979,88,89,mistral_table,mistral_table,no
217,"VEICULOS NOVOS E USADOS, PECAS",98,661,173,37 763,862 546,861 385,41,44,463,322,4 120 775,94 214 164,92 522 493,88,89,mistral_table,mistral_table,no
218,COMBUSTIVEIS E LUBRIFICANTES,19,171,124,13 366,555 963,546 066,19,23,207,173,1 392 323,52 016 550,51 862 745,88,89,mistral_table,mistral_table,no
219,DEMAIS-GENEROS,235,1 571,1 077,125 992,2 207 620,2 199 785,246,290,1 774,1 320,10 339 505,175 501 515,174 998 375,88,89,mistral_table,mistral_table,no
220,,,,,,,,31,42,403,292,2 893 736,104 275 474,104 127 277,90,91,missing,mistral_table,yes
221,UBERABA,1 433,6 100,2 964,557 556,11 719 762,11 694 036,1 513,1 730,7 917,4 792,55 557 831,1 079 966 883,1 071 794 214,90,91,mistral_table,mistral_table,no
222,COMERCIO VAREJISTA,1 332,5 209,2 733,444 314,10 264 020,10 241 299,1 473,1 668,7 284,4 495,49 778 650,933 778 663,925 879 222,90,91,mistral_table,mistral_table,no
223,"TECIDOS, VESTUARIO E ARMARINHO",289,1 110,649,92 341,1 050 573,1 049 625,324,367,1 603,1 081,9 798 596,108 511 299,108 342 422,90,91,mistral_table,mistral_table,no
224,"VEICULOS NOVOS E USADOS, PECAS",56,367,217,41 930,2 016 421,2 009 543,64,73,640,376,6 791 439,192 255 932,188 099 651,90,91,mistral_table,mistral_table,no
225,COMBUSTIVEIS E LUBRIFICANTES,38,339,248,34 913,1 668 222,1 659 635,43,52,498,387,3 745 486,125 930 442,124 082 283,90,91,mistral_table,mistral_table,no
226,DEMAIS GÉNEROS,949,3 393,1 619,275 130,5 528 804,5 522 496,1 042,1 176,4 543,2 651,29 443 129,507 080 990,505 354 866,90,91,mistral_table,mistral_table,no
227,COMERCIO ATACADISTA,51,415,229,38 197,1 455 742,1 452 737,40,49,443,296,3 303 543,146 160 915,145 914 992,90,91,mistral_table,mistral_table,no
228,UBERLANDIA,1 894,11 299,5 773,1 288 096,43 220 814,43 008 056,2 001,2 328,16 294,10 244,162 246 337,5 332 213 995,5 300 246 897,90,91,mistral_table,mistral_table,no
229,COMERCIO VAREJISTA,1 664,7 714,4 328,707 165,15 325 793,15 207 699,1 842,2 091,11 417,7 365,85 132 011,1 742 129 788,1 716 992 936,90,91,mistral_table,mistral_table,no
230,"VEICULOS NOVOS E USADOS, PECAS",103,683,394,97 922,3 379 056,3 357 116,149,175,1 476,946,15 367 689,422 773 983,411 918 689,90,91,mistral_table,mistral_table,no
231,COMBUSTIVEIS E LUBRIFICANTES,47,458,296,49 664,1 773 313,1 759 657,58,65,771,593,8 288 043,242 017 041,238 034 720,90,91,mistral_table,mistral_table,no
232,MERC. EM GERAL - INC. ALIMENTICIOS,16,824,587,75 801,1 706 634,1 704 109,18,32,930,751,7 767 297,240 639 610,237 579 437,90,91,mistral_table,mistral_table,no
233,DEMAIS GÉNEROS,1 498,5 749,3 051,483 778,8 466 790,8 386 817,1 617,1 819,8 240,5 075,53 708 982,836 699 154,829 460 090,90,91,mistral_table,mistral_table,no
234,COMERCIO ATACADISTA,168,2 478,1 436,397 344,27 895 021,27 800 357,159,197,3 799,2 854,59 341 237,3 589 903 784,3 583 253 961,90,91,mistral_table,mistral_table,no
235,ABADIA DOS DOURADOS,27,60,11,4 260,77 980,77 552,42,44,93,17,269 934,7 417 942,7 298 790,90,91,mistral_table,mistral_table,no
236,ABAETE,147,383,113,23 362,612 852,609 358,143,152,402,168,2 201 990,51 259 743,50 986 170,90,91,mistral_table,mistral_table,no
237,ABRE CAMPO,74,150,41,6 748,136 370,133 850,75,81,213,66,704 087,15 713 386,15 017 028,90,91,mistral_table,mistral_table,no
238,ACAIACA,14,16,-,624,6 916,6 916,13,13,16,3,60 712,651 620,651 620,90,91,mistral_table,mistral_table,no
239,ACUCENA,105,182,9,7 122,136 921,136 921,92,93,184,75,1 112 212,7 854 850,7 806 030,90,91,mistral_table,mistral_table,no
240,AGUA BOA,33,73,26,3 459,56 365,55 645,108,108,195,55,550 033,8 122 326,8 122 326,90,91,mistral_table,mistral_table,no
241,AGUA COMPRIDA,11,22,2,2 431,24 555,24 555,6,8,22,12,319 095,2 665 790,2 663 605,90,91,mistral_table,mistral_table,no
242,AGUANIL,10,10,-,480,4 817,4 817,15,15,29,5,83 246,1 104 613,1 038 848,90,91,mistral_table,mistral_table,no
243,AGUAS FORMOSAS,81,167,52,7 888,125 510,123 104,76,82,205,93,1 115 798,17 303 906,17 191 223,90,91,mistral_table,mistral_table,no
244,AGUAS VERMELHAS,77,116,8,6 570,134 173,134 173,73,74,90,14,364 093,5 997 263,5 984 943,90,91,mistral_table,mistral_table,no
245,AIMORES,141,362,143,23 047,558 694,557 631,123,130,356,175,2 025 423,49 623 732,49 306 662,90,91,mistral_table,mistral_table,no
246,AIURUOCA,36,73,8,3 425,69 033,68 384,42,43,81,20,427 688,5 467 128,5 464 175,90,91,mistral_table,mistral_table,no
247,ALAGOA,12,16,-,716,11 319,11 319,12,14,25,4,88 940,1 653 583,1 653 583,90,91,mistral_table,mistral_table,no
248,ALBERTINA,10,11,-,593,8 782,8 782,5,7,17,2,47 289,935 978,935 978,90,91,mistral_table,mistral_table,no
249,ALEM PARAIBA,236,1 035,501,93 711,1 588 170,1 584 464,201,234,1 049,540,8 222 333,265 205 027,263 899 023,90,91,mistral_table,mistral_table,no
250,ALFENAS,342,1 149,455,92 823,2 484 380,2 470 885,354,394,1 396,653,8 673 062,260 993 130,259 380 391,90,91,mistral_table,mistral_table,no
251,ALMEHARA,209,486,149,24 008,466 699,466 348,213,227,564,235,2 910 539,67 089 937,66 895 751,90,91,mistral_table,mistral_table,no
252,ALPERCATA,17,45,5,1 678,52 042,49 961,19,20,74,43,285 064,9 150 200,9 134 480,90,91,mistral_table,mistral_table,no
253,ALPINOPOLIS,106,164,36,7 691,259 724,258 607,97,101,189,88,1 120 963,28 255 060,27 714 730,90,91,mistral_table,mistral_table,no
254,ALTEROSA,53,127,12,5 289,130 764,130 227,60,61,153,36,530 992,12 528 388,12 453 112,90,91,mistral_table,mistral_table,no
255,ALTO RIO DOCE,49,71,7,4 302,68 727,68 727,55,55,113,9,351 056,9 261 561,9 261 561,90,91,mistral_table,mistral_table,no
256,ALVARENGA,18,30,-,848,12 079,12 002,18,18,34,4,81 080,1 980 089,1 970 396,90,91,mistral_table,mistral_table,no
257,ALVINOPOLIS,64,208,62,14 970,339 388,339 388,60,62,111,27,601 115,14 294 044,14 294 044,90,91,mistral_table,mistral_table,no
258,ALVORADA DE MINAS,5,5,-,232,1 432,1 432,4,4,6,-,19 324,127 772,107 572,90,91,mistral_table,mistral_table,no
259,AMPARO DO SERRA,31,36,3,1 960,14 520,14 520,26,28,43,3,169 153,1 725 043,1 725 043,90,91,mistral_table,mistral_table,no
260,ANDRADAS,196,546,184,32 841,2 481 192,2 473 213,170,178,527,224,2 745 123,116 632 758,116 593 979,90,91,mistral_table,mistral_table,no
261,ANDRE FERNANDES,29,60,2,3 111,130 617,130 617,24,25,42,13,201 041,6 711 237,6 707 037,90,91,mistral_table,mistral_table,no
262,ANDRELANDIA,102,229,67,10 268,263 208,260 860,75,79,171,56,821 702,21 783 689,21 690 074,90,91,mistral_table,mistral_table,no
263,ANTONIO CARLOS,17,58,15,4 326,89 429,89 429,25,26,67,22,245 771,5 671 441,5 656 406,90,91,mistral_table,mistral_table,no
264,ANTONIO DIAS,28,60,14,3 097,81 305,81 305,24,24,58,19,220 699,8 369 260,7 783 136,90,91,mistral_table,mistral_table,no
265,ANTONIO PRADO DE MINAS,5,10,-,288,2 964,2 964,8,8,14,1,38 176,452 126,452 126,90,91,mistral_table,mistral_table,no
266,ARACAI,6,10,3,554,9 271,9 271,4,5,14,4,48 842,619 440,619 440,90,91,mistral_table,mistral_table,no
267,ARACITABA,7,15,-,336,3 082,3 052,7,7,12,-,24 637,686 095,686 095,90,91,mistral_table,mistral_table,no
268,ARACUAI,112,360,140,15 676,314 080,314 080,124,130,412,149,1 686 554,37 058 999,36 627 392,90,91,mistral_table,mistral_table,no
269,ARAGUARI,662,2 176,896,176 683,3 418 269,3 379 065,648,709,2 947,1 376,19 361 662,425 272 914,416 283 296,92,93,mistral_table,mistral_table,no
270,ARANTINA,15,35,2,1 061,23 643,23 643,16,16,44,1,87 100,1 952 588,1 946 388,92,93,mistral_table,mistral_table,no
271,ARAPONGA,23,30,-,1 033,9 326,9 276,33,33,53,5,136 052,2 823 625,2 812 098,92,93,mistral_table,mistral_table,no
272,ARAPUA,15,31,-,797,13 301,13 183,17,17,30,1,96 717,1 612 244,1 596 244,92,93,mistral_table,mistral_table,no
273,ARAUJOS,29,67,15,2 855,77 546,77 395,31,31,89,20,298 842,11 172 301,11 172 301,92,93,mistral_table,mistral_table,no
274,ARAXA,407,1 576,745,134 463,3 619 504,3 613 457,384,431,2 020,1 149,14 670 437,318 201 988,315 056 693,92,93,mistral_table,mistral_table,no
275,ARCEBURGO,47,117,52,7 667,217 236,215 640,35,39,111,47,624 980,18 740 640,18 657 524,92,93,mistral_table,mistral_table,no
276,ARCOS,146,395,90,23 367,407 268,405 187,154,160,382,137,2 035 497,54 358 340,53 165 778,92,93,mistral_table,mistral_table,no
277,AREADO,79,178,32,6 387,185 651,185 321,85,95,203,53,721 351,19 858 276,19 854 016,92,93,mistral_table,mistral_table,no
278,ARGIRITA,16,38,18,2 490,58 014,57 980,13,13,27,10,119 127,2 322 010,2 318 770,92,93,mistral_table,mistral_table,no
279,ARINOS,50,93,20,3 211,90 199,89 918,67,71,198,33,506 851,13 550 572,13 532 688,92,93,mistral_table,mistral_table,no
280,ASTOLFO DUTRA,104,237,73,15 422,232 077,232 077,98,103,252,93,1 130 737,17 796 506,17 538 607,92,93,mistral_table,mistral_table,no
281,ATALEIA,94,116,2,5 048,64 526,64 184,64,67,106,16,385 932,7 988 122,7 890 621,92,93,mistral_table,mistral_table,no
282,AUGUSTO DE LIMA,33,37,1,1 751,13 259,13 242,21,21,25,.4,97 746,1 375 311,1 370 872,92,93,mistral_table,mistral_table,no
283,BAEPENDI,100,299,130,19 232,464 082,463 040,94,103,339,179,1 883 885,36 727 545,36 548 883,92,93,mistral_table,mistral_table,no
284,BALDIM,34,87,19,4 109,60 846,60 303,30,31,50,11,185 124,3 591 903,3 591 903,92,93,mistral_table,mistral_table,no
285,BAMBUI,123,417,170,22 212,597 878,590 775,129,135,414,181,1 889 011,42 252 135,42 047 948,92,93,mistral_table,mistral_table,no
286,BANDEIRA,28,35,2,1 275,11 298,11 298,23,23,33,3,159 761,3 093 649,3 091 249,92,93,mistral_table,mistral_table,no
287,BANDEIRA DO SUL,18,28,2,1 272,47 425,47 425,10,10,20,5,90 861,3 445 912,3 445 912,92,93,mistral_table,mistral_table,no
288,BARÃO DE COCAIS,72,239,121,16 455,267 469,267 315,86,95,315,157,1 355 692,26 551 085,26 551 085,92,93,mistral_table,mistral_table,no
289,BARÃO DE MONTE ALTO,31,56,3,1 692,19 164,18 964,41,42,70,12,180 309,2 243 426,2 243 426,92,93,mistral_table,mistral_table,no
290,BARBACENA,525,2 630,1 513,233 259,5 050 008,5 024 218,505,611,2 962,1 874,20 534 694,388 397 013,384 611 353,92,93,mistral_table,mistral_table,no
291,BARRA LONGA,38,63,10,3 274,88 755,87 982,31,32,64,12,348 374,7 560 367,7 309 983,92,93,mistral_table,mistral_table,no
292,BARROSO,68,194,67,12 697,287 664,286 226,81,90,233,92,1 356 067,31 031 264,30 961 394,92,93,mistral_table,mistral_table,no
293,BELA VISTA DE MINAS,42,100,30,4 947,96 743,95 625,42,45,93,30,408 506,9 362 913,9 122 913,92,93,mistral_table,mistral_table,no
294,BELMIRO BRAGA,17,30,5,1 694,13 823,13 776,17,17,23,2,132 321,1 530 662,1 530 662,92,93,mistral_table,mistral_table,no
295,BELO ORIENTE,48,63,5,3 049,44 122,43 936,45,46,104,25,265 916,7 532 868,7 442 868,92,93,mistral_table,mistral_table,no
296,BELO VALE,19,38,5,2 479,32 078,32 042,23,26,56,16,309 537,3 557 573,3 544 037,92,93,mistral_table,mistral_table,no
297,BERILO,31,65,1,1 533,21 523,21 300,30,30,46,2,158 625,2 791 503,2 783 503,92,93,mistral_table,mistral_table,no
298,BERTOPOLIS,28,50,1,1 619,8 786,8 786,28,28,53,5,152 979,1 502 941,1 500 424,92,93,mistral_table,mistral_table,no
299,BETIM,416,1 599,831,185 897,52 259 966,52 209 192,447,513,2 577,1 517,27 559 612,5 017 699 362,5 007 375 821,92,93,mistral_table,mistral_table,no
300,BIAS FORTES,16,23,2,1 431,21 980,21 787,14,14,23,1,120 276,2 044 632,2 044 632,92,93,mistral_table,mistral_table,no
301,BICAS,108,271,76,14 272,400 131,400 068,125,132,397,154,1 524 032,34 833 684,34 606 328,92,93,mistral_table,mistral_table,no
302,BIQUINHAS,21,42,1,1 599,17 923,17 645,11,12,27,2,73 050,1 669 687,1 664 502,92,93,mistral_table,mistral_table,no
303,BOA ESPERANÇA,251,605,158,42 253,1 580 101,1 574 131,250,254,759,326,4 264 948,116 505 959,114 987 456,92,93,mistral_table,mistral_table,no
304,BOCAINA DE MINAS,21,34,1,1 410,19 043,19 011,24,24,45,2,108 444,1 757 292,1 757 292,92,93,mistral_table,mistral_table,no
305,BOCAIUVA,223,509,158,25 818,554 319,550 282,281,291,625,238,3 642 848,67 554 728,67 036 068,92,93,mistral_table,mistral_table,no
306,BOM DESPACHO,208,646,237,50 616,1 529 179,1 521 113,232,257,898,428,4 981 492,155 641 514,153 349 458,92,93,mistral_table,mistral_table,no
307,BOM JARDIM DE MINAS,49,99,24,5 895,132 034,132 034,52,55,104,20,428 673,7 558 712,7 556 146,92,93,mistral_table,mistral_table,no
308,BOM JESUS DA PENHA,18,26,1,932,21 319,21 151,14,15,24,3,85 853,2 218 302,2 218 302,92,93,mistral_table,mistral_table,no
309,BOM JESUS DO AMPARO,16,68,32,4 715,129 490,129 490,17,17,68,39,493 443,11 356 198,11 326 218,92,93,mistral_table,mistral_table,no
310,BOM JESUS DO GALHO,72,125,19,5 174,111 190,111 130,68,69,167,17,447 586,22 100 800,22 083 360,92,93,mistral_table,mistral_table,no
311,BOM REPOUSO,49,67,2,2 663,44 926,44 926,53,55,96,17,265 188,9 043 052,9 043 052,92,93,mistral_table,mistral_table,no
312,BOM SUCESSO,109,231,52,16 496,236 652,235 923,82,90,211,82,1 115 834,35 565 633,35 301 551,92,93,mistral_table,mistral_table,no
313,BONFIM,37,74,12,3 280,43 542,43 406,28,28,52,6,185 572,2 750 738,2 737 020,92,93,mistral_table,mistral_table,no
314,BONFINOPOLIS DE MINAS,66,132,26,7 874,101 771,101 463,78,79,169,24,545 650,14 084 025,14 039 895,94,95,mistral_table,mistral_table,no
315,BORDA DA MATA,85,230,77,13 112,322 066,322 066,80,85,179,62,920 126,26 364 858,26 359 584,94,95,mistral_table,mistral_table,no
316,BOTELHOS,63,215,76,13 610,314 074,314 036,80,83,276,126,1 528 994,34 715 004,34 610 511,94,95,mistral_table,mistral_table,no
317,BOTUMIRIM,25,45,4,1 488,19 292,18 881,23,23,29,1,91 697,1 455 062,1 455 062,94,95,mistral_table,mistral_table,no
318,BRASILIA DE MINAS,165,305,63,14 232,284 409,282 087,167,174,356,126,1 373 112,31 336 878,31 006 151,94,95,mistral_table,mistral_table,no
319,BRAS PIRES,14,19,2,867,9 764,9 674,21,21,27,2,149 585,2 028 337,2 028 337,94,95,mistral_table,mistral_table,no
320,BRAUNAS,20,35,2,1 419,16 366,16 366,22,23,35,9,142 385,2 316 724,2 303 742,94,95,mistral_table,mistral_table,no
321,BRAZOPOLIS,67,158,26,7 343,170 317,170 017,61,72,159,57,636 519,14 768 294,14 712 115,94,95,mistral_table,mistral_table,no
322,BRUMADINHO,71,228,97,14 124,391 988,391 258,66,77,262,109,1 382 469,34 211 032,33 783 759,94,95,mistral_table,mistral_table,no
323,BUENO BRANDÃO,55,114,15,4 379,105 941,104 827,67,68,114,19,605 340,10 145 031,10 030 186,94,95,mistral_table,mistral_table,no
324,BUENOPOLIS,52,94,19,5 345,144 480,138 869,51,54,139,59,814 329,14 294 769,14 157 353,94,95,mistral_table,mistral_table,no
325,BURITIS,62,122,19,4 334,144 666,144 616,95,100,234,91,934 156,19 122 233,19 036 403,94,95,mistral_table,mistral_table,no
326,BURITIZEIRO,54,115,42,5 955,99 614,99 227,49,51,156,54,591 437,13 172 393,13 099 137,94,95,mistral_table,mistral_table,no
327,CABO VERDE,50,97,27,6 545,168 952,168 098,62,67,125,46,578 667,20 621 522,20 571 397,94,95,mistral_table,mistral_table,no
328,CACHOEIRA DA PRATA,20,57,25,4 622,64 256,64 256,18,19,46,19,186 234,3 241 356,3 241 356,94,95,mistral_table,mistral_table,no
329,CACHOEIRA DE MINAS,45,73,9,2 422,48 868,48 793,41,42,82,11,265 993,6 185 127,6 143 107,94,95,mistral_table,mistral_table,no
330,CACHOEIRA DOURADA,12,12,1,672,9 348,9 348,13,14,23,-,50 745,1 272 846,1 272 846,94,95,mistral_table,mistral_table,no
331,CAETANOPOLIS,22,67,19,4 604,87 871,82 819,21,22,72,43,545 423,12 971 344,12 909 180,94,95,mistral_table,mistral_table,no
332,CAETE,134,398,202,26 748,1 070 065,1 069 670,132,154,463,272,2 196 398,54 797 100,54 535 963,94,95,mistral_table,mistral_table,no
333,CAIANA,14,24,4,982,9 355,9 295,15,15,27,5,89 664,1 643 367,1 619 637,94,95,mistral_table,mistral_table,no
334,CAJURI,17,30,2,814,14 344,14 344,19,19,30,6,95 214,2 120 855,2 115 625,94,95,mistral_table,mistral_table,no
335,CALDAS,83,206,67,10 306,192 881,192 383,81,86,176,53,663 551,13 708 534,13 694 095,94,95,mistral_table,mistral_table,no
336,CAMACHO,15,30,-,661,3 378,3 378,12,12,23,1,48 313,537 092,537 092,94,95,mistral_table,mistral_table,no
337,CAMANDUCAIA,88,215,74,13 421,279 912,277 258,90,95,241,74,1 067 768,21 593 633,21 456 447,94,95,mistral_table,mistral_table,no
338,CAMQUI,132,369,129,22 838,585 687,583 373,166,176,488,186,2 422 042,47 690 857,46 469 199,94,95,mistral_table,mistral_table,no
339,CAMBUQUIRA,70,187,87,13 990,395 200,395 200,72,79,186,82,1 251 697,29 566 157,28 604 833,94,95,mistral_table,mistral_table,no
340,CAMPANARIO,44,107,20,3 333,92 725,90 806,35,36,82,20,297 631,5 892 316,5 876 516,94,95,mistral_table,mistral_table,no
341,CAMPANHA,101,254,72,16 430,422 920,418 967,93,98,250,87,1 210 642,24 346 015,24 291 325,94,95,mistral_table,mistral_table,no
342,CAMPESTRE,84,207,53,10 405,239 249,237 932,80,89,238,86,1 503 885,58 775 609,58 562 283,94,95,mistral_table,mistral_table,no
343,CAMPINA VERDE,105,310,132,19 699,516 547,513 179,124,139,477,265,2 316 496,50 936 087,50 301 966,94,95,mistral_table,mistral_table,no
344,CAMPO BELO,296,974,347,64 651,2 355 965,2 339 588,318,347,1 262,665,6 432 532,176 823 214,175 649 626,94,95,mistral_table,mistral_table,no
345,CAMPO DO MEIO,92,144,18,6 020,105 993,103 562,80,82,139,22,458 680,11 661 221,11 648 276,94,95,mistral_table,mistral_table,no
346,CAMPO FLORIDO,19,41,8,2 004,87 332,87 332,24,29,72,32,336 905,12 665 138,12 660 338,94,95,mistral_table,mistral_table,no
347,CAMPOS ALTOS,56,196,73,10 593,315 791,314 871,69,71,181,89,811 116,43 004 569,42 390 548,94,95,mistral_table,mistral_table,no
348,CAMPOS GERAIS,111,168,27,9 292,249 887,248 800,100,103,212,59,955 199,59 338 515,58 296 988,94,95,mistral_table,mistral_table,no
349,CANAA,26,43,2,2 482,43 741,43 621,25,26,31,1,115 272,2 029 372,2 018 057,94,95,mistral_table,mistral_table,no
350,CANAPOLIS,68,140,20,7 112,213 758,213 695,59,61,187,49,596 386,25 743 101,25 580 258,94,95,mistral_table,mistral_table,no
351,CANA VERDE,30,41,2,1 776,34 049,33 217,20,20,29,7,105 553,3 298 529,3 298 529,94,95,mistral_table,mistral_table,no
352,CANDEIAS,68,144,31,5 853,134 146,133 546,60,63,149,44,557 606,13 388 386,13 350 788,94,95,mistral_table,mistral_table,no
353,CAPARAO,22,36,6,1 885,22 266,22 266,31,32,60,13,375 990,14 045 342,14 049 342,94,95,mistral_table,mistral_table,no
354,CAPELA NOVA,28,48,9,2 401,34 039,34 039,23,24,42,8,160 876,2 842 070,2 842 070,94,95,mistral_table,mistral_table,no
355,CAPELINHA,103,252,85,10 943,301 722,300 854,87,95,258,124,1 848 038,44 001 352,43 964 732,94,95,mistral_table,mistral_table,no
356,CAPETINGA,46,105,7,4 197,70 513,69 406,41,42,90,7,316 569,9 837 524,9 825 821,94,95,mistral_table,mistral_table,no
357,CAPIM BRANCO,24,40,2,1 738,17 007,17 007,25,25,42,8,174 969,1 519 286,1 519 286,94,95,mistral_table,mistral_table,no
358,CAPINOPOLIS,106,255,102,24 815,848 394,843 333,96,108,310,158,2 811 470,104 530 064,104 311 541,94,95,mistral_table,mistral_table,no
359,CAPITÃO ENEAS,58,119,8,6 743,89 512,86 931,70,71,95,10,352 670,6 189 142,5 787 910,96,97,mistral_table,mistral_table,no
360,CAPITOLIO,27,47,10,2 020,103 038,101 171,35,37,123,38,418 076,16 720 712,16 714 875,96,97,mistral_table,mistral_table,no
361,CAPUTIRA,25,56,14,5 102,39 428,39 428,33,33,78,25,783 697,3 474 785,3 470 785,96,97,mistral_table,mistral_table,no
362,CARAI,68,80,4,3 890,37 195,37 195,65,65,107,-,245 340,4 175 474,4 175 474,96,97,mistral_table,mistral_table,no
363,CARANAIBA,10,15,-,818,6 717,6 634,6,6,6,-,27 650,317 949,317 949,96,97,mistral_table,mistral_table,no
364,CARANDAI,59,226,76,15 151,318 469,318 469,63,69,227,120,1 150 092,28 999 431,28 654 739,96,97,mistral_table,mistral_table,no
365,CARANGOLA,291,1 019,368,72 855,1 254 843,1 242 060,308,331,1 092,568,5 515 092,109 336 380,107 343 570,96,97,mistral_table,mistral_table,no
366,CARBONITA,31,46,3,2 345,25 576,25 576,27,28,46,7,260 135,3 004 441,2 946 941,96,97,mistral_table,mistral_table,no
367,CAREAÇU,32,61,15,2 722,65 321,65 321,35,37,76,15,300 021,7 161 485,6 702 979,96,97,mistral_table,mistral_table,no
368,CARLOS CHAGAS,118,280,104,14 594,295 897,295 416,111,117,327,164,1 356 244,28 979 673,28 665 185,96,97,mistral_table,mistral_table,no
369,CARMESIA,11,15,1,551,4 964,4 964,11,11,17,5,71 824,423 822,418 133,96,97,mistral_table,mistral_table,no
370,CARMO DA CACHOEIRA,52,89,16,3 958,83 437,83 422,36,40,86,38,405 052,10 688 176,10 668 849,96,97,mistral_table,mistral_table,no
371,CARMO DA MATA,62,130,12,4 374,109 965,109 965,77,78,148,41,449 047,11 880 619,11 873 567,96,97,mistral_table,mistral_table,no
372,CARMO DE MINAS,34,73,9,4 525,303 507,296 114,48,50,109,39,679 453,10 159 140,9 213 193,96,97,mistral_table,mistral_table,no
373,CARMO DO CAJURU,73,178,41,7 304,161 196,160 403,64,66,199,59,736 589,19 767 266,19 742 982,96,97,mistral_table,mistral_table,no
374,CARMO DO PARANAIBA,179,615,211,34 877,817 485,801 472,196,199,649,241,3 890 150,91 259 471,90 183 965,96,97,mistral_table,mistral_table,no
375,CARMO DO RIO CLARO,131,333,66,11 784,253 038,250 158,107,121,277,87,1 049 580,33 101 354,32 872 165,96,97,mistral_table,mistral_table,no
376,CARMOPOLIS DE MINAS,52,123,16,5 389,137 179,134 337,52,53,178,72,701 327,22 222 259,21 033 942,96,97,mistral_table,mistral_table,no
377,CARRANCAS,16,22,1,1 245,18 856,18 856,18,20,40,11,156 551,3 629 232,3 629 232,96,97,mistral_table,mistral_table,no
378,CARVALHOPOLIS,13,24,8,1 140,30 823,30 823,12,14,25,6,67 184,2 515 135,2 509 935,96,97,mistral_table,mistral_table,no
379,CARVALHOS,19,35,4,1 560,40 531,40 531,19,19,45,4,137 080,3 296 053,3 296 053,96,97,mistral_table,mistral_table,no
380,CASA GRANDE,6,9,-,464,4 051,4 051,6,6,8,-,33 702,402 386,402 386,96,97,mistral_table,mistral_table,no
381,CASCALHO RICO,13,25,1,1 044,6 972,6 972,13,13,25,1,124 754,1 709 072,1 709 072,96,97,mistral_table,mistral_table,no
382,CASSIA,158,346,98,26 840,574 455,573 470,109,115,295,120,1 749 049,38 500 426,38 431 666,96,97,mistral_table,mistral_table,no
383,CASSITERITA,8,13,1,430,6 815,6 815,7,8,10,3,50 245,1 277 936,1 277 936,96,97,mistral_table,mistral_table,no
384,CATAGUASES,337,1 279,612,93 447,1 715 042,1 691 433,385,400,1 431,741,8 086 998,164 488 849,164 179 221,96,97,mistral_table,mistral_table,no
385,CATAS ALTAS DA NORUEGA,10,14,-,556,5 029,5 029,14,14,19,1,76 024,811 065,811 065,96,97,mistral_table,mistral_table,no
386,CAXAMBU,181,563,221,32 782,777 724,774 616,191,205,617,272,3 100 653,61 272 805,60 779 337,96,97,mistral_table,mistral_table,no
387,CEDRO DO ABAETE,8,15,-,384,2 123,2 123,5,5,5,-,22 260,235 671,235 671,96,97,mistral_table,mistral_table,no
388,CENTRAL DE MINAS,40,90,23,3 533,59 252,59 204,34,35,76,10,223 083,5 070 019,5 065 012,96,97,mistral_table,mistral_table,no
389,CENTRALINA,86,188,40,9 743,389 050,374 347,74,77,190,54,832 905,29 804 166,29 622 286,96,97,mistral_table,mistral_table,no
390,CHACARA,14,19,-,634,4 709,4 709,12,12,12,-,38 044,729 883,729 883,96,97,mistral_table,mistral_table,no
391,CHALE,15,30,1,816,17 061,16 981,18,18,42,-,88 891,2 796 931,2 796 931,96,97,mistral_table,mistral_table,no
392,CHAPADA DO NORTE,42,72,1,2 406,16 750,16 750,34,34,58,3,188 181,2 854 290,2 854 290,96,97,mistral_table,mistral_table,no
393,CHIADOR,6,9,-,316,7 380,7 380,8,8,14,-,53 535,584 605,580 805,96,97,mistral_table,mistral_table,no
394,CIPOTANEA,38,40,2,1 743,13 948,13 948,27,28,58,7,122 644,2 121 547,2 121 547,96,97,mistral_table,mistral_table,no
395,CLARAVAL,11,19,1,681,12 802,12 802,13,13,16,-,64 694,1 491 090,1 491 090,96,97,mistral_table,mistral_table,no
396,CLARO DOS POÇÕES,49,64,2,3 999,23 753,23 753,47,47,81,2,203 720,2 359 538,2 299 456,96,97,mistral_table,mistral_table,no
397,CLAUDIO,72,184,48,9 891,218 033,217 784,85,96,279,131,1 314 106,22 606 286,22 298 871,96,97,mistral_table,mistral_table,no
398,COIMBRA,33,59,-,1 819,34 203,33 928,31,31,56,10,221 781,3 927 826,3 927 826,96,97,mistral_table,mistral_table,no
399,COLUNA,32,65,5,1 788,21 928,21 766,38,38,75,24,226 785,3 373 543,3 264 883,96,97,mistral_table,mistral_table,no
400,COMENDADOR GOMES,8,14,6,1 471,79 707,76 579,12,12,23,5,77 688,2 878 323,2 865 973,96,97,mistral_table,mistral_table,no
401,COMERCINHO,46,81,3,2 120,26 980,26 361,31,32,72,9,406 873,2 469 748,2 400 218,96,97,mistral_table,mistral_table,no
402,CONCEIÇÃO DA APARECIDA,54,73,12,3 538,101 168,101 168,37,38,99,33,362 440,25 699 426,25 652 806,96,97,mistral_table,mistral_table,no
403,CONCEIÇÃO DAS PEDRAS,9,14,-,539,8 676,8 676,9,9,17,3,55 934,1 306 148,1 298 028,96,97,mistral_table,mistral_table,no
404,CONCEIÇÃO DAS ALAGOAS,72,193,67,8 876,237 603,237 603,86,88,273,118,1 716 866,26 656 472,26 414 617,98,99,mistral_table,mistral_table,no
405,CONCEIÇÃO DE IPANEMA,20,30,3,1 148,78 351,78 351,16,16,21,3,77 881,1 598 451,1 598 451,98,99,mistral_table,mistral_table,no
406,CONCEIÇÃO DO MATO DENTRO,77,158,46,7 826,163 096,163 096,65,69,173,66,686 954,12 594 723,12 594 723,98,99,mistral_table,mistral_table,no
407,CONCEIÇÃO DO PARA,14,22,3,779,10 481,10 317,12,12,18,3,59 497,1 098 477,1 098 462,98,99,mistral_table,mistral_table,no
408,CONCEIÇÃO DO RIO VERDE,59,130,34,8 771,183 857,182 441,79,83,191,84,1 318 510,42 455 432,42 326 152,98,99,mistral_table,mistral_table,no
409,CONCEIÇÃO DOS OUROS,31,81,19,3 631,82 682,80 334,30,35,92,32,351 644,7 877 484,7 815 889,98,99,mistral_table,mistral_table,no
410,CONGONHAL,32,72,18,2 933,81 288,78 722,39,40,73,21,245 415,7 129 724,7 106 724,98,99,mistral_table,mistral_table,no
411,CONGONHAS,182,678,320,48 914,859 494,855 189,156,177,678,393,3 485 330,74 489 344,74 474 470,98,99,mistral_table,mistral_table,no
412,CONGONHAS DO NORTE,15,15,-,688,4 865,4 865,21,21,38,5,84 500,771 593,771 593,98,99,mistral_table,mistral_table,no
413,CONQUISTA,52,142,27,8 275,296 244,295 366,47,49,112,16,459 616,8 946 173,8 931 547,98,99,mistral_table,mistral_table,no
414,CONSELHEIRO LAFAIETE,472,2 188,1 237,196 398,4 282 918,4 267 156,478,534,2 448,1 485,15 385 582,302 994 470,302 105 040,98,99,mistral_table,mistral_table,no
415,CONSELHEIRO PENA,160,409,132,21 809,532 527,531 030,168,178,591,265,2 068 300,39 467 045,39 016 575,98,99,mistral_table,mistral_table,no
416,CONSOLAÇÃO,8,15,-,393,1 986,1 986,11,12,20,2,51 510,714 996,714 996,98,99,mistral_table,mistral_table,no
417,COQUEIRAL,59,84,11,3 706,70 976,70 856,47,52,116,28,445 340,9 088 044,8 942 465,98,99,mistral_table,mistral_table,no
418,CORAÇÃO DE JESUS,148,245,27,9 050,128 486,128 303,139,141,273,49,687 260,17 242 336,17 239 336,98,99,mistral_table,mistral_table,no
419,CORDISBURGO,31,58,14,3 663,46 555,46 440,24,27,70,27,242 051,4 098 889,4 098 889,98,99,mistral_table,mistral_table,no
420,CORDISLANDIA,15,30,2,757,9 059,9 059,17,18,25,2,79 619,1 134 566,1 043 645,98,99,mistral_table,mistral_table,no
421,CORINTO,201,415,136,30 187,577 636,576 136,157,171,409,181,2 038 403,54 499 869,54 186 288,98,99,mistral_table,mistral_table,no
422,COROACI,35,47,8,2 474,21 305,21 305,35,36,76,10,197 142,2 804 569,2 804 569,98,99,mistral_table,mistral_table,no
423,COROMANOEL,159,384,116,18 792,603 999,602 071,195,205,591,256,2 505 364,77 432 461,76 122 843,98,99,mistral_table,mistral_table,no
424,CORONEL FABRICIANO,554,2 250,1 148,230 712,3 804 400,3 781 587,445,515,2 531,1 533,18 447 676,355 635 743,348 093 003,98,99,mistral_table,mistral_table,no
425,CORONEL MURTA,49,93,5,2 390,36 931,36 931,30,31,83,17,221 674,3 619 936,3 561 651,98,99,mistral_table,mistral_table,no
426,CORONEL PACHECO,8,26,7,969,8 173,8 173,13,14,22,6,93 144,1 844 363,1 745 468,98,99,mistral_table,mistral_table,no
427,CORONEL XAVIER CHAVES,3,4,-,369,3 365,3 365,4,4,10,2,30 328,508 805,508 805,98,99,mistral_table,mistral_table,no
428,CORREGO DANTA,26,60,15,2 614,136 146,134 081,30,31,86,27,296 888,25 099 690,25 015 759,98,99,mistral_table,mistral_table,no
429,CORREGO DO BOM JESUS,17,16,1,853,5 792,5 792,17,17,23,1,55 773,958 626,931 626,98,99,mistral_table,mistral_table,no
430,CORREGO NOVO,26,57,3,1 658,36 173,35 963,35,36,81,5,182 565,4 498 651,4 496 651,98,99,mistral_table,mistral_table,no
431,COUTO DE MAGALHÃES DE MINAS,8,15,1,511,11 492,10 712,14,14,22,2,88 469,2 009 910,1 986 714,98,99,mistral_table,mistral_table,no
432,CRISTAIS,33,56,15,2 569,61 421,61 421,32,35,65,22,311 355,7 379 968,7 374 166,98,99,mistral_table,mistral_table,no
433,CRISTALIA,15,30,2,881,7 227,6 538,17,17,27,4,168 070,996 143,894 043,98,99,mistral_table,mistral_table,no
434,CRISTIANO OTONI,17,34,8,2 365,49 890,49 890,13,14,29,9,127 227,5 732 206,5 732 206,98,99,mistral_table,mistral_table,no
435,CRISTINA,58,81,11,4 158,92 846,92 197,54,56,92,19,386 848,9 029 635,8 961 724,98,99,mistral_table,mistral_table,no
436,CRUCILANDIA,19,33,8,1 650,39 506,39 506,19,20,38,13,166 017,4 373 093,4 373 093,98,99,mistral_table,mistral_table,no
437,CRUZEIRO DA FORTALEZA,19,46,2,1 829,42 002,41 968,21,21,52,14,171 074,4 779 303,4 763 803,98,99,mistral_table,mistral_table,no
438,CRUZILIA,86,249,88,14 048,323 791,321 286,79,83,266,101,1 315 752,24 328 161,24 145 044,98,99,mistral_table,mistral_table,no
439,CURVELO,362,1 301,608,111 377,2 623 978,2 604 312,405,441,1 688,946,10 903 694,220 754 075,213 129 024,98,99,mistral_table,mistral_table,no
440,DATAS,8,16,6,680,8 783,8 738,16,17,28,10,126 645,1 182 841,1 177 142,98,99,mistral_table,mistral_table,no
441,DEL FIM MOREIRA,23,38,5,1 866,28 841,28 823,29,30,41,7,230 344,3 176 108,3 175 608,98,99,mistral_table,mistral_table,no
442,DEL FINOPOLIS,46,83,3,3 201,56 107,56 031,41,42,75,18,510 253,7 184 133,7 180 133,98,99,mistral_table,mistral_table,no
443,DESCOBERTO,13,27,5,1 457,16 997,16 997,14,15,35,6,170 055,3 463 813,3 428 540,98,99,mistral_table,mistral_table,no
444,DESTERRO DE ENTRE RIOS,25,40,5,1 832,26 049,25 869,34,35,49,2,183 393,2 962 222,2 962 222,98,99,mistral_table,mistral_table,no
445,DESTERRO DO MELO,11,11,-,740,9 136,9 136,11,11,19,4,64 074,758 357,758 357,98,99,mistral_table,mistral_table,no
446,DIAMANTINA,170,703,371,46 327,983 449,960 535,198,226,802,453,4 282 304,102 891 969,101 899 387,98,99,mistral_table,mistral_table,no
447,DIOGO DE VASCONCELOS,5,8,2,363,3 278,3 278,12,12,17,-,47 563,603 378,603 378,98,99,mistral_table,mistral_table,no
448,DIONISIO,41,67,16,3 942,89 279,89 017,37,41,83,19,354 365,8 481 994,8 481 994,98,99,mistral_table,mistral_table,no
449,DIVINESIA,12,21,1,1 087,10 567,10 530,11,11,19,2,87 195,1 466 524,1 466 524,100,101,mistral_table,mistral_table,no
450,DIVINO,143,334,38,11 266,333 401,331 414,127,139,272,87,1 373 427,43 466 656,42 917 656,100,101,mistral_table,mistral_table,no
451,DIVINO DAS LARANJEIRAS,22,35,5,1 607,20 353,20 353,26,27,66,20,183 154,2 711 037,2 711 037,100,101,mistral_table,mistral_table,no
452,DIVINOLANDIA DE MINAS,33,47,2,2 089,17 335,17 316,25,25,44,6,136 285,1 895 400,1 889 400,100,101,mistral_table,mistral_table,no
453,DIVISA NOVA,24,35,2,1 564,34 417,34 417,17,20,34,7,92 683,4 195 401,4 194 338,100,101,mistral_table,mistral_table,no
454,DOM CAVATI,38,80,23,4 401,141 501,140 487,40,41,120,43,352 036,10 263 770,10 055 987,100,101,mistral_table,mistral_table,no
455,DOM JOAQUIM,26,33,1,1 730,20 563,20 563,20,21,39,7,118 213,1 664 582,1 664 582,100,101,mistral_table,mistral_table,no
456,DOM SILVERIO,52,122,42,7 545,165 438,165 254,46,48,126,50,685 178,10 926 632,10 926 632,100,101,mistral_table,mistral_table,no
457,DOM VICOSO,13,17,-,624,4 150,4 110,12,12,19,-,47 772,637 343,637 343,100,101,mistral_table,mistral_table,no
458,DONA EUZEBIA,16,37,7,1 624,31 985,31 385,31,31,70,22,269 715,5 032 684,5 031 051,100,101,mistral_table,mistral_table,no
459,DORES DE CAMPOS,33,91,36,5 321,119 196,116 787,29,32,116,54,512 617,11 403 088,11 244 030,100,101,mistral_table,mistral_table,no
460,DORES DE GUANHÃES,13,36,3,752,7 189,7 189,9,10,13,1,55 046,547 816,543 989,100,101,mistral_table,mistral_table,no
461,DORES DO INDAIA,124,318,96,16 434,471 251,470 821,127,129,409,161,2 111 396,37 562 390,37 120 312,100,101,mistral_table,mistral_table,no
462,DORES DO TURVO,16,25,3,1 614,27 686,27 480,12,12,22,5,88 246,2 618 410,2 618 410,100,101,mistral_table,mistral_table,no
463,DORESPOLIS,5,5,-,221,2 276,2 276,6,6,8,-,42 703,416 472,416 472,100,101,mistral_table,mistral_table,no
464,DOURADOQUARA,12,20,-,537,5 623,5 623,12,12,27,2,79 553,1 142 438,1 142 438,100,101,mistral_table,mistral_table,no
465,ELOI MENDES,109,275,99,23 375,668 717,668 717,128,139,289,100,1 967 057,62 540 741,62 540 741,100,101,mistral_table,mistral_table,no
466,ENGENHEIRO CALDAS,56,100,17,3 931,140 993,140 993,54,55,130,32,425 545,15 592 673,15 573 862,100,101,mistral_table,mistral_table,no
467,ENGENHEIRO NAVARRO,35,68,7,3 294,37 229,37 105,33,34,40,4,174 667,3 778 516,3 778 516,100,101,mistral_table,mistral_table,no
468,ENTRE RIOS DE MINAS,61,138,47,10 124,222 215,221 885,61,66,183,44,815 377,12 999 997,12 985 697,100,101,mistral_table,mistral_table,no
469,ERVALIA,45,112,26,6 519,132 393,132 085,81,84,199,95,867 441,13 650 779,13 558 142,100,101,mistral_table,mistral_table,no
470,ESMERALDAS,71,169,55,10 819,253 687,253 255,77,82,248,90,1 124 317,25 898 794,25 808 213,100,101,mistral_table,mistral_table,no
471,ESPERA FELIZ,91,283,90,11 207,370 981,370 641,108,114,292,117,1 368 500,51 219 335,51 103 435,100,101,mistral_table,mistral_table,no
472,ESPINOSA,119,282,74,12 653,411 087,408 255,152,165,332,79,1 273 073,45 596 389,45 562 051,100,101,mistral_table,mistral_table,no
473,ESPIRITO SANTO DO DOURADO,10,24,-,532,24 445,22 325,12,12,24,3,55 600,2 248 044,2 044 600,100,101,mistral_table,mistral_table,no
474,ESTIVA,75,196,28,6 068,216 225,216 191,84,86,250,93,519 485,19 720 011,19 720 011,100,101,mistral_table,mistral_table,no
475,ESTRELA DALVA,11,20,6,1 590,19 545,19 545,6,7,26,17,160 974,2 861 090,2 861 090,100,101,mistral_table,mistral_table,no
476,ESTRELA DO INDAIA,23,33,-,1 232,30 754,30 754,26,26,59,5,186 311,2 811 170,2 756 158,100,101,mistral_table,mistral_table,no
477,ESTRELA DO SUL,30,71,10,2 524,59 353,59 353,32,32,49,5,149 021,6 735 900,6 666 876,100,101,mistral_table,mistral_table,no
478,EUGENOPOLIS,46,81,15,2 956,55 884,55 884,46,48,93,20,300 137,4 740 622,4 735 142,100,101,mistral_table,mistral_table,no
479,EMBANK DA CANARA,7,21,7,973,35 764,35 764,10,10,23,8,118 215,5 051 576,5 051 576,100,101,mistral_table,mistral_table,no
480,EXTREMA,81,206,58,9 453,236 629,235 003,62,66,203,97,887 189,31 216 457,26 929 870,100,101,mistral_table,mistral_table,no
481,FAMA,6,8,-,326,4 449,4 409,8,8,12,1,40 349,536 354,536 354,100,101,mistral_table,mistral_table,no
482,FARIA LEMOS,22,33,2,1 505,29 644,29 644,18,18,48,15,135 558,1 868 874,1 868 874,100,101,mistral_table,mistral_table,no
483,FELICIO DOS SANTOS,17,20,1,824,5 765,5 765,16,16,20,1,72 754,918 686,917 559,100,101,mistral_table,mistral_table,no
484,FELISBERTO CALDEIRA,5,9,-,288,5 257,5 257,6,6,10,-,39 621,557 845,537 845,100,101,mistral_table,mistral_table,no
485,FELISBURGO,29,60,11,2 149,27 311,26 681,24,24,35,9,184 573,2 544 553,2 533 713,100,101,mistral_table,mistral_table,no
486,FELIXLANDIA,57,133,26,6 136,125 421,123 831,71,73,175,63,725 830,20 187 736,20 133 764,100,101,mistral_table,mistral_table,no
487,FERNANDES TOURINHO,11,13,-,520,5 634,5 634,14,14,22,1,53 510,859 263,853 895,100,101,mistral_table,mistral_table,no
488,FERROS,59,104,20,5 602,125 362,125 173,50,50,120,41,526 718,11 686 434,11 527 069,100,101,mistral_table,mistral_table,no
489,FLORESTAL,12,26,8,1 507,29 661,29 661,11,12,25,10,159 988,3 081 596,3 080 029,100,101,mistral_table,mistral_table,no
490,FORMIGA,388,1 385,594,109 665,2 775 520,2 752 141,397,423,1 553,786,8 687 107,225 432 559,221 857 711,100,101,mistral_table,mistral_table,no
491,FORMOSO,17,37,9,1 189,20 390,20 390,18,21,56,9,111 377,2 611 048,2 598 308,100,101,mistral_table,mistral_table,no
492,FORTALEZA DE MINAS,22,36,3,1 353,17 793,17 793,16,17,27,7,130 386,2 424 712,2 417 374,100,101,mistral_table,mistral_table,no
493,FORTUNA DE MINAS,7,10,-,281,2 226,2 226,3,3,3,-,11 594,193 020,193 020,100,101,mistral_table,mistral_table,no
494,FRANCISCO BADARO,30,82,-,2 145,16 407,16 223,30,30,76,10,132 505,2 044 104,2 021 105,102,103,mistral_table,mistral_table,no
495,FRANCISCO DUMONT,17,30,-,1 062,17 813,17 695,18,19,22,-,86 957,3 070 578,3 070 578,102,103,mistral_table,mistral_table,no
496,FRANCISCO SA,112,249,54,9 839,210 395,206 769,98,99,215,58,690 061,18 214 472,17 599 561,102,103,mistral_table,mistral_table,no
497,FREI GASPAR,28,37,-,1 376,16 938,16 938,15,15,29,9,87 621,1 015 759,1 010 759,102,103,mistral_table,mistral_table,no
498,FREI INOCENCIO,36,106,38,3 982,128 418,128 392,37,37,137,67,642 482,14 040 192,13 988 842,102,103,mistral_table,mistral_table,no
499,FRONTEIRA,35,98,33,6 226,115 970,115 867,42,43,157,61,499 932,10 998 762,10 889 025,102,103,mistral_table,mistral_table,no
500,FRONTEIRA DOS VALES,19,29,-,1 127,7 055,7 055,16,16,22,2,73 905,795 543,795 543,102,103,mistral_table,mistral_table,no
501,FRUTAL,269,984,433,64 723,2 034 531,2 019 637,289,320,1 387,822,7 699 412,216 882 283,214 391 476,102,103,mistral_table,mistral_table,no
502,FUNILANDIA,4,4,-,260,2 489,2 379,5,5,11,3,29 880,631 199,631 199,102,103,mistral_table,mistral_table,no
503,GALILEIA,43,62,6,2 729,80 072,79 893,51,52,134,54,1 020 941,6 909 479,6 869 049,102,103,mistral_table,mistral_table,no
504,GONÇALVES,22,34,3,1 236,20 507,20 406,19,20,25,3,84 992,1 950 630,1 950 630,102,103,mistral_table,mistral_table,no
505,GONZAGA,18,33,6,1 225,8 432,8 370,12,12,18,-,44 714,550 948,550 948,102,103,mistral_table,mistral_table,no
506,GOUVEA,58,123,45,6 680,193 035,191 658,54,65,160,73,690 536,15 937 610,15 831 542,102,103,mistral_table,mistral_table,no
507,GRÃO MOGOL,73,146,29,7 894,63 243,60 746,62,64,122,23,317 409,7 874 211,7 873 998,102,103,mistral_table,mistral_table,no
508,GRUPIARA,9,18,-,335,7 668,7 668,9,9,20,2,96 931,986 355,962 555,102,103,mistral_table,mistral_table,no
509,GUANHÃES,156,516,137,31 952,664 277,664 127,152,158,507,259,2 729 514,61 272 043,60 543 540,102,103,mistral_table,mistral_table,no
510,QUAPE,48,54,4,3 515,89 626,89 626,55,59,120,23,367 402,15 507 433,15 488 373,102,103,mistral_table,mistral_table,no
511,QUARACIABA,34,74,12,3 314,28 465,28 387,31,32,47,8,259 387,6 110 878,6 110 878,102,103,mistral_table,mistral_table,no
512,QUARANESIA,107,227,27,9 956,255 601,254 941,101,105,253,94,1 127 066,35 864 317,35 782 954,102,103,mistral_table,mistral_table,no
513,QUARANI,59,138,25,6 835,117 766,116 704,54,56,154,47,562 514,9 709 380,9 627 531,102,103,mistral_table,mistral_table,no
514,QUARARA,4,5,1,510,1 773,1 773,7,7,13,1,40 300,659 614,659 614,102,103,mistral_table,mistral_table,no
515,QUARDA-MOR,24,43,1,1 241,42 289,42 289,25,25,59,19,344 132,5 706 423,5 706 423,102,103,mistral_table,mistral_table,no
516,QUAXUPE,288,1 234,505,126 453,4 894 887,4 882 246,285,307,1 689,820,14 391 249,1 619 792 418,1 606 304 722,102,103,mistral_table,mistral_table,no
517,QUIDOVAL,36,68,12,4 545,59 088,59 046,37,37,81,19,245 621,5 016 163,4 996 121,102,103,mistral_table,mistral_table,no
518,QUIMARANIA,33,63,24,3 329,72 224,72 170,39,40,83,16,321 291,5 423 652,5 403 647,102,103,mistral_table,mistral_table,no
519,QUIRICEMA,58,113,16,3 561,59 489,59 489,53,53,74,13,268 715,4 972 839,4 972 839,102,103,mistral_table,mistral_table,no
520,QURINHATÁ,41,50,4,2 559,71 500,71 438,28,29,69,16,399 895,4 552 765,4 405 236,102,103,mistral_table,mistral_table,no
521,HELIODORA,48,82,12,2 976,48 286,48 124,42,42,83,13,295 029,7 849 379,7 717 758,102,103,mistral_table,mistral_table,no
522,IAPU,54,85,7,3 396,51 600,50 949,40,40,73,14,198 698,2 967 668,2 847 720,102,103,mistral_table,mistral_table,no
523,IBERTIOGA,16,34,11,1 797,47 762,47 738,14,17,30,10,120 100,3 829 436,3 828 130,102,103,mistral_table,mistral_table,no
524,IBIA,116,292,111,19 244,442 518,441 574,102,105,287,117,1 773 970,37 260 878,37 091 299,102,103,mistral_table,mistral_table,no
525,IBIAI,25,46,1,1 263,6 198,8 098,24,25,56,17,209 374,9 699 124,9 499 747,102,103,mistral_table,mistral_table,no
526,IBIRACI,34,83,26,4 612,136 865,136 496,40,40,89,35,701 478,14 538 297,14 531 797,102,103,mistral_table,mistral_table,no
527,IBIRITE,95,249,94,18 371,292 035,291 269,107,116,318,135,1 786 917,32 727 782,32 624 541,102,103,mistral_table,mistral_table,no
528,IBITIURA DE MINAS,19,28,-,1 470,27 074,26 942,18,19,26,3,69 273,2 295 822,2 293 702,102,103,mistral_table,mistral_table,no
529,IBITURUNA,13,17,1,1 110,9 988,9 988,9,10,16,3,59 895,1 498 161,1 497 161,102,103,mistral_table,mistral_table,no
530,IGARAPE,80,207,65,13 822,336 314,336 269,105,107,236,76,1 188 676,30 598 254,30 583 854,102,103,mistral_table,mistral_table,no
531,IGARATINGA,23,42,3,1 688,39 873,39 873,25,25,38,8,143 438,5 435 048,5 166 228,102,103,mistral_table,mistral_table,no
532,IGUATAMA,40,116,44,4 276,135 648,135 298,48,49,89,25,361 426,13 971 490,13 962 063,102,103,mistral_table,mistral_table,no
533,IJACI,12,16,1,529,5 722,5 722,9,10,12,3,56 612,1 594 777,1 594 777,102,103,mistral_table,mistral_table,no
534,ILICINEA,56,82,2,3 695,81 993,81 993,72,72,130,20,443 509,10 918 504,10 864 254,102,103,mistral_table,mistral_table,no
535,INCONFIDENTES,32,48,8,3 093,65 529,57 160,27,27,55,6,188 911,5 523 325,5 515 304,102,103,mistral_table,mistral_table,no
536,INDIANOPOLIS,20,31,2,1 257,33 475,33 436,20,20,47,12,234 673,4 977 024,4 937 024,102,103,mistral_table,mistral_table,no
537,INGAI,2,(B),(A),(X),(A),(A),13,14,28,-,80 765,770 576,751 329,102,103,mistral_table,mistral_table,no
538,INHAPIM,119,283,58,13 385,322 323,321 460,129,133,389,136,1 521 531,42 970 189,42 889 149,102,103,mistral_table,mistral_table,no
539,INHAUMA,11,25,8,1 308,28 382,28 382,15,15,56,25,233 456,5 147 909,5 123 332,104,105,mistral_table,mistral_table,no
540,INIMUTABA,11,14,2,940,18 432,18 432,9,10,39,5,302 570,782 340,782 340,104,105,mistral_table,mistral_table,no
541,IPANEMA,120,209,29,9 254,270 342,270 182,114,122,258,74,1 318 565,45 928 613,45 888 201,104,105,mistral_table,mistral_table,no
542,IPIAÇU,34,71,27,3 031,68 483,66 452,32,34,85,32,261 880,4 239 837,4 196 485,104,105,mistral_table,mistral_table,no
543,IPUIUNA,54,142,25,6 218,130 210,129 954,48,49,101,24,304 308,11 518 105,11 482 105,104,105,mistral_table,mistral_table,no
544,IRAI DE MINAS,20,41,1,3 263,35 177,35 177,22,23,83,26,810 057,50 725 344,47 556 098,104,105,mistral_table,mistral_table,no
545,ITABIRA,384,1 494,773,120 375,2 168 014,2 154 686,431,487,1 921,1 197,12 593 163,257 871 974,254 515 977,104,105,mistral_table,mistral_table,no
546,ITABIRINHA DE MANTENA,55,134,41,4 746,105 373,105 183,48,49,100,18,288 671,7 302 827,7 302 827,104,105,mistral_table,mistral_table,no
547,ITABIRITO,131,578,364,39 257,865 967,864 936,134,158,623,365,3 754 857,70 855 566,70 166 391,104,105,mistral_table,mistral_table,no
548,ITACAMBIRA,5,6,2,382,9 083,9 083,13,14,32,17,290 768,1 821 253,1 821 253,104,105,mistral_table,mistral_table,no
549,ITACARAMBI,102,133,12,5 662,71 537,71 507,125,128,217,20,426 199,9 813 678,9 805 178,104,105,mistral_table,mistral_table,no
550,ITAGUARA,59,160,66,9 258,278 147,277 391,49,54,170,67,953 741,26 914 284,26 481 433,104,105,mistral_table,mistral_table,no
551,ITAIPE,40,58,8,2 877,103 538,101 969,47,47,108,23,412 331,9 784 602,9 784 602,104,105,mistral_table,mistral_table,no
552,ITAJUBA,425,1 736,860,156 366,3 031 849,3 017 821,499,550,2 135,1 222,13 945 392,251 723 914,249 827 610,104,105,mistral_table,mistral_table,no
553,ITAMARANDIBA,42,127,57,7 129,150 525,150 525,86,88,217,89,1 336 100,15 152 915,15 144 429,104,105,mistral_table,mistral_table,no
554,ITAMARATI DE MINAS,13,15,-,858,19 267,19 267,17,18,35,7,177 536,4 432 686,4 432 686,104,105,mistral_table,mistral_table,no
555,ITAMBACURI,80,234,59,7 761,214 112,213 677,102,106,277,114,1 301 789,25 956 322,25 848 853,104,105,mistral_table,mistral_table,no
556,ITAMBE DO MATO DENTRO,4,7,1,221,3 812,3 812,6,6,8,-,155 660,465 647,465 647,104,105,mistral_table,mistral_table,no
557,ITAMOGI,62,116,9,4 285,111 224,110 654,67,71,138,37,556 213,24 510 883,24 384 425,104,105,mistral_table,mistral_table,no
558,ITAMONTE,60,161,50,8 823,195 569,194 787,64,69,210,59,1 049 850,20 001 569,19 976 317,104,105,mistral_table,mistral_table,no
559,ITANHANDU,85,259,108,20 971,440 202,439 070,74,82,237,85,1 322 956,29 586 434,29 101 798,104,105,mistral_table,mistral_table,no
560,ITANHOMI,105,146,18,7 440,151 667,151 341,92,96,270,90,712 962,10 988 103,10 903 657,104,105,mistral_table,mistral_table,no
561,ITAOBIM,99,329,99,17 099,420 437,419 477,105,107,447,260,1 679 076,53 259 606,53 182 262,104,105,mistral_table,mistral_table,no
562,ITAPAGIPE,45,164,54,6 546,234 194,234 084,49,56,234,107,987 778,24 295 946,24 131 359,104,105,mistral_table,mistral_table,no
563,ITAPECERICA,159,314,54,13 054,262 069,259 028,147,152,236,61,1 366 438,22 700 116,22 650 201,104,105,mistral_table,mistral_table,no
564,ITAPEVA,22,55,12,2 298,62 514,61 644,24,24,61,11,257 614,6 464 734,6 464 734,104,105,mistral_table,mistral_table,no
565,ITATIAIUÇU,25,52,15,2 818,95 628,92 374,25,25,74,31,374 110,9 449 555,9 443 386,104,105,mistral_table,mistral_table,no
566,ITAUNA,401,1 352,588,103 407,2 938 519,2 928 007,385,416,1 645,887,11 071 817,290 869 181,283 996 917,104,105,mistral_table,mistral_table,no
567,ITAYERAVA,8,12,1,484,6 624,6 624,14,14,30,10,150 788,1 564 001,1 564 001,104,105,mistral_table,mistral_table,no
568,ITINGA,76,171,31,12 059,325 074,322 300,62,63,149,50,865 671,10 272 507,10 205 007,104,105,mistral_table,mistral_table,no
569,ITUETA,20,45,-,869,15 075,15 075,10,10,14,-,38 815,480 042,480 042,104,105,mistral_table,mistral_table,no
570,ITUIUTABA,616,2 387,1 198,178 859,4 116 400,4 086 751,697,753,3 323,1 821,19 878 969,450 209 149,441 753 589,104,105,mistral_table,mistral_table,no
571,ITUMIRIM,15,46,12,1 398,39 099,39 099,24,24,53,10,182 368,3 810 349,3 810 349,104,105,mistral_table,mistral_table,no
572,ITURAMA,250,675,199,36 477,1 227 166,1 213 806,354,376,1 231,580,6 834 973,143 983 790,141 804 254,104,105,mistral_table,mistral_table,no
573,ITUTINGA,15,32,5,1 178,12 485,12 485,17,18,33,6,147 245,4 366 911,4 366 911,104,105,mistral_table,mistral_table,no
574,JABOTICATUBAS,36,73,20,5 082,70 093,67 174,36,38,92,23,546 624,14 161 010,14 161 010,104,105,mistral_table,mistral_table,no
575,JACINTO,68,100,13,4 063,61 886,61 004,84,85,171,44,571 077,6 243 545,6 019 562,104,105,mistral_table,mistral_table,no
576,JACUI,27,39,7,2 495,53 087,53 087,25,26,56,12,280 944,8 278 244,7 949 146,104,105,mistral_table,mistral_table,no
577,JACUTINGA,118,314,102,17 667,485 057,482 701,139,144,431,132,2 467 862,65 085 213,64 739 042,104,105,mistral_table,mistral_table,no
578,JAGUARACU,3,8,1,341,4 409,4 409,5,5,9,1,23 821,192 381,192 381,104,105,mistral_table,mistral_table,no
579,JANAUBA,256,835,266,35 150,1 021 630,1 018 479,288,309,1 104,530,5 130 255,134 577 054,133 191 069,104,105,mistral_table,mistral_table,no
580,JANUARIA,409,882,233,52 213,1 038 289,1 038 241,415,438,1 125,405,4 374 630,80 998 239,80 589 908,104,105,mistral_table,mistral_table,no
581,JAPARAIBA,7,19,8,1 948,13 723,13 683,8,11,18,4,51 673,727 051,727 051,104,105,mistral_table,mistral_table,no
582,JECEABA,17,38,8,1 570,37 258,37 258,17,18,35,11,231 756,3 960 456,3 918 956,104,105,mistral_table,mistral_table,no
583,JEQUERI,83,154,11,4 862,69 875,69 875,69,72,128,14,396 094,5 833 061,5 812 196,104,105,mistral_table,mistral_table,no
584,JEQUITAI,32,73,9,2 189,44 913,43 884,41,41,83,16,866 883,5,902 978,106,107,mistral_table,mistral_table,no
585,JEQUITIBA,8,8,-,236,1 736,1 736,12,12,21,2,198 024,1,549 144,106,107,mistral_table,mistral_table,no
586,JEQUITINHONHA,97,220,53,8 974,185 819,185 649,84,96,184,79,958 348,19,581 823,106,107,mistral_table,mistral_table,no
587,JESUANIA,23,32,3,1 241,38 327,38 327,29,29,81,33,325 457,3,620 739,106,107,mistral_table,mistral_table,no
588,JOAÍMA,63,132,25,6 543,105 770,105 717,47,52,140,75,787 283,12,100 135,106,107,mistral_table,mistral_table,no
589,JOAMESIA,34,49,3,1 971,17 694,17 575,23,23,33,3,104 101,1,632 723,106,107,mistral_table,mistral_table,no
590,JOÃO MONLEVADE,326,1 389,731,98 171,1 985 119,1 978 951,342,392,1 616,963,8 201,087 155,058 032,106,107,mistral_table,mistral_table,no
591,JOÃO PINHEIRO,284,818,276,49 046,1 261 776,1 258 112,317,334,785,242,4 490,418 121,491 919,106,107,mistral_table,mistral_table,no
592,JOAQUIM FELICIO,12,21,4,1 617,17 608,17 608,16,18,72,43,340 227,3,529 179,106,107,mistral_table,mistral_table,no
593,JORDANIA,49,65,8,2 917,48 959,48 959,43,44,98,22,306 487,6,266 571,106,107,mistral_table,mistral_table,no
594,JOSE DE MELO,16,34,11,1 854,52 338,52 338,17,18,43,18,276 009,5,528 144,106,107,mistral_table,mistral_table,no
595,JURAMENTO,37,49,-,1 767,20 781,20 351,32,32,38,2,139 229,1,443 568,106,107,mistral_table,mistral_table,no
596,JURUAÍA,27,45,6,2 062,31 885,30 107,28,29,64,9,214 536,6,567 282,106,107,mistral_table,mistral_table,no
597,LADAINHA,48,71,2,2 536,26 052,26 052,41,41,65,5,172 245,2,285 265,106,107,mistral_table,mistral_table,no
598,LAGAMAR,49,105,5,2 886,46 143,45 509,45,48,115,35,374 843,9,019 344,106,107,mistral_table,mistral_table,no
599,LAGOA DA PRATA,171,595,240,31 396,731 726,728 139,211 228,.633,280,3,102 492,63 176 608,62 265 047,106,107,mistral_table,pdf_text_layout,no
600,LAGOA DOS PATOS,11,22,-,604,7 084,6 866,8,8,17,3,73,105,523 000,106,107,mistral_table,mistral_table,no
601,LAGOA DOURADA,31,54,15,3 600,107 898,107 898,30,31,61,16,374 510,8,163 025,106,107,mistral_table,mistral_table,no
602,LAGOA FORMOSA,72,182,64,9 692,216 925,216 582,74,78,202,73,886 666,17,419 172,106,107,mistral_table,mistral_table,no
603,LAGOA SANTA,105,278,103,16 377,346 506,345 876,136,147,475,264,2 832 643,54,928 811,106,107,mistral_table,mistral_table,no
604,LAJINHA,91,309,131,13 170,300 985,300 943,90,92,282,110,1 172 165,33,402 060,106,107,mistral_table,mistral_table,no
605,LAMBARI,118,279,126,15 390,291 074,289 504,134,146,366,148,1 584 359,25,870 605,106,107,mistral_table,mistral_table,no
606,LAMIM,14,19,-,692,8 818,8 703,42,44,104,29,304 620,6,659 971,106,107,mistral_table,mistral_table,no
607,LARANJAL,41,86,14,3 132,68 227,68 227,42,44,104,29,304 620,6 659 971,6 652 863,106,107,mistral_table,pdf_text_layout,no
608,LASSANCE,15,26,3,1 044,25 472,25 472,15,16,37,10,195 346,4,493 368,106,107,mistral_table,mistral_table,no
609,LAVRAS,429,1 670,780,128 351,3 113 760,3 088 845,386,470,2 154,1 279,13 476,063 311,082 445,106,107,mistral_table,mistral_table,no
610,LEANDRO FERREIRA,20,27,2,1 193,14 204,14 204,16,16,18,1,66,257,833 813,106,107,mistral_table,mistral_table,no
611,LEOPOLDINA,281,1 200,550,104 944,2 226 134,2 211 594,281,316,1 708,925,11 238,146 223,103 577,106,107,mistral_table,mistral_table,no
612,LIBERDADE,34,73,14,3 377,108 147,108 147,41,41,108,24,619 138,9,528 702,106,107,mistral_table,mistral_table,no
613,LIMA DUARTE,88,180,41,12 334,177 673,174 701,83,87,195,54,679 487,13,560 639,106,107,mistral_table,mistral_table,no
614,LUMINARIAS,32,63,5,1 967,24 893,24 567,30,32,71,26,356 146,2,527 028,106,107,mistral_table,mistral_table,no
615,LUZ,91,338,109,19 729,599 794,593 334,112,115,418,204,2 191 128,58,806 586,106,107,mistral_table,mistral_table,no
616,MACHACALIS,32,71,15,2 971,44 644,44 644,30,31,80,17,293 841,4,860 037,106,107,mistral_table,mistral_table,no
617,MACHADO,211,690,243,59 106,1 595 835,1 588 966,207,228,884,440,6 926,326 429,652 580,106,107,mistral_table,mistral_table,no
618,MADRE DE DEUS DE MINAS,15,30,10,1 701,67 831,67 507,13,13,31,13,98 938,2,061 351,106,107,mistral_table,mistral_table,no
619,MALACACHETA,123,224,36,11 056,185 218,183 444,104,107,207,63,856 069,11,668 606,106,107,mistral_table,mistral_table,no
620,MANGA,169,276,33,12 820,178 501,178 342,238,244,636,138,2 192 198,31,496 763,106,107,mistral_table,mistral_table,no
621,MANHUAÇU,368,1 470,641,135 732,3 815 157,3 783 513,434,479,1 969,1 150,14 791,061 486,212 501,106,107,mistral_table,mistral_table,no
622,MANHUMIRIM,186,550,191,37 187,1 317 964,1 316 709,190,199,653,260,2 879,511 137,867 075,106,107,mistral_table,mistral_table,no
623,MANTENA,237,773,272,42 104,1 394 857,1 351 111,212,234,775,444,4 095,141 113,139 246,106,107,mistral_table,mistral_table,no
624,MARAVILHAS,21,35,10,1 690,38 671,38 661,22,23,41,15,293 885,3,482 982,106,107,mistral_table,mistral_table,no
625,MAR DE ESPANHA,53,88,18,4 341,122 931,122 931,58,60,136,38,434 701,12,532 590,106,107,mistral_table,mistral_table,no
626,MARIA DA FE,52,137,68,10 362,210 536,204 102,57,64,166,79,913 738,21,385 988,106,107,mistral_table,mistral_table,no
627,MARIANA,119,361,133,19 833,534 009,533 843,139,158,515,240,2 253 683,56,182 833,106,107,mistral_table,mistral_table,no
628,MARILAC,16,34,-,870,13 300,13 300,15,16,38,3,105 987,2,311 813,106,107,mistral_table,mistral_table,no
629,MARIPA DE MINAS,10,26,3,813,10 067,9 455,10,11,20,5,68 075,1 528 515,1 528 515,108,109,mistral_table,mistral_table,no
630,MARLIERIA,9,10,1,488,11 926,11 926,12,12,18,4,63 667,980 035,980 035,108,109,mistral_table,mistral_table,no
631,MARMELOPOLIS,11,22,4,1 225,22 546,22 546,12,13,27,8,131 800,1 718 046,1 696 513,108,109,mistral_table,mistral_table,no
632,MARTINHO CAMPOS,62,91,11,4 606,121 743,121 730,71,74,153,33,594 518,12 147 784,12 046 206,108,109,mistral_table,mistral_table,no
633,MATERLANDIA,8,10,1,520,9 860,9 860,14,14,26,2,65 705,1 408 977,1 367 285,108,109,mistral_table,mistral_table,no
634,MATEUS LEME,76,226,71,12 546,350 058,347 636,92,100,370,194,1 890 147,36 691 344,36 021 332,108,109,mistral_table,mistral_table,no
635,MATIAS BARBOSA,45,160,71,9 571,221 783,219 325,48,54,167,94,930 879,21 706 636,21 675 566,108,109,mistral_table,mistral_table,no
636,MATIPO,58,134,28,5 706,182 348,180 653,72,74,208,79,940 129,122 104 768,121 435 066,108,109,mistral_table,mistral_table,no
637,MATO VERDE,139,314,36,9 582,234 009,234 009,155,156,312,57,1 041 593,31 847 477,31 352 348,108,109,mistral_table,mistral_table,no
638,MATOZINHOS,83,291,113,16 949,400 500,390 892,88,95,408,162,2 590 460,48 030 381,43 813 731,108,109,mistral_table,mistral_table,no
639,MATUTINA,28,55,20,7 402,56 190,56 140,24,26,61,21,239 333,1 368 637,1 368 637,108,109,mistral_table,mistral_table,no
640,MEDEIROS,10,17,-,827,9 321,9 321,12,12,16,-,61 879,796 463,796 463,108,109,mistral_table,mistral_table,no
641,MEDINA,104,162,21,8 909,202 419,197 244,102,105,192,60,824 483,18 759 546,18 759 546,108,109,mistral_table,mistral_table,no
642,MENDES PIMENTEL,46,78,3,2 739,45 234,44 740,39,39,78,8,218 065,4 136 214,4 136 214,108,109,mistral_table,mistral_table,no
643,MERCES,58,135,23,4 698,107 999,107 381,52,52,99,18,325 743,8 445 869,8 445 869,108,109,mistral_table,mistral_table,no
644,MESQUITA,79,128,11,6 120,463 921,463 735,52,55,143,49,549 848,58 551 571,58 551 571,108,109,mistral_table,mistral_table,no
645,MINAS NOVAS,107,214,36,9 553,138 111,137 935,101,108,195,32,781 377,12 781 805,12 682 398,108,109,mistral_table,mistral_table,no
646,MINDURI,14,31,6,1 801,47 345,47 117,18,19,41,11,177 063,4 015 715,4 006 228,108,109,mistral_table,mistral_table,no
647,MIRABELA,68,105,13,3 789,63 413,63 413,54,55,83,10,304 946,7 079 103,7 079 103,108,109,mistral_table,mistral_table,no
648,MIRADOURO,52,170,63,10 677,218 588,218 542,44,47,191,100,1 059 503,28 761 042,28 124 530,108,109,mistral_table,mistral_table,no
649,MIRAI,78,177,29,5 856,131 337,131 337,76,77,162,37,576 371,12 560 839,12 447 858,108,109,mistral_table,mistral_table,no
650,MOEDA,20,51,15,3 173,52 267,51 285,18,19,57,20,229 335,3 698 876,3 662 952,108,109,mistral_table,mistral_table,no
651,MOEMA,39,77,18,3 805,83 696,79 546,45,45,106,30,700 638,8 629 062,8 469 459,108,109,mistral_table,mistral_table,no
652,MONJOLOS,8,11,1,322,6 332,6 332,9,9,15,2,50 935,585 696,585 696,108,109,mistral_table,mistral_table,no
653,MONSENHOR PAULO,34,57,8,2 937,63 930,63 930,38,41,71,16,274 261,6 504 974,6 501 270,108,109,mistral_table,mistral_table,no
654,MONTALVANIA,104,207,35,9 003,144 636,143 219,105,113,255,76,2 032 228,24 593 146,24 476 546,108,109,mistral_table,mistral_table,no
655,MONTE ALEGRE DE MINAS,100,275,86,17 926,499 499,498 887,107,112,249,103,1 550 671,41 232 227,40 516 500,108,109,mistral_table,mistral_table,no
656,MONTE AZUL,229,475,81,26 932,547 735,546 380,314,337,740,162,2 563 705,58 410 991,58 145 266,108,109,mistral_table,mistral_table,no
657,MONTE BELO,85,137,10,6 033,83 498,83 402,81,83,142,16,591 469,10 900 544,10 900 544,108,109,mistral_table,mistral_table,no
658,MONTE CARMELO,211,670,247,41 979,1 211 385,1 206 958,217,231,905,417,3 961 639,123 973 726,121 699 760,108,109,mistral_table,mistral_table,no
659,MONTE SANTO DE MINAS,156,414,124,24 092,643 665,643 425,122,129,366,181,2 391 279,57 053 886,56 812 182,108,109,mistral_table,mistral_table,no
660,MONTE SIÃO,88,162,37,11 009,252 566,252 342,161,175,360,114,2 595 023,58 663 982,58 662 795,108,109,mistral_table,mistral_table,no
661,MORADA NOVA DE MINAS,39,65,15,3 376,56 694,56 556,34,37,59,12,223 908,7 056 628,7 055 993,108,109,mistral_table,mistral_table,no
662,MORRO DA GARÇA,5,6,1,238,1 211,1 211,6,6,7,-,44 859,761 029,753 252,108,109,mistral_table,mistral_table,no
663,MORRO DO PILAR,21,41,3,1 446,31 118,31 118,19,21,36,4,100 632,1 216 913,1 208 913,108,109,mistral_table,mistral_table,no
664,MUNHOZ,24,46,2,1 587,36 345,36 021,23,23,41,4,155 439,3 286 921,3 275 101,108,109,mistral_table,mistral_table,no
665,MURIAE,617,2 461,1 117,191 747,4 492 049,4 433 923,682,738,3 337,1 942,19 737 065,472 809 318,459 225 086,108,109,mistral_table,mistral_table,no
666,MUTUM,111,284,57,13 257,254 197,253 054,98,103,303,114,993 437,26 628 486,26 563 326,108,109,mistral_table,mistral_table,no
667,MUZAMBINHO,134,353,149,25 701,678 247,672 484,124,132,490,253,3 347 206,179 855 340,179 330 838,108,109,mistral_table,mistral_table,no
668,NACIP RAYDAN,18,26,-,865,8 460,8 460,12,12,13,1,84 065,700 990,700 990,108,109,mistral_table,mistral_table,no
669,NANUQUE,256,972,501,75 160,1 540 362,1 531 560,267,305,1 228,728,7 059 718,168 878 382,167 585 965,108,109,mistral_table,mistral_table,no
670,NATERCIA,16,34,12,2 054,65 225,54 321,21,24,53,12,215 323,5 181 010,5 126 252,108,109,mistral_table,mistral_table,no
671,NAZARENO,34,53,3,2 058,52 763,52 763,32,33,45,3,143 370,3 331 393,3 312 253,108,109,mistral_table,mistral_table,no
672,NEPOMUCENO,127,307,118,19 985,568 066,559 479,116,127,360,193,2 084 717,70 539 649,70 113 254,108,109,mistral_table,mistral_table,no
673,NOVA ERA,96,310,139,22 880,459 635,448 330,88,92,247,145,1 460 863,38 319 242,37 875 935,108,109,mistral_table,mistral_table,no
674,NOVA LIMA,160,633,367,46 683,1 072 363,1 070 385,187,215,815,497,4 322 162,101 027 009,100 736 458,110,111,mistral_table,mistral_table,no
675,NOVA MODICA,25,41,8,1 447,18 950,18 899,27,28,63,28,173 394,1 990 740,1 990 740,110,111,mistral_table,mistral_table,no
676,NOVA PONTE,13,32,9,1 833,37 198,37 198,28,28,69,27,226 874,7 071 792,6 978 660,110,111,mistral_table,mistral_table,no
677,NOVA RESENDE,75,117,4,6 299,102 340,101 966,72,77,172,53,764 273,22 995 002,22 908 082,110,111,mistral_table,mistral_table,no
678,NOVA SERRANA,68,165,25,6 605,227 870,226 041,67,75,206,87,968 486,42 752 365,42 748 135,110,111,mistral_table,mistral_table,no
679,NOVO CRUZEIRO,74,122,15,5 156,85 096,85 096,73,74,174,35,681 428,11 110 915,11 099 315,110,111,mistral_table,mistral_table,no
680,GLARIA,11,15,2,528,7 374,7 374,10,10,18,2,54 335,696 997,696 997,110,111,mistral_table,mistral_table,no
681,OLIMPIO MORONHA,10,21,4,1 338,19 219,18 824,11,11,18,1,33 663,525 139,471 139,110,111,mistral_table,mistral_table,no
682,OLIVEIRA,286,1 024,392,69 670,1 621 866,1 615 797,275,315,1 111,548,5 295 703,136 520 847,136 430 053,110,111,mistral_table,mistral_table,no
683,OLIVEIRA FORTES,5,7,1,488,5 858,5 858,8,8,11,1,61 189,1 154 111,1 154 111,110,111,mistral_table,mistral_table,no
684,ONÇA DE PITANGUI,7,8,-,362,3 842,3 842,6,6,7,-,23 128,231 791,231 791,110,111,mistral_table,mistral_table,no
685,OURO BRANCO,74,201,63,9 948,322 165,321 185,80,85,299,156,1 307 105,25 933 242,25 933 242,110,111,mistral_table,mistral_table,no
686,OURO FINO,171,551,199,39 769,705 240,699 114,185,192,620,331,3 670 674,100 085 909,99 551 683,110,111,mistral_table,mistral_table,no
687,OURO PRETO,251,890,498,59 836,1 437 756,1 429 088,234,272,1 029,591,6 505 973,128 951 527,125 466 765,110,111,mistral_table,mistral_table,no
688,OURO VERDE DE MINAS,57,73,4,2 978,29 316,29 316,41,42,115,38,307 717,5 276 773,5 273 163,110,111,mistral_table,mistral_table,no
689,PADRE PARAISO,57,87,23,4 775,166 083,166 083,56,59,136,27,518 232,12 395 831,12 371 301,110,111,mistral_table,mistral_table,no
690,PAINEIRAS,40,63,2,2 315,37 211,36 977,37,38,62,7,209 243,4 888 030,4 869 722,110,111,mistral_table,mistral_table,no
691,PAINS,60,139,23,6 208,157 281,157 266,49,51,134,57,978 286,18 898 304,18 457 373,110,111,mistral_table,mistral_table,no
692,PAIVA,7,9,-,278,2 436,2 436,6,6,8,-,28 222,417 182,417 182,110,111,mistral_table,mistral_table,no
693,PALMA,45,110,26,3 829,53 709,53 709,33,34,59,16,233 581,4 148 140,4 141 880,110,111,mistral_table,mistral_table,no
694,PAPAGAIOS,42,100,30,4 440,108 352,108 352,52,53,125,26,419 140,11 969 355,11 940 582,110,111,mistral_table,mistral_table,no
695,PARACATU,258,800,316,61 709,1 794 573,1 788 065,303,335,1 355,648,10 098 910,219 548 904,215 499 121,110,111,mistral_table,mistral_table,no
696,PARA DE MINAS,321,1 326,570,99 402,2 554 075,2 545 475,342,377,1 610,917,10 283 882,299 282 800,297 396 082,110,111,mistral_table,mistral_table,no
697,PARAGUAÇU,106,314,106,20 251,414 781,412 053,97,101,288,128,1 678 282,60 291 967,60 168 618,110,111,mistral_table,mistral_table,no
698,PARAISOPolis,127,294,65,13 658,370 257,369 808,118,122,235,73,1 133 948,30 891 275,30 882 890,110,111,mistral_table,mistral_table,no
699,PARAOPBBA,57,213,105,13 696,286 017,281 398,56,64,206,117,946 260,25 466 897,25 401 592,110,111,mistral_table,mistral_table,no
700,PASSABEM,4,6,-,157,779,764,5,5,6,1,8 640,121 393,121 393,110,111,mistral_table,mistral_table,no
701,PASSA QUATRO,78,192,64,13 207,232 083,230 255,77,81,188,84,1 048 248,20 636 718,20 572 774,110,111,mistral_table,mistral_table,no
702,PASSA TEMPO,47,64,10,4 413,66 764,66 414,69,71,146,26,403 173,14 480 243,14 480 243,110,111,mistral_table,mistral_table,no
703,PASSA VINTE,8,21,10,1 050,19 127,19 127,9,9,29,9,89 970,996 975,996 975,110,111,mistral_table,mistral_table,no
704,PASSOS,647,1 823,725,126 387,3 275 545,3 255 517,539,586,2 184,1 285,13 061 021,342 703 468,338 949 598,110,111,mistral_table,mistral_table,no
705,PATOS DE MINAS,631,2 262,978,195 776,4 590 666,4 553 021,627,713,3 277,1 852,22 632 118,516 225 797,501 956 088,110,111,mistral_table,mistral_table,no
706,PATROCINIO,268,1 031,410,60 417,2 218 863,2 205 117,366,396,1 715,966,11 152 189,476 038 431,467 542 351,110,111,mistral_table,mistral_table,no
707,PATROCINIO DO MURIAE,32,62,1,1 649,36 506,36 232,24,24,56,7,137 733,3 067 742,3 054 492,110,111,mistral_table,mistral_table,no
708,PAULA CANDIDO,35,73,9,2 438,58 841,58 561,31,31,70,20,300 213,4 043 463,4 035 298,110,111,mistral_table,mistral_table,no
709,PAULISTAS,20,27,-,973,16 872,16 872,11,11,24,12,81 150,499 251,499 251,110,111,mistral_table,mistral_table,no
710,PAVÃO,38,70,12,2 859,61 595,61 595,36,37,90,19,266 252,5 533 993,5 398 973,110,111,mistral_table,mistral_table,no
711,PEÇANHA,76,146,20,5 242,113 993,113 993,57,57,128,41,527 096,7 047 507,7 034 183,110,111,mistral_table,mistral_table,no
712,PEDRA AZUL,127,278,94,16 459,408 622,408 447,133,143,282,97,1 568 049,37 370 438,37 348 853,110,111,mistral_table,mistral_table,no
713,PEDRA DU ANTA,23,36,-,1 313,14 231,14 170,21,21,27,1,72 720,1 174 051,1 174 051,110,111,mistral_table,mistral_table,no
714,PEDRA DO INDAIA,15,18,-,829,18 092,18 092,13,13,16,1,83 824,1 978 106,1 978 106,110,111,mistral_table,mistral_table,no
715,PEDRA DOURADA,4,4,-,183,1 993,1 993,4,4,5,1,19 320,509 960,509 960,110,111,mistral_table,mistral_table,no
716,PEDRALVA,55,120,23,5 315,137 451,132 006,47,51,140,49,488 452,13 564 300,13 264 357,110,111,mistral_table,mistral_table,no
717,PEDRINOPOLIS,23,29,1,806,21 077,21 077,21,23,36,3,124 095,3 793 978,3 793 978,110,111,mistral_table,mistral_table,no
718,PEDRO LEOPOLDO,182,676,331,46 058,930 156,927 610,199,228,831,448,4 601 267,85 648 494,84 968 910,110,111,mistral_table,mistral_table,no
719,PEDRO TEIXEIRA,2,(A),(A),(X),(A),(A),4,4,5,-,23 220,220 340,220 340,112,113,mistral_table,mistral_table,no
720,PEQUERI,18,31,1,1 100,21 689,21 689,20,20,38,5,129 534,2 563 678,2 478 726,112,113,mistral_table,mistral_table,no
721,PEQUI,13,20,1,608,10 592,10 592,13,13,24,-,74 947,852 325,852 325,112,113,mistral_table,mistral_table,no
722,PERDIGÃO,24,48,11,1 847,45 739,45 739,24,25,79,16,209 352,9 270 630,9 267 185,112,113,mistral_table,mistral_table,no
723,PERDIZES,33,94,15,5 058,111 351,109 311,40,42,106,44,712 499,13 469 957,13 311 555,112,113,mistral_table,mistral_table,no
724,PERDÕES,105,336,145,19 479,473 969,470 456,112,122,306,140,1 456 344,40 393 055,40 375 944,112,113,mistral_table,mistral_table,no
725,PESCADOR,24,37,2,1 226,12 676,12 676,32,33,77,37,165 988,2 197 729,2 197 729,112,113,mistral_table,mistral_table,no
726,PIAU,14,36,4,840,7 758,7 758,19,19,22,2,83 707,1 156 706,1 156 706,112,113,mistral_table,mistral_table,no
727,PIEDADE DE PONTE NOVA,26,29,3,1 329,14 677,14 677,26,26,43,10,171 892,2 145 878,2 145 878,112,113,mistral_table,mistral_table,no
728,PIEDADE DO RIO GRANDE,27,39,6,1 674,31 962,31 766,24,25,40,6,116 622,3 032 988,3 029 088,112,113,mistral_table,mistral_table,no
729,PIEDADE DOS GERAIS,8,13,-,491,4 905,4 905,14,14,17,-,56 246,1 346 832,1 346 832,112,113,mistral_table,mistral_table,no
730,PIMENTA,38,62,11,2 506,55 322,55 008,34,34,58,11,203 835,5 537 711,5 537 711,112,113,mistral_table,mistral_table,no
731,PIRACEMA,25,52,2,2 392,18 409,18 409,27,28,62,7,139 843,1 958 528,1 958 528,112,113,mistral_table,mistral_table,no
732,PIRAJUBA,19,39,4,1 052,41 052,41 052,21,22,51,14,139 579,4 916 076,4 908 076,112,113,mistral_table,mistral_table,no
733,PIRANGA,47,101,15,6 180,80 335,80 300,39,40,85,11,582 049,6 180 279,6 180 279,112,113,mistral_table,mistral_table,no
734,PIRANQUÇU,7,14,1,412,2 560,2 560,11,11,19,2,70 718,751 318,751 318,112,113,mistral_table,mistral_table,no
735,PIRANGUINHO,18,38,6,1 164,43 778,38 788,25,25,40,7,255 520,3 653 895,3 637 895,112,113,mistral_table,mistral_table,no
736,PIRAPETINGA,43,84,28,4 137,93 157,93 157,50,52,119,52,839 358,9 347 445,9 201 131,112,113,mistral_table,mistral_table,no
737,PIRAPORA,207,792,359,58 710,1 280 092,1 267 937,240,258,985,576,5 971 709,115 481 019,113 526 921,112,113,mistral_table,mistral_table,no
738,PIRAUBA,64,134,33,4 743,125 459,125 459,75,75,181,97,681 220,8 341 457,8 341 457,112,113,mistral_table,mistral_table,no
739,PITANGUI,114,260,104,13 552,432 335,432 335,124,136,356,170,1 426 288,58 864 042,58 864 042,112,113,mistral_table,mistral_table,no
740,PIUI,198,406,120,21 036,744 568,740 827,242,249,675,243,2 903 690,348 084 647,347 565 750,112,113,mistral_table,mistral_table,no
741,PLANURA,34,84,21,3 597,113 336,113 243,38,40,97,43,419 149,11 038 885,10 746 089,112,113,mistral_table,mistral_table,no
742,POÇO FUNDO,83,207,27,6 803,177 231,177 231,99,101,283,55,695 030,18 974 992,18 890 624,112,113,mistral_table,mistral_table,no
743,POCRANE,48,103,7,2 696,55 642,55 556,53,54,99,13,289 564,8 953 976,8 908 045,112,113,mistral_table,mistral_table,no
744,POMPEU,131,240,72,14 504,390 373,389 490,149,158,323,100,1 934 714,41 450 611,41 365 038,112,113,mistral_table,mistral_table,no
745,PONTE NOVA,444,1 871,841,165 568,4 166 770,4 154 828,422,507,2 564,1 522,19 839 215,496 989 737,492 933 520,112,113,mistral_table,mistral_table,no
746,PORTEIRINHA,292,640,129,22 505,547 420,544 457,296,312,740,260,4 125 687,82 394 236,82 044 926,112,113,mistral_table,mistral_table,no
747,PORTO FIRME,43,73,17,3 373,48 819,48 819,46,47,67,18,245 159,3 379 950,3 368 550,112,113,mistral_table,mistral_table,no
748,POTE,68,99,2,3 330,56 045,56 045,76,76,106,17,332 544,5 473 448,5 473 448,112,113,mistral_table,mistral_table,no
749,POUSO ALEGRE,442,2 080,1 135,164 351,3 615 364,3 591 177,506,568,2 742,1 694,18 504 705,379 326 745,373 306 221,112,113,mistral_table,mistral_table,no
750,POUSO ALTO,37,64,14,3 628,69 960,69 924,23,26,63,22,220 452,4 470 178,4 454 787,112,113,mistral_table,mistral_table,no
751,PRADOS,25,52,15,1 782,23 562,23 562,19,22,60,15,180 522,3 546 368,3 546 368,112,113,mistral_table,mistral_table,no
752,PRATA,98,230,87,15 560,475 317,474 749,124,135,341,90,2 600 647,55 993 589,55 358 107,112,113,mistral_table,mistral_table,no
753,PRATAPOLIS,130,311,30,10 502,289 221,288 430,127,135,361,123,1 583 504,36 541 780,36 516 300,112,113,mistral_table,mistral_table,no
754,PRATINHA,11,17,1,641,13 170,13 090,9,10,13,4,39 449,1 348 652,1 348 652,112,113,mistral_table,mistral_table,no
755,CALAMBAU,16,26,-,1 579,18 674,18 674,20,20,36,4,193 677,1 959 131,1 959 131,112,113,mistral_table,mistral_table,no
756,PRESIDENTE JUSCELINO,9,16,1,768,5 342,5 342,8,8,16,2,48 534,704 085,688 616,112,113,mistral_table,mistral_table,no
757,PRESIDENTE KUBITSCHEK,8,9,-,901,4 455,4 455,12,12,18,-,81 435,452 377,440 611,112,113,mistral_table,mistral_table,no
758,PRESIDENTE OLEGARIO,95,186,29,6 477,160 361,160 052,85,90,219,64,701 827,18 548 978,18 470 529,112,113,mistral_table,mistral_table,no
759,PRESIDENTE SOARES,32,52,7,4 607,162 882,162 882,31,31,73,14,252 683,8 854 098,8 852 905,112,113,mistral_table,mistral_table,no
760,PRUDENTE DE MORAIS,10,22,-,1 048,12 312,12 312,10,11,27,13,83 309,1 887 670,1 887 670,112,113,mistral_table,mistral_table,no
761,QUARTEL GERAL,9,13,-,557,14 763,14 763,12,12,29,6,78 896,1 219 071,1 217 771,112,113,mistral_table,mistral_table,no
762,QUELUZITA,4,7,-,194,1 299,1 299,4,4,5,-,29 977,321 142,321 142,112,113,mistral_table,mistral_table,no
763,RAPOSOS,30,79,30,4 510,93 660,93 468,40,46,117,46,464 589,7 885 875,7 885 875,112,113,mistral_table,mistral_table,no
764,RAUL SOARES,169,418,105,20 357,422 327,420 230,179,189,486,136,2 584 652,36 964 394,36 545 349,114,115,mistral_table,mistral_table,no
765,RECREIO,72,142,27,6 888,199 741,199 188,82,83,192,54,702 183,17 102 984,17 045 132,114,115,mistral_table,mistral_table,no
766,RESENDE COSTA,35,79,11,2 756,74 850,74 395,48,52,85,22,292 670,9 070 386,9 070 386,114,115,mistral_table,mistral_table,no
767,RESPLENDOR,114,352,124,16 467,541 327,541 327,86,95,335,178,1 523 204,37 220 726,37 065 446,114,115,mistral_table,mistral_table,no
768,RESSAGUINHA,24,60,21,4 908,115 562,115 562,22,23,58,26,341 729,7 887 360,7 887 170,114,115,mistral_table,mistral_table,no
769,RIACHO DOS MACHADOS,30,64,3,1 468,15 399,15 380,21,22,59,16,171 904,1 576 882,1 576 882,114,115,mistral_table,mistral_table,no
770,RIBEIRÃO DAS NEVES,163,359,73,21 118,330 981,330 490,211,225,563,217,2 983 663,40 575 201,40 220 026,114,115,mistral_table,mistral_table,no
771,RIBEIRÃO VERMELHO,19,33,11,1 907,38 524,37 987,11,13,30,13,197 875,5 363 642,5 354 327,114,115,mistral_table,mistral_table,no
772,RIO ACIMA,20,46,16,2 638,52 119,52 119,25,25,58,15,287 619,5 615 763,5 615 763,114,115,mistral_table,mistral_table,no
773,RIO CASCA,98,290,152,17 606,478 540,471 959,107,120,354,145,1 855 309,46 186 776,46 013 343,114,115,mistral_table,mistral_table,no
774,RIO DOCE,7,16,7,835,15 054,15 054,9,10,18,7,77 753,1 259 489,1 259 489,114,115,mistral_table,mistral_table,no
775,RIO DO PRADO,45,79,2,2 523,45 699,45 699,56,57,132,43,251 130,4 611 386,4 611 386,114,115,mistral_table,mistral_table,no
776,RIO ESPERA,25,39,-,1 312,16 768,16 768,22,22,36,-,140 964,1 641 180,1 641 180,114,115,mistral_table,mistral_table,no
777,RIO MANSO,15,30,-,692,6 289,6 289,13,13,24,-,49 004,1 004 264,1 004 264,114,115,mistral_table,mistral_table,no
778,RIO NOVO,53,105,26,4 548,100 462,100 462,65,66,161,61,574 044,16 747 102,16 747 102,114,115,mistral_table,mistral_table,no
779,RIO PARANAIBA,32,61,13,2 196,48 101,46 760,43,47,170,106,1 082 625,11 936 425,11 922 284,114,115,mistral_table,mistral_table,no
780,RIO PARDO DE MINAS,149,258,4,9 618,93 424,92 797,109,113,209,21,734 996,14 138 689,14 055 174,114,115,mistral_table,mistral_table,no
781,RIO PIRACICABA,56,138,48,8 312,257 850,257 338,52,55,210,131,1 032 729,24 010 883,23 739 816,114,115,mistral_table,mistral_table,no
782,RIO POMBA,109,299,99,15 337,324 091,317 665,102,109,271,99,1 251 690,25 283 141,24 699 060,114,115,mistral_table,mistral_table,no
783,RIO PRETO,30,44,12,2 610,48 131,48 131,31,32,72,25,277 170,5 303 907,5 303 907,114,115,mistral_table,mistral_table,no
784,RIO VERMELHO,46,98,15,3 242,31 594,31 594,47,47,90,17,279 860,5 999 020,5 831 068,114,115,mistral_table,mistral_table,no
785,RITAPOLIS,19,30,1,1 120,15 534,15 534,20,20,28,5,102 781,1 745 567,1 660 567,114,115,mistral_table,mistral_table,no
786,ROCHEDO DE MINAS,5,8,-,394,4 889,4 889,9,10,26,6,64 967,1 564 013,1 564 013,114,115,mistral_table,mistral_table,no
787,RODEIRO,20,28,2,1 093,15 382,15 366,17,17,30,8,139 471,2 229 667,2 229 455,114,115,mistral_table,mistral_table,no
788,ROMARIA,11,27,2,776,26 755,26 392,12,12,25,3,73 961,1 912 363,1 882 088,114,115,mistral_table,mistral_table,no
789,RUBELITA,30,52,5,1 706,19 331,19 311,29,29,45,5,162 619,1 983 182,1 930 182,114,115,mistral_table,mistral_table,no
790,RUBIM,69,138,56,6 097,131 477,131 339,67,70,171,87,931 082,10 954 756,10 944 673,114,115,mistral_table,mistral_table,no
791,SABARA,177,571,307,43 497,1 137 017,1 134 312,207,238,753,415,5 917 085,90 351 641,90 074 428,114,115,mistral_table,mistral_table,no
792,SABINOPOLIS,51,123,27,8 132,100 761,100 761,53,55,98,25,446 343,9 721 218,9 610 459,114,115,mistral_table,mistral_table,no
793,SACRAMENTO,121,314,123,24 384,593 909,593 556,128,137,446,207,3 724 082,54 548 556,54 155 804,114,115,mistral_table,mistral_table,no
794,SALINAS,196,380,72,18 266,332 228,328 582,210,234,518,164,2 071 434,41 062 964,40 782 530,114,115,mistral_table,mistral_table,no
795,SALTO DA DIVISA,53,133,34,3 702,68 499,68 204,34,39,64,15,274 287,4 377 724,4 302 738,114,115,mistral_table,mistral_table,no
796,SANTA BARBARA,58,227,122,17 052,468 686,468 689,74,84,318,203,1 647 476,48 798 292,48 770 592,114,115,mistral_table,mistral_table,no
797,SANTA BARBARA DO TUGURIO,8,31,-,627,10 153,10 123,9,10,18,3,73 841,1 324 564,1 324 564,114,115,mistral_table,mistral_table,no
798,SANTA CRUZ DO ESCALVADO,32,36,1,1 102,8 430,8 430,19,21,34,4,82 319,863 683,863 683,114,115,mistral_table,mistral_table,no
799,SANTA EFIGENIA DE MINAS,12,21,2,806,7 590,7 590,15,15,20,-,52 645,441 095,441 095,114,115,mistral_table,mistral_table,no
800,SANTA FE DE MINAS,7,14,1,652,5 390,5 390,6,7,10,-,64 074,1 100 180,1 100 180,114,115,mistral_table,mistral_table,no
801,SANTA JULIANA,30,69,14,4 218,78 670,78 670,34,41,93,36,422 549,25 673 371,25 670 391,114,115,mistral_table,mistral_table,no
802,SANTA LUZIA,165,525,218,35 008,728 577,721 139,245,273,717,307,4 019 698,74 345 140,73 958 098,114,115,mistral_table,mistral_table,no
803,SANTA MARGARIDA,49,91,17,6 664,124 785,124 523,41,41,113,34,515 472,29 014 074,28 998 923,114,115,mistral_table,mistral_table,no
804,SANTA MARIA DE ITABIRA,29,120,50,8 378,179 836,179 829,27,32,99,56,603 378,11 872 133,11 767 315,114,115,mistral_table,mistral_table,no
805,SANTA MARIA DO SALTO,27,55,15,2 664,37 029,36 492,28,28,53,13,231 865,2 506 693,2 469 063,114,115,mistral_table,mistral_table,no
806,SANTA MARIA DO SUAQUI,72,216,87,12 713,209 574,205 949,148,148,386,214,1 656 544,25 511 149,25 511 149,114,115,mistral_table,mistral_table,no
807,SANTANA DA VARGEM,26,41,1,2 256,86 446,86 446,24,24,49,11,287 472,5 427 387,5 427 387,114,115,mistral_table,mistral_table,no
808,SANTANA DE CATAGUASES,14,22,-,797,6 989,6 989,10,10,14,-,41 059,576 164,576 164,114,115,mistral_table,mistral_table,no
809,SANTANA DE PIRAPAMA,25,40,3,1 421,37 292,37 292,29,30,59,9,234 925,4 280 545,4 280 545,116,117,mistral_table,mistral_table,no
810,SANTANA DO DESERTO,12,22,3,1 067,8 640,8 640,12,12,22,9,98 646,1 673 064,1 632 464,116,117,mistral_table,mistral_table,no
811,SANTANA DO GARAMBEU,3,3,-,144,828,828,4,4,5,-,53 594,269 284,269 284,116,117,mistral_table,mistral_table,no
812,SANTANA DO JACARE,31,63,-,2 296,27 588,27 588,32,32,82,31,312 185,2 436 196,2 409 445,116,117,mistral_table,mistral_table,no
813,SANTANA DO MANHUAÇU,24,41,-,2 548,30 241,29 901,41,43,102,23,273 038,6 816 785,6 811 385,116,117,mistral_table,mistral_table,no
814,SANTANA DO RIACHO,8,16,-,415,2 960,2 960,5,5,8,1,32 400,646 572,646 572,116,117,mistral_table,mistral_table,no
815,SANTANA DOS MONTES,20,30,-,1 128,8 580,8 580,15,15,20,-,77 716,505 142,505 142,116,117,mistral_table,mistral_table,no
816,SANTA RITA DE CALDAS,45,116,37,5 379,109 061,108 045,54,57,130,36,569 906,11 141 455,10 616 422,116,117,mistral_table,mistral_table,no
817,SANTA RITA DE JACUTINGA,29,48,5,2 667,53 376,53 376,47,48,99,37,292 733,3 147 715,3 147 715,116,117,mistral_table,mistral_table,no
818,SANTA RITA DO IBITIPOCA,16,18,-,806,7 424,7 424,15,15,21,-,54 798,907 463,907 463,116,117,mistral_table,mistral_table,no
819,SANTA RITA DO ITUETO,17,31,3,915,12 610,12 610,11,11,13,-,42 857,689 558,689 558,116,117,mistral_table,mistral_table,no
820,SANTA RITA DO SAPUCAI,152,401,188,27 372,790 660,788 636,140,155,449,224,2 196 645,52 294 087,51 743 837,116,117,mistral_table,mistral_table,no
821,SANTA ROSA DA SERRA,17,28,1,1 678,14 321,14 321,18,18,37,4,97 116,1 917 701,1 860 770,116,117,mistral_table,mistral_table,no
822,SANTA VITORIA,160,414,89,22 167,413 622,400 905,129,138,429,185,2 189 391,43 903 710,43 254 796,116,117,mistral_table,mistral_table,no
823,SANTO ANTONIO DO AMPARO,72,150,41,10 845,463 427,457 723,66,73,198,96,1 105 850,62 458 445,62 358 554,116,117,mistral_table,mistral_table,no
824,SANTO ANTONIO DO AVENTUREIRO,6,12,5,800,9 671,9 671,5,7,12,6,66 782,1 026 438,1 026 438,116,117,mistral_table,mistral_table,no
825,SANTO ANTONIO DO GRAMA,23,39,7,1 148,19 307,19 097,29,29,50,2,148 231,2 681 914,2 680 882,116,117,mistral_table,mistral_table,no
826,SANTO ANTONIO DO ITAMBE,7,12,-,867,7 737,7 737,7,7,10,2,75 063,756 652,729 152,116,117,mistral_table,mistral_table,no
827,SANTO ANTONIO DO JACINTO,75,95,5,3 498,32 054,32 054,76,80,141,24,567 451,5 233 549,5 229 549,116,117,mistral_table,mistral_table,no
828,SANTO ANTONIO DO MONTE,106,203,66,12 919,366 188,366 188,132,134,275,102,1 315 724,33 494 979,33 237 149,116,117,mistral_table,mistral_table,no
829,SANTO ANTONIO DO RIO ABAIXO,7,13,-,336,2 662,2 662,5,5,8,-,37 251,403 518,403 518,116,117,mistral_table,mistral_table,no
830,SANTO HIPOLITO,12,13,1,765,5 061,5 061,13,13,18,-,52 097,745 691,745 691,116,117,mistral_table,mistral_table,no
831,SANTOS DUMONT,196,721,397,48 966,899 999,893 783,188,207,758,459,4 335 669,77 390 214,77 128 933,116,117,mistral_table,mistral_table,no
832,SÃO BENTO ABADE,6,6,-,252,1 802,1 802,7,7,8,-,25 720,636 376,636 376,116,117,mistral_table,mistral_table,no
833,SÃO BRAS DO SUAÇUI,20,35,2,2 222,22 407,22 407,20,21,39,10,128 004,2 925 494,2 925 494,116,117,mistral_table,mistral_table,no
834,SÃO DOMINGOS DO PRATA,86,274,82,17 836,300 150,299 096,83,89,298,110,1 274 000,25 385 901,24 836 050,116,117,mistral_table,mistral_table,no
835,SÃO FRANCISCO,224,461,73,17 518,327 780,323 188,223,232,517,134,1 852 044,44 987 872,44 390 807,116,117,mistral_table,mistral_table,no
836,SÃO FRANCISCO DE PAULA,26,45,4,1 374,15 029,15 029,21,23,31,8,124 902,3 639 243,3 596 844,116,117,mistral_table,mistral_table,no
837,SÃO FRANCISCO DE SALES,19,41,3,1 146,45 522,45 422,27,27,69,12,765 838,6 008 010,6 004 910,116,117,mistral_table,mistral_table,no
838,SÃO FRANCISCO DO GLORIA,34,57,7,2 247,48 298,47 078,24,25,61,17,198 208,29 213 147,29 126 384,116,117,mistral_table,mistral_table,no
839,SÃO GERALDO,59,141,8,6 171,43 730,43 730,58,59,137,22,431 975,7 965 813,7 965 813,116,117,mistral_table,mistral_table,no
840,SÃO GERALDO DA PIEDADE,8,11,-,418,4 441,4 441,15,15,27,8,129 008,1 446 613,1 446 613,116,117,mistral_table,mistral_table,no
841,SÃO GONÇALO DO ABAETE,46,108,27,6 849,301 792,293 318,39,39,103,35,492 562,22 044 138,21 388 378,116,117,mistral_table,mistral_table,no
842,SÃO GONÇALO DO PARA,42,78,10,3 735,66 517,63 725,46,46,81,19,319 218,6 220 123,6 177 399,116,117,mistral_table,mistral_table,no
843,SÃO GONÇALO DO RIO ABAIXO,27,77,24,3 979,75 265,63 745,23,24,79,41,416 036,5 193 696,4 390 339,116,117,mistral_table,mistral_table,no
844,SÃO GONÇALO DO SAPUCAI,125,388,164,28 716,859 120,855 614,132,140,436,189,2 574 216,85 007 377,84 600 886,116,117,mistral_table,mistral_table,no
845,SÃO GOTARDO,125,532,222,39 942,2 794 176,2 766 568,158,177,779,422,4 343 715,90 540 812,89 777 147,116,117,mistral_table,mistral_table,no
846,SÃO JOÃO BATISTA DO GLORIA,34,62,2,2 406,50 372,50 312,28,29,34,3,155 233,3 978 662,3 976 452,116,117,mistral_table,mistral_table,no
847,SÃO JOÃO DA MATA,21,27,4,1 410,17 293,17 073,13,15,32,6,77 943,2 047 672,2 047 672,116,117,mistral_table,mistral_table,no
848,SÃO JOÃO DA PONTE,126,254,28,7 756,194 069,192 599,114,116,257,61,821 920,13 623 757,13 434 508,116,117,mistral_table,mistral_table,no
849,SÃO JOÃO DEL REI,416,1 654,904,131 535,2 897 643,2 878 677,426,473,2 059,1 331,12 370 385,242 842 809,240 613 340,116,117,mistral_table,mistral_table,no
850,SÃO JOÃO DO ORIENTE,35,48,3,1 844,47 811,47 811,46,46,116,29,489 567,9 630 409,9 617 889,116,117,mistral_table,mistral_table,no
851,SÃO JOÃO DO PARAÍSO,84,164,9,4 756,39 060,38 768,59,59,113,15,299 613,7 353 035,7 269 893,116,117,mistral_table,mistral_table,no
852,SÃO JOÃO EVANGELISTA,71,213,48,9 591,232 269,229 404,62,66,238,128,1 151 492,13 444 407,13 401 007,116,117,mistral_table,mistral_table,no
853,SÃO JOÃO NEPOMUCENO,120,368,161,22 119,392 322,391 800,129,132,493,261,2 041 980,34 839 134,34 264 239,116,117,mistral_table,mistral_table,no
854,SÃO JOSE DA SAFIRA,16,23,-,918,12 149,12 149,12,12,28,8,87 875,1 747 428,1 747 428,118,119,mistral_table,mistral_table,no
855,SÃO JOSE DA VARGINHA,4,4,-,312,2 123,2 123,8,8,16,5,62 557,1 071 066,1 071 066,118,119,mistral_table,mistral_table,no
856,SÃO JOSE DO ALEGRE,12,15,1,627,9 952,9 952,16,16,28,6,84 372,1 047 418,1 047 418,118,119,mistral_table,mistral_table,no
857,SÃO JOSE DO DIVINO,26,34,4,1 242,12 196,12 161,13,13,26,13,140 556,1 871 500,1 871 500,118,119,mistral_table,mistral_table,no
858,SÃO JOSE DO GOIABAL,28,53,10,2 445,50 618,50 418,19,23,49,12,222 676,3 921 015,3 917 015,118,119,mistral_table,mistral_table,no
859,SÃO JOSE DO JACURI,37,68,9,2 260,36 315,36 292,42,42,97,16,419 878,4 902 581,4 882 766,118,119,mistral_table,mistral_table,no
860,SÃO JOSE DO MANTIMENTO,9,15,-,342,2 595,2 595,9,9,16,-,32 445,420 389,420 389,118,119,mistral_table,mistral_table,no
861,SÃO LOURENÇO,344,1 024,345,73 057,1 398 515,1 394 419,336,366,1 222,569,7 472 719,134 760 792,132 612 331,118,119,mistral_table,mistral_table,no
862,SÃO MIGUEL DO ANTA,27,34,2,1 776,17 412,17 366,29,29,48,11,228 163,3 198 849,3 101 011,118,119,mistral_table,mistral_table,no
863,SÃO PEDRO DA UNIÃO,27,37,3,1 737,38 956,37 149,21,23,41,15,270 144,5 713 018,5 681 612,118,119,mistral_table,mistral_table,no
864,SÃO PEDRO DOS FERROS,56,152,49,6 887,256 023,254 878,54,58,204,46,1 019 877,19 574 952,19 497 791,118,119,mistral_table,mistral_table,no
865,SÃO PEDRO DO SUACUI,34,82,5,2 647,163 600,163 600,30,30,83,40,351 695,12 382 780,12 271 780,118,119,mistral_table,mistral_table,no
866,SÃO ROMÃO,60,91,12,5 629,60 391,60 391,61,63,149,14,538 472,8 467 711,8 459 851,118,119,mistral_table,mistral_table,no
867,SÃO ROQUE DE MINAS,27,46,10,1 899,64 348,64 321,32,33,86,20,235 393,7 583 511,7 583 511,118,119,mistral_table,mistral_table,no
868,SÃO SEBASTIÃO DA BELA VISTA,19,40,6,1 072,34 990,34 646,15,17,40,15,208 837,7 243 706,6 989 776,118,119,mistral_table,mistral_table,no
869,SÃO SEBASTIÃO DO MARANHÃO,28,61,18,2 836,23 468,23 215,43,43,72,16,190 793,2 831 544,2 831 544,118,119,mistral_table,mistral_table,no
870,SÃO SEBASTIÃO DO OESTE,13,15,-,660,5 994,5 994,13,13,25,3,54 655,626 044,626 044,118,119,mistral_table,mistral_table,no
871,SÃO SEBASTIÃO DO PARAÍSO,296,1 212,517,97 286,4 379 220,4 364 147,315,349,1 531,782,10 422 342,380 890 332,372 504 745,118,119,mistral_table,mistral_table,no
872,SÃO SEBASTIÃO DO RIO PRETO,3,7,-,195,2 953,2 953,5,5,5,-,18 455,232 251,232 251,118,119,mistral_table,mistral_table,no
873,SÃO SEBASTIÃO DO RIO VERDE,5,12,3,596,7 383,7 383,5,6,12,5,49 237,980 420,980 420,118,119,mistral_table,mistral_table,no
874,SÃO TIAGO,68,112,14,4 305,79 004,79 004,58,58,118,21,349 715,5 880 735,5 847 691,118,119,mistral_table,mistral_table,no
875,SÃO TOMAS DE AQUINO,41,94,33,6 382,119 229,118 953,36,39,109,35,441 292,17 607 318,17 566 790,118,119,mistral_table,mistral_table,no
876,SÃO TOME DAS LETRAS,21,41,1,1 227,13 703,12 920,17,19,28,3,112 827,2 974 235,2 974 235,118,119,mistral_table,mistral_table,no
877,SÃO VICENTE DE MINAS,41,104,22,6 589,161 586,159 940,41,43,106,44,648 716,10 713 974,10 214 708,118,119,mistral_table,mistral_table,no
878,SAPUCAI-MIRIM,23,32,3,1 542,33 649,33 649,18,18,31,2,108 424,2 632 373,2 609 733,118,119,mistral_table,mistral_table,no
879,SARDOA,8,8,-,378,2 098,2 098,13,13,19,3,46 550,756 315,754 315,118,119,mistral_table,mistral_table,no
880,SENADOR CORTES,5,5,-,240,1 201,1 201,7,7,10,-,26 383,327 598,327 598,118,119,mistral_table,mistral_table,no
881,SENADOR FIRMINO,19,39,12,2 161,51 287,50 787,28,29,56,12,232 728,4 549 609,4 548 924,118,119,mistral_table,mistral_table,no
882,SENADOR JOSE BENTO,5,11,-,186,2 836,2 836,2,2,(A),(A),(X),(A),(A),118,119,mistral_table,mistral_table,no
883,SENADOR MODESTINO GONÇALVES,16,22,-,864,6 740,6 740,13,13,21,3,76 408,1 456 941,1 313 362,118,119,mistral_table,mistral_table,no
884,SENHORA DE OLIVEIRA,15,24,-,720,12 911,12 911,23,23,39,6,115 595,2 608 575,2 608 575,118,119,mistral_table,mistral_table,no
885,SENHORA DO PORTO,14,48,6,2 392,11 456,11 456,12,12,25,5,94 184,2 157 658,2 079 482,118,119,mistral_table,mistral_table,no
886,SENHORA DOS REMEDIOS,17,30,4,1 576,18 581,18 462,24,25,55,8,170 526,3 135 512,3 113 493,118,119,mistral_table,mistral_table,no
887,SERICITA,30,46,6,2 228,22 996,22 996,34,35,66,6,234 040,2 676 948,2 676 948,118,119,mistral_table,mistral_table,no
888,SERITINGA,6,15,5,855,17 137,17 137,8,9,17,6,71 373,1 022 455,1 022 455,118,119,mistral_table,mistral_table,no
889,SERRA AZUL DE MINAS,10,10,-,466,4 452,4 452,11,11,24,4,56 780,1 208 332,1 189 602,118,119,mistral_table,mistral_table,no
890,SERRA DA SAUDADE,,,,,,,3,3,7,-,16 389,222 852,222 852,118,119,mistral_table_partial,mistral_table,yes
891,SERRA DOS AIMORES,34,56,11,2 644,61 822,61 472,44,45,103,21,327 105,8 041 395,7 981 480,118,119,mistral_table,mistral_table,no
892,SERRA DO SALITRE,31,74,14,2 698,37 377,37 377,39,40,101,31,363 976,22 592 040,22 578 540,118,119,mistral_table,mistral_table,no
893,SERRANIA,27,58,17,2 700,89 329,89 329,25,29,46,20,218 450,9 781 783,9 774 874,118,119,mistral_table,mistral_table,no
894,SERRANOS,6,11,4,530,13 143,13 098,8,8,15,3,50 842,1 005 189,1 005 189,118,119,mistral_table,mistral_table,no
895,SERRO,86,201,66,12 990,219 405,219 405,73,76,182,64,841 826,18 901 270,18 807 982,118,119,mistral_table,mistral_table,no
896,SILVEIRANIA,6,10,-,385,3 672,3 622,9,9,16,2,38 019,298 887,298 887,118,119,mistral_table,mistral_table,no
897,SILVIANOPOLIS,27,58,14,2 819,61 990,60 921,25,26,64,11,293 825,5 298 431,5 294 734,118,119,mistral_table,mistral_table,no
898,SIMÃO PEREIRA,12,17,1,662,15 352,15 352,10,11,22,5,93 349,1 869 818,1 869 818,118,119,mistral_table,mistral_table,no
899,SIMONESIA,41,104,19,7 539,89 580,87 948,54,54,111,31,601 692,10 826 484,10 822 484,120,121,mistral_table,mistral_table,no
900,SOBRALIA,29,32,-,1 356,13 809,13 809,27,28,40,5,120 192,1 702 656,1 678 120,120,121,mistral_table,mistral_table,no
901,SOLEDADE DE MINAS,24,40,9,2 678,35 721,35 721,16,18,35,7,116 238,3 082 491,3 082 491,120,121,mistral_table,mistral_table,no
902,TABULEIRO,25,47,9,1 901,28 880,28 742,23,24,56,17,157 573,3 006 760,3 005 514,120,121,mistral_table,mistral_table,no
903,TAIOBEIRAS,122,313,90,13 869,319 308,319 308,137,144,333,93,1 131 004,30 137 362,30 120 112,120,121,mistral_table,mistral_table,no
904,TAPIRA,9,23,3,714,18 669,17 110,8,8,17,7,64 103,1 782 198,1 782 198,120,121,mistral_table,mistral_table,no
905,TAPIRAI,8,13,-,432,3 687,3 687,10,10,12,-,45 506,550 987,550 987,120,121,mistral_table,mistral_table,no
906,TAQUARAÇU DE MINAS,7,8,-,583,6 263,6 263,10,10,16,-,48 800,633 973,633 973,120,121,mistral_table,mistral_table,no
907,TARUMIRIM,85,123,12,5 289,118 078,118 078,109,110,151,23,558 854,10 334 823,10 334 823,120,121,mistral_table,mistral_table,no
908,TEIXEIRAS,53,134,32,6 562,161 675,161 364,51,59,130,52,559 112,11 710 048,11 583 340,120,121,mistral_table,mistral_table,no
909,TIMOTEO,254,1 076,531,106 322,3 384 046,3 381 378,238,272,1 198,755,6 817 587,122 188 091,121 059 185,120,121,mistral_table,mistral_table,no
910,TIRADENTES,30,49,7,2 866,45 330,45 330,30,34,58,17,220 772,4 688 646,4 648 146,120,121,mistral_table,mistral_table,no
911,TIROS,61,124,28,4 532,79 616,79 616,48,52,119,37,344 649,9 789 587,9 789 587,120,121,mistral_table,mistral_table,no
912,TOCANTINS,79,228,67,13 278,205 914,205 443,85,92,232,95,1 343 310,22 425 466,22 346 617,120,121,mistral_table,mistral_table,no
913,TOLEDO,12,21,2,688,11 911,11 590,13,13,16,2,50 368,1 951 658,1 951 658,120,121,mistral_table,mistral_table,no
914,TOMBOIS,54,141,53,9 543,238 042,237 194,56,59,165,60,728 046,18 236 368,18 064 096,120,121,mistral_table,mistral_table,no
915,TRES CORAÇÕES,312,1 093,492,74 503,2 103 893,2 092 410,354,396,1 441,887,8 478 144,179 213 315,177 337 811,120,121,mistral_table,mistral_table,no
916,TRES MARIAS,69,195,66,13 526,344 942,344 707,85,92,283,130,1 694 935,39 675 063,39 425 820,120,121,mistral_table,mistral_table,no
917,TRES PONTAS,273,792,339,71 185,3 148 147,3 140 315,273,306,1 123,668,7 975 323,663 630 765,657 694 089,120,121,mistral_table,mistral_table,no
918,TUMIRITINGA,18,34,1,876,13 080,12 925,14,14,25,2,98 393,1 189 338,1 189 338,120,121,mistral_table,mistral_table,no
919,TUPACIQUARA,172,415,151,31 123,761 119,758 737,158,170,514,260,2 908 945,73 039 369,72 683 921,120,121,mistral_table,mistral_table,no
920,TURMALINA,74,140,24,6 224,133 628,133 628,79,81,150,35,498 689,14 867 898,14 839 948,120,121,mistral_table,mistral_table,no
921,TURVOLANDIA,7,18,8,1 050,22 697,22 204,9,10,19,9,55 442,1 193 800,1 193 800,120,121,mistral_table,mistral_table,no
922,UBA,487,1 919,892,222 853,4 729 616,4 713 053,463,515,2 525,1 553,26 252 844,519 932 847,517 504 302,120,121,mistral_table,mistral_table,no
923,UBAI,64,112,7,3 174,28 937,28 811,40,41,99,13,258 877,5 439 121,5 052 021,120,121,mistral_table,mistral_table,no
924,UMBURATIBA,7,13,1,360,2 693,2 677,15,15,23,2,293 400,1 542 520,1 371 120,120,121,mistral_table,mistral_table,no
925,UNAI,405,1 057,367,69 414,1 889 417,1 877 719,438,473,1 437,639,7 553 931,217 467 304,213 367 939,120,121,mistral_table,mistral_table,no
926,URUCANIA,34,52,15,3 469,47 273,47 273,35,40,83,40,367 907,14 876 292,14 846 147,120,121,mistral_table,mistral_table,no
927,VARGEM BONITA,13,18,-,600,11 905,11 905,13,14,22,1,38 292,1 082 581,1 082 581,120,121,mistral_table,mistral_table,no
928,VARGINHA,550,2 392,1 052,271 201,6 397 843,6 379 717,564,681,3 253,1 879,27 481 482,1 651 330 628,1 642 866 143,120,121,mistral_table,mistral_table,no
929,VARZEA DA PALMA,88,320,126,20 317,347 778,347 113,100,108,363,162,2 382 365,47 263 590,46 961 482,120,121,mistral_table,mistral_table,no
930,VARZELANDIA,91,162,21,5 020,91 636,90 844,118,120,240,64,1 318 887,10 314 742,10 133 142,120,121,mistral_table,mistral_table,no
931,VAZANTE,76,203,46,7 056,178 672,178 672,100,104,298,147,1 268 639,24 208 910,23 998 796,120,121,mistral_table,mistral_table,no
932,VERISSIMO,9,15,3,1 173,33 470,33 470,9,10,21,7,104 633,1 919 717,1 918 217,120,121,mistral_table,mistral_table,no
933,VESPASIANO,94,312,135,16 949,439 163,437 767,96,105,351,174,1 548 286,39 404 326,39 402 290,120,121,mistral_table,mistral_table,no
934,VIÇOSA,269,896,432,59 281,1 562 148,1 555 601,346,367,1 436,807,7 621 038,129 406 910,127 663 357,120,121,mistral_table,mistral_table,no
935,VIEIRAS,15,20,-,790,8 488,8 488,16,16,30,1,65 213,1 479 718,1 479 718,120,121,mistral_table,mistral_table,no
936,VILA MATIAS,10,15,2,611,8 748,9 748,6,5,15,3,39 643,1 443 075,1 432 675,120,121,mistral_table,mistral_table,no
937,VIRGEM DA LAPA,35,51,7,2 832,53 111,53 111,41,42,109,26,324 961,7 609 017,7 324 369,120,121,mistral_table,mistral_table,no
938,VIRGINIA,16,32,10,1 722,42 732,42 670,27,28,66,19,480 023,6 494 115,6 466 945,120,121,mistral_table,mistral_table,no
939,VIRGINOPOLIS,26,68,27,4 105,92 810,92 810,28,30,85,28,368 429,7 610 244,7 545 659,120,121,mistral_table,mistral_table,no
940,VIRGOLANDIA,28,69,5,1 949,35 571,35 571,21,21,31,4,136 492,2 438 177,2 435 477,120,121,mistral_table,mistral_table,no
941,VISCONDE DO RIO BRANCO,230,637,205,33 808,632 690,628 739,222,234,637,270,2 742 998,50 592 978,50 206 790,120,121,mistral_table,mistral_table,no
942,VOLTA GRANDE,20,45,20,2 921,69 614,69 614,22,24,61,24,492 745,6 782 419,6 781 411,120,121,mistral_table,mistral_table,no
943,WENCESLAU BRAZ,2,(A),(A),(X),(A),(A),3,3,4,-,16 728,470 193,470 193,120,121,mistral_table,mistral_table,no
944,ESPINITO SANTO,10 172,44 856,21 641,3 920 446,151 195 215,150 335 724,10 916,12 380,59 978,34 733,416 497 540,14 337 536 757,14 186 524 764,122,123,mistral_table,pdf_text_layout,no
945,COMERCIO VAREJISTA,9 703,39 439,19 444,3 082 616,66 506 203,65 868 866,10 517,11 812,52 607,30 860,325 287 671 871,374 572 745,329 403,122,123,mistral_table,pdf_text_layout,no
946,"PROD. ALIMENTICIOS, BEBIDAS E FUMO",4 669,9 983,2 446,500 186,10 921 106,10 892 357,4 761,5 033,11 594,3 867,47 620 102 954,497 357 948,123 363,122,123,mistral_table,pdf_text_layout,no
947,"PROD. FARMACÊUTICOS, ODONT. E VETER",599,2 167,1 082,177 862,2 808 029,2 802 075,,,,,,,,122,123,mistral_table,mistral_table_partial,yes
948,"TECIDOS, VESTUÁRIO E ARMARINHO",1 823,7 136,4 154,467 235,5 887 341,5 874 698,,,,,,,,122,123,mistral_table,mistral_table_partial,yes
949,MAQ. E APARELHOS ELETR. USO DOMEST,360,2 577,1 545,243 480,4 599 735,4 556 221,318 459,4 482,3 195,36 768,650 553,566 884 547,945 700,122,123,mistral_table,pdf_text_layout,no
950,"FERRAGENS, MAT. ELETR. E ELETRÔNICO",624,3 604,1 813,328 010,7 156 417,7 091 157,731 828,4 660,2 920,32 297,821 666,681 843 655,426 684,122,123,mistral_table,pdf_text_layout,no
951,"VEÍCULOS NOVOS E USADOS, PECAS",422,3 564,1 790,410 309,10 199 997,9 890 047,,,,,,,,122,123,mistral_table,mistral_table_partial,yes
952,MAQ. E EQUIP. DE USO INDUSTRIAL,79,751,398,118 229,2 245 275,2 213 754,125 147,1 SOS,771,14 272,895 352,788 089 340,496 242,122,123,mistral_table,pdf_text_layout,no
953,COMBUSTÍVEIS E LUBRIFICANTES,293,2 222,1 377,198 914,9 167 279,9 086 728,290 329,2 957,2 154,23,341 414,914 144 700 904,853 065,122,123,mistral_table,pdf_text_layout,no
954,"PAPELARIAS, LIVRARIAS",145,712,416,74 359,673 238,666 546,185,200,759,424,4 264 943,51 185 010,50 702 464,122,123,mistral_table,pdf_text_layout,no
955,MERC. EM GERAL - INC. ALIMENTÍCIOS,256,3 550,2 753,263 125,7 761 171,7 736 840,202 347,4 782,4 130,27 707 146,858 458,952 848,557 690,122,123,mistral_table,pdf_text_layout,no
956,MERC. EM GERAL - EXC. ALIMENTÍCIOS,73,1 990,1 049,215 597,4 206 021,4 194 324,,,,,,,,122,123,mistral_table,mistral_table_partial,yes
957,ARTIGOS DIVERSOS,338,1 119,589,79 542,836 593,818 543,470,5S3,1 801 983,8 793 286,100 378 119,96,848 863,122,123,mistral_table,pdf_text_layout,no
958,ARTIGOS USADOS,22,64,32,5 768,44 007,43 576,48,49 168,83,756 139,6 416 649,6,359 515,122,123,mistral_table,pdf_text_layout,no
959,COMERCIO ATACADISTA,397,4 114,2 083,601 249,84 689 012,84 466 858,399 520,6 260 803,70 085 307,7 466,162 185,7 441,195 361,122,123,mistral_table,pdf_text_layout,no
960,PRODUTOS EXTRATIVOS E AGROPECUÁRIOS,42,415,162,67 421,19 460 723,19 424 953,37,39 175,80,3 663 908,279 763,770 279,412 212,122,123,mistral_table,pdf_text_layout,no
961,"PROD. ALIMENTÍCIOS, BEBIDAS E FUMO",194,2 130,1 120,295 537,28 406 457,28 361 730,,,,,,,,122,123,mistral_table,mistral_table_partial,yes
962,"PROD. FARMACÊUTICOS, ODONT. E VETER",32,249,140,36 738,3 776 588,3 722 576,31,39,470 326,5 457 752,128 187,449 127,907 484,122,123,mistral_table,pdf_text_layout,no
963,"TECIDOS, VESTUÁRIO E ARMARINHO",24,232,98,23 404,339 096,337 753,,,,,,,,122,123,mistral_table,mistral_table_partial,yes
964,MAQ. E APARELHOS ELETR. USO DOMEST,5,34,21,6 555,126 777,126 512,4,6,(E),(E),(X),(D),(C),122,123,mistral_table,mistral_table,no
965,"FERRAGENS, MAT. ELETR. E ELETRÔNICO",30,340,165,51 943,11 530 866,11 525 894,31,41,529 281,6 102 988,172 912,306 167,324 109,122,123,mistral_table,pdf_text_layout,no
966,"VEÍCULOS NOVOS E USADOS, PECAS",2,(C),(B),(X),(C),(C),,,,,,,,122,123,mistral_table,mistral_table_partial,yes
967,MAQ. E EQUIP. DE USO INDUSTRIAL,12,100,58,21 135,461 241,458 521,8,15,200 115,3 397 547,60 723 642,57,643 683,122,123,mistral_table,pdf_text_layout,no
968,COMBUSTÍVEIS E LUBRIFICANTES,21,219,137,50 243,19 812 219,19 804 988,3,16,156 127,4 907 542,1 688 002 419,1 685,547 930,122,123,mistral_table,pdf_text_layout,no
969,"PAPELARIAS, LIVRARIAS",16,88,42,8 361,203 323,203 301,,,,,,,,122,123,mistral_table,pdf_text_tokens_partial,yes
970,MERC. EM GERAL - INC. ALIMENTÍCIOS,2,(F),(E),(X),(D),(D),3,5,140,107,1 939 513,156 404 370,1 54 029 277,122,123,mistral_table,pdf_text_layout,no
971,MERC. EM GERAL - EXC. ALIMENTÍCIOS,3,18,1,1 915,53 926,53 926,7,17,(D),(C),(X),(C),(C),122,123,mistral_table,mistral_table,no
972,ARTIGOS DIVERSOS,5,22,10,2 231,38 889,38 581,8,9,57,37,552 139,13 996 386,13 632 540,122,123,mistral_table,pdf_text_layout,no
973,ARTIGOS USADOS,9,77,40,7 728,185 199,171 479,16,17,171,112,1 106 952,22 866 118,22 850 SOB,122,123,mistral_table,pdf_text_layout,no
974,VITORIA,1 687,13 673,7 717,1 640 147,79 451 170,79 090 546,1 546,1 982,16 945,11 704,156 883 285,894 413 089,s 848 345 048,122,123,mistral_table,pdf_text_layout,no
975,COMERCIO VAREJISTA,1 524,11 224,6 995,1 167 684,19 484 293,19 261 459,,,,,,,,122,123,mistral_table,mistral_table_partial,yes
976,"PROD. ALIMENTÍCIOS, BEBIDAS E FUMO",392,1 142,549,88 433,1 602 808,1 593 393,288 349,1 485 972,8 481,496 151,495. 284,149,753 036,122,123,mistral_table,pdf_text_layout,no
977,"PROD. FARMACÊUTICOS, ODONT. E VETER",93,510,309,58 817,736 393,734 581,446,568 806,2 938,54 157,206 263,959 307,263 015,122,123,mistral_table,mistral_table,no
978,"TECIDOS, VESTUÁRIO E ARMARINHO",467,2 820,2 051,216 725,2 411 124,2 402 814,448 568,3 806,2 938,24,157 206 263,959 301 263,015 207,122,123,mistral_table,pdf_text_layout,no
979,MAQ. E APARELHOS ELETR. USO DOMEST,100,1 096,693,136 753,2 050 916,2 022 097,,,,,,,,122,123,mistral_table,mistral_table_partial,yes
980,"FERRAGENS, MAT. ELETR. E ELETRÔNICO",110,947,487,116 940,2 330 603,2 314 949,,,,,,,,122,123,mistral_table,mistral_table_partial,yes
981,"VEÍCULOS NOVOS E USADOS, PECAS",66,834,379,106 235,1 893 965,1 829 472,71,83,1 077,587,11 953 244 247,563 208,237 806/Í87,122,123,mistral_table,pdf_text_layout,no
982,MAQ. E EQUIP. DE USO INDUSTRIAL,18,387,219,72 401,1 107 121,1 083 963,,,,,,,,122,123,mistral_table,mistral_table_partial,yes
983,COMBUSTÍVEIS E LUBRIFICANTES,33,354,196,44 796,1 618 638,1 579 214,,,,,,,,122,123,mistral_table,mistral_table_partial,yes
984,"PAPELARIAS, LIVRARIAS",46,360,239,63 731,447 721,432 282,,,,,,,,122,123,mistral_table,mistral_table_partial,yes
985,MERC. EM GERAL - INC. ALIMENTÍCIOS,38,1 073,890,90 773,2 328 364,2 316 564,10,36,863 795,5 533,721 173,935 779,173 496 241,122,123,mistral_table,pdf_text_layout,no
986,MERC. EM GERAL - EXC. ALIMENTÍCIOS,11,1 148,650,134 043,2 462 513,2 460 619,,,,,,,,122,123,mistral_table,mistral_table_partial,yes
987,ARTIGOS DIVERSOS,127,547,326,46 833,483 932,471 282,151 191,826 512,5,030 160,55,438 071,53 022 636,122,123,mistral_table,pdf_text_layout,no
988,ARTIGOS USADOS,3,12,7,1 504,7 629,7 229,6,6,16,8,39 523,167 435,167 435,122,123,mistral_table,mistral_table,no
989,COMERCIO ATACADISTA,125,1 718,653,334 659,59 966 877,59 829 087,,,,,,,,122,123,mistral_table,mistral_table_partial,yes
990,PRODUTOS EXTRATIVOS E AGROPECUÁRIOS,16,177,27,42 574,16 441 574,16 385 842,,,,,,,,122,123,mistral_table,mistral_table_partial,yes
991,"PROD. ALIMENTÍCIOS, BEBIDAS E FUMO",33,609,201,142 068,17 233 664,17 203 013,,,,,,,,122,123,mistral_table,mistral_table_partial,yes
992,"PROD. FARMACÊUTICOS, ODONT. E VETER",15,120,59,18 504,3 186 253,3 141 400,,,,,,,,122,123,mistral_table,mistral_table_partial,yes
993,"TECIDOS, VESTUÁRIO E ARMARINHO",13,178,62,18 307,227 030,225 692,,,,,,,,122,123,mistral_table,mistral_table_partial,yes
994,MAQ. E APARELHOS ELETR. USO DOMEST,3,(C),(B),(X),(C),(C),1,2,(0),!C),!X),e e>,(Bl,122,123,mistral_table,pdf_text_layout,no
995,"FERRAGENS, MAT. ELETR. E ELETRÔNICO",15,253,119,42 349,11 324 803,11 324 487,709 793,3 839,1 960,26 289,656 514,869 415,497 915,122,123,mistral_table,mistral_table,no
996,"VEÍCULOS NOVOS E USADOS, PECAS",2,(B),(B),(X),(C),(C),,,,,,,,122,123,mistral_table,mistral_table_partial,yes
997,MAQ. E EQUIP. DE USO INDUSTRIAL,7,79,46,18 933,411 110,408 534,,,,,,,,122,123,mistral_table,mistral_table_partial,yes
998,COMBUSTÍVEIS E LUBRIFICANTES,5,73,67,20 985,10 781 650,10 779 863,,,,,,,,122,123,mistral_table,pdf_text_tokens_partial,yes
999,"PAPELARIAS, LIVRARIAS",11,61,29,7 058,170 180,170 158,,,,,,,,122,123,mistral_table,mistral_table_partial,yes
1000,MERC. EM GERAL - INC. ALIMENTÍCIOS,1,(F),(C),(X),(B),(B),1,1,(D),(C),(X),(G),(G),122,123,mistral_table,pdf_text_tokens,no
1001,MERC. EM GERAL - EXC. ALIMENTÍCIOS,1,(C),(B),(X),(C),(C),,,,,,,,122,123,mistral_table,missing,yes
1002,ARTIGOS DIVERSOS,2,(C),(B),(X),(C),(C),30,16,279,520,9,139 644,069 257,122,123,mistral_table,pdf_text_tokens,no
1003,ARTIGOS USADOS,3,8,4,770,7 378,7 378,,,,,,,,122,123,mistral_table,pdf_text_layout_partial,yes
1004,CACHOEIRO DE ITAPEMIRIM,757,3 564,1 917,284 310,8 130 381,8 085 011,788,899,4,366 858,28 605 103,725 187 846,717 144 202,122,123,mistral_table,pdf_text_layout,no
1005,COMERCIO VAREJISTA,724,3 256,1 765,252 022,6 850 197,6 608 016,758 861,3 907,2 571,25 489 988,600 127,189 592,664 694,122,123,mistral_table,pdf_text_layout,no
1006,"PROD. ALIMENTÍCIOS, BEBIDAS E FUMO",351,789,278,47 622,1 436 164,1 435 925,388 416,844 314,3 947 108,77,327 380,76,956 565,122,123,mistral_table,pdf_text_layout,no
1007,"VEÍCULOS NOVOS E USADOS, PECAS",41,368,204,47 941,1 771 144,1 733 735,36,41,472 324,4 893 003,186 433,655 181,963 598,122,123,mistral_table,pdf_text_layout,no
1008,COMBUSTÍVEIS E LUBRIFICANTES,19,135,89,12 835,701 493,699 983,,,,,,,,122,123,mistral_table,pdf_text_tokens_partial,yes
1009,DEMAIS GÉNEROS,313,1 964,1 194,143 624,2 741 396,2 736 373,316,384 413,1 799,15 175 009,273 033,162 272,488 351,122,123,mistral_table,pdf_text_layout,no
1010,COMERCIO ATACADISTA,27,227,150,22 956,1 480 184,1 476 995,30,36,428,285,2 740 876,125 060 657,124 479 508,122,123,mistral_table,pdf_text_layout,no
1011,CARIÁCICA,767,2 851,1 424,260 177,6 800 578,6 748 866,110 867,4 643,2 499,33 33S 147,727,170 986,709 535 590,122,123,mistral_table,pdf_text_layout,no
1012,COMERCIO VAREJISTA,713,2 467,1 185,216 356,5 269 310,5 232 280,709,793,3 839 960,26,289 656,514 869 415 497,91 5 995,122,123,mistral_table,pdf_text_layout,no
1013,"PROD. FARMACÊUTICOS, ODONT. E VETER",40,141,73,12 742,100 758,100 732,,,,,,,,122,123,mistral_table,pdf_text_tokens_partial,yes
1014,"VEÍCULOS NOVOS E USADOS, PECAS",26,326,194,45 632,1 270 204,1 243 658,,,,,,,,122,123,mistral_table,missing,yes
1015,MERC. EM GERAL - INC. ALIMENTÍCIOS,22,294,221,23 624,842 025,839 562,21,32,519 470,3,179 633,80,933 231,122,123,mistral_table,pdf_text_tokens,no
1016,DEMAIS GÉNEROS,625,1 706,697,134 358,3 056 323,3 048 328,593 657,2 502,1 070,15,157 965,2 212,605 141,122,123,mistral_table,pdf_text_tokens,no
1017,COMERCIO ATACADISTA,-53,377,239,42 731,1 531 268,1 516 586,61,10,696,533,4 985 381,212 301 571,211 619 595,122,123,mistral_table,pdf_text_layout,no
1018,COLATINA,581,3 039,1 749,269 166,10 148 558,10 028 020,515,615,4 098,2 491,28 738 981,415 889 472,398 388 630,122,123,mistral_table,pdf_text_layout,no
1019,COMERCIO VAREJISTA,541,2 621,1 490,228 552,5 089 482,4 977 407,484,577,3 557,2 158,23 665 768,488 741 778,472 256 063,124,125,mistral_table,mistral_table,no
1020,"TECIDOS, VESTUARIO E ARMARINHO",120,481,313,33 496,516 381,515 823,99,131,708,533,3 590 704,49 170 051,48 791 875,124,125,mistral_table,mistral_table,no
1021,"FERRAGENS, MAT. ELETR. E ELETRÔNICO",28,252,128,23 509,587 344,570 347,29,34,331,241,2 742 423,60 852 205,59 852 747,124,125,mistral_table,mistral_table,no
1022,"VEICULOS NOVOS E USADOS, PEÇAS",43,560,317,74 271,1 576 743,1 499 957,40,42,917,398,7 995 474,162 828 734,148 748 798,124,125,mistral_table,mistral_table,no
1023,DEMAIS GÉNEROS,350,1 328,732,97 276,2 409 014,2 391 280,316,370,1 601,986,9 337 167,215 890 788,214 862 643,124,125,mistral_table,mistral_table,no
1024,COMERCIO ATACADISTA,38,413,256,39 501,5 059 076,5 050 613,31,37,539,333,4 950 282,927 147 694,926 132 567,124,125,mistral_table,mistral_table,no
1025,LINHARES,530,2 746,1 252,256 446,5 599 978,5 564 953,467,555,3 555,2 215,25 105 213,771 425 869,755 107 140,124,125,mistral_table,mistral_table,no
1026,COMERCIO VAREJISTA,494,2 302,1 133,183 311,4 853 136,4 820 593,450,522,3 159,2 069,21 328 945,616 024 998,599 990 786,124,125,mistral_table,mistral_table,no
1027,"VEICULOS NOVOS E USADOS, PEÇAS",41,270,141,23 502,1 028 733,1 008 761,46,54,460,356,3 545 509,139 096 275,131 781 157,124,125,mistral_table,mistral_table,no
1028,MAQ. E EQUIP. DE USO INDUSTRIAL,6,74,24,6 904,221 957,220 285,10,11,428,161,4 473 594,126 728 586,120 914 875,124,125,mistral_table,mistral_table,no
1029,MERC. EM GERAL - INC. ALIMENTÍCIOS,19,353,265,19 681,628 695,627 646,19,30,442,399,2 727 886,67 989 936,67 985 191,124,125,mistral_table,mistral_table,no
1030,DEMAIS GÉNEROS,428,1 605,703,133 224,2 973 751,2 963 901,378,427,1 829,1 153,10 581 956,282 210 201,279 309 563,124,125,mistral_table,mistral_table,no
1031,COMERCIO ATACADISTA,23,150,79,13 299,746 842,744 360,17,25,183,135,1 510 816,155 400 871,155 116 354,124,125,mistral_table,mistral_table,no
1032,SERRA,303,1 357,607,108 351,2 173 180,2 095 460,425,484,2 636,1 409,21 868 607,426 894 105,418 785 102,124,125,mistral_table,mistral_table,no
1033,COMERCIO VAREJISTA,293,1 218,505,86 248,1 766 542,1 730 633,421,474,2 360,1 284,17 897 277,338 904 556,335 728 011,124,125,mistral_table,mistral_table,no
1034,"VEICULOS NOVOS E USADOS, PEÇAS",16,181,78,11 702,230 075,204 958,25,37,434,260,4 504 639,94 102 624,91 676 654,124,125,mistral_table,mistral_table,no
1035,COMBUSTÍVEIS E LUBRIFICANTES,11,103,72,11 348,507 349,507 012,12,14,476,379,5 899 569,116 136 625,115 914 156,124,125,mistral_table,mistral_table,no
1036,MERC. EM GERAL - INC. ALIMENTÍCIOS,20,192,128,10 943,289 208,287 182,14,20,220,183,1 379 047,42 633 174,42 514 359,124,125,mistral_table,mistral_table,no
1037,DEMAIS GÉNEROS,246,742,227,52 255,739 910,731 481,370,403,1 230,462,6 114 022,86 032 133,85 622 842,124,125,mistral_table,mistral_table,no
1038,COMERCIO ATACADISTA,9,129,102,18 727,406 638,364 827,4,10,276,125,3 971 330,87 989 549,83 057 091,124,125,mistral_table,mistral_table,no
1039,VILA VELHA,971,4 041,2 046,355 602,14 305 367,14 232 051,944,1 110,5 560,3 515,37 061 303,1 382 021 354,1 364 026 254,124,125,mistral_table,mistral_table,no
1040,COMERCIO VAREJISTA,923,3 529,1 838,280 193,6 096 533,6 034 445,893,1 040,4 817,3 018,30 344 361,657 244 905,642 115 825,124,125,mistral_table,mistral_table,no
1041,"PROD. ALIMENTÍCIOS, BEBIDAS E FUMO",432,899,300,53 385,1 109 593,1 106 529,327,364,884,333,4 506 446,115 671 746,113 893 295,124,125,mistral_table,mistral_table,no
1042,"VEICULOS NOVOS E USADOS, PEÇAS",58,377,208,45 541,1 025 874,997 634,68,80,673,448,5 051 977,128 506 424,121 769 279,124,125,mistral_table,mistral_table,no
1043,MERC. EM GERAL - INC. ALIMENTÍCIOS,21,391,302,31 006,882 337,881 455,18,42,795,710,4 240 417,139 672 327,137 909 683,124,125,mistral_table,mistral_table,no
1044,DEMAIS GÉNEROS,412,862,1 028,150 261,3 078 729,3 048 827,480,554,2 465,1 527,16 543 521,273 394 408,268 543 568,124,125,mistral_table,mistral_table,no
1045,COMERCIO ATACADISTA,39,362,208,56 444,8 208 834,8 197 606,51,67,706,490,6 238 756,724 776 449,721 910 429,124,125,mistral_table,mistral_table,no
1046,AFONSO CLÁUDIO,165,420,162,23 649,919 879,915 341,195,205,573,270,2 541 725,137 047 491,136 126 556,124,125,mistral_table,mistral_table,no
1047,ALEGRE,190,505,206,28 419,1 527 814,1 524 592,230,239,715,245,3 480 596,251 296 634,250 451 198,124,125,mistral_table,mistral_table,no
1048,ALFREDO CHAVES,59,179,19,7 865,132 887,127 387,95,98,317,106,1 096 609,50 660 121,50 660 121,124,125,mistral_table,mistral_table,no
1049,ANCHIETA,68,135,25,6 736,766 948,766 948,66,75,152,45,646 327,82 814 143,82 544 341,124,125,mistral_table,mistral_table,no
1050,APIACA,29,74,17,2 768,46 362,46 362,32,33,79,23,244 595,6 221 202,6 120 112,124,125,mistral_table,mistral_table,no
1051,ARACRUZ,199,459,121,21 419,621 065,610 941,207,223,622,255,2 931 327,59 776 505,59 630 736,124,125,mistral_table,mistral_table,no
1052,ATILIO VIVACQUA,24,44,8,1 830,34 511,34 511,25,26,56,22,278 352,9 861 378,9 861 378,124,125,mistral_table,mistral_table,no
1053,BAIXO GUANDU,131,477,164,27 446,537 164,528 130,118,132,397,184,1 767 009,40 564 702,40 179 174,124,125,mistral_table,mistral_table,no
1054,BARRA DE SÃO FRANCISCO,225,460,157,23 988,563 818,562 820,276,287,735,312,2 699 725,81 606 199,81 345 448,124,125,mistral_table,mistral_table,no
1055,BOA ESPERANÇA,60,124,28,5 465,138 135,138 018,81,90,257,85,943 096,19 245 898,19 166 936,124,125,mistral_table,mistral_table,no
1056,BOM JESUS DO NORTE,30,118,55,5 334,144 624,144 196,27,32,110,54,544 980,32 796 067,32 574 989,124,125,mistral_table,mistral_table,no
1057,CASTELO,134,542,229,32 824,2 949 021,2 948 479,169,184,745,390,4 563 158,244 899 929,244 552 545,124,125,mistral_table,mistral_table,no
1058,CONCEIÇÃO DA BARRA,126,339,146,14 532,319 104,317 820,73,76,211,89,1 236 794,21 033 789,20 620 289,124,125,mistral_table,mistral_table,no
1059,CONCEIÇÃO DO CASTELO,90,282,102,13 350,755 444,745 882,93,104,418,220,2 079 491,113 317 991,112 721 991,124,125,mistral_table,mistral_table,no
1060,DIVINO DE SÃO LOURENÇO,9,14,2,647,9 527,9 527,15,17,17,2,73 195,1 684 176,1 684 176,124,125,mistral_table,mistral_table,no
1061,DOMINGOS MARTINS,137,384,129,18 443,689 563,689 099,167,176,504,233,2 306 614,74 343 855,72 671 647,124,125,mistral_table,mistral_table,no
1062,DORES DO RIO PRETO,17,28,5,1 628,22 904,22 864,20,20,35,2,292 462,2 605 900,2 605 900,124,125,mistral_table,mistral_table,no
1063,ECUPORANGA,127,263,79,11 106,237 692,235 658,115,118,295,107,1 089 099,24 251 224,23 971 049,124,125,mistral_table,mistral_table,no
1064,FUNDÃO,56,136,23,5 206,125 664,124 692,56,58,134,42,625 249,11 275 521,11 275 521,124,125,mistral_table,mistral_table,no
1065,GUAÇUÍ,126,567,235,44 758,1 884 811,1 875 643,155,170,567,328,3 596 184,151 303 907,151 227 529,124,125,mistral_table,mistral_table,no
1066,GUARAPARI,244,1 028,435,66 331,1 602 357,1 601 864,326,354,1 473,804,8 193 686,160 623 505,159 289 478,124,125,mistral_table,mistral_table,no
1067,IBATIBA,-,-,-,-,-,-,66,72,150,63,728 722,25 000 454,24 978 294,124,125,mistral_table,mistral_table,no
1068,IBIRAÇU,94,321,111,21 864,494 160,493 523,105,114,359,166,1 794 686,39 660 060,39 554 506,124,125,mistral_table,mistral_table,no
1069,ICONHA,53,211,90,11 561,392 111,387 986,74,79,329,190,1 696 284,30 586 724,30 347 286,124,125,mistral_table,mistral_table,no
1070,ITAQUAÇU,63,225,77,10 035,252 215,252 215,72,76,263,116,944 170,31 836 449,31 800 548,124,125,mistral_table,mistral_table,no
1071,ITAPEMIRIM,191,462,117,18 957,613 889,613 889,200,223,546,171,1 878 168,47 311 230,47 306 686,124,125,mistral_table,mistral_table,no
1072,ITARANA,41,112,41,5 299,187 749,187 731,54,57,1 52,50,647 849,29 691 422,29 365 397,126,127,mistral_table,pdf_text_layout,no
1073,IUNA,149,421,156,23 614,763 380,760 306,146,153,363 155,",",701 126,77 464 721,77 319 128,126,127,mistral_table,pdf_text_layout,no
1074,JAGUARE,-,-,-,-,-,-,52,55,158,49,482 684,16 944 797,16 908 498,126,127,mistral_table,pdf_text_layout,no
1075,JERONIMO MONTEIRO,30,164,108,10 611,246 766,245 042,39,42 141,61,773 485,15 204 037,15,178 847,126,127,mistral_table,pdf_text_layout,no
1076,MANTENOPOLIS,41,46,7,2 107,52 514,52 514,62,63,80,15,555 548,144 965,9 1 4 3 503,126,127,mistral_table,pdf_text_layout,no
1077,MARILANDIA,-,-,-,-,-,-,,,,,,,,126,127,mistral_table,mistral_table_partial,yes
1078,MIMOSO DO SUL,111,334,118,13 859,351 891,351 691,142,146,459,137,1 409 633,28 965 891,28 346 826,126,127,mistral_table,pdf_text_layout,no
1079,MONTANHA,102,385,119,13 077,249 667,249 667,112,121,353 114,1,241 962,27 047 371,26 977 195,126,127,mistral_table,pdf_text_layout,no
1080,MUCURICI,49,65,12,2 992,54 479,54 479,50,53,96,19,294 479,226 1 99,6 226 199,126,127,mistral_table,pdf_text_layout,no
1081,MUNIZ FREIRE,99,234,71,9 952,239 119,239 119,106,114,245,68,779 823,29 015 940,28 946 126,126,127,mistral_table,pdf_text_layout,no
1082,MUQUI,62,206,89,10 749,477 261,476 234,63,66,213 102,1 017 050,30 446 065,30 334,soo,126,127,mistral_table,pdf_text_layout,no
1083,NOVA VENECIA,226,707,289,38 272,866 315,862 325,245,278,957 511,054 614,104 827,388 102,336 521,126,127,mistral_table,pdf_text_tokens,no
1084,PANCAS,85,258,113,13 360,458 755,458 755,106 111,359 149,1,483 966,123 731,345 123,645 948,126,127,mistral_table,pdf_text_tokens,no
1085,PEDRO CANARIO,-,-,-,-,-,-,88,93,246,78,650 999,32 611 077,32 110 712,126,127,mistral_table,pdf_text_layout,no
1086,PINHEIROS,85,225,69,9 398,345 708,345 282,101 107,300 104,987 033,31,119 543,31,109 121,126,127,mistral_table,mistral_table,no
1087,PIUMA,47,88,9,3 492,96 019,94 872,,,,,,,,126,127,mistral_table,mistral_table_partial,yes
1088,PRESIDENTE KENNEDY,23,40,6,1 634,52 234,52 234,33,35,68,28,191 894,168 421,6 168 421,126,127,mistral_table,pdf_text_layout,no
1089,RIO BANANAL,-,-,-,-,-,-,56,59,166,69,697 679,22 348 990,22 320 603,126,127,mistral_table,pdf_text_layout,no
1090,RIO NOVO DO SUL,35,88,19,5 559,174 966,173 431,49,52,144,65,842 878,24 372 599,24 372 599,126,127,mistral_table,pdf_text_layout,no
1091,SANTA LEOPOLDINA,80,182,51,8 102,396 706,396 354,78,85,253 110,1 257 837,60 028 303,60,ººº 925,126,127,mistral_table,pdf_text_layout,no
1092,SANTA TERESA,75,295,96,14 804,453 061,452 692,120 124,422 184,1,420 674,54 493 481,!:.4 388,586,126,127,mistral_table,pdf_text_layout,no
1093,SÃO GABRIEL DA PALHA,206,564,194,29 821,804 565,800 899,223,246,865,393,3 466 066,18 1 328 46 2,180 82 3 408,126,127,mistral_table,pdf_text_layout,no
1094,SÃO JOSE DO CALCADO,40,150,45,5 122,198 176,198 160,64,65 172,62,570 485,47 185 853,47,184 349,126,127,mistral_table,pdf_text_layout,no
1095,SÃO MATEUS,252,823,371,49 614,1 154 712,1 146 217,226,263,1 257 744,7 359 192,170 358 556,167 302,41~,126,127,mistral_table,pdf_text_layout,no
1096,VIANA,91,401,204,48 648,1 180 291,1 174 426,80,8~,384,174,2 883 971,91 806 125,89 137 66C,126,127,mistral_table,pdf_text_layout,no
1097,RIO DE JANEIRO,59 347,386 602,219 906,54 489 109,984 289 288,976 971 456,,,,,,,,126,127,mistral_table,mistral_table_partial,yes
1098,COMERCIO VAREJISTA,54 669,306 056,192 080,31 827 567,561 124 523,556 261 114,52 867,59 360,380 637,258 078,2 977 980 576,46 503 585 552,45 949 210 182,126,127,mistral_table,pdf_text_layout,no
1099,"PROD. ALIMENTICIOS, BEBIDAS E FUMO",19 231,45 218,15 472,3 044 240,48 932 407,48 688 790,18 398,19 167,58 770,27 285,312 370 660,4 026 338 333,3 971 71 6 570,126,127,mistral_table,pdf_text_layout,no
1100,"PROD. FARMACÊUTICOS, ODONT. E VETER",2 796,17 252,11 381,1 596 578,20 785 921,20 604 474,,,,,,,,126,127,mistral_table,mistral_table_partial,yes
1101,"TECIDOS, VESTUARIO E ARMARINHO",10 696,60 000,39 921,6 078 423,65 662 691,65 436 419,,,,,,,,126,127,mistral_table,mistral_table_partial,yes
1102,MAQ. E APARELHOS ELETR. USO DOMEST,3 163,22 234,13 274,12 994 173,85 211 888,44 871 921,,,,,,,,126,127,mistral_table,mistral_table_partial,yes
1103,"FERRAGENS, MAT. ELETR. E ELETRONICO",4 921,29 621,15 221,3 152 543,61 198 594,60 767 862,,,,,,,,126,127,mistral_table,mistral_table_partial,yes
1104,"VEICULOS NOVOS E USADOS, PECAS",2 467,17 593,8 756,2 689 955,61 756 204,60 980 169,,,,,,,,126,127,mistral_table,mistral_table_partial,yes
1105,MAQ. E EQUIP. DE USO INDUSTRIAL,515,5 194,2 527,1 531 554,19 881 209,18 673 482,,,,,,,,126,127,mistral_table,mistral_table_partial,yes
1106,COMBUSTIVEIS E LUBRIFICANTES,1 603,14 754,9 490,1 684 823,62 244 566,61 788 520,524 698,18 86 1,14 544,186 467 999 310,772 356,5 241,390 416,126,127,mistral_table,pdf_text_layout,no
1107,"PAPELARIAS, LIVRARIAS",3 262,12 123,7 380,1 612 991,12 033 045,11 943 117,877,1 75,10 461,7 020,81 855 324 784,578 416,772 197 566,126,127,mistral_table,pdf_text_layout,no
1108,MERC. EM GERAL - INC. ALIMENTICIOS,1 073,51 869,47 993,3 733 125,113 150 131,113 023 173,,,,,,,,126,127,mistral_table,mistral_table_partial,yes
1109,MERC. EM GERAL - EXC. ALIMENTICIOS,313,11 749,9 390,1 505 179,21 382 757,21 206 721,,,,,,,,126,127,mistral_table,mistral_table_partial,yes
1110,ARTIGOS DIVERSOS,14 190,19 082,10 742,2 095 292,27 604 075,26 979 458,4 744 302,23 828,13 829 182,978 216,1 542 250 662,1 493,785 884,126,127,mistral_table,pdf_text_layout,no
1111,ARTIGOS USADOS,439,1 367,523,108 691,1 301 035,1 297 008,751 765,2 365,1 062,13,237 135,105 721 155,104 605 368,126,127,mistral_table,pdf_text_layout,no
1112,COMERCIO ATACADISTA,4 007,50 426,26 494,9 621 302,423 164 765,420 710 342,,,,,,,,126,127,mistral_table,mistral_table_partial,yes
1113,PRODUTOS EXTRATIVOS E AGROPECUARIOS,70,695,307,125 067,5 756 051,5 638 733,135 137,875 498,11,269 466,336 966,485 332,419 789,126,127,mistral_table,mistral_table,no
1114,"PROD. ALIMENTICIOS, BEBIDAS E FUMO",1 662,17 768,9 141,3 074 402,115 129 878,114 622 068,,,,,,,,126,127,mistral_table,pdf_text_layout_partial,yes
1115,"PROD. FARMACÊUTICOS, ODONT. E VETER",222,3 973,2 359,806 520,25 984 103,25 829 051,251 293,5 132,3 327,80 780 806,95•,385 673,935 708 464,126,127,mistral_table,pdf_text_layout,no
1116,"TECIDOS, VESTUARIO E ARMARINHO",275,2 907,1 156,492 853,11 704 589,11 655 477,367 418,3 667,2 451,41,640 700 024,481 907,020 032 243,126,127,mistral_table,pdf_text_layout,no
1117,MAQ. E APARELHOS ELETR. USO DOMEST,54,963,234,114 737,4 472 122,4 435 707,,,,,,,,126,127,mistral_table,pdf_text_tokens_partial,yes
1118,"FERRAGENS, MAT. ELETR. E ELETRONICO",600,7 717,13 536,1 609 173,29 241 279,32 915 107,,,,,,,,126,127,mistral_table,missing,yes
1119,"VEICULOS NOVOS E USADOS, PECAS",110,491,758,315 733,7 587 260,7 537 020,88 108,1 762,97 5,28,046 045 596,179 920,580 423 422,126,127,mistral_table,pdf_text_layout,no
1120,MAQ. E EQUIP. DE USO INDUSTRIAL,170,2 442,974,761 639,16 587 360,16 155 830,121,140,1 980 007,39 977,540 546,272 939,508 491 999,126,127,mistral_table,pdf_text_layout,no
1121,COMBUSTIVEIS E LUBRIFICANTES,31,360,1 105,566 168,162 684 962,162 590 286,,,,,,,,126,127,mistral_table,pdf_text_layout_partial,yes
1122,"PAPELARIAS, LIVRARIAS",232,2 817,1 636,523 183,12 512 565,12 388 302,195,228,3 200 752,52 881,118 256,901 500,234 993 436,126,127,mistral_table,pdf_text_layout,no
1123,MERC. EM GERAL - INC. ALIMENTICIOS,35,3 624,2 956,509 901,15 803 186,15 379 456,15,32,2 934 762,90 011,105 106,488 773,054 076 931,126,127,mistral_table,pdf_text_layout,no
1124,MERC. EM GERAL - EXC. ALIMENTICIOS,13,132,60,12 780,156 862,155 480,8,13,210 122,5 924,033 673,001 022,672 027 803,126,127,mistral_table,pdf_text_layout,no
1125,ARTIGOS DIVERSOS,212,2 418,1 115,497 038,7 167 118,7 048 392,270 301,049 663,51,053 828,717 688,767 701,375 616,126,127,mistral_table,pdf_text_tokens,no
1126,ARTIGOS USADOS,283,2 119,1 157,211 818,4 377 430,4 359 433,302,312,269 226,16 807,525 357,566 091,357 283 055,126,127,mistral_table,pdf_text_layout,no
1127,REGIÃO METROPOLITANA,45 481,331 632,191 733,46 397 018,879 929 833,873 230 043,42 289,47 976,381 697,246 957,3 887 726 763,70 691 592 308,69 286 172 623,126,127,mistral_table,mistral_table,no
1128,COMERCIO VAREJISTA,41 451,258 343,165 992,27 910 653,483 405 106,479 063 430,39 189,44 108,315 417,218 290,2 564 998 197,39 630 273 574,39 152 607 933,126,127,mistral_table,mistral_table,no
1129,"PROD. ALIMENTICIOS, BEBIDAS E FUMO",13 483,33 668,12 356,2 367 938,38 914 895,38 704 726,12 769,13 221,43 875,20 948,236 776 361,3 136 614 604,3 087 920 570,126,127,mistral_table,mistral_table,no
1130,"PROD. FARMACÊUTICOS, ODONT. E VETER",2 152,14 442,9 744,1 354 364,17 248 861,17 094 990,2 311,2 539,17 543,12 859,113 837 838,1 402 T76 924,1 392 604 641,128,129,mistral_table,pdf_text_layout,no
1131,"TECIDOS, VESTUÁRIO E ARMARINHO",8 209,51 548,35 347,5 472 202,58 088 084,57 887 814,,,,,,,,128,129,mistral_table,mistral_table_partial,yes
1132,MAQ. E APARELHOS ELETR. USO DOMEST,2 433,18 213,11 080,2 598 138,39 090 530,38 781 059,1 999,2 543,20 577,12 504,206 387 768,2 792 259 991,2 759 716 913,128,129,mistral_table,pdf_text_layout,no
1133,"FERRAGENS, MAT. ELETR. E ELETRÔNICO",3 855,24 174,12 286,2 658 867,51 626 231,51 244 595,4 052,4 503,28 890,18 068,238 367 606,3 299 622 186,3 258 787 933,128,129,mistral_table,pdf_text_layout,no
1134,"VEÍCULOS NOVOS E USADOS, PECAS",1 882,14 179,7 087,2 308 635,52 472 627,52 209 504,2 544,2 711,20 222,11 503,250 944 880,5 428 153 316,5 296 719 715,128,129,mistral_table,pdf_text_layout,no
1135,MAQ. E EQUIP. DE USO INDUSTRIAL,1 425,4 660,2 277,1 460 374,18 594 811,17 426 648,496,541,4 643,2 670,60 217 322,668 011 166,623 425 224,128,129,mistral_table,pdf_text_layout,no
1136,COMBUSTÍVEIS E LUBRIFICANTES,1 149,11 750,7 552,1 396 108,49 695 085,49 331 410,078,192,14 731,11 494,152 844 956,4 162 202 675,4 109 104 501,128,129,mistral_table,pdf_text_layout,no
1137,"PAPELARIAS, LIVRARIAS",2 880,11 005,6 696,1 529 657,11 191 154,11 108 705,565,730,9 142,6 173,74 670 898,705 892 269,696 079 308,128,129,mistral_table,pdf_text_layout,no
1138,MERC. EM GERAL - INC. ALIMENTÍCIOS,733,45 018,42 275,3 254 041,99 081 944,98 995 660,150,818,57 058,52 025,466 837 188,883 156 771,857 524 679,128,129,mistral_table,pdf_text_layout,no
1139,MERC. EM GERAL - EXC. ALIMENTÍCIOS,251,11 101,8 910,1 439 998,19 943 922,19 771 034,103,178,13 073,11 475,85 178 787,273 214 949,266 112 976,128,129,mistral_table,pdf_text_layout,no
1140,ARTIGOS DIVERSOS,3 602,17 332,9 910,1 969 627,26 233 263,25 656 613,3 903,4 408,21 108,12 462,168 864 684,402 081 235,356 033 631,128,129,mistral_table,pdf_text_layout,no
1141,ARTIGOS USADOS,393,1 253,472,100 684,1 223 699,1 220 672,642,653,2,052 933,11 611 518,97 071 640,96 225 168,128,129,mistral_table,pdf_text_layout,no
1142,COMÉRCIO ATACADISTA,3 459,46 232,24 435,9 173 633,396 524 727,394 166 613,,,,,,,,128,129,mistral_table,mistral_table_partial,yes
1143,PRODUTOS EXTRATIVOS E AGROPECUÁRIOS,56,572,231,109 922,5 080 904,4 967 426,94,95,715,402,10 323 941 312,972 258,310 176 379,128,129,mistral_table,pdf_text_layout,no
1144,"PROD. ALIMENTÍCIOS, BEBIDAS E FUMO",1 300,15 102,7 907,2 820 192,105 699 764,104 547 344,,,,,,,,128,129,mistral_table,pdf_text_layout_partial,yes
1145,"PROD. FARMACÊUTICOS, ODONT. E VETER",195,3 655,2 214,755 874,24 527 257,24 375 506,226,260,4 762,3 092,75 330 999 735,976 334,718 520 297,128,129,mistral_table,pdf_text_layout,no
1146,"TECIDOS, VESTUÁRIO E ARMARINHO",261,2 773,1 101,481 054,11 310 615,11 264 641,352,398,3 S33,2 366,40 546 602 955,065 464,950 763 988,128,129,mistral_table,pdf_text_layout,no
1147,MAQ. E APARELHOS ELETR. USO DOMEST,52,938,211,107 343,4 382 524,4 346 109,50,57,1,112 649,1 5 859 797 344,870 231,336 621 024,128,129,mistral_table,pdf_text_layout,no
1148,"FERRAGENS, MAT. ELETR. E ELETRÔNICO",547,7 309,3 318,565 126,31 165 979,30 882 604,395 454,6 272,3 716,93 737 500,2 163,173 121,2 137 aso 589,128,129,mistral_table,pdf_text_layout,no
1149,"VEÍCULOS NOVOS E USADOS, PECAS",102,1 424,704,302 814,6 919 438,6 880 506,82,100,1 641 904,26 aso 396,524,830 970,512 378 268,128,129,mistral_table,pdf_text_layout,no
1150,MAQ. E EQUIP. DE USO INDUSTRIAL,167,2 431,971,760 186,16 366 007,15 934 477,120,139,1 978,1 007,39 972 337 545,978 669,508 197 729,128,129,mistral_table,pdf_text_layout,no
1151,COMBUSTÍVEIS E LUBRIFICANTES,46,1 254,1 037,542 714,152 439 811,152 347 765,26,46,1 017 780,57 014· 234,669 747,69!>,8 577 382 514,128,129,mistral_table,pdf_text_layout,no
1152,"PAPELARIAS, LIVRARIAS",218,2 756,1 608,518 745,12 460 672,12 336 409,187,219,3 053 635,51 449 034 233,035 894,1,211 133 830,128,129,mistral_table,pdf_text_layout,no
1153,MERC. EM GERAL - INC. ALIMENTÍCIOS,33,3 540,2 892,502 806,15 341 348,14 918 040,8,23,2 798 679,89 029 730 071,324 670,6 018,999 016,128,129,mistral_table,pdf_text_layout,no
1154,MERC. EM GERAL - EXC. ALIMENTÍCIOS,12,117,55,11 734,142 208,140 826,7,10,1 55,72,4 781 775,657 507 682,656 534 463,128,129,mistral_table,pdf_text_layout,no
1155,ARTIGOS DIVERSOS,207,2 342,1 074,491 562,7 120 804,7 003 680,260,290,2 999,630,50 763 278,705 371 393,689 082 405,128,129,mistral_table,pdf_text_layout,no
1156,ARTIGOS USADOS,263,2 019,1 112,203 561,4 238 396,4 221 275,266,274,2 066,089,15 323 113,325 678 856,325 401 696,128,129,mistral_table,pdf_text_layout,no
1157,RIO DE JANEIRO,28 828,245 089,141 637,38 747 073,660 538 483,654 488 441,,,,,,,,128,129,mistral_table,mistral_table_partial,yes
1158,COMÉRCIO VAREJISTA,25 448,181 858,119 788,21 921 821,369 373 742,365 641 565,,,,,,,,128,129,mistral_table,mistral_table_partial,yes
1159,"PROD. ALIMENTÍCIOS, BEBIDAS E FUMO",6 574,18 649,7 666,1 472 417,25 128 280,24 990 487,6 282,6 475,24 740,12 720,144 721 404,2 072 942 699,2 047 531 120,128,129,mistral_table,pdf_text_layout,no
1160,"PROD. FARMACÊUTICOS, ODONT. E VETER",1 264,9 665,6 595,996 357,12 802 606,12 686 433,,,,,,,,128,129,mistral_table,mistral_table_partial,yes
1161,"TECIDOS, VESTUÁRIO E ARMARINHO",5 282,37 416,26 155,4 356 116,44 903 760,44 734 015,,,,,,,,128,129,mistral_table,mistral_table_partial,yes
1162,MAQ. E APARELHOS ELETR. USO DOMEST,723,13 649,5 315,2 044 390,99 082 928,97 737 214,,,,,,,,128,129,mistral_table,mistral_table_partial,yes
1163,"FERRAGENS, MAT. ELETR. E ELETRÔNICO",2 438,15 649,7 872,7 875 139,39 234 372,38 944 111,,,,,,,,128,129,mistral_table,mistral_table_partial,yes
1164,"VEÍCULOS NOVOS E USADOS, PECAS",1 306,10 698,5 420,815 534,41 735 704,41 203 756,,,,,,,,128,129,mistral_table,mistral_table_partial,yes
1165,MAQ. E EQUIP. DE USO INDUSTRIAL,346,4 197,2 071,404 413,18 014 841,16 870 890,,,,,,,,128,129,mistral_table,mistral_table_partial,yes
1166,COMBUSTÍVEIS E LUBRIFICANTES,701,7 592,4 955,861 552,34 679 172,34 427 138,647,707,9 039,7 165,90 748 061 771,465 304,737 677 750,128,129,mistral_table,pdf_text_layout,no
1167,"PAPELARIAS, LIVRARIAS",2 250,9 103,5 416,1 384 345,9 696 667,9 621 774,963,1 049,6 922,4 528,61 823 788,570 768 537,551 687 867,128,129,mistral_table,pdf_text_layout,no
1168,MERC. EM GERAL - INC. ALIMENTÍCIOS,435,31 226,29 431,2 328 516,70 061 668,69 985 027,46,456,37 447,33 988,323 427 911,88.4111 459,6 868 577 857,128,129,mistral_table,pdf_text_layout,no
1169,MERC. EM GERAL - EXC. ALIMENTÍCIOS,184,9 444,7 656,1 243 160,16 603 632,16 435 233,74,127,9 960,8 507,67 802 083,979 903 201,973 445 912,128,129,mistral_table,pdf_text_layout,no
1170,ARTIGOS DIVERSOS,2 710,13 771,7 920,1 668 216,23 583 740,23 079 747,,,,,,,,128,129,mistral_table,mistral_table_partial,yes
1171,ARTIGOS USADOS,231,807,316,71 666,926 672,925 738,379,384,1 270 600,7 800 299,64,690 298,63 939 308,128,129,mistral_table,pdf_text_layout,no
1172,COMÉRCIO ATACADISTA,2 869,39 298,20 574,8 253 578,291 164 741,288 846 876,2 516,2 825,38 534,22 713,675 062 004,21 337 867 542,21 007 960 513,128,129,mistral_table,pdf_text_layout,no
1173,PRODUTOS EXTRATIVOS E AGROPECUÁRIOS,47,516,222,102 043,4 863 371,4 749 893,71,71,591,332,9 492 307,293 798 849 291,103 611,128,129,mistral_table,pdf_text_layout,no
1174,"PROD. ALIMENTÍCIOS, BEBIDAS E FUMO",1 002,11 902,6 353,2 415 321,91 999 519,91 531 277,754,826,10 036 917,147 298 428,97 l,843 OZA,888 654 325,128,129,mistral_table,pdf_text_layout,no
1175,"PROD. FARMACÊUTICOS, ODONT. E VETER",159,3 098,1 851,680 805,21 320 542,21 173 997,182,203,4 113 645,69,747 489 518,158 752,S02 397 982,128,129,mistral_table,pdf_text_layout,no
1176,"TECIDOS, VESTUÁRIO E ARMARINHO",228,2 564,1 000,461 555,10 552 998,10 507 024,,,,,,,,128,129,mistral_table,missing,yes
1177,MAQ. E APARELHOS ELETR. USO DOMEST,48,922,206,106 258,4 350 957,4 314 550,44,51,893 543,14,648 077 328,429 764,320 180 557,128,129,mistral_table,pdf_text_layout,no
1178,"FERRAGENS, MAT. ELETR. E ELETRÔNICO",473,6 628,3 006,482 379,29 392 988,29 125 851,353,403 580,3 314,85,744 410 987,238 977,1 967 048 877,128,129,mistral_table,pdf_text_layout,no
1179,"VEÍCULOS NOVOS E USADOS, PECAS",96,1 379,684,297 706,6 722 681,6 685 393,77,93,594 869,26,436 996 519,256 296,506 963 149,128,129,mistral_table,pdf_text_layout,no
1180,MAQ. E EQUIP. DE USO INDUSTRIAL,165,2 388,967,753 171,16 210 289,15 780 444,118 133,9S1,993,39,580 632 523,515 618,486 028 519,128,129,mistral_table,pdf_text_layout,no
1181,COMBUSTÍVEIS E LUBRIFICANTES,28,864,718,435 177,88 831 913,88 741 184,17,24,658,518,47 245 441,515 231 560,460 831 222,128,129,mistral_table,pdf_text_layout,no
1182,"PAPELARIAS, LIVRARIAS",203,2 665,1 545,510 285,12 285 543,12 159 399,174,204,2 921,S40,50 372 187 210,913 638,189 011 574,128,129,mistral_table,pdf_text_layout,no
1183,MERC. EM GERAL - INC. ALIMENTÍCIOS,25,2 452,2 078,409 241,14 347 177,13 923 869,• 6,17,"2 6""27",604,86 933 907 027,346 716,975.021 062,128,129,mistral_table,pdf_text_layout,no
1184,MERC. EM GERAL - EXC. ALIMENTÍCIOS,7,91,43,9 505,107 028,105 646,,,,,,,,128,129,mistral_table,missing,yes
1185,ARTIGOS DIVERSOS,191,2 194,1 027,462 326,6 650 209,6 533 085,,,,,,,,128,129,mistral_table,pdf_text_tokens_partial,yes
1186,ARTIGOS USADOS,197,1 592,874,167 806,3 531 426,3 515 264,190,1 94,591 769,11 392,118 262,568 548,262 324 972,128,129,mistral_table,pdf_text_layout,no
1187,BARRA MANSA,710,3 648,2 117,347 355,8 045 740,7 948 048,722 846,4. 802,3,", 19",34 475 091,606 452 830,599 048 930,128,129,mistral_table,pdf_text_layout,no
1188,COMÉRCIO VAREJISTA,663,3 183,1 967,275 240,5 747 165,5 704 791,,,,,,,,128,129,mistral_table,missing,yes
1189,"VEÍCULOS NOVOS E USADOS, PECAS",35,250,151,31 706,830 083,817 667,38,47,411 206,4,503 913,109 967 140,107 589 671,128,129,mistral_table,pdf_text_layout,no
1190,COMBUSTÍVEIS E LUBRIFICANTES,21,153,114,22 257,793 862,789 448,24,27,328 271,3,417 762,91 922 823,90 514 785,128,129,mistral_table,pdf_text_layout,no
1191,MERC. EM GERAL - INC. ALIMENTÍCIOS,35,576,459,30 105,1 174 564,1 172 872,,,,,,,,128,129,mistral_table,missing,yes
1192,DEMAIS GÉNEROS,572,2 204,1 243,191 172,2 948 656,2 924 804,606 686,2 739,1 610,15,808 812,192 394 933,189 678 652,128,129,mistral_table,pdf_text_layout,no
1193,COMÉRCIO ATACADISTA,38,335,142,46 531,2 298 575,2 243 257,34,36,512 320,062 875,101 346,321 100,467 307,128,129,mistral_table,pdf_text_tokens,no
1194,CAMPOS,2 338,9 700,5 145,808 644,22 120 406,22 013 655,"2 , 16",2 392,10 700,6 553,67 173 456,2 177 447 553,2 146 357 418,128,129,mistral_table,pdf_text_layout,no
1195,COMÉRCIO VAREJISTA,2 177,8 594,4 608,670 548,11 166 301,11 075 686,,,,,,,,128,129,mistral_table,mistral_table_partial,yes
1196,"TECIDOS, VESTUÁRIO E ARMARINHO",369,1 547,962,107 916,1 365 758,1 357 383,364 410,890 213,9,742 154,122 011,927 121,481 898,128,129,mistral_table,pdf_text_tokens,no
1197,"VEÍCULOS NOVOS E USADOS, PECAS",111,853,502,97 137,1 959 974,1 923 050,91 102,887 440,8,076 356,169 105,298 158,855 387,128,129,mistral_table,mistral_table,no
1198,COMBUSTÍVEIS E LUBRIFICANTES,71,499,327,45 272,1 670 868,1 667 645,,,,,,,,128,129,mistral_table,mistral_table_partial,yes
1199,DEMAIS GÉNEROS,1 626,5 695,2 817,420 223,6 169 701,6 127 608,,,,,,,,128,129,mistral_table,mistral_table_partial,yes
1200,COMÉRCIO ATACADISTA,141,979,530,117 093,10 954 105,10 937 969,80,98,897,625,133 544,1 152 447 672,1 136 766 335,128,129,mistral_table,pdf_text_layout,no
1201,DUQUE DE CAXIAS,2 624,13 298,7 849,1 278 884,105 180 130,105 067 562,2 2&1,2 522,16 849,11 384,148 568 708,9 382 090 967,324 606 654,128,129,mistral_table,pdf_text_layout,no
1202,COMÉRCIO VAREJISTA,2 497,11 786,6 965,1 009 151,17 635 176,17 527 264,,,,,,,,128,129,mistral_table,mistral_table_partial,yes
1203,"VEÍCULOS NOVOS E USADOS, PECAS",91,540,300,68 224,1 975 601,1 954 032,96 103,692 419,9,580 469,239 906,273 233,141 305,128,129,mistral_table,mistral_table,no
1204,COMBUSTÍVEIS E LUBRIFICANTES,67,1 113,607,181 187,3 518 185,3 481 697,53,62,1 639 192,25 755,016 308,685 948 305,611 746,128,129,mistral_table,pdf_text_layout,no
1205,MERC. EM GERAL - INC. ALIMENTÍCIOS,35,1 785,1 717,131 230,3 927 005,3 927 005,10,45,2 033 940,15 164,675 333,956 082 333,626 186,128,129,mistral_table,pdf_text_layout,no
1206,DEMAIS GÉNEROS,2 304,8 348,4 341,628 510,8 214 385,8 164 530,1 981,2 159,9 980 025,58 162,897 690,349 332 684,684 221,128,129,mistral_table,pdf_text_layout,no
1207,COMÉRCIO ATACADISTA,110,1 339,875,236 753,87 544 954,87 540 298,111,139,2 306,1 808,36 815 598,809 193 332,7 767 543 196,128,129,mistral_table,pdf_text_layout,no
1208,ITABORA1,446,1 364,620,99 277,2 185 729,2 177 348,618,643,2 647,1 565,13 418 887,218 865 144,216 362 645,130,131,mistral_table,mistral_table,no
1209,COMERCIO VAREJISTA,423,1 255,576,86 305,1 772 011,1 763 630,609,634,2 529,1 504,12 551 969,199 832 714,197 330 215,130,131,mistral_table,mistral_table,no
1210,"PROD. ALIMENTICIOS, BEBIDAS E FUMO",218,392,106,23 383,306 396,304 887,272,278,857,441,3 619 221,28 124 117,27 850 521,130,131,mistral_table,mistral_table,no
1211,COMBUSTIVEIS E LUBRIFICANTES,17,89,61,8 403,380 290,379 690,18,19,206,170,1 369 985,52 623 603,50 978 383,130,131,mistral_table,mistral_table,no
1212,MERC. EM GERAL - INC. ALIMENTICIOS,11,168,148,10 901,464 831,464 831,10,18,369,335,2 526 293,55 203 334,55 189 862,130,131,mistral_table,mistral_table,no
1213,DEMAIS GENEROS,177,606,261,43 618,620 494,614 222,309,319,1 097,558,5 036 470,63 881 680,63 311 449,130,131,mistral_table,mistral_table,no
1214,COMERCIO ATACADISTA,23,109,44,12 972,413 718,413 718,9,9,118,61,866 918,19 032 430,19 032 430,130,131,mistral_table,mistral_table,no
1215,ITAGUAI,378,1 563,778,104 696,2 346 828,2 336 578,357,395,2 176,1 446,13 389 669,264 605 579,257 981 685,130,131,mistral_table,mistral_table,no
1216,COMERCIO VAREJISTA,368,1 480,761,98 607,2 193 390,2 183 140,344,382,1 962,1 288,11 657 215,239 198 141,235 860 166,130,131,mistral_table,mistral_table,no
1217,"PROD. ALIMENTICIOS, BEBIDAS E FUMO",165,427,134,22 891,368 498,367 748,146,154,388,147,1 805 190,27 342 120,26 450 538,130,131,mistral_table,mistral_table,no
1218,COMBUSTIVEIS E LUBRIFICANTES,19,144,106,15 690,614 253,611 714,19,22,229,189,1 774 287,62 185 050,60 753 527,130,131,mistral_table,mistral_table,no
1219,MERC. EM GERAL - INC. ALIMENTICIOS,10,219,198,12 961,537 852,536 916,5,17,533,496,4 114 810,99 470 214,99 457 763,130,131,mistral_table,mistral_table,no
1220,DEMAIS GENEROS,174,690,323,49 065,672 787,666 762,174,189,812,456,3 962 928,50 200 757,49 198 338,130,131,mistral_table,mistral_table,no
1221,COMERCIO ATACADISTA,9,73,17,5 457,153 438,153 438,13,13,214,158,1 732 454,25 407 438,22 121 519,130,131,mistral_table,mistral_table,no
1222,MAGE,799,2 763,1 332,161 779,2 982 634,2 960 626,647,708,2 709,1 579,13 844 914,247 637 050,245 448 787,130,131,mistral_table,mistral_table,no
1223,COMERCIO VAREJISTA,786,2 657,1 307,152 895,2 757 015,2 736 654,635,693,2 625,1 542,13 257 053,230 593 145,228 541 721,130,131,mistral_table,mistral_table,no
1224,"PROD. ALIMENTICIOS, BEBIDAS E FUMO",445,886,224,41 651,549 151,548 641,297,324,802,366,3 446 074,41 340 861,40 949 383,130,131,mistral_table,mistral_table,no
1225,COMBUSTIVEIS E LUBRIFICANTES,24,152,102,10 310,435 264,428 354,22,24,203,141,1 214 538,36 972 742,36 166 230,130,131,mistral_table,mistral_table,no
1226,MERC. EM GERAL - INC. ALIMENTICIOS,14,441,412,29 790,773 066,768 342,6,18,475,452,3 101 649,74 364 322,74 332 654,130,131,mistral_table,mistral_table,no
1227,DEMAIS GENEROS,303,1 178,569,71 144,999 534,991 317,310,327,1 145,583,5 494 792,77 915 220,77 093 454,130,131,mistral_table,mistral_table,no
1228,COMERCIO ATACADISTA,12,90,25,7 213,225 619,223 972,12,12,70,37,509 349,17 043 905,16 907 066,130,131,mistral_table,mistral_table,no
1229,NILOPOLIS,640,2 946,1 712,230 235,4 596 308,4 584 093,665,711,3 499,2 209,22 437 469,362 086 677,359 446 093,130,131,mistral_table,mistral_table,no
1230,COMERCIO VAREJISTA,614,2 748,1 635,211 759,3 843 602,3 836 051,648,692,3 252,2 049,20 287 789,329 397 400,326 796 357,130,131,mistral_table,mistral_table,no
1231,"PROD. ALIMENTICIOS, BEBIDAS E FUMO",281,577,144,34 517,471 229,470 687,343,349,1 025,447,5 198 903,73 223 593,71 670 574,130,131,mistral_table,mistral_table,no
1232,"FERRADENA, MAT. ELETR. E ELETRONICO",52,332,134,32 067,542 415,541 070,49,56,374,214,3 176 138,44 799 674,44 773 913,130,131,mistral_table,mistral_table,no
1233,MERC. EM GERAL - INC. ALIMENTICIOS,7,776,759,61 335,1 668 870,1 668 870,2,10,600,590,5 346 150,120 917 013,120 428 175,130,131,mistral_table,mistral_table,no
1234,DEMAIS GENEROS,274,1 063,598,83 840,1 161 088,1 155 424,254,277,1 253,798,6 566 598,90 457 120,89 923 695,130,131,mistral_table,mistral_table,no
1235,COMERCIO ATACADISTA,26,198,77,18 476,752 706,748 042,17,18,231,160,2 026 896,32 689 277,32 649 736,130,131,mistral_table,mistral_table,no
1236,NITEROI,2 610,18 146,12 186,1 870 738,31 803 311,31 602 850,2 604,3 061,23 025,16 592,165 260 819,2 692 089 415,2 670 473 156,130,131,mistral_table,mistral_table,no
1237,COMERCIO VAREJISTA,2 497,16 988,11 694,1 711 057,28 032 023,27 838 046,2 523,2 953,22 005,16 103,154 319 209,2 478 737 963,2 457 352 838,130,131,mistral_table,mistral_table,no
1238,"TECIDOS, VESTUARIO E ARMARINHO",638,4 309,3 116,402 536,4 596 117,4 577 236,567,679,4 670,3 457,29 513 415,306 630 096,305 444 714,130,131,mistral_table,mistral_table,no
1239,"VEICULOS NOVOS E USADOS, PECAS",140,652,484,149 397,2 577 252,2 542 728,178,199,1 450,850,14 771 625,377 289 337,372 393 361,130,131,mistral_table,mistral_table,no
1240,MERC. EM GERAL - INC. ALIMENTICIOS,54,2 456,2 249,169 964,5 906 065,5 905 890,12,49,3 599,3 105,25 927 410,571 476 677,570 403 889,130,131,mistral_table,mistral_table,no
1241,DEMAIS GENEROS,1 665,9 271,5 865,989 160,14 952 609,14 812 192,1 766,2 026,12 286,8 691,84 106 759,1 223 341 853,1 209 110 384,130,131,mistral_table,mistral_table,no
1242,COMERCIO ATACADISTA,98,981,482,124 670,3 771 288,3 764 804,81,93,905,486,9 181 915,213 351 452,213 120 318,130,131,mistral_table,mistral_table,no
1243,NOVA FRIBURGO,983,3 830,2 029,365 367,7 249 202,7 219 307,914,1 051,5 003,3 219,37 446 856,590 635 313,587 701 200,130,131,mistral_table,mistral_table,no
1244,COMERCIO VAREJISTA,937,3 477,1 885,322 618,6 304 764,6 275 769,882,1 009,4 540,2 904,32 446 296,490 970 908,488 471 171,130,131,mistral_table,mistral_table,no
1245,"TECIDOS, VESTUARIO E ARMARINHO",187,772,474,63 785,900 033,899 856,203,235,1 031,637,7 264 900,71 117 839,70 988 741,130,131,mistral_table,mistral_table,no
1246,"VEICULOS NOVOS E USADOS, PECAS",36,212,113,32 361,879 979,871 823,45,53,329,234,3 364 227,67 710 366,66 786 050,130,131,mistral_table,mistral_table,no
1247,MERC. EM GERAL - INC. ALIMENTICIOS,14,441,370,31 835,1 031 402,1 030 345,6,13,551,530,3 393 160,98 128 736,98 122 781,130,131,mistral_table,mistral_table,no
1248,DEMAIS GENEROS,700,2 052,928,194 637,3 493 350,3 473 745,628,708,2 629,1 503,18 423 969,254 013 967,252 573 599,130,131,mistral_table,mistral_table,no
1249,COMERCIO ATACADISTA,37,288,138,31 641,944 438,943 538,32,38,427,315,4 370 519,99 664 181,99 230 029,130,131,mistral_table,mistral_table,no
1250,NOVA IGUAÇU,3 287,16 584,9 678,1 369 130,27 310 331,27 206 022,3 190,3 457,19 736,12 836,137 990 872,2 393 181 127,2 378 066 112,130,131,mistral_table,mistral_table,no
1251,COMERCIO VAREJISTA,3 167,14 877,8 879,1 185 198,21 654 103,21 550 799,3 104,3 350,17 891,11 804,121 279 600,1 957 179 047,1 942 682 944,130,131,mistral_table,mistral_table,no
1252,"VEICULOS NOVOS E USADOS, PECAS",120,815,395,116 337,2 920 856,2 903 162,206,210,1 043,489,12 250 511,271 078 700,269 284 859,130,131,mistral_table,mistral_table,no
1253,COMBUSTIVEIS E LUBRIFICANTES,89,711,485,94 752,2 429 870,2 412 103,79,92,1 082,874,11 327 732,278 252 517,274 093 489,130,131,mistral_table,mistral_table,no
1254,MERC. EM GERAL - INC. ALIMENTICIOS,62,2 912,2 763,206 704,6 193 758,6 191 358,15,81,4 192,3 910,29 209 717,575 991 735,574 312 148,130,131,mistral_table,mistral_table,no
1255,DEMAIS GENEROS,2 896,10 439,5 236,767 405,10 109 619,10 044 176,2 804,2 967,11 574,6 531,68 491 640,831 856 095,824 992 448,130,131,mistral_table,mistral_table,no
1256,COMERCIO ATACADISTA,113,1 545,790,161 290,5 656 228,5 655 223,86,99,1 666,1 030,13 798 789,436 002 080,435 383 168,130,131,mistral_table,mistral_table,no
1257,PETROPOLIS,1 689,8 565,4 922,820 787,15 103 117,14 991 141,2 105,2 275,11 320,6 948,75 253 887,1 237 790 866,1 228 843 396,130,131,mistral_table,mistral_table,no
1258,COMERCIO VAREJISTA,1 625,7 875,4 631,713 340,12 872 842,12 775 184,2 055,2 214,10 501,6 531,65 842 024,1 093 103 059,1 085 362 814,130,131,mistral_table,mistral_table,no
1259,"TECIDOS, VESTUARIO E ARMARINHO",604,2 152,1 210,164 595,1 914 944,1 912 742,847,929,3 309,1 890,18 200 141,176 780 667,177 582 705,130,131,mistral_table,mistral_table,no
1260,"VEICULOS NOVOS E USADOS, PECAS",55,415,179,68 723,1 615 205,1 598 851,81,83,543,245,5 431 905,158 845 800,157 072 370,130,131,mistral_table,mistral_table,no
1261,MERC. EM GERAL - INC. ALIMENTICIOS,13,900,778,55 229,2 212 802,2 211 843,5,17,1 313,1 253,9 449 328,246 508 126,246 413 291,130,131,mistral_table,mistral_table,no
1262,DEMAIS GENEROS,953,4 408,2 464,424 793,7 129 891,7 051 748,1 122,1 185,5 336,3 143,32 760 690,508 968 446,504 294 448,130,131,mistral_table,mistral_table,no
1263,COMERCIO ATACADISTA,59,639,291,96 105,2 230 275,2 215 957,50,56,632,417,6 227 729,144 066 817,143 480 582,130,131,mistral_table,mistral_table,no
1264,RESSENDE,506,2 098,1 028,188 295,4 617 944,4 573 057,493,580,3 040,1 926,20 771 220,715 757 192,707 246 781,130,131,mistral_table,mistral_table,no
1265,COMERCIO VAREJISTA,488,1 933,958,166 141,3 791 258,3 746 750,476,555,2 846,1 791,19 278 760,336 210 176,329 790 112,130,131,mistral_table,mistral_table,no
1266,"VEICULOS NOVOS E USADOS, PECAS",27,169,42,18 767,434 003,423 129,29,29,258,95,2 228 268,53 903 453,51 867 170,130,131,mistral_table,mistral_table,no
1267,COMBUSTIVEIS E LUBRIFICANTES,25,188,102,17 923,872 576,858 118,27,30,479,372,3 260 948,78 988 299,75 336 204,130,131,mistral_table,mistral_table,no
1268,MERC. EM GERAL - INC. ALIMENTICIOS,15,241,209,18 288,609 023,605 418,7,22,419,368,4 135 320,89 666 491,89 662 925,130,131,mistral_table,mistral_table,no
1269,DEMAIS GENEROS,421,1 335,605,111 163,1 875 656,1 860 085,413,474,1 590,956,9 854 224,113 849 933,112 923 813,130,131,mistral_table,mistral_table,no
1270,COMERCIO ATACADISTA,17,159,70,21 104,826 686,826 307,17,23,185,135,1 451 431,379 547 016,377 456 669,130,131,mistral_table,mistral_table,no
1271,SÃO GONÇALO,2 341,9 707,5 210,819 893,16 546 724,16 522 107,2 535,2 775,12 745,7 795,83 281 946,531 981 085,1 517 233 830,132,133,mistral_table,pdf_text_layout,no
1272,COMERCIO VAREJISTA,2 235,8 821,4 855,692 997,13 566 485,13 545 258,,,,,,,,132,133,mistral_table,pdf_text_layout_partial,yes
1273,"PROD. ALIMENTICIOS, BEBIDAS E FUMO",1 130,2 152,608,132 209,1 860 373,1 860 094,,,,,,,,132,133,mistral_table,pdf_text_layout_partial,yes
1274,COMBUSTÍVEIS E LUBRIFICANTES,56,506,286,64 569,1 742 909,1 735 551,,,,,,,,132,133,mistral_table,pdf_text_layout_partial,yes
1275,MERC. EM GERAL - INC. ALIMENTICIOS,53,1 768,1 568,107 979,3 911 983,3 911 966,,,,,,,,132,133,mistral_table,pdf_text_tokens_partial,yes
1276,DEMAIS GÉNEROS,996,4 395,2 393,388 240,6 051 220,6 037 647,,,,,,,,132,133,mistral_table,pdf_text_layout_partial,yes
1277,COMERCIO ATACADISTA,102,744,355,107 589,2 980 239,2 976 849,119,128,1,125 712,13 850 181,326 528 697,326 333 429,132,133,mistral_table,pdf_text_layout,no
1278,SÃO JOÃO DE MERITI,1 426,10 316,5 142,803 868,9 479 711,9 441 839,1 5SO,1 682,11 146,7 018,94 624 577,1 084 957 064,1 073'717 612,132,133,mistral_table,pdf_text_layout,no
1279,COMERCIO VAREJISTA,1 386,6 746,4 261,440 481,7 865 277,7 851 490,,,,,,,,132,133,mistral_table,pdf_text_layout_partial,yes
1280,"TECIDOS, VESTUÁRIO E ARMARINHO",206,855,516,60 037,665 671,661 684,,,,,,,,132,133,mistral_table,pdf_text_tokens_partial,yes
1281,"FERRAGENS, MAT. ELETR. E ELETRÔNICO",131,668,326,52 366,885 395,879 913,,,,,,,,132,133,mistral_table,pdf_text_tokens_partial,yes
1282,MERC. EM GERAL - INC. ALIMENTICIOS,25,2 189,2 102,125 704,3 054 563,3 054 131,,,,,,,,132,133,mistral_table,pdf_text_layout_partial,yes
1283,DEMAIS GÉNEROS,1 024,3 034,1 317,202 374,3 279 648,3 255 762,,,,,,,,132,133,mistral_table,pdf_text_layout_partial,yes
1284,COMERCIO ATACADISTA,31,1 218,878,105 962,1 594 434,1 590 349,77,79,516,316,4 153 840,143 698 S20,141 934 466,132,133,mistral_table,pdf_text_layout,no
1285,TERESOPOLIS,690,3 102,1 857,242 539,4 781 669,4 754 705,728,800,3 995,2 S78,23 699 770,441 600 860,438 767 148,132,133,mistral_table,pdf_text_layout,no
1286,COMERCIO VAREJISTA,672,2 945,1 767,228 598,4 468 662,4 441 828,710,779,3 844,2 513,22 033 528,375 301 784,372 516 237,132,133,mistral_table,pdf_text_layout,no
1287,"FERRAGENS, MAT. ELETR. E ELETRÔNICO",66,331,174,29 117,560 480,556 033,64,76,485 343,2 425 117,52 032 043,S1 731,798,132,133,mistral_table,pdf_text_layout,no
1288,COMBUSTÍVEIS E LUBRIFICANTES,18,166,127,20 229,665 804,683 659,13,17,194 168,1 704 721,55 269 623,S4 733,411,132,133,mistral_table,pdf_text_layout,no
1289,MERC. EM GERAL - INC. ALIMENTICIOS,13,617,524,39 989,1 315 816,1 313 972,2,6,578,564,3 952 540,106 807 604,106 807 604,132,133,mistral_table,pdf_text_layout,no
1290,DEMAIS GÉNEROS,575,1 831,942,139 263,1 906 562,1 888 164,631,680,2 587,1 438,13 951 150 161,192 514,159 243 424,132,133,mistral_table,pdf_text_layout,no
1291,COMERCIO ATACADISTA,17,156,89,13 887,313 007,312 877,18,20,143,65,960 310,66 299 076,66 2SO 911,132,133,mistral_table,pdf_text_layout,no
1292,VOLTA REDONDA,972,6 511,4 140,645 218,15 282 328,15 217 187,,,,,,,,132,133,mistral_table,pdf_text_layout_partial,yes
1293,COMERCIO VAREJISTA,900,5 647,3 851,534 906,10 440 452,10 376 745,,,,,,,,132,133,mistral_table,missing,yes
1294,"TECIDOS, VESTUÁRIO E ARMARINHO",231,1 011,647,88 075,972 199,965 956,220 262,1 351 915,8,163 094,79 900 982,79,147 191,132,133,mistral_table,pdf_text_layout,no
1295,COMBUSTÍVEIS E LUBRIFICANTES,24,289,1 199,29 303,1 365 599,1 362 632,,,,,,,,132,133,mistral_table,pdf_text_layout_partial,yes
1296,MERC. EM GERAL - INC. ALIMENTICIOS,41,1 408,1 294,131 782,2 947 132,2 942 747,,,,,,,,132,133,mistral_table,pdf_text_tokens_partial,yes
1297,DEMAIS GÉNEROS,604,2 939,1 711,285 746,5 151 522,5 105 112,,,,,,,,132,133,mistral_table,pdf_text_tokens_partial,yes
1298,COMERCIO ATACADISTA,46,519,288,54 565,4 841 876,4 840 442,46,55,842,701,7 386 148,32S 494 981,323 287 170,132,133,mistral_table,pdf_text_layout,no
1299,ANORA DOS REIS,333,1 189,607,116 114,2 830 428,2 824 929,450,506,2 362,1 368,15 587 376,276 225 988,275 370 944,132,133,mistral_table,pdf_text_layout,no
1300,ARARUAMA,261,1 114,568,89 343,1 804 259,1 801 469,346,379,1 659,1 052,11 737 344,203 409 221,201 349 353,132,133,mistral_table,pdf_text_layout,no
1301,BARRA DO PIRAI,351,1 596,901,137 337,2 659 790,2 640 891,369,423,019,1 323,14 413 319,238 731 502,235 353 694,132,133,mistral_table,pdf_text_layout,no
1302,BOM JARDIM,123,346,103,21 836,628 090,621 591,110,11 s,381,158,844 128,43 223 375,43 206 585,132,133,mistral_table,pdf_text_layout,no
1303,BOM JESUS DO ITABAPOANA,151,712,315,48 801,1 271 240,1 268 493,170,187,955,615,4 317 784,103 S53 296,102 523 794,132,133,mistral_table,pdf_text_layout,no
1304,CABO FRIO,532,2 361,1 242,205 349,3 933 453,3 917 444,654,748,3 529,2 368,20 677 711,390 915 862,389 715 328,132,133,mistral_table,pdf_text_layout,no
1305,CACHOEIRAS DE MACACU,212,554,240,32 447,685 848,682 075,1S1,16S,595,349,2 649 142,64 381 844,64 1 60 12 9,132,133,mistral_table,pdf_text_layout,no
1306,CAMBUCI,112,197,48,8 829,211 297,211 297,97,101,243,86,2 092 021,12 510 026,12 419 826,132,133,mistral_table,pdf_text_layout,no
1307,CANTAGALO,111,282,98,18 838,339 494,338 924,83,98,318,170,1 378 777,28 641 411,28 633 177,132,133,mistral_table,pdf_text_layout,no
1308,CARMO,72,227,59,8 332,222 013,221 532,53,56,141,70,809 983,17 243 057,17 2 1 8 4 94,132,133,mistral_table,pdf_text_layout,no
1309,CASIMIRO DE ABREU,150,379,164,23 653,560 886,555 874,1 51,1'64,533,282,2 951 610,55 164 894,54 766 072,132,133,mistral_table,pdf_text_layout,no
1310,CONCEIÇÃO DE MACABU,71,173,70,10 529,281 590,281 574,81,83,235 130,321 779,21 301 598,21,121 478,132,133,mistral_table,pdf_text_layout,no
1311,CORDEIRO,124,344,132,25 980,674 296,668 358,101,114,407,245,2 171 281,39 8SS 984,39 825 793,132,133,mistral_table,pdf_text_layout,no
1312,DUAS BARRAS,37,73,13,3 325,109 326,109 001,34,34,77,29,379 356,10 487 390,10 464 719,132,133,mistral_table,pdf_text_layout,no
1313,ENGENHEIRO PAULO DE FRONTIN,46,228,89,14 739,296 847,294 924,41,44,155,86,1 138 491,1 6 906 S68,16 840 ~62,132,133,mistral_table,pdf_text_layout,no
1314,ITAOCARA,127,366,129,17 814,375 330,375 082,154,161,539,250,2 506 935,so 842 646,so 801 075,132,133,mistral_table,pdf_text_layout,no
1315,ITAPERUNA,466,1 475,658,97 916,2 443 963,2 438 656,,,,,,,,132,133,mistral_table,missing,yes
1316,LAJE DO MURIAE,37,83,15,3 170,92 477,91 906,26,27,46,16,235 524,200 19S,171 864,132,133,mistral_table,pdf_text_layout,no
1317,MACAE,556,1 928,1 063,159 819,4 027 535,4 008 541,502,586,2 843,1 854,2.2 364 400,S90 100 360,S87 578 464,132,133,mistral_table,pdf_text_layout,no
1318,MANGARATIBA,85,206,70,15 735,288 331,286 814,"82,",87,276 125,s15,or6,30 203 764,29 990 88S,132,133,mistral_table,pdf_text_layout,no
1319,MARICA,198,554,270,42 272,863 044,862 565,180,193,871,527,268 2S7,79 117 736,77 967 123,132,133,mistral_table,pdf_text_layout,no
1320,MENDES,92,331,145,25 988,453 781,451 832,,,,,,,,132,133,mistral_table,missing,yes
1321,MIGUEL PEREIRA,110,485,252,31 854,680 373,670 591,106,120,470,265,2 803 839,51 438 336,50 845 91S,132,133,mistral_table,pdf_text_layout,no
1322,MIRACEMA,161,396,154,22 078,479 683,477 491,163,178,530,237,2 202 318,46 873 614,46 367 926,132,133,mistral_table,pdf_text_layout,no
1323,NATIVIDADE,99,333,139,17 884,639 661,639 405,,,,,,,,132,133,mistral_table,missing,yes
1324,PARACAMBI,132,531,327,32 951,705 152,702 057,139,145,595,385,3 303 064,56 926 303,55 734 469,134,135,mistral_table,mistral_table,no
1325,PARAIBA DO SUL,149,471,209,33 621,590 664,586 089,171,185,711,432,3 941 051,75 565 557,75 357 325,134,135,mistral_table,mistral_table,no
1326,PARATI,131,322,146,21 470,362 165,359 907,143,156,459,240,3 047 085,38 576 618,38 342 797,134,135,mistral_table,mistral_table,no
1327,PIRAI,130,397,153,27 537,580 829,564 696,142,151,583,266,3 675 692,55 369 976,54 631 031,134,135,mistral_table,mistral_table,no
1328,PORCIUNCULA,84,204,49,8 840,178 445,178 282,86,91,223,77,888 606,14 277 793,14 236 898,134,135,mistral_table,mistral_table,no
1329,RIO BONITO,310,1 152,491,94 263,2 287 844,2 243 476,286,303,1 563,1 073,9 409 143,177 115 343,170 675 083,134,135,mistral_table,mistral_table,no
1330,RIO CLARO,51,112,39,7 581,178 423,176 542,48,52,160,60,744 555,17 962 208,16 958 115,134,135,mistral_table,mistral_table,no
1331,RIO DAS FLORES,20,45,15,2 466,59 183,59 183,25,28,56,18,255 869,7 326 809,7 237 402,134,135,mistral_table,mistral_table,no
1332,SANTA MARIA MADALENA,54,117,24,4 539,87 158,84 371,48,50,127,60,412 216,6 072 392,5 633 111,134,135,mistral_table,mistral_table,no
1333,SANTO ANTONIO DE PADUA,269,837,267,55 955,1 285 577,1 278 485,247,261,939,485,3 859 596,90 980 132,89 117 781,134,135,mistral_table,mistral_table,no
1334,SÃO FIDELIS,190,459,172,26 510,710 963,709 053,288,308,869,397,4 500 191,60 466 550,59 639 946,134,135,mistral_table,mistral_table,no
1335,SÃO JOÃO DA BARRA,268,596,88,30 569,374 364,374 364,496,501,1 171,557,9 915 356,60 884 939,59 566 539,134,135,mistral_table,mistral_table,no
1336,SÃO PEDRO DA ALDEIA,201,684,298,65 813,1 513 299,1 510 318,222,239,856,477,5 923 173,88 731 983,88 360 685,134,135,mistral_table,mistral_table,no
1337,SÃO SEBASTIÃO DO ALTO,44,72,5,2 625,40 736,39 558,16,16,44,15,231 179,2 302 459,2 299 256,134,135,mistral_table,mistral_table,no
1338,SAPUCAIA,80,315,137,32 008,761 653,754 895,84,96,495,249,3 160 803,83 496 044,81 299 279,134,135,mistral_table,mistral_table,no
1339,SAQUAREMA,211,505,166,33 449,682 904,662 235,190,209,646,287,4 317 064,61 339 244,60 713 604,134,135,mistral_table,mistral_table,no
1340,SILVA JARDIM,73,161,33,8 742,159 926,159 926,80,81,211,94,1 536 394,18 320 501,18 270 161,134,135,mistral_table,mistral_table,no
1341,SUMIDOURO,58,96,7,4 167,64 693,63 359,50,50,116,36,549 427,7 161 012,7 111 405,134,135,mistral_table,mistral_table,no
1342,TRAJANO DE MORAIS,45,106,19,4 391,73 628,72 422,50,51,124,51,562 585,7 795 971,7 756 259,134,135,mistral_table,mistral_table,no
1343,TRES RIGS,408,2 100,1 301,165 553,3 377 587,3 354 659,429,486,2 491,1 556,15 004 608,282 801 096,277 754 967,134,135,mistral_table,mistral_table,no
1344,VALENÇA,298,1 268,682,3 650 920,1 881 299,1 867 300,323,372,1 479,905,9 078 319,161 864 258,161 210 561,134,135,mistral_table,mistral_table,no
1345,VASSOURAS,259,890,352,71 679,1 329 166,1 324 454,267,294,940,480,5 606 088,100 676 862,100 106 416,134,135,mistral_table,mistral_table,no
1346,SÃO PAULO,156 813,838 315,405 897,116 989 544,2 560 114 813,2 538 658 779,16'4 755,181 606,1 073 950,615 677,11 702 863 072,256 659 366 948,252 889 933 815,134,135,mistral_table,pdf_text_layout,no
1347,COMERCIO VAREJISTA,141 684,643 087,334 612,72 098 289,1 357 507 009,1 345 441 401,151 482,165 064,836 915,496 758,7 467 271 189,127 128 530 878,125 191 612 735,134,135,mistral_table,pdf_text_layout,no
1348,"PROD. ALIMENTICIOS, BEBIDAS E FUMO",48 607,109 366,21 581,8 337 438,125 586 859,124 937 855,52 170,53 768,150 443,57 764,960 094 594,12 058 935 691,11 839 059 428,134,135,mistral_table,pdf_text_layout,no
1349,"PROD. FARMACÊUTICOS, ODONT. E VETER",8 146,38 975,21 726,4 293 102,65 782 641,65 173 904,9 963,10 835,51 094,30 753,415 669 651,5 941 635 491,5 879 749 311,134,135,mistral_table,pdf_text_layout,no
1350,"TECIDOS, VESTUÁRIO E ARMARINHO",29 766,119 739,95 225,11 334 111,122 532 347,122 163 735,31 157,34 328,1 51 243,90 367,1 200 178 524,11 936 029 954,11 880 121 285,134,135,mistral_table,pdf_text_layout,no
1351,MAG. E APARELHOS ELETR. USO DOMEST,7 879,49 554,27 358,6 625 015,110 106 539,109 186 030,6 527,8 676,55 471,36 222,625 678 722,7 524 883 947,7 446 691 033,134,135,mistral_table,pdf_text_layout,no
1352,"FERRAGENS, MAT. ELETR. E ELETRÔNICO",10 633,65 863,31 724,7 870 846,134 274 070,133 029 089,12 687,13 807,80 889,47 537,738 829 400,11 303 079 365,11 107 555 528,134,135,mistral_table,pdf_text_layout,no
1353,"VEICULOS NOVOS E USADOS, PEÇAS",7 801,47 715,22 769,7 372 217,200 955 867,198 477 162,11 059,11 895,81 707,42 683,1 048 298 858,21 817 589 283,21 118 944 822,134,135,mistral_table,pdf_text_layout,no
1354,MAG. E EQUIP. DE USO INDUSTRIAL,1 912,17 200,8 278,4 102 829,65 962 871,64 137 813,2 519,2 796,20 780,11 035,289 018 446,5 204 707 163,4 992 324 793,134,135,mistral_table,pdf_text_layout,no
1355,COMBUSTÍVEIS E LUBRIFICANTES,5 608,41 070,25 162,4 576 468,205 693 299,204 321 005,5 486,s 851,47 920,33 712,514 158 274,17 653 139 275,17 514 095 477,134,135,mistral_table,pdf_text_layout,no
1356,"PAPELARIAS, LIVRARIAS",4 631,17 261,8 547,1 970 621,18 539 738,18 431 662,3 729,4 121,16 460,9 294,139 250 705,1 249 324 826,1 233 190 142,134,135,mistral_table,pdf_text_layout,no
1357,MERC. EM GERAL - INC. ALIMENTÍCIOS,3 894,77 873,63 476,8 324 935,219 411 866,218 964 436,"2 27""",3 678,102 457,90 137,857 496 504,23 790 364 681,23 728 241 787,134,135,mistral_table,pdf_text_layout,no
1358,MERC. EM GERAL - EXC. ALIMENTÍCIOS,866,17 802,13 614,3 079 433,45 202 508,44 572 116,283,573,26 380,21 277,269 889 114,4 868 974 166,4 793 962 093,134,135,mistral_table,pdf_text_layout,no
1359,ARTIGOS DIVERSOS,10 544,37 274,17 974,3 905 942,39 844 193,38 464 631,12 073,13 162,47 509,24 141,378 803 138,3 477 339 229,3 356 700 705,134,135,mistral_table,pdf_text_layout,no
1360,ARTIGOS USADOS,1 199,3 399,1 182,305 332,3 614 209,3 581 963,1 555,1 574,4 562,1 836,29 905 259,302 527 807,300 976 331,134,135,mistral_table,pdf_text_layout,no
1361,COMERCIO ATACADISTA,13 289,141 852,68 838,27 396 673,1 202 607 804,1 193 217 378,,,,,,,,134,135,mistral_table,mistral_table_partial,yes
1362,PRODUTOS EXTRATIVOS E AGROPECUÁRIOS,454,4 080,1 790,663 486,35 394 394,34 708 882,885 956,6 728,3 536,99 269 830,4 503 331 764,4 460,856 922,134,135,mistral_table,pdf_text_layout,no
1363,"PROD. ALIMENTÍCIOS, BEBIDAS E FUMO",8 985,44 533,2 501,7 002 453,394 534 610,392 611 871,,,,,,,,134,135,mistral_table,pdf_text_tokens_partial,yes
1364,"PROD. FARMACÊUTICOS, ODONT. E VETER",812,11 722,6 412,2 834 508,85 279 078,84 175 214,,,,,,,,134,135,mistral_table,pdf_text_tokens_partial,yes
1365,"TECIDOS, VESTUÁRIO E ARMARINHO",1 424,11 968,7 072,1 845 765,53 684 602,53 275 647,,,,,,,,134,135,mistral_table,pdf_text_tokens_partial,yes
1366,MAG. E APARELHOS ELETR. USO DOMEST,258,2 860,1 297,485 471,27 094 295,27 047 538,,,,,,,,134,135,mistral_table,missing,yes
1367,"FERRAGENS, MAT. ELETR. E ELETRÔNICO",1 876,23 576,10 457,5 089 771,126 739 947,125 813 874,,,,,,,,134,135,mistral_table,pdf_text_tokens_partial,yes
1368,"VEICULOS NOVOS E USADOS, PEÇAS",455,7 377,3 608,1 737 374,49 440 865,45 119 812,,,,,,,,134,135,mistral_table,pdf_text_layout_partial,yes
1369,MAG. E EQUIP. DE USO INDUSTRIAL,494,7 147,2 980,2 462 360,37 217 947,35 038 959,515 610,8 437,4 732,199 961 953,3 187 682 644,3 041,582 742,134,135,mistral_table,pdf_text_layout,no
1370,COMBUSTÍVEIS E LUBRIFICANTES,241,4 346,1 948,1 236 500,289 031 284,288 470 611,104 268,5 202,3 325,130 419 701,34 403 084 648,34 296,222 775,134,135,mistral_table,pdf_text_layout,no
1371,"PAPELARIAS, LIVRARIAS",460,5 104,2 424,989 700,23 810 261,23 642 523,456 553,8 924,4 883,143 707 280,3 794 987 092,3 674,604 257,134,135,mistral_table,pdf_text_layout,no
1372,MERC. EM GERAL - INC. ALIMENTÍCIOS,87,4 278,2 630,840 030,36 059 486,35 444 331,,,,,,,,134,135,mistral_table,pdf_text_tokens_partial,yes
1373,MERC. EM GERAL - EXC. ALIMENTÍCIOS,47,508,287,73 269,1 632 378,1 629 963,,,,,,,,134,135,mistral_table,pdf_text_layout_partial,yes
1374,ARTIGOS DIVERSOS,733,6 465,3 221,1 186 910,22 235 052,21 973 112,885 996,9 777,6 048,133 316 747,2 813 092 574,2 718,579 661,134,135,mistral_table,pdf_text_layout,no
1375,ARTIGOS USADOS,983,7 888,3 211,948 076,20 453 615,20 265 041,863 907,7 836,4 600,83 677 018,2 020 148 044,2 001,338 671,134,135,mistral_table,pdf_text_layout,no
1376,REGIÃO METROPOLITANA,74 955,465 719,228 275,75 293 804,1 571 769 336,1 557 294 693,74 774,82 145,586 207,336 200,7 493 536 635,150 888 506 792,148 401 668 480,134,135,mistral_table,pdf_text_layout,no
1377,COMERCIO VAREJISTA,65 585,323 957,178 471,41 489 505,745 236 795,738 240 809,,,,,,,,134,135,mistral_table,mistral_table_partial,yes
1378,"PROD. ALIMENTÍCIOS, BEBIDAS E FUMO",20 883,47 159,12 347,4 073 779,58 252 251,57 981 780,,,,,,,,134,135,mistral_table,mistral_table_partial,yes
1379,"PROD. FARMACÊUTICOS, ODONT. E VETER",3 729,18 939,10 823,2 156 430,22 101 113,21 910 818,,,,,,,,134,135,mistral_table,mistral_table_partial,yes
1380,"TECIDOS, VESTUÁRIO E ARMARINHO",13 454,60 561,35 112,6 574 147,69 040 907,68 798 035,,,,,,,,134,135,mistral_table,mistral_table_partial,yes
1381,MAG. E APARELHOS ELETR. USO DOMEST,3 918,25 461,14 328,2 857 730,65 589 682,65 010 244,,,,,,,,134,135,mistral_table,mistral_table_partial,yes
1382,"FERRAGENS, MAT. ELETR. E ELETRÔNICO",5 435,33 110,15 929,4 434 024,72 920 092,72 305 197,,,,,,,,134,135,mistral_table,mistral_table_partial,yes
1383,"VEICULOS NOVOS E USADOS, PEÇAS",2 858,24 116,11 493,4 156 658,116 700 118,115 456 128,,,,,,,,134,135,mistral_table,mistral_table_partial,yes
1384,MAG. E EQUIP. DE USO INDUSTRIAL,892,9 158,4 439,2 713 495,38 081 384,36 737 417,,,,,,,,134,135,mistral_table,mistral_table_partial,yes
1385,COMBUSTÍVEIS E LUBRIFICANTES,2 244,18 063,11 425,2 229 253,104 234 386,103 888 527,,,,,,,,136,137,mistral_table,missing,yes
1386,"PAPELARIAS, LIVRARIAS",2 920,11 537,5 575,1 473 450,13 203 249,13 127 710,,,,,,,,136,137,mistral_table,mistral_markdown_partial,yes
1387,MARC. EM GERAL - INC. ALIMENTICIOS,1 347,40 338,34 523,4 718 849,122 409 183,122 143 740,653,1 142,53 624,48 143,475 149 430,12 325 364 581,12 293 364 307,136,137,mistral_table,pdf_text_layout,no
1388,MERC. EM GERAL - EXC. ALIMENTICIOS,521,11 382,9 217,2 257 307,32 970 127,32 371 760,141,276,18 012,14 209,192 978 220,3 314 160 474,3 249 314 921,136,137,mistral_table,pdf_text_layout,no
1389,ARTIGOS DIVERSOS,5 687,21 446,10 554,2 637 350,27 215 714,26 225 978,6 086,6 605,27 264,14 305,252 474 894,2 378 390 086,2 293 416 099,136,137,mistral_table,pdf_text_layout,no
1390,ARTIGOS USADOS,699,2 057,706,207 023,2 518 529,2 503 475,726,734,2 251,983,16 422 646,175 094 028,174 425 661,136,137,mistral_table,pdf_text_layout,no
1391,COMERCIO ATACADISTA,8 301,99 430,47 673,20 988 393,826 532 541,819 053 884,8 430,9 512,131 441,80 571,2 226 971 240,85 010 303 906,83 637 998 189,136,137,mistral_table,pdf_text_layout,no
1392,PRODUTOS EXTRATIVOS E ADROPECUARIOS,121,1 040,359,225 142,11 772 114,11 618 406,302,315,2 626,1 243,52 767 524,2 741 582 160,2 726 766 573,136,137,mistral_table,pdf_text_layout,no
1393,"PROD. ALIMENTICIOS, BEBIDAS E FUMO",2 370,23 303,12 357,4 020 099,247 667 785,246 386 246,1 841,2 146,28 968,20 216,406 444 533,15 765 452 755,15 648 559 833,136,137,mistral_table,pdf_text_layout,no
1394,"PROD. FARMACÑUTOS, ODONT. E VETER",510,8 617,3 910,2 237 082,67 931 238,66 931 001,549,622,12 575,7 923,238 696 803,6 807 000 615,6 577 691 715,136,137,mistral_table,pdf_text_layout,no
1395,"ARTIGOS, VESTUARIO E ARMARINHO",1 199,10 594,6 274,1 697 713,48 937 574,48 554 616,576,1 746,16 921,10 981,209 129 611,6 185 841 982,6 128 420 113,136,137,mistral_table,pdf_text_layout,no
1396,MAQ. E APARELHOS ELETR. USO DOMEST,179,2 315,1 043,410 515,24 910 895,24 882 508,180,212,2 940,1 615,52 082 340,3 377 885 030,3 353 292 632,136,137,mistral_table,pdf_text_layout,no
1397,"FERRAGENS, MAT. ELETR. E ELECTRONICO",1 458,19 991,8 820,4 512 746,32 241 438,31 438 508,567,1 745,25 284,14 056,465 614 478,10 888 486 610,10 681 483 042,136,137,mistral_table,pdf_text_layout,no
1398,"VEICULOS NOVOS E USADOS, PECAS",323,5 518,2 507,1 366 494,38 387 010,38 094 530,375,414,8 457,4 855,163 041 440,5 265 456 552,5 105 065 318,136,137,mistral_table,pdf_text_layout,no
1399,MAQ. E EQUIP. DE USO INDUSTRIAL,396,6 220,2 594,2 274 965,32 264 296,31 134 960,401,449,6 843,3 649,170 221 529,2 708 018 491,2 580 056 626,136,137,mistral_table,pdf_text_layout,no
1400,COMBUSTÍVEIS E LUBRIFICANTES,90,2 678,1 029,799 696,150 101 074,149 840 483,47,92,2 357,1 361,62 744 092,20 511 426 519,20 464 066 369,136,137,mistral_table,pdf_text_layout,no
1401,"PAPELARIAS, LIVRARIAS",347,4 378,2 042,883 284,21 661 715,21 498 782,320,384,8 036,4 444,129 536 914,3 495 481 802,3 377 756 481,136,137,mistral_table,pdf_text_layout,no
1402,MERC. EM GERAL - INC. ALIMENTICIOS,45,2 942,1 668,675 218,31 911 217,31 312 840,17,24,1 729,965,66 842 726,2 768 672 362,2 600 655 250,136,137,mistral_table,pdf_text_layout,no
1403,MERC. EM GERAL - EXC. ALIMENTICIOS,39,341,1 191,51 909,1 187 616,1 186 826,36,44,1 217,876,29 853 149,577 713 050,535 038 401,136,137,mistral_table,pdf_text_layout,no
1404,ARTIGOS DIVERSOS,576,5 539,2 787,1 078 070,20 312 976,20 081 897,701,779,7 913,4 980,115 127 314,2 269 189 472,2 226 591 882,136,137,mistral_table,pdf_text_layout,no
1405,ARTIGOS USADOS,658,5 915,2 292,755 439,16 245 191,16 092 281,518,540,5 575,3 407,64 868 787,1 648 096 506,1 632 553 954,136,137,mistral_table,pdf_text_layout,no
1406,SÃO PAULO,57 871,378 253,182 484,64 613 520,1 291 302 056,1 278 261 719,54 790,60 659,464 594,265 065,6 269 289 547,120 928 221 941,118 989 697 628,136,137,mistral_table,pdf_text_layout,no
1407,COMERCIO VAREJISTA,49 328,250 837,137 544,33 646 591,582 323 572,576 238 690,47 188,51 557,314 017,193 915,3 282 702 693,51 290 052 251,50 470 849 605,136,137,mistral_table,pdf_text_layout,no
1408,"PROD. ALIMENTICIOS, BEBIDAS E FUMO",14 717,34 254,9 537,3 069 252,44 602 520,44 439 461,14 701,15 066,48 425,20 335,355 839 651,3 902 214 845,3 833 867 452,136,137,mistral_table,pdf_text_layout,no
1409,"PROD. FARMACÑUTOS, ODONT. E VETER",2 769,14 852,8 571,1 757 914,18 387 377,18 225 611,3 042,3 285,18 006,11 240,156 953 969,1 578 043 546,1 559 551 149,136,137,mistral_table,pdf_text_layout,no
1410,"TECIDOS, VESTUARIO E ARMARINHO",10 079,49 450,28 927,5 640 194,59 167 560,58 949 902,9 419,10 795,57 628,36 812,539 002 388,5 315 718 527,5 287 389 415,136,137,mistral_table,pdf_text_layout,no
1411,"TECIDOS, APARELHOS ELETR. USO DOMEST",2 978,18 504,10 065,2 839 253,47 632 944,47 110 329,2 402,3 053,20 953,12 950,296 237 101,2 541 781 218,2 508 274 188,136,137,mistral_table,pdf_text_layout,no
1412,"FERRAGENS, MAT. ELETR. E ELECTRONICO",4 018,24 531,11 731,3 455 610,55 540 511,55 010 305,4 198,4 539,27 637,16 100,296 597-052,4 422 968 243,4 355 450 014,136,137,mistral_table,pdf_text_layout,no
1413,"VEICULOS NOVOS E USADOS, PECAS",2 928,16 729,9 040,3 332 452,67 619 430,86 654 577,3 606,3 846,29 390,14 983,464 722 755,9 396 372 954,9 107 266 397,136,137,mistral_table,pdf_text_layout,no
1414,MAQ. E EQUIP. DE USO INDUSTRIAL,793,8 472,4 127,2 538 974,35 989 296,34 702 941,963,1 031,8 051,4 250,134 587 16S,2 465 198 319,2 365 051 791,136,137,mistral_table,pdf_text_layout,no
1415,COMBUSTÍVEIS E LUBRIFICANTES,1 640,13 742,8 722,1 709 868,77 673 210,77 198 077,582,1. 616,15 073,11 029,180 230 580,5 728 966 277,5 688 329 884,136,137,mistral_table,pdf_text_layout,no
1416,"PAPELARIAS, LIVRARIAS",2 439,10 306,5 059,1 360 430,11 728 915,11 656 913,621,1 791,8 317,4 848,84 621 295,725 396 793,715 665 178,136,137,mistral_table,pdf_text_layout,no
1417,MERC. EM GERAL - INC. ALIMENTICIOS,846,27 992,24 225,3 433 608,88 393 615,88 168 612,384,725,40 975,36 633,368 594 711,10 108 002 161,10 082 637 596,136,137,mistral_table,pdf_text_layout,no
1418,MERC. EM GERAL - EXC. ALIMENTICIOS,405,10 334,8 177,2 028 804,30 829 102,30 037 921,103,200,15 737,12 045,178 854 800,3 036 493 630,2 972 170 749,136,137,mistral_table,pdf_text_layout,no
1419,ARTIGOS DIVERSOS,4 653,18 034,8 924,2 316 200,22 937 411,22 013 880,4 664,100,22 247,11 998,214 714 113,1 940 947 697,1 867 666 879,136,137,mistral_table,pdf_text_layout,no
1420,ARTIGOS USADOS,563,1 637,539,166 033,2 021 677,2 010 161,503,510,1 578,692,11 747 113,127 948 041,127 528 913-,136,137,mistral_table,pdf_text_layout,no
1421,COMERCIO ATACADISTA,7 606,88 820,42 976,18 996 729,704 978 484,702 023 029,7 602,8 536,114 827,69 663,963 706 352,69 585 180 900,68 518 848 023,136,137,mistral_table,pdf_text_layout,no
1422,PRODUTOS EXTRATIVOS E ADROPECUARIOS,95,929,316,206 797,11 068 687,10 934 014,254,263,2 272,1 073,46 078 081,2 483 071 498,2 473 606 339,136,137,mistral_table,pdf_text_layout,no
1423,"PROD. ALIMENTICIOS, BEBIDAS E FUMO",2 167,20 467,10 697,3 624 511,233 102 691,231 834 946,1 634,1 915,23 886,16 596,350 475 029,13 782 215 284,13 675 971 649,136,137,mistral_table,pdf_text_layout,no
1424,"PROD. FARMACÑUTOS, ODONT. E VETER",460,7 689,3 577,1 976 506,55 626 041,54 659 905,48',537,10 882,6 747,204 690 888,5 218 224 925,s 118 992 665,136,137,mistral_table,pdf_text_layout,no
1425,"TECIDOS, VESTUARIO E ARMARINHO",1 180,10 380,6 308,1 662 170,47 081 820,46 679 255,547,7U,16 678,10 849,205 291 711,6 006 410 .844,5 949 108 862,136,137,mistral_table,pdf_text_layout,no
1426,MAQ. E APARELHOS ELETR. USO DOMEST,2 345,2 245,1 012,600 935,13 818 300,24 920 104,,,,,,,,136,137,mistral_table,mistral_markdown_partial,yes
1427,"FERRAGENS, MAT. ELETR. E ELECTRONICO",1 297,17 923,7 871,4 118 717,98 482 116,97 815 820,1 376,1 521,22 108,12 171,410 365 226,9 551 647 927,9 362 836 950,136,137,mistral_table,pdf_text_layout,no
1428,"VEICULOS NOVOS E USADOS, PECAS",300,4 145,2 038,1 133 783,31 637 981,31 208 054,334,365,7 400,4 213,135 296 881,3 561 780 738,3 528 366 952,136,137,mistral_table,pdf_text_layout,no
1429,MAQ. E EQUIP. DE USO INDUSTRIAL,377,6 070,2 472,2 198 483,32 389 258,30 274 372,376,421,6 519,3 450,163 301 941,2 583 782 273,2 459 959 523,136,137,mistral_table,pdf_text_layout,no
1430,COMBUSTÍVEIS E LUBRIFICANTES,55,1 327,820,496 959,91 557 412,91 495 279,35,43,1 359,720,39 028 840,13 975 372 966,13 928 382 327,136,137,mistral_table,pdf_text_layout,no
1431,"PAPELARIAS, LIVRARIAS",329,4 218,1 957,865 316,21 017 523,20 854 590,,,,,,,,136,137,mistral_table,mistral_markdown_partial,yes
1432,MERC. EM GERAL - INC. ALIMENTICIOS,38,2 489,1 248,612 713,29 400 876,28 803 700,16,20,1 518,771,61 908 803,2 614 083 199,2 446 316 925,136,137,mistral_table,pdf_text_layout,no
1433,MERC. EM GERAL - EXC. ALIMENTICIOS,29,341,191,51 909,1 187 618,1 186 826,,,,,,,,136,137,mistral_table,mistral_markdown_partial,yes
1434,ARTIGOS DIVERSOS,554,5 405,2 706,1 061 724,20 059 409,19 832 567,649,723,7 299·,530,108 233 747,2 054 061 686,2 013 676 608,136,137,mistral_table,pdf_text_layout,no
1435,ARTIGOS USADOS,557,4 561,1 863,584 206,11 718 752,11 653 597,404,422,4 096,450,A6 295 378,1 149 100 465,1 137 784 937,136,137,mistral_table,pdf_text_layout,no
1436,AMERICANA,864,4 435,2 540,445 429,8 062 434,7 981 378,,,,,,,,136,137,mistral_table,mistral_markdown_partial,yes
1437,COMERCIO VAREJISTA,806,3 968,2 251,403 969,7 340 263,7 259 620,895,1 011,427,3 604,44 563 515,733 367 179,728 443 961,136,137,mistral_table,pdf_text_layout,no
1438,"TECIDOS, VESTUARIO E ARMARINHO",243,1 075,623,95 995,1 149 999,1 149 839,243,275,479,1 022,10 105 010,135 350 756,135 027 506,136,137,mistral_table,pdf_text_layout,no
1439,"VEICULOS NOVOS E USADOS, PECAS",44,289,127,61 144,902 022,888 122,60,68 378,7,160 741,144 370,385 142,891 312,136,137,mistral_table,mistral_markdown,no
1440,MERC. EM GERAL - INC. ALIMENTICIOS,36,463,389,45 076,1 282 711,1 282 553,15,28,507,447,4 274 282,109 932 736,109 897 268,136,137,mistral_table,pdf_text_layout,no
1441,DEMAIS GENEROS,463,2 141,1 112,221 753,4 005 531,3 939 106,577,640,2 896,757,23 023 482,343 713 302,340 627 875,136,137,mistral_table,pdf_text_layout,no
1442,COMERCIO ATACADISTA,53,435,285,38 995,722 171,721 758,51,62,541 388,739 992,213 142,851 210,425 456,136,137,mistral_table,pdf_text_tokens,no
1443,ARACATUBA,878,4 735,2 472,506 226,10 063 533,9 981 391,954,1 099,6 482,3 955,62 714 665,134 382 A53,1 117 027 023,136,137,mistral_table,pdf_text_layout,no
1444,COMERCIO VAREJISTA,806,4 077,2 300,392 248,8 773 470,8 695 757,898,1 022,692,3 549,51 318 466,960 446 961,944 808 269,136,137,mistral_table,pdf_text_layout,no
1445,"VEICULOS NOVOS E USADOS, PECAS",44,308,175,44 014,1 687 131,1 674 286,89 101,884 389,9,417 294,169 821,657 161,125 521,136,137,mistral_table,mistral_markdown,no
1446,COMBUSTÍVEIS E LUBRIFICANTES,32,264,171,29 662,1 163 407,1 154 025,34,45,323,245,3 493 717,110 961 873,110 166 155,136,137,mistral_table,pdf_text_layout,no
1447,MERC. EM GERAL - INC. ALIMENTICIOS,35,629,521,35 109,1 435 579,1 455 032,10,17,555,530,5 351 337,177 693 981,177 A97 517,136,137,mistral_table,pdf_text_layout,no
1448,DEMAIS GENEROS,695,2 876,1 433,263 563,4 467 353,4 412 434,765,859,3 930,385,33 056 118,501 969 450,A96 019 C'76,136,137,mistral_table,pdf_text_layout,no
1449,COMERCIO ATACADISTA,49,371,172,56 342,1 290 063,1 285 634,56,70,615,406,8 209 021,173 935 492,172 218 754,136,137,mistral_table,pdf_text_layout,no
1450,ARARAGUARA,991,5 066,2 710,667 668,12 336 058,12 291 754,071,1 220,680,134,62 020 925,063 812 944,047 206 864,136,137,mistral_table,pdf_text_layout,no
1451,COMERCIO VAREJISTA,917,4 347,2 491,503 574,9 375 451,9 334 898,1 036,155,056,3 865,51 508 120,924 376 435,909 930 829,136,137,mistral_table,pdf_text_layout,no
1452,"PROD. FARMACÑUTOS, ODONT. E VETER",50,349,208,54 237,894 027,890 027,,,,,,,,136,137,mistral_table,mistral_markdown_partial,yes
1453,"VEICULOS NOVOS E USADOS, PECAS",53,294,167,44 287,1 620 008,1 610 026,110,119 677,7,066 171,167 084,559 161,867 888,136,137,mistral_table,mistral_markdown,no
1454,MERC. EM GERAL - INC. ALIMENTICIOS,26,535,437,74 067,1 496 868,1 492 595,,,,,,,,136,137,mistral_table,mistral_markdown_partial,yes
1455,DEMAIS GENEROS,788,3 169,1 679,330 983,5 364 548,5 342 171,,,,,,,,136,137,mistral_table,mistral_markdown_partial,yes
1456,COMERCIO ATACADISTA,52,404,207,91 789,2 960 607,2 956 856,,,,,,,,136,137,mistral_table,mistral_markdown_partial,yes
1457,BAURU,1 162,8 283,4 842,1 148 675,31 195 237,31 045 027,,,,,,,,136,137,mistral_table,mistral_markdown_partial,yes
1458,COMERCIO VAREJISTA,983,6 268,3 997,730 454,14 034 741,13 929 535,,,,,,,,136,137,mistral_table,mistral_markdown_partial,yes
1459,"VEICULOS NOVOS E USADOS, PECAS",63,430,206,73 048,2 534 631,2 516 828,,,,,,,,136,137,mistral_table,mistral_markdown_partial,yes
1460,COMBUSTÍVEIS E LUBRIFICANTES,56,406,261,45 527,1 744 889,1 732 747,,,,,,,,136,137,mistral_table,mistral_markdown_partial,yes
1461,MERC. EM GERAL,,,,,,,8,35,1 398,1 346,11 953 585,353 585 997,353 487 116,138,139,tesseract_por_review_partial,pdf_text_layout,yes
1462,DEMAIS GENEROS,831,4 322,2 601,512 903,7 124 408,7 065 299,830,970,5 601,3 692,49 442 179,600 343 511,590 749 515,138,139,mistral_table,pdf_text_layout,no
1463,COMERCIO ATACADISTA,154,1 585,825,310 809,17 160 496,17 115 492,113,161,1 825,1 258,32 113 331,2 470 424 825,2 461 340 457,138,139,mistral_table,pdf_text_layout,no
1464,BRAGANÇA PAULISTA,844,2 946,1 156,241 699,5 369 242,5 341 720,894,950,3 504,1 750,25 624 021,477 014 692,472 958 080,138,139,mistral_table,pdf_text_layout,no
1465,COMERCIO VAREJISTA,780,2 629,1 062,196 266,4 458 553,4 431 777,849,902,3 241,1 599,23 161 558,392 733 543,389 302 714,138,139,mistral_table,pdf_text_layout,no
1466,"VEICULOS NOVOS E USADOS, PECAS",39,183,85,25 289,880 564,873 345,46,53,298,141,3 365 654,73 626 283,72 416 299,138,139,mistral_table,pdf_text_layout,no
1467,COMBUSTIVEIS E LUBRIFICANTES,25,128,69,11 248,589 693,586 555,20,24,146,100,1 050 352,so 586 855,50 359 116,138,139,mistral_table,pdf_text_layout,no
1468,MERC. EM GERAL - INC. ALIMENTICIOS,11,258,209,25 811,624 514,624 514,10,15,389,314,2 785 773,90 697 499,90 645 975,138,139,mistral_table,pdf_text_layout,no
1469,DEMAIS GENEROS,705,2 060,699,133 918,2 363 782,2 347 363,773,810,2 408,1 044,15 959 779,177 822 906,175 881 324,138,139,mistral_table,pdf_text_layout,no
1470,COMERCIO ATACADISTA,58,252,94,27 150,910 689,909 943,45,47,263,151,2 462 463,84 281 149,83 655 366,138,139,mistral_table,pdf_text_layout,no
1471,CAMPINAS,3 674,27 576,16 246,4 037 732,84 261 603,83 452 491,3 585,4 117,34 106,21 858,402 856 108,8 868 707 108,8 770 627 167,138,139,mistral_table,pdf_text_layout,no
1472,COMERCIO VAREJISTA,3 143,21 662,13 565,2 773 929,46 985 494,46 650 189,,,,,,,,138,139,mistral_table,pdf_text_tokens_partial,yes
1473,MAQ. E APARELHOS ELETR. USO DOMEST,183,1 621,911,236 925,3 276 071,3 248 951,135 187,1 606,1 140,16,894 349,615 588 371,612 307 218,138,139,mistral_table,pdf_text_layout,no
1474,"VEICULOS NOVOS E USADOS, PECAS",167,1 301,674,221 015,5 799 963,5 716 123,267 296,2 967,1 462,46,810 352,706 273 206,683 035 653,138,139,mistral_table,pdf_text_layout,no
1475,MERC. EM GERAL - INC. ALIMENTICIOS,82,2 666,2 251,331 752,8 200 855,8 192 050,,,,,,,,138,139,mistral_table,pdf_text_tokens_partial,yes
1476,DEMAIS GENEROS,2 711,16 074,9 729,1 984 237,29 708 605,29 493 065,,,,,,,,138,139,mistral_table,pdf_text_tokens_partial,yes
1477,COMERCIO ATACADISTA,471,4 590,2 563,810 247,37 276 109,36 802 302,458,539,6 190,4 085,93 853 263,3 743 207 133,3 718 277 808,138,139,mistral_table,pdf_text_layout,no
1478,CARAPICUIBA,478,1 599,640,120 749,2 031 977,2 026 894,515,535,2 133,1 140,15 219 703,182 662 973,181 853 911,138,139,mistral_table,pdf_text_layout,no
1479,COMERCIO VAREJISTA,473,1 543,610,116 511,1 960 103,1 955 020,509,529,2 066,1 091,14 465 813,176 457 241,175 648 179,138,139,mistral_table,pdf_text_layout,no
1480,"PROD. ALIMENTICIOS, BEBIDAS E FUMO",250,547,87,32 458,447 682,447 033,259,261,660,212,3 693 873,30 330 259,29 867 251,138,139,mistral_table,pdf_text_layout,no
1481,MERC. EM GERAL - INC. ALIMENTICIOS,33,1 110,929,98 976,2 630 833,2 614 661,9,10,. 77,53,1 181 545,29 069 121,28 850 204,138,139,mistral_table,pdf_text_layout,no
1482,MERC. EM GERAL - INC. ALIMENTICIOS,26,244,183,21 272,597 783,597 783,21,27,442,390,3 180 307,66 575 406,66 575 406,138,139,mistral_table,pdf_text_layout,no
1483,DEMAIS GENEROS,188,685,298,55 197,559 619,557 318,,,,,,,,138,139,mistral_table,missing,yes
1484,COMERCIO ATACADISTA,5,56,30,4 238,71 874,71 874,,,,,,,,138,139,mistral_table,missing,yes
1485,DIADEMA,746,4 053,1 914,627 296,19 156 517,19 042 235,935,998,968,4 015,84 175 594,1 902 040 976,879 339 827,138,139,mistral_table,pdf_text_layout,no
1486,COMERCIO VAREJISTA,698,3 308,1 687,386 841,9 655 249,9 640 159,855,898 306,3 211,50,571 892,867 242 737,847 353 048,138,139,mistral_table,pdf_text_layout,no
1487,"VEICULOS NOVOS E USADOS, PECAS",37,242,101,53 124,1 640 260,1 637 550,51,51,647 351,9,168 970,192 933 163,187 694 950,138,139,mistral_table,pdf_text_layout,no
1488,COMBUSTIVEIS E LUBRIFICANTES,29,198,135,22 232,1 329 525,1 327 491,26,27,345 266,4,126 733,152 931 832,152 657 011,138,139,mistral_table,pdf_text_layout,no
1489,MERC. EM GERAL - INC. ALIMENTICIOS,21,572,490,58 469,2 172 094,2 169 015,6,15,990 908,8,283 658,184 481 059,184 437 647,138,139,mistral_table,pdf_text_layout,no
1490,DEMAIS GENEROS,611,2 286,961,253 016,4 513 370,4 506 103,,,,,,,,138,139,mistral_table,missing,yes
1491,COMERCIO ATACADISTA,44,595,227,171 290,9 501 268,9 402 076,80,95,1 510,739,28 514 875,034 798 239,031 986 779,138,139,mistral_table,pdf_text_layout,no
1492,EMBU,254,786,280,76 807,1 413 329,1 407 769,347 358,1,356 699,333 900,132 091,488 131,360 064,138,139,mistral_table,pdf_text_tokens,no
1493,COMERCIO VAREJISTA,251,759,266,71 367,1 337 805,1 332 245,339 349,311 681,8,758 862,126 591,944 125,957 707,138,139,mistral_table,pdf_text_tokens,no
1494,"PROD. ALIMENTICIOS, BEBIDAS E FUMO",95,167,21,13 166,133 125,129 594,151,154,385 126,2 548 756,19 306 436,19,134 945,138,139,mistral_table,pdf_text_layout,no
1495,COMBUSTIVEIS E LUBRIFICANTES,6,61,39,6 834,368 975,368 891,3,7 104,98,807 551,44 875 957,44,668 223,138,139,mistral_table,pdf_text_layout,no
1496,MERC. EM GERAL - INC. ALIMENTICIOS,8,135,115,11 912,437 878,437 878,,,,,,,,138,139,mistral_table,missing,yes
1497,DEMAIS GENEROS,142,396,91,39 455,397 827,395 882,181,182,565 216,3 898 706,27 873 549,27,658 491,138,139,mistral_table,pdf_text_layout,no
1498,COMERCIO ATACADISTA,3,27,14,5 440,75 524,75 524,8,45,18,575 038,499 544,5,402 357,138,139,mistral_table,pdf_text_tokens,no
1499,FRANCA,1 318,5 319,2 649,552 194,10 285 254,10 152 311,1 542,698,230,4 103,63 311 843,087 833 783,075 484 198,138,139,mistral_table,pdf_text_layout,no
1500,COMERCIO VAREJISTA,1 222,4 729,2 455,464 859,8 507 997,8 414 862,,,,,,,,138,139,mistral_table,pdf_text_tokens_partial,yes
1501,"TECIDOS, VESTUARIO E ARMARIRHO",236,943,569,81 785,840 959,835 468,329,358,1 376 843,10 624,752 103,857 035,103 408 095,138,139,mistral_table,pdf_text_layout,no
1502,"VEICULOS NOVOS E USADOS, PECAS",48,278,148,37 280,961 235,941 215,84,89,474 216,4 931,498 127,750 307,125 813 429,138,139,mistral_table,pdf_text_layout,no
1503,MERC. EM GERAL - INC. ALIMENTICIOS,35,541,434,55 645,1 235 275,1 215 672,,,,,,,,138,139,mistral_table,pdf_text_tokens_partial,yes
1504,DEMAIS GENEROS,903,2 967,1 304,290 149,5 470 528,5 422 507,1 021,1 093 784,2 029,30 588,728 472,318 421,467 237 664,138,139,mistral_table,pdf_text_layout,no
1505,COMERCIO ATACADISTA,79,424,175,57 486,1 777 257,1 737 449,83,103,634 305,576 285,285 266,655 280,493 694,138,139,mistral_table,pdf_text_tokens,no
1506,GUARUJA,679,2 904,1 445,274 068,6 066 937,6 020 311,733,788,4 438,2 890,30 959 704,588 311 573,584 444 235,138,139,mistral_table,pdf_text_layout,no
1507,COMERCIO VAREJISTA,659,2 791,1 400,243 813,4 712 196,4 665 570,715,768,4 218,2 745,28 880 236,544 748 347,541 273 238,138,139,mistral_table,pdf_text_layout,no
1508,"FERNAGENS, MAT. ELETR. E ELETRONICO",62,402,180,39 044,568 252,567 490,91,96,534,325,3 807 241,53 571 786,53 433 715,138,139,mistral_table,pdf_text_layout,no
1509,COMBUSTIVEIS E LUBRIFICANTES,20,195,123,21 830,793 632,779 124,18,21,181,136,1 824 286,102 561 759,101 696 677,138,139,mistral_table,pdf_text_layout,no
1510,MERC. EM GERAL - INC. ALIMENTICIOS,22,552,451,60 401,1 782 988,1 762 022,18,29,1 148,002,6 975 115,224 244 572,223 989 630,138,139,mistral_table,pdf_text_layout,no
1511,DEMAIS GENEROS,555,1 642,646,122 538,1 567 324,1 556 934,588,622,2 355,282,16 273 594,164 370 230,162 153 216,138,139,mistral_table,pdf_text_layout,no
1512,COMERCIO ATACADISTA,10,79,43,24 436,1 354 741,1 354 741,18,20,220,145,2 079 468,43 563 226,43 170 997,138,139,mistral_table,pdf_text_layout,no
1513,GUARULHOS,2 262,10 462,4 949,1 227 473,31 886 977,31 698 040,2 653,2 812,15 123,9 228,137 146 870,058 914 661,5 026 58A 452,138,139,mistral_table,pdf_text_layout,no
1514,COMERCIO VAREJISTA,2 140,8 537,4 197,879 036,19 451 035,19 295 122,2 512,2 633,12 101,7 164,97 234 643 716,393 880 689,363 7Ba,138,139,mistral_table,pdf_text_layout,no
1515,"VEICULOS NOVOS E USADOS, PECAS",108,698,291,97 736,2 897 866,2 857 233,197,206,1 157,627,15 795 751 453,907 251 436,460 379,138,139,mistral_table,pdf_text_layout,no
1516,COMBUSTIVEIS E LUBRIFICANTES,81,600,380,73 854,3 416 182,3 405 077,7q,85,903,708,9 905 579 354,408 934 351,150 391,138,139,mistral_table,pdf_text_layout,no
1517,MERC. EM GERAL - INC. ALIMENTICIOS,51,1 485,1 261,162 095,3 766 407,3 765 783,29,48,1 457,1 381,11 996 294 265,145 825 264,629 159,138,139,mistral_table,pdf_text_layout,no
1518,DEMAIS GENEROS,1 900,5 754,2 265,545 351,9 368 580,9 267 029,2 208,2 294,8 584,4 448,59 537 019 642,931 870 637,123 859,138,139,mistral_table,pdf_text_layout,no
1519,COMERCIO ATACADISTA,111,1 692,734,297 661,12 435 942,12 402 918,141,168,2 755,2 064,36 360 909,3 342 045 922,3 337 220 664,138,139,mistral_table,pdf_text_layout,no
1520,ITAPETININGA,567,2 804,1 371,248 648,5 001 861,4 974 525,678,737,3 826,2 383,26 046 288,440 874 521,434 954 451,138,139,mistral_table,pdf_text_layout,no
1521,COMERCIO VAREJISTA,536,2 519,1 281,212 632,4 848 164,4 823 655,656 710,3 590,2 229,23,681 712 400,239 860,395 792 969,138,139,mistral_table,pdf_text_layout,no
1522,"PROD. ALIMENTICIOS, BEBIDAS E FUMO",202,489,126,30 381,424 941,424 461,228 242,856 457,4,698 470,64,978 282,63 377 684,138,139,mistral_table,pdf_text_layout,no
1523,"VEICULOS NOVOS E USADOS, PECAS",36,230,117,27 882,1 011 968,1 002 832,,,,,,,,138,139,mistral_table,pdf_text_tokens_partial,yes
1524,COMBUSTIVEIS E LUBRIFICANTES,23,163,95,15 357,634 137,632 626,,,,,,,,138,139,mistral_table,pdf_text_tokens_partial,yes
1525,DEMAIS GÉNEROS,275,1 637,943,138 912,2 577 118,2 563 736,339,376,2 060,1 330,13 384 283,204 462 076,203 007 994,140,141,mistral_table,mistral_table,no
1526,COMERCIO ATACADISTA,22,171,88,16 032,353 697,350 870,22,24,213,154,2 126 757,40 634 661,39 161 482,140,141,mistral_table,mistral_table,no
1527,JACAREI,654,2 753,1 325,281 575,6 158 242,6 119 272,792,871,3 913,2 261,27 401 031,541 076 578,534 795 857,140,141,mistral_table,mistral_table,no
1528,COMERCIO VAREJISTA,619,2 413,1 195,220 839,4 869 624,4 847 665,763,934,3 499,2 035,22 791 086,421 517 112,416 824 783,140,141,mistral_table,mistral_table,no
1529,"VEICULOS NOVOS E USADOS, PECAS",26,143,60,24 425,948 906,944 825,50,52,272,147,2 336 650,78 986 723,77 422 737,140,141,mistral_table,mistral_table,no
1530,COMBUSTÍVEIS E LUBRIFICANTES,27,174,105,16 574,921 183,917 789,27,30,218,153,1 883 427,77 287 584,75 997 678,140,141,mistral_table,mistral_table,no
1531,MERC. EM GERAL - INC. ALIMENTÍCIOS,22,274,206,22 362,758 196,755 798,12,18,371,343,2 292 873,76 566 826,76 433 397,140,141,mistral_table,mistral_table,no
1532,DEMAIS GÉNEROS,544,1 822,824,157 578,2 241 339,2 229 253,674,734,2 938,1 392,16 278 136,188 675 979,186 970 971,140,141,mistral_table,mistral_table,no
1533,COMERCIO ATACADISTA,28,238,128,33 984,1 288 618,1 271 607,29,33,351,226,3 591 401,119 552 433,117 971 074,140,141,mistral_table,mistral_table,no
1534,JUNDIAI,1 276,8 013,4 446,1 038 733,19 671 549,19 596 939,1 496,1 642,10 671,6 697,102 576 721,1 791 814 042,1 772 165 222,140,141,mistral_table,mistral_table,no
1535,COMERCIO VAREJISTA,1 205,6 851,3 891,856 710,15 185 465,15 120 571,1 409,1 543,9 393,6 149,86 454 201,1 469 831 013,1 451 906 591,140,141,mistral_table,mistral_table,no
1536,"VEICULOS NOVOS E USADOS, PECAS",60,581,253,115 117,2 496 419,2 483 057,104,111,824,467,10 806 057,194 598 168,190 004 487,140,141,mistral_table,mistral_table,no
1537,COMBUSTÍVEIS E LUBRIFICANTES,50,364,245,47 481,2 186 335,2 181 498,47,52,531,413,5 035 555,191 228 164,189 497 626,140,141,mistral_table,mistral_table,no
1538,MERC. EM GERAL - INC. ALIMENTÍCIOS,51,1 037,623,129 170,3 377 111,3 371 924,26,40,1 562,1 415,13 836 394,406 465 414,405 429 897,140,141,mistral_table,mistral_table,no
1539,DEMAIS GÉNEROS,1 044,4 839,2 570,564 942,7 125 600,7 084 092,1 232,1 340,6 476,3 854,58 774 195,677 539 267,666 974 581,140,141,mistral_table,mistral_table,no
1540,COMERCIO ATACADISTA,87,1 073,555,167 122,4 486 084,4 476 368,87,94,1 096,548,12 916 344,321 959 609,320 258 631,140,141,mistral_table,mistral_table,no
1541,LIMEIRA,941,4 865,2 682,510 120,10 125 964,10 056 336,982,1 073,5 992,3 784,50 436 195,1 072 123 394,1 056 310 856,140,141,mistral_table,mistral_table,no
1542,COMERCIO VAREJISTA,826,3 787,2 219,382 761,7 865 357,7 798 185,918,993,5 294,3 460,43 406 661,826 326 118,811 382 564,140,141,mistral_table,mistral_table,no
1543,"VEICULOS NOVOS E USADOS, PECAS",58,292,142,51 262,1 382 748,1 368 758,73,78,513,280,6 235 676,144 741 231,138 883 513,140,141,mistral_table,mistral_table,no
1544,COMBUSTÍVEIS E LUBRIFICANTES,25,291,209,29 271,1 328 521,1 322 167,27,28,368,306,3 657 017,131 600 791,130 299 446,140,141,mistral_table,mistral_table,no
1545,MERC. EM GERAL - INC. ALIMENTÍCIOS,48,487,379,40 582,1 219 754,1 207 507,18,38,732,692,5 068 167,171 778 023,169 643 931,140,141,mistral_table,mistral_table,no
1546,DEMAIS GÉNEROS,695,2 717,1 486,261 648,3 934 334,3 899 753,800,849,3 881,2 182,28 445 801,378 206 073,372 555 674,140,141,mistral_table,mistral_table,no
1547,COMERCIO ATACADISTA,98,865,464,87 179,2 260 607,2 258 151,64,75,636,318,5 840 397,245 797 276,244 928 292,140,141,mistral_table,mistral_table,no
1548,MARILIA,810,5 200,2 773,569 766,10 559 655,10 463 532,835,990,6 995,4 540,58 391 471,1 152 318 052,1 132 100 497,140,141,mistral_table,mistral_table,no
1549,COMERCIO VAREJISTA,738,4 558,2 436,453 115,8 167 965,8 073 856,766,897,6 039,4 089,48 052 576,887 992 038,869 018 735,140,141,mistral_table,mistral_table,no
1550,"VEICULOS NOVOS E USADOS, PECAS",56,511,257,66 177,1 707 616,1 685 184,74,83,978,611,9 335 547,197 964 695,187 586 616,140,141,mistral_table,mistral_table,no
1551,COMBUSTÍVEIS E LUBRIFICANTES,28,281,166,24 001,944 520,925 374,26,28,278,213,2 548 323,89 861 508,88 737 436,140,141,mistral_table,mistral_table,no
1552,MERC. EM GERAL - INC. ALIMENTÍCIOS,16,319,262,33 281,885 386,883 898,14,30,600,539,4 884 087,136 395 422,135 558 381,140,141,mistral_table,mistral_table,no
1553,DEMAIS GÉNEROS,638,3 467,1 751,329 676,4 630 443,4 579 400,652,756,4 183,2 726,31 284 619,463 770 413,457 136 302,140,141,mistral_table,mistral_table,no
1554,COMERCIO ATACADISTA,66,597,320,105 351,2 391 690,2 389 676,69,83,689,446,8 179 712,264 326 014,263 081 762,140,141,mistral_table,mistral_table,no
1555,MAUA,646,3 212,1 408,338 999,7 023 432,6 992 611,778,828,4 309,2 205,44 800 594,636 453 543,623 750 527,140,141,mistral_table,mistral_table,no
1556,COMERCIO VAREJISTA,627,2 679,1 331,249 094,5 716 669,5 702 459,767,810,3 936,1 932,39 122 563,435 109 499,427 590 253,140,141,mistral_table,mistral_table,no
1557,"PROD. ALIMENTÍCIOS, BERIDAS E FUMO",290,592,123,37 977,512 081,609 651,356,361,957,361,4 750 842,50 755 234,46 825 234,140,141,mistral_table,mistral_table,no
1558,COMBUSTÍVEIS E LUBRIFICANTES,15,232,111,30 611,2 605 587,2 601 484,14,18,1059,413,20 604 622,198 377 066,196 058 341,140,141,mistral_table,mistral_table,no
1559,MERC. EM GERAL - INC. ALIMENTÍCIOS,23,340,282,89 990,782 971,782 971,10,17,235,207,1 727 158,57 035 619,57 034 449,140,141,mistral_table,mistral_table,no
1560,DEMAIS GÉNEROS,299,1 515,815,151 816,1 816 030,1 808 353,387,414,1 685,951,12 039 941,128 941 580,127 672 229,140,141,mistral_table,mistral_table,no
1561,COMERCIO ATACADISTA,15,445,63,69 875,1 306 763,1 290 152,11,15,345,272,5 287 486,201 344 044,196 160 274,140,141,mistral_table,mistral_table,no
1562,MOJI DAS CRUZES,1 133,5 864,3 140,636 162,11 159 165,11 071 847,1 210,1 354,7 046,4 324,53 757 442,899 621 987,890 620 655,140,141,mistral_table,mistral_table,no
1563,COMERCIO VAREJISTA,1 089,5 136,2 918,511 866,10 053 693,9 966 971,1 180,1 310,6 503,4 005,47 515 663,792 268 755,783 917 095,140,141,mistral_table,mistral_table,no
1564,"VEICULOS NOVOS E USADOS, PECAS",58,347,177,56 704,2 104 076,2 053 190,70,80,906,273,6 407 072,147 818 980,143 417 080,140,141,mistral_table,mistral_table,no
1565,COMBUSTÍVEIS E LUBRIFICANTES,41,298,180,32 602,1 410 759,1 406 723,42,42,285,192,2 617 031,105 541 348,105 426 860,140,141,mistral_table,mistral_table,no
1566,MERC. EM GERAL - INC. ALIMENTÍCIOS,34,593,503,59 585,1 634 643,1 632 806,24,34,815,729,5 587 976,158 012 154,157 641 884,140,141,mistral_table,mistral_table,no
1567,DEMAIS GÉNEROS,956,3 898,2 058,362 975,4 904 215,4 874 252,1 044,1 154,4 897,2 811,32 903 584,380 896 693,377 431 271,140,141,mistral_table,mistral_table,no
1568,COMERCIO ATACADISTA,28,403,217,46 299,1 105 462,1 104 876,30,37,517,319,5 630 615,107 353 232,106 703 560,140,141,mistral_table,mistral_table,no
1569,OSASCO,1 846,10 943,5 870,1 269 027,21 833 375,21 595 191,2 037,2 209,14 343,9 234,132 483 948,2 377 530 649,2 348 181 990,140,141,mistral_table,mistral_table,no
1570,COMERCIO VAREJISTA,1 766,9 388,5 474,993 090,16 091 511,16 015 669,1 985,2 140,12 756,8 366,113 488 989,1 844 810 073,1 820 747 640,140,141,mistral_table,mistral_table,no
1571,"VEICULOS NOVOS E USADOS, PECAS",114,675,322,97 439,2 798 588,2 778 541,185,197,1 208,611,14 401 240,331 563 047,323 034 643,140,141,mistral_table,mistral_table,no
1572,COMBUSTÍVEIS E LUBRIFICANTES,54,389,242,46 274,2 217 258,2 209 089,53,58,503,392,12 028 547,286 271 884,285 665 229,140,141,mistral_table,mistral_table,no
1573,MERC. EM GERAL - INC. ALIMENTÍCIOS,71,2 228,1 983,215 257,3 801 034,3 794 728,40,56,1 954,1 842,19 654 767,277 914 779,274 627 478,140,141,mistral_table,mistral_table,no
1574,DEMAIS GÉNEROS,1 527,6 096,2 927,634 120,7 274 631,7 233 311,1 707,1 829,9 091,5 521,67 404 135,849 060 363,937 420 290,140,141,mistral_table,mistral_table,no
1575,COMERCIO ATACADISTA,64,1 233,396,225 445,5 741 864,5 579 522,52,61,1 341,868,15 284 069,532 720 576,527 434 350,140,141,mistral_table,mistral_table,no
1576,PIRACICABA,1 618,8 339,4 380,1 071 635,21 335 012,21 161 128,1 792,1 992,11 094,6 403,125 744 768,2 404 745 256,2 379 569 013,140,141,mistral_table,mistral_table,no
1577,COMERCIO VAREJISTA,1 433,6 878,3 804,797 879,15 651 105,15 518 621,1 635,1 803,8 739,5 333,78 252 298,1 390 635 355,1 372 967 512,140,141,mistral_table,mistral_table,no
1578,"VEICULOS NOVOS E USADOS, PECAS",108,683,339,105 211,3 082 529,3 059 129,148,162,1 072,623,13 329 131,309 074 751,302 379 486,140,141,mistral_table,mistral_table,no
1579,COMBUSTÍVEIS E LUBRIFICANTES,57,403,227,47 980,2 023 093,2 012 684,54,54,406,276,3 661 243,173 887 477,173 302 922,140,141,mistral_table,mistral_table,no
1580,MERC. EM GERAL - INC. ALIMENTÍCIOS,75,864,681,96 357,2 255 775,2 253 396,35,52,825,739,6 232 111,189 223 464,188 822 598,140,141,mistral_table,mistral_table,no
1581,DEMAIS GÉNEROS,1 193,4 928,2 557,548 331,8 289 708,8 193 512,1 396,1 535,6 436,3 695,55 029 813,718 449 663,708 462 506,140,141,mistral_table,mistral_table,no
1582,COMERCIO ATACADISTA,162,1 145,573,195 030,5 683 907,5 642 507,157,172,1 594,1 061,21 781 241,1 009 726 684,1 006 601 501,140,141,mistral_table,mistral_table,no
1583,PRESIDENTE PRUDENTE,1 012,6 264,3 471,783 592,20 568 310,20 388 349,1 056,1 252,9 065,5 956,94 746 613,2 329 120 812,2 293 521 372,140,141,mistral_table,mistral_table,no
1584,COMERCIO VAREJISTA,891,4 787,2 951,524 824,11 208 133,11 129 496,964,1 118,7 665,5 022,71 206 050,1 132 983 491,1 102 404 936,140,141,mistral_table,mistral_table,no
1585,"TECIDOS, VESTUARIO E AMMARIHNO",120,816,577,80 408,933 501,932 072,167,189,1 273,944,10 127 476,112 021 757,111 872 915,140,141,mistral_table,mistral_table,no
1586,"VEICULOS NOVOS E USADOS, PECAS",66,528,334,87 934,2 502 159,2 489 053,103,117,1 712,967,19 756 331,338 545 015,321 058 593,140,141,mistral_table,mistral_table,no
1587,MERC. EM GERAL - INC. ALIMENTÍCIOS,15,427,363,43 538,1 240 826,1 239 627,5,17,594,576,6 032 356,183 166 513,181 973 492,140,141,mistral_table,mistral_table,no
1588,DEMAIS GÉNEROS,690,3 016,1 677,312 949,6 531 647,6 468 744,689,795,4 086,2 535,35 289 887,499 250 206,487 499 936,140,141,mistral_table,mistral_table,no
1589,COMERCIO ATACADISTA,87,951,511,158 980,9 350 177,9 258 853,92,125,1 315,920,21 683 608,1 195 987 330,1 191 116 436,142,143,mistral_table,pdf_text_layout,no
1590,RIBEIRÃO PRETO,2 583,17 450,9 303,2 329 442,63 441 667,63 103 497,,,,,,,,142,143,mistral_table,mistral_markdown_partial,yes
1591,COMERCIO VAREJISTA,2 261,13 221,7 526,1 502 562,30 470 274,30 201 470,,,,,,,,142,143,mistral_table,mistral_markdown_partial,yes
1592,"FERNAGENS, MAT. ELETR. E ELETRONICO",204,1 587,781,201 212,4 089 516,4 056 112,,,,,,,,142,143,mistral_table,mistral_markdown_partial,yes
1593,"VEICULOS NOVOS E USADOS, PECAS",157,1 192,571,172 095,4 961 643,4 881 573,220 252,2 120,1 304,21 976 868 565,S86,310 545,853 197,142,143,mistral_table,pdf_text_layout,no
1594,MERC. EM GERAL - INC. ALIMENTICIOS,76,1 694,349,128 137,3 365 891,3 365 867,,,,,,,,142,143,mistral_table,mistral_markdown_partial,yes
1595,DEMAIS GENEROS,1 824,8 748,4 825,1 001 118,18 053 224,17 897 918,,,,,,,,142,143,mistral_table,mistral_markdown_partial,yes
1596,COMERCIO ATACADISTA,285,3 378,1 698,619 898,32 971 393,32 902 027,,,,,,,,142,143,mistral_table,mistral_markdown_partial,yes
1597,RIO CLARO,935,3 866,1 858,382 413,9 262 060,9 194 990,9S8,1 053,4 876,2 S8S,39 831 148,752 115 089,738 764 475,142,143,mistral_table,pdf_text_layout,no
1598,COMERCIO VAREJISTA,869,3 252,1 638,280 843,5 654 784,5 621 695,902,987,4 315,2 395,33 253 791,635 236 707 623,902 792,142,143,mistral_table,pdf_text_layout,no
1599,"VEICULOS NOVOS E USADOS, PECAS",58,268,136,20 718,729 937,724 601,,,,,,,,142,143,mistral_table,mistral_markdown_partial,yes
1600,COMBUSTIVEIS E LUBRIFICANTES,27,260,175,24 924,892 708,887 675,2S,27,265 211,2 664 113,86 029 735,8S,201 788,142,143,mistral_table,pdf_text_layout,no
1601,MERC. EM GERAL - INC. ALIMENTICIOS,29,442,371,39 765,1 111 488,1 111 363,8,22,572,462,4 068 959,138 959 136 138,631 211,142,143,mistral_table,pdf_text_layout,no
1602,DEMAIS GENEROS,755,2 282,956,195 426,2 920 651,2 898 056,,,,,,,,142,143,mistral_table,mistral_markdown_partial,yes
1603,COMERCIO ATACADISTA,58,423,219,62 285,3 607 276,3 573 295,56,60,388,189,3 S63 202,116 878 382,114 861 683,142,143,mistral_table,pdf_text_layout,no
1604,SANTO ANDRE,2 692,15 731,8 955,1 946 165,36 692 970,36 442 184,3 028,3 296,20 S09,12 843,207 850 289,3 995 143 171,3 905 625 826,142,143,mistral_table,pdf_text_layout,no
1605,COMERCIO VAREJISTA,2 536,13 491,8 049,1 565 361,29 697 843,29 469 732,,,,,,,,142,143,mistral_table,mistral_markdown_partial,yes
1606,"PROD. ALIMENTICIOS, BEBIDAS E FUMO",842,1 743,395,147 905,1 983 895,1 951 288,1 013,032,4 337,2 378,36 716 617,664 025 24S,632 695 772,142,143,mistral_table,pdf_text_layout,no
1607,"VEICULOS NOVOS E USADOS, PECAS",214,1 314,565,221 390,5 359 107,5 264 683,272,292,1 833,94S,27 210 020,566 438 674,S50 570 987,142,143,mistral_table,pdf_text_layout,no
1608,MERC. EM GERAL - INC. ALIMENTICIOS,62,2 319,2 089,256 214,8 532 783,8 531 555,,,,,,,,142,143,mistral_table,mistral_markdown_partial,yes
1609,DEMAIS GENEROS,1 418,8 115,5 000,939 852,13 822 058,13 722 206,1 S82,1 7S4,9 9S1,52S,83 322 267,1 132 602 359,1 - 108 006 8S9,142,143,mistral_table,pdf_text_layout,no
1610,COMERCIO ATACADISTA,132,1 722,885,261 275,6 995 127,6 972 452,,,,,,,,142,143,mistral_table,mistral_markdown_partial,yes
1611,SANTOS,3 351,22 854,13 215,1 10 016,112 608 149,111 824 588,3 338,"3,763",2S 990,16 507,267 316 096,10 342 768 S98,10 257 302 809,142,143,mistral_table,pdf_text_layout,no
1612,COMERCIO VAREJISTA,3 022,18 881,11 713,2 279 101,34 105 891,33 632 378,,,,,,,,142,143,mistral_table,mistral_markdown_partial,yes
1613,"VEICULOS NOVOS E USADOS, PECAS",191,1 893,917,316 958,5 788 604,5 610 489,,,,,,,,142,143,mistral_table,mistral_markdown_partial,yes
1614,COMBUSTIVEIS E LUBRIFICANTES,105,1 113,677,133 744,4 427 832,4 377 870,,,,,,,,142,143,mistral_table,mistral_markdown_partial,yes
1615,MERC. EM GERAL - INC. ALIMENTICIOS,42,1 648,1 584,209 915,5 354 195,5 354 092,,,,,,,,142,143,mistral_table,mistral_markdown_partial,yes
1616,DEMAIS GENEROS,2 684,14 227,8 535,1 618 484,18 235 260,18 289 927,,,,,,,,142,143,mistral_table,mistral_markdown_partial,yes
1617,COMERCIO ATACADISTA,288,3 334,1 457,680 951,78 502 258,78 192 210,1 9S,280,3 SOB,2 121,66 699 162,7 423 253 370,386 903 134,142,143,mistral_table,pdf_text_layout,no
1618,SÃO BERNARDO DO CAMPO,2 004,13 000,7 044,1 871 676,46 595 532,46 376 579,2 296,2 S33,17 369,10 S68,184 427 020,3 941 428 771,3 892 718 283,142,143,mistral_table,pdf_text_layout,no
1619,COMERCIO VAREJISTA,1 897,10 457,5 941,1 271 624,32 983 820,32 868 489,,,,,,,,142,143,mistral_table,mistral_markdown_partial,yes
1620,MAS. E APARELHOS ELETR. USO DOMEST,177,1 289,765,191 266,4 956 810,4 940 755,,,,,,,,142,143,mistral_table,mistral_markdown_partial,yes
1621,"FERNAGENS, MAT. ELETR. E ELETRONICO",148,1 212,643,166 620,3 673 255,3 664 711,185 192,1 448,84S,14 063,238 418,317 581,409 287 716,142,143,mistral_table,pdf_text_layout,no
1622,"VEICULOS NOVOS E USADOS, PECAS",144,894,393,132 280,9 656 049,9 621 524,,,,,,,,142,143,mistral_table,mistral_markdown_partial,yes
1623,DEMAIS GENEROS,1 428,7 062,4 140,781 458,14 697 706,14 641 499,,,,,,,,142,143,mistral_table,mistral_markdown_partial,yes
1624,COMERCIO ATACADISTA,90,2 181,1 100,506 966,13 611 712,13 508 090,133,1 so,3 1 S1,2 172,S2 152 109,1 314 624 963,1 303 966 S46,142,143,mistral_table,pdf_text_layout,no
1625,SÃO CAETANO DO SUL,1 279,7 599,3 871,1 063 085,36 830 531,36 754 305,,,,,,,,142,143,mistral_table,mistral_markdown_partial,yes
1626,COMERCIO VAREJISTA,1 178,5 510,3 332,660 393,13 483 317,13 410 217,,,,,,,,142,143,mistral_table,mistral_markdown_partial,yes
1627,"PROD. ALIMENTICIOS, BEBIDAS E FUMO",296,628,199,54 449,839 850,838 650,355 363,259 617,9,044 309,136 841,961 135,237 302,142,143,mistral_table,mistral_markdown,no
1628,"VEICULOS NOVOS E USADOS, PECAS",93,506,295,78 018,2 656 744,2 644 928,115 122,585 327,8,635 627,291 522,774 286,465 484,142,143,mistral_table,mistral_markdown,no
1629,MERC. EM GERAL - INC. ALIMENTICIOS,18,596,540,84 639,2 180 108,2 179 954,,,,,,,,142,143,mistral_table,mistral_markdown_partial,yes
1630,DEMAIS GENEROS,771,3 780,2 298,443 287,7 806 615,7 746 685,769 837,4 080,2 548,37,967 478,476 214 763 465,495 314,142,143,mistral_table,pdf_text_layout,no
1631,COMERCIO ATACADISTA,76,889,537,161 961,23 347 214,23 344 088,67,78,1,140 899,13 707 472,1 499 263 67S,1 49S 064 787,142,143,mistral_table,pdf_text_layout,no
1632,SÃO CARLOS,940,3 977,1 945,445 339,8 385 962,8 339 063,,,,,,,,142,143,mistral_table,mistral_markdown_partial,yes
1633,COMERCIO VAREJISTA,875,3 438,1 751,358 647,6 800 827,6 759 433,,,,,,,,142,143,mistral_table,mistral_markdown_partial,yes
1634,"VEICULOS NOVOS E USADOS, PECAS",52,248,118,30 859,739 981,725 020,90 100,SS6,307,5 455 435,86 613,S73,83 6S2 212,142,143,mistral_table,pdf_text_layout,no
1635,COMBUSTIVEIS E LUBRIFICANTES,34,214,143,22 115,910 300,904 573,,,,,,,,142,143,mistral_table,mistral_markdown_partial,yes
1636,MERC. EM GERAL - INC. ALIMENTICIOS,22,359,293,35 798,1 128 703,1 128 703,,,,,,,,142,143,mistral_table,mistral_markdown_partial,yes
1637,DEMAIS GENEROS,767,2 617,1 197,269 875,4 021 843,4 001 137,,,,,,,,142,143,mistral_table,mistral_markdown_partial,yes
1638,COMERCIO ATACADISTA,53,394,194,60 295,1 585 135,1 579 630,,,,,,,,142,143,mistral_table,mistral_markdown_partial,yes
1639,SÃO JOSE DO RIO PRETO,1 607,9 831,5 107,1 215 137,36 386 734,36 046 257,1 648,1 948,13 770,734,138 608 883,4 389 819 854,4 349 554 534,142,143,mistral_table,pdf_text_layout,no
1640,COMERCIO VAREJISTA,1 420,7 920,4 272,895 840,17 309 896,16 996 688,,,,,,,,142,143,mistral_table,mistral_markdown_partial,yes
1641,"VEICULOS NOVOS E USADOS, PECAS",103,1 022,500,138 836,3 601 427,3 470 211,129 147,1 368 877,17,205 782,418 295,193 408,431 986,142,143,mistral_table,pdf_text_layout,no
1642,COMBUSTIVEIS E LUBRIFICANTES,55,450,292,46 621,1 385 394,1 966 354,,,,,,,,142,143,mistral_table,mistral_markdown_partial,yes
1643,MERC. EM GERAL - INC. ALIMENTICIOS,26,488,382,57 364,1 428 278,1 423 030,,,,,,,,142,143,mistral_table,mistral_markdown_partial,yes
1644,DEMAIS GENEROS,1 236,9 980,3 098,650 019,10 294 797,10 137 073,,,,,,,,142,143,mistral_table,mistral_markdown_partial,yes
1645,COMERCIO ATACADISTA,176,1 695,828,275 190,19 076 838,19 049 589,144,196,2 220,1 437,31 954 S04,2 301 347 272,2 295 49S 308,142,143,mistral_table,pdf_text_layout,no
1646,SÃO JOSE DOS CAMPOS,1 475,8 908,5 550,1 120 716,33 791 342,33 589 398,1 647,1 896,12 360,38S,122 340 559,4 011 533 743,3 986 637 499,142,143,mistral_table,pdf_text_layout,no
1647,COMERCIO VAREJISTA,1 379,7 498,4 703,839 436,15 209 249,15 056 785,,,,,,,,142,143,mistral_table,mistral_markdown_partial,yes
1648,"PROD. ALIMENTICIOS, BEBIDAS E FUMO",465,1 074,371,96 465,1 452 911,1 445 523,487,527,1 918 046,1S 28S,000 259,713 289,258 736 874,142,143,mistral_table,pdf_text_layout,no
1649,"VEICULOS NOVOS E USADOS, PECAS",77,503,285,81 192,1 970 614,1 936 764,147 156,912 514,11,482 493,194 840,601 189,969 433,142,143,mistral_table,mistral_markdown,no
1650,MERC. EM GERAL - INC. ALIMENTICIOS,31,197,082,130 889,3 167 439,3 167 303,,,,,,,,142,143,mistral_table,mistral_markdown_partial,yes
1651,DEMAIS GENEROS,806,4 724,2 985,530 890,8 618 285,8 507 195,940,1 090 017,oos,51 844,364 720,935 223,710 931 179,142,143,mistral_table,pdf_text_layout,no
1652,COMERCIO ATACADISTA,74,1 162,844,209 473,18 582 093,18 532 613,56,89,1 884,1 412,31 975 065,2 489 752 737,2 481 446 580,144,145,mistral_table,mistral_table,no
1653,SÃO VICENTE,887,4 278,2 412,401 911,6 927 503,6 868 103,1 016,1 088,5 483,3 330,39 380 540,670 423 745,659 810 228,144,145,mistral_table,mistral_table,no
1654,COMERCIO VAREJISTA,846,3 845,2 204,347 742,5 920 236,5 875 514,983,1 051,5 085,3 065,34 649 108,543 073 699,532 545 968,144,145,mistral_table,mistral_table,no
1655,"PROD. ALIMENTICIOS, BEBIDAS E FUMO",310,720,206,57 864,865 794,865 033,367,377,1 300,556,7 624 364,96 275 045,90 410 463,144,145,mistral_table,mistral_table,no
1656,"TECIDOS, VESTUÁRIO E ARMARINHO",177,640,322,51 161,502 177,501 710,209,222,942,565,5 656 192,58 869 057,58 761 011,144,145,mistral_table,mistral_table,no
1657,MERC. EM GERAL - INC. ALIMENTICIOS,30,935,801,84 529,2 073 384,2 073 338,21,31,1 008,857,7 371 728,197 466 569,197 171 120,144,145,mistral_table,mistral_table,no
1658,DEMAIS GÉNEROS,329,1 550,875,154 188,2 478 881,2 435 433,386,421,1 835,1 087,13 996 824,190 463 028,186 303 374,144,145,mistral_table,mistral_table,no
1659,COMERCIO ATACADISTA,39,410,208,50 958,1 007 267,992 589,33,37,398,265,4 731 432,127 350 046,127 164 260,144,145,mistral_table,mistral_table,no
1660,SOROCABA,1 563,9 811,5 572,1 137 618,20 916 164,20 738 840,2 021,2 279,13 529,8 284,121 559 781,2 087 600 240,2 059 943 836,144,145,mistral_table,mistral_table,no
1661,COMERCIO VAREJISTA,1 415,8 206,5 008,893 713,17 880 450,17 711 011,1 884,2 109,12 148,7 538,102 794 529,1 679 847 029,1 653 597 575,144,145,mistral_table,mistral_table,no
1662,"VEÍCULOS NOVOS E USADOS, PEÇAS",83,737,423,123 539,3 327 453,3 277 879,135,150,1 264,733,16 123 836,344 157 659,331 411 198,144,145,mistral_table,mistral_table,no
1663,COMBUSTÍVEIS E LUBRIFICANTES,51,446,318,50 404,2 236 206,2 205 335,47,55,492,366,5 011 999,211 763 268,211 188 311,144,145,mistral_table,mistral_table,no
1664,MERC. EM GERAL - INC. ALIMENTICIOS,40,803,684,84 351,2 562 297,2 562 263,18,45,1 241,1 055,10 111 223,284 282 460,283 880 521,144,145,mistral_table,mistral_table,no
1665,DEMAIS GÉNEROS,1 241,6 220,3 583,635 419,9 754 494,9 665 534,1 684,1 859,9 151,5 384,71 547 471,839 643 642,827 117 545,144,145,mistral_table,mistral_table,no
1666,COMERCIO ATACADISTA,125,1 100,557,152 547,3 035 714,3 027 829,137,160,1 218,746,16 390 218,407 600 114,406 346 261,144,145,mistral_table,mistral_table,no
1667,SUMARE,297,1 314,598,135 403,2 709 252,2 681 057,375,399,2 537,1 475,19 977 045,489 781 800,487 263 651,144,145,mistral_table,mistral_table,no
1668,COMERCIO VAREJISTA,287,1 191,536,120 526,2 589 350,2 564 505,362,383,1 745,974,11 708 742,270 609 783,269 401 124,144,145,mistral_table,mistral_table,no
1669,"VEÍCULOS NOVOS E USADOS, PEÇAS",15,91,26,24 225,498 324,477 844,18,22,106,51,1 771 678,63 433 829,63 128 952,144,145,mistral_table,mistral_table,no
1670,COMBUSTÍVEIS E LUBRIFICANTES,9,105,53,9 799,449 343,448 523,14,15,140,104,7 262 185,49 051 742,48 851 544,144,145,mistral_table,mistral_table,no
1671,MERC. EM GERAL - INC. ALIMENTICIOS,24,290,224,27 849,823 386,823 365,16,19,332,293,2 084 273,60 346 206,60 306 830,144,145,mistral_table,mistral_table,no
1672,DEMAIS GÉNEROS,239,705,233,58 653,818 297,814 773,314,327,1 167,526,6 590 606,97 778 006,97 113 798,144,145,mistral_table,mistral_table,no
1673,COMERCIO ATACADISTA,9,94,62,6 343,116 902,116 552,13,13,596,497,5 280 352,218 027 225,217 862 527,144,145,mistral_table,mistral_table,no
1674,SUZANO,490,1 913,887,190 159,3 960 756,3 942 655,604,651,2 979,1 739,25 565 268,372 155 278,368 310 416,144,145,mistral_table,mistral_table,no
1675,COMERCIO VAREJISTA,468,1 727,816,164 171,3 470 717,3 452 616,587,629,2 732,1 585,22 991 435,319 055 078,315 216 585,144,145,mistral_table,mistral_table,no
1676,"VEÍCULOS NOVOS E USADOS, PEÇAS",17,105,70,14 380,548 428,546 514,39,42,264,120,3 272 296,54 416 309,53 374 535,144,145,mistral_table,mistral_table,no
1677,COMBUSTÍVEIS E LUBRIFICANTES,16,125,71,13 953,599 932,595 029,13,14,102,77,1 209 054,43 033 737,42 335 165,144,145,mistral_table,mistral_table,no
1678,MERC. EM GERAL - INC. ALIMENTICIOS,18,195,137,22 595,638 888,637 749,9,14,299,267,2 940 453,63 520 778,63 518 059,144,145,mistral_table,mistral_table,no
1679,DEMAIS GÉNEROS,417,1 302,538,113 243,1 683 689,1 673 324,526,559,2 067,1 121,15 569 632,158 084 254,155 988 826,144,145,mistral_table,mistral_table,no
1680,COMERCIO ATACADISTA,16,121,71,14 225,490 039,490 039,17,19,211,154,2 150 126,53 098 009,53 093 831,144,145,mistral_table,mistral_table,no
1681,TABOÃO DA SERRA,249,1 200,366,134 390,2 011 599,1 999 045,457,474,2 189,1 286,21 695 252,944 934 995,931 727 292,144,145,mistral_table,mistral_table,no
1682,COMERCIO VAREJISTA,238,1 077,339,116 251,1 519 099,1 508 160,436,448,1 869,1 075,17 433 720,179 192 573,176 549 421,144,145,mistral_table,mistral_table,no
1683,"FERRAGENS, MAT. ELETR. E ELETRÔNICO",18,156,103,19 724,522 380,521 975,47,51,617,509,8 872 635,44 690 934,43 797 461,144,145,mistral_table,mistral_table,no
1684,COMBUSTÍVEIS E LUBRIFICANTES,7,54,43,5 810,297 255,296 518,8,8,66,46,603 389,27 072 328,27 035 960,144,145,mistral_table,mistral_table,no
1685,MERC. EM GERAL - INC. ALIMENTICIOS,13,121,84,9 561,276 306,276 306,4,8,132,123,1 059 416,32 499 272,32 499 272,144,145,mistral_table,mistral_table,no
1686,DEMAIS GÉNEROS,200,746,109,81 156,423 158,413 361,377,381,1 054,397,6 898 278,74 930 039,73 216 728,144,145,mistral_table,mistral_table,no
1687,COMERCIO ATACADISTA,11,123,27,18 139,492 500,490 885,21,24,316,211,4 249 340,765 742 422,755 177 871,144,145,mistral_table,mistral_table,no
1688,TAUBATE,1 004,5 009,2 501,516 708,9 331 492,9 234 365,1 120,1 254,6 392,3 890,53 680 748,836 590 902,829 186 406,144,145,mistral_table,mistral_table,no
1689,COMERCIO VAREJISTA,945,4 507,2 369,431 300,8 107 419,8 015 149,1 087,1 206,5 777,3 671,44 239 248,762 257 030,755 009 657,144,145,mistral_table,mistral_table,no
1690,"VEÍCULOS NOVOS E USADOS, PEÇAS",45,297,171,37 642,985 783,973 219,67,72,476,264,4 747 727,91 538 599,89 187 489,144,145,mistral_table,mistral_table,no
1691,COMBUSTÍVEIS E LUBRIFICANTES,40,275,163,26 906,1 211 393,1 196 621,31,34,256,194,2 508 647,90 067 873,89 528 148,144,145,mistral_table,mistral_table,no
1692,MERC. EM GERAL - INC. ALIMENTICIOS,27,628,540,66 172,1 870 251,1 869 701,13,27,710,676,5 198 313,162 992 423,162 691 856,144,145,mistral_table,mistral_table,no
1693,DEMAIS GÉNEROS,833,3 307,1 495,300 580,4 039 992,3 975 608,976,1 073,4 335,2 537,31 784 561,397 658 135,393 602 164,144,145,mistral_table,mistral_table,no
1694,COMERCIO ATACADISTA,43,343,132,52 000,1 224 073,1 219 216,33,39,332,219,4 291 912,74 333 872,74 176 749,144,145,mistral_table,mistral_table,no
1695,ADAMANTINA,235,1 220,605,115 501,3 699 618,3 628 458,229,279,1 480,886,13 107 196,406 413 198,399 687 357,144,145,mistral_table,mistral_table,no
1696,ADOLFO,9,31,-,1 252,18 952,18 952,14,15,33,3,117 508,2 955 699,2 946 903,144,145,mistral_table,mistral_table,no
1697,AQUAI,132,453,179,33 357,997 939,997 428,144,149,483,223,3 444 344,78 274 823,78 192 708,144,145,mistral_table,mistral_table,no
1698,AGUAS DA PRATA,45,85,16,4 558,157 158,157 157,38,40,76,19,393 928,8 652 035,8 643 226,144,145,mistral_table,mistral_table,no
1699,AGUAS DE LINDÓIA,105,264,98,25 433,380 904,376 280,122,127,342,143,2 033 223,33 023 220,32 622 500,144,145,mistral_table,mistral_table,no
1700,AGUAS DE SANTA BARBARA,28,71,15,2 559,91 869,91 869,41,42,130,59,729 760,16 617 182,15 876 103,144,145,mistral_table,mistral_table,no
1701,AGUAS DE SÃO PEDRO,39,82,18,4 989,109 009,109 009,39,41,93,14,360 300,6 769 076,6 496 530,144,145,mistral_table,mistral_table,no
1702,AGUDOS,95,335,170,26 274,607 186,606 453,91,108,464,286,2 637 730,60 653 420,60 282 274,144,145,mistral_table,mistral_table,no
1703,ALFREDO MARCONDES,19,50,13,3 401,76 092,76 054,17,17,40,16,209 486,5 322 252,5 318 819,144,145,mistral_table,mistral_table,no
1704,ALTAIR,10,23,2,1 018,24 641,24 641,9,9,19,6,110 915,2 044 903,2 043 934,144,145,mistral_table,mistral_table,no
1705,ALTINÓPOLIS,79,265,99,26 563,491 460,484 136,98,101,313,123,1 969 795,59 496 856,59 074 523,144,145,mistral_table,mistral_table,no
1706,ALTO ALEGRE,22,46,4,1 801,31 054,30 976,19,20,45,11,171 982,4 268 816,4 215 115,144,145,mistral_table,mistral_table,no
1707,ALVARES FLORENCE,21,47,4,1 964,31 495,31 495,21,21,47,5,325 007,4 944 547,4 939 876,144,145,mistral_table,mistral_table,no
1708,ALVARES MACHADO,74,288,145,22 208,476 586,476 356,74,84,310,182,2 258 655,54 999 655,54 769 350,144,145,mistral_table,mistral_table,no
1709,ALVARO DE CARVALHO,17,39,4,1 436,32 517,32 432,12,12,23,5,130 391,2 702 720,2 702 268,146,147,mistral_table,mistral_table,no
1710,ALVINLANDIA,8,24,8,1 506,32 164,32 141,11,12,23,5,81 540,2 345 785,2 341 965,146,147,mistral_table,mistral_table,no
1711,AMERICO BRASILIENSE,45,165,84,15 115,356 023,353 379,66,69,243,117,2 005 652,41 322 114,40 690 634,146,147,mistral_table,mistral_table,no
1712,AMERICO DE CAMPOS,45,145,34,4 422,96 288,96 054,51,52,135,45,446 338,8 747 755,8 697 710,146,147,mistral_table,mistral_table,no
1713,AMPARO,267,1 189,494,137 798,3 243 260,3 217 502,315,335,1 729,902,15 464 040,277 670 692,272 233 995,146,147,mistral_table,mistral_table,no
1714,ANALANDIA,16,43,7,2 601,38 349,37 765,10,11,30,10,129 447,3 125 516,3 125 516,146,147,mistral_table,mistral_table,no
1715,ANDRADINA,418,1 853,799,172 463,3 275 719,3 249 521,434,475,2 044,1 112,15 606 024,301 664 549,298 378 943,146,147,mistral_table,mistral_table,no
1716,ANGATUBA,129,350,80,21 959,400 886,399 336,130,136,396,152,2 056 366,35 209 545,34 967 257,146,147,mistral_table,mistral_table,no
1717,ANHEMBI,16,37,6,1 984,48 896,48 701,14,14,26,5,147 373,4 820 389,4 813 189,146,147,mistral_table,mistral_table,no
1718,ANHUMAS,11,21,2,1 171,20 660,20 660,13,13,22,6,96 418,1 864 794,1 843 405,146,147,mistral_table,mistral_table,no
1719,APARECIDA,446,1 356,549,69 229,1 226 585,1 223 182,445,475,1 767,889,8 009 077,137 961 386,136 396 584,146,147,mistral_table,mistral_table,no
1720,APARECIDA D'OESTE,42,101,33,6 462,113 980,113 964,37,42,104,53,670 036,9 127 461,9 002 487,146,147,mistral_table,mistral_table,no
1721,APIAI,151,450,157,27 564,523 827,520 763,147,154,443,199,2 329 252,41 444 238,41 239 345,146,147,mistral_table,mistral_table,no
1722,ARACOIABA DA SERRA,41,132,55,10 274,203 400,203 192,60,60,209,74,1 271 316,18 578 747,18 398 730,146,147,mistral_table,mistral_table,no
1723,ARAMINA,19,60,24,4 632,145 118,144 364,21,22,61,22,294 078,8 150 853,7 514 500,146,147,mistral_table,mistral_table,no
1724,ARAMOU,16,35,7,1 108,26 113,26 113,14,14,20,4,120 529,2 588 300,2 588 300,146,147,mistral_table,mistral_table,no
1725,ARARAS,511,2 142,1 076,233 644,5 389 552,5 338 185,567,625,2 987,1 561,28 287 937,662 936 272,643 930 934,146,147,mistral_table,mistral_table,no
1726,AREALVA,33,92,29,6 248,175 242,174 217,32,34,72,22,498 408,10 210 258,10 182 186,146,147,mistral_table,mistral_table,no
1727,AREIAS,18,24,3,1 301,25 455,25 105,17,18,30,6,123 935,2 318 548,2 318 548,146,147,mistral_table,mistral_table,no
1728,AREIOPOLIS,25,48,14,3 264,64 924,64 184,30,33,81,31,602 738,13 950 545,13 930 393,146,147,mistral_table,mistral_table,no
1729,ARIRANHA,23,75,23,5 590,94 093,94 058,28,29,91,38,766 690,10 427 850,10 404 830,146,147,mistral_table,mistral_table,no
1730,ARTUR NOGUEIRA,89,333,142,24 420,633 703,632 861,126,142,484,223,3 538 704,70 269 840,69 470 492,146,147,mistral_table,mistral_table,no
1731,ARUJA,102,283,94,31 734,702 126,700 818,173,178,543,235,3 724 557,103 767 592,102 153 091,146,147,mistral_table,mistral_table,no
1732,ASSIS,599,2 515,1 263,240 835,5 252 472,5 207 148,691,773,3 809,2 218,32 158 557,713 465 006,698 809 618,146,147,mistral_table,mistral_table,no
1733,ATIBAIA,462,1 844,822,159 421,3 776 172,3 760 488,578,618,2 595,1 537,19 074 462,361 095 567,356 966 416,146,147,mistral_table,mistral_table,no
1734,AURIFLAMA,89,349,153,23 701,520 283,518 565,107,123,478,240,2 546 701,49 246 118,48 387 005,146,147,mistral_table,mistral_table,no
1735,AVAI,18,37,7,2 366,42 468,42 014,15,15,40,6,716 816,5 169 832,5 169 832,146,147,mistral_table,mistral_table,no
1736,AVANHANDAVA,35,78,20,4 737,97 942,97 942,29,29,77,21,397 856,7 798 262,7 794 580,146,147,mistral_table,mistral_table,no
1737,AVARE,480,1 908,837,164 725,3 993 152,3 974 016,474,518,2 393,1 352,16 980 122,350 807 282,346 396 674,146,147,mistral_table,mistral_table,no
1738,BADY BASSITT,14,35,4,1 577,51 856,51 812,18,19,37,8,290 375,5 770 240,5 767 240,146,147,mistral_table,mistral_table,no
1739,BALBINOS,3,4,-,620,7 758,7 758,5,5,8,-,34 740,780 920,780 920,146,147,mistral_table,mistral_table,no
1740,BALSAMO,30,66,17,5 092,210 842,210 429,36,36,92,19,298 283,14 389 604,14 305 168,146,147,mistral_table,mistral_table,no
1741,BANANAL,64,170,42,7 338,154 187,154 179,81,83,208,54,651 383,11 805 051,11 789 767,146,147,mistral_table,mistral_table,no
1742,BARÃO DE ANTONINA,20,50,7,1 556,48 265,48 260,19,21,47,15,182 772,2 504 534,2 504 534,146,147,mistral_table,mistral_table,no
1743,BARBOSA,23,56,14,3 063,108 085,106 459,22,24,72,29,230 026,8 409 546,8 409 546,146,147,mistral_table,mistral_table,no
1744,BARIRI,174,624,243,49 221,1 014 917,999 336,171,191,731,344,5 605 658,120 134 758,118 502 588,146,147,mistral_table,mistral_table,no
1745,BARRA BONITA,189,828,400,85 467,1 599 376,1 581 807,170,202,1 054,639,9 896 027,155 268 131,153 247 461,146,147,mistral_table,mistral_table,no
1746,BARRA DO TURVO,19,61,28,2 261,213 325,213 325,25,27,71,33,900 958,11 939 249,11 888 316,146,147,mistral_table,mistral_table,no
1747,BARRETOS,582,2 692,1 292,240 103,6 819 896,6 781 924,673,735,3 696,2 209,26 643 834,646 961 196,633 573 951,146,147,mistral_table,mistral_table,no
1748,BARRINHA,71,157,25,11 552,335 706,335 210,82,83,280,75,2 926 935,221 154 694,221 148 080,146,147,mistral_table,mistral_table,no
1749,BARUERI,255,2 166,889,393 242,43 876 548,43 774 045,277,322,4 969,2 201,107 369 339,4 956 465 330,4 711 197 555,146,147,mistral_table,mistral_table,no
1750,BASTOS,83,556,328,51 992,1 012 035,987 707,122,130,823,564,6 493 546,158 320 920,153 252 107,146,147,mistral_table,mistral_table,no
1751,BATATAIS,280,1 079,487,102 595,4 155 440,4 141 412,309,337,1 362,658,9 256 561,207 067 267,204 485 089,146,147,mistral_table,mistral_table,no
1752,BEBEDOURO,345,1 562,712,183 546,3 572 892,3 554 500,348,410,2 484,1 694,26 827 459,544 856 138,536 431 420,146,147,mistral_table,mistral_table,no
1753,BENTO DE ABREU,7,22,10,1 342,20 316,20 216,7,7,20,11,111 322,1 900 664,1 900 664,146,147,mistral_table,mistral_table,no
1754,BERNARDINO DE CAMPOS,64,253,109,17 959,342 518,340 684,72,85,243,124,1 387 504,26 329 071,26 079 150,148,149,mistral_table,mistral_table,no
1755,BILAC,33,120,38,9 552,143 153,142 753,38,39,112,45,520 723,11 918 890,11 917 917,148,149,mistral_table,mistral_table,no
1756,BIRIGUI,302,1 475,681,147 583,2 382 797,2 363 324,374,431,2 089,1 255,17 705 847,270 049 791,264 346 871,148,149,mistral_table,mistral_table,no
1757,BIRITIBA-MIRIM,50,162,28,8 503,180 660,180 044,43,46,124,48,549 030,12 393 051,12 287 184,148,149,mistral_table,mistral_table,no
1758,BOA ESPERANÇA DO SUL,42,99,23,7 484,160 425,160 386,56,56,108,31,715 565,14 336 751,14 325 693,148,149,mistral_table,mistral_table,no
1759,BOCAINA,49,152,54,11 483,222 809,222 244,41,47,155,87,1 149 132,23 610 425,23 439 775,148,149,mistral_table,mistral_table,no
1760,BOFETE,20,55,7,1 796,86 798,86 620,26,26,95,51,506 222,7 012 355,6 988 342,148,149,mistral_table,mistral_table,no
1761,BOITUVA,92,323,92,20 564,491 826,488 703,121,128,423,210,2 050 798,52 829 238,52 690 181,148,149,mistral_table,mistral_table,no
1762,BOM JESUS DOS PERDÕES,48,94,18,6 437,119 512,119 101,103,103,186,16,1 203 721,16 390 718,16 196 216,148,149,mistral_table,mistral_table,no
1763,BORA,1,(A),(A),(X),(A),(A),4,4,7,1,43 046,1 068 008,1 018 459,148,149,mistral_table,mistral_table,no
1764,BORACEIA,18,58,14,4 775,78 326,78 326,24,27,54,18,257 850,5 471 005,5 335 842,148,149,mistral_table,mistral_table,no
1765,BORBOREMA,67,187,62,9 818,275 229,273 970,73,78,225,92,1 152 931,27 696 935,27 543 436,148,149,mistral_table,mistral_table,no
1766,BOTUCATU,469,2 073,964,200 193,3 387 244,3 359 568,555,611,2 746,1 647,20 084 202,351 416 183,348 790 714,148,149,mistral_table,mistral_table,no
1767,BRAUNA,32,127,14,3 023,77 009,76 620,26,27,69,16,301 414,6 282 631,6 236 570,148,149,mistral_table,mistral_table,no
1768,BRODOSQUI,92,233,71,18 290,428 904,427 310,101,108,337,133,1 477 036,36 021 867,35 831 685,148,149,mistral_table,mistral_table,no
1769,BROTAS,103,309,93,22 197,439 892,437 546,91,94,360,140,1 950 885,54 990 104,54 622 634,148,149,mistral_table,mistral_table,no
1770,BURI,70,174,39,9 397,155 628,155 478,83,85,205,76,1 094 954,17 684 794,17 684 794,148,149,mistral_table,mistral_table,no
1771,BURITAMA,90,240,60,11 707,277 771,276 305,94,97,274,101,1 328 513,28 943 017,28 792 982,148,149,mistral_table,mistral_table,no
1772,BURITIZAL,17,39,5,2 421,57 245,56 459,23,25,45,9,172 433,5 268 899,5 268 899,148,149,mistral_table,mistral_table,no
1773,CABRALIA PAULISTA,9,24,8,1 978,61 506,61 506,9,10,26,7,127 161,4 926 700,4 926 700,148,149,mistral_table,mistral_table,no
1774,CABREUVA,50,160,56,11 783,340 928,340 539,70,70,207,97,1 253 123,25 778 742,25 416 896,148,149,mistral_table,mistral_table,no
1775,CAÇAPAVA,262,1 070,518,91 853,1 783 864,1 774 039,289,320,1 402,862,9 901 737,146 428 520,145 497 871,148,149,mistral_table,mistral_table,no
1776,CACHOEIRA PAULISTA,141,349,147,20 745,462 954,459 519,138,147,484,231,2 519 898,46 721 667,46 221 964,148,149,mistral_table,mistral_table,no
1777,CACONDE,126,352,81,19 367,267 314,265 690,124,130,347,122,1 719 300,30 913 631,30 819 493,148,149,mistral_table,mistral_table,no
1778,CAFELANDIA,108,405,157,30 425,567 923,584 367,90,96,453,246,3 180 049,80 871 234,79 065 062,148,149,mistral_table,mistral_table,no
1779,CAIABU,28,67,11,2 193,80 647,80 647,26,27,46,12,168 610,2 911 073,2 907 956,148,149,mistral_table,mistral_table,no
1780,CAIEINAS,103,310,130,29 553,695 722,692 614,122,124,352,146,2 481 966,67 101 748,66 845 491,148,149,mistral_table,mistral_table,no
1781,CAIUA,7,13,1,792,15 821,15 821,8,8,13,2,67 786,1 158 091,1 091 979,148,149,mistral_table,mistral_table,no
1782,CAJAMAR,68,236,91,19 609,402 783,400 759,113,119,392,177,3 964 654,41 500 232,41 196 649,148,149,mistral_table,mistral_table,no
1783,CAJOBI,42,98,21,5 087,153 012,151 718,49,50,140,49,928 355,15 573 551,14 714 951,148,149,mistral_table,mistral_table,no
1784,CAJURU,105,267,84,15 109,349 373,348 018,105,112,291,97,1 611 930,29 732 649,29 595 324,148,149,mistral_table,mistral_table,no
1785,CAMPO LIMPO PAULISTA,97,320,116,26 194,542 192,538 781,105,109,447,229,2 502 684,49 823 522,49 710 838,148,149,mistral_table,mistral_table,no
1786,CAMPOS DO JORDÃO,247,838,400,62 794,1 226 336,1 216 773,319,343,1 188,638,7 117 966,108 752 598,105 884 476,148,149,mistral_table,mistral_table,no
1787,CAMPOS NOVOS PAULISTA,21,64,21,3 346,42 467,42 368,16,16,43,5,173 282,2 999 850,2 999 850,148,149,mistral_table,mistral_table,no
1788,CANANEIA,49,144,61,10 136,167 275,161 054,38,39,139,45,1 004 451,48 113 372,48 113 372,148,149,mistral_table,mistral_table,no
1789,CANDIDO MOTA,140,486,169,41 559,1 992 267,1 990 927,154,165,695,378,5 010 270,258 142 028,257 841 722,148,149,mistral_table,mistral_table,no
1790,CANDIDO RODRIGUES,18,87,8,5 646,96 674,94 420,17,17,63,26,288 197,4 048 247,4 048 247,148,149,mistral_table,mistral_table,no
1791,CAPÃO BONITO,263,914,350,60 814,1 502 777,1 499 062,282,297,1 031,489,7 440 083,135 026 606,134 777 875,148,149,mistral_table,mistral_table,no
1792,CAPELA DO ALTO,37,110,24,6 593,102 554,101 345,60,61,317,39,2 117 886,16 603 263,16 565 847,148,149,mistral_table,mistral_table,no
1793,CAPIVARI,223,715,282,74 509,1 552 035,1 541 985,246,259,912,447,7 305 438,143 523 556,139 590 364,148,149,mistral_table,mistral_table,no
1794,CARAGUATATUBA,286,1 006,436,89 738,1 609 467,1 599 213,314,337,1 421,795,8 672 582,178 742 560,177 511 640,148,149,mistral_table,mistral_table,no
1795,CARDOSO,86,258,80,19 000,323 419,322 631,83,87,266,97,1 339 509,25 133 785,24 904 563,148,149,mistral_table,mistral_table,no
1796,CASA BRANCA,139,445,172,43 549,859 505,849 379,163,173,624,243,5 195 775,121 937 319,120 612 160,148,149,mistral_table,mistral_table,no
1797,CASSIA DOS COQUEIROS,7,13,-,338,15 675,15 675,9,11,25,5,177 392,3 067 859,3 067 859,148,149,mistral_table,mistral_table,no
1798,CASTILHO,60,159,37,8 646,150 927,149 422,67,68,185,66,672 774,13 788 963,13 664 216,148,149,mistral_table,mistral_table,no
1799,CATANDUVA,686,3 412,1 629,363 031,10 904 986,10 821 046,717,818,4 609,2 870,39 605 643,1 241 322 288,1 225 789 884,150,151,mistral_table,mistral_table,no
1800,CATIGUA,15,50,26,3 978,79 843,79 430,18,18,67,31,359 009,9 046 384,9 046 384,150,151,mistral_table,mistral_table,no
1801,CEDRAL,40,76,18,5 048,94 226,94 009,37,38,82,18,264 685,6 967 571,6 892 194,150,151,mistral_table,mistral_table,no
1802,CERQUEIRA CESAR,77,215,62,14 417,328 590,327 147,101,105,309,92,1 273 915,28 682 773,28 604 846,150,151,mistral_table,mistral_table,no
1803,CERQUILHO,98,297,114,24 693,772 365,770 338,130,134,472,238,2 988 668,73 344 078,72 711 156,150,151,mistral_table,mistral_table,no
1804,CESARIO LANGE,58,142,34,9 953,238 082,237 826,56,59,147,49,1 477 899,19 059 611,18 680 144,150,151,mistral_table,mistral_table,no
1805,CHARQUEADA,64,142,18,7 205,150 754,144 948,58,60,141,35,537 620,11 965 216,11 957 906,150,151,mistral_table,mistral_table,no
1806,CLEMENTINA,28,62,11,2 936,46 810,46 711,28,29,82,20,332 730,6 850 529,6 847 401,150,151,mistral_table,mistral_table,no
1807,COLINA,76,296,140,22 241,608 373,605 550,64,73,313,177,2 605 737,60 872 403,59 527 392,150,151,mistral_table,mistral_table,no
1808,COLOMBIA,14,30,5,1 465,57 998,57 166,18,18,44,8,277 591,2 463 821,2 463 821,150,151,mistral_table,mistral_table,no
1809,CONCHAL,81,218,63,17 751,292 830,291 793,105,111,372,184,2 638 698,37 311 480,37 120 239,150,151,mistral_table,mistral_table,no
1810,CONCHAS,87,243,84,11 473,355 637,355 230,84,86,239,84,1 239 636,25 686 587,25 395 958,150,151,mistral_table,mistral_table,no
1811,CORDEIROPOLIS,85,373,163,35 946,694 521,690 615,83,83,351,199,2 380 963,37 744 104,37 562 172,150,151,mistral_table,mistral_table,no
1812,COROADOS,22,57,13,5 388,203 393,202 706,28,28,67,23,424 591,12 932 795,12 877 215,150,151,mistral_table,mistral_table,no
1813,CORONEL MACEDO,37,68,2,2 339,86 142,86 096,43,44,86,15,417 988,6 307 102,6 176 471,150,151,mistral_table,mistral_table,no
1814,CORUMBATAI,14,45,10,4 357,90 548,90 548,14,14,43,11,296 753,8 834 991,8 832 680,150,151,mistral_table,mistral_table,no
1815,COSMOPOLIS,144,448,132,38 095,694 744,692 030,163,173,603,293,5 069 271,59 591 422,58 953 139,150,151,mistral_table,mistral_table,no
1816,COSMORAMA,48,110,25,5 482,133 395,133 179,49,49,119,36,"393 348,",16 104 705,15 997 402,150,151,mistral_table,mistral_table,no
1817,COTIA,208,981,389,99 832,2 249 009,2 248 285,321,338,1 368,674,15 099 063,262 955 553,261 416 721,150,151,mistral_table,mistral_table,no
1818,CRAVINHOS,138,481,166,48 179,1 277 016,1 275 983,147,151,499,173,5 971 192,101 006 125,100 823 493,150,151,mistral_table,mistral_table,no
1819,CRISTAIS PAULISTA,16,33,10,3 374,57 211,57 211,16,17,43,19,320 766,8 976 330,8 976 330,150,151,mistral_table,mistral_table,no
1820,CRUZALIA,26,106,41,14 374,1 045 420,994 537,32,37,192,116,2 160 909,208 514 366,204 174 743,150,151,mistral_table,mistral_table,no
1821,CRUZEIRO,455,1 705,808,144 295,2 813 947,2 795 995,477,537,2 111,1 120,13 068 199,242 806 100,240 213 381,150,151,mistral_table,mistral_table,no
1822,CUBATÃO,273,1 638,954,177 754,13 066 840,12 918 946,273,317,1 988,840,16 754 462,1 525 526 498,1 523 129 498,150,151,mistral_table,mistral_table,no
1823,CUNHA,116,234,41,7 480,160 725,158 825,100,103,244,60,728 629,13 981 440,13 970 068,150,151,mistral_table,mistral_table,no
1824,DESCALVADO,153,554,190,51 011,1 263 890,1 257 537,157,173,619,298,4 386 894,104 044 394,103 379 240,150,151,mistral_table,mistral_table,no
1825,DIVINOLANDIA,93,221,45,13 639,356 099,355 576,104,107,213,44,1 020 755,44 113 305,44 005 672,150,151,mistral_table,mistral_table,no
1826,DOBRADA,17,58,18,3 169,64 272,64 272,12,13,29,6,140 203,1 276 509,1 276 509,150,151,mistral_table,mistral_table,no
1827,DOIS CORREGOS,112,345,132,30 424,651 706,645 428,144,150,433,163,2 922 446,54 867 604,54 490 992,150,151,mistral_table,mistral_table,no
1828,DOLCINOPOLIS,10,26,2,878,27 674,27 479,9,9,24,2,116 459,3 880 071,3 880 071,150,151,mistral_table,mistral_table,no
1829,DOURADO,55,150,53,10 755,195 643,194 720,71,77,218,76,1 248 093,28 331 924,27 849 454,150,151,mistral_table,mistral_table,no
1830,DRACENA,273,1 503,750,149 595,3 592 307,3 575 462,313,361,1 831,1 120,16 279 632,428 154 212,423 140 889,150,151,mistral_table,mistral_table,no
1831,DUARTINA,86,307,128,26 164,438 766,434 298,100,112,321,169,1 827 386,37 137 851,36 818 050,150,151,mistral_table,mistral_table,no
1832,DUMONT,22,64,21,5 597,251 968,251 227,23,25,78,25,596 180,8 697 108,8 591 055,150,151,mistral_table,mistral_table,no
1833,ECHAPORA,20,60,23,4 567,108 579,108 429,25,26,60,24,540 670,11 977 568,11 769 966,150,151,mistral_table,mistral_table,no
1834,ELDORADO,42,88,40,4 871,82 411,82 411,38,38,92,37,956 190,10 843 026,10 840 626,150,151,mistral_table,mistral_table,no
1835,ELIAS FAUSTO,41,104,26,6 987,242 750,241 527,48,49,133,61,1 024 383,19 250 613,19 027 625,150,151,mistral_table,mistral_table,no
1836,EMBU-GUAÇU,79,242,85,22 272,453 213,451 404,126,127,388,159,1 667 952,33 527 188,33 434 613,150,151,mistral_table,mistral_table,no
1837,ESPIRITO SANTO DO PINHAL,234,905,342,80 989,2 045 313,2 042 238,305,328,1 386,630,11 040 854,943 300 441,894 343 625,150,151,mistral_table,mistral_table,no
1838,ESTRELA D'DESTE,46,147,69,12 358,274 631,274 163,39,48,174,97,1 047 771,24 540 484,24 418 652,150,151,mistral_table,mistral_table,no
1839,ESTRELA DO NORTE,11,21,2,930,31 919,31 919,10,10,25,10,89 961,3 342 801,3 342 801,150,151,mistral_table,mistral_table,no
1840,FARTURA,69,234,102,12 920,511 034,510 601,86,93,317,163,1 534 778,34 058 407,33 735 287,150,151,mistral_table,mistral_table,no
1841,FERNANDOPOLIS,401,1 957,840,197 937,3 985 830,3 957 152,423,476,2 333,1 330,19 102 013,446 623 305,443 898 985,150,151,mistral_table,mistral_table,no
1842,FERNANDO PRESTES,27,58,10,4 080,101 298,101 089,34,34,98,35,556 149,14 488 732,14 314 377,150,151,mistral_table,mistral_table,no
1843,FERRAZ DE VASCONCELOS,190,519,220,31 384,429 576,428 998,196,208,974,417,7 506 892,93 784 909,93 322 778,150,151,mistral_table,mistral_table,no
1844,FLORA RICA,11,26,1,591,8 307,8 307,13,13,24,-,75 301,1 511 415,1 511 415,152,153,mistral_table,mistral_table,no
1845,FLOREAL,22,64,18,4 474,85 982,85 320,23,22,88,51,1 053 405,8 088 611,8 053 646,152,153,mistral_table,mistral_table,no
1846,FLORIDA PAULISTA,62,208,80,14 991,265 739,264 376,79,83,255,103,1 430 140,26 683 239,26 224 522,152,153,mistral_table,mistral_table,no
1847,FLORINIA,14,46,12,3 192,101 940,101 448,11,12,45,29,385 922,65 101 878,62 320 849,152,153,mistral_table,mistral_table,no
1848,FRANCISCO MORATO,81,215,75,14 962,301 552,294 817,110,115,379,169,2 249 472,37 081 236,37 047 435,152,153,mistral_table,mistral_table,no
1849,FRANCO DA ROCHA,199,572,208,51 601,971 044,958 038,216,224,785,347,5 829 321,81 012 757,80 180 310,152,153,mistral_table,mistral_table,no
1850,GABRIEL MONTEIRO,14,38,3,1 418,29 226,29 084,14,14,30,4,83 239,3 010 284,3 004 960,152,153,mistral_table,mistral_table,no
1851,GALIA,45,139,65,11 324,196 817,196 817,39,42,142,70,703 811,13 190 679,12 600 515,152,153,mistral_table,mistral_table,no
1852,GARÇA,221,1 130,510,102 960,2 508 360,2 491 094,254,286,1 389,742,11 365 649,239 558 121,236 633 457,152,153,mistral_table,mistral_table,no
1853,GASTÃO VIDIGAL,24,67,7,4 431,51 984,51 692,27,29,51,4,250 362,4 813 530,4 740 366,152,153,mistral_table,mistral_table,no
1854,GENERAL SALGADO,62,163,57,11 129,248 182,247 582,67,71,217,121,1 079 241,26 482 166,26 167 086,152,153,mistral_table,mistral_table,no
1855,GETULINA,45,152,68,11 429,184 893,184 783,48,51,166,76,1 420 622,15 648 162,15 519 939,152,153,mistral_table,mistral_table,no
1856,GLICERIO,20,55,5,2 652,33 536,33 536,21,21,54,10,179 606,3 235 777,3 232 475,152,153,mistral_table,mistral_table,no
1857,GUAIÇARA,13,39,18,3 399,53 663,53 663,13,14,33,11,232 776,3 723 949,3 673 306,152,153,mistral_table,mistral_table,no
1858,GUAI MBE,18,59,22,3 882,92 644,92 603,20,21,92,13,503 807,7 527 480,7 509 230,152,153,mistral_table,mistral_table,no
1859,GUAIRA,197,836,311,81 843,2 575 395,2 551 627,221,245,1 062,526,8 772 049,337 444 793,335 282 719,152,153,mistral_table,mistral_table,no
1860,GUAPIAÇU,29,73,16,4 465,138 370,137 637,36,37,119,49,535 836,15 496 059,15 451 517,152,153,mistral_table,mistral_table,no
1861,GUAPIARA,67,174,33,10 705,222 683,222 459,80,82,173,56,1 135 763,22 323 306,22 320 651,152,153,mistral_table,mistral_table,no
1862,GUARA,122,264,58,13 987,284 008,282 437,156,163,280,58,1 318 023,30 837 077,30 719 102,152,153,mistral_table,mistral_table,no
1863,GUARAÇAI,42,151,63,11 289,286 094,285 496,40,45,176,99,1 283 130,27 294 814,26 035 058,152,153,mistral_table,mistral_table,no
1864,GUARACI,45,116,28,7 798,183 282,183 220,42,44,117,37,632 855,12 864 289,12 814 305,152,153,mistral_table,mistral_table,no
1865,GUARANI D'OESTE,33,101,22,4 177,109 641,109 488,40,41,96,12,293 826,8 563 333,8 542 223,152,153,mistral_table,mistral_table,no
1866,GUARANTÁ,19,69,37,3 879,88 347,87 835,18,18,61,27,290 378,6 771 665,6 735 843,152,153,mistral_table,mistral_table,no
1867,GUARARAPES,136,586,269,44 834,1 063 269,1 055 082,159,181,690,402,4 404 547,88 775 490,87 578 065,152,153,mistral_table,mistral_table,no
1868,GUARAREMA,76,164,50,13 960,282 633,275 887,132,133,280,93,1 692 608,25 498 807,25 460 545,152,153,mistral_table,mistral_table,no
1869,GUARATINGUETA,590,2 733,1 428,251 807,4 880 174,4 861 588,612,688,3 139,1 949,22 941 020,442 910 492,440 347 579,152,153,mistral_table,mistral_table,no
1870,GUAREI,39,88,8,2 234,72 850,72 805,50,51,118,35,426 100,10 920 725,10 910 110,152,153,mistral_table,mistral_table,no
1871,GUARIBA,86,316,140,28 163,812 290,809 609,96,102,433,232,3 854 106,153 098 059,152 901 246,152,153,mistral_table,mistral_table,no
1872,GUZOLANDIA,18,42,5,1 585,44 989,44 989,20,20,50,16,161 797,5 027 952,4 901 077,152,153,mistral_table,mistral_table,no
1873,HERCULANDIA,34,83,26,5 434,127 486,127 073,50,54,117,37,482 258,10 635 709,10 573 745,152,153,mistral_table,mistral_table,no
1874,IACANGA,46,151,40,8 102,159 104,159 071,48,52,149,54,689 066,12 937 116,12 889 910,152,153,mistral_table,mistral_table,no
1875,IACRI,27,72,18,4 671,101 229,101 130,25,25,107,38,614 060,10 762 951,10 149 517,152,153,mistral_table,mistral_table,no
1876,IBATE,52,154,55,10 786,255 424,254 924,67,70,279,126,1 762 267,27 226 993,26 041 474,152,153,mistral_table,mistral_table,no
1877,IBIRA,53,132,33,9 509,182 241,180 822,63,64,119,27,500 338,12 247 616,12 231 607,152,153,mistral_table,mistral_table,no
1878,IBIRAREMA,42,175,70,7 811,182 828,182 773,32,33,124,68,583 654,24 323 876,24 318 917,152,153,mistral_table,mistral_table,no
1879,IBITINGA,208,804,376,62 499,1 809 543,1 805 807,308,355,1 263,605,8 941 243,200 275 881,198 127 186,152,153,mistral_table,mistral_table,no
1880,IBIUNA,188,574,152,47 310,1 156 392,1 150 768,187,207,800,352,5 551 267,110 641 088,109 627 057,152,153,mistral_table,mistral_table,no
1881,ICEM,34,105,28,7 938,130 446,130 166,38,39,94,24,391 807,10 209 835,10 190 357,152,153,mistral_table,mistral_table,no
1882,IEPE,56,172,59,10 114,229 827,228 597,61,67,202,88,1 261 563,51 919 103,51 781 099,152,153,mistral_table,mistral_table,no
1883,IGARAÇU DO TIETE,46,155,66,11 743,237 540,267 029,51,62,235,139,1 741 219,32 909 153,32 891 853,152,153,mistral_table,mistral_table,no
1884,IGARAPAVA,188,567,208,50 297,1 527 999,1 520 260,216,230,745,367,4 219 266,92 907 881,89 201 231,152,153,mistral_table,mistral_table,no
1885,IGARATA,30,75,12,3 927,92 882,92 670,24,24,68,13,345 205,10 895 567,10 895 309,152,153,mistral_table,mistral_table,no
1886,IGUAPE,109,418,158,29 780,485 821,480 290,152,159,489,227,4 161 660,50 589 668,49 937 240,152,153,mistral_table,mistral_table,no
1887,ILHABELA,35,108,30,8 575,109 044,108 588,50,51,239,147,1 652 800,22 211 570,22 108 582,152,153,mistral_table,mistral_table,no
1888,INDAIATUBA,412,1 508,648,145 901,2 363 303,2 344 079,460,486,1 858,1 002,11 574 057,199 657 984,196 264 809,152,153,mistral_table,mistral_table,no
1889,INDIANA,33,79,12,4 498,63 711,63 711,25,27,63,15,296 112,5 253 866,5 253 866,154,155,mistral_table,mistral_table,no
1890,INDIAPORA,36,116,41,6 102,107 161,106 150,32,33,108,41,443 823,7 905 965,7 879 979,154,155,mistral_table,mistral_table,no
1891,INUBIA PAULISTA,12,50,23,2 956,103 555,103 555,18,18,74,39,258 042,15 987 201,15 830 360,154,155,mistral_table,mistral_table,no
1892,IPAUQU,58,180,80,13 875,354 017,350 073,59,62,163,73,1 060 652,26 823 076,26 557 443,154,155,mistral_table,mistral_table,no
1893,IPERO,32,73,19,3 821,44 697,44 259,29,31,70,21,415 602,5 311 006,5 275 314,154,155,mistral_table,mistral_table,no
1894,IPEUNA,10,24,4,1 811,31 716,31 637,10,11,20,2,110 387,11 370 243,11 355 942,154,155,mistral_table,mistral_table,no
1895,IPORANGA,19,30,-,1 492,22 593,22 494,21,21,32,4,126 886,1 921 392,1 921 392,154,155,mistral_table,mistral_table,no
1896,IPUA,55,160,46,12 102,247 668,245 819,54,60,158,65,738 360,22 776 890,22 669 073,154,155,mistral_table,mistral_table,no
1897,IRACEMAPOLIS,57,182,79,14 254,288 725,287 651,65,67,203,85,1 404 011,27 300 446,26 987 774,154,155,mistral_table,mistral_table,no
1898,IRAPUA,30,67,6,4 429,69 531,69 296,37,38,86,15,217 433,5 594 693,5 556 230,154,155,mistral_table,mistral_table,no
1899,IRAPURU,52,166,55,12 911,242 624,241 900,47,55,191,96,1 324 878,34 326 320,34 269 545,154,155,mistral_table,mistral_table,no
1900,ITABERA,118,247,35,9 547,253 018,251 428,95,103,234,74,1 631 305,42 217 918,41 638 437,154,155,mistral_table,mistral_table,no
1901,ITAI,76,242,67,15 447,533 173,532 549,85,88,310,167,1 494 643,38 663 631,38 647 207,154,155,mistral_table,mistral_table,no
1902,ITAJOB1,64,197,77,12 663,361 429,361 220,84,85,318,165,1 747 885,32 576 951,32 423 303,154,155,mistral_table,mistral_table,no
1903,ITAJU,8,23,4,1 463,19 591,19 216,9,9,21,3,84 553,663 711,602 498,154,155,mistral_table,mistral_table,no
1904,ITANHAEM,194,985,416,100 195,1 669 915,1 633 866,231,253,1 329,764,8 763 670,175 327 042,169 666 482,154,155,mistral_table,mistral_table,no
1905,ITAPECERICA DA SERRA,170,730,379,77 923,1 861 423,1 844 070,216,223,1 103,623,9 720 095,231 545 130,229 835 066,154,155,mistral_table,mistral_table,no
1906,ITAPEVA,372,1 499,662,108 649,2 604 497,2 592 483,406,445,1 937,1 168,12 788 406,291 562 780,290 428 494,154,155,mistral_table,mistral_table,no
1907,ITAPEVI,157,514,235,40 990,810 854,808 817,247,255,882,493,7 418 678,99 553 473,97 096 320,154,155,mistral_table,mistral_table,no
1908,ITAPIRA,310,1 284,486,115 818,1 897 655,1 881 177,380,409,1 497,720,10 991 605,236 721 235,216 483 567,154,155,mistral_table,mistral_table,no
1909,ITAPOLIS,190,607,235,52 184,1 445 295,1 430 951,246,272,969,461,5 962 695,180 198 312,178 749 218,154,155,mistral_table,mistral_table,no
1910,ITAPORANGA,170,405,125,21 686,556 164,555 768,161,171,451,170,2 044 053,42 332 945,41 913 895,154,155,mistral_table,mistral_table,no
1911,ITAPUI,55,157,47,14 300,247 033,244 691,58,60,164,56,1 129 428,11 984 146,11 498 440,154,155,mistral_table,mistral_table,no
1912,ITAPURA,13,39,18,2 345,35 368,35 368,13,13,37,8,199 821,2 888 103,2 856 217,154,155,mistral_table,mistral_table,no
1913,ITAQUAQUECETUBA,166,510,143,43 014,907 372,906 296,241,252,1 089,593,8 069 950,133 387 801,131 587 737,154,155,mistral_table,mistral_table,no
1914,ITARARE,315,1 346,772,91 331,1 947 499,1 934 570,291,317,1 250,739,7 737 496,185 990 698,184 720 353,154,155,mistral_table,mistral_table,no
1915,ITARIRI,46,170,64,14 616,295 955,294 452,47,49,160,68,1 006 592,18 034 027,17 811 825,154,155,mistral_table,mistral_table,no
1916,ITATIBA,344,1 307,567,132 210,3 169 194,3 154 706,402,446,1 795,939,14 037 024,306 139 140,303 518 397,154,155,mistral_table,mistral_table,no
1917,ITATINGA,58,155,48,11 986,261 389,261 216,68,69,172,48,814 576,26 613 172,26 473 502,154,155,mistral_table,mistral_table,no
1918,ITIRAPINA,53,167,54,10 513,251 268,243 007,55,57,177,76,1 039 755,23 287 925,22 894 750,154,155,mistral_table,mistral_table,no
1919,ITIRAPUA,21,38,6,2 838,59 474,59 474,28,29,48,10,369 700,5 729 146,5 729 146,154,155,mistral_table,mistral_table,no
1920,ITOBI,29,82,22,5 097,125 663,124 296,48,49,107,35,446 414,11 264 361,10 957 114,154,155,mistral_table,mistral_table,no
1921,ITU,490,2 452,1 229,272 530,5 623 402,5 588 324,538,588,3 457,2 192,26 519 291,550 787 873,546 525 308,154,155,mistral_table,mistral_table,no
1922,ITUPEVA,20,62,21,4 210,127 551,127 436,30,31,94,38,699 448,18 033 130,17 881 130,154,155,mistral_table,mistral_table,no
1923,ITUVERAYA,271,978,360,88 416,2 463 698,2 444 836,283,304,997,411,8 708 032,183 601 547,182 629 834,154,155,mistral_table,mistral_table,no
1924,JABORANDI,38,102,30,4 933,393 753,392 799,37,37,106,50,616 144,33 003 270,32 584 261,154,155,mistral_table,mistral_table,no
1925,JABOTICABAL,344,1 468,647,182 920,3 847 481,3 806 950,397,447,1 963,1 061,18 777 933,456 771 878,450 974 126,154,155,mistral_table,mistral_table,no
1926,JACI,16,36,3,2 086,35 335,35 264,14,16,39,7,163 465,2 749 004,2 749 004,154,155,mistral_table,mistral_table,no
1927,JACUPIRANGA,134,462,205,34 799,786 246,782 730,174,185,680,363,6 025 153,193 746 357,193 643 315,154,155,mistral_table,mistral_table,no
1928,,,,,,,,104,108,778,349,5 608 040,240 453 459,194 649 245,154,155,missing,mistral_table,yes
1929,JALES,326,1 358,578,107 888,2 411 788,2 393 091,367,411,1 862,961,11 608 581,258 909 997,249 836 075,154,155,mistral_table,mistral_table,no
1930,JAMBEIRO,14,19,-,1 411,18 109,18 109,11,11,24,2,63 254,1 298 365,1 298 365,154,155,mistral_table,mistral_table,no
1931,JANDIRA,110,387,155,32 075,430 416,427 077,90,96,414,225,5 503 382,84 697 869,84 436 327,154,155,mistral_table,mistral_table,no
1932,JARDINOPOLIS,155,571,206,53 646,883 994,875 844,209,214,870,334,7 600 984,109 831 316,103 272 683,154,155,mistral_table,mistral_table,no
1933,JARINU,32,94,38,7 493,109 795,109 672,42,42,121,52,790 157,12 048 816,11 998 898,154,155,mistral_table,mistral_table,no
1934,JAU,627,2 715,1 254,326 469,6 652 917,6 594 768,696,800,3 881,2 003,38 168 481,780 114 399,763 032 853,156,157,mistral_table,mistral_table,no
1935,JERIQUARA,10,19,2,1 895,31 150,31 068,19,19,31,5,202 525,3 625 012,3 625 012,156,157,mistral_table,mistral_table,no
1936,JOANOPOLIS,40,100,25,6 287,139 329,139 135,39,41,109,39,1 451 859,14 378 218,14 255 992,156,157,mistral_table,mistral_table,no
1937,JOÃO RAMALHO,8,12,2,993,20 828,20 824,6,6,13,5,85 871,2 530 048,2 530 048,156,157,mistral_table,mistral_table,no
1938,JOSE BONIFACIO,149,407,147,25 507,549 934,548 153,161,174,509,210,3 052 200,61 896 509,61 344 536,156,157,mistral_table,mistral_table,no
1939,JULIO MESQUITA,18,36,1,2 296,36 784,35 217,16,16,35,5,142 990,2 444 473,2 434 473,156,157,mistral_table,mistral_table,no
1940,JUNQUEIROPOLIS,126,540,267,45 978,873 093,866 258,124,144,503,234,5 064 294,80 521 045,80 347 311,156,157,mistral_table,mistral_table,no
1941,JUQUIA,57,270,116,21 460,385 829,385 285,81,87,303,175,1 647 756,32 446 846,32 073 157,156,157,mistral_table,mistral_table,no
1942,JUQUITIBA,82,209,60,13 464,483 137,482 675,81,83,266,112,1 782 669,39 775 387,39 671 580,156,157,mistral_table,mistral_table,no
1943,LAGOINHA,14,19,-,944,15 097,15 097,23,24,56,9,132 388,2 627 776,2 617 236,156,157,mistral_table,mistral_table,no
1944,LARANJAL PAULISTA,117,401,169,29 457,551 270,543 600,116,120,473,236,3 363 205,55 843 043,53 751 501,156,157,mistral_table,mistral_table,no
1945,LAVINIA,30,78,18,4 280,118 255,117 549,27,29,74,19,318 672,9 188 095,9 147 339,156,157,mistral_table,mistral_table,no
1946,LAVRINHAS,3,6,3,589,6 749,6 590,8,8,16,5,72 106,527 842,526 492,156,157,mistral_table,mistral_table,no
1947,LEME,352,1 376,719,113 371,2 111 835,2 101 679,422,458,1 783,884,13 962 788,323 050 894,320 774 374,156,157,mistral_table,mistral_table,no
1948,LENÇOIS PAULISTA,204,927,447,106 361,2 155 433,2 134 885,230,286,1 333,767,12 071 219,230 828 183,227 518 604,156,157,mistral_table,mistral_table,no
1949,LINDOIA,22,53,12,3 735,167 220,166 787,29,28,81,19,527 883,12 024 804,12 020 695,156,157,mistral_table,mistral_table,no
1950,LINS,336,2 038,1 131,226 191,4 480 429,4 444 616,376,431,2 618,1 626,22 095 009,406 748 488,400 227 118,156,157,mistral_table,mistral_table,no
1951,LORENA,384,1 482,783,114 608,2 308 486,2 296 701,407,451,1 888,1 112,12 578 112,244 097 501,243 061 046,156,157,mistral_table,mistral_table,no
1952,LOUVEIRA,45,267,141,31 570,744 430,738 381,62,67,289,168,1 875 321,36 093 718,35 691 851,156,157,mistral_table,mistral_table,no
1953,LUCELIA,88,441,228,38 882,1 081 255,1 078 019,96,107,520,318,4 606 249,133 879 826,130 689 524,156,157,mistral_table,mistral_table,no
1954,LUCIANOPOLIS,9,20,4,1 390,32 218,32 145,10,11,23,10,127 741,2 799 744,2 781 744,156,157,mistral_table,mistral_table,no
1955,LUIS ANTONIO,11,31,11,2 035,53 703,53 703,17,18,34,7,177 724,3 000 425,2 941 970,156,157,mistral_table,mistral_table,no
1956,LUIZIANIA,28,64,5,3 156,46 873,46 861,26,27,51,8,158 509,4 475 458,4 460 789,156,157,mistral_table,mistral_table,no
1957,LUPERCIO,12,28,10,2 328,38 405,37 767,11,14,33,13,167 297,3 660 099,3 660 099,156,157,mistral_table,mistral_table,no
1958,LUTECIA,13,28,4,1 605,37 437,37 072,15,16,25,1,105 244,3 951 220,3 937 246,156,157,mistral_table,mistral_table,no
1959,MACATUBA,44,162,99,18 200,498 848,498 534,42,53,223,161,1 773 086,47 656 072,47 630 607,156,157,mistral_table,mistral_table,no
1960,MACAUBAL,42,133,48,6 672,136 746,133 164,42,44,123,46,515 850,12 042 922,11 907 840,156,157,mistral_table,mistral_table,no
1961,MACEDONIA,13,41,17,2 251,44 526,44 276,11,11,25,11,175 263,3 004 897,2 981 389,156,157,mistral_table,mistral_table,no
1962,MAGDA,21,46,-,3 041,48 012,47 642,15,15,46,20,610 534,4 448 819,4 300 819,156,157,mistral_table,mistral_table,no
1963,MAIRINQUE,97,285,122,26 595,722 390,719 072,138,146,444,218,2 894 199,62 959 797,62 424 777,156,157,mistral_table,mistral_table,no
1964,MAIRIPORA,151,428,130,33 435,552 085,548 620,167,174,491,178,3 468 537,47 949 229,46 717 110,156,157,mistral_table,mistral_table,no
1965,MANDURI,30,281,28,35 720,221 766,210 245,34,35,227,47,1 197 984,14 713 539,14 588 739,156,157,mistral_table,mistral_table,no
1966,MARABA PAULISTA,8,17,2,706,18 596,18 596,12,12,27,4,99 342,1 678 613,1 647 712,156,157,mistral_table,mistral_table,no
1967,MARACAI,54,271,114,24 730,1 812 041,1 780 409,81,84,352,142,3 905 766,163 324 221,162 808 064,156,157,mistral_table,mistral_table,no
1968,MARIAPOLIS,24,73,6,1 273,36 066,36 066,22,22,44,14,118 838,5 977 618,5 977 618,156,157,mistral_table,mistral_table,no
1969,MARINOPOLIS,12,32,3,1 252,14 229,14 217,8,8,18,5,77 820,1 763 036,1 763 036,156,157,mistral_table,mistral_table,no
1970,MARTINOPOLIS,142,388,122,27 967,568 237,566 953,167,174,496,209,2 680 285,53 980 119,53 342 963,156,157,mistral_table,mistral_table,no
1971,MATÃO,195,894,460,103 039,1 938 443,1 930 015,254,290,1 718,1 092,15 292 671,324 512 341,318 965 498,156,157,mistral_table,mistral_table,no
1972,MENDONÇA,24,59,3,2 453,52 940,52 940,28,32,67,15,282 899,6 738 258,6 712 913,156,157,mistral_table,mistral_table,no
1973,MERIDIANO,22,36,-,1 730,29 475,29 472,18,18,38,“,206 123,3 034 163,3 034 163,156,157,mistral_table,mistral_table,no
1974,MIQUELOPOLIS,111,395,120,23 005,869 689,869 689,100,104,296,115,1 355 581,61 038 828,60 937 944,156,157,mistral_table,mistral_table,no
1975,MINEIROS DO TIETE,50,133,22,7 546,103 109,102 653,53,53,113,20,482 796,7 933 583,7 906 280,156,157,mistral_table,mistral_table,no
1976,MIRACATU,74,234,118,20 869,646 521,645 897,87,90,277,149,2 352 944,55 404 777,55 402 122,156,157,mistral_table,mistral_table,no
1977,MIRA ESTRELA,11,25,-,1 321,26 375,26 375,12,12,15,2,102 195,2 107 386,2 104 782,156,157,mistral_table,mistral_table,no
1978,MIRANDOPOLIS,152,709,344,63 105,1 267 140,1 252 680,163,190,842,508,5 957 822,112 095 671,110 768 233,156,157,mistral_table,mistral_table,no
1979,MIRANTE DO PARANAPANEMA,101,300,93,18 782,389 047,386 284,101,111,308,147,1 660 787,42 529 842,41 852 264,158,159,mistral_table,mistral_table,no
1980,MIRASSOL,202,857,416,92 456,5 252 023,5 219 300,227,260,1 245,656,11 507 426,700 762 630,700 123 510,158,159,mistral_table,mistral_table,no
1981,MIRASSOLANDIA,15,21,-,989,23 998,23 937,16,16,28,3,124 733,2 142 977,2 133 875,158,159,mistral_table,mistral_table,no
1982,MOCOCA,373,1 393,527,157 712,3 355 312,3 318 389,425,469,1 912,968,14 496 970,391 032 877,385 528 373,158,159,mistral_table,mistral_table,no
1983,MOJI-GUAÇU,471,1 708,561,143 049,2 940 010,2 905 032,648,692,2 299,1 077,15 946 265,295 653 909,291 633 955,158,159,mistral_table,mistral_table,no
1984,MOJI-MIRIM,349,1 855,892,215 749,3 863 764,3 845 559,417,457,2 447,1 409,20 655 340,501 772 076,495 682 637,158,159,mistral_table,mistral_table,no
1985,MOMBUCA,15,37,15,4 018,235 226,235 226,20,22,52,23,287 032,21 524 617,21 505 035,158,159,mistral_table,mistral_table,no
1986,MONÇÕES,17,35,1,1 492,18 723,18 723,15,16,24,4,87 653,2 369 157,2 369 062,158,159,mistral_table,mistral_table,no
1987,MONGAGUA,70,329,136,31 693,533 186,528 397,92,94,436,215,2 730 859,52 248 868,51 671 558,158,159,mistral_table,mistral_table,no
1988,MONTE ALEGRE DO SUL,23,55,12,3 748,74 388,74 341,32,32,62,12,270 693,6 402 618,6 366 629,158,159,mistral_table,mistral_table,no
1989,MONTE ALTO,251,1 130,429,98 651,1 699 541,1 689 533,232,250,1 266,717,8 082 983,157 793 242,156 352 405,158,159,mistral_table,mistral_table,no
1990,MONTE APRAZIVEL,108,365,97,29 330,650 213,647 969,136,141,484,197,3 159 714,59 181 887,58 815 615,158,159,mistral_table,mistral_table,no
1991,MONTE AZUL PAULISTA,77,334,110,27 399,652 253,642 661,109,121,444,235,3 142 368,164 316 682,160 971 130,158,159,mistral_table,mistral_table,no
1992,MONTE CASTELO,22,58,12,3 225,93 375,93 375,23,25,72,30,321 847,8 225 471,8 218 564,158,159,mistral_table,mistral_table,no
1993,MONTEIRO LOBATO,14,28,3,912,16 681,16 681,14,14,26,5,164 326,1 974 378,1 969 148,158,159,mistral_table,mistral_table,no
1994,MONTE MOR,72,223,74,22 491,438 807,432 715,82,83,277,122,2 542 437,37 743 583,37 637 362,158,159,mistral_table,mistral_table,no
1995,MORRO AGUDO,77,299,110,26 830,584 552,582 711,88,97,349,174,2 437 386,61 514 086,61 393 204,158,159,mistral_table,mistral_table,no
1996,MORUNGABA,32,62,13,5 079,123 118,122 916,42,43,122,35,1 077 983,20 085 782,19 871 837,158,159,mistral_table,mistral_table,no
1997,MURUTINGA DO SUL,26,89,28,6 075,82 529,82 019,23,24,63,15,245 333,4 766 750,4 762 615,158,159,mistral_table,mistral_table,no
1998,HARANDIBA,7,14,-,336,9 720,9 720,10,10,22,2,89 889,1 629 913,1 629 913,158,159,mistral_table,mistral_table,no
1999,NATIVIDADE DA SERRA,21,42,5,1 789,25 158,25 158,16,17,37,9,172 336,2 977 260,2 952 332,158,159,mistral_table,mistral_table,no
2000,NAZARE PAULISTA,56,105,9,7 755,119 837,119 837,66,66,119,20,655 666,11 125 891,11 104 578,158,159,mistral_table,mistral_table,no
2001,NEVES PAULISTA,47,129,31,8 700,209 660,204 863,59,60,193,64,1 230 399,17 780 352,17 611 379,158,159,mistral_table,mistral_table,no
2002,NHANDEARA,85,269,91,21 520,403 813,402 400,85,90,317,159,1 821 388,31 459 975,30 725 583,158,159,mistral_table,mistral_table,no
2003,NIPOÁ,11,26,1,1 136,11 203,10 899,16,16,33,5,81 439,2 180 790,2 158 790,158,159,mistral_table,mistral_table,no
2004,NOVA ALIANÇA,17,26,4,1 462,39 677,39 677,21,22,53,14,252 396,4 660 363,4 566 246,158,159,mistral_table,mistral_table,no
2005,NOVA EUROPA,23,52,11,3 498,99 810,99 810,37,37,113,34,464 422,9 366 687,9 281 295,158,159,mistral_table,mistral_table,no
2006,NOVA GRANADA,68,168,36,7 803,230 887,228 582,84,90,195,77,962 294,23 536 986,22 550 424,158,159,mistral_table,mistral_table,no
2007,NOVA GUATAPORANGA,10,21,4,844,34 726,34 713,9,9,14,3,66 559,2 084 476,2 084 476,158,159,mistral_table,mistral_table,no
2008,NOVA INDEPENDENCIA,10,35,1,843,14 805,14 805,13,13,29,2,77 391,1 649 541,1 649 265,158,159,mistral_table,mistral_table,no
2009,NOVA LUZITANIA,12,28,2,1 321,24 140,24 140,15,16,27,3,94 962,2 741 173,2 651 311,158,159,mistral_table,mistral_table,no
2010,NOVA ODESSA,92,393,237,37 603,703 035,699 133,136,145,733,450.,6 321 608,104 985 664,103 678 622,158,159,mistral_table,mistral_table,no
2011,NOVO HORIZONTE,209,688,233,55 174,1 281 336,1 272 067,221,241,888,459,5 575 004,117 139 512,112 684 810,158,159,mistral_table,mistral_table,no
2012,NUPORANGA,29,67,29,3 889,84 720,84 371,34,37,133,78,888 729,30 436 336,30 421 072,158,159,mistral_table,mistral_table,no
2013,OCAUÇU,17,42,11,2 356,53 127,53 051,19,20,75,37,507 969,10 608 195,9 544 576,158,159,mistral_table,mistral_table,no
2014,OLEO,12,24,2,975,18 056,18 056,16,17,35,3,123 630,2 030 626,2 024 584,158,159,mistral_table,mistral_table,no
2015,OLIMPIA,272,966,376,88 847,2 606 199,2 602 309,301,338,1 663,1 000,12 846 015,352 596 694,348 415 540,158,159,mistral_table,mistral_table,no
2016,ONDA VERDE,9,15,1,651,14 774,14 774,8,10,37,24,685 542,2 863 851,2 800 457,158,159,mistral_table,mistral_table,no
2017,ORIENTE,34,75,14,4 049,102 199,101 902,30,33,98,41,636 418,9 795 235,9 772 935,158,159,mistral_table,mistral_table,no
2018,ORINDIUVA,10,29,3,1 396,33 303,33 302,21,21,40,2,171 726,4 604 688,4 540 039,158,159,mistral_table,mistral_table,no
2019,ORLANDIA,189,1 022,350,133 899,4 352 184,4 303 414,228,259,1 625,825,19 816 812,442 815 436,439 778 371,158,159,mistral_table,mistral_table,no
2020,OSCAR BRESSANE,11,34,5,1 334,37 577,37 535,11,12,45,13,391 595,8 397 996,8 387 646,158,159,mistral_table,mistral_table,no
2021,OSVALDO CRUZ,153,833,420,74 875,1 418 628,1 408 118,166,194,908,535,7 019 710,129 912 020,127 906 202,158,159,mistral_table,mistral_table,no
2022,OURINHOS,542,2 563,1 433,281 803,13 626 137,13 549 662,609,678,4 052,2 394,38 210 730,1 585 715 995,1 562 363 919,158,159,mistral_table,mistral_table,no
2023,OURO VERDE,30,60,14,4 263,75 448,75 424,38,40,100,27,389 848,11 855 026,11 802 963,158,159,mistral_table,mistral_table,no
2024,PACAEMBU,79,301,134,25 968,545 411,538 764,77,89,305,162,2 706 277,59 125 471,58 533 109,160,161,mistral_table,mistral_table,no
2025,PALESTINA,58,165,43,8 097,172 333,171 503,61,65,183,62,972 456,17 743 232,17 589 502,160,161,mistral_table,mistral_table,no
2026,PALMARES PAULISTA,18,29,2,1 532,62 974,62 974,25,26,84,19,242 056,6 267 852,6 247 117,160,161,mistral_table,mistral_table,no
2027,PALMEIRA D'OESTE,100,293,73,17 234,277 681,274 838,98,107,331,134,2 686 228,34 672 580,34 447 076,160,161,mistral_table,mistral_table,no
2028,PALMITAL,115,443,202,31 791,664 466,653 862,102,113,423,253,2 796 176,76 196 749,74 814 561,160,161,mistral_table,mistral_table,no
2029,PANORAMA,49,112,27,7 373,144 353,143 308,56,58,170,72,762 292,17 369 217,17 300 148,160,161,mistral_table,mistral_table,no
2030,PARAGUAÇU PAULISTA,182,755,268,63 948,1 296 964,1 278 317,232,255,1 068,539,6 848 028,156 863 345,152 710 975,160,161,mistral_table,mistral_table,no
2031,PARAIBUNA,69,188,52,12 040,244 970,241 082,65,67,161,53,965 181,17 585 594,17 572 414,160,161,mistral_table,mistral_table,no
2032,PARAISO,21,71,16,5 642,119 075,118 288,35,35,118,32,615 540,12 666 024,12 460 188,160,161,mistral_table,mistral_table,no
2033,PARANAPANEMA,61,313,138,59 505,821 772,817 862,55,59,495,307,5 244 567,60 405 171,58 822 155,160,161,mistral_table,mistral_table,no
2034,PARANAPUÃ,29,75,29,3 546,160 838,160 608,33,34,111,37,556 853,12 640 633,12 598 021,160,161,mistral_table,mistral_table,no
2035,PARAPUÃ,50,169,62,15 083,422 517,421 322,42,51,218,130,2 090 154,59 747 307,59 053 253,160,161,mistral_table,mistral_table,no
2036,PARDINHO,20,62,30,5 765,391 547,388 861,13,13,66,41,547 077,34 591 456,32 864 606,160,161,mistral_table,mistral_table,no
2037,PARIQUERA-AÇU,40,144,54,12 420,247 926,242 957,50,52,209,109,1 658 254,34 961 692,30 892 636,160,161,mistral_table,mistral_table,no
2038,PATROCINIO PAULISTA,46,114,40,9 309,202 201,199 887,37,41,102,54,891 953,35 064 319,36 026 057,160,161,mistral_table,mistral_table,no
2039,PAULICEIA,8,37,6,3 124,298 452,291 185,11,11,24,8,121 301,3 342 977,3 342 977,160,161,mistral_table,mistral_table,no
2040,PAULINIA,109,742,385,137 246,42 315 267,42 217 723,124,157,1 460,938,25 241 020,3 314 778 754,3 284 683 313,160,161,mistral_table,mistral_table,no
2041,PAULO DE FARIA,32,116,46,4 858,180 807,178 886,49,55,135,45,594 396,12 900 425,12 811 595,160,161,mistral_table,mistral_table,no
2042,PEDERNEIRAS,160,569,261,44 634,1 355 627,1 338 671,199,215,665,325,4 550 124,114 617 263,112 351 213,160,161,mistral_table,mistral_table,no
2043,PEDRA BELA,25,42,-,1 657,33 047,33 047,25,25,54,20,223 062,2 030 033,2 030 033,160,161,mistral_table,mistral_table,no
2044,PEDRANDPOLIS,12,24,4,1 538,26 775,26 738,11,11,21,3,136 840,2 490 881,2 490 684,160,161,mistral_table,mistral_table,no
2045,PEDREGULHO,67,210,68,13 398,269 531,267 983,90,94,198,78,929 279,22 426 620,22 409 728,160,161,mistral_table,mistral_table,no
2046,PEDREIRA,157,993,287,53 902,977 271,968 930,156,168,684,386,5 118 772,92 699 072,91 734 011,160,161,mistral_table,mistral_table,no
2047,PEDRO DE TOLEDO,26,66,16,3 770,50 483,50 010,23,25,64,16,334 822,6 294 712,6 170 569,160,161,mistral_table,mistral_table,no
2048,PENAPOLIS,294,1 230,560,111 681,2 114 409,2 094 338,295,341,1 553,936,11 367 024,253 729 113,251 119 805,160,161,mistral_table,mistral_table,no
2049,PEREIRA BARRETO,303,1 221,599,105 673,1 911 916,1 895 978,279,310,1 326,769,10 553 818,179 967 642,177 190 265,160,161,mistral_table,mistral_table,no
2050,PEREIRAS,21,64,18,3 126,95 735,95 735,21,23,65,25,341 548,9 504 752,9 494 854,160,161,mistral_table,mistral_table,no
2051,PERUIBE,128,470,195,38 040,678 587,674 811,143,153,715,407,5 356 860,82 363 327,80 655 554,160,161,mistral_table,mistral_table,no
2052,PIACATU,28,87,13,4 674,86 849,86 547,34,35,113,24,330 101,5 482 974,5 437 229,160,161,mistral_table,mistral_table,no
2053,PIEDADE,215,763,312,57 916,1 841 415,1 833 483,261,286,1 074,489,8 397 473,226 102 512,225 149 458,160,161,mistral_table,mistral_table,no
2054,PILAR DO SUL,81,237,48,16 884,511 527,509 243,92,97,328,146,1 993 169,59 874 612,59 864 294,160,161,mistral_table,mistral_table,no
2055,PINDAMONHANGABA,343,1 574,826,135 560,2 928 715,2 912 612,433,470,2 114,1 176,13 607 763,260 485 764,255 082 909,160,161,mistral_table,mistral_table,no
2056,PINDORAMA,61,162,48,12 436,346 304,340 254,68,69,197,73,1 126 062,41 521 568,41 014 910,160,161,mistral_table,mistral_table,no
2057,PINHALZINHO,45,102,17,3 382,77 657,76 283,62,63,157,24,406 298,21 337 536,21 337 536,160,161,mistral_table,mistral_table,no
2058,PIQUEROBI,13,32,12,3 843,54 187,53 975,17,17,36,12,196 845,3 053 745,3 023 595,160,161,mistral_table,mistral_table,no
2059,PIQUETE,82,205,58,10 215,196 318,193 047,69,73,246,120,1 189 216,22 505 387,20 776 103,160,161,mistral_table,mistral_table,no
2060,PIRACAIA,77,163,46,10 748,213 942,212 767,111,113,246,79,1 127 023,24 439 604,24 368 345,160,161,mistral_table,mistral_table,no
2061,PIRAJU,192,817,328,71 001,1 494 548,1 490 289,201,219,1 017,527,7 541 807,162 149 127,158 640 500,160,161,mistral_table,mistral_table,no
2062,PIRAJUI,134,480,206,40 992,1 117 965,1 108 221,113,128,506,248,3 012 630,91 143 171,90 003 427,160,161,mistral_table,mistral_table,no
2063,PIRANGI,61,252,53,17 856,306 736,306 463,82,87,329,119,1 825 217,39 123 454,38 480 974,160,161,mistral_table,mistral_table,no
2064,PIRAPORA DO BOM JESUS,47,99,15,3 727,57 687,56 944,52,56,92,28,493 355,144 848 379,144 848 379,160,161,mistral_table,mistral_table,no
2065,PIRAPOZINHO,99,442,219,29 592,745 654,744 127,119,133,583,378,3 685 656,90 543 912,90 140 556,160,161,mistral_table,mistral_table,no
2066,PIRAÇUNUNGA,371,1 518,702,159 126,3 784 720,3 774 470,425,458,1 806,1 048,14 008 300,269 068 790,265 415 986,160,161,mistral_table,mistral_table,no
2067,PIRATININGA,38,119,49,11 546,238 077,237 840,46,47,110,27,770 554,13 398 849,13 239 215,160,161,mistral_table,mistral_table,no
2068,PITANQUEIRAS,135,379,96,27 023,442 261,439 524,130,134,430,178,2 479 826,52 584 488,52 358 813,160,161,mistral_table,mistral_table,no
2069,PLANALTO,30,69,2,3 140,48 934,48 934,28,28,72,9,307 079,4 636 112,4 636 112,162,163,mistral_table,mistral_table,no
2070,PLATINA,8,13,-,628,15 859,15 859,5,6,12,3,61 790,34 422 929,34 422 499,162,163,mistral_table,mistral_table,no
2071,POA,225,575,246,43 364,614 853,611 567,213,227,944,509,6 438 747,69 780 535,69 352 632,162,163,mistral_table,mistral_table,no
2072,POLONI,41,117,26,7 777,111 248,110 838,43,44,104,32,613 896,8 704 748,8 642 814,162,163,mistral_table,mistral_table,no
2073,POMPEIA,100,427,204,41 906,786 275,784 566,87,109,546,323,6 445 181,141 267 581,140 113 484,162,163,mistral_table,mistral_table,no
2074,PONGAI,17,50,12,3 272,17 034,77 034,20,21,68,20,433 243,11 074 394,11 038 744,162,163,mistral_table,mistral_table,no
2075,PONTAL,102,326,98,24 362,497 267,493 448,104,107,391,187,2 604 302,41 200 725,39 809 315,162,163,mistral_table,mistral_table,no
2076,PONTES GESTAL,10,26,6,1 160,18 472,17 876,10,11,19,5,61 791,1 820 668,1 819 509,162,163,mistral_table,mistral_table,no
2077,POPULINA,33,96,29,3 262,76 407,76 341,40,42,97,25,303 941,6 953 263,6 930 909,162,163,mistral_table,mistral_table,no
2078,PORANGABA,41,73,11,3 894,78 567,78 509,41,42,100,33,503 373,11 892 980,11 397 791,162,163,mistral_table,mistral_table,no
2079,PORTO FELIZ,212,662,250,56 766,1 189 877,1 182 647,216,235,797,404,4 993 641,99 581 985,99 242 932,162,163,mistral_table,mistral_table,no
2080,PORTO FERREIRA,318,1 069,407,77 472,1 437 114,1 421 383,313,340,1 103,471,6 578 030,139 296 164,138 182 303,162,163,mistral_table,mistral_table,no
2081,POTIRENDABA,79,174,24,7 532,180 746,180 604,97,98,187,33,829 866,17 169 643,17 149 732,162,163,mistral_table,mistral_table,no
2082,PRADOPOLIS,42,118,38,9 867,334 935,334 756,41,46,171,104,1 737 976,47 450 338,47 448 363,162,163,mistral_table,mistral_table,no
2083,PRAIA GRANDE,398,1 639,717,132 437,2 487 819,2 477 005,482,509,2 593,1 492,16 978 049,325 042 474,322 099 356,162,163,mistral_table,mistral_table,no
2084,PRESIDENTE ALVES,12,34,17,3 676,58 423,57 975,19,19,46,17,282 143,4 487 917,4 463 145,162,163,mistral_table,mistral_table,no
2085,PRESIDENTE BERNARDES,94,354,135,29 648,1 063 037,1 051 826,98,108,436,233,2 656 815,67 864 012,66 427 717,162,163,mistral_table,mistral_table,no
2086,PRESIDENTE EPITACIO,163,639,285,51 397,1 243 584,1 228 568,187,205,811,475,5 726 108,131 521 949,130 838 072,162,163,mistral_table,mistral_table,no
2087,PRESIDENTE VENCESLAU,279,1 079,478,82 986,2 187 357,2 171 566,301,341,1 485,745,10 332 604,202 078 466,197 462 987,162,163,mistral_table,mistral_table,no
2088,PROMISSÃO,107,536,270,46 198,962 744,941 440,99,111,648,454,5 331 795,175 146 702,173 851 997,162,163,mistral_table,mistral_table,no
2089,QUATA,58,154,53,9 033,171 416,171 342,64,69,159,73,786 372,32 226 814,32 226 814,162,163,mistral_table,mistral_table,no
2090,QUEIROZ,9,17,3,924,20 989,20 989,6,6,15,5,156 144,1 363 732,1 339 956,162,163,mistral_table,mistral_table,no
2091,QUELUZ,51,152,63,9 322,244 227,243 746,52,56,136,56,702 076,16 447 550,16 398 393,162,163,mistral_table,mistral_table,no
2092,QUINTANA,18,45,9,2 616,62 471,62 086,27,27,62,29,390 751,8 685 533,8 644 724,162,163,mistral_table,mistral_table,no
2093,RAFARO,35,95,35,8 104,160 623,160 562,51,51,170,61,1 032 630,18 276 206,18 172 282,162,163,mistral_table,mistral_table,no
2094,RANCHARIA,182,638,279,56 496,1 336 296,1 326 672,195,216,773,375,5 136 272,116 185 042,114 782 609,162,163,mistral_table,mistral_table,no
2095,REDENÇÃO DA SERRA,13,21,1,1 081,19 114,19 114,11,12,22,5,108 191,1 941 311,1 895 316,162,163,mistral_table,mistral_table,no
2096,REGENTE FEIJO,74,220,97,22 386,503 311,486 406,86,93,368,207,2 371 657,77 145 998,77 007 880,162,163,mistral_table,mistral_table,no
2097,REGINOPOLIS,30,88,27,5 538,115 959,115 654,27,29,80,27,441 170,9 007 034,8 952 702,162,163,mistral_table,mistral_table,no
2098,REGISTRO,250,1 135,528,108 050,2 163 249,2 141 865,281,323,1 711,1 111,11 997 335,222 544 029,217 008 448,162,163,mistral_table,mistral_table,no
2099,RESTINGA,11,16,3,1 428,20 679,20 678,9,9,14,3,88 232,2 631 875,2 631 875,162,163,mistral_table,mistral_table,no
2100,RIBEIRA,32,48,4,2 002,44 094,44 094,23,23,41,5,154 886,2 868 740,2 868 740,162,163,mistral_table,mistral_table,no
2101,RIBEIRÃO BONITO,51,116,25,13 897,172 334,172 054,72,74,151,27,594 775,12 977 668,12 793 386,162,163,mistral_table,mistral_table,no
2102,RIBEIRÃO BRANCO,38,77,10,2 457,62 175,62 082,32,36,78,27,372 623,6 920 974,6 912 102,162,163,mistral_table,mistral_table,no
2103,RIBEIRÃO CORRENTE,13,20,4,1 010,24 999,24 999,10,11,17,4,101 090,1 651 445,1 651 445,162,163,mistral_table,mistral_table,no
2104,RIBEIRÃO DO SUL,14,22,5,1 190,27 918,27 870,22,22,48,12,300 091,5 219 681,5 200 681,162,163,mistral_table,mistral_table,no
2105,RIBEIRÃO PIRES,219,1 044,582,114 485,2 316 513,2 310 357,319,338,1 515,907,12 939 600,205 199 175,203 094 957,162,163,mistral_table,mistral_table,no
2106,RIVERSUL,77,112,23,6 228,153 972,153 918,57,62,162,60,637 037,10 335 940,10 118 583,162,163,mistral_table,mistral_table,no
2107,RIFAINA,21,23,2,1 029,28 848,28 848,24,24,50,4,112 200,2 590 360,2 590 360,162,163,mistral_table,mistral_table,no
2108,RINÇÃO,48,127,47,8 649,238 433,238 302,56,59,213,120,1 104 068,19 665 222,19 241 487,162,163,mistral_table,mistral_table,no
2109,RINOPOLIS,72,251,106,19 265,288 289,286 661,59,65,271,139,1 731 177,30 589 672,30 494 732,162,163,mistral_table,mistral_table,no
2110,RIO DAS PEDRAS,82,257,101,26 865,502 679,500 758,109,117,403,159,2 698 913,41 136 365,40 104 099,162,163,mistral_table,mistral_table,no
2111,RIO GRANDE DA SERRA,31,114,40,7 384,141 874,141 411,52,54,162,77,1 005 179,13 100 669,12 822 202,162,163,mistral_table,mistral_table,no
2112,RIOLANDIA,40,109,35,4 365,127 453,124 682,51,52,135,45,577 206,19 646 884,18 567 025,162,163,mistral_table,mistral_table,no
2113,ROSEIRA,21,67,27,3 375,64 869,60 836,22,23,88,52,509 976,8 364 634,7 374 615,162,163,mistral_table,mistral_table,no
2114,RUBIACEA,7,22,11,1 803,25 203,25 203,11,11,20,6,75 231,1 823 381,1 812 439,164,165,mistral_table,mistral_table,no
2115,RUBINEIA,12,32,1,678,12 397,12 311,11,11,14,-,76 100,1 064 001,1 045 981,164,165,mistral_table,mistral_table,no
2116,SABINO,21,58,17,3 731,63 224,62 386,20,20,55,14,308 816,6 107 141,6 102 623,164,165,mistral_table,mistral_table,no
2117,SAGRES,6,8,2,599,6 942,6 942,10,10,19,1,80 295,1 375 822,1 375 822,164,165,mistral_table,mistral_table,no
2118,SALES,26,53,-,1 750,43 931,43 903,29,32,63,16,238 326,5 455 018,5 449 830,164,165,mistral_table,mistral_table,no
2119,SALES OLIVEIRA,39,118,27,6 945,141 672,141 326,42,42,136,67,909 265,12 297 803,11 852 875,164,165,mistral_table,mistral_table,no
2120,SALESÓPOLIS,74,143,21,8 860,303 305,303 259,86,88,307,63,1 386 539,41 764 224,41 717 478,164,165,mistral_table,mistral_table,no
2121,SALMOURÃO,15,31,6,2 849,42 672,42 608,19,19,52,22,483 137,6 505 511,5 745 511,164,165,mistral_table,mistral_table,no
2122,SALTO,279,965,422,105 849,1 640 950,1 636 139,309,328,1 323,753,16 092 871,291 077 632,287 802 052,164,165,mistral_table,mistral_table,no
2123,SALTO DE PIRAPORA,60,194,75,13 363,273 641,273 632,93,106,400,222,2 114 014,49 490 858,48 414 240,164,165,mistral_table,mistral_table,no
2124,SALTO GRANDE,28,65,10,3 037,60 498,60 301,40,40,104,27,779 341,26 153 032,26 050 070,164,165,mistral_table,mistral_table,no
2125,SANDOVALINA,6,12,-,315,4 733,4 733,10,11,18,3,51 292,830 488,830 488,164,165,mistral_table,mistral_table,no
2126,SANTA ADELIA,55,156,44,12 402,275 671,274 840,71,75,383,-213,3 631-300,467 191 137,465 178 492,164,165,mistral_table,mistral_table,no
2127,SANTA ALBERTINA,54,125,25,6 841,135 015,133 818,59,62,150,41,746 619,13 293 306,13 221 165,164,165,mistral_table,mistral_table,no
2128,SANTA BARBARA D'OESTE,383,1 343,607,1 241 927,2 108 682,2 094 679,493,542,1 894,919,14 737 118,218 902 453,217 280 398,164,165,mistral_table,mistral_table,no
2129,SANTA BRANCA,50,151,44,8 525,253 124,251 909,49,53,239,60,1 550 439,17 703 892,16 687 107,164,165,mistral_table,mistral_table,no
2130,SANTA CLARA D'OESTE,15,22,1,871,26 478,26 214,18,18,41,1,147 650,2 203 227,2 185 856,164,165,mistral_table,mistral_table,no
2131,SANTA CRUZ DA CONCEIÇÃO,10,30,12,2 622,44 958,44 520,10,10,25,9,261 629,4 342 964,4 330 951,164,165,mistral_table,mistral_table,no
2132,SANTA CRUZ DAS PALMEIRAS,146,507,202,38 765,1 353 716,1 334 573,161,172,674,345,3 817 024,103 209 261,101 787 539,164,165,mistral_table,mistral_table,no
2133,SANTA CRUZ DO RIO PARDO,237,810,306,1 106 315,1 305 322,1 301 341,289,308,1 218,574,8 530 530,221 078 592,219 674 061,164,165,mistral_table,mistral_table,no
2134,SANTA ERNESTINA,18,69,30,3 721,44 586,44 586,26,26,56,15,360 403,6 139 007,5 968 007,164,165,mistral_table,mistral_table,no
2135,SANTA FE DO SUL,197,792,352,59 133,1 380 297,1 369 082,209,228,946,538,6 684 535,138 026 533,136 626 208,164,165,mistral_table,mistral_table,no
2136,SANTA GERTRUDES,60,146,49,8 586,182 834,182 834,63,64,140,55,777 303,14 620 729,14 563 116,164,165,mistral_table,mistral_table,no
2137,SANTA ISABEL,139,382,130,32 249,618 663,608 735,176,185,507,189,3 479 207,40 668 452,40 247 729,164,165,mistral_table,mistral_table,no
2138,SANTA LUCIA,21,55,23,4 902,63 608,63 166,21,25,61,20,337 821,5 030 095,4 773 717,164,165,mistral_table,mistral_table,no
2139,SANTA MARIA DA SERRA,13,30,7,1 964,53 848,53 848,21,21,54,6,293 213,6 120 884,5 833 972,164,165,mistral_table,mistral_table,no
2140,SANTA MERCEDES,18,40,1,2 171,20 164,20 164,12,12,23,3,72 708,1 478 627,1 478 627,164,165,mistral_table,mistral_table,no
2141,SANTANA DA PONTE PENSA,12,29,4,1 028,19 957,19 814,11,11,27,6,155 559,2 241 326,2 227 628,164,165,mistral_table,mistral_table,no
2142,SANTANA DE PARNAIBA,23,119,72,10 674,228 082,228 082,43,43,281,176,2 212 634,98 090 051,95 651 978,164,165,mistral_table,mistral_table,no
2143,SANTA RITA D'OESTE,17,46,10,1 558,29 062,28 994,17,17,30,5,109 086,2 130 324,2 117 854,164,165,mistral_table,mistral_table,no
2144,SANTA RITA DO PASSA QUATRO,160,481,161,36 774,923 928,920 487,169,181,555,259,3 246 249,77 290 554,76 882 209,164,165,mistral_table,mistral_table,no
2145,SANTA ROSA DE VITERBO,117,299,112,21 593,374 494,370 201,121,131,332,146,1 729 438,34 083 323,33 810 351,164,165,mistral_table,mistral_table,no
2146,SANTO ANASTÁCIO,154,584,256,45 696,918 596,914 355,165,178,603,322,3 933 505,67 058 252,66 222 101,164,165,mistral_table,mistral_table,no
2147,SANTO ANTONIO DA ALEGRIA,30,76,13,4 064,113 700,113 206,31,32,74,16,387 497,12 132 885,12 120 262,164,165,mistral_table,mistral_table,no
2148,SANTO ANTONIO DE POSSE,72,230,98,15 977,300 659,300 197,74,77,247,116,1 272 793,27 571 270,27 397 342,164,165,mistral_table,mistral_table,no
2149,SANTO ANTONIO DO JARDIM,15,43,14,4 068,77 537,76 737,28,28,83,15,742 180,52 695 003,52 672 676,164,165,mistral_table,mistral_table,no
2150,SANTO ANTONIO DO PINHAL,23,34,7,2 339,47 194,46 923,21,21,41,16,172 461,4 497 548,4 433 505,164,165,mistral_table,mistral_table,no
2151,SANTO EXPEDITO,12,21,-,801,17 760,17 725,13,13,19,2,92 876,1 385 119,1 385 119,164,165,mistral_table,mistral_table,no
2152,SANTOPOLIS DO AGUAPEI,26,77,28,4 024,183 871,183 274,27,28,67,15,416 282,15 126 653,15 099 727,164,165,mistral_table,mistral_table,no
2153,SÃO BENTO DO SAPUCAI,52,115,34,8 147,163 140,155 297,50,53,110,40,515 445,12 023 609,12 003 679,164,165,mistral_table,mistral_table,no
2154,SÃO FRANCISCO,29,53,4,2 771,38 456,38 384,26,26,41,1,126 662,3 780 840,3 780 840,164,165,mistral_table,mistral_table,no
2155,SÃO JOÃO DA BOA VISTA,507,2 207,974,221 575,5 287 744,5 266 549,595,642,3 301,1 914,25 709 261,745 513 433,732 603 860,164,165,mistral_table,mistral_table,no
2156,SÃO JOÃO DAS DUAS PONTES,19,36,1,1 568,30 433,30 309,13,13,28,2,114 108,2 452 666,2 346 191,164,165,mistral_table,mistral_table,no
2157,SÃO JOÃO DO PAU D'ALHO,24,57,12,2 216,58 401,58 174,16,17,45,18,201 940,6 702 964,6 691 863,164,165,mistral_table,mistral_table,no
2158,SÃO JOAQUIM DA BARRA,227,896,395,74 042,1 827 005,1 824 161,232,259,974,442,7 267 868,135 699 939,132 467 304,164,165,mistral_table,mistral_table,no
2159,SÃO JOSE DA BELA VISTA,35,75,6,5 075,98 878,98 878,43,46,75,18,382 428,11 702 969,11 436 390,166,167,mistral_table,mistral_table,no
2160,SÃO JOSE DO BARREIRO,27,51,1,2 238,30 402,30 212,19,20,33,-,63 812,1 911 768,1 911 768,166,167,mistral_table,mistral_table,no
2161,SÃO JOSE DO RIO PARDO,328,1 118,445,101 524,2 533 580,2 510 251,346,367,1 423,685,9 622 437,250 069 159,247 895 121,166,167,mistral_table,mistral_table,no
2162,SÃO LUIS DO PARAITINGA,60,124,16,5 609,91 079,90 856,61,64,154,46,939 106,9 699 236,9 688 584,166,167,mistral_table,mistral_table,no
2163,SÃO MANUEL,206,731,275,50 953,1 321 239,1 315 976,197,212,790,443,6 572 299,175 924 090,173 524 847,166,167,mistral_table,mistral_table,no
2164,SÃO MIGUEL ARCANJO,101,285,66,26 899,576 172,573 073,123,127,341,124,1 991 979,55 211 437,54 543 961,166,167,mistral_table,mistral_table,no
2165,SÃO PEDRO,128,377,113,25 423,537 681,537 054,132,140,406,168,2 390 615,49 959 784,49 014 547,166,167,mistral_table,mistral_table,no
2166,SÃO PEDRO DO TURVO,36,74,7,3 665,64 177,64 071,39,40,95,19,486 468,6 322 213,6 305 539,166,167,mistral_table,mistral_table,no
2167,SÃO ROQUE,240,1 156,505,103 302,2 259 658,2 252 665,282,300,1 309,708,11 077 603,185 797 636,184 499 441,166,167,mistral_table,mistral_table,no
2168,SÃO SEBASTIÃO,161,668,331,70 110,1 267 819,1 259 122,186,207,901,492,6 353 583,124 200 320,123 553 517,166,167,mistral_table,mistral_table,no
2169,SÃO SEBASTIÃO DA GRAMA,114,305,89,21 130,554 134,553 819,115,119,307,134,2 248 914,65 080 122,64 546 895,166,167,mistral_table,mistral_table,no
2170,SÃO SIMÃO,74,283,126,22 399,408 355,406 758,79,85,361,184,1 936 930,37 581 693,37 207 246,166,167,mistral_table,mistral_table,no
2171,SARAPUI,37,84,7,2 401,65 803,65 528,40,40,115,31,342 622,5 760 343,5 657 821,166,167,mistral_table,mistral_table,no
2172,SARUTAIA,15,31,6,2 176,36 412,36 360,12,13,30,6,104 903,2 273 345,2 271 465,166,167,mistral_table,mistral_table,no
2173,SEBASTIANDPOLIS DO SUL,10,24,3,1 194,19 008,18 702,14,14,44,4,77 800,3 200 317,3 157 817,166,167,mistral_table,mistral_table,no
2174,SERRA AZUL,33,91,6,2 953,66 158,66 158,15,16,41,15,279 962,5 160 121,5 160 121,166,167,mistral_table,mistral_table,no
2175,SERRANA,96,268,79,17 943,320 917,320 562,114,129,293,97,1 506 928,34 563 469,34 463 840,166,167,mistral_table,mistral_table,no
2176,SERRA NEGRA,227,629,171,45 274,853 370,844 176,280,295,803,290,4 034 099,87 107 468,86 970 512,166,167,mistral_table,mistral_table,no
2177,SERTÃOZINHO,384,1 506,604,152 056,3 707 833,3 632 359,442,514,2 738,1 381,27 346 535,549 769 774,535 951 014,166,167,mistral_table,mistral_table,no
2178,SETE BARRAS,34,117,46,8 015,141 624,139 335,46,47,138,55,726 894,11 932 146,11 920 346,166,167,mistral_table,mistral_table,no
2179,SEVERINIA,46,87,28,6 800,167 749,160 732,62,65,152,54,818 111,14 846 860,14 363 133,166,167,mistral_table,mistral_table,no
2180,SILVEIRAS,21,35,8,1 314,24 607,24 302,17,17,28,4,99 817,1 704 860,1 623 662,166,167,mistral_table,mistral_table,no
2181,SOCORRO,243,549,122,36 830,695 381,689 678,248,254,602,164,4 144 153,80 150 958,79 688 147,166,167,mistral_table,mistral_table,no
2182,SUD MENUCCI,25,58,10,4 744,89 483,89 396,35,35,69,19,379 742,10 293 816,10 256 343,166,167,mistral_table,mistral_table,no
2183,TABAPUÁ,59,134,30,8 937,180 395,180 259,70,72,207,96,1 061 585,15 732 464,15 565 098,166,167,mistral_table,mistral_table,no
2184,TABATINGA,48,158,55,10 773,239 169,236 881,65,68,235,108,1 366 763,31 703 529,31 595 123,166,167,mistral_table,mistral_table,no
2185,TACIBA,17,40,6,1 464,43 224,43 224,18,19,79,52,985 057,4 664 746,4 107 206,166,167,mistral_table,mistral_table,no
2186,TAGUAI,30,82,16,3 499,131 096,131 096,26,29,126,54,626 434,12 616 248,12 337 116,166,167,mistral_table,mistral_table,no
2187,TAIAÇU,28,90,17,5 935,93 112,92 835,30,32,90,44,483 240,12 170 818,12 160 805,166,167,mistral_table,mistral_table,no
2188,TAIUVA,45,120,30,6 412,130 963,130 499,52,55,167,66,781 518,14 188 871,14 188 871,166,167,mistral_table,mistral_table,no
2189,TAMBAU,119,388,145,22 822,559 282,556 594,108,116,399,200,2 512 761,51 152 826,50 874 970,166,167,mistral_table,mistral_table,no
2190,TANABI,129,566,215,49 181,950 894,947 059,126,136,628,368,5 513 704,80 449 187,79 988 771,166,167,mistral_table,mistral_table,no
2191,TAPIRAI,17,44,13,2 272,67 536,67 064,23,23,59,26,453 226,7 562 767,7 550 235,166,167,mistral_table,mistral_table,no
2192,TAPIRATIBA,61,158,51,11 183,174 116,174 034,60,64,182,80,1 175 943,26 671 052,26 670 900,166,167,mistral_table,mistral_table,no
2193,TAQUARITINGA,309,1 181,525,98 483,2 277 984,2 261 882,326,366,1 671,1 002,11 453 337,229 988 517,228 138 345,166,167,mistral_table,mistral_table,no
2194,TAQUARITUBA,112,402,149,25 628,813 884,810 312,148,156,531,255,2 901 735,65 952 635,65 540 293,166,167,mistral_table,mistral_table,no
2195,TARABAI,19,33,3,1 785,37 942,37 905,17,17,32,8,157 073,3 506 689,3 506 689,166,167,mistral_table,mistral_table,no
2196,TATUI,449,1 589,728,132 570,2 836 236,2 827 182,468,507,2 212,1 268,15 821 769,320 436 561,316 568 230,166,167,mistral_table,mistral_table,no
2197,TEJUPA,13,34,8,1 541,25 121,25 073,11,11,36,10,154 852,2 595 442,2 589 418,166,167,mistral_table,mistral_table,no
2198,TEODORO SAMPAIO,154,397,91,24 896,463 432,462 703,218,234,658,219,2 997 060,62 783 534,62 252 811,166,167,mistral_table,mistral_table,no
2199,TERRA ROXA,40,171,46,17 496,558 650,555 557,48,50,159,53,1 358 438,18 001 601,17 882 866,166,167,mistral_table,mistral_table,no
2200,TIETE,202,803,258,86 523,1 774 659,1 767 031,208,218,876,416,8 608 729,156 822 512,155 903 435,166,167,mistral_table,mistral_table,no
2201,TIMBURI,13,30,7,2 195,35 263,35 263,14,15,31,9,146 866,3 593 772,3 586 818,166,167,mistral_table,mistral_table,no
2202,TORRINHA,57,112,18,4 731,134 036,133 467,69,70,144,35,698 356,19 246 367,19 223 081,166,167,mistral_table,mistral_table,no
2203,TREMEMBE,53,139,26,10 136,198 286,197 836,58,60,194,79,1 287 876,31 521 747,31 265 875,166,167,mistral_table,mistral_table,no
2204,TRES FRONTEIRAS,34,109,20,3 019,71 341,71 246,34,35,68,21,339 108,8 288 345,8 180 524,168,169,mistral_table,mistral_table,no
2205,TUPÁ,458,2 005,1 042,188 590,3 996 376,3 972 261,479,534,2 569,1 505,19 002 548,397 364 449,389 310 396,168,169,mistral_table,mistral_table,no
2206,TUPI PAULISTA,89,459,265,36 110,651 052,649 440,112,128,524,329,3 320 613,66 592 236,66 105 382,168,169,mistral_table,mistral_table,no
2207,TURIUBA,20,45,3,3 990,29 551,29 455,22,24,46,6,222 000,4 087 956,4 008 515,168,169,mistral_table,mistral_table,no
2208,TURMALINA,15,22,1,1 507,18 296,18 296,15,15,18,3,89 951,2 071 284,2 071 284,168,169,mistral_table,mistral_table,no
2209,UBATUBA,186,759,366,56 036,1 244 779,1 234 848,325,358,1 550,877,9 167 080,160 240 344,158 683 635,168,169,mistral_table,mistral_table,no
2210,UBIRAJARA,20,47,3,2 850,38 791,38 741,29,28,48,12,222 025,4 294 873,4 239 147,168,169,mistral_table,mistral_table,no
2211,UCHOA,46,165,49,7 857,172 191,171 492,50,51,126,20,487 140,10 552 738,10 515 220,168,169,mistral_table,mistral_table,no
2212,UNIÃO PAULISTA,7,15,-,708,6 144,6 132,8,8,17,1,100 246,740 326,740 326,168,169,mistral_table,mistral_table,no
2213,URANIA,83,216,47,10 760,213 734,213 050,85,91,202,65,991 754,19 624 780,19 475 905,168,169,mistral_table,mistral_table,no
2214,URU,8,10,1,480,4 479,4 479,7,7,10,2,51 898,879 548,879 548,168,169,mistral_table,mistral_table,no
2215,URUPES,82,208,65,15 734,278 311,277 417,99,103,321,122,1 863 674,24 937 033,24 869 170,168,169,mistral_table,mistral_table,no
2216,VALENTIM GENTIL,34,88,23,5 630,96 546,96 481,31,32,102,31,396 106,8 038 731,8 027 916,168,169,mistral_table,mistral_table,no
2217,VALINHOS,223,1 257,584,169 378,3 163 133,3 134 162,284,320,1 729,1 029,14 462 730,247 545 952,242 582 441,168,169,mistral_table,mistral_table,no
2218,VALPARAISO,84,283,129,19 266,353 383,351 730,93,104,345,178,1 924 521,37 048 498,36 510 260,168,169,mistral_table,mistral_table,no
2219,VARGEM GRANDE DO SUL,176,496,186,39 715,838 726,835 287,238,251,814,376,4 760 795,108 899 404,108 720 726,168,169,mistral_table,mistral_table,no
2220,VARGEM GRANDE PAULISTA,-,-,-,-,-,-,60,67,513,246,4 006 051,51 780 423,51 658 528,168,169,mistral_table,mistral_table,no
2221,VARZEA PAULISTA,77,355,163,32 561,658 607,657 069,97,103,535,299,3 436 987,65 615 799,65 418 546,168,169,mistral_table,mistral_table,no
2222,VERA CRUZ,53,169,62,13 045,228 770,221 484,54,65,292,167,1 967 910,32 839 943,29 968 128,168,169,mistral_table,mistral_table,no
2223,VINHEDO,118,540,227,78 316,1 422 787,1 405 390,143,157,898,581,8 218 692,169 685 696,166 481 815,168,169,mistral_table,mistral_table,no
2224,VIRADOURO,77,252,88,16 754,414 502,412 193,87,91,323,159,2 723 049,38 961 778,38 483 625,168,169,mistral_table,mistral_table,no
2225,VISTA ALEGRE DO ALTO,29,141,38,10 497,130 271,118 548,36,40,180,91,1 209 247,17 085 747,16 910 195,168,169,mistral_table,mistral_table,no
2226,VOTORANTIM,159,549,265,51 562,968 245,967 469,257,277,1 042,418,6 496 418,513 299 857,508 538 281,168,169,mistral_table,mistral_table,no
2227,VOTUPORANGA,398,1 644,886,193 460,5 792 609,5 774 966,431,481,2 660,1 490,20 757 975,424 209 790,418 106 497,168,169,mistral_table,mistral_table,no
2228,CHAVANTES,66,185,66,15 964,226 991,226 764,62,65,158,64,881 693,16 359 220,15 996 217,168,169,mistral_table,mistral_table,no
