order_number,entry,establishments_1980,personnel_total_1980,personnel_linked_to_production_1980,salaries_withdrawals_other_compensation_1980_mil_cruzeiros,gross_production_value_1980_mil_cruzeiros,industrial_transformation_value_1980_mil_cruzeiros,companies_headquartered_in_municipality_1985,establishments_1985,personnel_total_1985,personnel_linked_to_production_1985,salaries_withdrawals_other_compensation_1985_mil_cruzeiros,gross_production_value_1985_mil_cruzeiros,industrial_transformation_value_1985_mil_cruzeiros,source_page_1980,source_page_1985,left_extraction_method,right_extraction_method,needs_review
1,BRASIL,226 306,5 720 006,4 196 989,1 041 218 082,10 204 222 502,4 307 628 522,175 652,207 157,5 608 704,4 217 212,96 449 248 431,1 132 811 769 037,523 906 798 448,4,5,mistral_table,mistral_table,no
2,EXTRATIVA MINERAL,4 837,110 044,72 463,26 949 370,208 088 815,147 834 407,1 992,2 973,107 376,78 800,2 555 001 300,52 933 461 376,45 991 056 589,4,5,mistral_table,mistral_table,no
3,TRANSFORMAÇÃO,220 788,5 562 241,4 083 604,996 691 627,9 966 396 527,4 133 054 310,173 660,204 184,5 501 328,4 138 412,93 894 247 131,1 079 878 307 661,477 915 741 859,4,5,mistral_table,mistral_table,no
4,NÃO METALICOS,35 501,444 372,323 845,54 725 509,425 494 952,233 650 607,26 843,28 974,365 643,275 855,4 102 263 245,33 178 100 772,20 522 941 485,4,5,mistral_table,mistral_table,no
5,METALURGICA,19 948,641 546,471 734,132 735 895,1 396 560 294,480 266 548,16 621,18 964,565 036,427 914,11 262 003 136,150 493 933 516,58 369 855 703,4,5,mistral_table,mistral_table,no
6,MECANICA,12 412,602 453,474 576,156 492 359,762 640 905,419 766 672,1 667,11 088,552 163,440 962,13 807 905 147,73 502 013 185,43 967 909 665,4,5,mistral_table,mistral_table,no
7,MATERIAL ELETRICO,4 658,297 378,216 147,66 972 713,542 665 099,288 072 659,3 047,4 573,315 767,230 731,7 465 297 562,62 253 200 015,36 151 456 103,4,5,mistral_table,mistral_table,no
8,TRANSPORTE,4 526,344 750,250 189,88 039 736,776 469 693,307 866 236,3 361,4 184,341 621,257 925,9 025 553 049,79 384 244 141,30 715 409 051,4,5,mistral_table,mistral_table,no
9,MADEIRA,20 873,274 247,208 640,26 599 319,201 203 067,108 703 501,15 677,17 129,218 059,174 875,1 799 927 984,13 412 764 399,7 566 235 042,4,5,mistral_table,mistral_table,no
10,MOBILIARIO,13 750,186 686,140 588,20 939 585,145 723 460,73 500 928,12 845,13 759,186 467,147 126,1 708 471 024,12 946 086 093,6 844 398 486,4,5,mistral_table,mistral_table,no
11,PAPEL E PAPELÃO,2 151,130 018,91 562,24 936 128,264 220 323,114 495 098,1 317,2 107,132 948,98 957,2 739 039 127,30 119 138 254,14 015 403 745,4,5,mistral_table,mistral_table,no
12,BORRACHA,1 519,64 765,49 942,13 686 227,149 210 017,51 953 533,1 056,1 421,71 656,53 447,1 667 459 058,17 788 912 485,8 805 459 453,4,5,mistral_table,mistral_table,no
13,COUROS E PELES,1 509,45 317,36 536,5 879 184,48 600 831,19 567 217,1 347,1 604,53 849,46 762,566 342 126,6 575 937 764,2 874 318 104,4,5,mistral_table,mistral_table,no
14,QUÍMICA,4 774,222 118,121 129,60 644 941,1 766 457 710,601 354 695,2 301,5 066,287 742,165 442,9 414 992 805,224 533 790 108,82 797 136 577,4,5,mistral_table,mistral_table,no
15,FARMACÊUTICA,1 122,54 426,26 814,16 691 111,107 267 595,66 020 199,433,930,49 058,24 282,1 454 315 316,12 577 172 729,8 071 471 641,4,5,mistral_table,mistral_table,no
16,PERFUMARIA,1 113,36 239,20 271,8 352 570,84 004 488,35 280 355,878,1 140,36 807,20 378,786 075 086,9 003 398 412,4 264 068 676,4,5,mistral_table,mistral_table,no
17,MATS. PLASTICAS,3 147,135 681,102 573,21 926 260,196 638 919,94 709 899,2 274,2 875,146 151,115 791,2 122 145 884,20 831 679 939,10 712 834 597,4,5,mistral_table,mistral_table,no
18,TEXTIL,7 177,417 750,348 224,58 695 563,634 946 815,257 835 863,3 814,5 570,351 360,296 196,4 501 530 660,61 887 669 456,28 434 008 601,4,5,mistral_table,mistral_table,no
19,VESTUÁRIO,20 571,492 863,410 530,48 172 080,377 802 507,195 750 623,21 688,23 200,655 234,560 662,5 552 313 929,47 485 497 411,24 748 660 004,4,5,mistral_table,mistral_table,no
20,ALIMENTARES,46 662,724 213,490 214,86 311 627,1 580 985 683,479 457 327,36 690,43 034,733 199,505 698,8 555 562 476,172 320 771 707,57 405 540 462,4,5,mistral_table,mistral_table,no
21,BEBIDAS,3 216,77 021,46 092,14 218 331,112 006 572,55 559 135,2 189,2 798,77 167,47 725,1 261 270 854,11 485 924 889,5 936 149 714,4,5,mistral_table,mistral_table,no
22,FUMO,560,29 527,21 772,7 006 654,59 696 264,31 462 531,143,434,27 924,15 990,725 922 476,6 378 669 516,3 637 174 155,4,5,mistral_table,mistral_table,no
23,GRAFICA,9 081,169 883,101 427,34 415 147,156 882 437,103 891 041,8 008,9 053,164 523,101 721,2 828 278 608,14 448 553 199,9 278 233 948,4,5,mistral_table,mistral_table,no
24,DIVERSAS,6 518,170 988,128 197,29 050 688,176 918 866,109 864 243,5 261,6 181,168 954,129 973,2 517 577 579,19 470 879 671,12 797 179 447,4,5,mistral_table,mistral_table,no
25,REGIÃO SUDESTE,121 315,3 800 977,2 755 619,799 178 645,7 405 615 624,3 137 645 867,84 472,103 154,3 598 424,2 658 688,72 367 032 366,778 184 205 861,349 855 401 326,4,5,mistral_table,mistral_table,no
26,EXTRATIVA MINERAL,2 578,52 891,32 375,14 065 466,127 408 597,88 520 669,1 074,1 655,43 768,30 371,1 120 673 126,15 122 474 743,11 331 388 537,4,5,mistral_table,mistral_table,no
27,TRANSFORMAÇÃO,118 198,3 705 815,2 686 954,768 689 443,7 350 571 966,3 024 217 027,83 398,101 499,3 554 656,2 628 317,71 246 359 240,763 061 731 118,338 524 012 789,4,5,mistral_table,mistral_table,no
28,NÃO METALICOS,14 849,248 604,180 178,37 414 338,278 825 013,151 749 663,9 154,10 410,195 729,147 261,2 752 218 147,21 830 412 291,13 338 138 879,4,5,mistral_table,mistral_table,no
29,METALURGICA,13 509,514 386,377 954,114 543 229,219 502 130,409 426 425,9 817,11 577,449 002,341 232,9 570 767 310,129 874 940 605,49 191 966 970,4,5,mistral_table,mistral_table,no
30,MECANICA,8 736,474 410,371 685,132 841 866,631 076 138,347 134 921,5 132,7 392,422 486,335 690,11 509 993 226,56 954 799 532,34 170 614 627,4,5,mistral_table,mistral_table,no
31,MATERIAL ELETRICO,3 609,237 801,171 376,58 223 300,421 881 998,225 144 349,2 392,3 458,244 402,176 213,6 215 580 502,44 890 971 424,26 760 654 730,4,5,mistral_table,mistral_table,no
32,TRANSPORTE,2 673,292 447,209 552,79 629 280,717 114 012,277 343 726,1 732,2 340,293 010,219 661,8 182 643 821,72 877 269 793,27 013 137 482,4,5,mistral_table,mistral_table,no
33,MADEIRA,4 917,59 783,42 931,7 859 225,53 232 270,28 532 127,461,3 805,47 071,34 861,532 533 826,3 632 088 895,1 930 469 262,4,5,mistral_table,mistral_table,no
34,MOBILIARIO,7 425,107 511,79 569,13 266 773,87 941 900,43 064 200,5 891,6 501,101 524,79 449,1 045 993 506,7 649 837 902,3 974 884 858,4,5,mistral_table,mistral_table,no
35,PAPEL E PAPELÃO,1 510,89 889,64 920,19 274 130,189 667 443,83 085 843,951,1 418,93 023,68 439,2 114 564 468,21 095 568 029,10 261 576 588,4,5,mistral_table,mistral_table,no
36,BORRACHA,936,50 449,38 954,11 623 707,125 125 414,42 017 209,609,836,56 575,42 044,1 456 505 215,14 962 260 466,7 269 095 454,4,5,mistral_table,mistral_table,no
37,COUROS E PELES,680,20 589,16 234,3 012 297,21 731 264,8 128 597,548,657,21 757,18 704,228 259 153,2 450 521 499,1 029 973 411,4,5,mistral_table,mistral_table,no
38,QUÍMICA,3 217,163 587,86 206,62 195 360,284 784 424,452 825 400,1 548,3 278,205 778,112 026,7 167 543 123,157 697 280 774,58 557 255 196,4,5,mistral_table,mistral_table,no
39,FARMACÊUTICA,719,66 162,23 456,14 486 909,101 873 768,62 711 492,316,608,41 646,21 033,1 274 966 560,11 882 942 433,7 611 518 063,4,5,mistral_table,mistral_table,no
40,PERFUMARIA,664,29 440,16 038,7 331 454,70 917 915,32 766 720,506,677,29 485,15 638,698 368 048,7 615 656 750,3 594 376 863,4,5,mistral_table,mistral_table,no
41,MATS. PLASTICAS,2 472,104 127,78 906,17 813 692,146 521 477,70 761 149,1 742,2 253,108 886,85 916,1 683 320 853,15 477 964 724,7 914 762 625,4,5,mistral_table,mistral_table,no
42,TEXTIL,4 788,282 878,237 747,41 997 440,429 121 987,178 915 568,1 148,3 299,239 656,201 482,3 280 538 226,40 845 548 339,19 373 785 784,4,5,mistral_table,mistral_table,no
43,VESTUÁRIO,13 223,300 188,245 506,31 161 610,236 653 525,117 169 883,13 582,14 522,360 686,299 999,3 136 935 002,27 926 532 278,13 818 667 731,4,5,mistral_table,mistral_table,no
44,ALIMENTARES,21 944,369 315,238 669,51 872 869,870 965 430,269 157 422,14 210,17 164,344 183,227 357,4 883 402 457,89 170 165 966,29 977 628 294,4,5,mistral_table,mistral_table,no
45,BEBIDAS,1 818,42 972,25 175,8 970 507,62 614 659,30 573 401,1 261,1 544,41 733,24 878,786 084 611,6 424 234 991,3 227 455 342,4,5,mistral_table,mistral_table,no
46,FUMO,120,10 276,7 418,3 500 201,24 597 177,15 607 202,20,97,8 657,3 757,351 177 590,1 686 349 174,1 071 086 844,4,5,mistral_table,mistral_table,no
47,GRAFICA,5 907,125 538,73 771,28 054 996,131 822 593,87 525 649,4 950,5 619,116 454,70 949,2 261 539 790,11 904 338 305,7 603 243 901,4,5,mistral_table,mistral_table,no
48,DIVERSAS,4 472,135 477,100 709,23 614 280,145 500 402,90 576 079,3 428,4 044,132 908,101 954,2 112 423 792,16 212 066 955,10 833 439 884,4,5,mistral_table,mistral_table,no
49,MINAS GERAIS,24 697,462 368,340 316,79 415 921,888 250 285,346 198 010,20 332,23 643,475 977,363 539,6 897 193 211,103 064 403 719,43 393 095 896,4,5,mistral_table,mistral_table,no
50,EXTRATIVA MINERAL,960,26 340,19 606,5 781 372,38 225 875,23 229 351,359,643,26 992,22 096,569 728 671,5 504 244 016,3 951 299 188,4,5,mistral_table,mistral_table,no
51,TRANSFORMAÇÃO,22 685,432 566,317 545,72 616 006,848 320 037,321 451 175,19 973,23 000,448 985,341 443,6 327 464 540,97 560 159 703,39 441 796 708,4,5,mistral_table,mistral_table,no
52,NÃO METALICOS,4 876,51 975,37 800,6 298 327,65 425 033,33 506 329,3 217,3 498,42 713,32 692,462 603 425,4 556 903 432,2 690 552 380,4,5,mistral_table,mistral_table,no
53,METALURGICA,2 553,90 967,62 613,22 074 048,293 623 266,94 059 443,2 149,2 495,90 965,67 600,1 786 650 137,35 916 173 336,12 970 606 928,4,5,mistral_table,mistral_table,no
54,MECANICA,911,45 433,38 282,11 356 889,48 131 597,27 960 044,633,907,43 748,38 010,971 706 824,4 334 672 119,2 590 068 427,4,5,mistral_table,mistral_table,no
55,MATERIAL ELETRICO,272,9 733,7 152,1 931 146,16 833 057,8 846 532,196,307,10 508,8 442,187 965 167,1 910 789 329,909 800 945,4,5,mistral_table,mistral_table,no
56,TRANSPORTE,310,23 048,17 930,6 231 349,46 365 357,19 691 993,226,308,22 370,18 804,491 669 974,6 113 684 802,2 197 135 370,4,5,mistral_table,mistral_table,no
57,MADEIRA,1 847,9 716,6 271,807 570,5 411 603,2 532 475,1 339,1 404,8 305,5 788,91 374 084,512 101 494,198 816 043,4,5,mistral_table,mistral_table,no
58,MOBILIARIO,729,14 250,9 987,1 173 623,8 122 867,3 723 682,1 618,1 690,14 063,10 301,89 915 133,758 840 217,393 059 802,4,5,mistral_table,mistral_table,no
59,PAPEL E PAPELÃO,113,5 407,3 739,907 430,11 986 735,6 387 156,76,124,5 492,4 081,85 625 831,1 492 879 836,769 596 023,4,5,mistral_table,mistral_table,no
60,BORRACHA,185,2 822,2 036,391 362,3 117 810,1 624 556,87,123,2 573,1 956,26 465 506,322 231 543,156 855 853,4,5,mistral_table,mistral_table,no
61,COUROS E PELES,189,2 627,1 987,260 116,2 791 141,1 052 544,222,241,3 458,2 830,76 707 297,420 003 945,166 766 464,4,5,mistral_table,mistral_table,no
62,QUÍMICA,313,10 547,7 409,2 631 179,106 771 822,35 813 298,149,391,18 457,11 071,461 590 244,15 281 030 235,5 603 706 273,4,5,mistral_table,mistral_table,no
63,FARMACÊUTICA,111,2 472,971,660 086,1 856 555,1 209 915,46,93,2 184,1 097,48 826 672,212 394 374,137 432 099,4,5,mistral_table,mistral_table,no
64,PERFUMARIA,83,985,559,140 744,1 224 104,673 414,66,85,1 180,719,13 200 577,140 240 988,85 051 634,4,5,mistral_table,mistral_table,no
65,MATS. PLASTICAS,123,3 380,2 330,471 604,3 463 578,1 609 986,82,116,4 350,3 333,53 692 745,704 551 745,404 881 215,4,5,mistral_table,mistral_table,no
66,TEXTIL,582,38 829,33 931,4 151 488,49 041 046,20 632 221,338,526,37 603,32 342,359 906 736,5 941 289 159,2 881 669 073,4,5,mistral_table,mistral_table,no
67,VESTUÁRIO,2 063,32 029,25 784,2 430 554,17 616 171,8 940 572,2 745,2 855,47 363,39 675,288 588 816,2 785 056 820,1 429 210 820,4,5,mistral_table,mistral_table,no
68,ALIMENTARES,5 401,62 044,41 488,6 121 241,138 569 833,37 683 235,4 713,5 557,64 666,43 508,567 776 500,13 171 698 681,4 085 126 785,4,5,mistral_table,mistral_table,no
69,BEBIDAS,763,7 104,3 852,895 771,7 486 405,3 395 763,608,664,7 099,4 030,81 361 062,692 085 952,330 409 560,4,5,mistral_table,mistral_table,no
70,FUMO,39,2 006,1 645,608 264,7 845 934,4 469 962,13,26,2 307,1 351,45 939 424,876 919 591,582 313 732,4,5,mistral_table,mistral_table,no
71,GRAFICA,874,9 754,6 008,1 891 730,6 637 965,4 369 993,825,894,9 724,6 100,118 422 866,632 059 562,404 970 393,4,5,mistral_table,mistral_table,no
72,DIVERSAS,568,7 438,5 696,873 487,6 016 758,3 268 022,625,696,9 957,7 973,101 472 987,784 555 543,473 766 889,4,5,mistral_table,mistral_table,no
73,REGIÃO METROPOLITANA,5 066,160 580,113 308,37 967 915,304 472 887,137 260 920,3 740,4 830,159 308,114 363,3 001 364 065,33 605 675 878,15 557 724 416,4,5,mistral_table,mistral_table,no
74,EXTRATIVA MINERAL,148,7 678,5 394,1 758 832,7 924 608,5 795 504,41,81,7 932,6 426,165 223 589,776 826 459,560 249 893,4,5,mistral_table,mistral_table,no
75,TRANSFORMAÇÃO,4 900,150 762,106 064,35 437 883,295 316 303,130 322 737,3 699,4 749,151 376,107 937,2 836 140 476,32 828 849 419,14 997 474 523,4,5,mistral_table,mistral_table,no
76,NÃO METALICOS,492,17 546,13 665,3 125 275,28 730 987,15 372 734,250,355,14 031,10 436,246 496 448,2 400 493 371,1 489 322 739,4,5,mistral_table,mistral_table,no
77,METALURGICA,829,37 095,24 260,11 232 441,80 794 649,33 612 343,,,,,,,,6,7,mistral_table,pdf_text_layout_partial,yes
78,MECANICA,404,17 951,13 914,5 305 592,21 204 369,12 306 508,252,378,16 618,13 048,407 345 352,2 001 326 653,1 182 503 473,6,7,mistral_table,mistral_table,no
79,MATERIAL ELÉTRICO,181,6 399,4 253,1 417 689,7 227 974,3 896 090,103,187,7 436,5 899,137 715 212,887 236 425,557 007 889,6,7,mistral_table,mistral_table,no
80,TRANSPORTE,103,15 933,12 121,5 087 619,40 856 578,17 058 333,50,87,14 379,11 827,369 229 852,5 554 779 470,1 840 381 728,6,7,mistral_table,mistral_table,no
81,MADEIRA,174,1 469,960,197 888,764 303,377 325,78,91,1 086,816,11 428 045,61 317 935,35 667 153,6,7,mistral_table,mistral_table,no
82,MOBILIARIO,413,4 789,3 351,510 146,3 420 697,1 551 778,318,351,4 288,3 176,34 841 519,287 926 881,152 395 175,6,7,mistral_table,mistral_table,no
83,PAPEL E PAPELÃO,39,1 033,612,227 396,1 229 456,527 503,30,47,1 351,839,27 698 912,182 784 716,82 150 303,6,7,mistral_table,mistral_table,no
84,BORRACHA,60,1 332,975,248 038,1 672 381,840 034,32,49,1 430,1 065,19 515 742,189 639 285,90 987 020,6,7,mistral_table,mistral_table,no
85,COUROS E PELES,116,3 204,1 875,1 457 693,62 100 924,23 281 839,7,12,377,316,3 959 296,50 531 223,23 635 677,6,7,mistral_table,mistral_table,no
86,QUÍMICA,80,1 457,365,494 040,853 380,606 345,42,108,6 000,1 856,234 151 899,8 099 012 445,3 263 920 976,6,7,mistral_table,mistral_table,no
87,FARMACÊUTICA,42,571,296,99 594,679 864,455 486,20,62,1 218,400,34 327 459,72 024 350,54 664 794,6,7,mistral_table,mistral_table,no
88,PERFUMÁRIA,68,2 261,1 478,357 302,2 834 317,1 323 798,26,42,706,361,9 748 197,82 115 667,58 860 702,6,7,mistral_table,mistral_table,no
89,MATS. PLASTICAS,83,6 578,5 360,1 014 183,8 854 317,4 017 392,40,67,2 892,2 137,35 638 163,461 901 298,255 711 127,6,7,mistral_table,mistral_table,no
90,TEXTIL,507,9 619,7 513,776 379,4 580 628,2 445 131,27,68,6 835,5 193,96 513 161,1 049 920 647,522 378 780,6,7,mistral_table,mistral_table,no
91,ALIMENTARES,683,12 167,7 896,1 299 186,16 922 733,5 602 327,730,779,16 626,13 983,110 205 899,894 519 313,463 601 931,6,7,mistral_table,mistral_table,no
92,BERIDAS,33,2 037,1 194,387 920,2 807 707,1 204 775,573,696,13 225,7 963,133 991 903,1 705 021 419,641 048 242,6,7,mistral_table,mistral_table,no
93,FUMO,7,96,96,200 348,3 221 535,3 221 535,14,30,1 999,1 140,31 417 229,217 934 122,90 277 499,6,7,mistral_table,mistral_table,no
94,GRAFICA,319,5 703,3 414,1 543 679,5 136 068,3 536 297,5,364,11,044,179,499 352,499 352,6,7,mistral_table,pdf_text_tokens,no
95,DIVERSAS,255,3 092,2 221,407 120,2 618 454,1 646 560,269,314,5 527,3 171,92 530 967,496 742 823,322 826 327,6,7,mistral_table,mistral_table,no
96,DIVERSAS,255,3 092,2 221,407 120,2 818 454,646 560,230,273,4 677,3 378,52 934 181,303 837 586,206 770 138,6,7,pdf_text_layout,mistral_table,no
97,BELO HORIZONTE,3 831,75 743,46 878,18 379 153,78 054 705,31 713 627,2 800,3 557,75 495,47 753,1 452 176 933,7 570 136 860,3 635 479 924,6,7,mistral_table,mistral_table,no
98,EXTRATIVA MINERAL,63,1 567,99,718 802,141 090,107 372,21,36,1 076,68,52 880 939,20 503 609,19 751 721,6,7,mistral_table,mistral_table,no
99,TRANSFORMAÇÃO,3 764,73 193,46 021,17 330 160,77 343 425,31 090 437,2 779,3 521,74 419,47 685,1 399 295 994,7 549 633 251,3 615 728 203,6,7,mistral_table,mistral_table,no
100,NÃO METÁLICOS,240,3 584,2 119,650 669,2 810 658,1 676 800,113,170,2 750,1 576,51 843 654,209 544 238,122 105 999,6,7,mistral_table,mistral_table,no
101,METALURGICA,588,18 618,10 626,6 919 308,32 178 287,7 256 544,405,488,13 561,7 999,443 793 051,3 168 742 394,1 233 198 372,6,7,mistral_table,mistral_table,no
102,MECANICA,287,7 545,5 494,2 215 648,7 239 660,4 214 744,180,260,7 034,5 309,156 370 831,449 406 488,332 692 068,6,7,mistral_table,mistral_table,no
103,MATERIAL ELÉTRICO,137,2 119,883,508 618,943 370,755 590,77,137,1 982,1 224,46 173 059,131 820 148,106 767 970,6,7,mistral_table,mistral_table,no
104,TRANSPORTE,76,3 370,2 596,740 573,1 776 084,1 188 725,36,58,2 468,2 043,52 380 766,241 993 651,137 608 410,6,7,mistral_table,mistral_table,no
105,MADEIRA,142,1 042,649,144 785,418 193,224 527,58,68,684,477,8 214 655,32 975 780,21 565 176,6,7,mistral_table,mistral_table,no
106,MOBILIARIO,347,3 575,2 433,384 067,2 412 477,1 135 384,239,266,2 894,2 108,25 275 292,185 061 373,96 737 324,6,7,mistral_table,mistral_table,no
107,PAPEL E PAPELÃO,37,2 575,464,149 901,731 723,292 654,25,39,973,554,22 434 368,100 499 063,53 261 605,6,7,mistral_table,mistral_table,no
108,BORRACHA,43,681,473,150 093,651 723,405 242,14,25,403,210,7 656 787,25 256 554,13 972 087,6,7,mistral_table,mistral_table,no
109,COUROS E PELES,12,355,240,47 518,327 637,136 884,6,11,374,315,3 948 701,50 434 115,23 809 665,6,7,mistral_table,mistral_table,no
110,QUÍMICA,82,977,380,391 136,2 924 903,1 708 632,28,77,4 004,431,148 644 093,162 412 274,87 951 619,6,7,mistral_table,mistral_table,no
111,FARMACÊUTICA,70,1 116,153,427 770,374 933,279 819,10,11,623,113,30 691 365,28 528 867,23 178 503,6,7,mistral_table,mistral_table,no
112,PERFUMÁRIA,37,467,221,90 039,568 997,412 390,21,36,651,334,9 769 648,61 115 001,42 803 101,6,7,mistral_table,mistral_table,no
113,MATS. PLASTICAS,54,1 079,668,188 364,908 536,452 998,27,44,1 062,709,11 068 553,67 078 373,36 616 698,6,7,mistral_table,mistral_table,no
114,TEXTIL,60,2 908,2 184,569 654,3 834 909,286 426,22,50,3 168,2 276,59 871 563,562 402 663,298 788 378,6,7,mistral_table,mistral_table,no
115,VESTUÁRIO,477,8 304,6 415,677 573,3 666 735,1 828 941,665,709,13 944,11 419,91 517 869,708 066 414,347 798 363,6,7,mistral_table,mistral_table,no
116,ALIMENTARES,531,7 874,4 746,863 439,2 448 218,2 695 446,401,484,8 106,4 756,81 998 363,698 740 196,236 031 771,6,7,mistral_table,mistral_table,no
117,BERIDAS,24,1 307,784,253 396,1 303 461,667 008,8,18,1 27,655,19 031 359,96 216 393,40 068 392,6,7,mistral_table,mistral_table,no
118,FUMO,4,154,96,196 298,1 494 218,521 535,115,115,1 115,4 707 342,4 499 352,499 352,499 352,6,7,mistral_table,mistral_table,no
119,GRAFICA,294,5 028,2 877,1 442 727,3 941 152,2 588 059,247,290,4 985,2 776,84 775 606,371 879 261,230 139 454,6,7,mistral_table,mistral_table,no
120,DIVERSAS,222,2 243,1 520,278 584,1 929 373,1 241 089,197,235,3 525,2 401,40 129 069,176 958 653,126 327 942,6,7,mistral_table,mistral_table,no
121,CARATINGA,136,1 138,731,76 078,1 233 440,352 747,120,127,1 189,887,7 156 440,97 516 238,34 765 639,6,7,mistral_table,mistral_table,no
122,NÃO METÁLICOS,22,163,111,9 896,70 721,26 324,14,14,161,134,818 890,6 307 671,3 015 142,6,7,mistral_table,mistral_table,no
123,METALURGICA,10,63,31,3 603,28 921,12 314,10,10,(E),!E l,(X),CE),!X),6,7,mistral_table,pdf_text_layout,no
124,QUÍMICA,12,162,132,9 221,68 833,25 915,1,1,(F),(F),!X),( F),(X),6,7,mistral_table,pdf_text_layout,no
125,VESTUÁRIO,12,162,132,9 221,68 833,25 915,13,13,67,49,289 689,2 884 535,832 157,6,7,mistral_table,mistral_table,no
126,ALIMENTARES,51,520,333,43 076,983 932,246 572,49,51,50,357,3 494 230,59 047 992,17 876 075,6,7,mistral_table,mistral_table,no
127,DEMAIS GÉNEROS,41,230,124,12 282,81 033,41 622,33,38,209,152,777 734,5 297 362,2 409 872,6,7,mistral_table,mistral_table,no
128,CONTAGEM,575,38 574,25 641,7 659 420,76 311 095,40 812 921,463,627,37 966,29 621,635 171 710,7 412 006 563,4 046 400 809,6,7,mistral_table,mistral_table,no
129,NÃO METÁLICOS,64,6 665,5 718,1 304 812,11 075 245,6 144 087,30,47,4 392,3 596,103 692 799,899 365 385,522 436 325,6,7,mistral_table,mistral_table,no
130,METALURGICA,140,9 865,7 159,2 339 105,30 282 655,17 163 513,103,128,7 765,5 871,139 677 699,2 295 655 241,1 264 273 214,6,7,mistral_table,mistral_table,no
131,MECANICA,70,4 941,3 650,1 258 518,8 938 255,5 098 780,43,73,4 974,3 980,119 183 422,998 927 380,572 381 702,6,7,mistral_table,mistral_table,no
132,MATERIAL ELÉTRICO,34,3 531,2 706,761 602,5 730 872,2 744 509,23,41,4 983,4 236,86 363 798,728 643 333,432 859 229,6,7,mistral_table,mistral_table,no
133,ALIMENTARES,77,2 741,1 916,276 544,5 430 434,2 066 566,83,110,3 286,1 964,35 273 931,628 764 676,227 991 155,6,7,mistral_table,mistral_table,no
134,DEMAIS GÉNEROS,190,10 831,8 490,1 718 839,14 853 634,7 693 466,175,228,12 566,9 974,153 980 061,1 860 610 548,1 028 458 984,6,7,mistral_table,mistral_table,no
135,DIVINÓPOLIS,397,8 645,6 976,1 133 824,13 021 750,3 232 740,381,432,9 657,8 082,89 560 291,1 636 786 364,526 722 130,6,7,mistral_table,mistral_table,no
136,METALURGICA,97,4 364,3 492,601 494,9 391 048,1 972 432,72,88,4 043,3 406,38 384 213,1 177 943 206,325 359 130,6,7,mistral_table,mistral_table,no
137,TRANSPORTE,10,638,571,143 129,470 371,207 762,7,11,730,646,14 637 362,44 778 780,22 398 291,6,7,mistral_table,mistral_table,no
138,VESTUÁRIO,54,(F),(F),(K),(K),(K),143,150,1 841,1 479,9 624 825,92 022 882,48 708 302,6,7,mistral_table,mistral_table,no
139,ALIMENTARES,42,643,435,54 351,1 618 465,203 612,36,45,805,638,5 844 402,134 612 792,32 334 436,6,7,mistral_table,mistral_table,no
140,BERIDAS,2,(C),(C),(K),(K),(K),4,4,224,220,3 200 763,47 827 898,24 478 999,6,7,mistral_table,mistral_table,no
141,DEMAIS GÉNEROS,192,2 155,1 764,278 348,1 071 678,651 695,113,134,2 014,1 693,17 868 726,139 600 806,73 442 972,6,7,mistral_table,mistral_table,no
142,GOVERNADOR VALADARES,398,5 380,3 953,452 830,5 445 936,2 103 134,375,413,6 405,5 018,50 734 870,687 373 296,260 549 931,6,7,mistral_table,mistral_table,no
143,METALURGICA,49,380,282,24 701,209 309,114 030,55,57,514,406,3 426 335,32 800 529,10 380 816,6,7,mistral_table,mistral_table,no
144,MECANICA,13,125,102,14 737,118 332,63 535,3,5,176,166,4 186 263,37 952 736,12 606 004,6,7,mistral_table,mistral_table,no
145,PAPEL E PAPELÃO,4,487,339,57 381,333 068,111 075,3,5,439,325,6 035 140,72 071 193,45 454 084,6,7,mistral_table,mistral_table,no
146,VESTUÁRIO,45,1 542,442,32 951,187 268,100 530,,,,,,,,6,7,mistral_table,mistral_table_partial,yes
147,ALIMENTARES,83,1 508,1 074,133 152,3 349 234,1 126 600,71,88,1 821,1 375,15 088 593,381 720 536,107 140 664,6,7,mistral_table,mistral_table,no
148,DEMAIS GÉNEROS,203,2 338,1 714,199 908,1 248 625,595 364,167,178,2 489,1 922,17 583 455,117 633 251,63 391 638,6,7,mistral_table,mistral_table,no
149,IPATINGA,166,17 160,11 551,5 481 821,120 721 136,28 258 928,139,170,17 276,14 257,433 287 068,13 837 204 423,4 022 403 182,6,7,mistral_table,mistral_table,no
150,NÃO METÁLICOS,24,293,218,30 970,672 215,138 371,12,16,173,151,1 439 457,61 830 823,3 921 402,6,7,mistral_table,mistral_table,no
151,METALURGICA,43,8 910,4 189,3 369 893,96 176 889,21 490 441,34,45,8 567,5 895,258 420 476,11 519 652 272,3 404 889 626,6,7,mistral_table,mistral_table,no
152,MECANICA,23,6 491,5 913,1 885 187,10 155 147,6 066 593,1,1,6 946,(6 915,159 507 071,761 580 678,422 120 216,6,7,mistral_table,mistral_table,no
153,QUÍMICA,7,506,477,107 284,13 204 537,291 017,3,4,434,430,6 973 917,1 426 980 477,158 650 219,6,7,mistral_table,mistral_table,no
154,ALIMENTARES,24,244,162,18 264,123 814,53 322,29,43,458,330,2 634 217,30 019 273,12 132 515,6,7,mistral_table,mistral_table,no
155,DEMAIS GÉNEROS,45,726,592,70 223,388 534,219 184,47,51,658,536,4 311 930,37 140 900,20 688 795,6,7,mistral_table,mistral_table,no
156,JUÍZ DE FORA,1 022,21 196,16 806,2 252 317,21 189 621,9 292 965,711,856,23 048,18 155,277 869 447,4 049 451 772,1 374 888 439,6,7,mistral_table,mistral_table,no
157,METALURGICA,100,848,627,86 879,1 371 265,226 360,76,78,3 282,1 953,77 435 323,1 591 613 979,289 713 030,6,7,mistral_table,mistral_table,no
158,MECANICA,52,1 888,1 547,289 067,2 321 357,1 107 450,24,43,2 959,2 482,49 475 038,401 915 510,191 343 801,6,7,mistral_table,mistral_table,no
159,QUÍMICA,15,423,274,81 821,2 194 112,489 891,8,14,368,271,6 425 909,476 803 784,94 037 072,6,7,mistral_table,mistral_table,no
160,TEXTIL,140,5 705,4 947,559 274,4 645 691,2 160 933,92,63,3 976,3 559,36 069 087,420 991 511,222 237 553,6,7,mistral_table,mistral_table,no
161,VESTUÁRIO,205,3 318,2 885,223 043,1 829 481,923 765,225,241,5 007,4 324,29 659 953,315 257 572,171 049 119,6,7,mistral_table,mistral_table,no
162,DEMAIS GÉNEROS,510,9 014,6 526,1 012 233,8 827 715,4 384 566,327,397,7 456,5 566,78 804 157,842 869 416,406 444 045,6,7,mistral_table,mistral_table,no
163,MONTES CLAROS,,,,,,,235,283,7 058,5 530,82 277 729,1 198 943 079,651 265 920,8,9,mistral_table_partial,mistral_table,yes
164,NAO METALICOS,,,,,,,28,32,896,695,14 769 283,233 297 174,155 920 840,8,9,mistral_table_partial,mistral_table,yes
165,METALURGICA,30,(F),(F),(X),(G),(X),31,37,654,478,6 549 865,50 195 566,26 673 673,8,9,mistral_table,mistral_table,no
166,FARMACEUTICA,2,(D),(A),(X),(D),(X),2,5,623,489,10 946 979,109 778 116,60 454 151,8,9,mistral_table,mistral_table,no
167,TEXTIL,14,697 492,73 982,1,549 407,772 576,8,14,1 136,889,10 599 303,396 062 601,220 456 503,8,9,mistral_table,mistral_table,no
168,ALIMENTARES,,,,,,,57,68,1 241,900,11 532 988,222 829 953,69 877 638,8,9,mistral_table_partial,mistral_table,yes
169,DEMAIS GENEROS,128,778,041,464 077,3 145 077,1 430 202,109,127,2 508,2 079,27 879 311,186 759 669,117 883 115,8,9,pdf_text_layout,mistral_table,no
170,POCOS DE CALDAS,,,,,,,151,234,7 092,5 634,125 976 669,2 773 755 223,1 150 181 446,8,9,mistral_table_partial,mistral_table,yes
171,METALURGl CA,27,973,701,264 190,7 441 335,1 847 968,19,21,877,646,22 964 332,905 229 239,269 401 250,8,9,pdf_text_layout,mistral_table,no
172,MATERIAL ELETRICO,7,26S,242,65 896,3 045 118,1 342 842,2,5,420,321,13 234 032,394 670 135,145 491 060,8,9,pdf_text_layout,mistral_table,no
173,QUIMICA,9,88S,7S7,224 116,7 176 405,2 191 953,1,15,967,764,28 879 673,916 604 680,433 860 349,8,9,pdf_text_layout,mistral_table,no
174,ALIMENTARES,40,40S,08S,179 379,3 S28 984,1 473 813,39,43,1 344,904,11 357 983,248 959 085,106 876 621,8,9,pdf_text_layout,mistral_table,no
175,DEMAIS GENEROS,,,,,,,82,94,2 758,2 388,38 399 944,193 714 690,126 039 532,8,9,mistral_table_partial,mistral_table,yes
176,SETE LAGOAS,,,,,,,169,218,10 505,9 219,100 102 535,1 803 587 935,735 126 422,8,9,mistral_table_partial,mistral_table,yes
177,"NAO METALICOS, . . . . . . . . . . . . . , . . . . . . , . . . . . . . . . . . . 3S",1,174,9S8,109 063,899 902,554 393,38,42,1 193,1 046,9 023 364,69 408 352,40 992 501,8,9,pdf_text_tokens,mistral_table,no
178,METALURGICA,,,,,,,44,54,6 045,5 416,58 944 679,1 045 705 962,437 720 525,8,9,mistral_table_partial,mistral_table,yes
179,TEXTIL,5,877 801,117 621,2,596 544,898 303,-,6,916,862,11 499 661,322 565 719,142 515 608,8,9,mistral_table,mistral_table,no
180,ALIMENTARES,36,853 642,85 301,2,528 499,667 247,20,34,760,574,7 738 880,290 253 357,76 713 596,8,9,mistral_table,mistral_table,no
181,DIVERSAS,6,113,92,8 436,65 240,45 800,2,4,204,183,1 756 542,17 716 306,10 030 259,8,9,mistral_table,mistral_table,no
182,DEMAIS GENEROS,79,1 329,1 066,172 105,971 129,490 731,65,78,1 387,1 138,11 139 409,57 936 239,27 153 933,8,9,mistral_table,mistral_table,no
183,TEQFILO OTONI,,,,,,,243,258,1 737,1 201,12 131 152,105 022 973,33 962 733,8,9,mistral_table_partial,mistral_table,yes
184,NAO METALICOS,15,142,108,8 913,35 615,19 969,22,22,182,148,615 710,4 610 017,2 433 746,8,9,mistral_table,mistral_table,no
185,TRANSPORTE,2,(D),(D),(X),(D),(X),1,1,(0),(O),!Xl,(0),(Xl,8,9,mistral_table,pdf_text_layout,no
186,VESTUARIO,16,(E),(E),(X),(D),(X),15,15,(E),(E),(X),(E),(X),8,9,mistral_table,pdf_text_tokens,no
187,ALIMENTARES,15,753 538,75 566,2,197 184,364 282,28,36,470,284,5 962 853,63 433 946,7 951 508,8,9,mistral_table,mistral_table,no
188,DIVERSAS,15,108,61,9 460,127 747,71 116,122,122,616,440,3 466 834,23 319 376,15 475 065,8,9,mistral_table,mistral_table,no
189,DEMAIS GENEROS,45,432,323,30 765,117 473,71 406,55,62,328,228,1 304 167,7 379 565,4 331 401,8,9,mistral_table,mistral_table,no
190,UBERABA,,,,,,,320,392,7 923,6 099,96 455 172,2 448 645 137,978 663 901,8,9,mistral_table_partial,mistral_table,yes
191,NAO METALICOS,,,,,,,30,40,744,543,6 305 873,58 872 092,35 722 593,8,9,mistral_table_partial,mistral_table,yes
192,MATERIAL ELETRICO,6,206,172,29 318,268 301,175 418,6,7,368,336,3 994 375,67 133 344,45 901 030,8,9,mistral_table,mistral_table,no
193,MADEIRA,19,417,307,69 249,1 007,957 734,14,16,373,320,3 310 471,72 063 064,42 112 282,8,9,mistral_table,mistral_table,no
194,QUIMICA,1S,1 253 899,400 573,10 501 468,5,566 601,4,22,1 049,637,31 726 570,1 888 085 571,626 006 721,8,9,pdf_text_layout,mistral_table,no
195,ALIMENTARES,86,1 484,1 162,145 929,2 556 243,910 637,55,71,1 772,1 219,18 394 347,322 976 726,105 483 233,8,9,pdf_text_layout,mistral_table,no
196,DEMAIS GENEROS,330,3 756,2 877,333 128,2 250 399,1 135 303,211,236,3 617,3 044,32 723 536,239 514 338,123 438 042,8,9,pdf_text_layout,mistral_table,no
197,UBERLANDIA,,,,,,,556,655,11 184,8 412,129 854 195,2 706 780 059,1 191 194 202,8,9,mistral_table_partial,mistral_table,yes
198,METALURGICA,61,883,691,76 275,763 875,362 485,47,54,831,659,6 283 088,80 113 287,39 216 376,8,9,mistral_table,mistral_table,no
199,TEXTIL,7,459,363,57 127,1 534,097 729,2,3,413,337,5 505 528,195 158 635,108 369 209,8,9,mistral_table,mistral_table,no
200,ALIMENTARES,,,,,,,173,197,3 056,2 074,37 112 886,1 081 143 388,292 774 776,8,9,mistral_table_partial,mistral_table,yes
201,FUMO,3,1 413,1 302,315 421,6 237 484,3 879 094,-,3,1 493,1 269,30 316 701,864 340 714,575 516 628,8,9,pdf_text_layout,mistral_table,no
202,DIVERSAS,32,333,253,42 052,599 301,71,13,16,159,102,1 822 690,119 405 004,12 030 245,8,9,mistral_table,mistral_table,no
203,DEMAIS GENEROS,,,,,,,321,380,5 232,3 971,48 813 302,366 619 031,163 286 968,8,9,mistral_table_partial,mistral_table,yes
204,ABADIA DOS DOURADOS,18,133,87,9 032,42 114,31,14,14,146,134,469 452,2 345 074,1 582 884,8,9,mistral_table,mistral_table,no
205,ABAETE,43,179,107,15 260,257 158,45,30,35,185,103,1 360 760,35 458 302,8 201 796,8,9,mistral_table,mistral_table,no
206,ABRE CAMPO,11,76,54,4 714,57 541,11,14,17,70,47,324 414,1 646 843,745 877,8,9,mistral_table,mistral_table,no
207,ACAIACA,-,-,-,-,-,-,,,,,,,,8,9,tesseract_por_review,pdf_text_layout_partial,yes
208,AQUENA,4,14,9,971,2 857,1,16,17,66,39,390 535,1 319 962,887 648,8,9,mistral_table,mistral_table,no
209,AQUA BOA,11,47,34,2 543,24 927,9,15,17,59,37,750 610,7 063 242,6 353 510,8,9,mistral_table,mistral_table,no
210,AQUA COMPRIDA,5,19,8,1 525,3 355,3,,,,,,,,8,9,mistral_table,pdf_text_layout_partial,yes
211,AQUANIL,5,15,7,467,1,627,8,8,23,10,144 578,365 717,316 675,8,9,mistral_table,mistral_table,no
212,AQUAS FORMOSAS,14,144,120,8 663,147 088,19,9,10,154,137,1 136 677,26 712 833,5 971 486,8,9,mistral_table,mistral_table,no
213,AQUAS VERMELHAS,3,41,34,1 044,8 560,3,,,,,,,,8,9,mistral_table,pdf_text_layout_partial,yes
214,AIMORES,34,157,95,11 121,64 195,30,29,34,195,144,1 040 765,65 063 873,4 407 002,8,9,mistral_table,mistral_table,no
215,AIURUOCA,14,63,36,4 166,154 717,34,16,18,76,46,399 706,13 148 625,1 361 126,8,9,mistral_table,mistral_table,no
216,ALAGOA,17,28,7,1 160,25 310,5,8,10,31,19,139 105,1 013 550,239 517,8,9,mistral_table,mistral_table,no
217,ALBERTINA,4,30,18,1 503,6 495,5,2,2,(B),(A),(X),(A),(X),8,9,mistral_table,tesseract_por_review,no
218,ALEM PARAIBA,72,1,113 814,115 088,1 465,131 483,47,56,1 125,858,11 014 821,148 861 323,44 116 998,8,9,mistral_table,mistral_table,no
219,ALFENAS,106,1,198 954,112 136,1 092,226 227,93,101,1 128,937,7 960 039,141 484 280,92 519 923,8,9,mistral_table,mistral_table,no
220,ALMENARA,30,226,160,13 326,198 547,78,25,27,155,102,1 062 585,2 853 326,1 518 712,8,9,mistral_table,mistral_table,no
221,ALPERCATA,3,11,2,235,979,584,6,7,19,10,68 845,466 558,295 875,8,9,tesseract_por_review,mistral_table,no
222,ALPINOPOLIS,25,78,34,4 380,92 779,19,31,33,117,54,577 699,10 971 021,3 142 411,8,9,mistral_table,mistral_table,no
223,ALTEROSA,31,104,34,8 759,63 730,17,27,28,111,65,655 685,4 566 187,1 217 604,8,9,mistral_table,mistral_table,no
224,ALTO RIO DOCE,30,62,10,4 878,32 582,11,21,22,56,24,234 871,1 251 883,648 493,8,9,mistral_table,mistral_table,no
225,ALVARENGA,-,-,-,-,-,-,,,,,,,,8,9,tesseract_por_review,pdf_text_layout_partial,yes
226,ALVINOPOLIS,16,816,716,68,204 554,373 244,9,12,815,793,3 928 296,107 297 359,49 263 501,8,9,mistral_table,mistral_table,no
227,ALVORADA DE MINAS,1,(A),(A),(X),(A),(X),-,-,-,-,-,-,-,8,9,tesseract_por_review,tesseract_por_review,no
228,AMPARO DO SERRA,4,8,-,233,911,284,3,3,15,11,50 164,1 57 925,104 105,10,11,mistral_table,pdf_text_layout,no
229,ANDRADAS,157,1 459,983,150 663,1 081 317,547 377,102,106,1 633,1 333,10 761 320 164,114 473,65 102 371,10,11,mistral_table,pdf_text_layout,no
230,ANDRE FERNANDES,1,(C),(B),(X),(B),(X),,,,,,,,10,11,mistral_table,pdf_text_layout_partial,yes
231,ANDRELANDIA,32,234,175,15 880,165 010,46 066,17,22,145 103,1,149 676,9 246 800,1 828 286,10,11,mistral_table,pdf_text_layout,no
232,ANTONIO CARLOS,9,66,45,5 088,106 137,14 482,,,,,,,,10,11,mistral_table,pdf_text_tokens_partial,yes
233,ANTONIO DIAS,4,180,166,23 837,258 566,213 839,-,-,-,-,-,-,-,10,11,mistral_table,tesseract_por_review,no
234,ANTONIO PRADO DE MINAS,2,(A),(A),(X),(A),(X),4,28,393,235,555,101,167,10,11,mistral_table,pdf_text_tokens,no
235,ARAÇAI,3,262,250,20 163,238 028,97 360,,,,,,,,10,11,mistral_table,pdf_text_layout_partial,yes
236,ARACITABA,2,(A),(A),(X),(A),(X),3,3,2,1,9 894,20 434,20 274,10,11,mistral_table,tesseract_por_review,no
237,ARAÇUAI,36,140,77,5 924,26 080,13 626,20,20,82,35,292 314,1 509 922,431 267,10,11,mistral_table,pdf_text_layout,no
238,ARAGUARI,221,2 301,1 765,244 591,2 836 052,860 430,148,163,689,167,21 702 928,"342 751 1,,",11 8 694 618,10,11,mistral_table,pdf_text_layout,no
239,ARANTINA,5,39,30,2 666,29 117,8 720,,,,,,,,10,11,mistral_table,pdf_text_layout_partial,yes
240,ARAPONGA,2,(B),(B),(X),(B),(X),-,-,-,-,-,-,-,10,11,mistral_table,tesseract_por_review,no
241,ARAPUA,2,(B),(A),(X),(A),(X),,,,,,,,10,11,mistral_table,pdf_text_layout_partial,yes
242,ARAUJOS,18,135,99,4 387,22 213,11 610,Z5,26,170,101,654 083,3 624 342,1 827 303,10,11,mistral_table,pdf_text_layout,no
243,ARAXA,99,2 362,1 825,350 873,10 349 862,6 048 436,73,90,2 555,1 895,41 764 768,1 044 514 421,689 746 544,10,11,mistral_table,pdf_text_layout,no
244,ARCEBURGO,12,100,76,7 978,225 392,97 894,10,13,51,20,455 221,1 158 948,305 632,10,11,mistral_table,pdf_text_layout,no
245,ARCOS,73,1 479,1 155,209 245,3 888 586,742 269,,,,,,,,10,11,mistral_table,pdf_text_layout_partial,yes
246,AREADO,24,82,37,4 001,17 602,8 452,Z2,27,68,32,330 908,3 480 429,614 572,10,11,mistral_table,pdf_text_layout,no
247,ARGIRIA,12,83,39,8 741,145 314,19 589,12,14,66,43,485 052,10 198 885,2 563 487,10,11,mistral_table,pdf_text_layout,no
248,ARINOS,19,44,21,1 897,7 312,4 294,12,14,47,87 011,1,522 276,406 789,10,11,mistral_table,pdf_text_tokens,no
249,ASTOLFO DUTRA,32,596,420,62 314,688 073,375 810,19,20,716,610,5 401 944,70 521 439,34 196 629,10,11,mistral_table,pdf_text_layout,no
250,ATALEIA,11,59,39,3 207,57 860,19 239,",,",12,",, 9",86,594 924,13 029 550,4 738 307,10,11,mistral_table,pdf_text_layout,no
251,AUGUSTO DE LIMA,8,171,140,10 886,203 941,74 818,17,27,1 304,1 056,27,374 417,523 011,10,11,mistral_table,mistral_table,no
252,BAEPENDI,38,144,81,8 046,81 799,36 888,53,54,19-5,11 5,815 135,7 248 081,2 684 059,10,11,mistral_table,pdf_text_layout,no
253,BALDIM,7,350,316,38 706,332 784,76 450,,,,,,,,10,11,mistral_table,pdf_text_tokens_partial,yes
254,BAMBUI,42,223,139,14 316,68 021,40 083,46,48,219,147,1 256 181,21 405 061,3 376 842,10,11,mistral_table,pdf_text_layout,no
255,BANDEIRA DO SUL,17,102,87,6 263,32 667,16 628,10,10,69,53,367 569,2 503 818,1 059 039,10,11,mistral_table,pdf_text_layout,no
256,BARÃO DE COCAIS,41,1 904,1 564,259 867,4 247 231,1 060 288,,,,,,,,10,11,mistral_table,pdf_text_layout_partial,yes
257,BARÃO DE MONTE ALTO,13,30,6,1 093,10 695,3 224,26,11,70,694,673,055,299 600,10,11,mistral_table,pdf_text_tokens,no
258,BARBACENA,126,3 149,2 529,289 719,3 870 220,1 905 185,109,131,3 176,2 729,28 302 466,528 884 805,243 770 993,10,11,mistral_table,pdf_text_layout,no
259,BARRA LONGA,5,19,11,919,47 127,2 736,16,62,171,443,261,171,074,10,11,mistral_table,pdf_text_tokens,no
260,BARROSO,59,1 438,1 041,216 542,4 629 619,1 705 691,,,,,,,,10,11,mistral_table,pdf_text_layout_partial,yes
261,BELA VISTA DE MINAS,5,30,21,1 452,32 295,2 292,38,27,239,545,1,021 013,804 450,10,11,mistral_table,pdf_text_tokens,no
262,BELMIRO BRAGA,8,83,73,7 419,56 991,23 847,47,40,329 794,1,812 739,1,106 676,10,11,mistral_table,pdf_text_tokens,no
263,BELO ORIENTE,15,1 185,761,448 786,8 146 242,4 529 706,11,18,1 023,692,40 503 049,995 253 797,481 241 933,10,11,mistral_table,pdf_text_layout,no
264,BELO VALE,6,46,35,3 332,6 925,5 080,24,17,120,661,241,671,180 057,10,11,mistral_table,pdf_text_tokens,no
265,BERILO,2,(A),(A),(X),(A),(X),8,22,35,843,138,035,102 689,10,11,mistral_table,pdf_text_tokens,no
266,BERTOPOLIS,3,9,4,473,3 401,695,2,3,16,13,106 463,4 218 812,335 586,10,11,mistral_table,pdf_text_layout,no
267,BETIM,183,19 561,15 773,6 717 648,104 479 152,40 174 088,121,171,17 609,14 666,457 501 171,13 684 922 174,ººº 248 174,10,11,mistral_table,pdf_text_layout,no
268,BIAS FORTES,6,26,23,1 694,36 723,1 815,3,8,32,28,154 576,3 021 15;>.,1 003 315,10,11,mistral_table,pdf_text_layout,no
269,BICAS,40,690,577,67 343,342 988,172 417,,,,,,,,10,11,mistral_table,pdf_text_tokens_partial,yes
270,BIQUINHAS,2,(B),(A),(X),(E),(X),44,60,1 115,987,13,011 713,155 568,10,11,mistral_table,mistral_table,no
271,BOA ESPERANÇA,47,161,80,8 252,215 664,41 982,32,35,391,311,3 299 618,98 446 980,32 558 545,10,11,mistral_table,pdf_text_layout,no
272,BOCAINA DE MINAS,22,72,41,3 903,35 624,9 447,10,11,37,23,216 644,2 761 529,434 802,10,11,mistral_table,pdf_text_layout,no
273,BOCAIUVA,53,798,582,85 520,984 784,228 647,34,38,1 601,1 184,12 279 466,314 858 133,182 428 761,10,11,mistral_table,pdf_text_layout,no
274,BOM DESPACHO,47,647,484,60 084,1 129 823,315 611,3,3,2,1,9 894,20 434,20,10,11,mistral_table,mistral_table,no
275,BOM JARDIM DE MINAS,13,77,57,17 406,73 649,34 695,13,13,45,27,268 511,4 232 783,872 476,12,13,mistral_table,mistral_table,no
276,BOM JESUS DA PENHA,7,20,3,612,9 379,2 454,4,4,10,3,31 069,246 309,205 709,12,13,mistral_table,mistral_table,no
277,BOM JESUS DO AMPARO,9,47,35,3 052,6 588,5 300,4,8,46,40,315 460,1 017 046,819 704,12,13,mistral_table,mistral_table,no
278,BOM JESUS DO GALHO,13,44,26,2 075,188 925,19 406,7,7,19,9,56 248,358 345,179 447,12,13,mistral_table,mistral_table,no
279,BOM REPOUSO,8,18,2,557,3 762,1 374,6,6,25,15,76 405,523 491,237 968,12,13,mistral_table,mistral_table,no
280,BOM SUCESSO,24,170,106,16 335,68 042,40 734,17,19,226,171,1 985 436,38 837 220,10 202 373,12,13,mistral_table,mistral_table,no
281,BONFIM,8,19,4,754,4 006,1 066,12,12,30,5,62 599,232 672,137 686,12,13,mistral_table,mistral_table,no
282,BONFINOPOLIS DE MINAS,9,21,9,1 551,5 533,3 210,11,11,33,6,97 813,1 015 877,542 723,12,13,mistral_table,mistral_table,no
283,BORDA DA MATA,59,261,134,14 683,154 630,40 607,34,36,118,69,684 974,13 932 031,6 114 718,12,13,mistral_table,mistral_table,no
284,BOTELHOS,17,53,32,3 085,34 116,9 524,6,7,29,21,209 789,6 569 990,464 962,12,13,mistral_table,mistral_table,no
285,BOTUMIRIM,1,(A),(A),(X),(A),(X),-,-,-,-,-,-,-,12,13,mistral_table,mistral_table,no
286,BRASILIA DE MINAS,18,92,57,5 536,32 733,25 563,11,11,35,20,154 482,916 264,515 137,12,13,mistral_table,mistral_table,no
287,BRAS PIRES,3,97,83,7 717,97 730,71 830,2,2,(F),(F),(X),(F),(X),12,13,mistral_table,mistral_table,no
288,BRAUNAS,1,(A),(A),(X),(A),(X),3,3,8,5,30 912,174 100,101 490,12,13,mistral_table,mistral_table,no
289,BRAZOPOLIS,30,200,132,10 972,129 405,27 258,25,25,151,86,638 326,15 734 827,3 610 619,12,13,mistral_table,mistral_table,no
290,BRUMADINHO,30,604,444,125 354,897 923,625 992,15,24,584,480,8 817 866,257 583 776,213 091 982,12,13,mistral_table,mistral_table,no
291,BUENO BRANDÃO,12,50,30,2 398,16 883,12 686,15,16,35,15,252 979,599 248,382 195,12,13,mistral_table,mistral_table,no
292,BUENOPOLIS,13,47,29,7 094,58 964,20 001,10,11,33,14,116 856,5 188 177,1 200 192,12,13,mistral_table,mistral_table,no
293,BURITIS,15,37,18,1 810,10 467,7 376,21,21,56,27,181 461,1 485 208,733 266,12,13,mistral_table,mistral_table,no
294,BURITIZEIRO,6,25,15,1 616,22 184,9 757,6,6,21,11,60 652,320 779,187 676,12,13,mistral_table,mistral_table,no
295,CABO VERDE,14,38,21,2 092,24 781,8 253,16,16,49,30,199 985,1 396 684,591 922,12,13,mistral_table,mistral_table,no
296,CACHOEIRA DA PRATA,8,602,569,86 780,786 028,289 322,2,5,564,528,7 784 566,89 281 097,52 451 668,12,13,mistral_table,mistral_table,no
297,CACHOEIRA DE MINAS,37,64,17,4 742,37 244,18 130,32,32,93,25,263 377,4 907 041,2 825 643,12,13,mistral_table,mistral_table,no
298,CACHOEIRA DOURADA,3,7,2,270,634,456,2,2,(A),(A),(X),(A),(X),12,13,mistral_table,mistral_table,no
299,CAETANOPOLIS,14,576,513,69 519,746 754,400 881,9,15,697,614,6 439 369,51 183 101,12 607 955,12,13,mistral_table,mistral_table,no
300,CAETE,42,2 621,1 856,492 920,4 450 727,2 158 103,29,37,1 488,1 075,24 252 983,282 243 097,168 096 989,12,13,mistral_table,mistral_table,no
301,CAIANA,8,101,74,6 977,97 180,38 926,4,4,32,24,135 821,3 321 775,1 126 378,12,13,mistral_table,mistral_table,no
302,CAJURI,4,18,9,1 268,21 601,4 227,6,6,27,18,99 804,3 635 104,561 936,12,13,mistral_table,mistral_table,no
303,CALDAS,63,355,225,29 595,284 326,120 386,27,56,855,680,10 342 624,81 421 945,39 697 632,12,13,mistral_table,mistral_table,no
304,CAMACHO,1,(A),(A),(X),(A),(X),1,1,(A),(A),(X),(A),(X),12,13,mistral_table,mistral_table,no
305,CAMANDUCAIA,28,243,199,18 765,120 466,57 678,32,35,295,220,1 770 218,8 148 827,4 976 378,12,13,mistral_table,mistral_table,no
306,CAMBUI,58,447,311,23 464,99 611,59 795,55,59,536,422,3 378 388,42 947 412,19 270 193,12,13,mistral_table,mistral_table,no
307,CAMBUQUIRA,20,144,95,10 390,122 539,26 979,16,17,123,92,633 409,9 110 550,1 658 086,12,13,mistral_table,mistral_table,no
308,CAMPANARIO,4,23,17,2 645,48 979,7 270,3,4,30,25,190 271,7 582 259,410 113,12,13,mistral_table,mistral_table,no
309,CAMPANA,35,246,167,20 300,152 383,67 313,30,31,248,159,1 322 740,8 823 562,3 338 618,12,13,mistral_table,mistral_table,no
310,CAMPESTRE,47,258,159,17 956,160 057,73 974,14,15,186,143,996 381,12 584 202,5 391 429,12,13,mistral_table,mistral_table,no
311,CAMPINA VERDE,31,101,59,5 661,52 794,27 859,32,34,151,98,732 383,5 381 915,2 630 774,12,13,mistral_table,mistral_table,no
312,CAMPO BELO,132,1 517,1 063,119 952,2 224 838,480 832,130,136,1 513,1 138,9 393 897,150 679 949,47 535 822,12,13,mistral_table,mistral_table,no
313,CAMPO DO MEIO,17,184,136,23 621,511 222,211 811,13,17,293,75,2 772 991,78 742 781,40 059 076,12,13,mistral_table,mistral_table,no
314,CAMPO FLORIDO,6,43,32,3 086,79 999,32 795,1,2,(D),(D),(X),(E),(X),12,13,mistral_table,mistral_table,no
315,CAMPOS ALTOS,27,135,75,8 638,26 367,14 646,14,16,74,40,505 479,1 752 965,1 148 811,12,13,mistral_table,mistral_table,no
316,CAMPOS GERAIS,33,116,58,4 379,50 267,14 256,19,19,50,20,203 501,1 076 761,471 352,12,13,mistral_table,mistral_table,no
317,CANAÏA,2,(B),(A),(X),(A),(X),1,1,(A),(A),(X),(A),(X),12,13,mistral_table,mistral_table,no
318,CANAPOLIS,11,34,12,1 720,9 973,5 864,12,13,243,124,1 552 980,49 571 694,11 362 163,12,13,mistral_table,mistral_table,no
319,CANA VERDE,15,79,41,7 307,126 421,50 039,5,6,57,43,205 071,4 446 283,2 638 695,12,13,mistral_table,mistral_table,no
320,CANDEIAS,16,51,24,1 884,12 400,7 165,20,21,123,86,1 066 315,7 254 516,3 368 849,12,13,mistral_table,mistral_table,no
321,CAPARAO,7,20,9,2 131,20 644,12 872,5,5,16,3,106 180,851 469,559 520,12,13,mistral_table,mistral_table,no
322,CAPELA NOVA,5,20,13,1 327,12 814,1 941,3,3,14,9,59 416,246 952,158 342,14,15,mistral_table,mistral_table,no
323,CAPELINHA,18,76,49,3 826,24 386,9 846,15,15,59,39,279 873,1 537 632,563 925,14,15,mistral_table,mistral_table,no
324,CAPETINGA,29,109,51,7 982,139 361,54 765,17,19,91,51,581 878,14 560 901,2 734 608,14,15,mistral_table,mistral_table,no
325,CAPIM BRANCO,6,50,40,3 278,51 637,28 817,6,6,35,19,302 401,2 293 297,1 090 456,14,15,mistral_table,mistral_table,no
326,CAPINOPOLIS,18,131,76,16 723,696 472,370 937,12,15,139,99,1 943 059,35 407 016,7 242 210,14,15,mistral_table,mistral_table,no
327,CAPITÃO ENEAS,6,28,9,1 438,4 071,2 275,2,3,15,11,110 534,280 244,162 359,14,15,mistral_table,mistral_table,no
328,CAPITOLIO,21,103,60,6 155,120 546,20 788,21,22,181,141,831 801,23 755 718,1 189 413,14,15,mistral_table,mistral_table,no
329,CAPUTIRA,6,21,7,1 509,4 124,2 326,6,6,16,10,99 400,310 000,122 000,14,15,mistral_table,mistral_table,no
330,CARAI,7,15,-,301,1 309,697,5,5,15,1,20 485,117 013,76 533,14,15,mistral_table,mistral_table,no
331,CARANAIBA,5,107,102,17 123,113 775,85 883,-,2,(E),(E),(X),(F),(X),14,15,mistral_table,mistral_table,no
332,CARANDAI,40,468,297,99 326,2 920 622,1 355 583,15,18,300,245,6 138 161,134 357 920,47 510 001,14,15,mistral_table,mistral_table,no
333,CARANGOLA,84,737,486,66 797,482 749,271 457,76,83,520,341,4 440 511,36 916 877,20 283 482,14,15,mistral_table,mistral_table,no
334,CARBONITA,3,14,5,650,3 179,1 800,4,4,8,3,29 119,123 588,13 588,14,15,mistral_table,mistral_table,no
335,CAREAÇU,17,49,27,4 243,125 354,24 041,20,21,47,31,379 890,10 786 217,1 256 645,14,15,mistral_table,mistral_table,no
336,CARLOS CHAGAS,24,211,145,21 040,557 521,156 771,15,18,189,146,1 289 869,22 360 802,4 925 955,14,15,mistral_table,mistral_table,no
337,CARMESIA,-,-,-,-,-,-,1,1,(A),(A),(X),(A),(X),14,15,mistral_table,mistral_table,no
338,CARMO DA CACHOEIRA,13,46,26,3 021,85 699,18 224,4,5,33,20,134 235,6 102 637,56 077,14,15,mistral_table,mistral_table,no
339,CARMO DA MATA,19,209,151,22 770,201 813,103 573,19,21,178,128,1 744 290,20 610 356,10 879 800,14,15,mistral_table,mistral_table,no
340,CARMO DE MINAS,8,52,34,3 917,134 721,26 994,15,17,72,49,377 800,11 214 063,1 606 340,14,15,mistral_table,mistral_table,no
341,CARMO DO CAJURU,52,477,357,37 953,366 067,201 676,44,45,489,375,3 296 875,31 095 042,12 818 334,14,15,mistral_table,mistral_table,no
342,CARMO DO PARANAIBA,58,186,118,11 614,88 990,27 893,41,42,176,100,900 711,4 323 029,2 196 662,14,15,mistral_table,mistral_table,no
343,CARMO DO RIO CLARO,31,119,43,6 572,111 866,18 825,33,37,137,62,635 928,14 949 198,3 075 001,14,15,mistral_table,mistral_table,no
344,CARMOPOLIS DE MINAS,24,82,35,4 775,92 528,15 598,42,42,127,52,246 905,2 409 331,1 527 995,14,15,mistral_table,mistral_table,no
345,CARRANCAS,6,43,36,3 463,158 035,66 540,2,4,35,31,273 576,8 257 008,1 426 686,14,15,mistral_table,mistral_table,no
346,CARVALHOPOLIS,5,13,6,596,8 110,4 626,3,3,9,3,18 754,223 037,53 705,14,15,mistral_table,mistral_table,no
347,CARVALHOS,10,31,20,2 262,57 918,11 006,8,11,25,16,218 422,3 640 448,872 301,14,15,mistral_table,mistral_table,no
348,CASA GRANDE,-,-,-,-,-,-,1,1,(A),(A),(X),(A),(X),14,15,mistral_table,mistral_table,no
349,CASCALHO RICO,5,12,7,717,1 840,1 164,2,2,(B),(A),(X),(A),(X),14,15,mistral_table,mistral_table,no
350,CASSIA,83,255,107,15 598,165 136,75 991,69,71,456,330,2 286 619,42 870 985,8 109 176,14,15,mistral_table,mistral_table,no
351,CASSITERITA,2,(B),(B),(X),(D),(X),1,2,(B),(B),(X),(D),(X),14,15,mistral_table,mistral_table,no
352,CATAGUASES,146,4 451,3 784,419 550,5 317 526,2 462 685,122,146,5 107,4 231,50 499 702,633 808 918,384 848 105,14,15,mistral_table,mistral_table,no
353,CATAS ALTAS DA NORUEGA,1,(A),(A),(X),(A),(X),-,-,-,-,-,-,-,14,15,mistral_table,mistral_table,no
354,CAXAMBU,38,537,383,38 202,552 330,242 109,21,25,508,435,4 323 387,84 612 629,36 557 254,14,15,mistral_table,mistral_table,no
355,CENTRAL DE MINAS,8,38,24,2 054,76 717,3 655,11,12,31,11,99 717,7 187 614,1 092 947,14,15,mistral_table,mistral_table,no
356,CENTRALINA,10,34,16,1 537,9 912,5 437,15,15,57,26,198 503,774 518,426 253,14,15,mistral_table,mistral_table,no
357,CHACARA,3,23,15,1 268,4 271,3 762,3,3,35,27,211 764,5 394 455,1 858 245,14,15,mistral_table,mistral_table,no
358,CHALE,4,9,5,337,955,713,-,-,-,-,-,-,-,14,15,mistral_table,mistral_table,no
359,CHAPADA DO NORTE,1,(A),(A),(X),(A),(X),1,1,(B),(A),(X),(A),(X),14,15,mistral_table,mistral_table,no
360,CHIADOR,5,64,47,4 329,20 003,10 573,2,3,10,7,64 645,4 028 760,150 001,14,15,mistral_table,mistral_table,no
361,CIPOTANEA,4,11,4,571,12 332,3 417,-,1,(A),(A),(X),(B),(X),14,15,mistral_table,mistral_table,no
362,CLARAVAL,2,(A),(A),(X),(E),(X),2,3,54,48,457 374,13 235 117,2 929 294,14,15,mistral_table,mistral_table,no
363,CLARO DOS POÇÕES,3,13,7,407,1 132,738,3,3,9,5,48 166,233 260,151 820,14,15,mistral_table,mistral_table,no
364,CLAUDIO,52,908,743,83 360,626 320,233 545,67,70,1 026,862,5 891 313,71 490 912,34 151 930,14,15,mistral_table,mistral_table,no
365,COIMBRA,8,22,6,1 139,4 309,1 793,12,12,29,13,83 762,398 261,283 921,14,15,mistral_table,mistral_table,no
366,COLUNA,1,(A),(A),(X),(A),(X),4,4,16,11,80 262,373 970,112 202,14,15,mistral_table,mistral_table,no
367,COMENDADOR GOMES,3,5,1,442,842,441,-,1,(C),(C),(X),(A),(X),14,15,mistral_table,mistral_table,no
368,COMERCINHO,6,23,14,964,2 655,2 087,5,5,13,4,19 280,45 219,32 219,14,15,mistral_table,mistral_table,no
369,CONCEIÇÃO DA APARECIDA,19,43,14,2 862,61 999,15 426,14,15,32,5,105 017,551 643,298 040,16,17,mistral_table,mistral_table,no
370,CONCEIÇÃO DAS PEDRAS,5,8,3,523,8 405,2 322,3,3,8,4,27 002,262 723,46 561,16,17,mistral_table,mistral_table,no
371,CONCEIÇÃO DAS ALAGOAS,133,508,198,29 241,192 031,81 471,160,162,659,493,3 280 961,17 108 337,9 251 470,16,17,mistral_table,mistral_table,no
372,CONCEIÇÃO DE IPANEMA,3,6,3,309,815,53,3,3,3,-,12 046,45 215,25 335,16,17,mistral_table,mistral_table,no
373,CONCEIÇÃO DO MATO DENTRO,22,52,24,2 165,5 589,3 918,18,18,47,22,185 025,1 039 942,524 872,16,17,mistral_table,mistral_table,no
374,CONCEIÇÃO DO PARA,5,16,7,1 111,4 163,2 692,9,10,30,13,114 095,1 029 354,362 569,16,17,mistral_table,mistral_table,no
375,CONCEIÇÃO DO RIO VERDE,21,107,50,6 515,134 636,30 897,5,10,57,40,503 341,12 283 081,1 729 760,16,17,mistral_table,mistral_table,no
376,CONCEIÇÃO DOS OUROS,44,304,176,15 324,282 735,103 702,37,41,275,174,1 200 976,27 110 906,11 954 456,16,17,mistral_table,mistral_table,no
377,CONGONHAL,21,74,29,3 403,34 753,11 279,16,16,92,63,423 115,4 917 000,1 255 804,16,17,mistral_table,mistral_table,no
378,CONGONHAS,45,835,530,173 515,547 995,241 522,18,22,1 180,919,26 430 007,87 053 857,51 551 281,16,17,mistral_table,mistral_table,no
379,CONGONHAS DO NORTE,1,(A),(A),(X),(A),(X),4,4,10,5,38 129,117 600,82 600,16,17,mistral_table,mistral_table,no
380,CONQUISTA,20,333,276,45 991,1 934 021,1 085 162,13,18,545,437,5 683 295,81 203 616,48 939 472,16,17,mistral_table,mistral_table,no
381,CONSELHEIRO LAFAIETE,141,3 541,2 760,611 825,2 901 663,986 902,92,106,2 176,1 837,32 537 504,145 139 500,83 162 646,16,17,mistral_table,mistral_table,no
382,CONSELHEIRO PENA,45,370,258,27 036,403 062,59 974,48,52,416,272,2 182 883,48 506 286,22 063 906,16,17,mistral_table,mistral_table,no
383,CONSOLAÇÃO,3,5,-,94,253,150,2,2,(C),(B),(X),(D),(X),16,17,mistral_table,mistral_table,no
384,COQUEIRAL,13,47,31,3 306,26 564,15 400,5,6,48,39,273 820,4 811 342,761 002,16,17,mistral_table,mistral_table,no
385,CORAÇÃO DE JESUS,11,45,14,1 091,5 101,2 159,7,7,15,5,40 373,172 285,108 185,16,17,mistral_table,mistral_table,no
386,CORDISBURGO,5,78,57,4 688,63 111,14 668,10,10,65,46,326 303,4 685 208,589 321,16,17,mistral_table,mistral_table,no
387,CORDISLANDIA,1,(A),(A),(X),(A),(X),1,1,(A),(A),(X),(A),(X),16,17,mistral_table,mistral_table,no
388,CORINTO,23,244,177,52 379,183 430,71 794,19,23,349,262,3 762 308,18 412 894,4 894 174,16,17,mistral_table,mistral_table,no
389,CORDACI,1,(A),(A),(X),(A),(X),10,11,38,20,125 615,436 449,146 197,16,17,mistral_table,mistral_table,no
390,COROMANDEL,41,225,138,15 438,151 045,77 609,38,42,238,176,1 654 769,28 174 169,13 796 003,16,17,mistral_table,mistral_table,no
391,CORONEL FABRICIANO,95,655,433,53 339,313 933,156 938,61,68,499,362,2 935 878,22 953 502,12 865 484,16,17,mistral_table,mistral_table,no
392,CORONEL MURTA,1,(A),(A),(X),(A),(X),6,7,55,41,109 942,117 638,-36 186,16,17,mistral_table,mistral_table,no
393,CORONEL PACHECO,3,10,2,176,1 230,500,2,2,(A),(A),(X),(A),(X),16,17,mistral_table,mistral_table,no
394,CORONEL XAVIER CHAVES,3,15,11,1 050,13 700,4 251,4,6,12,5,98 696,941 329,278 857,16,17,mistral_table,mistral_table,no
395,CORREGO DANTA,10,65,50,5 061,48 058,42 857,3,6,50,44,289 329,4 939 879,3 020 921,16,17,mistral_table,mistral_table,no
396,CORREGO DO BOM JESUS,6,25,9,778,2 341,1 449,7,7,18,15,79 964,223 448,154 924,16,17,mistral_table,mistral_table,no
397,CORREGO NOVO,1,(A),(A),(X),(A),(X),1,2,(B),(B),(X),(B),(X),16,17,mistral_table,mistral_table,no
398,COUTO DE MAGALHÃES DE MINAS,2,(B),(A),(X),(A),(X),1,1,(A),(A),(X),(A),(X),16,17,mistral_table,mistral_table,no
399,CRISTAIS,21,68,40,3 492,50 892,12 611,12,12,56,36,195 353,1 337 642,658 643,16,17,mistral_table,mistral_table,no
400,CRISTALIA,2,(C),(B),(X),(A),(X),-,-,-,-,-,-,-,16,17,mistral_table,mistral_table,no
401,CRISTIANO OTONI,9,75,43,4 225,28 198,20 958,9,10,57,38,248 174,1 103 272,690 285,16,17,mistral_table,mistral_table,no
402,CRISTINA,13,41,17,2 243,86 917,20 450,7,8,31,11,159 486,5 395 819,590 117,16,17,mistral_table,mistral_table,no
403,CRUCILANDIA,8,20,4,609,2 684,1 772,10,10,24,10,68 334,331 171,196 670,16,17,mistral_table,mistral_table,no
404,CRUZEIRO DA FORTALEZA,5,8,1,342,1 385,719,4,4,9,4,31 882,435 200,176 920,16,17,mistral_table,mistral_table,no
405,CRUZILIA,38,134,87,9 675,99 321,48 173,48,49,226,154,1 163 661,9 769 339,4 605 468,16,17,mistral_table,mistral_table,no
406,CURVELO,113,1 423,1 102,112 778,1 252 372,459 131,74,88,1 289,937,8 708 999,94 641 258,34 459 054,16,17,mistral_table,mistral_table,no
407,DATAS,-,-,-,-,-,-,2,2,(A),(A),(X),(A),(X),16,17,mistral_table,mistral_table,no
408,DELFIN MOREIRA,19,334,248,22 493,122 426,64 151,13,17,365,310,2 049 177,15 536 620,6 991 993,16,17,mistral_table,mistral_table,no
409,DELFINOPOLIS,7,26,8,1 788,40 397,10 252,4,5,28,18,218 588,2 426 735,422 328,16,17,mistral_table,mistral_table,no
410,DESCOBERTO,16,87,62,3 693,21 554,12 885,10,11,34,17,194 748,2 312 244,802 427,16,17,mistral_table,mistral_table,no
411,DESTERRO DE ENTRE RIOS,2,(B),(A),(X),(A),(X),5,5,6,-,23 184,290 921,108 391,16,17,mistral_table,mistral_table,no
412,DESTERRO DO MELO,10,32,6,857,15 688,1 956,10,11,33,15,132 945,1 341 703,354 026,16,17,mistral_table,mistral_table,no
413,DIAMANTINA,42,1 498,1 272,161 359,1 414 246,1 047 722,26,30,1 290,1 061,9 705 371,50 948 677,16 538 199,16,17,mistral_table,mistral_table,no
414,DIONISIO,4,64,55,5 599,22 765,14 974,4,4,26,11,328 129,1 584 763,622 074,16,17,mistral_table,mistral_table,no
415,DIVINESIA,6,15,7,680,7 566,1 396,11,12,27,9,151/982,2 346 613,1 069 654,16,17,mistral_table,mistral_table,no
416,DIVINO,25,175,125,7 614,122 873,17 549,26,26,84,39,492 540,9 326 386,3 941 304,18,19,mistral_table,mistral_table,no
417,DIVINO DAS LARANJEIRAS,4,13,5,252,1 220,715,2,3,10,8,33 692,2 183 544,261 449,18,19,mistral_table,mistral_table,no
418,DIVINOLANDIA DE MINAS,4,10,2,97,570,381,3,3,21,7,42 365,284 500,148 600,18,19,mistral_table,mistral_table,no
419,DIVISA NOVA,7,12,2,563,2 628,1 187,5,5,8,2,29 478,126 897,93 974,18,19,mistral_table,mistral_table,no
420,DOM CAVATI,8,38,21,2 127,14 282,5 353,3,4,20,15,95 962,5 926 952,216 773,18,19,mistral_table,mistral_table,no
421,DOM JOAQUIM,7,12,5,1 013,3 736,2 504,8,8,15,4,42 024,141 826,55 835,18,19,mistral_table,mistral_table,no
422,DOM SILVERIO,17,68,35,3 929,45 371,35 509,14,14,71,41,333 836,6 775 889,1 596 327,18,19,mistral_table,mistral_table,no
423,DOM VIÇOSO,6,14,5,534,12 915,395,5,6,17,6,43 637,499 154,112 144,18,19,mistral_table,mistral_table,no
424,DONA EUZEBIA,11,22,6,1 068,3 116,2 144,8,8,16,7,88 836,449 971,252 458,18,19,mistral_table,mistral_table,no
425,DORES DE CAMPOS,52,513,433,29 442,284 904,121 680,81,86,931,760,4 798 079,60 973 974,30 797 275,18,19,mistral_table,mistral_table,no
426,DORES DO INDAIA,47,233,138,11 438,241 373,38 163,37,38,219,151,917 728,15 926 099,2 695 931,18,19,mistral_table,mistral_table,no
427,DORES DO TURVO,3,20,15,942,40 084,925,1,2,(C),(B),(X),(E),(X),18,19,mistral_table,mistral_table,no
428,DORESOPOLIS,2,(D),(D),(X),(B),(X),1,2,(D),(D),(X),(D),(X),18,19,mistral_table,mistral_table,no
429,DOURADOQUARA,6,15,5,524,1 925,1 265,8,8,17,7,55 255,450 032,219 721,18,19,mistral_table,mistral_table,no
430,ELOI MENDES,47,279,184,17 583,362 738,118 493,41,44,215,112,1 480 366,45 292 888,28 641 633,18,19,mistral_table,mistral_table,no
431,ENGENHEIRO CALDAS,9,60,40,3 355,13 511,9 000,18,19,105,57,328 378,9 900 124,985 610,18,19,mistral_table,mistral_table,no
432,ENGENHEIRO NAVARRO,5,9,2,396,2 887,1 514,3,4,27,-,233 844,209 160,79 507,18,19,mistral_table,mistral_table,no
433,ENTRE RIOS DE MINAS,26,148,77,17 437,169 762,56 298,19,20,59,35,353 669,11 225 945,1 745 474,18,19,mistral_table,mistral_table,no
434,ERVALIA,8,29,12,1 689,22 015,4 797,30,30,55,28,413 580,3 583 504,1 223 995,18,19,mistral_table,mistral_table,no
435,ESMERALDAS,28,158,97,13 632,167 066,80 467,13,14,73,55,412 087,8 207 649,1 487 619,18,19,mistral_table,mistral_table,no
436,ESPERA FELIZ,39,487,419,32 870,356 443,118 758,32,37,417,344,2 801 765,36 217 691,15 746 221,18,19,mistral_table,mistral_table,no
437,ESPINOSA,18,106,60,3 786,186 022,83 548,16,17,74,44,297 172,17 701 570,5 580 294,18,19,mistral_table,mistral_table,no
438,ESPIRITO SANTO DO DOURADO,3,9,-,192,1 576,1 044,3,4,8,3,27 900,69 000,59 864,18,19,mistral_table,mistral_table,no
439,ESTIVA,30,84,18,4 010,31 899,11 750,88,88,285,131,581 408,5 475 298,3 240 262,18,19,mistral_table,mistral_table,no
440,ESTRELA DALVA,3,4,-,102,381,208,1,1,(A),(A),(X),(A),(X),18,19,mistral_table,mistral_table,no
441,ESTRELA DO INDAIA,4,7,1,270,1 409,815,3,4,26,14,162 022,4 609 440,289 220,18,19,mistral_table,mistral_table,no
442,ESTRELA DO SUL,12,81,66,4 429,16 729,12 949,4,4,36,25,136 589,745 741,518 119,18,19,mistral_table,mistral_table,no
443,EUGENOPOLIS,21,70,38,3 094,21 896,7 976,18,18,51,24,208 812,1 426 260,455 068,18,19,mistral_table,mistral_table,no
444,EMBANK DA CAMARA,6,31,18,2 222,32 521,25 569,2,3,17,14,40 567,471 857,97 527,18,19,mistral_table,mistral_table,no
445,EXTREMA,96,1 264,998,172 783,1 169 066,611 206,36,41,1 593,1 355,20 246 297,194 923 316,121 706 495,18,19,mistral_table,mistral_table,no
446,FAMA,1,(A),(A),(X),(A),(X),1,1,(A),(A),(X),(A),(X),18,19,mistral_table,mistral_table,no
447,FARIA LEMOS,8,48,27,4 098,83 521,12 330,7,9,59,46,346 188,8 037 856,2 349 417,18,19,mistral_table,mistral_table,no
448,FELICIO DOS SANTOS,-,-,-,-,-,-,2,2,(A),(A),(X),(A),(X),18,19,mistral_table,mistral_table,no
449,FELISBURGO,-,-,-,-,-,-,1,1,(A),(A),(X),(A),(X),18,19,mistral_table,mistral_table,no
450,FELIXLANDIA,6,15,6,566,2 172,1 343,22,22,89,62,517 085,2 583 337,1 895 659,18,19,mistral_table,mistral_table,no
451,FERNANDES TOURINHO,-,-,-,-,-,-,-,1,(A),(A),(X),(A),(X),18,19,mistral_table,mistral_table,no
452,FERROS,9,28,6,1 148,12 586,6 653,2,2,(B),(A),(X),(A),(X),18,19,mistral_table,mistral_table,no
453,FLORESTAL,10,82,63,2 538,94 028,4 349,2,2,(A),(A),(X),(B),(X),18,19,mistral_table,mistral_table,no
454,FORMIGA,192,1 207,786,91 797,885 220,433 257,169,174,1 460,1 085,8 996 449,96 183 303,53 486 316,18,19,mistral_table,mistral_table,no
455,FORMOSO,5,10,2,566,1 990,1 374,1,1,(A),(A),(X),(A),(X),18,19,mistral_table,mistral_table,no
456,FORTALEZA DE MINAS,11,39,24,2 141,10 739,7 461,2,3,15,13,199 766,616 653,374 730,18,19,mistral_table,mistral_table,no
457,FRANCISCO BADARO,4,10,-,224,1 385,520,8,8,15,3,23 323,123 808,58 233,18,19,mistral_table,mistral_table,no
458,FRANCISCO DUMONT,1,(A),(A),(X),(A),(X),-,-,-,-,-,-,-,18,19,mistral_table,mistral_table,no
459,FRANCISCO SA,18,86,46,5 588,81 888,23 447,14,15,96,59,506 266,19 745 538,5 625 897,18,19,mistral_table,mistral_table,no
460,FREI GASPAR,3,12,6,344,743,374,-,-,-,-,-,-,-,18,19,mistral_table,mistral_table,no
461,FREI INOCENCIO,6,133,105,12 092,136 207,53 440,5,5,192,182,944 769,26 658 718,9 114 455,18,19,mistral_table,mistral_table,no
462,FRONTEIRA,11,203,168,19 252,181 464,27 314,8,8,190,161,2 364 215,40 598 529,24 872 575,18,19,mistral_table,mistral_table,no
463,FRONTEIRA DOS VALES,1,(A),(A),(X),(A),(X),-,-,-,-,-,-,-,20,21,mistral_table,mistral_table,no
464,FRUTAL,70,396,239,29 234,770 396,142 972,56,63,362,253,2 808 665,54 812 960,14 016 046,20,21,mistral_table,mistral_table,no
465,FUNILANDIA,1,(A),(A),(X),(A),(X),1,2,(A),(A),(X),(B),(X),20,21,mistral_table,mistral_table,no
466,GALILEIA,25,171,121,19 124,88 883,30 549,6,7,43,36,175 972,6 589 598,1 356 501,20,21,mistral_table,mistral_table,no
467,GONÇALVES,13,59,40,2 312,6 621,5 003,7,7,27,15,90 095,412 667,319 498,20,21,mistral_table,mistral_table,no
468,GOUVEA,18,753,603,61 726,407 618,97 871,14,19,877,772,5 519 300,45 579 607,7 643 362,20,21,mistral_table,mistral_table,no
469,GRÃO MOGOL,7,21,9,1 231,3 431,2 473,3,4,108,91,386 933,2 210 969,1 271 956,20,21,mistral_table,mistral_table,no
470,GRUPIARA,3,5,-,147,910,744,2,2,(B),(A),(X),(A),(X),20,21,mistral_table,mistral_table,no
471,GUANHÃES,22,238,92,21 846,513 199,106 965,31,33,252,162,2 052 155,58 368 316,23 094 156,20,21,mistral_table,mistral_table,no
472,GUAPE,15,47,30,4 691,72 693,11 217,13,14,62,36,428 745,3 802 609,955 635,20,21,mistral_table,mistral_table,no
473,GUARACIABA,6,46,28,3 285,22 500,9 892,2,2,(D),(D),(X),(D),(X),20,21,mistral_table,mistral_table,no
474,GUARANESIA,26,336,256,22 463,163 183,80 689,20,22,728,614,7 555 285,78 879 350,39 246 509,20,21,mistral_table,mistral_table,no
475,GUARANI,20,210,153,16 391,205 601,58 823,14,14,129,87,714 391,9 640 303,3 435 863,20,21,mistral_table,mistral_table,no
476,GUARARA,3,9,5,502,1 093,756,7,7,35,24,133 016,1 829 744,617 238,20,21,mistral_table,mistral_table,no
477,GUARDA-MOR,5,11,4,503,2 253,1 285,8,8,120,105,960 802,6 131 178,5 212 031,20,21,mistral_table,mistral_table,no
478,GUAXUPE,75,782,629,64 776,682 281,286 977,61,69,776,617,4 614 386,90 526 840,35 177 948,20,21,mistral_table,mistral_table,no
479,GUIDOVAL,10,39,20,1 827,8 931,4 258,13,14,54,32,156 180,2 066 507,384 174,20,21,mistral_table,mistral_table,no
480,GUIMARANIA,21,72,31,2 954,24 844,8 017,21,22,60,15,210 381,1 786 540,466 586,20,21,mistral_table,mistral_table,no
481,GUIRICEMA,8,57,38,3 894,70 287,19 673,18,19,84,61,560 183,10 440 417,1 761 988,20,21,mistral_table,mistral_table,no
482,GURINHATÁ,9,30,18,2 435,14 212,7 711,5,7,46,22,486 500,1 274 782,701 802,20,21,mistral_table,mistral_table,no
483,HELIODORA,13,46,25,2 806,48 748,8 217,6,8,28,17,145 057,3 273 229,1 058 748,20,21,mistral_table,mistral_table,no
484,IAPU,5,16,7,645,2 585,509,7,7,19,9,69 420,783 868,358 642,20,21,mistral_table,mistral_table,no
485,IBERTIOGA,6,39,23,3 472,97 660,4 465,5,6,40,31,187 063,3 286 361,732 702,20,21,mistral_table,mistral_table,no
486,IBIA,30,395,314,95 867,5 201 941,138 424,15,23,316,263,7 049 697,419 056 403,22 862 381,20,21,mistral_table,mistral_table,no
487,IBIAI,4,8,3,446,670,421,1,1,(A),(A),(X),(A),(X),20,21,mistral_table,mistral_table,no
488,IBIRACI,8,38,24,2 270,58 231,13 903,3,5,29,24,151 416,8 305 569,417 926,20,21,mistral_table,mistral_table,no
489,IBIRITE,24,544,415,57 035,839 049,507 207,21,27,929,716,9 359 063,160 241 976,106 343 994,20,21,mistral_table,mistral_table,no
490,IBITIURA DE MINAS,9,34,9,821,1 877,1 542,13,14,27,6,69 040,1 096 990,225 274,20,21,mistral_table,mistral_table,no
491,IBITURUNA,4,18,9,984,31 767,11 572,5,5,27,20,81 257,2 280 627,528 709,20,21,mistral_table,mistral_table,no
492,IGARAPE,32,683,562,81 848,1 108 571,440 827,43,44,1 130,989,9 442 354,113 947 923,36 067 271,20,21,mistral_table,mistral_table,no
493,IGARATINGA,82,508,221,19 429,71 251,50 506,43,43,273,178,1 757 092,11 452 997,6 569 168,20,21,mistral_table,mistral_table,no
494,IGUATAMA,12,42,23,5 648,11 060,8 355,6,10,421,272,7 036 845,58 189 269,-30 983,20,21,mistral_table,mistral_table,no
495,IJACI,19,277,253,21 323,132 342,93 484,7,13,226,214,1 325 123,9 626 058,6 813 314,20,21,mistral_table,mistral_table,no
496,ILICINEA,15,17,5,1 404,22 537,5 464,10,10,20,8,72 969,387 356,207 435,20,21,mistral_table,mistral_table,no
497,INCONFIDENTES,26,152,118,9 063,133 479,54 330,20,20,52,22,266 857,2 472 253,495 943,20,21,mistral_table,mistral_table,no
498,INDIANOPOLIS,3,6,1,171,1 131,343,12,12,34,20,311 938,932 341,548 495,20,21,mistral_table,mistral_table,no
499,INGAI,1,(A),(A),(X),(A),(X),3,3,7,-,44 000,166 000,110 000,20,21,mistral_table,mistral_table,no
500,INHAPIM,25,120,60,8 008,143 682,39 734,21,21,121,85,632 778,58 798 126,33 805 001,20,21,mistral_table,mistral_table,no
501,INHAUMA,11,29,19,2 340,14 485,9 705,9,12,110,92,842 015,6 195 989,4 147 586,20,21,mistral_table,mistral_table,no
502,INIMUTABA,4,592,547,75 947,803 438,348 506,2,6,671,625,6 240 526,72 813 981,23 279 794,20,21,mistral_table,mistral_table,no
503,IPANEMA,29,90,36,7 143,110 557,28 994,29,31,116,76,456 955,10 089 224,2 005 976,20,21,mistral_table,mistral_table,no
504,IPIAÇU,10,42,21,2 038,8 300,4 078,6,6,30,16,134 248,503 364,348 698,20,21,mistral_table,mistral_table,no
505,IPUIUNA,7,34,10,1 267,31 639,2 487,2,4,24,17,116 815,5 538 938,3 569 059,20,21,mistral_table,mistral_table,no
506,IRAI DE MINAS,4,4,-,341,726,474,2,2,(A),(A),(X),(A),(X),20,21,mistral_table,mistral_table,no
507,ITABIRA,64,5 857,4 009,2 041 748,11 198 964,5 599 521,62,75,5 597,4 485,181 116 894,1 157 847 257,685 160 064,20,21,mistral_table,mistral_table,no
508,ITABIRINHA DE MANTENA,15,73,53,3 865,22 046,10 096,8,8,28,17,79 410,610 183,272 698,20,21,mistral_table,mistral_table,no
509,ITABIRITO,71,2 553,2 267,356 348,2 423 538,1 247 452,40,53,2 112,1 866,24 080 494,269 440 162,167 891 627,20,21,mistral_table,mistral_table,no
510,ITACARAMBI,5,12,6,1 008,6 704,5 006,5,5,12,4,10 176,250 858,64 472,22,23,mistral_table,mistral_table,no
511,ITAQUARA,33,214,147,18 585,308 079,119 119,27,27,242,179,2 467 542,28 477 975,8 092 592,22,23,mistral_table,mistral_table,no
512,ITAIPRE,5,19,2,303,698,443,2,2,(B),(A),(X),(A),(X),22,23,mistral_table,mistral_table,no
513,ITAJUBA,144,4 914,4 021,582 089,4 051 682,1 506 660,125,141,4 239,3 532,50 546 461,363 590 224,219 970 806,22,23,mistral_table,mistral_table,no
514,ITAMARANDIBA,13,52,29,3 356,13 722,7 902,21,22,61,29,233 394,1 193 681,448 231,22,23,mistral_table,mistral_table,no
515,ITAMARATI DE MINAS,5,10,4,568,2 270,1 475,6,7,21,9,170 907,3 300 884,2 110 010,22,23,mistral_table,mistral_table,no
516,ITAMBACURI,31,158,66,8 004,99 995,18 672,31,33,232,146,1 118 022,14 891 139,6 121 274,22,23,mistral_table,mistral_table,no
517,ITAMBE DO MATO DENTRO,1,(A),(A),(X),(A),(X),-,-,-,-,-,-,-,22,23,mistral_table,mistral_table,no
518,ITAMOGI,14,40,16,1 935,15 709,7 511,6,6,25,14,89 599,681 997,26 028,22,23,mistral_table,mistral_table,no
519,ITAMONTE,33,276,198,25 450,1 080 323,279 164,19,26,281,233,2 376 913,81 598 712,18 649 621,22,23,mistral_table,mistral_table,no
520,ITANHANDU,43,657,548,60 623,580 650,220 877,39,48,963,812,5 586 994,53 621 332,24 937 396,22,23,mistral_table,mistral_table,no
521,ITANHOMI,19,53,28,3 031,45 919,8 211,21,22,90,53,305 345,7 823 851,703 528,22,23,mistral_table,mistral_table,no
522,ITAOBIM,14,293,185,19 476,361 482,158 931,15,15,254,197,1 137 689,42 036 470,18 445 120,22,23,mistral_table,mistral_table,no
523,ITAPAGIPE,18,99,60,6 088,26 034,13 807,10,12,128,91,706 369,11 475 901,4 235 433,22,23,mistral_table,mistral_table,no
524,ITAPECERICA,43,430,276,43 781,640 555,393 943,23,28,694,589,7 698 728,102 482 558,62 811 520,22,23,mistral_table,mistral_table,no
525,ITAPEVA,13,48,24,1 792,4 687,3 793,16,15,50,19,123 632,820 093,339 701,22,23,mistral_table,mistral_table,no
526,ITATIAIUÇU,18,413,364,53 896,721 204,251 674,1,12,949,931,9 817 280,150 072 834,69 505 948,22,23,mistral_table,mistral_table,no
527,ITAUNA,177,6 212,5 129,819 497,9 318 279,3 338 145,139,189,7 236,5 952,79 102 260,1 198 358 015,518 226 547,22,23,mistral_table,mistral_table,no
528,ITVERAVA,9,13,-,416,1 005,699,3,3,11,4,63 254,131 638,76 856,22,23,mistral_table,mistral_table,no
529,ITINGA,16,241,202,16 378,122 370,112 930,5,6,178,131,1 055 507,8 678 219,7 279 648,22,23,mistral_table,mistral_table,no
530,ITUETA,8,52,37,2 528,7 791,3 626,3,3,33,29,183 275,312 821,197 585,22,23,mistral_table,mistral_table,no
531,ITUIUTABA,178,1 987,1 485,180 863,8 056 611,1 123 379,147,165,2 241,1 728,19 509 805,876 085 012,195 834 471,22,23,mistral_table,mistral_table,no
532,ITUMIRIM,8,35,27,1 771,85 494,28 741,4,6,41,35,171 450,5 684 038,1 908 167,22,23,mistral_table,mistral_table,no
533,ITURAMA,114,416,183,23 336,857 855,297 202,53,60,266,155,2 096 567,68 447 263,9 921 839,22,23,mistral_table,mistral_table,no
534,ITUTINGA,4,21,5,636,4 050,2 819,3,4,6,2,23 187,623 895,531 064,22,23,mistral_table,mistral_table,no
535,JABOTICATUBAS,10,82,50,6 636,49 658,6 928,6,6,28,17,207 997,1 776 301,1 213 622,22,23,mistral_table,mistral_table,no
536,JACINTO,5,19,15,700,2 627,1 646,7,8,26,17,116 457,853 669,395 579,22,23,mistral_table,mistral_table,no
537,JACUI,14,32,7,1 302,24 642,7 711,10,11,30,11,126 600,995 538,330 664,22,23,mistral_table,mistral_table,no
538,JACUTINGA,76,370,213,-15 579,244 001,100 860,96,98,495,260,2 373 850,22 341 970,6 816 286,22,23,mistral_table,mistral_table,no
539,JAQUARAÇU,2,(C),(B),(X),(A),(X),1,1,(B),(B),(X),(B),(X),22,23,mistral_table,mistral_table,no
540,JANAUBA,74,275,170,18 839,115 654,40 909,62,66,754,446,4 777 337,81 958 975,28 678 630,22,23,mistral_table,mistral_table,no
541,JANUARIA,41,203,85,15 107,43 861,23 767,101,103,325,165,1 385 304,7 575 673,4 395 197,22,23,mistral_table,mistral_table,no
542,JAPARAIBA,6,10,2,1 951,3 997,2 956,4,4,13,8,69 436,152 714,113 663,22,23,mistral_table,mistral_table,no
543,JECEABA,7,26,10,1 332,5 700,3 877,2,2,(A),(A),(X),(A),(X),22,23,mistral_table,mistral_table,no
544,JEQUERI,16,43,9,1 331,5 954,3 034,8,8,19,9,67 517,307 650,133 009,22,23,mistral_table,mistral_table,no
545,JEQUITAI,2,(B),(A),(X),(A),(X),5,7,76,68,431 327,6 189 599,4 551 548,22,23,mistral_table,mistral_table,no
546,JEQUITIBA,6,18,9,849,27 911,5 788,4,4,20,7,103 445,3 023 945,149 323,22,23,mistral_table,mistral_table,no
547,JEQUITINHONHA,13,61,38,2 520,8 290,4 710,15,16,62,45,271 161,1 474 453,906 132,22,23,mistral_table,mistral_table,no
548,JESUANIA,4,9,3,86,470,197,6,6,14,3,36 849,224 065,107 004,22,23,mistral_table,mistral_table,no
549,JOAIIMA,18,64,34,4 337,27 535,14 868,8,8,51,38,296 232,6 549 200,1 208 288,22,23,mistral_table,mistral_table,no
550,JOANESIA,2,(A),(A),(X),(A),(X),4,5,13,8,59 428,255 720,147 417,22,23,mistral_table,mistral_table,no
551,JOÃO MONLEVADE,79,4 504,3 441,1 399 413,16 809 427,2 431 079,75,92,4 191,3 666,90 813 580,1 849 067 003,295 549 467,22,23,mistral_table,mistral_table,no
552,JOÃO PINHEIRO,67,201,130,12 850,245 062,87 756,40,46,202,95,1 046 569,15 908 897,7 075 721,22,23,mistral_table,mistral_table,no
553,JOAQUIM FELICIO,11,20,6,1 987,15 125,5 965,-,-,-,-,-,-,-,22,23,mistral_table,mistral_table,no
554,JORDANIA,4,9,4,368,1 354,757,2,4,15,11,73 396,1 431 548,126 001,22,23,mistral_table,mistral_table,no
555,JOSE DE MELO,7,37,24,4 408,10 105,4 416,4,4,39,33,262 488,1 432 687,916 346,22,23,mistral_table,mistral_table,no
556,JURAMENTO,1,(A),(A),(X),(A),(X),1,1,(A),(A),(X),(A),(X),22,23,mistral_table,mistral_table,no
557,JURUAIÁ,13,20,1,886,21 684,7 411,10,11,22,3,57 145,776 374,415 520,24,25,mistral_table,pdf_text_tokens,no
558,LADAINHA,9,33,11,754,3 261,2 811,15,16,46,27,106 563,415 090,283 802,24,25,mistral_table,pdf_text_tokens,no
559,LAGAMAR,15,69,52,7 451,141 003,115 151,9,10,69,48,832 440,22 040 715,13 036 123,24,25,mistral_table,pdf_text_layout,no
560,LAGOA DA PRATA,66,1 228,966,91 663,3 004 858,1 479 046,,,,,,,,24,25,mistral_table,pdf_text_tokens_partial,yes
561,LAGOA DOURADA,10,23,10,1 530,3 611,2 221,28,28,49,14,243 762,561 758,374 397,24,25,mistral_table,pdf_text_tokens,no
562,LAGOA FORMOSA,33,127,78,6 208,27 903,11 872,,,,,,,,24,25,mistral_table,pdf_text_tokens_partial,yes
563,LAGOA SANTA,34,604,414,90 002,698 109,264 260,28,33,650,500,6 550 649,191 629 692,132 996 228,24,25,mistral_table,pdf_text_layout,no
564,LAJINHA,22,154,100,8 773,93 673,30 333,11,13,71,32,353 007,1 461 319,612 020,24,25,mistral_table,pdf_text_layout,no
565,LAMBARI,47,577,445,61 466,346 459,164 556,28,30,323,245,3 008 194,13 202 170,6 029 957,24,25,mistral_table,pdf_text_layout,no
566,LAMIM,8,24,11,1 278,8 362,1 414,10,32,391,70,592,56,572,24,25,mistral_table,pdf_text_tokens,no
567,LARANJAL,21,100,57,5 016,27 609,13 775,19,21,85,47,240 345,5 392 894,789 291,24,25,mistral_table,pdf_text_layout,no
568,LASSANCE,1,(C),(C),(X),(A),(X),,,,,,,,24,25,mistral_table,mistral_table_partial,yes
569,LAVRAS,132,1 580,1 248,187 918,1 088 197,517 966,113,141,742,1 411,14 268 280,145 376 057,58 604 172,24,25,mistral_table,pdf_text_layout,no
570,LEANDRO FERREIRA,6,11,3,438,6 189,1 235,2,3,10,7,91 240,405 703,226 503,24,25,mistral_table,pdf_text_tokens,no
571,LEOPOLDINA,94,1 324,1 001,106 039,1 461 244,580 479,,,,,,,,24,25,mistral_table,pdf_text_layout_partial,yes
572,LIBERDADE,19,177,135,12 388,72 773,28 600,9,9,10,-,32 391,70 592,56,24,25,mistral_table,mistral_table,no
573,LIMA DUARTE,24,205,123,15 798,246 817,111 864,,,,,,,,24,25,mistral_table,pdf_text_tokens_partial,yes
574,LUMINARIAS,26,177,146,9 630,61 220,26 641,32,34,188,148,1 155 196,7 896 922,2 988 276,24,25,mistral_table,pdf_text_layout,no
575,LUZ,33,194,119,12 553,78 894,34 749,30,33,177,126,1 313 187,7 606 646,3 473 153,24,25,mistral_table,pdf_text_layout,no
576,MACHACALIS,3,23,19,899,20 665,1 664,2,3,19,16,165 049,11 063 575,8 035 840,24,25,mistral_table,pdf_text_layout,no
577,MACHADO,66,659,479,47 920,472 241,232 468,45,51,443,349,2 422 743,39 285 349,14 746 402,24,25,mistral_table,pdf_text_layout,no
578,MADRE DE DEUS DE MINAS,4,23,20,1 627,56 618,7 577,3,4,33,30,235 524,6 396 152,1 002 792,24,25,mistral_table,pdf_text_layout,no
579,MALACACHETA,29,65,25,3 393,17 960,6 399,15,16,42,26,188 651,995 881,360 065,24,25,mistral_table,pdf_text_tokens,no
580,MANGA,26,93,52,6 607,33 973,23 088,17,17,71,35,347 724,1 932 788,1 248 209,24,25,mistral_table,pdf_text_layout,no
581,MANHUAÇU,90,1 057,669,97 756,2 034 381,664 525,71,82 308,955 696,071 255,278 271,71,398 166,24,25,mistral_table,pdf_text_tokens,no
582,MANHUMIRIM,47,350,242,18 084,182 377,88 282,38,39,426,329,1 739 300,15 833 514,5 638 318,24,25,mistral_table,pdf_text_layout,no
583,MANTENA,52,275,141,14 356,143 770,19 075,,,,,,,,24,25,mistral_table,pdf_text_tokens_partial,yes
584,MARAVILHAS,13,98,63,7 953,137 508,58 480,123,101,703 501,19,304 363,5,340 324,24,25,mistral_table,pdf_text_tokens,no
585,MAR DE ESPANHA,27,705,642,47 714,254 797,114 006,22,27,960,879,4 945 759,32 370 852,15 373 835,24,25,mistral_table,pdf_text_layout,no
586,MARIA DA FE,14,81,43,5 237,45 127,15 976,10,10,43,23,227 173,1 583 331,400 328,24,25,mistral_table,pdf_text_layout,no
587,MARIANA,30,1 687,1 272,411 763,4 193 231,2 698 710,15,20,350,1 104,29 463 176,•493 116 987,358 662 035,24,25,mistral_table,pdf_text_layout,no
588,MARILAC,1,(A),(A),(X),(A),(X),,,,,,,,24,25,mistral_table,mistral_table_partial,yes
589,MARIPA DE MINAS,8,29,11,1 138,5 474,3 226,22,23,531,449,3,006 571,52 402,24,25,mistral_table,mistral_table,no
590,MARLIERIA,1,(B),(B),(X),(A),(X),,,,,,,,24,25,mistral_table,mistral_table_partial,yes
591,MARMELOPOLIS,9,9,5,1 452,26 515,9 684,,,,,,,,24,25,mistral_table,pdf_text_layout_partial,yes
592,MARTINHO CAMPOS,13,63,30,2 600,16 797,11 810,18,19 100,49,322 733,1,498 190,773 825,24,25,mistral_table,pdf_text_tokens,no
593,MATERLANDIA,3,7,3,501,1 625,1 249,5,5,10,1,23 660,134 000,62 200,24,25,mistral_table,tesseract_por_review,no
594,MATEUS LEME,35,1 664,1 302,289 810,2 956 571,1 214 201,16,27,1 231,697,18 291 754,167 088 537,84 340 995,24,25,mistral_table,pdf_text_layout,no
595,MATIAS BARBOSA,23,369,288,31 673,350 184,112 831,22,23,531,449,3 006 571,52 402 589,13 044 037,24,25,mistral_table,pdf_text_layout,no
596,MATIPO,15,55,25,2 643,28 414,9 455,10,11,37,17,246 942,1 711 313,1 326 480,24,25,mistral_table,pdf_text_layout,no
597,MATO VERDE,12,55,23,1 834,6 338,3 239,11,12,46,26,293 881,20 764 339,6 :372 557,24,25,mistral_table,pdf_text_layout,no
598,MATOZINHOS,39,1 547,1 265,240 059,3 815 725,701 639,,,,,,,,24,25,mistral_table,pdf_text_layout_partial,yes
599,MATUTINA,8,39,20,2 890,49 692,5 957,26,13,87,604,2,986 606,118 423,24,25,mistral_table,pdf_text_tokens,no
600,MEDEIROS,4,6,1,216,611,322,,,,,,,,24,25,mistral_table,mistral_table_partial,yes
601,MEDINA,14,60,36,4 801,17 293,9 215,14,14,67,45,382 738,2 596 990,898 649,24,25,mistral_table,pdf_text_layout,no
602,MENDES PIMENTEL,8,28,12,1 151,5 664,2 597,11,12,33,14,118 927,184 275 228,soo,24,25,mistral_table,pdf_text_layout,no
603,MERCES,14,78,52,4 693,30 628,10 493,13,14,57,35,202 821,2 818 857,1 003 139,24,25,mistral_table,pdf_text_layout,no
604,MESQUITA,23,1,126 822,156 110,433 736,726 414,8,14,691,555,6 583 824,107 368 179,52 780 881,26,27,pdf_text_tokens,mistral_table,no
605,MINAS NOVAS,7,28,17,2 057,3 870,3 153,18,19,69,43,238 189,1 315 293,793 944,26,27,pdf_text_tokens,mistral_table,no
606,MI NOURI,6,104,75,15 181,288 860,201 995,3,8,96,58,938 740,14 019 513,7 374 404,26,27,pdf_text_tokens,mistral_table,no
607,MIRABELA,12,15,10,295,7 054,3 413,2,2,(B),(B),(X),(A),(X),26,27,pdf_text_tokens,mistral_table,no
608,MI RAOOURO,10,35,11,1,394 852,3 481,11,11,28,6,80 953,3 076 363,1 099 075,26,27,pdf_text_tokens,mistral_table,no
609,MIRAI,32,1,046 962,84 174,705 680,310 018,23,24,105,61,498 626,9 744 439,2 543 627,26,27,pdf_text_tokens,mistral_table,no
610,MOEDA,6,15,5,1 114,21 203,1 596,4,5,15,8,85 131,347 686,212 581,26,27,pdf_text_tokens,mistral_table,no
611,MOEMA,11,32,19,1 878,9 674,3 985,8,8,63,44,322 020,3 771 995,2 027 416,26,27,pdf_text_tokens,mistral_table,no
612,MON.JOLOS,3,3,1,422,700,540,2,2,(B),(A),(X),(A),(X),26,27,tesseract_por_review,mistral_table,no
613,MONSENHOR PAULO,25,432,347,34 831,431 086,164 837,15,16,352,321,2 015 142,29 397 230,11 041 315,26,27,pdf_text_tokens,mistral_table,no
614,MONTALVANIA,23,66,41,3 968,20 510,9 303,14,14,39,19,273 370,3 979 300,834 900,26,27,pdf_text_tokens,mistral_table,no
615,MONTE ALEGRE DE MINAS,26,154,110,12 259,180 279,39 393,15,20,183,153,1 700 123,14 490 099,3 354 272,26,27,pdf_text_tokens,mistral_table,no
616,"MONTE AZUL.......,.ccccrscercrrena racao rea cnors",33,101,61,9 862,77 622,35 608,20,22,118,81,1 999 978,18 718 782,7 745 871,26,27,tesseract_por_review,mistral_table,no
617,MONTE BELO,28,239,172,28 235,823 272,456 026,19,23,217,121,2 634 994,185 683 574,105 848 111,26,27,pdf_text_tokens,mistral_table,no
618,MONTE CARMELO,104,922,658,63 929,814 698,329 984,74,77,1 078,872,6 370 718,89 119 889,37 421 036,26,27,pdf_text_tokens,mistral_table,no
619,MONTE SANTO OE MINAS,37,148,70,7 437,176 869,47 177,27,28,159,111,709 218,6 616 544,3 034 917,26,27,pdf_text_tokens,mistral_table,no
620,MONTE SIÃO,44,276,155,17 861,273 688,92 434,96,96,423,203,1 850 984,11 256 025,5 215 972,26,27,pdf_text_tokens,mistral_table,no
621,MORADA NOVA OE MINAS,3,6,z,297,767,468,3,3,11,5,22 257,79 590,34 397,26,27,tesseract_por_review,mistral_table,no
622,MORRO DA GARÇA,4,14,9,806,3 826,2 134,2,2,(B),(B),(X),(A),(X),26,27,pdf_text_tokens,mistral_table,no
623,MORRO DO PILAR,3,16,593,1,514,620,3,3,13,10,59 478,270 085,105 755,26,27,pdf_text_tokens,mistral_table,no
624,MUNHOZ,6,25,10,1,009 808,3 583,6,6,15,6,63 711,357 132,108 784,26,27,pdf_text_tokens,mistral_table,no
625,MURIAE,198,1 727,1 150,125 362,1 811 250,515 437,202,210,1 808,1 359,9 393 488,171 899 301,58 132 553,26,27,pdf_text_layout,mistral_table,no
626,MUTUM,38,173,74,811,100 476,30 988,32,33,125,62,823 526,3 445 444,2 184 236,26,27,pdf_text_tokens,mistral_table,no
627,MUZAMBINHO,46,181,80,13 918,139 612,42 239,36,41,187,115,859 921,19 706 973,4 772 487,26,27,pdf_text_tokens,mistral_table,no
628,NACIP RAYOAN,4,17,7,911,4 807,3 348,3,4,15,10,155 522,394 534,233 980,26,27,pdf_text_tokens,mistral_table,no
629,NANUQUE,53,1,058 824,102 760,2 234 114,514 431,39,49,1 245,1 013,8 604 769,211 277 294,54 301 346,26,27,pdf_text_layout,mistral_table,no
630,NATERCIA,10,23,2,1 482,37 143,5 306,6,8,15,4,75 862,2 060 564,203 037,26,27,tesseract_por_review,mistral_table,no
631,NAZARENO,12,237,211,43 502,686 978,415 847,5,8,207,168,2 050 662,27 307 667,20 356 265,26,27,tesseract_por_review,mistral_table,no
632,NEPOMUCENO,20,212,155,16 872,264 830,75 608,13,16,220,185,1 211 390,12 344 596,7 459 765,26,27,pdf_text_tokens,mistral_table,no
633,NOVA ERA,21,292,255,79 236,603 808,352 822,15,17,83,59,1 634 470,10 286 567,5 705 078,26,27,pdf_text_tokens,mistral_table,no
634,NOVA LIMA,48,5 781,4 874,1 030 729,11 866 253,8 266 687,27,49,6 853,5 644,111 854 291,1 274 442 148,803 515 473,26,27,pdf_text_layout,mistral_table,no
635,NOVA MODICA,2,(0),(0),(X),(E),(X),1,3,21,17,132 522,7 217 712,4 237 396,26,27,pdf_text_tokens,mistral_table,no
636,NOVA PONTE,13,46,24,3 328,109,• 278,11,12,121,103,839 860,3 503 670,2 672 410,26,27,pdf_text_layout,mistral_table,no
637,NOVA RESENDE,24,49,2,952,10 424,7 625,16,17,36,8,114 456,779 644,482 833,26,27,pdf_text_tokens,mistral_table,no
638,NOVA SERRANA,1 SI,1 024,531,40 878,445 144,143 638,276,277,1 825,1 293,8 027 637,180 689 055,63 134 829,26,27,pdf_text_layout,mistral_table,no
639,NOVO CRUZE IRO,12,40,16,1 194,9,270 741,19,19,78,41,543 550,1 301 000,1 039 158,26,27,pdf_text_tokens,mistral_table,no
640,OLARIA,1,(A),(A),0,(B),09,2,3,7,5,34 175,487 222,145 820,26,27,tesseract_por_review,mistral_table,no
641,OLIMP I O NORONHA,9,21,903,2,487,401,5,5,11,1,44 428,143 965,61 084,26,27,pdf_text_tokens,mistral_table,no
642,OLIVEIRA,87,733,51B,42 559,359 176,174 153,99,106,775,579,3 709 640,37 259 365,15 595 429,26,27,pdf_text_tokens,mistral_table,no
643,OLIVEIRA FORTES,3,17,947,81,766,7 808,1,3,18,17,118 342,7 712 277,318 775,26,27,pdf_text_tokens,mistral_table,no
644,ONÇA OE P IT ANGU l,4,132,132,13 521,77 154,52 694,-,1,(D),(D),(X),(D),(X),26,27,pdf_text_tokens,mistral_table,no
645,"DURO BRANCO....,.c.cscccccrcararrraccrrasraroros",11,78,se,12 807,193 834,51 821,14,22,1 440,1 089,53 347 386,735 509 544,241 086 005,26,27,tesseract_por_review,mistral_table,no
646,OURO FINO,66,487,345,35 489,418 502,128 400,52,54,575,465,3 444 628,84 392 066,27 077 920,26,27,pdf_text_tokens,mistral_table,no
647,OURO PRETO,108,411,4 323,346 346,12 458 612,4 590 750,71,111,5 644,4 433,144 277 145,2 687 807 875,1 727 482 420,26,27,pdf_text_layout,mistral_table,no
648,OURO VERDE OE MINAS,10,35,20,866,477,3 112,13,13,67,40,169 556,890 900,472 470,26,27,pdf_text_tokens,mistral_table,no
649,PADRE PARA ISO,16,7,666,7,324,3 878,10,10,53,30,415 330,1 320 396,882 343,26,27,pdf_text_tokens,mistral_table,no
650,PAINEIRAS,16,4,526,14,121,2 610,17,19,53,32,165 432,3 503 236,- 146 984,26,27,pdf_text_tokens,mistral_table,no
651,PAINS,30,220,145,13 044,141 372,73 310,29,34,286,229,1 532 691,26 766 886,14 432 042,28,29,mistral_table,mistral_table,no
652,PAIVA,2,(B),(A),(X),(A),(X),1,1,(A),(A),(X),(A),(X),28,29,mistral_table,mistral_table,no
653,PALMA,19,65,23,2 566,64 043,4 813,14,15,42,22,179 805,7 532 530,443 987,28,29,mistral_table,mistral_table,no
654,PAPAGAIOS,18,73,43,3 693,16 239,10 904,39,41,290,206,998 356,4 516 691,2 918 851,28,29,mistral_table,mistral_table,no
655,PARACATU,67,381,222,38 671,368 581,199 393,63,67,404,273,2 448 875,37 301 291,17 949 746,28,29,mistral_table,mistral_table,no
656,PARA DE MINAS,147,4 814,4 054,496 623,4 885 745,1 824 138,89,109,4 154,3 501,34 340 813,475 678 225,171 027 416,28,29,mistral_table,mistral_table,no
657,PARAGUAÇU,38,626,461,60 267,1 356 975,459 332,22,27,559,433,4 287 873,135 306 398,53 977 367,28,29,mistral_table,mistral_table,no
658,PARAISOPÓLIS,35,776,645,79 757,2 495 129,1 621 836,28,34,454,362,6 202 379,314 814 786,9 837 612,28,29,mistral_table,mistral_table,no
659,PARAOPÉBA,26,1 048,944,100 732,1 457 610,472 910,34,42,1 295,1 184,12 612 336,349 356 362,140 818 287,28,29,mistral_table,mistral_table,no
660,PASSABEM,-,-,-,-,-,-,2,2,(A),(A),(X),(A),(X),28,29,mistral_table,mistral_table,no
661,PASSA QUATRO,37,340,225,24 672,210 200,81 453,25,32,410,346,2 293 856,31 178 108,17 233 915,28,29,mistral_table,mistral_table,no
662,PASSA TEMPO,14,69,42,3 271,14 374,8 275,64,65,225,142,640 237,6 647 595,1 933 338,28,29,mistral_table,mistral_table,no
663,PASSA VINTE,6,146,129,12 816,152 571,54 005,1,2,(E),(E),(X),(F),(X),28,29,mistral_table,mistral_table,no
664,PASSOS,172,2 483,1 954,247 435,3 287 910,1 464 825,154,171,2 234,1 795,22 895 383,342 896 688,170 480 916,28,29,mistral_table,mistral_table,no
665,PATOS DE MINAS,190,1 575,1 128,152 044,1 343 479,504 116,188,211,1 808,1 270,14 996 379,155 691 055,46 597 348,28,29,mistral_table,mistral_table,no
666,PATROCINIO,97,1 537,1 223,91 859,3 606 764,795 785,82,94,1 419,1 134,7 789 867,174 324 968,58 211 551,28,29,mistral_table,mistral_table,no
667,PATROCINIO DO MURIAE,13,58,28,1 926,6 698,3 558,16,16,80,47,274 046,1 835 010,1 435 133,28,29,mistral_table,mistral_table,no
668,PAULA CANDIDO,19,65,26,2 863,46 958,10 529,21,21,46,25,365 095,2 204 714,914 927,28,29,mistral_table,mistral_table,no
669,PAULISTAS,-,-,-,-,-,-,4,4,14,9,72 010,205 219,100 539,28,29,mistral_table,mistral_table,no
670,PAVÃO,4,31,25,2 193,20 650,9 438,4,6,48,41,263 402,13 596 644,1 927 685,28,29,mistral_table,mistral_table,no
671,PEÇANHA,15,46,14,1 713,10 515,7 800,7,8,29,17,157 689,391 181,255 670,28,29,mistral_table,mistral_table,no
672,PEDRA AZUL,22,167,119,12 286,329 217,248 481,16,19,368,320,3 713 436,47 783 221,34 280 786,28,29,mistral_table,mistral_table,no
673,PEDRA DO ANTA,2,(A),(A),(X),(A),(X),2,2,(A),(A),(X),(A),(X),28,29,mistral_table,mistral_table,no
674,PEDRA DO INDAÍA,6,71,58,3 674,10 409,8 504,10,10,87,74,366 574,1 898 824,1 279 152,28,29,mistral_table,mistral_table,no
675,PEDRA DOURADA,1,(A),(A),(X),(A),(X),-,-,-,-,-,-,-,28,29,mistral_table,mistral_table,no
676,PEDRALVA,32,86,44,5 434,52 615,21 943,25,25,97,48,561 725,5 959 505,3 045 754,28,29,mistral_table,mistral_table,no
677,PEDRINÓPOLIS,6,18,5,908,2 145,1 791,7,7,10,2,28 413,163 452,98 704,28,29,mistral_table,mistral_table,no
678,PEDRO LEOPOLDO,100,3 224,2 523,557 553,7 637 223,2 991 834,63,90,3 599,2 728,44 692 483,612 234 347,357 934 324,28,29,mistral_table,mistral_table,no
679,PEQUERI,12,130,105,9 163,44 040,28 408,10,18,194,169,853 921,8 657 691,3 755 853,28,29,mistral_table,mistral_table,no
680,PEQUI,7,14,6,1 052,2 026,1 931,-,-,-,-,-,-,-,28,29,mistral_table,mistral_table,no
681,PERDIÇÃO,24,109,56,4 805,33 570,12 578,20,21,130,75,449 486,3 596 886,1 884 012,28,29,mistral_table,mistral_table,no
682,PERDIZES,25,137,67,7 810,68 894,51 756,16,18,99,70,541 505,2 925 590,1 019 334,28,29,mistral_table,mistral_table,no
683,PERDÕES,24,205,131,13 084,307 644,75 789,35,36,411,270,2 169 968,39 616 089,11 630 098,28,29,mistral_table,mistral_table,no
684,PESCADOR,5,39,27,2 215,33 255,14 376,4,5,91,76,294 845,6 335 941,2 361 650,28,29,mistral_table,mistral_table,no
685,PIAU,1,(A),(A),(X),(A),(X),2,2,(B),(A),(X),(A),(X),28,29,mistral_table,mistral_table,no
686,PIEDADE DE PONTE NOVA,3,3,-,120,801,419,2,2,(A),(A),(X),(A),(X),28,29,mistral_table,mistral_table,no
687,PIEDADE DO RIO GRANDE,7,19,13,1 048,24 119,2 132,5,7,15,10,85 292,779 245,254 566,28,29,mistral_table,mistral_table,no
688,PIEDADE DOS GERAIS,2,(A),(A),(X),(A),(X),-,-,-,-,-,-,-,28,29,mistral_table,mistral_table,no
689,PIMENTA,8,27,16,1 529,14 112,6 247,7,7,28,16,112 061,1 321 279,788 741,28,29,mistral_table,mistral_table,no
690,PIRACEMA,4,30,15,2 404,62 037,11 510,45,45,112,55,503 831,11 845 353,2 191 599,28,29,mistral_table,mistral_table,no
691,PIRAJUBA,30,71,28,3 640,9 958,7 620,10,11,26,9,65 193,414 155,201 288,28,29,mistral_table,mistral_table,no
692,PIRANGA,7,22,12,1 243,21 729,1 947,9,10,30,15,174 476,1 459 440,383 678,28,29,mistral_table,mistral_table,no
693,PIRANGUÇU,6,13,2,396,1 531,755,7,7,31,20,214 333,1 128 120,579 311,28,29,mistral_table,mistral_table,no
694,PIRANGUINHO,20,71,22,2 467,11 381,8 571,13,13,38,16,108 626,779 828,404 185,28,29,mistral_table,mistral_table,no
695,PIRAPETINGA,18,429,348,36 704,603 458,189 611,18,23,520,455,4 108 857,56 977 256,19 319 865,28,29,mistral_table,mistral_table,no
696,PIRAPORA,43,1 573,930,192 576,1 935 775,918 110,38,40,2 110,1 732,29 377 753,470 766 583,258 956 952,28,29,mistral_table,mistral_table,no
697,PIRAUBA,20,56,28,2 542,12 854,7 604,11,11,48,29,174 580,980 509,341 267,28,29,mistral_table,mistral_table,no
698,PITANGUI,31,1 205,1 095,125 924,2 016 723,797 356,25,36,1 438,1 138,12 994 327,247 623 208,117 326 895,30,31,mistral_table,mistral_table,no
699,PIUI,74,225,109,11 410,187 357,67 121,71,74,228,115,1 024 123,11 352 248,4 555 218,30,31,mistral_table,mistral_table,no
700,PLANURA,45,196,109,7 757,26 347,22 622,6,6,29,23,293 135,790 174,602 794,30,31,mistral_table,mistral_table,no
701,POÇO FUNDO,40,128,47,6 509,48 891,23 361,45,47,201,111,959 476,10 662 358,4 668 479,30,31,mistral_table,mistral_table,no
702,POCRANE,16,64,34,4 018,98 217,40 843,2,3,22,16,123 298,870 036,282 831,30,31,mistral_table,mistral_table,no
703,POMPEU,39,165,82,12 248,213 541,37 214,54,56,342,242,2 164 081,69 028 478,23 161 181,30,31,mistral_table,mistral_table,no
704,PONTE NOVA,95,1 145,896,110 209,1 309 041,564 835,63,76,1 021,676,11 920 057,155 058 973,88 936 600,30,31,mistral_table,mistral_table,no
705,PORTEIRINHA,24,74,44,4 641,348 178,229 926,21,23,149,99,979 450,31 515 311,12 911 847,30,31,mistral_table,mistral_table,no
706,PORTO FIRME,9,25,6,876,4 877,3 154,16,16,32,16,131 274,779 900,324 246,30,31,mistral_table,mistral_table,no
707,POTE,12,47,27,2 117,8 829,4 615,10,11,44,31,327 349,2 175 930,883 337,30,31,mistral_table,mistral_table,no
708,POUSO ALEGRE,151,4 636,3 834,532 839,7 240 906,3 263 722,117,137,4 569,3 962,49 959 343,804 725 331,420 584 576,30,31,mistral_table,mistral_table,no
709,POUSO ALTO,11,83,51,5 352,207 507,40 147,9,10,96,70,512 074,30 146 559,20 140 315,30,31,mistral_table,mistral_table,no
710,PRADOS,28,220,161,12 075,87 089,46 287,33,35,219,164,901 028,6 616 306,2 840 879,30,31,mistral_table,mistral_table,no
711,PRATA,11,95,54,12 740,315 764,109 549,13,15,163,115,1 137 028,32 992 147,7 725 308,30,31,mistral_table,mistral_table,no
712,PRATAPOLIS,90,1 553,1 185,273 357,3 977 320,1 809 976,59,70,1 466,1 196,27 720 323,427 660 567,211 412 204,30,31,mistral_table,mistral_table,no
713,PRATINHA,1,(A),(A),(X),(A),(X),-,-,-,-,-,-,-,30,31,mistral_table,mistral_table,no
714,CALAMBAU,7,24,1,348,3 374,1 690,7,8,10,-,23 531,128 789,74 681,30,31,mistral_table,mistral_table,no
715,PRESIDENTE JUSCELINO,3,5,2,161,603,321,2,3,20,8,159 927,6 511 863,498 367,30,31,mistral_table,mistral_table,no
716,PRESIDENTE KUBITSCHEK,1,(A),(A),(X),(A),(X),2,2,(C),(A),(X),(A),(X),30,31,mistral_table,mistral_table,no
717,PRESIDENTE OLEGARIO,28,46,18,4 985,12 296,8 489,23,25,123,77,469 473,13 468 617,5 435 343,30,31,mistral_table,mistral_table,no
718,PRESIDENTE SOARES,9,27,13,1 682,5 789,3 869,9,9,23,5,62 120,257 128,133 741,30,31,mistral_table,mistral_table,no
719,PRUDENTE DE MORAIS,10,307,232,47 187,600 061,281 696,7,10,359,318,4 710 859,79 025 211,37 036 819,30,31,mistral_table,mistral_table,no
720,QUARTEL GERAL,5,23,12,1 777,3 237,1 384,7,7,21,12,62 168,546 290,259 764,30,31,mistral_table,mistral_table,no
721,RAPOSOS,2,(F),(F),(X),(F),(X),1,2,(F),(F),(X),(G),(X),30,31,mistral_table,mistral_table,no
722,RAUL SOARES,35,373,285,25 233,230 388,66 171,28,28,309,242,2 016 437,21 028 027,8 175 969,30,31,mistral_table,mistral_table,no
723,RECREIO,35,185,114,10 210,112 970,21 747,28,31,176,125,968 966,14 294 546,2 530 669,30,31,mistral_table,mistral_table,no
724,RESENDE COSTA,37,127,73,6 678,30 737,18 650,25,25,46,16,344 880,1 268 437,642 451,30,31,mistral_table,mistral_table,no
725,RESPLENDOR,32,163,89,11 528,84 337,25 256,15,16,150,124,714 391,29 422 597,12 542 061,30,31,mistral_table,mistral_table,no
726,RESSAGUINHA,18,314,262,30 743,268 939,119 842,10,13,370,324,2 761 394,71 749 528,29 580 862,30,31,mistral_table,mistral_table,no
727,RIACHO DOS MACHADOS,-,-,-,-,-,-,-,1,(F),(F),(X),(D),(X),30,31,mistral_table,mistral_table,no
728,RIBEIRÃO DAS NEVES,20,368,274,27 330,142 558,86 150,37,37,586,485,2 780 149,29 621 148,20 247 273,30,31,mistral_table,mistral_table,no
729,RIBEIRÃO VERMELHO,4,10,3,335,2 414,1 445,2,2,(B),(A),(X),(A),(X),30,31,mistral_table,mistral_table,no
730,RIO ACIMA,10,462,381,40 642,142 500,88 525,9,11,233,193,1 718 523,28 341 185,25 963 812,30,31,mistral_table,mistral_table,no
731,RIO CASCA,23,263,151,20 049,695 736,104 961,23,26,361,266,2 886 596,58 680 011,16 865 097,30,31,mistral_table,mistral_table,no
732,RIO DOCE,4,10,4,446,19 038,736,2,4,7,5,47 853,248 034,183 191,30,31,mistral_table,mistral_table,no
733,RIO DO PRADO,12,18,9,1 333,2 858,2 036,13,15,53,33,126 232,5 070 036,410 430,30,31,mistral_table,mistral_table,no
734,RIO ESPERA,13,43,9,1 221,14 899,3 086,14,15,42,6,83 208,800 914,262 656,30,31,mistral_table,mistral_table,no
735,RIO MANSO,1,(A),(A),(X),(A),(X),2,2,(A),(A),(X),(A),(X),30,31,mistral_table,mistral_table,no
736,RIO NOVO,30,171,107,8 383,66 567,36 497,26,28,267,209,1 239 690,22 701 773,12 841 609,30,31,mistral_table,mistral_table,no
737,RIO PARANAIBA,7,23,12,1 208,48 582,7 721,6,8,26,16,270 127,24 255 829,12 633 313,30,31,mistral_table,mistral_table,no
738,RIO PARDO DE MINAS,11,4,-,1 075,4 610,3 897,6,6,17,6,95 138,329 660,203 970,30,31,mistral_table,mistral_table,no
739,RIO PIRACICABA,10,583,459,117 434,863 781,718 786,6,10,272,174,3 545 647,98 612 838,53 027 673,30,31,mistral_table,mistral_table,no
740,RIO POMBA,34,259,185,17 024,98 983,51 184,31,35,247,167,1 505 533,14 445 343,6 097 133,30,31,mistral_table,mistral_table,no
741,RIO PRETO,7,30,20,1 990,7 904,5 220,-,-,-,-,-,-,-,30,31,mistral_table,mistral_table,no
742,RIO VERMELHO,7,22,9,559,5 427,123,4,4,12,5,39 057,187 510,130 753,30,31,mistral_table,mistral_table,no
743,RITAPOLIS,7,115,107,5 680,28 623,22 148,6,9,109,94,878 454,5 004 206,3 693 733,30,31,mistral_table,mistral_table,no
744,ROCHEDO DE MINAS,5,15,4,704,20 416,3 545,1,1,(A),(A),(X),(A),(X),30,31,mistral_table,mistral_table,no
745,RODEIRO,10,36,12,1 258,11 367,2 765,6,7,310,297,2 184 697,27 386 602,13 433 887,32,33,mistral_table,mistral_table,no
746,ROMANIA,3,8,1,224,1 065,575,1,1,(B),(A),(X),(A),(X),32,33,mistral_table,mistral_table,no
747,RUBELITA,6,15,9,1 556,2 226,1 997,2,2,(B),(A),(X),(A),(X),32,33,mistral_table,mistral_table,no
748,RUBIM,16,51,31,2 342,7 887,4 380,6,6,45,36,129 265,1 747 533,640 042,32,33,mistral_table,mistral_table,no
749,SABANA,59,2 296,1 615,573 515,2 531 543,868 208,55,66,2 437,2 102,33 876 407,451 956 723,205 541 105,32,33,mistral_table,mistral_table,no
750,SABINOPOLIS,24,101,60,8 170,119 488,77 127,18,18,52,27,177 456,1 589 951,634 463,32,33,mistral_table,mistral_table,no
751,SACRAMENTO,41,469,361,36 141,489 294,131 502,43,47,274,173,2 521 428,73 232 185,26 298 981,32,33,mistral_table,mistral_table,no
752,SALINAS,22,141,98,6 681,42 721,12 235,30,32,237,179,1 488 292,7 545 568,4 271 888,32,33,mistral_table,mistral_table,no
753,SALTO DA DIVISA,2,(B),(A),(X),(A),(X),4,4,9,4,110 000,336 450,177 527,32,33,mistral_table,mistral_table,no
754,SANTA BARBARA,36,471,386,65 208,1 172 534,666 356,25,29,679,608,10 919 812,226 533 105,99 664 320,32,33,mistral_table,mistral_table,no
755,SANTA BARBARA DO TUGURIO,4,8,5,312,525,439,3,3,8,2,25 906,83 663,44 354,32,33,mistral_table,mistral_table,no
756,SANTA CRUZ DO ESCALVADO,10,62,38,4 031,21 540,10 301,6,6,55,43,285 222,774 532,499 605,32,33,mistral_table,mistral_table,no
757,SANTA JULIANA,12,38,16,2 181,8 635,4 924,9,10,19,8,105 261,7 264 501,297 000,32,33,mistral_table,mistral_table,no
758,SANTA LUZIA,63,6 531,5 539,1 163 869,8 478 826,4 514 438,57,72,6 355,5 085,93 837 098,779 141 094,381 428 432,32,33,mistral_table,mistral_table,no
759,SANTA MARGARIDA,13,41,24,1 886,9 702,4 261,13,13,50,23,309 322,3 808 779,1 268 401,32,33,mistral_table,mistral_table,no
760,SANTA MARIA DE ITABIRA,12,67,28,3 731,79 935,77 326,6,7,38,23,151 014,1 814 970,771 218,32,33,mistral_table,mistral_table,no
761,SANTA MARIA DO SALTO,9,40,22,1 627,14 876,6 676,1,2,(E),(E),(X),(D),(X),32,33,mistral_table,mistral_table,no
762,SANTA MARIA DO SUAQUI,13,69,48,3 895,32 979,7 171,16,18,70,53,361 330,4 538 386,2 738 401,32,33,mistral_table,mistral_table,no
763,SANTANA DA VARGEM,7,53,33,3 758,16 418,9 292,2,4,113,98,432 102,2 616 888,744 253,32,33,mistral_table,mistral_table,no
764,SANTANA DE CATAGUASES,8,18,4,722,5 158,1 825,6,6,12,5,57 938,368 600,135 832,32,33,mistral_table,mistral_table,no
765,SANTANA DE PIRAPAMA,6,17,7,973,2 832,1 702,3,4,25,16,183 334,647 942,554 164,32,33,mistral_table,mistral_table,no
766,SANTANA DO DESERTO,4,34,20,2 396,50 693,11 130,5,6,106,101,563 535,7 486 942,3 756 732,32,33,mistral_table,mistral_table,no
767,SANTANA DO GARAMBEU,4,13,10,727,22 971,2 601,1,2,(B),(B),(X),(C),(X),32,33,mistral_table,mistral_table,no
768,SANTANA DO JACARE,9,17,3,777,16 949,6 974,4,4,15,8,42 131,632 663,210 739,32,33,mistral_table,mistral_table,no
769,SANTANA DO MANHUAÇU,1,(B),(B),(X),(E),(X),1,3,47,45,391 446,828 619,445 891,32,33,mistral_table,mistral_table,no
770,SANTANA DOS MONTES,11,22,-,604,2 301,1 070,5,5,8,-,19 032,109 418,68 356,32,33,mistral_table,mistral_table,no
771,SANTA RITA DE CALDAS,19,157,108,13 478,311 823,48 522,23,26,181,126,1 190 493,43 686 384,18 128 512,32,33,mistral_table,mistral_table,no
772,SANTA RITA DE JACUTINGA,4,21,13,1 279,48 623,12 629,8,8,26,14,78 577,3 256 441,880 876,32,33,mistral_table,mistral_table,no
773,SANTA RITA DO IBITIPOCA,5,16,12,985,24 235,1 122,4,7,23,16,105 142,1 945 798,456 860,32,33,mistral_table,mistral_table,no
774,SANTA RITA DO ITUETO,7,22,7,743,3 587,2 252,-,-,-,-,-,-,-,32,33,mistral_table,mistral_table,no
775,SANTA RITA DO SAPUCAI,57,1 055,871,124 282,786 727,340 642,57,62,1 600,1 375,13 744 356,197 407 940,106 288 347,32,33,mistral_table,mistral_table,no
776,SANTA ROSA DA SERRA,6,13,7,1 195,28 108,20 469,4,4,11,3,25 140,238 840,236 662,32,33,mistral_table,mistral_table,no
777,SANTA VITORIA,39,197,131,11 622,105 256,25 020,45,47,190,122,1 111 541,10 306 350,1 954 136,32,33,mistral_table,mistral_table,no
778,SANTO ANTONIO DO AMPARO,13,62,39,3 978,21 001,11 181,14,15,61,35,301 359,1 836 182,1 022 374,32,33,mistral_table,mistral_table,no
779,SANTO ANTONIO DO AVENTUREIRO,3,4,2,180,558,300,2,3,6,2,17 837,147 223,38 868,32,33,mistral_table,mistral_table,no
780,SANTO ANTONIO DO GRAMA,8,5,1,375,1 670,955,6,6,16,6,66 060,230 434,130 807,32,33,mistral_table,mistral_table,no
781,SANTO ANTONIO DO ITAMBE,4,5,1,325,760,486,3,3,8,5,48 500,280 850,110 350,32,33,mistral_table,mistral_table,no
782,SANTO ANTONIO DO MONTE,41,663,572,38 005,186 378,98 625,47,51,678,596,3 138 888,30 340 999,15 054 721,32,33,mistral_table,mistral_table,no
783,SANTO ANTONIO DO RIO ABAIXO,-,-,-,-,-,-,2,2,(B),(A),(X),(A),(X),32,33,mistral_table,mistral_table,no
784,SANTO HIPOLITO,3,17,13,1 447,16 862,7 688,1,1,(D),(C),(X),(D),(X),32,33,mistral_table,mistral_table,no
785,SANTOS DUMONT,63,1 677,1 355,240 619,3 027 281,1 540 551,21,30,1 619,1 316,30 045 139,356 276 930,172 438 223,32,33,mistral_table,mistral_table,no
786,SÃO BENTO ABADE,1,(A),(A),(X),(A),(X),3,3,8,5,21 486,59 261,43 289,32,33,mistral_table,mistral_table,no
787,SÃO BRAS DO SUAQUI,5,21,6,1 460,7 275,5 103,4,4,9,2,25 116,116 386,50 185,32,33,mistral_table,mistral_table,no
788,SÃO DOMINGOS DO PRATA,14,124,83,9 472,110 651,72 052,13,16,92,51,631 755,11 153 962,2 753 874,32,33,mistral_table,mistral_table,no
789,SÃO FRANCISCO,20,123,82,4 527,42 939,14 679,25,26,91,49,383 554,1 507 150,989 521,32,33,mistral_table,mistral_table,no
790,SÃO FRANCISCO DE PAULA,4,10,4,790,5 106,4 078,7,8,29,21,92 946,1 150 247,1 017 862,32,33,mistral_table,mistral_table,no
791,SÃO FRANCISCO DE SALES,7,20,8,1 001,29 901,5 913,6,6,18,12,169 138,1 785 082,541 486,32,33,mistral_table,mistral_table,no
792,SÃO FRANCISCO DO GLORIA,10,40,22,2 053,56 408,5 436,6,7,20,9,91 371,5 305 709,970 597,34,35,mistral_table,mistral_table,no
793,SÃO GERALDO,16,81,34,3 950,11 588,6 046,17,19,96,70,798 851,3 046 916,1 953 984,34,35,mistral_table,mistral_table,no
794,SÃO GONÇALO DO ABAETE,6,19,13,1 223,6 672,3 791,7,8,42,32,206 338,3 501 413,2 209 074,34,35,mistral_table,mistral_table,no
795,SÃO GONÇALO DO PARA,17,258,212,15 553,263 492,61 248,18,20,447,404,3 045 187,62 564 459,26 400 039,34,35,mistral_table,mistral_table,no
796,SÃO GONÇALO DO RIO ABAIXO,14,24,7,1 238,3 982,2 619,17,18,55,34,316 549,1 174 642,954 507,34,35,mistral_table,mistral_table,no
797,SÃO GONÇALO DO SAPUCAI,55,455,343,33 921,428 830,145 847,34,36,419,363,2 567 615,72 421 544,24 300 522,34,35,mistral_table,mistral_table,no
798,SÃO GOTARDO,48,228,134,16 881,454 698,75 314,24,25,120,79,779 253,6 833 295,4 436 031,34,35,mistral_table,mistral_table,no
799,SÃO JOÃO BATISTA DO GLORIA,11,101,78,8 064,31 132,21 629,10,10,95,75,395 478,2 499 880,1 668 093,34,35,mistral_table,mistral_table,no
800,SÃO JOÃO DA MATA,5,17,10,1 152,12 749,3 403,6,6,14,6,66 886,1 686 459,382 813,34,35,mistral_table,mistral_table,no
801,SÃO JOÃO DA PONTE,7,36,23,2 516,8 748,6 101,11,11,39,23,127 158,865 570,464 522,34,35,mistral_table,mistral_table,no
802,SÃO JOÃO DEL REI,156,3 437,2 873,323 758,2 870 681,1 380 261,136,155,2 941,2 441,22 420 219,239 886 833,128 234 374,34,35,mistral_table,mistral_table,no
803,SÃO JOÃO DO ORIENTE,18,100,68,5 208,29 415,20 267,15,16,88,58,477 050,5 961 452,2 528 245,34,35,mistral_table,mistral_table,no
804,SÃO JOÃO DO PARAÍSO,1,(B),(B),(X),(A),(X),2,3,17,12,70 685,312 388,138 213,34,35,mistral_table,mistral_table,no
805,SÃO JOÃO EVANGELISTA,15,66,32,2 696,34 616,12 242,17,19,99,71,535 635,4 441 485,1 867 983,34,35,mistral_table,mistral_table,no
806,SÃO JOÃO NEPOMUCENO,89,1 475,1 197,96 308,726 756,308 074,90,97,2 017,1 583,11 111 642,125 930 143,55 687 203,34,35,mistral_table,mistral_table,no
807,SÃO JOSE DA SAFIRA,5,47,43,2 610,6 894,6 114,5,5,17,11,126 680,483 500,218 504,34,35,mistral_table,mistral_table,no
808,SÃO JOSE DA VARGINHA,1,(A),(A),(X),(A),(X),-,-,-,-,-,-,-,34,35,mistral_table,mistral_table,no
809,SÃO JOSE DO ALEGRE,17,17,5,975,16 691,4 940,12,12,20,7,76 666,361 783,260 110,34,35,mistral_table,mistral_table,no
810,SÃO JOSE DO DIVINO,3,9,6,425,1 330,563,4,4,10,5,22 864,98 821,47 691,34,35,mistral_table,mistral_table,no
811,SÃO JOSE DO GOIABAL,2,(A),(A),(X),(A),(X),3,3,8,3,33 866,257 719,120 726,34,35,mistral_table,mistral_table,no
812,SÃO JOSE DO JACURI,2,(A),(A),(X),(A),(X),1,-,(A),(A),(X),(A),(X),34,35,mistral_table,mistral_table,no
813,SÃO JOSE DO MANTIMENTO,4,9,3,137,386,302,-,-,-,-,-,-,-,34,35,mistral_table,mistral_table,no
814,SÃO LOURENÇO,68,569,423,56 475,415 851,221 548,70,74,701,466,4 874 455,55 296 791,33 730 367,34,35,mistral_table,mistral_table,no
815,SÃO MIGUEL DO ANTA,4,20,12,1 290,9 590,5 988,11,11,21,5,121 348,634 614,375 133,34,35,mistral_table,mistral_table,no
816,SÃO PEDRO DA UNIÃO,20,36,5,1 588,14 930,5 269,12,13,37,21,149 044,2 316 691,660 703,34,35,mistral_table,mistral_table,no
817,SÃO PEDRO DOS FERROS,15,118,66,6 131,158 600,32 884,12,13,108,78,637 549,18 123 110,3 966 220,34,35,mistral_table,mistral_table,no
818,SÃO PEDRO DO SUAÇUI,6,23,15,1 010,5 290,2 345,2,4,20,16,134 177,2 494 756,1 229 173,34,35,mistral_table,mistral_table,no
819,SÃO ROMÃO,4,14,4,940,2 950,1 805,5,5,15,2,56 595,304 561,134 361,34,35,mistral_table,mistral_table,no
820,SÃO ROQUE DE MINAS,5,15,4,1 596,3 779,2 564,8,8,17,1,114 297,678 027,228 403,34,35,mistral_table,mistral_table,no
821,SÃO SEBASTIÃO DA BELA VISTA,5,12,5,470,1 836,1 294,8,8,35,26,128 227,438 598,325 265,34,35,mistral_table,mistral_table,no
822,SÃO SEBASTIÃO DO MARANHÃO,3,10,5,636,1 779,1 412,7,7,19,8,43 730,185 669,76 405,34,35,mistral_table,mistral_table,no
823,SÃO SEBASTIÃO DO OESTE,7,40,18,3 972,68 239,12 877,11,12,38,25,95 231,1 247 079,457 780,34,35,mistral_table,mistral_table,no
824,SÃO SEBASTIÃO DO PARAÍSO,120,814,527,77 149,971 310,205 509,103,109,849,587,5 623 785,108 837 565,38 974 062,34,35,mistral_table,mistral_table,no
825,SÃO SEBASTIÃO DO RIO PRETO,2,(A),(A),(X),(A),(X),1,1,(A),(A),(X),(A),(X),34,35,mistral_table,mistral_table,no
826,SÃO SEBASTIÃO DO RIO VERDE,2,(C),(B),(X),(D),(X),7,7,25,14,162 781,712 402,333 450,34,35,mistral_table,mistral_table,no
827,SÃO TIAGO,20,77,30,4 279,90 190,27 569,17,21,122,82,850 424,7 697 466,3 639 564,34,35,mistral_table,mistral_table,no
828,SÃO TOMAS DE AQUINO,10,38,14,2 791,213 791,51 768,4,4,8,-,14 795,144 000,102 050,34,35,mistral_table,mistral_table,no
829,SÃO TOME DAS LETRAS,34,371,335,18 901,61 177,42 090,30,34,284,242,1 677 186,3 888 026,3 277 318,34,35,mistral_table,mistral_table,no
830,SÃO VICENTE DE MINAS,18,79,48,10 218,85 779,12 719,10,11,104,75,1 471 861,14 914 247,7 549 183,34,35,mistral_table,mistral_table,no
831,SAPUCAI-MIRIM,7,19,3,384,1 315,851,6,6,45,26,202 141,1 193 934,887 131,34,35,mistral_table,mistral_table,no
832,SARDOA,-,-,-,-,-,-,1,1,(A),(A),(X),(A),(X),34,35,mistral_table,mistral_table,no
833,SENADOR CORTES,1,(A),(A),(X),(A),(X),1,1,(A),(A),(X),(A),(X),34,35,mistral_table,mistral_table,no
834,SENADOR FIRMINO,6,20,11,1 142,27 742,13 540,14,14,40,18,178 510,1 354 429,658 408,34,35,mistral_table,mistral_table,no
835,SENADOR JOSE BENTO,2,(B),(A),(X),(A),(X),2,2,(B),(B),(X),(A),(X),34,35,mistral_table,mistral_table,no
836,SENADOR MODESTINO GONÇALVES,-,-,-,-,-,-,1,1,(A),(A),(X),(A),(X),34,35,mistral_table,mistral_table,no
837,SENHORA DE OLIVEIRA,7,20,5,1 599,10 157,2 201,2,2,(D),(D),(X),(F),(X),34,35,mistral_table,mistral_table,no
838,SENHORA DO PORTO,-,-,-,-,-,-,-,1,(A),(A),(X),(A),(X),34,35,mistral_table,mistral_table,no
839,SENHORA DOS REMEDIOS,12,35,13,1 604,18 308,1 232,10,12,30,13,151 327,1 914 766,577 810,36,37,mistral_table,mistral_table,no
840,SERICITA,3,6,2,311,1 090,537,14,15,40,19,141 694,447 630,266 553,36,37,mistral_table,mistral_table,no
841,SERITINGA,6,44,29,4 312,79 901,61 999,6,6,50,31,515 165,6 646 583,2 864 338,36,37,mistral_table,mistral_table,no
842,SERRA AZUL DE MINAS,1,(B),(B),(X),(A),(X),1,1,(A),(A),(X),(A),(X),36,37,mistral_table,mistral_table,no
843,SERRA DOS AIMORES,6,49,37,2 885,14 361,8 109,3,4,48,43,196 730,5 610 606,241 862,36,37,mistral_table,mistral_table,no
844,SERRA DO SALITRE,8,40,24,1 437,27 017,8 654,8,9,22,8,52 475,1 014 901,754 009,36,37,mistral_table,mistral_table,no
845,SERRANIA,10,239,206,16 427,146 801,50 356,11,14,260,217,1 616 070,27 498 815,11 199 699,36,37,mistral_table,mistral_table,no
846,SERRANOS,4,18,13,736,37 979,2 402,1,3,16,13,58 779,3 120 443,402 100,36,37,mistral_table,mistral_table,no
847,SERRO,18,85,53,4 213,60 869,33 429,11,12,109,79,437 163,3 957 833,1 979 508,36,37,mistral_table,mistral_table,no
848,SILVEIRANIA,1,(A),(A),(X),(A),(X),-,-,-,-,-,-,-,36,37,mistral_table,mistral_table,no
849,SILVIANOPOLIS,13,42,19,3 316,32 636,13 013,11,11,51,28,254 456,5 168 240,1 117 953,36,37,mistral_table,mistral_table,no
850,SIMÃO PEREIRA,8,42,30,2 327,76 045,12 992,3,5,31,24,131 571,2 349 238,1 263 343,36,37,mistral_table,mistral_table,no
851,SIMONESIA,7,24,11,1 864,6 681,3 897,11,11,34,16,246 656,795 334,485 662,36,37,mistral_table,mistral_table,no
852,SOBRALIA,2,(C),(B),(X),(B),(X),5,5,35,24,131 162,1 111 682,577 753,36,37,mistral_table,mistral_table,no
853,SOLEDADE DE MINAS,14,36,18,3 399,50 995,8 864,23,23,81,46,442 749,5 236 872,1 200 023,36,37,mistral_table,mistral_table,no
854,TABULEIRO,2,(B),(A),(X),(A),(X),8,8,19,5,48 312,189 424,96 591,36,37,mistral_table,mistral_table,no
855,TAIOBEIRAS,39,173,103,7 244,27 663,17 924,21,22,149,100,462 417,2 531 713,1 702 362,36,37,mistral_table,mistral_table,no
856,TAPIRA,3,865,864,238 306,990 787,412 245,2,8,980,792,23 736 463,194 476 188,101 804 652,36,37,mistral_table,mistral_table,no
857,TAPIRAI,1,(A),(A),(X),(A),(X),-,-,-,-,-,-,-,36,37,mistral_table,mistral_table,no
858,TAQUARAÇU DE MINAS,2,(B),(A),(X),(A),(X),2,2,(B),(A),(X),(A),(X),36,37,mistral_table,mistral_table,no
859,TARUMIRIM,14,49,22,2 250,116 947,9 578,31,32,83,51,370 241,10 596 439,1 784 801,36,37,mistral_table,mistral_table,no
860,TEIXEIRAS,17,49,19,2 278,12 307,5 567,13,13,37,14,130 670,852 782,309 864,36,37,mistral_table,mistral_table,no
861,TIMOTEO,65,7 631,5 724,1 833 871,31 906 928,13 746 835,42,56,7 442,5 660,203 886 839,3 934 666 627,1 609 288 716,36,37,mistral_table,mistral_table,no
862,TIRADENTES,23,297,232,25 059,162 524,114 353,23,23,321,142,1 170 486,7 470 830,5 380 641,36,37,mistral_table,mistral_table,no
863,TIROS,13,44,25,2 273,10 572,5 241,9,10,48,32,211 326,3 258 579,869 544,36,37,mistral_table,mistral_table,no
864,TOCANTINS,28,242,163,15 474,145 079,40 562,18,18,214,157,989 330,16 445 461,4 261 220,36,37,mistral_table,mistral_table,no
865,TOLEDO,4,7,-,432,1 701,869,5,5,9,-,10 990,206 038,119 488,36,37,mistral_table,mistral_table,no
866,TOMBOIS,11,46,28,2 778,18 808,7 898,21,21,85,43,260 872,1 665 549,893 965,36,37,mistral_table,mistral_table,no
867,TRES CORAÇÕES,106,3 030,2 507,438 282,5 681 483,1 655 706,97,118,3 485,2 840,52 076 176,564 013 635,219 966 602,36,37,mistral_table,mistral_table,no
868,TRES MARIAS,12,1 378,1 204,203 072,2 092 638,702 666,3,10,1 374,1 284,18 933 191,456 656 388,240 014 445,36,37,mistral_table,mistral_table,no
869,TRES PONTAS,48,664,486,100 637,1 383 689,721 956,32,39,764,561,7 966 738,153 749 377,81 772 939,36,37,mistral_table,mistral_table,no
870,TUMIRITINGA,9,74,43,3 198,12 242,9 052,7,7,85,65,448 962,1 231 841,937 579,36,37,mistral_table,mistral_table,no
871,TUPACIQUARA,54,488,354,59 545,1 113 218,522 513,43,49,708,598,6 243 312,133 777 121,56 275 278,36,37,mistral_table,mistral_table,no
872,TURMALINA,2,(B),(A),(X),(A),(X),10,11,29,10,85 738,1 039 310,603 119,36,37,mistral_table,mistral_table,no
873,TURVOLANDIA,2,(A),(A),(X),(A),(X),4,4,3,-,22 028,51 810,36 726,36,37,mistral_table,mistral_table,no
874,UBA,220,3 978,3 292,318 202,3 266 337,1 576 163,206,221,4 226,3 570,30 064 314,332 644 786,169 049 309,36,37,mistral_table,mistral_table,no
875,UBAI,3,20,17,975,13 212,7 484,4,4,15,7,69 480,830 000,390 000,36,37,mistral_table,mistral_table,no
876,UNAI,81,426,236,27 729,432 566,151 467,65,68,321,208,2 024 597,39 342 020,13 195 301,36,37,mistral_table,mistral_table,no
877,URUCANIA,11,324,240,38 042,804 921,467 445,5,8,555,370,8 902 382,108 388 075,29 469 860,36,37,mistral_table,mistral_table,no
878,VARGEM BONITA,3,5,-,68,278,227,1,1,(A),(A),(X),(A),(X),36,37,mistral_table,mistral_table,no
879,VARGINHA,164,5 440,3 971,883 944,10 540 375,4 917 297,110,139,4 405,3 107,72 779 394,868 730 855,406 276 465,36,37,mistral_table,mistral_table,no
880,VARZEA DA PALMA,32,1 100,938,123 964,1 391 540,606 445,14,15,1 737,1 471,27 115 838,347 432 379,173 731 526,36,37,mistral_table,mistral_table,no
881,VARZELANDIA,7,21,13,805,2 575,1 720,5,5,15,9,150 900,246 674,140 674,36,37,mistral_table,mistral_table,no
882,VAZANTE,29,850,681,130 800,1 155 246,419 516,22,30,874,720,21 104 844,126 328 293,80 126 291,36,37,mistral_table,mistral_table,no
883,VERISSIMO,4,8,-,400,2 517,1 281,8,8,22,6,106 332,588 733,395 068,36,37,mistral_table,mistral_table,no
884,VESPASIANO,75,3 564,2 421,1 082 503,8 613 417,4 582 138,29,51,4 008,2 697,110 814 829,1 092 779 773,553 548 921,36,37,mistral_table,mistral_table,no
885,VIÇOSA,53,276,180,17 862,95 466,46 398,43,48,370,306,2 165 332,15 161 002,5 724 737,36,37,mistral_table,mistral_table,no
886,VIEIRAS,5,15,10,1 271,27 700,5 489,6,9,27,10,236 820,9 175 238,2 706 183,38,39,mistral_table,mistral_table,no
887,VILA MATIAS,3,20,18,1 321,4 430,3 695,2,3,16,14,135 056,362 480,230 001,38,39,mistral_table,mistral_table,no
888,VIRGEM DA LAPA,5,11,4,776,1.950,927,6,6,21,7,57 207,269 262,105 341,38,39,mistral_table,mistral_table,no
889,VIRGINIA,21,73,40,3 934,69 891,18 909,15,19,80,47,569 011,6 613 465,1 848 764,38,39,mistral_table,mistral_table,no
890,VIRGINOPOLIS,4,20,6,1 163,5 385,3 238,5,5,27,11,79 095,375 379,196 551,38,39,mistral_table,mistral_table,no
891,VIRGOLANDIA,4,13,4,433,1 348,805,2,2,(B),(A),(X),(B),(X),38,39,mistral_table,mistral_table,no
892,VISCONDE DO RIO BRANCO,54,950,731,87 393,1 865 700,630 971,54,63,1 136,940,11 104 801,205 155 549,74 046 362,38,39,mistral_table,mistral_table,no
893,VOLTA GRANDE,7,62,28,6 343,170 269,25 506,7,7,66,49,353 932,19 073 976,6 096 442,38,39,mistral_table,mistral_table,no
894,WENCESLAU BRAZ,4,24,10,1 379,12 305,2 336,4,4,28,22,145 258,1 201 328,413 443,38,39,mistral_table,mistral_table,no
895,ESPIRITO SANTO,3 308,61 902,45 075,9 754 112,110 122 216,46 877 028,2 926,3 276,66 649,49 556,1 055 338 376,18 706 731 690,6 792 169 048,38,39,mistral_table,pdf_text_layout,no
896,EXTRATIVA MINERAL,139,6 645,3 754,2 790 115,34 304 058,13 496 233,32,65,4 741,1 712,201 654 340,3 058 598 466,979 906 557,38,39,mistral_table,pdf_text_layout,no
897,TRANSFORMAÇÃO,3 162,54 942,41 010,6 828 653,75 598 714,33 195 291,,,,,,,,38,39,mistral_table,mistral_table_partial,yes
898,NÃO METALICOS,442,7 601,5 687,730 904,8 251 451,4 126 616,314,359,7 428,5 867,62 171 243 874,260 482,513 804 357,38,39,mistral_table,pdf_text_layout,no
899,METALURGICA,227,5 985,4 027,890 393,8 234 610,3 207 946,206 226,7 578,5 070,205 404 754,6 353,351 839,1 700 671 597,38,39,mistral_table,pdf_text_layout,no
900,MECANICA,74,3 515,3 233,1 041 808,2 791 407,1 818 969,52,82,5 188,4 942,121 326 649 451,303 933,280 532 597,38,39,mistral_table,pdf_text_layout,no
901,MATERIAL ELÉTRICO,25,624,510,97 228,563 540,283 655,11,22,476 289,7 096 872,1 58,952 100,93 645 967,38,39,mistral_table,pdf_text_layout,no
902,TRANSPORTE,54,2 144,949,580 552,2 075 502,886 210,50,54,1 743,1 552,68 585 301 252,439 675,94 983 506,38,39,mistral_table,pdf_text_layout,no
903,MADAIRAS,442,8 401,6 854,636 714,6 047 541,2 971 670,317,336,6 061,5 214,32 220 020 379,461 315,216 189 416,38,39,mistral_table,pdf_text_layout,no
904,MOBILIÁRIO,381,3 083,2 044,232 422,911 763,738 886,371,378,3 429,2 555,20 172 773 154,484 285,83 952 172,38,39,mistral_table,pdf_text_layout,no
905,PAPEL E PAPELÃO,10,1 046,519,278 746,8 747 179,6 319 249,,,,,,,,38,39,mistral_table,mistral_table_partial,yes
906,BORRACHA,17,284,217,26 417,267 121,147 868,7,13,287 234,2 223 232,25 053 584,11,664 908,38,39,mistral_table,pdf_text_layout,no
907,COUROS E PELES,16,191,138,20 548,119 958,36 111,13,13,36,21,156 995,1 019 390,445 132,38,39,mistral_table,pdf_text_layout,no
908,QUÍMICA,26,561,370,119 977,3 366 991,1 220 092,19,46,2 521,1 734,41 225 215,·1 887 863 910,465 354 155,38,39,mistral_table,pdf_text_layout,no
909,FARMACÊUTICA,3,(D),(E),(E),(D),(E),1,2,(Cl,(C),()(),(0),()(),38,39,mistral_table,pdf_text_layout,no
910,PERFUMÁRIA,5,77,61,7 945,139 958,52 712,,,,,,,,38,39,mistral_table,pdf_text_tokens_partial,yes
911,MATS. PLASTICAS,19,529,504,57 980,623 871,324 529,,,,,,,,38,39,mistral_table,mistral_table_partial,yes
912,TEXTIL,23,1 594,438,139 017,1 933 131,843 540,,,,,,,,38,39,mistral_table,mistral_table_partial,yes
913,VESTUÁRIO,177,4 583,3 915,320 444,2 691 500,1 424 955,,,,,,,,38,39,mistral_table,mistral_table_partial,yes
914,ALIMENTARES,897,10 950,7 233,1 180 136,24 945 804,6 893 961,,,,,,,,38,39,mistral_table,mistral_table_partial,yes
915,BERIDAS,151,1 654,898,205 109,1 813 161,1 110 781,105 117,1 379 632,15,834 581,210 195,823 114,942 223,38,39,mistral_table,pdf_text_layout,no
916,FUMO,1,(E),(E),(E),(E),(E),-,1,(E),(A),(X),(A),(X),38,39,mistral_table,tesseract_por_review,no
917,GRAFICA,134,1 536,054,196 722,1 381 156,673 506,114,123,1 154,741,13 351 251,65 036 056,44 623 410,38,39,mistral_table,pdf_text_layout,no
918,DIVERSAS,42,383,267,42 902,147 127,95 862,42,47,447,329,4 519 015,22 770 926,11 859 479,38,39,mistral_table,pdf_text_layout,no
919,VITÓRIA,367,11 086,8 231,3 475 088,34 629 480,12 957 437,221 309,9 569,5 547 329,160 987,3 101 793,878 777,505 003,38,39,mistral_table,mistral_table,no
920,EXTRATIVA MINERAL,19,2 790,1 706,1 993 775,26 586 198,9 188 015,13 824,478 163,866 146,2,231 712,996 411,533 856,38,39,mistral_table,pdf_text_tokens,no
921,TRANSFORMAÇÃO,347,8 214,6 443,1 822 880,7 945 926,3 692 001,215 296,6 745,5 069 165,294 841,870 080,882 365,971 147,38,39,mistral_table,mistral_table,no
922,NÃO METALICOS,31,897,662,91 612,1 318 532,260 677,12,25,556 410,6 630,692 129,767 491,34 092 107,38,39,mistral_table,pdf_text_layout,no
923,METALURGICA,36,548,273,83 299,203 168,125 637,,,,,,,,38,39,mistral_table,mistral_table_partial,yes
924,MECANICA,25,1 639,1 523,643 901,1 638 521,1 056 296,,,,,,,,38,39,mistral_table,mistral_table_partial,yes
925,MATERIAL ELÉTRICO,12,101,77,39 376,70 164,67 331,,,,,,,,38,39,mistral_table,mistral_table_partial,yes
926,TRANSPORTE,11,1 414,1 394,519 162,1 791 584,746 756,3,4 065,1 004,62 761,915 217,735 978,82 213 794,38,39,mistral_table,pdf_text_layout,no
927,MADAIRAS,8,84,53,11 761,42 308,18 421,7,79,95,933 030,4 089 744,2,529 643,38,39,mistral_table,mistral_table,no
928,MOBILIÁRIO,27,174,89,29 107,146 883,110 689,17,18 135,93,601 465,8 478 885,3,597 806,38,39,mistral_table,mistral_table,no
929,PAPEL E PAPELÃO,4,36,12,11 318,21 485,11 020,1,4,16,1,558 614,150 313,30 306,38,39,mistral_table,mistral_table,no
930,COUROS E PELES,1,(A),(A),(A),(A),(A),,,,,,,,38,39,mistral_table,mistral_table_partial,yes
931,QUÍMICA,8,37,8,12 634,54 024,54 024,1,10,117,19,3 851 812,28 653 863,11 927 310,38,39,mistral_table,pdf_text_layout,no
932,MATS. PLASTICAS,5,47,16,9 315,12 002,7 236,2,3,28,10,571 872,410 158,267 497,38,39,mistral_table,mistral_table,no
933,TEXTIL,5,283,266,24 994,519 875,209 877,1,5,204,188,1 241 678,28 215 651,9 138 880,38,39,mistral_table,pdf_text_layout,no
934,VESTUÁRIO,38,449,362,32 601,283 681,133 312,45,45,490,373,2 289 876,20 173 256,9 995 773,38,39,mistral_table,pdf_text_layout,no
935,ALIMENTARES,65,1 371,890,127 594,1 241 512,514 688,38,52,1 461,1 055,13 678 476,199 527 762,47 110 528,38,39,mistral_table,pdf_text_layout,no
936,BERIDAS,2,(D),(C),(E),(C),(E),,,,,,,,38,39,mistral_table,mistral_table_partial,yes
937,FUMO,1,(E),(E),(E),(E),(E),-,1,(E),(A),(X),(A),(X),38,39,mistral_table,tesseract_por_review,no
938,GRAFICA,54,905,633,149 758,555 366,345 350,37,41,656,408,10 197 287,48 768 404,3S 308 677,38,39,mistral_table,pdf_text_layout,no
939,DIVERSAS,15,107,61,11 444,30 422,17 367,12,16,156,101,2 792 210,1 5 5A3 844,7 400 795,38,39,mistral_table,pdf_text_layout,no
940,CACHOEIRO DE ITAPEMIRIM,362,7 740,6 190,695 495,7 326 174,3 636 657,252,298 992,6 758,50 592 764,699 956,235 410,731 506,38,39,mistral_table,pdf_text_layout,no
941,NÃO METALICOS,110,2 969,2 356,309 745,4 333 702,2 179 114,89,100 867,2 241,22 215 655,408 191,802 289,384 972,38,39,mistral_table,pdf_text_layout,no
942,TRANSPORTE,9,90,64,6 284,36 452,13 655,,,,,,,,38,39,mistral_table,mistral_table_partial,yes
943,VESTUÁRIO,16,1 451,1 315,94 378,711 386,430 787,,,,,,,,38,39,mistral_table,mistral_table_partial,yes
944,ALIMENTARES,51,491,264,51 022,1 239 125,365 693,31,35,408 264,4 174 096 110,306 161,16 048,76S,38,39,mistral_table,pdf_text_layout,no
945,DEMAIS GÊNEROS,122,1 413,1 075,114 465,672 690,406 597,,,,,,,,38,39,mistral_table,mistral_table_partial,yes
946,CARÍACICA,180,7 034,4 040,1 642 019,9 945 345,3 312 942,,,,,,,,38,39,mistral_table,mistral_table_partial,yes
947,NÃO METALICOS,10,107,70,14 165,374 470,307 849,,,,,,,,38,39,mistral_table,mistral_table_partial,yes
948,METALURGICA,27,1 843,982,412 163,4 364 529,1 063 396,,,,,,,,38,39,mistral_table,mistral_table_partial,yes
949,TEXTIL,5,959,882,95 512,1 237 490,564 903,,,,,,,,38,39,mistral_table,mistral_table_partial,yes
950,VESTUÁRIO,11,340,266,25 195,215 102,120 752,,,,,,,,38,39,mistral_table,mistral_table_partial,yes
951,ALIMENTARES,39,752,522,72 947,2 115 534,396 430,41,45,849 619,5 462 219 149,748 125,37,950 566,38,39,mistral_table,pdf_text_layout,no
952,DEMAIS GÊNEROS,88,3 033,1 318,1 022 037,1 936 220,859 615,,,,,,,,38,39,mistral_table,mistral_table_partial,yes
953,COLATINA,257,4 889,3 761,382 780,4 848 125,1 970 825,224,233,128,4 280,28 794 281,430 451 834,198 841 417,38,39,mistral_table,pdf_text_layout,no
954,NÃO METALICOS,34,364,257,24 464,189 462,157 332,22,25,392,337,1 619 776,15 317 982,11 659 423,38,39,mistral_table,pdf_text_layout,no
955,METALURGICA,9,191,145,14 279,176 198,73 924,16,16,318,241,2 137 336,37 518 140,19 322 562,38,39,mistral_table,pdf_text_layout,no
956,MADAIRAS,54,1 353,129,107 023,824 435,446 958,27,28,638 574,2 600 077,15 345 009,a 200,443,38,39,mistral_table,pdf_text_layout,no
957,VESTUÁRIO,41,1 282,1 096,83 329,973 932,469 528,81,81,2 282,959,12 569 345,141 568 994,76 045 741,38,39,mistral_table,pdf_text_layout,no
958,ALIMENTARES,46,756,401,87 705,2 277 244,601 462,24,26,843,647,6 609 825,199 192 393,69 131 621,38,39,mistral_table,pdf_text_layout,no
959,DEMAIS GÊNEROS,73,943,733,65 980,406 854,221 621,54,57',655,522,3 257 922,21 509 316,14 481 627,38,39,mistral_table,pdf_text_layout,no
960,LINHARES,200,2 558,1 959,173 846,1 695 140,633 306,143,158,2 796,2 236,18 893 485,208 851 964,95 179 753,40,41,mistral_table,mistral_table,no
961,TRANSPORTE,4,76,59,6 055,24 455,12 144,7,3,(F),(F),(X),(D),(D),40,41,mistral_table,mistral_table,no
962,MADEIRA,59,1 262,1 046,81 023,808 335,279 700,38,43,792,680,4 995 986,46 412 259,26 565 759,40,41,mistral_table,mistral_table,no
963,MOBILIARIO,27,596,408,45 248,335 939,145 945,30,32,149,935,6 847 801,71 654 774,35 967 476,40,41,mistral_table,mistral_table,no
964,QUÍMICA,-,-,-,-,-,-,1,2,!F),(F),<X),IG),<X>,40,41,mistral_table,pdf_text_layout,no
965,ALIMENTARES,49,266,131,14 982,372 639,93 465,32,34,321,218,1 708 469,32 471 470,8 523 107,40,41,mistral_table,mistral_table,no
966,DEMAIS GÉNEROS,61,358,215,26 538,153 772,102 052,38,42,286,222,1 481 993,7 373 383,4 119 840,40,41,mistral_table,mistral_table,no
967,SERRA,126,7 071,5 736,787 826,8 903 419,4 196 120,120,162,13 104,10 701,277 254 919,7 902 136 897,2 276 259 530,40,41,mistral_table,mistral_table,no
968,NÃO METÁLICOS,23,1 033,674,148 770,1 266 992,691 634,14,21,1 483,1 198,19 367 896,198 485 045,98 808 666,40,41,mistral_table,mistral_table,no
969,METALÚRGICA,26,1 930,1 569,222 309,1 613 231,1 000 902,18,24,4 158,2 727,157 346 065,5 514 993 556,1 450 775 991,40,41,mistral_table,mistral_table,no
970,MECANICA,3,117,106,21 645,97 418,43 424,6,11,2 418,2 352,53 518 592,238 680 422,136 455 160,40,41,mistral_table,mistral_table,no
971,MADEIRA,20,2 013,1 832,170 265,2 555 110,1 176 688,6,13,2 489,2 331,13 917 725,258 787 284,144 432 229,40,41,mistral_table,mistral_table,no
972,QUÍMICA,6,308,191,69 435,2 048 591,651 655,3,10,964,788,17 210 100,1 455 057 196,314 114 842,40,41,mistral_table,mistral_table,no
973,DEMAIS GÉNEROS,48,1 670,1 364,155 402,1 322 077,631 817,73,83,1 592,1 307,15 894 541,236 133 394,131 672 642,40,41,mistral_table,mistral_table,no
974,VILA VELHA,321,5 501,4 170,632 535,7 685 602,2 774 492,346,386,6 120,4 554,59 254 969,822 336 738,423 787 201,40,41,mistral_table,mistral_table,no
975,NÃO METÁLICOS,25,(F),(F),(F),(F),(F),20,23,192,147,1 008 845,18 175 575,7 970 185,40,41,mistral_table,mistral_table,no
976,PAPEL E PAPELÃO,2,(F),(F),(F),(F),(F),3,4,215,195,1 955 021,14 421 219,9 923 237,40,41,mistral_table,mistral_table,no
977,PERFUMARIA,3,65,56,6 958,127 376,47 252,4,4,175,161,1 502 458,23 188 973,7 679 074,40,41,mistral_table,mistral_table,no
978,VESTUÁRIO,31,602,513,53 224,261 491,154 434,81,82,1 390,1 160,6 855 832,67 921 505,40 167 783,40,41,mistral_table,mistral_table,no
979,ALIMENTARES,75,2 551,1 930,341 578,6 154 148,1 959 234,71,96,2 887,2 092,37 003 177,641 814 847,327 261 201,40,41,mistral_table,mistral_table,no
980,DEMAIS GÉNEROS,185,1 899,1 376,189 021,943 204,502 371,167,177,1 261,799,10 929 636,56 814 619,30 785 721,40,41,mistral_table,mistral_table,no
981,AFONSO CLÁUDIO,53,205,104,9 581,135 620,25 684,125,126,272,111,1 218 048,52 381 175,30 014 276,40,41,mistral_table,mistral_table,no
982,ALEGRE,31,208,160,12 899,48 667,25 613,30,33,163,112,921 425,18 546 707,3 721 759,40,41,mistral_table,mistral_table,no
983,ALFREDO CHAVES,12,44,14,2 084,37 951,3 546,13,13,81,32,336 804,7 871 516,618 108,40,41,mistral_table,mistral_table,no
984,ANCHIETA,15,830,700,295 378,7 227 449,3 959 819,13,14,759,291,19 593 520,787 099 637,545 071 102,40,41,mistral_table,mistral_table,no
985,APIACA,5,15,8,925,2 154,1 093,4,4,17,10,43 990,206 521,41 328,40,41,mistral_table,mistral_table,no
986,ARACRUZ,52,1 788,1 171,467 653,9 575 040,6 651 592,42,47,1 613,983,71 906 579,1 074 113 162,721 792 388,40,41,mistral_table,mistral_table,no
987,ATILIO VIVACQUA,5,15,5,982,2 659,1 745,4,4,12,6,151 957,629 387,479 218,40,41,mistral_table,mistral_table,no
988,BAIXO GUANDU,50,403,292,23 430,278 749,64 827,72,74,392,277,2 471 354,67 407 370,20 924 936,40,41,mistral_table,mistral_table,no
989,BARRA DE SÃO FRANCISCO,104,235,118,17 409,296 856,91 083,119,122,307,156,1 461 774,13 979 224,3 993 565,40,41,mistral_table,mistral_table,no
990,BOA ESPERANÇA,24,196,139,9 940,51 465,30 121,19,21,512,423,1 139 895,4 134 990,1 678 900,40,41,mistral_table,mistral_table,no
991,BOM JESUS DO NORTE,10,153,117,10 952,191 430,29 906,6,8,79,42,694 920,9 931 693,1 063 210,40,41,mistral_table,mistral_table,no
992,CASTELO,42,353,225,29 562,291 928,156 908,23,24,303,192,1 901 225,23 743 194,12 251 228,40,41,mistral_table,mistral_table,no
993,CONCEIÇÃO DA BARRA,33,1 035,866,81 706,902 494,514 559,18,20,857,726,8 434 869,84 118 673,34 233 056,40,41,mistral_table,mistral_table,no
994,CONCEIÇÃO DO CASTELO,24,138,90,5 667,120 588,35 763,29,30,189,115,1 010 623,8 363 703,4 299 457,40,41,mistral_table,mistral_table,no
995,DIVINO DE SÃO LOURENÇO,4,4,-,260,6 559,288,-,-,-,-,-,-,-,40,41,mistral_table,mistral_table,no
996,DOMINGOS MARTINS,33,342,253,26 029,265 493,62 983,32,33,281,217,1 794 580,11 337 881,7 321 829,40,41,mistral_table,mistral_table,no
997,DORES DO RIO PRETO,8,20,9,1 056,17 424,1 883,3,3,11,5,52 414,113 116,72 796,40,41,mistral_table,mistral_table,no
998,ECOFORANGA,40,149,83,7 195,152 090,22 040,13,15,69,46,352 225,10 457 162,952 741,40,41,mistral_table,mistral_table,no
999,FUNDÃO,13,95,65,5 281,121 406,45 370,7,8,212,180,1 200 256,41 117 840,14 478 365,40,41,mistral_table,mistral_table,no
1000,GUAÇUI,53,331,239,23 928,295 373,68 648,26,27,256,189,1 310 039,14 853 682,5 348 098,40,41,mistral_table,mistral_table,no
1001,GUARAPARI,46,412,249,26 490,167 468,83 189,47,50,374,265,1 733 269,20 365 899,11 315 056,40,41,mistral_table,mistral_table,no
1002,IBATIBA,-,-,-,-,-,-,4,5,18,10,92 014,464 971,59 892,40,41,mistral_table,mistral_table,no
1003,IBIRACU,54,729,538,78 291,1 128 240,523 359,43,46,499,368,4 589 552,115 878 728,49 994 577,40,41,mistral_table,mistral_table,no
1004,ICONHA,11,104,65,6 107,27 125,19 820,14,14,110,83,511 620,3 461 913,2 222 231,40,41,mistral_table,mistral_table,no
1005,ITAGUAÇU,19,136,91,6 249,401 594,43 660,26,27,167,137,1 290 171,77 543 925,14 759 883,40,41,mistral_table,mistral_table,no
1006,ITAPEMIRIM,41,685,544,66 466,1 485 224,621 842,33,38,814,617,6 577 955,191 752 091,80 751 307,40,41,mistral_table,mistral_table,no
1007,ITARANA,17,56,22,2 446,24 833,9 968,26,26,96,53,1 642 908,25 356 556,12 021 861,40,41,mistral_table,mistral_table,no
1008,IUNA,43,155,84,17 946,59 121,34 141,5,6,18,13,94 871,6 541 098,213 984,40,41,mistral_table,mistral_table,no
1009,JAGUARE,-,-,-,-,-,-,13,13,100,77,463 484,2 027 796,1 317 518,40,41,mistral_table,mistral_table,no
1010,JERONIMO MONTEIRO,10,73,50,3 161,10 561,5 846,10,10,64,45,267 240,1 035 518,656 690,40,41,mistral_table,mistral_table,no
1011,MANTENOPOLIS,34,56,20,2 922,79 090,14 190,74,74,171,97,776 084,1 775 924,1 426 735,40,41,mistral_table,mistral_table,no
1012,MARILANDIA,-,-,-,-,-,-,58,58,203,126,1 097 878,12 160 586,4 253 784,40,41,mistral_table,mistral_table,no
1013,MIMOSO DO SUL,42,301,201,21 438,231 676,60 431,41,45,278,158,1 635 912,15 686 154,4 276 055,40,41,mistral_table,mistral_table,no
1014,MONTANHA,31,271,198,11 424,63 753,29 416,23,25,150,96,598 209,12 722 107,1 947 368,40,41,mistral_table,mistral_table,no
1015,MUCURICI,12,81,58,3 420,76 942,10 864,9,10,33,15,175 761,8 144 004,816 624,40,41,mistral_table,mistral_table,no
1016,MUNIZ FREIRE,22,78,41,6 803,77 509,29 405,24,24,78,47,285 310,1 200 343,696 153,42,43,mistral_table,mistral_table,no
1017,MUQUI,24,138,92,7 598,30 724,17 468,13,14,111,79,542 736,5 024 580,992 853,42,43,mistral_table,mistral_table,no
1018,NOVA VENECIA,72,650,347,54 605,1 283 325,305 565,53,59,565,465,5 285 613,128 436 809,18 488 402,42,43,mistral_table,mistral_table,no
1019,PANCAS,35,106,72,6 271,291 950,38 161,13,13,54,32,196 446,2 381 757,734 519,42,43,mistral_table,mistral_table,no
1020,PEDRO CANARIO,-,-,-,-,-,-,25,25,350,193,803 745,64 967 098,20 098 394,42,43,mistral_table,mistral_table,no
1021,PINHEIROS,39,378,275,15 645,74 952,31 219,51,52,275,167,939 472,11 054 446,2 562 496,42,43,mistral_table,mistral_table,no
1022,PIUNA,7,26,14,1 005,8 613,5 057,19,19,132,93,733 004,2 304 990,1 117 990,42,43,mistral_table,mistral_table,no
1023,PRESIDENTE KENNEDY,8,48,22,2 760,30 839,7 596,6,8,36,27,247 390,9 194 185,1 316 961,42,43,mistral_table,mistral_table,no
1024,RIO BANANAL,-,-,-,-,-,-,5,5,45,36,209 794,598 757,458 824,42,43,mistral_table,mistral_table,no
1025,RIO NOVO DO SUL,15,110,80,5 600,66 819,50 135,14,15,96,71,525 396,13 472 243,1 586 949,42,43,mistral_table,mistral_table,no
1026,SANTA LEOPOLDINA,17,122,90,7 686,175 170,63 263,6,7,37,27,206 522,13 209 236,2 825 821,42,43,mistral_table,mistral_table,no
1027,SANTA TERESA,88,998,745,73 779,423 345,231 326,59,60,738,582,3 114 899,19 933 648,13 853 836,42,43,mistral_table,mistral_table,no
1028,SÃO GABRIEL DA PALHA,73,629,468,44 255,489 001,232 744,83,85,542,413,4 414 360,142 824 078,46 488 117,42,43,mistral_table,mistral_table,no
1029,SÃO JOSE DO CALCADO,15,55,33,5 119,16 165,12 233,3,4,14,5,36 472,179 119,93 932,42,43,mistral_table,mistral_table,no
1030,SÃO MATEUS,57,648,489,54 834,217 763,123 890,31,35,366,250,3 680 034,40 015 329,12 551 450,42,43,mistral_table,mistral_table,no
1031,VIANA,32,2 419,1 542,400 286,8 125 734,2 996 990,18,34,2 989,2 106,56 517 748,1 170 450 262 444,420 238,42,43,mistral_table,mistral_table,no
1032,RIO DE JANEIRO,19 163,597 177,410 220,124 951 386,1 092 190 664,471 468 374,13 408,16 892,528 657,361 772,899 641 606,108 914 884 755,51 349 013 531,42,43,mistral_table,pdf_text_layout,no
1033,EXTRATIVA MINERAL,482,9 995,3 061,3 880 080,47 050 138,46 105 635,191 293,5 727,2 259,260 102 434,6 150 176 250,6 106,293 095,42,43,mistral_table,mistral_table,no
1034,TRANSFORMAÇÃO,18 607,581 819,402 997,118 986 209,1 041 779 823,422 269 831,,,,,,,,42,43,mistral_table,mistral_table_partial,yes
1035,NÃO METALICOS,1 443,36 341,26 911,5 544 168,42 313 684,22 409 779,1 067,1 300,26 268,19 757 336,673 096,2 551 483 371,1 395 687 128,42,43,mistral_table,pdf_text_layout,no
1036,METALURGICA,2 241,63 287,46 666,12 723 485,202 385 495,54 072 405,,,,,,,,42,43,mistral_table,mistral_table_partial,yes
1037,MECANICA,1 089,58 124,43 474,14 881 042,53 115 790,32 348 944,,,,,,,,42,43,mistral_table,mistral_table_partial,yes
1038,MATERIAL ELÉTRICO,555,25 218,16 629,6 726 042,35 832 479,22 104 272,347 562,25 313,16 277,634 526 838,3 780 192 699,2 620,558 962,42,43,mistral_table,mistral_table,no
1039,TRANSPORTE,494,45 928,33 636,11 644 802,82 829 222,39 586 275,328 438,37 668,29 124,879 785 261,4 655 837 724,2 724,674 088,42,43,mistral_table,mistral_table,no
1040,MADEIRA,619,5 682,3 922,697 376,3 642 919,1 769 818,395,440,4 157,3 071,39 516 612,212 151 760 110,003 324,42,43,mistral_table,mistral_table,no
1041,MOBILIÁRIO,1 182,16 072,11 796,1 897 665,11 066 707,6 086 260,956,1 071,13 634,10 229,118 498 742,714 723 287 400,559 694,42,43,mistral_table,mistral_table,no
1042,PAPEL E PAPELÃO,276,14 480,11 065,2 328 047,20 419 984,9 705 195,149,236,12 424,9 085,189 081 791,1 595 136 383 714,890 674,42,43,mistral_table,mistral_table,no
1043,BORRACHA,118,3 854,2 790,777 865,6 650 803,3 120 012,76,109,4 802,3 385,108 401 174,920 998 861 515,523 257,42,43,mistral_table,mistral_table,no
1044,COUROS E PELES,56,4 733,3 763,842 154,4 073 160,1 529 218,35,45,3 050,2 689,38 219 192,290 292 110 125,697 189,42,43,mistral_table,mistral_table,no
1045,QUÍMICA,605,34 237,14 611,16 335 309,231 226 668,52 408 528,279 596,41 950,15 663,1 698 576 721,31 684 437 419,9 834,044 932,42,43,mistral_table,mistral_table,no
1046,FARMACÊUTICA,203,14 114,7 406,4 010 430,30 601 868,18 813 503,86 181,12 875,5 900,375 610 585,3 183 828 347,2 229,041 631,42,43,mistral_table,mistral_table,no
1047,PERFUMÁRIA,179,6 978,4 494,1 256 196,13 811 016,6 996 877,140,184,6 057,3 529,92 276 508,1 201 573 870 633,201 516,42,43,mistral_table,mistral_table,no
1048,MATS. PLASTICAS,361,16 130,11 273,2 898 590,23 653 841,12 879 270,223 321,16 049,11 919,190 832 918,3 442 066 099,1 394,900 161,42,43,mistral_table,mistral_table,no
1049,TEXTIL,465,38 388,32 493,5 463 163,49 370 980,19 956 402,147 319,27 224,22 134,315 486 897,4 276 941 757,2 033,037 356,42,43,mistral_table,mistral_table,no
1050,VESTUÁRIO,2 272,54 291,43 353,5 532 643,41 144 245,24 260 815,,,,,,,,42,43,mistral_table,mistral_table_partial,yes
1051,ALIMENTARES,4 028,70 432,45 283,6 593 367,98 516 584,36 748 470,,,,,,,,42,43,mistral_table,mistral_table_partial,yes
1052,BEBIDAS,204,10 457,5 549,3 048 453,13 577 444,6 844 029,106,179,9 160,5 436,229 039 147,1 090 504 251 501,990 730,42,43,mistral_table,mistral_table,no
1053,FUMO,31,4 265,2 721,1 507 445,7 918 203,5 159 531,4,28,3 030,1 361,193 992 746,399 415 384 226,300 527,42,43,mistral_table,mistral_table,no
1054,GRAFICA,1 315,33 982,19 128,7 307 425,44 172 579,29 650 631,,,,,,,,42,43,mistral_table,mistral_table_partial,yes
1055,DIVERSAS,869,24 916,16 034,4 970 542,25 556 172,15 819 597,639 811,22 447,16 993,284 733 919,2 660 738 140,1 739,238 175,42,43,mistral_table,mistral_table,no
1056,REGIÃO METROPOLITANA,15 291,492 404,329 185,107 716 985,828 612 769,386 093 484,,,,,,,,42,43,mistral_table,mistral_table_partial,yes
1057,EXTRATIVA MINERAL,248,6 195,1 103,2 915 516,45 190 510,44 989 599,67 112,4 207,1 020,243 572 882,6 069 048 951,6 052,096 985,42,43,mistral_table,mistral_table,no
1058,TRANSFORMAÇÃO,14 992,482 599,325 245,103 278 960,781 006 661,338 905 075,,,,,,,,42,43,mistral_table,mistral_table_partial,yes
1059,NÃO METALICOS,912,27 093,19 903,4 594 099,28 740 652,16 495 350,661,833,19 739,14 633,282 886 653,1 724 821 049 992,189 146,42,43,mistral_table,mistral_table,no
1060,METALURGICA,1 829,45 058,31 822,8 824 510,75 875 869,29 827 829,,,,,,,,42,43,mistral_table,mistral_table_partial,yes
1061,MECANICA,947,45 446,32 377,12 091 523,43 013 100,26 541 023,649 972,36 679,26 748,790 578 035,3 546 780 142,2 375,365 771,42,43,mistral_table,mistral_table,no
1062,MATERIAL ELÉTRICO,523,24 519,16 078,6 601 092,35 470 638,21 846 950,327 537,24 975,15 996,630 255 738,3 757 805 795,2 607,556 867,42,43,mistral_table,mistral_table,no
1063,TRANSPORTE,408,38 856,28 243,9 966 597,68 334 433,30 826 592,277 368,30 442,22 767,665 544 026,2 958 941 561,1 588,550 527,42,43,mistral_table,mistral_table,no
1064,MADEIRA,347,11 431,2 870,571 501,2 527 619,16 722 122,199 231,3 091,2 339,33 002 171,153 433 368,84,131 948,42,43,mistral_table,mistral_table,no
1065,MOBILIÁRIO,990,14 659,10 761,1 789 828,10 480 563,5 771 139,749,862,12 003,8 999,107 862 928,663 427 187 373,737 917,42,43,mistral_table,mistral_table,no
1066,PAPEL E PAPELÃO,253,11 595,8 670,1 933 618,15 801 872,7 591 758,134,212,9 980,1 157,155 979 650,1 064 459 678 482,850 578,42,43,mistral_table,mistral_table,no
1067,BORRACHA,106,3 306,2 312,734 394,6 261 579,2 932 325,62,93,4 492,3 158,105 721 863,888 252 035 498,963 149,42,43,mistral_table,mistral_table,no
1068,COUROS E PELES,49,4 685,3 735,838 746,4 015 251,1 500 206,29,39,2 995,2 650,37 720 918,284 270 785 122,904 907,42,43,mistral_table,mistral_table,no
1069,QUÍMICA,530,30 176,11 642,15 303 474,200 172 016,39 843 444,250 502,36 519,12 284,1 558 104 032,28 083 277 835,9 290,001 405,42,43,mistral_table,mistral_table,no
1070,FARMACÊUTICA,190,13 310,6 731,3 843 692,26 297 813,16 474 893,83 167,12 092,5 262,356 750 408,2 800 516 494,1 964,981 121,42,43,mistral_table,mistral_table,no
1071,PERFUMÁRIA,167,6 894,4 444,1 245 190,13 667 416,6 942 488,127,169,5 875,3 385,90 919 474,1 103 163 455 553,857 904,42,43,mistral_table,mistral_table,no
1072,MATS. PLASTICAS,336,14 367,9 751,2 713 518,21 753 673,11 824 237,197 288,14 001,10 177,177 680 998,2 212 535 017,1 294,123 703,42,43,mistral_table,mistral_table,no
1073,TEXTIL,388,28 987,24 296,4 423 543,31 732 131,14 282 418,120 261,19 517,15 977,225 534 975,2 943 222 365,1 337,743 857,42,43,mistral_table,mistral_table,no
1074,VESTUÁRIO,2 012,49 134,39 142,5 056 958,37 182 394,21 840 714,,,,,,,,42,43,mistral_table,mistral_table_partial,yes
1075,ALIMENTARES,2 903,52 378,32 924,6 753 074,69 525 068,29 236 289,,,,,,,,42,43,mistral_table,mistral_table_partial,yes
1076,BEBIDAS,114,8 790,4 550,2 823 687,10 581 383,5 200 776,49,103,7 872,4 476,214 759 888,817 750 638 387,253 671,42,43,mistral_table,mistral_table,no
1077,FUMO,27,4 170,2 665,1 484 600,7 910 451,5 151 779,4,21,2 909,1 361,190 510 844,399 415 384 226,300 527,42,43,mistral_table,mistral_table,no
1078,GRAFICA,1 136,32 345,18 038,7 124 370,42 344 424,28 269 924,,,,,,,,42,43,mistral_table,mistral_table_partial,yes
1079,DIVERSAS,795,22 730,14 291,4 660 946,23 045 299,15 066 217,581 739,19 933,14 814,257 474 814,2 401 129 058,1 595,896 589,42,43,mistral_table,mistral_table,no
1080,,,,,,,,6 583,8 959,320 820,201 009,840 462 177,50 1.67 098 317,29 484 040 701,42,43,missing,pdf_text_layout,yes
1081,EXTRATIVA MINERAL,111,3 610,480,2 133 490,44 617 249,44 549 676,24,56,2 796 324,220 803 427,4 928 441 494,4 921,802 683,42,43,pdf_text_layout,mistral_table,no
1082,TRANSFORMAÇÃO,10,237,360 065,232 846,84,124 300,6 559,8 903,318 024,200 685,6 619 658 750,45 238 656 823,24 562 238 018,44,45,mistral_table,mistral_table,no
1083,NÃO METALICOS,420,18 316,13 045,3,749 466,22,260,382,12 994,9 045,237 463 367,1 425 562 618,807 449 446,44,45,mistral_table,mistral_table,no
1084,METALURGICA,1,217,34 464,24 281,7,126 883,868,1 051,23 095,15 808,444 245 067,5 516 772 126,2 381 026 917,44,45,mistral_table,mistral_table,no
1085,MECANICA,725,35 232,24 191,9,640 960,34,527,808,29 463,21 127,615 532 405,2 921 500 131,1 920 929 722,44,45,mistral_table,mistral_table,no
1086,MATERIAL ELÉTRICO,450,22 819,14 807,6,274 447,33,279,478,23 629,14 951,609 597 286,3 561 300 921,2 477 993 762,44,45,mistral_table,mistral_table,no
1087,TRANSPORTE,258,22 821,16 710,6,375 090,35,169,237,18 839,14 519,406 642 039,1 973 840 967,980 204 415,44,45,mistral_table,mistral_table,no
1088,MADEIRA,206,2 808,1 958,4,455 233,2,114,141,2 073,1 533,26 968 526,1 110 078 273,62 449 282,44,45,mistral_table,mistral_table,no
1089,MOBILIÁRIO,585,9 234,6 796,1,235 563,7,389,486,7 490,5 422,78 967 284,436 793 897,278 403 356,44,45,mistral_table,mistral_table,no
1090,PAPEL E PAPELÃO,212,9 321,6 787,1,690 910,13,108,178,7 910,5 479,137 733 695,881 491 504,401 290 529,44,45,mistral_table,mistral_table,no
1091,BORRACHA,73,7 975,1 238,5,544 167,1,34,59,3 195,2 119,87 780 292,763 643 979,436 725 796,44,45,mistral_table,mistral_table,no
1092,COURIS E PELES,40,4 365,3 455,7,794 070,3,23,33,2 841,2 509,36 595 737,275 421 319,118 659 159,44,45,mistral_table,mistral_table,no
1093,QUÍMICA,396,22 008,5 852,12,586 083,60,164,368,27 871,6 131,1 257 643 110,7 378 699 349,3 390 005 861,44,45,mistral_table,mistral_table,no
1094,FARMACÊUTICA,170,11 161,5 185,3,462 536,22,70,148,10 475,4 218,319 777 673,2 513 595 523,1 818 411 311,44,45,mistral_table,mistral_table,no
1095,PERFUMÁRIA,130,6 198,3 972,1,178 250,12,91,132,5 090,2 878,85 059 008,1 029 410 361,524 160 950,44,45,mistral_table,mistral_table,no
1096,MATS. PLÁSTICAS,271,12 196,8 052,2,464 583,19,144,225,10 670,7 609,146 400 457,1 399 717 758,750 599 041,44,45,mistral_table,mistral_table,no
1097,TEXTIL,214,15 089,11 680,2,814 494,22,72,166,9 709,7 297,142 412 564,1 742 913 233,835 367 755,44,45,mistral_table,mistral_table,no
1098,VESTUÁRIO,590,39 732,31 291,4,258 948,31,1 313,1 482,39 770,32 125,341 413 352,3 010 699 060,1 605 442 580,44,45,mistral_table,mistral_table,no
1099,ALIMENTARES,1,635,34 377,21 111,4,864 290,726,841,30 316,17 245,451 159 159,4 193 715 894,1 830 781 171,44,45,mistral_table,mistral_table,no
1100,BEBIDAS,69,7 410,3 614,2,612 826,9,22,66,6 092,3 156,194 774 870,620 627 240,288 080 348,44,45,mistral_table,mistral_table,no
1101,FUMO,17,3 415,2 053,1,344 617,6,2,12,2 298,1 079,176 035 452,353 629 803,201 538 049,44,45,mistral_table,mistral_table,no
1102,GRÁFICA,937,29 914,16 612,6,772 137,40,756,942,30 136,16 517,624 752 611,3 366 030 197,2 262 062 042,44,45,mistral_table,mistral_table,no
1103,DIVERSAS,624,17 210,9 756,3,898 347,18,427,568,14 068,9 958,198 704 596,1 741 212 810,1 190 516 526,44,45,mistral_table,mistral_table,no
1104,BARRA MANSA,235,8 644,6 866,1,628 116,24,142,186,8 062,6 139,141 596 215,2 084 374 520,693 928 326,44,45,mistral_table,mistral_table,no
1105,METALURGICA,61,3 880,3 216,7,713 862,10,27,43,3 907,2 901,62 463 825,1 039 314 320,284 733 974,44,45,mistral_table,mistral_table,no
1106,MECANICA,11,1 360,1 237,2,235 846,6,8,13,1 176,1 139,20 298 427,63 508 969,49 696 458,44,45,mistral_table,mistral_table,no
1107,QUÍMICA,13,1 009,1 674,2,800 839,6,3,1,1 088,657,32 410 605,428 018 287,167 970 934,44,45,mistral_table,mistral_table,no
1108,ALIMENTARES,56,7 773,1 458,1,126 280,3,41,47,865,610,13 740 396,411 469 759,145 035 401,44,45,mistral_table,mistral_table,no
1109,GRÁFICA,10,3 335,1 223,6,66 399,1,20,21,363,296,5 881 902,51 894 468,17 286 094,44,45,mistral_table,mistral_table,no
1110,DEMAIS GÉNEROS,81,1 287,1 018,2,204 890,1,43,49,663,536,6 801 260,90 168 717,29 205 465,44,45,mistral_table,mistral_table,no
1111,CAMPOS,544,9 395,6 868,1,034 821,12,425,541,9 145,6 965,85 743 248,1 437 341 881,573 211 133,44,45,mistral_table,mistral_table,no
1112,NÃO METALICOS,116,1 830,1 387,1,150 000,1,109,124,272,988,7 931 122,57 454 458,32 983 800,44,45,mistral_table,mistral_table,no
1113,MECANICA,20,1 946,1 901,1,17 804,1,11,27,1 346,1 295,12 022 599,63 606 481,21 110 457,44,45,mistral_table,mistral_table,no
1114,QUÍMICA,15,1 316,1 261,4,44 953,1,11,30,305,318,10 307 881,485 236 547,169 680 072,44,45,mistral_table,mistral_table,no
1115,VESTUÁRIO,30,1 518,1 420,1,35 646,1,50,155,867,704,3 874 138,38 228 536,17 470 355,44,45,mistral_table,mistral_table,no
1116,ALIMENTARES,176,3 805,2 544,1,505 056,2,126,168,3 163,2 172,34 810 144,680 515 310,281 019 082,44,45,mistral_table,mistral_table,no
1117,DEMAIS GÉNEROS,182,1 984,1 355,1,181 362,1,118,141,1 947,1 488,16 797 364,112 300 147,50 947 367,44,45,mistral_table,mistral_table,no
1118,DUQUE DE CAXIAS,902,27,250,20 340,5 698,595 161,690,807,23 302,18 065,437 894 549,20 513 553 456,5 604 532 622,44,45,mistral_table,mistral_table,no
1119,QUÍMICA,65,4,222,3 103,1 850,220 129,32,62,4 894,3 263,213 144 719,18 604 669 710,4 703 611 018,44,45,mistral_table,mistral_table,no
1120,TEXTIL,30,3 356,3 119,1,353 187,4,10,23,2 226,2 083,17 581 748,316 603 733,88 712 894,44,45,mistral_table,mistral_table,no
1121,VESTUÁRIO,75,2 751,2 414,1,237 988,1,94,102,3 031,2 652,17 491 243,190 152 965,97 842 581,44,45,mistral_table,mistral_table,no
1122,ALIMENTARES,159,2 236,2 323,1,220 059,2,106,114,663,1 164,15 026 114,216 112 967,71 010 495,44,45,mistral_table,mistral_table,no
1123,DIVERSAS,25,1 508,1 435,1,85 296,1,29,33,1 350,1 150,15 745 092,345 390 090,183 747 007,44,45,mistral_table,mistral_table,no
1124,DEMAIS GÉNEROS,548,14 177,9 946,2,951 805,22,419,473,9 938,7 753,158 905 633,840 623 991,454 407 627,44,45,mistral_table,mistral_table,no
1125,ITABORAI,216,3 380,2 777,3,310 438,2,174,179,3 007,2 543,19 275 031,188 473 744,108 354 709,44,45,mistral_table,mistral_table,no
1126,NÃO METALICOS,108,2,085,1 789,1 134,275 440,101,103,(F),IF),(X),(F),(Xl,44,45,mistral_table,pdf_text_layout,no
1127,QUIMICA,2,(C),(8),(X),(E),(X),3,4,396,354,5 717 164,97 013 452,63 850 829,44,45,pdf_text_tokens,mistral_table,no
1128,ALIMENTARES,39,1 438,1 338,1,30 512,1,21,22,308,203,1 293 862,31 275 753,7 986 681,44,45,mistral_table,mistral_table,no
1129,BEBIDAS,4,(0),(C),(X),(D),(X),2,2,(E),(0),<Xl,(F),IX),44,45,pdf_text_tokens,pdf_text_layout,no
1130,DEMAIS GÉNEROS,41,1 574,1 448,1,93,017 867,41,41,363,280,1 958 956,20 738 171,11 632 611,44,45,mistral_table,mistral_table,no
1131,ITAGUAÍ,113,1 965,1 300,1,200 278,1,89,105,2 744,2 088,52 401 917,280 077 289,182 858 340,44,45,mistral_table,mistral_table,no
1132,NÃO METALICOS,108,2,085,1 789,1 134,275 440,14,17,342,295,2 392 921,18 018 899,10 900 703,44,45,mistral_table,mistral_table,no
1133,METALURGICA,12,1 877,1 511,1,18 679,1,11,14,840,719,10 886 192,118 856 864,50 958 095,44,45,mistral_table,mistral_table,no
1134,MECANICA,3,26,22,3 011,7 331,6 222,3,7,852,581,35 149 738,105 682 094,100 354 997,44,45,pdf_text_tokens,mistral_table,no
1135,QUIMICA,3,104,B3,6 668,135 696,72 178,3,4,133,74,800 101,17 480 666,11 884 911,44,45,pdf_text_tokens,mistral_table,no
1136,ALIMENTARES,22,1 264,1 178,1,174 504,1,12,14,274,217,1 402 645,9 602 027,2 927 219,44,45,mistral_table,mistral_table,no
1137,DEMAIS GÉNEROS,54,1 312,1 209,1,26 257,1,46,49,303,202,1 770 320,10 436 739,5 832 415,44,45,mistral_table,mistral_table,no
1138,MAGE,187,5 909,4 900,8,875 171,8,122,144,2 075,4 310,47 578 709,349 511 665,134 292 351,44,45,mistral_table,mistral_table,no
1139,MECANICA,9,1 374,1 124,1,129 582,1,2,3,407,316,7 137 927,14 659 787,9 317 932,44,45,mistral_table,mistral_table,no
1140,PAPEL E PAPELÃO,3,1 261,1 206,1,27 159,1,2,3,557,521,4 139 311,62 600 609,26 923 372,44,45,mistral_table,mistral_table,no
1141,QUÍMICA,1,1 155,1 152,1,35 765,1,,,,,,,,44,45,mistral_table,pdf_text_layout_partial,yes
1142,TEXT I L,13,2 681,2 475,268 403,587 142,665 136,-,6,1 999,1 852,17 108 562,167 088 153,47 604 120,44,45,pdf_text_tokens,mistral_table,no
1143,ALIMENTARES,36,1 322,1 178,1,19 910,1,37,38,(F),IF),IX),(F),IX l,44,45,mistral_table,pdf_text_layout,no
1144,DEMAIS GÉNEROS,123,2 116,1 765,1,364 352,5,82,92,1 246,1 033,9 541 497,60 612 979,28 975 539,44,45,mistral_table,mistral_table,no
1145,NILOPOLIS,162,1 365,1 884,1,113 566,1,120,126,1 207,859,6 321 224,53 806 892,4 950 728,44,45,mistral_table,mistral_table,no
1146,BORRACHA,1,(0),(0),(X),(E),(X),1,1,IDl,10),IX),CE),IX),44,45,pdf_text_tokens,pdf_text_layout,no
1147,OUIMICA,6,48,22,4 549,44 697,13 221,5,5,47,24,406 510,5 336 818,2 032 183,44,45,pdf_text_tokens,mistral_table,no
1148,VESTUÁRIO,14,1 231,1 194,1,12 639,1,,,,,,,,44,45,mistral_table,missing,yes
1149,ALIMENTARES,62,1 342,1 200,1,25 492,1,26,27,211,126,1 254 134,25 379 667,-10 443 443,44,45,mistral_table,mistral_table,no
1150,OI VERSAS,9,(F),(F),(X),(E),IX),6,7,128,103,1 042 379,5 822 087,3 077 077,44,45,pdf_text_tokens,mistral_table,no
1151,DEMAIS GÉNEROS,70,1 555,1 327,1,52 735,1,65,68,332,163,2 091 685,9 604 062,5 284 720,44,45,mistral_table,mistral_table,no
1152,NITROI,543,22 055,15 856,3,825 217,24,421,498,15 729,11 630,239 159 975,1 279 236 784,636 324 990,44,45,mistral_table,mistral_table,no
1153,METALURGICA,49,1 328,1 191,1,29 576,1,38,44,669,436,11 862 569,73 017 963,34 723 930,44,45,mistral_table,mistral_table,no
1154,TRANSPORTE,76,9 672,6 729,1,915 598,13,58,70,8 414,5 141,129 284 352,500 947 541,279 010 725,44,45,mistral_table,mistral_table,no
1155,TEXTIL,11,1 074,1 946,1,134 256,1,3,6,856,693,6 286 014,106 980 601,32 554 848,44,45,mistral_table,mistral_table,no
1156,ALIMENTARES,174,3 821,2 726,1,421 851,4,91,107,2 699,1 943,24 023 394,338 013 810,121 076 493,44,45,mistral_table,mistral_table,no
1157,GRÁFICA,34,1 008,1 539,1,171 363,1,41,52,1 021,551,19 107 681,57 921 022,45 610 318,44,45,mistral_table,mistral_table,no
1158,DEMAIS GÉNEROS,199,6 152,4 725,1,152 573,4,190,215,4 070,2 866,48 506 065,202 357 857,123 348 676,44,45,mistral_table,mistral_table,no
1159,NOVA FRIBURGO,356,11 776,9 664,1,612 186,11,276,332,9 789,8 008,104 476 199,970 834 031,594 436 900,44,45,mistral_table,mistral_table,no
1160,METALURGICA,48,1 648,1 410,1,292 806,1,37,44,1 398,1 165,14 854 683,97 580 038,59 820 502,44,45,mistral_table,mistral_table,no
1161,MECANICA,24,1 152,1 934,1,282 086,1,16,32,1 050,849,19 174 480,79 678 255,61 925 581,44,45,mistral_table,mistral_table,no
1162,MATS. PLÁSTICAS,10,1 875,1 723,1,103 705,1,1,1,1 032,894,5 439 232,100 220 994,49 110 757,44,45,mistral_table,mistral_table,no
1163,TEXTIL,19,3 074,2 678,377 955,4 033 955,2 344 642,5,15,2 381,2 011,26 705 775,328 127 085,187 991 565,44,45,pdf_text_layout,mistral_table,no
1164,VESTUÁRIO,46,2 795,2 318,1,313 362,2,63,85,1 931,1 566,19 550 200,180 686 827,129 072 428,44,45,mistral_table,mistral_table,no
1165,DEMAIS GÉNEROS,209,2 232,1 601,1,242 272,1,146,164,2 027,1 523,18 751 829,184 540 832,109 687 067,44,45,mistral_table,mistral_table,no
1166,NOVA IGUACU,893,20 569,14 694,3 288 072,29 486 990,13 390 000,531,619,16 657,12 699,226 009 863,3 695 903 388,1 882 378 082,46,47,mistral_table,mistral_table,no
1167,METALURGICA,120,2 654,1 978,507 820,5 098 158,2 130 731,77,91,3 449,2 823,57 341 495,757 059 033,311 875 288,46,47,mistral_table,mistral_table,no
1168,MECANICA,51,2 553,1 820,595 319,2 200 167,1 350 901,22,28,1 166,752,24 969 799,170 693 547,120 352 178,46,47,mistral_table,mistral_table,no
1169,TRANSPORTE,18,1 772,1 571,378 734,2 476 305,1 414 511,3,177,741,536,12 881 237,117 072 849,32 322 169,46,47,mistral_table,mistral_table,no
1170,QUIMICA,23,2 241,1 407,536 944,5 938 271,2 625 741,21,29,1 650,1 422,44 731 128,1 685 114 425,971 162 861,46,47,mistral_table,mistral_table,no
1171,ALIMENTARES,307,3 235,1 823,316 688,4 600 751,1 539 473,153,166,2 140,1 371,18 031 160,288 352 168,91 064 879,46,47,mistral_table,mistral_table,no
1172,DEMAIS GENEROS,373,8 114,6 095,952 587,9 173 338,4 328 643,245,289,7 511,5 795,68 054 844,677 610 366,323 415 553,46,47,mistral_table,mistral_table,no
1173,PETROPOLIS,674,19 627,15 177,2 788 819,19 402 686,11 214 689,572,643,18 343,14 109,244 029 845,1 547 169 083,932 372 957,46,47,mistral_table,mistral_table,no
1174,TRANSPORTE,5,893,592,246 859,938 515,715 729,7,28,2 881,1 407,89 816 502,221 336 071,165 438 610,46,47,mistral_table,mistral_table,no
1175,TEXTIL,105,5 599,4 810,766 062,6 267 244,3 424 386,28,46,3 526,3 054,32 788 597,473 165 609,288 204 005,46,47,mistral_table,mistral_table,no
1176,VESTUARIO,114,2 242,1 864,234 042,1 384 720,823 913,175,182,3 361,2 759,23 795 574,204 180 383,105 885 113,46,47,mistral_table,mistral_table,no
1177,ALIMENTARES,75,1 638,1 094,180 648,2 308 622,1 222 843,52,61,1 088,767,10 912 301,115 748 307,44 068 760,46,47,mistral_table,mistral_table,no
1178,DIVERSAS,31,1 685,1 184,247 706,2 000 426,1 165 746,33,36,1 932,1 623,22 824 889,149 880 702,113 797 556,46,47,mistral_table,mistral_table,no
1179,DEMAIS GENEROS,344,7 570,5 633,1 113 502,6 503 159,3 862 072,277,309,5 555,4 500,63 891 882,382 858 011,214 978 813,46,47,mistral_table,mistral_table,no
1180,RESENDE,127,5 331,3 557,1 231 290,19 956 669,9 340 544,89,125,4 965,3 570,118 122 515,1 640 211 761,726 272 725,46,47,mistral_table,mistral_table,no
1181,METALURGICA,11,(F),(F),(X),(F),(X),11,12,589,471,10 733 596,133 308 457,85 670 433,46,47,mistral_table,mistral_table,no
1182,MECANICA,16,1 801,1 448,448 764,2 997 241,1 204 750,5,11,1 091,769,40 148 415,261 405 866,16 123 662,46,47,mistral_table,mistral_table,no
1183,QUIMICA,8,810,307,304 809,8 933 255,5 093 658,2,10,1 066,515,32 651 457,462 858 547,222 451 220,46,47,mistral_table,mistral_table,no
1184,FARMACÉUTICA,6,292,260,87 118,3 228 977,1 632 435,1,8,486,457,12 542 977,295 468 153,198 936 021,46,47,mistral_table,mistral_table,no
1185,DIVERSAS,2,(F),(F),(X),(X),(X),3,6,333,242,8 152 323,182 247 998,85 886 972,46,47,mistral_table,mistral_table,no
1186,DEMAIS GENEROS,84,1 812,1 145,277 627,2 995 654,1 250 031,67,78,1 400,1 096,13 893 747,304 922 740,117 204 417,46,47,mistral_table,mistral_table,no
1187,SÃO GONÇALO,691,19 487,11 720,2 158 621,18 854 694,7 755 488,556,594,12 536,9 671,146 854 627,1 507 140 689,769 036 619,46,47,mistral_table,mistral_table,no
1188,METALURGICA,86,1 962,1 363,288 836,3 003 854,941 675,80,83,861,612,12 709 604,198 630 317,73 655 710,46,47,mistral_table,mistral_table,no
1189,MATERIAL ELÉTRICO,6,523,394,147 426,1 174 596,674 177,5,6,391,297,9 772 668,141 905 458,94 316 194,46,47,mistral_table,mistral_table,no
1190,QUIMICA,9,1 067,815,249 833,2 688 253,1 405 571,9,11,724,500,25 163 177,253 931 316,124 948 139,46,47,mistral_table,mistral_table,no
1191,FARMACÉUTICA,5,624,590,67 241,378 505,82 530,5,7,557,395,9 847 304,103 766 551,70 118 332,46,47,mistral_table,mistral_table,no
1192,ALIMENTARES,231,4 006,2 803,519 538,5 381 835,2 079 797,174,182,3 245,2 345,35 398 989,427 135 472,199 607 157,46,47,mistral_table,mistral_table,no
1193,DEMAIS GENEROS,354,7 305,5 755,885 747,6 227 651,2 571 738,283,305,6 758,5 522,53 962 685,381 771 575,206 391 087,46,47,mistral_table,mistral_table,no
1194,SÃO JOÃO DE MERITI,426,5 545,3 969,617 019,4 643 427,2 276 927,415,446,5 568,3 894,49 792 323,878 214 913,557 322 045,46,47,mistral_table,mistral_table,no
1195,TRANSPORTE,8,502,385,96 022,504 794,268 963,9,11,(F),CF),IX),(G),(X),46,47,mistral_table,pdf_text_layout,no
1196,PAPEL E PAPELÃO,3,56,45,6 423,136 262,23 778,,,,,,,,46,47,mistral_table,pdf_text_layout_partial,yes
1197,MATS. PLASTICAS,9,465,384,54 099,760 889,473 477,108,114,1 052,696,10 828 768,573 354 732,433 823 550,46,47,mistral_table,mistral_table,no
1198,VESTUARIO,31,444,346,38 027,270 685,123 770,108 114,076 780,7 275 810,56,328 168,24,171 009,46,47,mistral_table,pdf_text_layout,no
1199,ALIMENTARES,136,1 496,1 012,121 845,1 233 984,452 321,98,105,1 044,639,10 076 008,94 749 393,23 268 351,46,47,mistral_table,mistral_table,no
1200,DEMAIS GENEROS,239,2 582,1 797,300 603,1 736 813,934 618,195,206,1 736,1 285,12 120 630,76 192 471,37 962 483,46,47,mistral_table,mistral_table,no
1201,TERESOPOLIS,193,3 741,2 957,484 014,4 327 560,2 182 114,170,192,3 962,3 275,54 617 340,575 641 760,315 327 206,46,47,mistral_table,mistral_table,no
1202,MOBILIÁRIO,25,(F),(F),(X),(X),(X),43,44,438,350,4 266 855,11 639 586,6 637 695,46,47,mistral_table,mistral_table,no
1203,FARMACÉUTICA,1,(F),(X),(X),(X),(X),3,3,112,63,4 038 838,39 161 941,29 532 016,46,47,mistral_table,mistral_table,no
1204,TEXTIL,12,1 196,999,208 554,2 759 823,1 234 188,1,9,827,699,27 571 050,422 506 396,220 409 715,46,47,mistral_table,mistral_table,no
1205,ALIMENTARES,34,396,265,28 000,230 078,87 594,27,29,375,298,1 852 942,20 451 189,5 319 323,46,47,mistral_table,mistral_table,no
1206,DIVERSAS,11,855,739,110 917,447 271,318 799,11,13,1 219,1 082,9 503 405,43 279 217,32 438 010,46,47,mistral_table,mistral_table,no
1207,DEMAIS GENEROS,110,869,646,72 413,288 480,153 522,88,94,994,783,7 384 250,38 603 431,20 990 447,46,47,mistral_table,mistral_table,no
1208,VOLTA REDONDA,244,17 104,14 002,4 240 710,130 188 454,27 487 272,217,273,19 149,14 319,431 190 525,14 003 783 657,3 794 077 027,46,47,mistral_table,mistral_table,no
1209,NÃO METALICOS,27,1 049,706,178 692,5 644 584,2 636 906,19,26,542,394,9 681 993,321 902 646,119 536 338,46,47,mistral_table,mistral_table,no
1210,METALURGICA,67,9 419,7 746,2 391 905,111 107 662,20 541 179,34,53,9 670,6 135,296 768 449,11 516 241 698,3 622 036 216,46,47,mistral_table,mistral_table,no
1211,MECANICA,12,2 786,3 334,1 024 625,1 852 532,1 640 043,12,21,6 798,6 208,89 868 929,255 467 802,167 821 684,46,47,mistral_table,mistral_table,no
1212,QUIMICA,4,562,558,181 530,9 713 707,1 497 001,1,8,882,810,25 881 209,1 794 032 334,169 120 569,46,47,mistral_table,mistral_table,no
1213,ALIMENTARES,46,577,356,52 342,767 916,184 065,74,80,595,325,3 903 259,61 996 649,23 531 281,46,47,mistral_table,mistral_table,no
1214,DEMAIS GENEROS,88,1 731,1 302,411 616,1 102 053,788 078,77,85,662,447,5 086 686,54 142 528,30 272 077,46,47,mistral_table,mistral_table,no
1215,ANGRA DOS REIS,63,5 417,4 555,1 552 582,12 614 967,8 301 921,33,44,5 088,4 261,173 608 375,1 247 105 954,983 121 284,46,47,mistral_table,mistral_table,no
1216,ARARUAMA,102,1 002,768,85 890,591 169,318 857,109,114,933,695,6 587 536,51 114 673,28 977 261,46,47,mistral_table,mistral_table,no
1217,BARRA DO PIRAI,102,5 129,4 025,743 839,4 823 119,2 495 567,73,93,5 908,4 629,70 755 232,584 658 467,293 747 763,46,47,mistral_table,mistral_table,no
1218,BOM JARDIM,36,460,340,34 199,568 760,165 679,44,44,343,252,1 926 062,44 505 315,14 652 998,46,47,mistral_table,mistral_table,no
1219,BOM JESUS DO ITABAPOANA,45,604,442,56 922,802 166,173 051,38,45,663,512,4 251 837,65 373 076,26 585 770,46,47,mistral_table,mistral_table,no
1220,CABO FRIO,145,3 464,2 562,716 816,4 753 719,1 740 727,98,139,3 505,2 859,65 075 285,614 570 395,265 734 467,46,47,mistral_table,mistral_table,no
1221,CACHOEIRAS DE MACACU,53,335,207,22 319,152 935,64 278,37,40,248,158,1 202 060,10 789 924,3 775 796,46,47,mistral_table,mistral_table,no
1222,CAMBUCI,35,113,71,5 394,124 580,19 551,32,34,145,92,991 550,10 274 375,2 515 900,46,47,mistral_table,mistral_table,no
1223,CANTAGALO,46,1 251,858,210 486,3 698 390,1 457 951,26,41,1 499,1 219,24 755 401,355 656 761,203 520 772,46,47,mistral_table,mistral_table,no
1224,CARMO,44,495,355,32 625,291 404,101 650,30,30,422,359,2 366 178,25 311 257,11 294 941,46,47,mistral_table,mistral_table,no
1225,CASIMIRO DE ABREU,31,219,140,22 035,107 654,78 592,29,30,151,94,978 917,9 210 379,2 431 956,46,47,mistral_table,mistral_table,no
1226,CONCEIÇÃO DE MACABU,24,457,396,46 999,695 398,319 581,23,31,572,513,3 910 952,59 751 185,20 230 870,46,47,mistral_table,mistral_table,no
1227,CORDEIRO,25,285,182,24 211,358 611,122 589,25,26,257,164,1 283 536,25 328 521,5 819 711,46,47,mistral_table,mistral_table,no
1228,DUAS BARPAS,15,114,68,6 634,105 594,25 519,12,12,99,75,636 287,7 684 583,1 755 827,46,47,mistral_table,mistral_table,no
1229,ENGENHEIRO PAULO DE FRONTIN,29,937,805,61 881,295 204,118 602,13,16,462,399,2 410 008,26 312 848,15 490 653,46,47,mistral_table,mistral_table,no
1230,ITAOCARA,39,412,296,24 037,301 305,155 792,36,37,355,286,2 000 912,16 815 953,5 418 308,46,47,mistral_table,mistral_table,no
1231,ITAPERUNA,140,1 691,1 285,158 781,2 975 618,444 957,112,126,1 603,1 241,12 554 724,287 198 253,115 612 279,46,47,mistral_table,mistral_table,no
1232,LAJE DO MURIAE,10,27,16,1 383,40 595,5 702,6,7,23,16,120 499,3 864 057,411 238,46,47,mistral_table,mistral_table,no
1233,MACAE,98,2 584,1 423,679 139,2 101 382,994 612,70,89,1 920,1 558,18 772 835,216 651 793,104 537 708,46,47,mistral_table,mistral_table,no
1234,MANGARATIBA,15,554,33,195 479,19 055,10 812,11,15,580,41,16 314 187,103 882 807,102 498 035,48,49,mistral_table,pdf_text_layout,no
1235,MARICA,38,409,314,29 870,204 895,116 024,41,48,403,305,2 224 753,18 115 598,7 755 185,48,49,mistral_table,pdf_text_layout,no
1236,MENDES,16,951,826,93 500,647 457,224 691,18,19,471,364,019 729,55 593 220,31 061 794,48,49,mistral_table,pdf_text_layout,no
1237,MIGUEL PEREIRA,19,107,60,5 885,40 548,17 956,24,26,176,118,6$6 323,5 910 079,4 263 176,48,49,mistral_table,pdf_text_layout,no
1238,MIRACEMA,53,366,270,36 729,256 270,42 710,42,53,293,187,1 561 027,13 825 242,5 594 320,48,49,mistral_table,pdf_text_layout,no
1239,NATIVIDADE,27,120,64,5 858,146 309,16 881,20,23,62,34,291 409,3 475 683,689 075,48,49,mistral_table,pdf_text_layout,no
1240,PARACAMBI,48,1 673,1 485,132 289,1 291 762,551 191,24,33,1 750,1 535,13 165 029,159 349 428,61 395 846,48,49,mistral_table,pdf_text_layout,no
1241,PARAIBA DO SUL,51,1 331,1 078,129 326,691 639,286 257,40,46,1 208,972,9 518 422,56 274 699,27 538 339,48,49,mistral_table,pdf_text_layout,no
1242,PARATI,26,120,63,8 398,30 997,19 385,17,18,99,42,1 706 105,1 467 532,1 05·1 991,48,49,mistral_table,pdf_text_layout,no
1243,PIRAI,27,1 924,1 327,339 570,3 886 525,1 896 696,12,21,2 032,1 643,32 677 312,430 587 913,172 755 268,48,49,mistral_table,pdf_text_layout,no
1244,PORCIUNCULA,19,107,75,5 284,",160 910",17 722,14,16,83,57,356 871,323 950,1 132 255,48,49,mistral_table,pdf_text_layout,no
1245,RIO BONITO,82,1 280,1 017,96 856,1 015 568,329 408,79,80,1 195,1 022,6 845 794,80 376 477,22 415 456,48,49,mistral_table,pdf_text_layout,no
1246,RIO CLARO,12,78,52,10 947,90 676,36 585,14,14,49,30,291 809,4 170 154,927 339,48,49,mistral_table,pdf_text_layout,no
1247,RIO DAS FLORES,7,47,23,3 768,47 093,15 223,,,,,,,,48,49,mistral_table,pdf_text_layout_partial,yes
1248,SANTA MARIA MADALENA,6,25,12,633,3 114,2 235,3,4,14,9,63 005,2 028 900,73 895,48,49,mistral_table,pdf_text_layout,no
1249,SANTO ANTONIO DE PADUA,86,901,660,63 895,627 831,217 424,79,86,854,644,4 811 159,73 875 974,39 383 157,48,49,mistral_table,pdf_text_layout,no
1250,SÃO FIDELIS,72,758,594,55 939,905 471,280 740,59,73,695,$66,4 198 682,91 045 304,41 250 333,48,49,mistral_table,pdf_text_layout,no
1251,SÃO JOÃO DA BARRA,140,2 081,1 457,182 578,1 806 337,815 984,140 153,2 073,",",747,16 912 611,170 054 052,82 209 572,48,49,mistral_table,pdf_text_layout,no
1252,SÃO PEDRO DA ALDEIA,52,436,297,31 669,157 134,110 568,42,52,341,248,2 283 147,12 457 114,6 803 814,48,49,mistral_table,pdf_text_layout,no
1253,SÃO SEBASTIÃO DO ALTO,6,25,17,1 392,46 626,1 619,3,4,14,11,93 134,3 230 005,288 082,48,49,mistral_table,pdf_text_layout,no
1254,SAPUCAIA,17,220,173,17 425,186 437,57 061,,,,,,,,48,49,mistral_table,missing,yes
1255,SAGUAREMA,34,270,177,11 896,471 099,177 821,30,30,129,67,823 633,4 419 750,", 573 905",48,49,mistral_table,pdf_text_layout,no
1256,SILVA JARDIM,19,72,30,5 158,27 074,15 254,13,16,99,76,617 786,4 220 854,3 518 754,48,49,mistral_table,pdf_text_layout,no
1257,SUMIDOURO,6,31,15,3 804,19 337,5 648,51,34,269,854,580 770,2,284 255,48,49,mistral_table,pdf_text_tokens,no
1258,TRAJANO DE MORAIS,5,42,23,3 060,48 859,6 084,39,20,276,575,2,662 179,372 441,48,49,mistral_table,pdf_text_tokens,no
1259,TRES RIOS,164,7 952,6 151,970 184,9 174 844,3 600 223,102,131,7 377,6 184,99 590 425,1 179 054 516,362 983 205,48,49,mistral_table,pdf_text_layout,no
1260,VALENÇA,92,3 878,3 390,382 432,4 758 243,1 794 008,59,72,3 641,828,34 252 942,537 272 229,255 928 811,48,49,mistral_table,pdf_text_layout,no
1261,VASSOURAS,53,664,476,50 906,381 289,158 395,45,51,463,302,2 562 573,25 208 958,7 549 954,48,49,mistral_table,pdf_text_layout,no
1262,SÃO PAULO,74 147,2 679 530,1 960 008,585 057 226,315 052 459,2 273 102 455,,,,,,,,48,49,pdf_text_layout,pdf_text_layout_partial,yes
1263,EXTRATIVA MINERAL,997,9 911,954,1 613 899,7 828 526,689 450,492,654,6 308,4 304,89 187 681,409 456 011,293 889 697,48,49,pdf_text_layout,pdf_text_layout,no
1264,TR~NSFORMAÇÃO,72 744,2 636 488,1 925 402,S70 258 573,284 873 392,247 300 730,,,,,,,,48,49,pdf_text_layout,pdf_text_tokens_partial,yes
1265,NAO METALICOS,8 088,152 687,109 780,24 840 939,162 935 845,91 706 939,,,,,,,,48,49,pdf_text_layout,pdf_text_tokens_partial,yes
1266,METALURGICA,8 488,354 147,264 648,78 855 303,715 258 759,258 086 631,,,,,,,,48,49,pdf_text_layout,pdf_text_tokens_partial,yes
1267,MECANICA,6 662,367 338,286 696,105 562 127,527 037 344,285 006 964,,,,,,,,48,49,pdf_text_layout,pdf_text_tokens_partial,yes
1268,MATERIAL ELETRICO,2 757,202 226,147 085,49 468 884,368 652 922,193 909 890,,,,,,,,48,49,pdf_text_layout,pdf_text_tokens_partial,yes
1269,TRANSPORTE,1 815,221 327,156 037,61 172 557,585 843 931,217 179 248,,,,,,,,48,49,pdf_text_layout,pdf_text_tokens_partial,yes
1270,MADEIRA,2 209,35 984,25 884,5 717 563,38 130 207,21 258 164,,,,,,,,48,49,pdf_text_layout,pdf_text_tokens_partial,yes
1271,MOBILIARIO,4 133,74 106,55 742,9 963 063,67 318 563,32 515 272,,,,,,,,48,49,pdf_text_layout,pdf_text_layout_partial,yes
1272,PAPEL E PAPELAO,1 109,68 956,49 597,15 759 907,148 512 165,60 674 243,717,", 043",73 566,54 328,769 319 583,16 965 627 094,8 063 421 827,48,49,pdf_text_layout,pdf_text_layout,no
1273,BORRACHA,636,43 489,33 911,10 428 063,115 089 680,37 124 733,439,591,48 912,36 469,317 415 201,13 693 976 478,6 585 051 436,48,49,pdf_text_layout,pdf_text_layout,no
1274,COUROS E PELES,419,13 034,10 371,1 889 479,13 747 005,5 510 724,278,358,15 213,13 164,163 175 669,1 739 206 054,737 064 626,48,49,pdf_text_layout,pdf_text_layout,no
1275,OUIMICA,273,118 242,63 816,42 808 895,943 418 943,363 383 482,1 101,2 245,142 850,83 558,4 966 150 943,108 843 949 210,42 654 149 836,48,49,pdf_text_layout,pdf_text_layout,no
1276,FARMACEUTICA,,,,,,,183 332,26 568,1~,n21,850 394 128,8 484 747 988,5 ?.43 780 029,48,49,mistral_table_partial,pdf_text_layout,yes
1277,PERFUMARIA,397,21 400,10 924,5 926 569,55 742 837,25 043 717,292,400,22 061,11 224,591 257 063,6 249 672 289,2 867 872 925,48,49,pdf_text_layout,pdf_text_layout,no
1278,MATS. PLASTICAS,1 969,83 988,64 799,14 385 518,118 780 187,55 947 364,1 425,1 803,88 269,70 499,1 436 566 114,12 316 553 207,6 107 616 563,48,49,pdf_text_layout,pdf_text_layout,no
1279,TEXTIL,3 718,204 167,169 885,32 243 772,328 776 830,137 483 405,1 652,2 432,172 972,145 338,2 589 728 157,30 241 779 338,14 229 239 854,48,49,pdf_text_layout,pdf_text_layout,no
1280,VESTUARIO,8 715,209 285,172 454,22 877 969,175 201 609,82 543 541,8 316,8 935,248 210,206 581,2 359 143 004,20 737 134 591,10 022 116 781,48,49,pdf_text_layout,pdf_text_layout,no
1281,ALIMENTARES,11 618,225 889,144 665,35 970 125,608 933 209,187 831 756,6 123,7 710,205 390,135 109,3 455 056 922,64 098 857 630,21 450 213 299,48,49,pdf_text_layout,pdf_text_layout,no
1282,BEBIDAS,700,23 757,14 776,4 821 174,39 757 649,19 222 828,442,584,24 095,14 780,459 849 821,4 431 448 965,2 280 112 829,48,49,pdf_text_layout,pdf_text_layout,no
1283,FUMO,59,3 916,"2. ·S.,.7",1 363 902,8 824 799,5 969 468,3,42,3 227,1 005,104 464 317,410 O!A 199,262 452 585,48,49,pdf_text_layout,pdf_text_layout,no
1284,ClRAFICA,3 584,80 256,47 581,18 659 119,79 730 893,52 831 519,2 847,3 220,71 541,44 931,460 471 485,7 615 991 104,4 761 770 763,48,49,pdf_text_layout,pdf_text_layout,no
1285,DIVERSAS,2 993,102 740,78 712,17 727 349,113 780 345,71 392 598,2 122,2 490,100 057,76 959,1 721 697 871,12 744 002 346,8 608 575 341,48,49,pdf_text_layout,pdf_text_layout,no
1286,REGIÃO METROPOLITANA,,,,,,,25 076,31 470,1 565 873,123 166,37 186 149 176,292 400 168 643,140 433 554 601,48,49,mistral_table_partial,pdf_text_layout,yes
1287,EXTRATIVA MINERAL,232,3 312,653,752 438,2 058 186,1 439 506,109,137,870,947,45 110 285,90 285 903,68 009 292,48,49,pdf_text_layout,pdf_text_layout,no
1288,TR~NSFORMAÇÂO,41 005,736 296,1 237 568,409 917 017,3 098 046 577 411,169 534,,,,,,,,48,49,pdf_text_layout,pdf_text_tokens_partial,yes
1289,NÃO METÁLICOS,,,,,,,,,,,,,,48,49,mistral_table_partial,pdf_text_layout_partial,yes
1290,METALURGICA,5 604,267 570,202 598,60 331 266,469 074 306 187,775 081,,,,,,,,48,49,pdf_text_layout,pdf_text_tokens_partial,yes
1291,MECANICA,4 283,232 995,175 248,71 647 129,335 106 924 183,986 722,,,,,,,,48,49,pdf_text_layout,pdf_text_layout_partial,yes
1292,MATERIAL ELETRICO,2.165,163 483,117 082,41 037 242,289 185 469,157 436 636,,,,,,,,50,51,mistral_table,mistral_table_partial,yes
1293,TRANSPORTE,1 121,158 332,111 426,46 461 442,464 039 176,167 941 502,643,910,158 907,114 181,4 855 487 062,43 933 838 141,14 366 945 881,50,51,mistral_table,pdf_text_layout,no
1294,MAGEIRA,772,15 541,10 560,3 445 246,13 816 666,5 513 709,405,498,10 806,6 934,226 124 840,855 203 059,445 722 329,50,51,mistral_table,pdf_text_layout,no
1295,MOBILIARIO,2 267,43 882,32 255,6 837 868,40 345 491,20 291 352,1 499,747,42 023,33 405,572 475 918,3 923 343 924,2 093 966 908,50,51,mistral_table,pdf_text_layout,no
1296,PAPEL E PAPELÃO,806,47 972,33 506,11 447 822,90 110 058,37 383 974,522,727,48 647,34 823,236 337 741,9 818 653 903,4 &40 850 089,50,51,mistral_table,pdf_text_layout,no
1297,BORRACHA,456,33 566,25 949,8 272 675,85 780 973,27 782 628,298,395,36 985,27 056,063 784 097,9 663 022 255,4 539 894 062,50,51,mistral_table,pdf_text_layout,no
1298,COURIS E PELES,175,6 102,4 581,995 532,4 448 564,2 191 166,84,107,3 643,2 990,43 929 267,356 867 668,187 174 547,50,51,mistral_table,pdf_text_layout,no
1299,QUÍMICA,1 412,77 298,37 180,30 085 274,340 328 205,141 057 440,678,1 222,77 785,39 368,3 226 067 456,35 550 130 295,15 117 154 757,50,51,mistral_table,pdf_text_layout,no
1300,FARMACÉUTICA,319,26 277,12 948,8 868 562,58 861 321,36 385 386,133,243,22 560,11 472,736 159 894,6 562 694 908,4 131 388 303,50,51,mistral_table,pdf_text_layout,no
1301,PERFUMARIA,287,17 553,8 408,5 032 132,40 380 507,19 741 264,200,278,18 649,8 783,510 577 446,4 354 482 244,2 178 911 281,50,51,mistral_table,pdf_text_layout,no
1302,MATS. PLASTICAS,1 660,71 356,54 865,12 522 341,98 343 045,45 827 466,1 151,1 434,72 105,57 055,204 654 066,9 896 118 959,4 843 664 454,50,51,mistral_table,pdf_text_layout,no
1303,TEXTIL,2 061,113 381,91 155,19 772 995,196 385 789,83 278 395,841,1 207,83 974,67 609,401 112 303,15 785 218 794,7 692 961 302,50,51,mistral_table,pdf_text_layout,no
1304,VESTUARIO,6 044,130 117,103 716,15 267 374,121 995 408,54 745 347,238,5 705,142 105,114 724,455 274 558,13 693 099 891,6 025 603 826,50,51,mistral_table,pdf_text_layout,no
1305,ALIMENTARES,4 520,103 449,61 178,18 730 804,187 289 497,77 215 688,782,2 289,"85,291",46 508,730 377 365,18 246 018 393,7 285 993 818,50,51,mistral_table,pdf_text_layout,no
1306,BEBIOS,123,8 417,4 500,2 606 984,14 999 832,7 662 036,40,96,8 822,4 197,241 787 028,1 650 082 103,831 571 723,50,51,mistral_table,pdf_text_layout,no
1307,FUMO,40,3 361,2 460,1 136 656,8 788 918,5 933 743,3,25,2 492,1 005,81 903 850,393 319 108,245 757 494,50,51,mistral_table,pdf_text_layout,no
1308,GRAFICA,2 280,65 462,38 043,16 724 685,71 190 934,47 520 922,687,963,56 739,35 211,292 974 656,6 535 361 928,4 121 244 429,50,51,mistral_table,pdf_text_layout,no
1309,DIVERAS,2 159,79 378,59 848,14 036 110,81 248 671,51 730 077,452,709,72 271,54 145,290 622 028,9 142 768 168,6 503 787 106,50,51,mistral_table,pdf_text_layout,no
1310,SÃO PAULO,31 732,133 484,784 892,261 770 855,1 602 966 219,795 130 466,19 003,23 425,939 821,642 493,21 686 712 931,137 962 961 440,74 032 118 281,50,51,mistral_table,pdf_text_layout,no
1311,EXTRATIVA MINERAL,98,1 455,408,440 508,686 032,458 387,39,48,875,220,32 018 108,24 238 168,19 030 380,50,51,mistral_table,pdf_text_layout,no
1312,TRANSFORMAÇÃO,31 500,1 123 724,777 576,257 641 003,1 595 673 050,788 900 141,18 964,23 377,938 946,642 273,21 654 694 823 137,938 723 272,74 013 087 901,50,51,mistral_table,pdf_text_layout,no
1313,NÃO METÁLICOS,1 196,33 597,21 932,7 750 245,39 427 471,22 088 911,544 708,27 496,17 279,641 303 681,3,466 107 272,2 184 072 790,50,51,mistral_table,pdf_text_layout,no
1314,METALURGICA,4 118,160 468,118 401,34 750 610,221 091 071,99 918 610,,,,,,,,50,51,mistral_table,pdf_text_tokens_partial,yes
1315,MECANICA,3 044,130 772,94 300,40 653 170,173 620 964,68 698 340,,,,,,,,50,51,mistral_table,pdf_text_tokens_partial,yes
1316,MATERIAL ELETRICO,729,115 669,81 176,28 390 590,181 906 236,99 150 550,,,,,,,,50,51,mistral_table,pdf_text_tokens_partial,yes
1317,TRANSPORTE,757,59 864,44 968,14 458 524,100 800 318,66 384 384,416 560,51 650,37 943,1 333 571 176,8,967 986 i24,4 633 620 580,50,51,mistral_table,pdf_text_layout,no
1318,MAGEIRA,601,11 320,7 191,2 724 162,9 136 128,4 279 133,290,361,7 148,3 854,170 153 035,464 497 3U,244 254 837,50,51,mistral_table,pdf_text_layout,no
1319,MOBILIARIO,1 765,26 764,18 992,4 317 571,23 090 151,11 525 273,,,,,,,,50,51,mistral_table,pdf_text_tokens_partial,yes
1320,PAPEL E PAPELÃO,645,33 953,23 443,8 102 834,57 731 059,23 484 102,401 556,30 563,20 394,771 719 958,4,724 060 521,2 214 167 235,50,51,mistral_table,pdf_text_layout,no
1321,BORRACHA,329,17 658,12 728,4 229 733,33 337 420,12 512 106,190 257,17 354,12 547,522 774 791,4,196 590 971,2 126 800 435,50,51,mistral_table,pdf_text_layout,no
1322,COURIS E PELES,141,3 906,2 683,739 299,2 080 074,1 100 162,66,81,1 481,1 034,20 738 675,116 735 359,69 728 539,50,51,mistral_table,pdf_text_layout,no
1323,QUÍMICA,894,40 658,14 902,17 455 344,95 387 082,40 084 389,387 671,36 883,12 548,1 808 891 899,8,212 259 455,3 987 410 26T,50,51,mistral_table,pdf_text_layout,no
1324,FARMACÉUTICA,253,18 895,12 434,7 036 801,36 363 916,22 756 587,110,198,14 858,6 664,533 459 256,3 673 289 946,2 409 146 252,50,51,mistral_table,pdf_text_layout,no
1325,PERFUMARIA,230,14 872,6 664,4 626 427,34 061 781,16 562 911,156,216,14 709,6 123,·'48 603 413,3 544 466 034,1 893 126 751,50,51,mistral_table,pdf_text_layout,no
1326,MATS. PLASTICAS,1 286,52 525,40 015,9 351 554,1 052 973,33 973 224,812,1 008,46 723,37 056,781 876 287,6 093 018 571,2 984 256 428,50,51,mistral_table,pdf_text_layout,no
1327,TEXTIL,1 771,85 307,66 789,15 345 084,143 326 883,60 700 531,711,995,59 682,46 640,047 061 584,1 o 537 570 257,5 007 620 461,50,51,mistral_table,pdf_text_layout,no
1328,VESTUARIO,5 557,113 376,89 832,13 267 182,104 470 137,44 834 982,4 826,5 239,121 772,97 155,246. 953 549,11 546 730 220,4 894 687 577,50,51,mistral_table,pdf_text_layout,no
1329,ALIMENTARES,3 295,75 374,42 455,14 596 192,127 078 932,52 695 932,1 273,1 664,60 245,30 935,336 447 626,12 156 271 227,4 811 169 109,50,51,mistral_table,pdf_text_layout,no
1330,BEBIOS,78,6 711,3 217,2 305 634,10 549 999,5 694 564,14,59,7 220,3 252,210 803 224,1 191 449 840,606 215 528,50,51,mistral_table,pdf_text_layout,no
1331,FUMO,32,3 176,2 309,1 071 111,8 783 670,5 928 495,2,19,2 264,991,75 849 470,388 074 474,240 766 002,50,51,mistral_table,pdf_text_layout,no
1332,GRAFICA,1 976,59 912,34 219,15 728 204,63 892 527,42 502 272,402,626,49 036,29 620,1 163 535 331,5 729 470 666,3 605 849 249,50,51,mistral_table,pdf_text_layout,no
1333,DIVERAS,1 803,59 147,42 928,10 743 285,58 784 276,38 216 097,171,379,51 320,36 196,977 970 287,6 527 226 242,4 714 718 579,50,51,mistral_table,pdf_text_layout,no
1334,AMERICANA,857,27 823,23 089,4 686 327,53 393 991,21 327 226,594,734,29 431,25 531 486,228 600,6 954 010 392,3 244 162 693,50,51,mistral_table,pdf_text_layout,no
1335,MECANICA,44,2 827,2 429,700 615,4 243 550,2 557 489,,,,,,,,50,51,mistral_table,pdf_text_tokens_partial,yes
1336,BORRACHA,4,1 524,1 216,432 216,8 969 862,2 363 007,,,,,,,,50,51,mistral_table,pdf_text_tokens_partial,yes
1337,QUÍMICA,14,2 054,1 518,496 146,9 795 631,3 077 478,,,,,,,,50,51,mistral_table,pdf_text_tokens_partial,yes
1338,TEXTIL,563,16 414,13 820,2 326 517,25 057 578,10 433 607,368,455,17 102,15 108 245,474 869,3 162 558 573,1 05 820 653,50,51,mistral_table,pdf_text_layout,no
1339,VESTUARIO,65,1 646,1 503,117 088,785 328,387 404,,,,,,,,50,51,mistral_table,pdf_text_tokens_partial,yes
1340,DEMAIS GENÉROS,167,3 358,2 603,613 765,4 542 042,2 508 241,112 132,2 460,2 029,32,320 670,366 037 236,192 990 187,50,51,mistral_table,pdf_text_layout,no
1341,ARACATUBA,304,5 319,4 176,612 102,11 992 660,2 454 050,217,270 925,4 687,62 716,soo,387 745 155,503 744 656,50,51,mistral_table,pdf_text_layout,no
1342,METALURGICA,28,277,205,31 413,412 509,63 616,32,34,(F),(F),(X),(G),(X),50,51,mistral_table,pdf_text_tokens,no
1343,MECANICA,26,435,381,62 312,327 139,176 539,22,26,608,529,6 634 015,69 906 578,34 199 463,50,51,mistral_table,pdf_text_layout,no
1344,QUÍMICA,4,(F),(E),(K),(E),(K),6,11,110,830,14 325 644,224 772 745,93 329 891,50,51,mistral_table,pdf_text_layout,no
1345,TEXTIL,2,(D),(D),(K),(D),(K),,,,,,,,50,51,mistral_table,pdf_text_layout_partial,yes
1346,ALIMENTARES,74,1 700,1 337,214 227,8 743 020,1 046 912,37,59,1 929,513,22 315 337,877 029 351,285 802 611,50,51,mistral_table,pdf_text_layout,no
1347,DEMAIS GENÉROS,170,2 764,2 160,275 038,2 172 491,1 056 146,120,138,2 003,614,16 223 609,130 632 794,71 271 981,50,51,mistral_table,pdf_text_layout,no
1348,ARARAGUARA,305,9 368,7 309,1 620 400,27 662 681,12 006 531,167,235,10 456,8 343,204 756 518,2 817 571 404,1 130 968 535,50,51,mistral_table,pdf_text_layout,no
1349,METALURGICA,50,602,441,106 276,1 302 956,571 068,44,o,511,371,6 614 028,79 759 586,42 174 509,50,51,mistral_table,pdf_text_layout,no
1350,MECANICA,39,3 097,411,789 408,3 573 470,2 151 725,15,25,3 054,613,74 465 316,592 723 036,398 708 923,50,51,mistral_table,pdf_text_layout,no
1351,QUÍMICA,17,199,112,67 456,2 089 871,1 236 123,5,16,587,336,22 575 395,360 399 448,174 994 242,50,51,mistral_table,pdf_text_layout,no
1352,TEXTIL,5,1 813,1 782,273 700,1 663 447,1 132 770,4,9,2 445,964,32 678 656,226 218 066,157 996 043,50,51,mistral_table,pdf_text_layout,no
1353,ALIMENTARES,69,1 708,1 229,418 354,17 685 188,6 104 829,17,41,2 157,672,50 731 194,429 102 191,281 314 854,50,51,mistral_table,pdf_text_layout,no
1354,DEMAIS GENÉROS,125,1 949,1 334,265 206,1 347 749,812 016,82,96,1 702,387,17 691 929,129 369 077,75 779 964,50,51,mistral_table,pdf_text_layout,no
1355,BAURU,427,10 331,7 706,1 547 175,13 873 214,6 097 057,255,368,11 223,423,U6 849 845,483 861 442,680 401 802,50,51,mistral_table,pdf_text_layout,no
1356,MECANICA,50,1 115,881,216 038,1 321 076,696 264,21,31,933,730,13 276 336,67 716 461,38 538 705,50,51,mistral_table,pdf_text_layout,no
1357,MATERIAL ELETRICO,19,459,386,59 168,623 805,295 303,11,17,979,869,12 749 605,113 205 772,71 546 817,50,51,mistral_table,pdf_text_layout,no
1358,VESTUARIO,46,867,725,72 426,570 208,269 296,,,,,,,,50,51,mistral_table,missing,yes
1359,ALIMENTARES,69,2 120,1 526,320 611,6 243 793,1 964 939,41,74,2 811,1 734,38 294 271,721 198 979,244 791 793,50,51,mistral_table,pdf_text_layout,no
1360,GRAFICA,39,1 491,1 216,158 413,1 933 946,1 029 282,,,,,,,,50,51,mistral_table,pdf_text_layout_partial,yes
1361,DEMAIS GENÉROS,214,4 279,2 972,720 519,3 180 386,1 799 971,117,169,3 693,2 702,53 815 964,255 527 724,143 446 059,50,51,mistral_table,pdf_text_layout,no
1362,BRAGANÇA PAULISTA,364,6 638,4 669,779 351,6 425 317,3 037 867,307,332,6 819,"381""",76 108 894,891 461 681,522 918 366,50,51,mistral_table,pdf_text_layout,no
1363,METALURGICA,23,572,451,103 709,966 958,366 306,14,17,360,255,4 787 365,199 612 445,138 589 599,50,51,mistral_table,pdf_text_layout,no
1364,MATERIAL ELETRICO,9,619,541,121 386,1 297 010,903 525,5,6,780,731,10 196 723,174 335 319,116 594 792,50,51,mistral_table,pdf_text_layout,no
1365,PAPEL E PAPELÃO,1,(F),(F),(K),(K),(K),,,,,,,,50,51,mistral_table,pdf_text_layout_partial,yes
1366,TEXTIL,1,(D),(D),(K),(K),(K),6,8,986,883,13 585 752,89 291 754,24 394 143,50,51,mistral_table,pdf_text_layout,no
1367,VESTUARIO,39,(F),(F),(K),(K),(K),69,71,(F),(F),(X),(G),(X),50,51,mistral_table,pdf_text_tokens,no
1368,DEMAIS GENÉROS,307,3 031,1 861,283 773,2 275 530,1 021 176,213,229,2 571,843,26 884 5is,199 309 134,99 219 415,50,51,mistral_table,pdf_text_layout,no
1369,CAMPINAS,1 582,65 170,46 602,13 682 558,108 353 539,48 540 459,989,329,58 335,44 172 315,379 236,12 072 186 924,6 266 420 862,50,51,mistral_table,pdf_text_layout,no
1370,MECANICA,169,8 930,7 255,2 413 817,12 679 143,7 464 340,103,157,9 106,7 334 315,269 419,1 525 770 197,750 169 247,50,51,mistral_table,pdf_text_layout,no
1371,MATERIAL ELETRICO,104,8 279,6 186,2 420 145,16 325 396,9 288 025,66,106,8 934,6 920 250,109 288,1 999 723 757,265 040 761,50,51,mistral_table,pdf_text_layout,no
1372,TRANSPORTE,32,10 606,5 276,2 017 040,14 899 598,7 501 290,21,32,8 508,6 685 223,936 847,2 477 223 523,397 177 004,50,51,mistral_table,pdf_text_layout,no
1373,FARMACÉUTICA,22,1 054,664,284 437,4 926 048,2 830 865,9,19,1 115 721,34,258 287,965 098 683,530 133 183,50,51,mistral_table,pdf_text_layout,no
1374,ALIMENTARES,230,6 554,4 341,1 125 259,15 719 356,4 250 616,121 171,6 012,. 3 822,87,961 435,1 200 591 671,404 696 817,50,51,mistral_table,pdf_text_layout,no
1375,DEMAIS GENÉROS,1 025,29 747,22 880,5 401 860,43 803 998,17 225 223,669,844,24 660,18 690 403,843 960,3 903 779 093,1 919 203 850,50,51,mistral_table,pdf_text_layout,no
1376,CARAPICUIBA,137,5 738,4 722,777 986,5 729 918,2 7'32 039,83,93,4 341,3 485,66 345 305,526 086 470,280 188 046,52,53,pdf_text_layout,mistral_table,no
1377,METALURGICA,19,553,450,85,148 878,135 455,11,12,388,292,5 433 630,54 622 101,28 935 755,52,53,mistral_table,mistral_table,no
1378,MECANICA,6,201,177,35 302,91 983,60,6,6,273,210,5 184 417,28 530 732,21 781 394,52,53,mistral_table,mistral_table,no
1379,MATERIAL ELETRICO,1,816,589,163 337,1 377,297 538,4,5,651,500,18 987 703,111 015 862,80 550 090,52,53,mistral_table,mistral_table,no
1380,TEXTIL,4,1 533,1,491 203,308 935,569 486,2,1,022,884,12 351 443,101 120 265,45 458 742,52,53,mistral_table,mistral_table,no
1381,ALIMENTARES,35,1 324,1 020,137 616,1,919 404,15,17,1 174,939,15 404 331,175 376 125,74 623 170,52,53,mistral_table,mistral_table,no
1382,DEMAIS GENEROS,67,1,311,985 163,275 807,530 466,45,7,833,660,8 583 781,55 421 385,28 838 895,52,53,mistral_table,mistral_table,no
1383,DIADEMA,870,51 447,38 394,10 878 011,71 730 556,36 822 006,812,971,61 827,47 641,1 262 105 112,9 136 340 614,5 269 567 687,52,53,pdf_text_layout,mistral_table,no
1384,METALURGICA,148,11 643,8 701,2 505 276,14 798 522,8 209 254,151,177,12 516,9 789,255 837 272,1 743 769 720,1 091 773 233,52,53,pdf_text_layout,mistral_table,no
1385,MECANICA,155,9· 941,7 110,2 849 508,15 655 685,8 037 048,118,148,10 254,7 388,295 655 618,1 612 412 451,1 035 238 300,52,53,pdf_text_layout,mistral_table,no
1386,MATERIAL ELETRICO,62,4 411,3 194,945 780,5 797 442,3 600 347,60,70,7 430,6 144,145 416 330,800 441 460,517 945 954,52,53,pdf_text_layout,mistral_table,no
1387,QUIMICA,68,2 396,1 507,617 760,8 863 025,3 853 546,73,95,2 972,1 829,75 324 884,1 055 721 652,497 462 355,52,53,pdf_text_layout,mistral_table,no
1388,MATS. PLASTICAS,78,3 785,2 672,735 746,5 395 957,1 918 363,82,94,6 361,4 925,123 806 842,938 925 927,520 429 443,52,53,pdf_text_layout,mistral_table,no
1389,DEMAIS GENEROS,359,19 271,15 210,3 223 941,21 219 925,11 203 448,328,387,22 294,17 566,386 064 166,2 985 069 404,1 606 708 402,52,53,pdf_text_layout,mistral_table,no
1390,EMIJU,168,6 979,4 959,1 286 734,10 698 93S,5 025 178,100,125,7 586,5 851,146 243 308,1 249 774 161,644 985 602,52,53,pdf_text_layout,mistral_table,no
1391,NAO METALICOS,46,757,551,103,251 692,158 393,10,14,305,342,13 210 307,88 309 329,45 044 506,52,53,mistral_table,mistral_table,no
1392,MATERIAL ELETRICO,6,762,639,141,802 944,279 588,10,14,2 238,1 873,45 120 919,271 831 828,186 713 450,52,53,mistral_table,mistral_table,no
1393,MATS. PLASTICAS,10,642,393,152 280,1 797,176 737,10,14,1 089,710,24 117 574,233 741 948,110 474 643,52,53,mistral_table,mistral_table,no
1394,TEXTIL,7,365,327,61 981,1 074,946 379,2,4,277,204,5 832 421,98 423 792,38 639 164,52,53,mistral_table,mistral_table,no
1395,ALIMENTARES,156,474,316,60 641,1 671,578 600,7,9,415,325,6 605 425,189 088 894,73 115 672,52,53,mistral_table,mistral_table,no
1396,DEMAIS GENEROS,81,3 979,2 733,766 779,4 518 798,2 325 620,61,70,2 962,2 397,51 356 662,368 378 370,190 998 167,52,53,pdf_text_layout,mistral_table,no
1397,FRANCA,655,26 700,23 312,2 893 305,19 017 635,10 037 862,675,764,35 597,31 267,363 388 610,2 663 818 107,1 402 241 399,52,53,pdf_text_layout,mistral_table,no
1398,MECANICA,32,543,444,93,209 493,008 261,32,37,837,687,10 665 304,76 188 745,51 447 676,52,53,mistral_table,mistral_table,no
1399,BORRACHA,12 324,1 044,280 467,5,829 582,1,10,1,284,1 175,20 804 112,248 671 356,120 235 408,52,53,mistral_table,mistral_table,no
1400,COUROS E PELES,60,2 060,1 815,242 853,1 576,416 659,30,55,4 217,3 809,43 631 178,125 035 384,42 290 288,52,53,mistral_table,mistral_table,no
1401,QUIMICA,11,140,101,10,326 101,544 549,6,4,212,112,4 351 455,100 268 227,44 230 073,52,53,mistral_table,mistral_table,no
1402,VESTUARIO,340,20 176,18 029,2 060 410,12 375 120,6 521 732,427,452,26 155,23 042,260 670 638,1 723 850 779,954 505 088,52,53,pdf_text_layout,mistral_table,no
1403,DEMAIS GENEROS,200,2 457,1 879,216 040,1 297,163 522,174,196,2 892,2 438,23 265 923,189 803 616,89 427 666,52,53,mistral_table,mistral_table,no
1404,GU~RU.JA,185,2 760,989,474 263,6 101 303,550 492,94,121,2 238,1 521,45 618 241,1 253 352 106,606 801 918,52,53,pdf_text_layout,mistral_table,no
1405,NAO METALICOS,18,165,108,22,156 301,217 143,12,15,194,157,3 224 425,59 625 768,28 095 426,52,53,mistral_table,mistral_table,no
1406,MECANICA,6,66,53,31 705,115 801,65,4,7,113,105,4 591 404,11 565 679,8 239 721,52,53,mistral_table,mistral_table,no
1407,TRANSPORTE,25,468,389,76,767 190,307 128,24,26,330,242,5 288 430,19 963 247,16 044 149,52,53,mistral_table,mistral_table,no
1408,QUIMICA,5,230,95,157 235,4 312,121 828,1,12,259,111,18 668 517,956 250 387,505 485 131,52,53,mistral_table,mistral_table,no
1409,ALIMENTARES,72,1 460,1,124 139,271 969,199 251,10,14,1 095,743,12 266 275,199 147 156,45 497 488,52,53,mistral_table,mistral_table,no
1410,DEMAIS GENEROS,59,371,220,47,129 212,658 133,43,47,247,163,1 579 190,6 809 869,3 440 003,52,53,mistral_table,mistral_table,no
1411,GUARULHOS,1 516,93 842,72 082,20 540 124,177 232 795,92 045 879,980,1 351,103 561,79 850,2 226 924 674,20 074 591 511,10 871 899 108,52,53,pdf_text_layout,mistral_table,no
1412,MET ALURGI CA,296,21 014,16 714,4 333 561,40 580 478,16 940 219,200,273,20 213,16 732,402 836 009,3 531 620 479,1 736 292 060,52,53,pdf_text_layout,mistral_table,no
1413,MECANICA,,,,,,,108,184,14 422,10 381,417 606 798,2 618 011 184,1 572 529 144,52,53,mistral_table_partial,mistral_table,yes
1414,MATERIAL ELETRICO,88,13 442,10 791,3 483 304,41 797 298,26 796 666,46,87,17 609,12 875,506 839 135,4 928 591 328,2 991 399 992,52,53,pdf_text_layout,mistral_table,no
1415,TRANSPORTE,61,7 827,6 051,t 697 327,11 339 594,4 180 364,45,59,7 446,6 138,142 027 601,1 072 059 196,547 458 630,52,53,pdf_text_layout,mistral_table,no
1416,OUIMICA,65,3 384,2 028,914 623,11 500 393,5 888 419,41,79,4 485,3 072,110 466 798,1 450 424 458,662 421 203,52,53,pdf_text_layout,mistral_table,no
1417,DEMAIS GENEROS,794,33 798,25 384,967 121,.. 9 546 269,25 635 172,520,669,39 386,30 652,647 148 333,6 473 884 866,3 361 802 079,52,53,pdf_text_layout,mistral_table,no
1418,lTAPETlNINGA,161,2 878,2 252,262 948,6 475 623,3 158 458,99,121,3 004,2 408,26 910 316,491 327 229,255 538 995,52,53,pdf_text_layout,mistral_table,no
1419,MADEIRA,9,550 402,62 591,1,560 148,1,6,10,719,513,6 324 426,101 614 630,68 866 497,52,53,mistral_table,mistral_table,no
1420,QUIMICA,4,119,88,32 767,2 470,832 923,2,8,188,92,3 124 178,99 572 646,36 312 792,52,53,mistral_table,mistral_table,no
1421,TEXTIL,3,563,524,58 337,1 533,966 714,,,,,,,,52,53,mistral_table,pdf_text_layout_partial,yes
1422,VESTUARIO,10,502,466,30 996,123 962,82,16,17,809,712,4 462 764,27 765 788,14 938 425,52,53,mistral_table,mistral_table,no
1423,ALIMENTARES,35,267,142,23,228 428,605 106,13,17,171,139,1 561 010,38 872 618,8 872 972,52,53,mistral_table,mistral_table,no
1424,DEMAIS GENEROS,100,877,630,75,309 358,110 247,62,67,(F),(F 1,(X),IFl,(X),52,53,mistral_table,pdf_text_layout,no
1425,JAÇAREI,208,10 952,8 401,2 366 014,27 445 677,13 748 043,129,201,14 139,11 632,363 841 548,5 043 236 997,3 271 720 118,52,53,pdf_text_layout,mistral_table,no
1426,NAO METALICOS,19,265,194,44,298 345,148 196,16,18,462,371,17 452 710,453 445 340,356 771 016,52,53,mistral_table,mistral_table,no
1427,MECANICA,20,1 641,584,353 817,1 737 471,1 225 776,10,27,4 487,3 859,145 060 773,1 701 456 245,1 357 589 765,52,53,pdf_text_layout,mistral_table,no
1428,PAPEL E PAPELAO,6,1 302,904,426 340,4 960 202,1 987 259,3,5,1 206,838,48 997 855,514 405 225,208 940 409,52,53,pdf_text_layout,mistral_table,no
1429,QUIMICA,15,1 056,531,337 933,8 215 260,4 065 249,2,15,1 026,729,33 120 054,1 042 462 324,701 793 646,52,53,pdf_text_layout,mistral_table,no
1430,TEXTI L,29,3 206,2 823,480 287,5 358 468,2 697 929,7,19,2 764,2 535,40 323 938,441 971 407,234 752 874,52,53,pdf_text_layout,mistral_table,no
1431,DEMAIS GENEROS,119,3 482,2 365,723 339,6 829 128,3 574 918,91,116,4 194,3 300,78 886 218,889 496 456,412 472 408,52,53,pdf_text_layout,mistral_table,no
1432,JUNDIAI,709,46 454,36 028,8 975 143,70 659 280,36 824 525,390,526,38 467,30 790,785 977 083,7 248 567 603,3 769 967 530,52,53,pdf_text_layout,mistral_table,no
1433,METALURGI CA,65,4 596,3 081,964 501,6 795 189,3 744 167,42,51,4 352,3 199,111 635 059,874 863 543,494 306 959,52,53,pdf_text_layout,mistral_table,no
1434,TRANSPORTE,12,1 907,1 501,455 638,1 971 063,1 234 682,11,15,4 021,3 181,88 857 248,511 199 856,301 984 430,52,53,pdf_text_layout,mistral_table,no
1435,OUIMICA,17,1 077,833,172 253,3 733 107,1 460 692,8,21,1 632,1 271,29 797 496,575 926 759,266 446 555,52,53,pdf_text_layout,mistral_table,no
1436,TEXTIL,41,4 185,3 561,763 497,6 918 777,3 080 550,13,4,221,3 805,59 257 914,569 057 481,263 935 376,52,53,pdf_text_layout,mistral_table,no
1437,ALIMENTARES,100,5 230,3 420,926 979,15 420 912,6 980 914,49,69,3 740,2 841,86 202 316,1 955 377 435,749 450 467,52,53,pdf_text_layout,mistral_table,no
1438,DEMAIS GENEROS,474,29 459,23 632,692 275,35 820 232,20 323 520,267,341,20 501,16 493,400 227 050,2 762 142 529,1 694 143 743,52,53,pdf_text_layout,mistral_table,no
1439,LIMEIRA,565,24 826,19 802,4 259 093,40 061 898,16 764 368,306,437,23 616,19 937,439 093 974,5 147 978 083,2 246 479 041,52,53,pdf_text_layout,mistral_table,no
1440,MECANICA,131,6 207,4 983,1 311 417,7 081 853,4 001 106,63,103,5 958,5 177,134 011 474,710 753 488,402 219 631,52,53,pdf_text_layout,mistral_table,no
1441,TRANSPORTE,48,4 972,3·743,925 444,6 924 407,3 081 015,20,33,4 402,3 374,92 793 896,839 227 899,544 452 397,52,53,pdf_text_layout,mistral_table,no
1442,PAPEL E PAPELAO,25,2 354,1 843,438 618,7 297 051,2 866 164,9,23,2 405,2 156,51 546 086,815 263 104,344 804 821,52,53,pdf_text_layout,mistral_table,no
1443,QUIMICA,12,308 249,69 987,2,510 469,1,3,14,404,340,10 722 473,361 383 947,164 404 914,52,53,mistral_table,mistral_table,no
1444,ALIMENTARES,50,2 444,1 790,309 145,9 921 585,2 342 211,18,27,2 462,2 113,54 975 969,1 825 403 570,494 247 211,52,53,pdf_text_layout,mistral_table,no
1445,DEMAIS GENEROS,299,8 541,7 194,204 482,6 326 533,3 367 244,193,237,7 985,6 777,95 044 074,595 946 075,296 390 067,52,53,pdf_text_layout,mistral_table,no
1446,MARILIA,263,7 294,467,865 686,11 393 751,4 157 841,184,234,8 050,5 848,98 667 141,1 294 158 981,467 760 238,52,53,pdf_text_layout,mistral_table,no
1447,METALURGICA,21,1,000,658,120 601,899 576,24,34,1 089,954,13 534 011,174 966 418,93 854 067,52,53,mistral_table,mistral_table,no
1448,MATS. PLASTICAS,3,272,221,22,968 300,487 135,6,8,432,356,3 444 226,53 724 317,24 070 062,52,53,mistral_table,mistral_table,no
1449,TEXTIL,4,125,194,32,008 639,284 308,,,,,,,,52,53,mistral_table,missing,yes
1450,ALIMENTARES,'63,3 215,2 251,351 692,7 425 548,2 178 710,37,49,3 730,2 349,48 659 980,821 191 838,218 422 283,52,53,pdf_text_layout,mistral_table,no
1451,BEBIDAS,4,301,195,68,363 447,411 273,-,3,305,205,6 528 468,51 012 259,30 459 893,52,53,mistral_table,mistral_table,no
1452,DEMAIS GENEROS,166,2 274,1 748,270 434,1,681 643,115,136,1 995,1 546,19 949 413,132 428 677,74 103 374,52,53,mistral_table,mistral_table,no
1453,MAUA,304,21 993,16 688,6 273 051,89 637 635,45 189 825,135,212,20 648,17 022,635 505 106,8 960 969 904,4 217 568 841,52,53,pdf_text_layout,mistral_table,no
1454,NAO METALICOS,,,,,,,16,24,3 104,2 521,74 865 191,511 647 754,330 641 812,52,53,mistral_table_partial,mistral_table,yes
1455,METALURGICA,41,4 374,3 495,952 520,4 611 203,2 494 100,31,41,3 618,3 277,89 645 675,411 223 572,244 729 490,52,53,pdf_text_layout,mistral_table,no
1456,MECANICA,45,2 966,2 511,104 888,3 315 234,2 138 544,20,32,2 490,2 159,84 842 788,313 001 111,205 119 089,52,53,pdf_text_layout,mistral_table,no
1457,TRANSPORTE,8,4 102,3 315,036 aos,1 170 227,4 501 706,5,10,4 486,3 823,123 403 000,1 048 199 176,778 973 185,52,53,pdf_text_layout,mistral_table,no
1458,QUIMICA,50,3 690,2 197,597 620,63 213 749,30 260 891,9,33,4 419,3 138,199 574 967,6 269 800 406,2 480 014 427,52,53,pdf_text_layout,mistral_table,no
1459,DEMAIS GENEROS,127,3 176,2 204,724 400,6 326 201,3 048 367,,,,,,,,54,55,mistral_table,pdf_text_tokens_partial,yes
1460,MOJI DAS CRUZES,365,22 877,18 065,4 693 718,50 443 368,18 941 734,185,289,19 138,15 164,401 893 120,375 364 683,2 372 796 soa,54,55,mistral_table,pdf_text_layout,no
1461,METALURGICA,47,4 569,3 333,1 140 258,17 504 203,4 402 433,29,49,3 916,3 064,85 951 773,491 683 513,502 608 886,54,55,mistral_table,pdf_text_layout,no
1462,MECANICA,52,6 867,5 435,1 667 315,15 606 936,6 750 395,16,42,6 377,4 706,160 880 179,715 371 780,721 139 883,54,55,mistral_table,pdf_text_layout,no
1463,MATERIAL ELETRICO,10,857,808,138 721,1 668 901,864 208,6,13,1 378,1 241,24 627 439,336 531 063,221 764 667,54,55,mistral_table,pdf_text_layout,no
1464,PAPEL E PAPELÃO,8,1 408,1 015,341 499,2 555 061,1 171 662,2,5,1 275,1 098,36 103 216,466 278 925,261 280 419,54,55,mistral_table,pdf_text_layout,no
1465,QUIMICA,13,836,709,181 860,5 596 585,1 828 504,3,16,975,742,30 884 155,750 126 747,314 408 266,54,55,mistral_table,pdf_text_layout,no
1466,DEMAIS GENEROS,235,8 340,6 765,1 224 065,7 511 582,4 027 487,129,164,5 217,4 313,63 446 358,615 372 655,351 594 387,54,55,mistral_table,pdf_text_layout,no
1467,OSASCO,664,42 281,32 340,11 612 360,84 595 260,41 635 810,351,458,42 546,32 891,081 012 196,9 107 490 317,182 904 442,54,55,mistral_table,pdf_text_layout,no
1468,METALURGICA,93,8 003,5 863,2 464 269,11 785 872,5 955 405,65,77,7 508,6 328,204 948 566,1 132 375 081,591 902 074,54,55,mistral_table,pdf_text_layout,no
1469,MATERIAL ELETRICO,31,966,3 318,1 628 887,10 370 833,5 305 545,19,34,4 868,3 421,180 266 191,1 078 833 415,723 850 676,54,55,mistral_table,pdf_text_layout,no
1470,PAPEL E PAPELÃO,17,2 189,1 762,505 832,4 264 774,2 466 215,13,18,3 044,2 437,71 262 103,916 381 866,636 930 302,54,55,mistral_table,pdf_text_layout,no
1471,QUIMICA,25,2 337,1 934,594 451,1 668 898,4 889 310,10,24,2 780,"2 24""",72 167 064,1 220 728 716,534 023 880,54,55,mistral_table,pdf_text_layout,no
1472,TEXTIL,30,3 356,2 635,650 159,17 944 107,8 840 768,11,20,2 979,2 261,59 438 741,1 525 334 520,056 940 726,54,55,mistral_table,pdf_text_layout,no
1473,DEMAIS GENEROS,468,21 430,16 828,5 616 982,28 360 776,14 178 567,233,285,21 367,16 200,492 929 531,3 233 836 719,639 256 784,54,55,mistral_table,pdf_text_layout,no
1474,PIRACICABA,864,27 793,20 702,6 549 621,58 853 241,27 092 335,,,,,,,,54,55,mistral_table,missing,yes
1475,METALURGICA,128,4 969,3 810,1 225 990,8 449 963,3 019 429,85,102,3 830,3 015,76 285 796,044 364 262,306 979 419,54,55,mistral_table,pdf_text_layout,no
1476,MECANICA,161,10 500,8 230,2 975 036,28 942 035,15 198 549,107,164,10 253,7 731,266 183 845,988 644 506,961 400 396,54,55,mistral_table,pdf_text_layout,no
1477,MATERIAL ELETRICO,24,1 793,1 275,405 811,3 504 614,1 960 617,20,27,1 099,826,32 400 770,270 053 197,73 719 884,54,55,mistral_table,pdf_text_layout,no
1478,PAPEL E PAPELÃO,16,1 330,1 063,292 023,3 599 709,1 533 415,3,13,1 748,558,42 969 618,579 701 253,216 i4o 666,54,55,mistral_table,pdf_text_layout,no
1479,QUIMICA,22,406,184,109 462,3 002 639,1 311 902,17,31,1 515,936,26 166 48',896 947 827,361 325 909,54,55,mistral_table,pdf_text_layout,no
1480,DEMAIS GENEROS,513,8 795,6 140,1 541 298,11 354 281,5 068 423,323,362,7 798,6 169,94 791 244,889 099 103,435 496 666,54,55,mistral_table,pdf_text_layout,no
1481,PRESIDENTE PRUDENTE,289,5 286,3 997,602 884,9 891 884,3 373 665,168,221,5 352,4 241,50 310 906,868 773 508,252 282 651,54,55,mistral_table,pdf_text_layout,no
1482,MECANICA,23,(F),(F),(F),(F),(F),11,15,CF),(F),CX),CF),(X),54,55,mistral_table,pdf_text_layout,no
1483,COUROS E PELES,5,327,236,66 904,619 670,157 671,8,9,482,373,3 814 701,76 162 343,19 672 414,54,55,mistral_table,pdf_text_layout,no
1484,TEXTIL,2,(D),(D),(D),(D),(D),,,,,,,,54,55,mistral_table,pdf_text_layout_partial,yes
1485,ALIMENTARES,64,1 713,1 359,178 302,5 472 246,1 516 020,25,44,2 118,1 780,20 543 333,553 044 935,124 900 939,54,55,mistral_table,pdf_text_layout,no
1486,BEBIDAS,11,315,209,28 231,231 636,102 495,6,8,400,308,2 706 595,30 193 053,10 345 998,54,55,mistral_table,pdf_text_layout,no
1487,DEMAIS GENEROS,184,2 448,1 832,267 335,2 847 947,1 339 165,118,U3,885,389,17 317 667,124 264 172,68 124 307,54,55,mistral_table,pdf_text_layout,no
1488,RIBEIRÃO PRETO,888,17 011,12 198,2 704 683,20 021 406,8 775 534,,,,,,,,54,55,mistral_table,missing,yes
1489,QUIMICA,39,568,403,196 070,1 853 852,814 981,16,45,923,340,24 431 888,371 832 256,155 223 011,54,55,mistral_table,pdf_text_layout,no
1490,TEXTIL,6,1 362,1 206,165 584,1 522 878,301 715,,,,,,,,54,55,mistral_table,missing,yes
1491,ALIMENTARES,125,2 817,1 607,416 632,5 247 384,1 526 659,7:1,107,2 965,719,41 066 463,508 232 819,210 617 414,54,55,mistral_table,pdf_text_layout,no
1492,BEBIDAS,17,1 193,734,281 687,1 859 611,1 100 530,7,16,1 095,527,21 221 051,145 093 775,71 225 492,54,55,mistral_table,pdf_text_layout,no
1493,DIVERSAS,58,1 313,892,210 424,1 670 400,783 778,39,50,1 579,1 124,27 031 062,160 742 493,101 085 874,54,55,mistral_table,pdf_text_layout,no
1494,DEMAIS GENEROS,643,9 758,7 356,1 434 286,7 867 281,4 247 871,,,,,,,,54,55,mistral_table,missing,yes
1495,RIO CLARO,415,9 431,7 296,1 271 524,13 577 554,6 349 410,280,339,10 028,7 996,136 809 868 674,285 658,949 212 718,54,55,mistral_table,pdf_text_layout,no
1496,NAS METALICOS,95,1 178,877,140 722,1 976 213,1 177 366,56,66,1 139,827,21 452 635 301,189 260,210 140 984,54,55,mistral_table,pdf_text_layout,no
1497,QUIMICA,16,476,297,97 430,1 855 344,897 502,4,14,697,543,16 015 774 302,102 830,163 131 359,54,55,mistral_table,pdf_text_layout,no
1498,MATS. PLASTICAS,6,938,720,107 957,2 031 686,1 019 057,5,8,805,647,12 877 861 219,248 014,1A7 551 067,54,55,mistral_table,pdf_text_layout,no
1499,ALIMENTARES,66,1 318,919,165 183,2 542 285,803 730,58,64,1 230,860,13 164 657 177,668 999,80 961 937,54,55,mistral_table,pdf_text_layout,no
1500,BEBIDAS,15,1 039,726,141 613,1 689 589,736 299,3,10,1 131,884,15 616 782 271,546 225,130 824 388,54,55,mistral_table,pdf_text_layout,no
1501,DEMAIS GENEROS,217,4 482,3 757,616 619,3 482 437,1 715 456,154,177,5 026,4 235,57 682 159 402,530 330,216 602 983,54,55,mistral_table,pdf_text_layout,no
1502,SANTO ANDRE,187,75 089,56 121,21 115 934,247 414 774,82 650 005,701,903,61 008,45 725,1 732 393 353,24 595 653 885,745 118 808,54,55,mistral_table,pdf_text_layout,no
1503,METALURGICA,209,14 950,11 734,3 968 229,57 841 806,12 127 524,157,193,10 859,9 257,257 215 035,6 106 837 973,133 047 030,54,55,mistral_table,pdf_text_layout,no
1504,MECANICA,194,14 068,11 071,3 862 189,18 334 108,10 388 103,106,1'11,10 224,8 090,303 182 788,1 195 625 881,726 221 509,54,55,mistral_table,pdf_text_layout,no
1505,TRANSPORTE,43,5 751,3 989,1 669 442,6 068 167,3 915 517,24,34,6 754,4 452,192 074 418,1 034 256 103,643 601 021,54,55,mistral_table,pdf_text_layout,no
1506,BORRACHA,6,6 938,1 920,2 521 994,1 044 344,2 111 774,9,21,8 196,4 987,358 644 740,• 231 767 346,1 698 858 662,54,55,mistral_table,pdf_text_layout,no
1507,QUIMICA,61,10 503,6 147,4 139 790,76 741 873,28 087 269,15,53,9 083,6 527,368 840 091,9 143 801 626,3 146 446 293,54,55,mistral_table,pdf_text_layout,no
1508,DEMAIS GENEROS,654,23 149,17 960,4 954 290,41 003 276,18 003 818,390,461,15 892,12 412,252 436 281,2 883 364 956,1 396 944 293,54,55,mistral_table,pdf_text_layout,no
1509,SANTOS,774,12 103,8 305,1 899 978,17 706 595,8 195 339,411 524,9 242,834 134,357 373,949 534,512 978,297 040,54,55,mistral_table,pdf_text_tokens,no
1510,NÃO METALICOS,24,416,255,69 463,630 098,375 722,13,21,321,234,3 953 603,49 361 478,26 334 582,54,55,mistral_table,pdf_text_layout,no
1511,QUIMICA,28,521,356,140 035,5 873 823,2 365 218,4,23,362,161,10 842 732,725 834 574,437 566 314,54,55,mistral_table,pdf_text_layout,no
1512,VESTUARIO,77,1 227,1 036,93 860,1 140 068,556 506,50,54,1 234,062,8 278 948,61 693 989,31 896 818,54,55,mistral_table,pdf_text_layout,no
1513,ALIMENTARES,285,4 977,3 413,682 909,7 094 010,3 010 988,50,87,3 190,792,49 367 500,914 052 368,354 369 333,54,55,mistral_table,pdf_text_layout,no
1514,GRAFICA,49,1 140,659,270 886,475 959,278 076,38,46,1 002,422,19 194 612,54 339 710,39 075 401,54,55,mistral_table,pdf_text_layout,no
1515,DEMAIS GENEROS,331,3 822,2 586,642 825,2 492 627,1 608 829,256,293,3 133,2 163,42 719 978,144 252 393,89 054 592,54,55,mistral_table,pdf_text_layout,no
1516,SÃO BERNARDO DO CAMP,1 296,150 966,112 270,46 341 799,473 580 531,169 898 233,718,1 061,144 703,109 530,4 401 675 001,42 283 188 605,13 695 046 624,54,55,mistral_table,pdf_text_layout,no
1517,METALURGICA,184,18 781,16 033,5 070 633,52 546 435,19 194 172,129,165,16 998,14 942,448 865 828,4 128 663 634,1 902 998 037,54,55,mistral_table,pdf_text_layout,no
1518,MECANICA,173,24 848,19 734,6 779 715,44 572 830,22 856 880,70,129,22 805,18 350,872 169 180,3 939 345 998,2 019 989 734,54,55,mistral_table,pdf_text_layout,no
1519,TRANSPORTE,109,55 837,35 714,19 953 632,280 166 568,80 108 415,35,100,60 288,42 066,2 180 123 263,25 732 646 818,5 733 096 570,54,55,mistral_table,pdf_text_layout,no
1520,QUIMICA,72,6 726,3 725,2 374 026,31 294 296,11 256 558,41,71,7 123,3 918,239 266 589,3 080 350 966,1 204 322 479,54,55,mistral_table,pdf_text_layout,no
1521,MATS. PLASTICAS,58,4 207,3 460,852 539,7 997 992,3 277 746,31,48,3 641,2 875,70 936 205,740 726 180,337 298 462,54,55,mistral_table,pdf_text_layout,no
1522,DEMAIS GENEROS,700,40 567,33 604,9 310 954,57 002 410,33 204 462,412,548,33 848,27 379,590 313 936,4 661 455 009,2 497 341 342,54,55,mistral_table,pdf_text_layout,no
1523,SÃO CAETANO DO SUL,700,44 680,31 712,13 002 473,102 925 594,44 858 483,408,523,37 283,28 153,053 469 056,9 260 542 949,3 026 579 241,54,55,mistral_table,pdf_text_layout,no
1524,METALURGICA,134,9 451,6 741,2 716 417,25 129 873,9 393 206,84,111,7 826,5 996,206 673 711,2 234 041 971,904 605 784,54,55,mistral_table,pdf_text_layout,no
1525,MECANICA,85,5 132,1 529,2 251 577,18 802 466,15 577 326,48,63,4 766,4 334,175 097 993,620 024 447,272 409 983,54,55,mistral_table,pdf_text_layout,no
1526,TRANSPORTE,33,9 384,4 476,4 163 976,36 478 666,12 483 798,18,31,10 701,6 675,4<16 776 815,3 784 242 828,670 210 525,54,55,mistral_table,pdf_text_layout,no
1527,QUIMICA,40,2 048,1 246,588 410,10 720 381,5 425 905,11,26,1 389,848,32 574 275,567 914 860,345 845 479,54,55,mistral_table,pdf_text_layout,no
1528,ALIMENTARES,97,3 120,2 217,509 929,6 611 545,3 169 400,28,38,2 329,1 577,42 003 088,909 060 134,255 158 689,54,55,mistral_table,pdf_text_layout,no
1529,DEMAIS GENEROS,311,14 545,11 503,2 772 164,15 181 664,8 808 848,219,254,10 272,8 723,150 343 174,145 258 709,578 348 781,54,55,mistral_table,pdf_text_layout,no
1530,SÃO CARLOS,398,18 086,14 940,2 938 887,29 476 725,12 851 780,U9,325,17 062,14 343,261 835 986,2 687 169 853,446 994 588,54,55,mistral_table,pdf_text_layout,no
1531,MECANICA,65,7 384,6 140,1 269 409,15 324 192,5 528 339,34,48,7 025,6 241,117 04 021,1 213 838 993,608 794 094,54,55,mistral_table,pdf_text_layout,no
1532,MATS. PLASTICAS,12,1 130,830,201 024,1 574 784,741 410,7,12,738,587,19 363 417,166 252 919,94 124 656,54,55,mistral_table,pdf_text_layout,no
1533,TEXTIL,20,1 811,1 609,300 923,2 576 428,1 384 948,7,15,1 346,141,22 262 365,221 641 001,137 852 384,54,55,mistral_table,pdf_text_layout,no
1534,ALIMENTARES,55,1 094,734,208 250,3 418 475,1 770 350,35,43,1 259,925,16 137 315,263 868 275,104 836 385,54,55,mistral_table,pdf_text_layout,no
1535,DIVERSAS,27,1 834,1 647,306 532,2 379 524,1 402 449,14,19,1 773,1 359,27 514 136,315 303 313,230 602 416,54,55,mistral_table,pdf_text_layout,no
1536,DEMAIS GENEROS,219,4 833,3 980,652 749,4 203 322,2 024 284,152,188,4 921,4 090,59 074 732,506 265 352,270 784 653,54,55,mistral_table,pdf_text_layout,no
1537,SÃO JOSE DO RIO PRETO,538,9 137,6 960,1 030 510,9 708 504,4 082 091,447,530,11 242,8 752,107 243 453,015 342 505,489 639 055,54,55,mistral_table,pdf_text_layout,no
1538,METALURGICA,71,872,701,85 269,807 047,255 901,64,73,1 068,862,9 975 511,100 535 691,50 335 765,54,55,mistral_table,pdf_text_layout,no
1539,MOBILIARIO,67,1 576,1 264,170 223,1 765 482,801 191,60,72,2 311,907,"22 873 91""'",225 235 901,108 233 241,54,55,mistral_table,pdf_text_layout,no
1540,TEXTIL,5,195,1 19,28 566,488 028,147 939,1,5,356,333,4 201 713,53 597 369,24 870 021,54,55,mistral_table,pdf_text_layout,no
1541,VESTUARIO,73,1 721,1 434,147 966,1 086 725,560 360,,,,,,,,54,55,mistral_table,missing,yes
1542,ALIMENTARES,86,1 171,821,144 786,2 989 217,763 188,55,68,945,631,8 640 735,127 345 637,47 292 140,56,57,mistral_table,pdf_text_layout,no
1543,DEMAIS GÉNEROS,236,3 602,2 621,453 700,2 792 005,1 453 812,179,222,3 969,2 777,44 843 377 361,410 513,178 414 333,56,57,mistral_table,pdf_text_layout,no
1544,SÃO JOSE DOS CAMPOS,444,48 110,36 683,12 925 863,178 193 163,69 639 778,275 454,51 236,40 957,1 640 535 572,25 833,724 152,10 593 820 136,56,57,mistral_table,pdf_text_layout,no
1545,MECANICA,51,5 366,4 942,1 278 498,4 959 030,2 970 734,,,,,,,,56,57,mistral_table,pdf_text_tokens_partial,yes
1546,MATERIAL ELÉTRICO,41,7 116,5 293,1 537 983,17 474 842,6 738 863,,,,,,,,56,57,mistral_table,pdf_text_tokens_partial,yes
1547,TRANSPORTE,20,12 086,8 091,4 194 508,36 965 022,12 884 647,,,,,,,,56,57,mistral_table,pdf_text_tokens_partial,yes
1548,QUÍMICA,20,2 701,1 817,1 129 123,74 728 933,23 110 240,,,,,,,,56,57,mistral_table,pdf_text_tokens_partial,yes
1549,DIVERSAS,19,2 660,1 688,968 429,13 097 233,8 465 365,,,,,,,,56,57,mistral_table,pdf_text_tokens_partial,yes
1550,DEMAIS GÉNEROS,293,18 181,14 852,3 717 322,30 968 103,15 469 929,204 268,13 399,11,595 274,130 997,2 657 257 694,1 230 012 418,56,57,mistral_table,pdf_text_layout,no
1551,SÃO VICENTE,207,2 526,1 749,380 763,4 406 178,2 054 070,83,99,1 400,1 037,22 258 143,282 018 457,150 683 651,56,57,mistral_table,pdf_text_layout,no
1552,NÃO METÁLICOS,30,678,536,136 103,1 405 427,891 066,9,14,321 279,6,168 269,80 302 110,48 369 957,56,57,mistral_table,pdf_text_layout,no
1553,MECANICA,6,117,99,18 416,79 534,52 952,5,6,(E),(0),IXl,IE l,(X),56,57,mistral_table,pdf_text_layout,no
1554,QUÍMICA,4,408,306,100 607,2 281 046,754 037,2,4,362 287,7,565 81.d,144 897 032,66 081 298,56,57,mistral_table,pdf_text_layout,no
1555,MATS. PLASTICAS,3,55,40,15 062,81 911,46 046,2,2,(F),CE l,IX l,(F),<X l,56,57,mistral_table,pdf_text_layout,no
1556,DEMAIS GÉNEROS,159,1 236,743,108 064,539 653,292 995,62,69,434 235,4,133 085,20 337 980,12 856 437,56,57,mistral_table,pdf_text_layout,no
1557,SOROCABA,684,37 014,29 312,6 990 854,55 338 999,26 551 419,443,597,40 568,32 520,809 068 443,6 829 026 913,3 609 558 970,56,57,mistral_table,pdf_text_layout,no
1558,METALURGICA,72,4 802,3 342,1 111 710,7 307 339,4 231 154,,,,,,,,56,57,mistral_table,pdf_text_tokens_partial,yes
1559,MECANICA,82,6 990,5 445,2 027 207,14 337 667,6 358 417,,,,,,,,56,57,mistral_table,pdf_text_layout_partial,yes
1560,MATERIAL ELÉTRICO,25,2 005,1 711,487 616,4 457 972,2 118 884,,,,,,,,56,57,mistral_table,pdf_text_tokens_partial,yes
1561,TRANSPORTE,19,2 613,2 004,545 461,2 863 841,1 781 619,,,,,,,,56,57,mistral_table,pdf_text_tokens_partial,yes
1562,TEXTIL,60,7 924,6 816,1 137 774,11 300 434,4 482 992,22,43,7 734,6 784 107,276 700,156 098 173,454 140 125,56,57,mistral_table,pdf_text_layout,no
1563,DEMAIS GÉNEROS,426,12 680,9 994,1 681 086,15 071 746,7 578 353,298 370,14 379,11,268 192,638 458,874 722 787,1 094 492 736,56,57,mistral_table,pdf_text_layout,no
1564,SUMARE,236,15 336,10 893,4 016 407,39 575 138,16 662 505,149,199,17 901,13 174 441,710 644,5 785 891 827,2 794 585 384,56,57,mistral_table,pdf_text_layout,no
1565,MECANICA,27,2 516,1 825,690 239,5 811 235,2 761 093,16,24,2 306,1 856,56 730 748 427,667 030,251 861 483,56,57,mistral_table,pdf_text_layout,no
1566,MATERIAL ELÉTRICO,12,1 185,862,308 412,8 550 588,2 754 953,,,,,,,,56,57,mistral_table,pdf_text_layout_partial,yes
1567,TRANSPORTE,8,3 597,3 180,853 673,6 353 236,2 860 338,1,7,4 960,3 840,130 555 794 779,650 025,397 243 893,56,57,mistral_table,pdf_text_layout,no
1568,BORRACHA,4,551,459,183 932,2 329 656,467 090,4,540,366,20 574 991,369,244 796,227 706 470,56,57,mistral_table,pdf_text_layout,no
1569,QUÍMICA,6,358,210,153 357,3 681 625,1 890 806,1,7,546,235,22 633 343 433,011 912,229 127 196,56,57,mistral_table,pdf_text_layout,no
1570,DEMAIS GÉNEROS,179,7 129,4 357,1 826 794,12 848 798,5 928 425,129 150,7 959,5 703,146 439 638,1 392,530 051,807 086 055,56,57,mistral_table,pdf_text_layout,no
1571,SUZANO,260,14 985,11 382,3 392 229,41 616 033,17 478 257,113,174,16 657,13 574,426 488 630,134 087 864,666 737 635,56,57,mistral_table,pdf_text_layout,no
1572,MECANICA,16,2 458,2 013,668 404,5 352 010,1 952 440,11,17,CFl,CFl,IXl,IG),(X),56,57,mistral_table,pdf_text_layout,no
1573,PAPEL E PAPELÃO,11,2 956,1 855,1 031 487,12 430 241,4 268 416,5,10 859,949 146,373 425,537 321,122 704,149 695,56,57,mistral_table,pdf_text_tokens,no
1574,QUÍMICA,18,1 041,728,272 534,9 636 264,3 634 904,2,15,559,1 91,52 239 930,312 329 085,665 674 819,56,57,mistral_table,pdf_text_layout,no
1575,FARMACÊUTICA,2,(F),(F),(X),(G),(X),,,,,,,,56,57,mistral_table,pdf_text_layout_partial,yes
1576,TEXTIL,17,(F),(F),(X),(G),(X),3,7,1 719,562,20 982 792,576 589 480,258 1 56 401,56,57,mistral_table,pdf_text_layout,no
1577,DEMAIS GÉNEROS,196,6 321,5 012,978 090,8 027 687,4 914 791,92,123,8 101,931,118 843 232,956 138 986,575 921 663,56,57,mistral_table,pdf_text_layout,no
1578,TABOÃO DA SERRA,195,9 249,6 813,1 902 561,15 482 034,7 897 872,172 209,10 576 395,210 775 804,2 018,791 382,1,169 417 979,56,57,mistral_table,pdf_text_layout,no
1579,METALURGICA,28,1 258,979,249 312,2 105 463,1 167 598,31,37,1 361,114,25 615 883 179,897 267,105 461 456,56,57,mistral_table,pdf_text_layout,no
1580,MECANICA,24,1 689,1 228,518 973,3 554 192,1 940 241,19,24,1 259,005,37 703 832 251,454 287,166 597 028,56,57,mistral_table,pdf_text_layout,no
1581,MATERIAL ELÉTRICO,14,1 870,1 668,280 479,2 164 394,1 182 821,,,,,,,,56,57,mistral_table,pdf_text_layout_partial,yes
1582,QUÍMICA,10,371,261,77 889,994 810,491 327,10,16,584,423,14 317 903 451,338 031,246 878 254,56,57,mistral_table,pdf_text_layout,no
1583,FARMACÊUTICA,7,860,564,201 703,3 743 012,1 523 540,2,5,582 376,14 i76 285,305 399,479 167,960 819,56,57,mistral_table,pdf_text_layout,no
1584,DEMAIS GÉNEROS,112,3 201,2 113,574 205,2 920 163,1 562 345,95,111,4 944,3 977,82 009 800,528 835 535 307,312 230,56,57,mistral_table,pdf_text_layout,no
1585,TAUBATE,257,18 168,14 355,4 023 671,36 317 186,13 755 814,1 57 210,16 687,13 262,440 277 015,4,524 701 697,1 383 018 856,56,57,mistral_table,pdf_text_layout,no
1586,METALURGICA,26,1 558,1 498,310 832,13 525 775,8 455 058,,,,,,,,56,57,mistral_table,pdf_text_layout_partial,yes
1587,MECANICA,34,4 368,3 632,1 167 904,6 206 984,3 908 372,15,22,4 171,3 420,165 293 405,557 685 492,385 853 160,56,57,mistral_table,pdf_text_layout,no
1588,TRANSPORTE,13,5 244,3 362,1 401 052,17 838 762,5 526 315,11,5 603,4 023,158,593 989,2 802 215 640,462 392 665,56,57,mistral_table,pdf_text_layout,no
1589,QUÍMICA,8,404,242,114 431,2 713 269,773 381,4,9,572 243,14,203 182,171 966 160,55 791 847,56,57,mistral_table,pdf_text_layout,no
1590,DIVERSAS,5,1 386,1 304,203 764,1 184 929,415 430,5,7,756 660,25,774 882,167 885 776,81 359 782,56,57,mistral_table,pdf_text_layout,no
1591,DEMAIS GÉNEROS,171,5 208,4 317,825 688,4 847 447,2 277 258,118 143,011 408,39,260 715,323 235,016 140,330 109,56,57,mistral_table,pdf_text_tokens,no
1592,ADAMANTINA,81,909,583,97 094,2 820 779,657 093,57,67,796,549,7 402 416,216 523 255,46 121 854,56,57,mistral_table,pdf_text_layout,no
1593,ADOLFO,5,67,48,5 860,19 472,17 768,33,27,240,859,747,412,538 202,56,57,mistral_table,pdf_text_tokens,no
1594,AGUAI,42,932,699,92 648,1 642 998,508 393,,,,,,,,56,57,mistral_table,missing,yes
1595,AGUAS DA PRATA,10,142,87,20 809,291 382,121 906,,,,,,,,56,57,mistral_table,pdf_text_layout_partial,yes
1596,AGUAS DE LINDÓIA,17,184,144,15 198,67 373,47 303,,,,,,,,56,57,mistral_table,pdf_text_layout_partial,yes
1597,AGUAS DE SANTA BARBARA,8,22,10,1 424,11 488,5 960,,,,,,,,56,57,mistral_table,pdf_text_layout_partial,yes
1598,AGUAS DE SÃO PEDRO,2,(B),(A),(X),(A),(X),,,,,,,,56,57,mistral_table,missing,yes
1599,AGUDOS,42,1 884,1 551,399 887,6 453 642,3 287 006,21,31,1 660,1 269,29 773 359,436 325 553,216 080 619,56,57,mistral_table,pdf_text_layout,no
1600,ALFREDO MARCONDES,6,14,7,1 422,3 096,1 977,3,3,3,20,319,135 325,14 675,56,57,mistral_table,pdf_text_tokens,no
1601,ALTAIR,2,(A),(A),(X),(A),(X),,,,,,,,56,57,mistral_table,pdf_text_layout_partial,yes
1602,ALTINÓPOLIS,21,83,47,7 384,25 107,13 787,13,16,82,45,728 772,4 938 055,1 392 022,56,57,mistral_table,pdf_text_layout,no
1603,ALTO ALEGRE,9,16,1,265,822,593,5,(E),6,-,7 584,33 549,17 139,56,57,mistral_table,tesseract_por_review,no
1604,ALVARES FLORENCE,11,21,3,1 132,36 443,1 764,7,18,120,437,614,704,730 242,56,57,mistral_table,pdf_text_tokens,no
1605,ALVARES MACHADO,23,215,146,18 609,222 940,98 999,31,32,245,168,2 364 556,14 212 613,7 870 2.41,56,57,mistral_table,pdf_text_layout,no
1606,ALVARO DE CARVALHO,1,(A),(A),(X),(A),(X),-,-,-,-,-,-,-,56,57,mistral_table,tesseract_por_review,no
1607,ALVINLANDIA,3,5,1,295,1 258,538,12,95,689,4,684 263,1,681 308,56,57,mistral_table,pdf_text_tokens,no
1608,AMÉRICO BRASILIENSE,35,1 128,978,203 964,3 992 348,1 457 524,23,28,945,756,20 341 721,506 887 460,247 790 899,56,57,mistral_table,pdf_text_layout,no
1609,AMÉRICO DE CAMPOS,16,110,47,7 305,119 230,22 726,,,,,,,,56,57,mistral_table,pdf_text_tokens_partial,yes
1610,AMPARO,193,6 829,5 567,1 005 158,8 672 614,3 395 784,139,164,031,4 456,86 802 169,soo 176 607,395 461 702,56,57,mistral_table,pdf_text_layout,no
1611,ANALANDIA,10,52,36,3 356,16 024,8 253,6,7,50,36,287 224,6 536 215,650 333,58,59,pdf_text_tokens,mistral_table,no
1612,ANDRADINA,,,,,,,81,90,2 238,1 786,22 530 189,558 806 514,165 615 875,58,59,pdf_text_tokens_partial,mistral_table,yes
1613,"ANGATUBA . . . . . . . . . ,, .. ,, . . . , . . . . . . . . . . . . . , -",39,458,284,54 835,798 017,375 974,34,38,394,212,5 578 371,75 296 801,40 562 466,58,59,pdf_text_tokens,mistral_table,no
1614,ANHEMBI,40,16,3,329,42 604,12 544,6,8,97,75,707 621,7 540 722,1 832 547,58,59,pdf_text_tokens,mistral_table,no
1615,ANHUMAS,8,23,11,1 034,23 175,3 180,5,5,25,18,135 763,6 087 913,1 066 899,58,59,pdf_text_tokens,mistral_table,no
1616,APARECIDA,69,1,070 805,126 706,244 516,328 299,63,69,1 014,695,10 553 154,99 134 055,36 573 807,58,59,pdf_text_tokens,mistral_table,no
1617,APARECIDA D'OESTE,,,,,,,14,15,41,19,319 000,12 254 572,1 084 367,58,59,pdf_text_tokens_partial,mistral_table,yes
1618,API AI,29,",",038 764,171 445,2 810 689,880 494,19,23,739,598,12 418 699,128 703 379,71 500 634,58,59,pdf_text_layout,mistral_table,no
1619,ARAÇOIABA DA SERRA,15,110,83,9 176,52 295,21 861,10,10,58,36,475 013,3 119 690,952 219,58,59,pdf_text_tokens,mistral_table,no
1620,ARAMINA,10,15 603,1 946,1,1,82,,,,,,,,58,59,pdf_text_tokens,mistral_table_partial,yes
1621,ARANDU......sscscirssr cre rranra rare rara sara son,3,8,1,313,932,639,,,,,,,,58,59,tesseract_por_review,mistral_table_partial,yes
1622,"ARARAS,...cccsocsscrc sra erererecane carrera z60",,,,,,,178,237,7 047,5 405,127 039 872,2 262 308 750,664 088 455,58,59,tesseract_por_review_partial,mistral_table,yes
1623,AREAL V A,26,81,33,3 867,23 382,12 833,17,17,40,14,153 626,1 011 709,522 216,58,59,pdf_text_layout,mistral_table,no
1624,AREIAS,6,42,21,2,037 474,3 729,4,4,6,1,20 618,54 064,43 278,58,59,pdf_text_tokens,mistral_table,no
1625,AREIOPOLIS,3,16,2 532,44 570,2,75,3,3,14,11,93 115,16 582 731,4 152 525,58,59,pdf_text_tokens,mistral_table,no
1626,ARIRANHA,25 758,293 136,47S,2,208 898,843 966,17,22,862,642,10 749 705,425 681 697,144 618 866,58,59,pdf_text_tokens,mistral_table,no
1627,ARTUR NOGUEIRA..........ccisccccsccrccrercca ae,,,,,,,40,49,1 647,1 475,30 260 305,521 752 134,202 183 190,58,59,tesseract_por_review_partial,mistral_table,yes
1628,ARUJA,68,3 293,2 732,516 903,s 219 645,2 091 246,44,57,3 688,3 043,51 940 447,632 366 773,269 555 033,58,59,pdf_text_layout,mistral_table,no
1629,ASSIS,,,,,,,107,123,2 588,1 983,25 418 477,531 967 408,139 693 189,58,59,pdf_text_tokens_partial,mistral_table,yes
1630,ATIBAIA,,,,,,,161,180,3 355,2 784,32 857 854,302 790 910,164 874 341,58,59,pdf_text_tokens_partial,mistral_table,yes
1631,AURIFLAMA,29 143,ao,8 242,444 045,58,11 A,23,30,372,311,1 927 110,116 218 077,18 885 188,58,59,pdf_text_layout,mistral_table,no
1632,AVA!,36,14,4,139,19 371,10 952,4,5,41,20,365 425,2 918 996,1 385 888,58,59,pdf_text_tokens,mistral_table,no
1633,AVANHANDA\/A,21,396 349,32 868,163 847,1'0,410,22,22,265,220,1 833 048,7 011 016,4 335 331,58,59,pdf_text_tokens,mistral_table,no
1634,A\/ARE,116,1 740,1 260,189 713,2 307 263,903 303,81,97,2 271,1 870,23 237 266,314 918 385,140 206 708,58,59,pdf_text_layout,mistral_table,no
1635,BADV BASSITT,10,50,35,2 291,94 643,11 895,7,8,23,9,149 386,10 180 300,2 446 496,58,59,pdf_text_tokens,mistral_table,no
1636,BALSAMO.....cccscciscrsererrrererrcr crer racer,19,168,118,10 027,157 273,50 015,18,19,149,108,871 200,27 232 838,-3 013 082,58,59,tesseract_por_review,mistral_table,no
1637,BANANAL,13 123,92,6 453,31 342,2',258,9,12,182,173,945 248,6 361 727,2 212 785,58,59,pdf_text_tokens,mistral_table,no
1638,BARÃO DE ANTONINA,,,,,,,3,3,10,3,36 728,291 823,120 726,58,59,pdf_text_layout_partial,mistral_table,yes
1639,BARBOSA,33,360 251,24 697,150 686,11,5 498,31,32,243,176,1 290 794,5 305 888,4 498 428,58,59,pdf_text_tokens,mistral_table,no
1640,BARIRI,,,,,,,59,65,1 729,1 352,19 519 002,1 070 537 675,480 808 548,58,59,pdf_text_tokens_partial,mistral_table,yes
1641,BARRA BONITA,,,,,,,69,81,2 919,2 305,60 570 430,1 193 813 071,443 331 771,58,59,pdf_text_tokens_partial,mistral_table,yes
1642,BARRA DO,"TURVO, . . . . . . . . • • . . . . . , . • • . . . . . . . .",IDl,1 e>,IX l,IC l,IX l,5,5,17,9,140 607,1 170 630,1 013 169,58,59,pdf_text_layout,mistral_table,no
1643,BARRETOS,174,3 307 743,435 297,11,799 25A,1 822 810,108,124,3 138,2 641,34 945 132,714 352 779,272 168 337,58,59,pdf_text_layout,mistral_table,no
1644,BARRINHA,29,296 176,30 177,1,519 472,457 472,17,17,75,46,409 127,3 647 916,1 551 475,58,59,pdf_text_tokens,mistral_table,no
1645,BARUERI,184,8 578,5 193,270 487,15 636 680,s 770 414,160,210,16 344,9 651,475 266 044,2 769 298 910,1 512 816 929,58,59,pdf_text_layout,mistral_table,no
1646,BASTOS,,,,,,,8,19,2 270,1 834,20 837 941,253 111 832,94 879 396,58,59,pdf_text_tokens_partial,mistral_table,yes
1647,BATATAIS,93,2 706,1 953,328 632,3 277 977,1 177 205,98,112,1 536,1 420,17 645 209,206 758 043,85 955 508,58,59,pdf_text_layout,mistral_table,no
1648,BEBEDOURO............cssssrcrcrrecrr serraria,,,,,,,54,76,2 737,2 151,52 784 712,2 450 817 689,828 861 190,58,59,tesseract_por_review_partial,mistral_table,yes
1649,BENTO DE ABREU . . . • . . . . . . . • . • . . . • . . . . • • . . IA),(A),IX,l,IAl,IX,1,4,4,184,143,2 936 654,46 234 519,12 010 092,58,59,pdf_text_tokens,mistral_table,no
1650,BERNARDINO DE CAMPOS,22 116,73,(A),001,51 695,17 888,14,15,105,77,766 048,16 860 152,6 110 749,58,59,pdf_text_tokens,mistral_table,no
1651,BILAC,29,206,122,13 209,170 832,49 191,28,29,245,192,1 285 334,20 191 589,9 646 885,58,59,pdf_text_tokens,mistral_table,no
1652,BIRIGUI,20 767,4 831,487 188,4 072 143,2,116 106,173,195,10 114,9 126,71 862 668,626 427 146,341 625 632,58,59,pdf_text_layout,mistral_table,no
1653,BIRITIBA-MIRIM,12,140,108,24 166,192 963,120 142,6,7,131,111,1 384 437,13 256 915,7 351 096,58,59,pdf_text_tokens,mistral_table,no
1654,BOA ESPERANÇA DO SUL,10,99,65,10 114,34D 509,58 743,8,9,128,77,947 937,33 237 717,4 002 552,58,59,pdf_text_layout,mistral_table,no
1655,BOCAINA,24,248 166,24 497,1 63,58 9,56 331,28,28,307,220,3 546 937,65 652 877,17 934 043,58,59,pdf_text_layout,mistral_table,no
1656,BOFETE,10,26,4 916,7,A14,4 408,8,8,28,8,109 962,1 271 308,745 675,58,59,pdf_text_tokens,mistral_table,no
1657,BOITUVA,48,1 011,708,174 242,2 248 530,901 124,32,43,1 872,1 381,31 554 254,302 236 547,153 054 196,58,59,pdf_text_layout,mistral_table,no
1658,BOM JESUS DOS PERDÕES,67,755,580,55 737,302 698,166 061,33,36,793,695,6 388 150,45 660 211,19 857 235,60,61,mistral_table,mistral_table,no
1659,BORA,2,(A),(A),(X),(A),(X),-,3,96,45,243 654,28 415 755,8 520 338,60,61,mistral_table,mistral_table,no
1660,BORACEIA,8,54,37,2 476,12 010,6 058,8,8,41,17,113 826,536 329,412 993,60,61,mistral_table,mistral_table,no
1661,BORBOREMA,25,175,98,10 409,218 875,71 038,22,22,172,114,1 121 555,20 757 638,7 458 635,60,61,mistral_table,mistral_table,no
1662,BOTUCATU,140,4 638,3 475,584 919,7 576 381,3 554 098,94,114,6 471,5 036,91 523 989,878 358 333,522 593 737,60,61,mistral_table,mistral_table,no
1663,BRAUNA,8,32,3,1 717,169 994,24 875,9,9,37,13,148 999,9 661 435,1 148 078,60,61,mistral_table,mistral_table,no
1664,BRODOSQUI,49,344,247,23 810,193 819,77 765,40,45,390,281,2 632 213,20 198 181,10 386 995,60,61,mistral_table,mistral_table,no
1665,BROTAS,43,321,184,25 653,321 848,113 885,42,44,264,184,1 980 867,44 315 923,11 419 907,60,61,mistral_table,mistral_table,no
1666,BURI,17,192,107,14 274,118 962,74 134,12,14,265,225,2 307 497,16 811 111,10 416 705,60,61,mistral_table,mistral_table,no
1667,BURITAMA,36,360,258,36 983,271 434,112 103,26,28,218,164,1 615 265,17 525 368,7 503 177,60,61,mistral_table,mistral_table,no
1668,BURITIZAL,5,9,-,650,2 152,1 790,4,4,7,3,17 765,160 430,42 795,60,61,mistral_table,mistral_table,no
1669,CABRALIA PAULISTA,10,84,61,2 693,90 343,49 821,10,10,203,180,1 055 465,11 588 569,6 248 705,60,61,mistral_table,mistral_table,no
1670,CABREUVA,66,898,672,72 362,729 272,232 288,61,65,1 548,1 241,13 927 065,122 225 838,39 295 469,60,61,mistral_table,mistral_table,no
1671,CAÇAPAVA,99,3 589,2 804,799 205,9 488 679,2 818 500,51,75,4 069,3 228,95 923 951,1 455 419 791,760 539 679,60,61,mistral_table,mistral_table,no
1672,CACHOEIRA PAULISTA,39,525,369,72 599,495 023,268 193,20,22,408,334,6 493 103,26 252 484,9 855 247,60,61,mistral_table,mistral_table,no
1673,CACONDE,20,68,27,3 415,18 559,6 064,16,18,54,23,261 125,4 325 921,1 392 931,60,61,mistral_table,mistral_table,no
1674,CAFELANDIA,29,347,198,28 400,554 399,202 936,22,23,183,124,1 006 273,43 927 968,5 656 158,60,61,mistral_table,mistral_table,no
1675,CAIABU,-,-,-,-,-,-,1,2,(E),(E),(X),(F),(X),60,61,mistral_table,mistral_table,no
1676,CAIEIRAS,75,5 047,3 887,1 039 060,8 430 195,3 715 422,39,58,4 202,3 170,90 273 087,785 216 580,407 798 997,60,61,mistral_table,mistral_table,no
1677,CAIUA,1,(D),(D),(X),(D),(X),1,1,(F),(F),(X),(G),(X),60,61,mistral_table,mistral_table,no
1678,CAJAMAR,69,3 942,2 976,678 419,8 776 020,3 216 869,52,70,4 078,2 937,71 490 951,979 464 391,448 640 461,60,61,mistral_table,mistral_table,no
1679,CAJOBI,14,40,13,2 028,24 495,4 324,8,8,32,17,209 877,2 567 372,824 369,60,61,mistral_table,mistral_table,no
1680,CAJURU,48,255,162,15 946,166 698,91 637,24,28,289,224,2 753 069,38 554 752,14 226 142,60,61,mistral_table,mistral_table,no
1681,CAMPO LIMPO PAULISTA,65,5 494,4 625,1 800 640,18 095 430,9 044 959,32,41,4 288,3 614,141 718 199,1 055 088 262,537 913 239,60,61,mistral_table,mistral_table,no
1682,CAMPOS DO JORDÃO,56,622,458,81 370,1 015 002,412 958,44,47,560,353,7 017 791,53 108 908,27 152 146,60,61,mistral_table,mistral_table,no
1683,CAMPOS NOVOS PAULISTA,5,17,7,818,4 313,2 349,5,5,20,7,107 461,876 841,467 849,60,61,mistral_table,mistral_table,no
1684,CANANEIA,9,82,61,10 013,26 102,15 341,8,10,91,70,1 232 096,2 329 151,1 055 183,60,61,mistral_table,mistral_table,no
1685,CANDIDO MOTA,70,437,254,43 212,527 140,205 606,47,61,578,402,5 499 301,103 609 657,47 031 184,60,61,mistral_table,mistral_table,no
1686,CANDIDO RODRIGUES,4,9,2,368,1 546,789,4,4,10,-,207,13 519,9 426,60,61,mistral_table,mistral_table,no
1687,CAPÃO BONITO,77,1 675,1 424,221 121,4 950 642,2 562 760,31,44,792,537,13 203 577,186 791 518,122 083 661,60,61,mistral_table,mistral_table,no
1688,CAPELA DO ALTO,16,87,34,6 053,25 691,14 628,15,16,96,64,515 090,3 106 645,2 061 614,60,61,mistral_table,mistral_table,no
1689,CAPIVARI,97,2 525,2 118,351 154,3 877 888,1 686 239,78,87,2 502,2 189,30 256 900,692 822 649,354 892 608,60,61,mistral_table,mistral_table,no
1690,CARAQUATATUBA,65,432,239,38 555,178 307,78 896,42,44,290,199,1 822 944,12 366 547,6 131 500,60,61,mistral_table,mistral_table,no
1691,CARDOSO,28,60,26,4 752,16 548,11 735,20,21,80,50,489 100,15 236 367,4 003 793,60,61,mistral_table,mistral_table,no
1692,CASA BRANCA,38,414,312,66 633,243 603,91 511,16,20,350,286,1 941 030,20 907 083,6 997 243,60,61,mistral_table,mistral_table,no
1693,CASSIA DOS COQUEIROS,5,9,-,144,1 996,1 272,3,4,8,1,86 775,1 240 882,237 594,60,61,mistral_table,mistral_table,no
1694,CASTILHO,13,48,19,1 662,6 356,3 831,16,16,82,47,485 235,1 856 475,1 068 964,60,61,mistral_table,mistral_table,no
1695,CATANDUVA,226,3 236,2 168,497 598,6 450 834,1 976 252,144,176,3 061,2 354,39 636 210,698 153 252,318 217 207,60,61,mistral_table,mistral_table,no
1696,CATIGUA,8,13,2,478,1 380,1 294,6,6,8,-,54 826,247 812,188 026,60,61,mistral_table,mistral_table,no
1697,CEDRAL,16,58,31,4 575,629 715,147 677,13,14,53,26,353 048,33 303 725,4 786 333,60,61,mistral_table,mistral_table,no
1698,CERQUEIRA CESAR,31,283,186,24 437,238 521,94 117,15,23,329,252,2 313 944,59 140 921,13 762 662,60,61,mistral_table,mistral_table,no
1699,CERQUILHO,89,2 162,1 794,269 046,3 282 340,1 296 050,69,81,2 661,2 250,34 079 314,619 235 591,312 316 272,60,61,mistral_table,mistral_table,no
1700,CESARIO LANGE,19,268,138,24 889,269 330,121 316,12,12,328,272,4 465 210,68 438 408,24 332 950,60,61,mistral_table,mistral_table,no
1701,CHARQUEADA,37,959,838,126 618,641 948,344 661,24,30,287,226,4 035 875,28 374 771,11 827 850,60,61,mistral_table,mistral_table,no
1702,CLEMENTINA,12,33,11,1 361,14 787,5 894,7,7,104,57,353 948,52 719 947,26 026 729,60,61,mistral_table,mistral_table,no
1703,COLINA,23,494,380,112 873,3 630 537,1 770 537,14,18,1 030,983,17 256 130,896 023 490,126 489 380,60,61,mistral_table,mistral_table,no
1704,COLOMBIA,3,13,4,1 128,4 973,4 557,2,3,12,3,124 184,330 324,270 510,60,61,mistral_table,mistral_table,no
1705,CONCHAL,36,272,186,25 790,304 830,127 496,28,31,361,154,5 017 348,70 016 769,30 193 064,62,63,pdf_text_tokens,mistral_table,no
1706,CONCHAS,95,781 504,41 877,1,402 306,209 951,77,79,411,272,1 911 818,27 246 957,7 531 391,62,63,pdf_text_tokens,mistral_table,no
1707,COROE IROPOLI S,45,1 740,1 547,202 553,1 060 090,626 590,29,32,1 227,1 102,14 124 150,101 753 720,59 652 138,62,63,pdf_text_layout,mistral_table,no
1708,"COROADOS •..• ,'",10,26,1,636,22,664 466,11,12,88,60,602 107,22 030 998,7 062 407,62,63,pdf_text_tokens,mistral_table,no
1709,CORONEL MACEDO,41,28,2,108,8 097,5 678,3,3,31,26,176 483,559 817,263 911,62,63,pdf_text_tokens,mistral_table,no
1710,CORUMBATAI,32,148,84,9 849,77 961,37 784,20,21,118,76,744 197,8 274 413,2 797 459,62,63,pdf_text_tokens,mistral_table,no
1711,COSMOPOLIS,,,,,,,44,56,1 905,1 526,48 152 522,687 049 094,324 115 884,62,63,pdf_text_tokens_partial,mistral_table,yes
1712,COSMORAMA.....icccerccirrrracrererrerrrasrransaa,20,67,30,3 214,121 472,22 159,19,19,52,21,198 338,38 870 829,4 534 756,62,63,tesseract_por_review,mistral_table,no
1713,COTIA,248,13 490,10 128,2 887 778,26 731 962,13 060 709,146,183,13 723,10 236,296 095 520,2 615 929 593,1 506 506 093,62,63,pdf_text_layout,mistral_table,no
1714,CRAVINHOS,63,964 545,217 260,1,157 248,411 860,29,34,863,666,22 296 529,125 700 860,64 364 360,62,63,pdf_text_tokens,mistral_table,no
1715,CRISTAIS PAULISTA,6,43,31,4 113,68 248,22 594,3,4,48,38,370 094,17 102 716,2 174 609,62,63,pdf_text_tokens,mistral_table,no
1716,CRUZALIA,10,115,82,17 080,112 445,51 447,7,8,184,159,2 691 817,17 716 947,10 081 705,62,63,pdf_text_tokens,mistral_table,no
1717,CRUZEIRO,126,883,4 464,074 035,10 962 922,4 780 760,79,106,5 407,4 211,130 035 268,1 261 500 409,625 724 713,62,63,pdf_text_layout,mistral_table,no
1718,CUBATÃO,,,,,,,22,92,23 919,15 815,1 129 658 812,27 620 543 097,8 952 193 784,62,63,pdf_text_tokens_partial,mistral_table,yes
1719,CUNHA,19,53,20,2 643,16 398,9 678,16,17,69,28,477 869,5 471 988,704 750,62,63,pdf_text_tokens,mistral_table,no
1720,DESCALVADO,78,1 694,1 160,211 544,3 006 734,1 242 478,47,63,1 365,1 009,17 642 518,301 238 593,100 914 366,62,63,pdf_text_layout,mistral_table,no
1721,DIVINOLANDIA,14,70,45,4 265,16 756,8 585,11,13,35,13,102 404,498 994,131 908,62,63,pdf_text_tokens,mistral_table,no
1722,DOBRADA,7,118,91,17 058,357 534,60 066,4,6,244,202,2 963 531,63 251 719,20 147 728,62,63,pdf_text_tokens,mistral_table,no
1723,DOIS CORREGOS,48,864 576,107 101,1,332 829,261 049,38,43,877,524,9 959 032,170 190 688,55 680 737,62,63,pdf_text_tokens,mistral_table,no
1724,DOLCINOPOLIS,2,(A),(A),(X),(A),(X),1,1,(A),(A),(X),(A),(X),62,63,pdf_text_tokens,mistral_table,no
1725,DOURADO,20,181,128,12 324,116 784,29 827,15,19,116,80,711 017,6 682 534,1 251 494,62,63,pdf_text_tokens,mistral_table,no
1726,DRACENA,91,960 601,88 533,1,528 565,550 148,62,74,797,506,8 287 081,160 643 474,54 591 115,62,63,pdf_text_tokens,mistral_table,no
1727,DUARTINA,28,648,546,49 226,354 683,165 314,20,23,573,474,4 300 699,39 703 814,12 984 598,62,63,pdf_text_tokens,mistral_table,no
1728,DUMONT,14,136,77,17 475,811 182,156 498,7,11,99,63,1 799 729,157 819 307,28 031 328,62,63,pdf_text_tokens,mistral_table,no
1729,ECHAPORÃ,13,67,42,4 174,367 153,22 597,7,7,31,17,199 303,7 857 256,1 649 009,62,63,pdf_text_tokens,mistral_table,no
1730,ELDORADO,11,175,133,14 404,274 114,129 659,12,14,233,189,1 567 501,21 661 615,13 416 557,62,63,pdf_text_tokens,mistral_table,no
1731,ELIAS FAUSTO,30,526 442,65 970,1,066 597,399 048,28,30,550,482,7 807 252,184 753 759,62 786 498,62,63,pdf_text_tokens,mistral_table,no
1732,EMBU-GUAÇU,115 264,1 869,250 192,1 592,240 789,07E,38,46,1 817,1 576,20 714 606,174 038 589,94 831 790,62,63,pdf_text_tokens,mistral_table,no
1733,ESPIRITO SANTO DO PINHAL,,,,,,,71,80,1 995,1 674,21 550 465,192 820 582,102 294 565,62,63,pdf_text_tokens_partial,mistral_table,yes
1734,ESTRELA D'OESTE,19,71,30,6 399,800 999,80 247,14,14,69,32,478 169,93 993 706,18 033 647,62,63,pdf_text_tokens,mistral_table,no
1735,ESTRELA DO NORTE,2,(C),(8),<X>,(8),(X 1,2,2,(B),(A),(X),(A),(X),62,63,pdf_text_layout,mistral_table,no
1736,FARTURA,22,94,57,4 653,21 197,12 944,24,25,96,56,422 516,17 438 442,5 258 262,62,63,pdf_text_tokens,mistral_table,no
1737,"FERNANDOPOLIS,..,..,.ccissiserarco rr crrsarrana",,,,,,,94,111,1 976,1 631,17 068 081,524 361 580,127 826 749,62,63,tesseract_por_review_partial,mistral_table,yes
1738,FERNANDO PRESTES,10,24,1,307,60 473,9 972,8,6,23,9,153 237,5 832 087,1 702 334,62,63,pdf_text_tokens,mistral_table,no
1739,FERRAZ DE VASCONCELOS,102,041,4 308,561 515,5 031 874,2 510 075,59,82,7 686,6 730,78 434 549,852 878 603,507 705 910,62,63,pdf_text_layout,mistral_table,no
1740,FLORA RICA,5,17,4,294,778,404,2,2,(A),(A),(X),(A),(X),62,63,tesseract_por_review,mistral_table,no
1741,FLOREAL,10,72,41,368,34 272,17 374,7,9,75,63,695 631,4 541 369,2 590 044,62,63,pdf_text_tokens,mistral_table,no
1742,FLORIDA PAULISTA,20,103,59,421,440 275,61 480,13,16,171,108,3 991 398,67 498 184,20 011 648,62,63,pdf_text_tokens,mistral_table,no
1743,FLORINIA,3,13,8,560,182,810,2,2,(C),(B),(X),(A),(X),62,63,pdf_text_tokens,mistral_table,no
1744,FRANCISCO MORATO,35,660,515,102 305,608 813,329 991,11,13,337,303,8 375 245,43 000 025,31 373 717,62,63,pdf_text_tokens,mistral_table,no
1745,FRANCO DA ROCHA,53,1 711,1 271,374 755,4 635 895,2 159 114,35,46,1 919,1 313,45 846 197,525 718 107,248 503 332,62,63,pdf_text_layout,mistral_table,no
1746,GABRIEL MONTEIRO,17,882,89,039,11,776,7,7,16,-,21 686,8 299 338,1 546 591,62,63,pdf_text_tokens,mistral_table,no
1747,GALIA,20,152,79,15 309,71,862 313,14,17,129,50,807 447,3 607 542,1 209 761,62,63,pdf_text_tokens,mistral_table,no
1748,GARÇA,68,917,672,73 979,169 027,536 489,33,41,772,630,5 005 463,55 334 662,24 124 638,62,63,pdf_text_tokens,mistral_table,no
1749,GASTÃO VIDIGAL,7,23,8,807,17,871 391,6,6,6,-,25 900,120 830,50 940,62,63,pdf_text_tokens,mistral_table,no
1750,GENERAL SALGADO,21,64,26,4 916,69 744,20 001,20,21,201,148,4 828 471,41 183 862,7 942 108,62,63,pdf_text_tokens,mistral_table,no
1751,GETULINA,19,108,61,8 164,750 893,77 124,12,14,77,55,486 899,15 042 762,6 157 804,62,63,pdf_text_tokens,mistral_table,no
1752,GLICERIO,16,102,65,8 390,30 980,19 288,16,16,117,80,537 662,2 918 697,1 847 415,64,65,mistral_table,mistral_table,no
1753,GUAIÇARA,9,88,63,7 556,90 596,30 858,7,7,135,115,839 467,3 729 042,2 553 462,64,65,mistral_table,mistral_table,no
1754,GUAIMBE,9,32,17,2 113,80 448,2 690,4,5,151,74,2 210 407,28 600 935,14 064 080,64,65,mistral_table,mistral_table,no
1755,GUAIRA,37,420,249,73 260,1 765 908,457 439,28,35,939,670,15 073 461,605 574 501,188 229 270,64,65,mistral_table,mistral_table,no
1756,GUAPIAÇU,17,330,266,30 557,969 518,203 335,10,11,339,273,4 075 004,155 236 953,42 800 952,64,65,mistral_table,mistral_table,no
1757,GUAPIARA,18,561,334,51 583,802 759,565 816,13,20,391,267,3 990 850,25 273 668,10 749 105,64,65,mistral_table,mistral_table,no
1758,GUARA,12,137,91,14 941,267 034,99 781,15,20,311,192,3 692 876,109 136 602,41 940 555,64,65,mistral_table,mistral_table,no
1759,GUARAÇAI,14,100,49,6 366,108 369,22 040,19,20,88,43,740 103,11 553 086,2 919 734,64,65,mistral_table,mistral_table,no
1760,GUARACI,10,41,17,4 078,77 518,13 866,9,10,35,20,303 175,2 900 767,645 635,64,65,mistral_table,mistral_table,no
1761,GUARANI D'OESTE,11,40,13,1 581,5 216,2 770,8,8,16,3,44 992,322 624,188 436,64,65,mistral_table,mistral_table,no
1762,GUARANTÁ,6,24,16,1 401,2 909,1 819,4,4,11,5,55 785,371 445,244 678,64,65,mistral_table,mistral_table,no
1763,GUARARAPES,79,1 015,780,119 962,4 024 631,816 029,49,58,1 108,893,12 559 541,371 767 404,125 638 434,64,65,mistral_table,mistral_table,no
1764,GUARAREMA,33,526,375,78 638,536 070,318 644,43,48,728,549,9 422 103,80 034 676,51 270 135,64,65,mistral_table,mistral_table,no
1765,GUARATINGUETA,171,5 041,3 927,930 314,10 306 378,4 883 059,87,117,3 922,2 952,76 822 019,1 523 076 433,782 898 003,64,65,mistral_table,mistral_table,no
1766,GUAREI,8,56,31,1 797,9 360,5 203,8,9,86,72,358 105,1 899 847,756 055,64,65,mistral_table,mistral_table,no
1767,GUARIBA,35,875,692,194 392,2 918 269,1 462 116,16,24,958,794,24 036 012,538 728 924,208 363 750,64,65,mistral_table,mistral_table,no
1768,GUZOLANDIA,10,29,14,1 190,6 486,2 776,10,10,26,11,86 537,862 194,243 769,64,65,mistral_table,mistral_table,no
1769,HERCULANDIA,17,105,77,6 086,104 297,28 195,11,12,47,25,252 883,3 419 047,1 070 852,64,65,mistral_table,mistral_table,no
1770,IACANGA,18,115,74,6 781,33 336,26 116,12,14,60,30,287 895,1 950 139,1 244 072,64,65,mistral_table,mistral_table,no
1771,IACRI,7,45,35,3 511,10 367,8 086,6,6,47,36,329 099,859 273,573 169,64,65,mistral_table,mistral_table,no
1772,IBATE,20,1 060,916,192 780,2 070 960,726 925,9,15,967,834,22 120 650,245 782 032,97 901 123,64,65,mistral_table,mistral_table,no
1773,IBIRA,21,80,45,6 297,30 303,13 905,11,11,30,15,157 934,1 317 111,334 368,64,65,mistral_table,mistral_table,no
1774,IBIRAREMA,12,126,86,7 778,177 709,66 414,11,12,280,219,3 194 007,79 890 000,28 740 113,64,65,mistral_table,mistral_table,no
1775,IBITINGA,210,1 196,717,67 865,695 431,287 254,295,304,1 419,881,8 095 267,94 419 569,32 020 149,64,65,mistral_table,mistral_table,no
1776,IBIUNA,31,327,232,22 872,431 021,125 978,39,43,543,416,4 486 550,117 581 008,38 949 037,64,65,mistral_table,mistral_table,no
1777,ICEM,8,135,98,11 264,146 853,88 566,5,8,93,79,661 389,13 760 546,6 745 849,64,65,mistral_table,mistral_table,no
1778,IEPE,11,48,24,3 227,30 070,6 618,7,10,100,69,461 048,4 604 219,1 294 153,64,65,mistral_table,mistral_table,no
1779,IGARAÇU DO TIETE,34,215,125,17 166,83 575,56 067,17,19,210,160,1 191 645,5 222 692,2 590 754,64,65,mistral_table,mistral_table,no
1780,IGARAPAVA,55,560,386,55 511,483 129,162 053,26,31,250,198,1 708 087,21 281 635,8 219 371,64,65,mistral_table,mistral_table,no
1781,IGARATA,10,163,128,18 347,92 802,43 548,7,9,154,124,1 330 656,5 798 228,3 208 196,64,65,mistral_table,mistral_table,no
1782,IGUAPE,33,178,106,12 394,98 916,46 765,11,13,138,111,1 209 707,7 382 660,5 359 780,64,65,mistral_table,mistral_table,no
1783,ILHABELA,11,65,39,4 985,27 136,13 509,7,8,49,30,346 181,1 093 046,624 968,64,65,mistral_table,mistral_table,no
1784,INDAIATUBA,224,6 220,7 647,1 361 754,10 206 642,5 064 404,147,184,10 197,8 520,163 683 067,1 060 959 681,476 676 540,64,65,mistral_table,mistral_table,no
1785,INDIANA,25,217,109,9 046,105 369,29 610,23,24,191,132,631 669,7 135 457,3 064 248,64,65,mistral_table,mistral_table,no
1786,INDIAPORA,5,26,7,1 541,59 945,7 240,7,7,33,22,133 657,6 912 863,467 050,64,65,mistral_table,mistral_table,no
1787,INUBIA PAULISTA,3,30,14,2 327,67 028,14 354,2,4,30,17,143 192,8 302 658,3 704 123,64,65,mistral_table,mistral_table,no
1788,IPAUÇU,25,174,119,18 967,315 957,145 115,18,19,255,190,2 755 657,45 892 351,15 444 414,64,65,mistral_table,mistral_table,no
1789,IPERO,23,184,136,16 027,114 886,83 300,16,19,392,324,3 727 708,24 837 355,11 291 616,64,65,mistral_table,mistral_table,no
1790,IPEUNA,7,68,44,7 209,70 809,26 254,7,9,167,130,1 464 701,24 555 193,6 495 070,64,65,mistral_table,mistral_table,no
1791,IPORANGA,10,67,48,7 139,14 789,4 185,4,6,116,102,739 188,3 442 308,2 691 866,64,65,mistral_table,mistral_table,no
1792,IPUÁ,27,181,114,21 313,534 514,89 810,11,14,327,268,2 602 258,72 003 082,8 054 241,64,65,mistral_table,mistral_table,no
1793,IRACEMAPOLIS,29,521,399,202 834,3 027 566,1 284 194,22,25,2 020,1 856,24 202 112,585 991 779,236 132 544,64,65,mistral_table,mistral_table,no
1794,IRAPUÁ,11,82,46,4 868,138 052,25 547,13,13,46,13,99 864,4 442 429,913 825,64,65,mistral_table,mistral_table,no
1795,IRAPURU,17,100,55,8 537,417 001,41 843,8,13,96,76,584 053,41 258 131,14 900 341,64,65,mistral_table,mistral_table,no
1796,ITABERA,18,50,7,1 837,9 959,4 480,7,7,26,17,128 367,1 896 124,1 001 172,64,65,mistral_table,mistral_table,no
1797,ITAI,31,188,73,8 916,111 807,44 804,24,25,217,153,1 970 177,29 478 684,11 753 883,64,65,mistral_table,mistral_table,no
1798,ITAJOBÍ,50,496,360,54 073,493 094,193 896,56,60,675,509,5 478 602,64 242 812,25 848 964,64,65,mistral_table,mistral_table,no
1799,ITAJU,2,(C),(C),(X),(B),(X),,,,,,,,66,67,mistral_table,mistral_table_partial,yes
1800,ITANHAEM,47,347,245,28 553,109 647,44 053,34,44,334,258,1 956 383,7 533 376,2 449 246,66,67,mistral_table,mistral_table,no
1801,ITAPECERICA DA SERRA,161,4 096,3 000,800 673,9 038 458,4 307 040,66,74,3 453,2 830,70 420 771,744 722 668,427 515 695,66,67,mistral_table,mistral_table,no
1802,ITAPEVA,125,2 362,1 561,312 131,3 660 784,1 584 981,71,102,2 397,1 792,29 163 436,330 952 415,173 810 493,66,67,mistral_table,mistral_table,no
1803,ITAPEVI,74,3 308,2 668,642 138,7 740 452,3 015 572,57,69,2 410,1 842,53 665 555,506 268 817,274 643 050,66,67,mistral_table,mistral_table,no
1804,ITAPIRA,196,4 267,3 302,517 603,6 357 411,2 148 385,137,160,4 830,3 907,68 917 780,820 450 321,346 074 986,66,67,mistral_table,mistral_table,no
1805,ITAPOLIS,78,522,329,44 837,1 282 362,277 867,82,87,759,533,7 423 362,357 927 150,125 179 989,66,67,mistral_table,mistral_table,no
1806,ITAPORANGA,14,79,48,6 096,33 914,30 315,14,14,45,19,161 932,1 439 021,505 946,66,67,mistral_table,mistral_table,no
1807,ITAPUI,23,619,502,57 668,331 483,194 988,21,23,695,612,4 923 606,34 807 116,22 308 599,66,67,mistral_table,mistral_table,no
1808,ITAPURA,2,(B),(A),(X),(A),(X),1,1,(A),(A),(X),(A),(X),66,67,mistral_table,mistral_table,no
1809,ITAQUAQUECETUBA,179,8 241,6 792,1 098 872,8 956 886,4 554 336,158,193,11 129,9 409,135 409 451,1 271 479 318,643 078 686,66,67,mistral_table,mistral_table,no
1810,ITARARE,64,721,472,65 958,543 728,311 829,52,62,747,597,4 935 162,49 817 816,27 459 706,66,67,mistral_table,mistral_table,no
1811,ITARIRI,11,99,72,7 076,30 693,12 351,3,7,51,43,312 814,569 466,252 460,66,67,mistral_table,mistral_table,no
1812,ITATIBA,226,7 384,6 095,883 959,7 853 235,3 163 884,143,222,8 194,6 829,94 188 910,1 185 775 673,620 290 358,66,67,mistral_table,mistral_table,no
1813,ITATINGA,15,110,78,7 977,46 328,21 671,14,16,119,87,711 309,12 166 525,3 870 811,66,67,mistral_table,mistral_table,no
1814,ITIRAPINA,16,274,232,20 859,88 313,55 297,11,14,166,129,1 044 283,10 086 167,4 438 224,66,67,mistral_table,mistral_table,no
1815,ITIRAPUÁ,2,(A),(A),(X),(B),(X),2,2,(A),(A),(X),(C),(X),66,67,mistral_table,mistral_table,no
1816,ITOBI,14,150,120,9 456,59 274,35 569,3,5,46,33,222 351,1 342 533,594 650,66,67,mistral_table,mistral_table,no
1817,ITU,293,12 309,10 197,1 758 872,12 797 903,6 941 209,203,246,12 890,10 799,167 702 878,1 308 471 520,671 586 087,66,67,mistral_table,mistral_table,no
1818,ITUPEVA,26,537,467,53 006,204 286,105 139,22,27,1 090,894,13 267 333,82 171 337,57 259 203,66,67,mistral_table,mistral_table,no
1819,ITUVERAVA,73,626,440,78 607,1 338 379,386 732,41,50,534,325,5 693 182,106 697 656,37 002 092,66,67,mistral_table,mistral_table,no
1820,JABORANDI,6,18,7,777,129 781,128 008,2,2,(B),(B),(X),(B),(X),66,67,mistral_table,mistral_table,no
1821,JABOTICABAL,158,3 362,2 640,549 760,7 771 822,2 685 560,89,106,3 583,2 927,57 397 701,728 455 043,382 541 364,66,67,mistral_table,mistral_table,no
1822,JACI,10,30,7,1 512,128 778,22 121,17,17,83,41,436 850,16 473 310,3 111 763,66,67,mistral_table,mistral_table,no
1823,JACUPIRANGA,31,1 808,1 336,392 398,9 382 533,2 947 863,23,33,1 525,1 180,32 846 392,896 282 420,355 468 281,66,67,mistral_table,mistral_table,no
1824,JAGUARIUNA,70,1 703,1 364,188 292,3 680 621,1 004 050,43,53,2 411,2 012,37 852 150,556 331 862,257 484 904,66,67,mistral_table,mistral_table,no
1825,JALES,88,467,262,43 282,1 386 849,210 673,69,77,606,389,3 924 661,158 278 765,31 260 891,66,67,mistral_table,mistral_table,no
1826,JAMBEIRO,6,107,87,13 782,124 685,44 411,2,3,105,99,841 341,17 490 919,8 492 816,66,67,mistral_table,mistral_table,no
1827,JANDIRA,71,4 410,3 383,927 972,8 484 970,3 791 080,36,43,3 333,2 814,65 767 439,698 906 240,402 466 223,66,67,mistral_table,mistral_table,no
1828,JARDINOPOLIS,50,658,464,72 593,778 018,328 555,26,33,963,747,11 179 026,137 459 566,52 788 169,66,67,mistral_table,mistral_table,no
1829,JARINU,19,150,95,11 162,307 724,98 514,24,27,181,119,1 095 142,4 874 642,2 800 144,66,67,mistral_table,mistral_table,no
1830,JAU,289,10 622,8 748,1 353 301,11 763 643,6 089 511,260,298,11 447,9 339,106 877 355,1 433 222 347,600 439 979,66,67,mistral_table,mistral_table,no
1831,JERIQUARA,3,31,28,2 049,4 363,3 154,1,1,(A),(A),(X),(A),(X),66,67,mistral_table,mistral_table,no
1832,JOANOPOLIS,32,335,255,27 457,112 339,49 941,26,30,360,295,2 671 929,12 936 946,5 253 601,66,67,mistral_table,mistral_table,no
1833,JOÃO RAMALHO,8,23,4,892,6 129,2 751,3,3,25,20,110 206,918 469,380 191,66,67,mistral_table,mistral_table,no
1834,JOSE BONIFACIO,65,988,757,99 375,2 918 238,624 970,52,58,1 577,1 336,12 157 915,280 495 915,109 556 792,66,67,mistral_table,mistral_table,no
1835,JULIO MESQUITA,5,12,1,427,2 803,2 038,2,2,(A),(A),(X),(A),(X),66,67,mistral_table,mistral_table,no
1836,JUNQUEIROPOLIS,43,519,326,61 348,1 603 194,415 048,27,33,429,262,5 547 765,196 325 341,42 072 726,66,67,mistral_table,mistral_table,no
1837,JUQUIA,23,321,268,25 643,223 517,94 116,20,21,238,202,1 366 333,19 625 443,12 408 508,66,67,mistral_table,mistral_table,no
1838,JUQUITIBA,27,232,150,18 641,142 466,68 369,24,26,289,227,2 829 528,46 405 738,27 615 073,66,67,mistral_table,mistral_table,no
1839,LAGOINHA,11,4,1,168,633,409,6,6,17,5,50 000,107 256,86 169,66,67,mistral_table,mistral_table,no
1840,LARANJAL PAULISTA,73,1 305,978,122 299,1 113 201,661 139,64,64,1 381,1 144,11 799 409,136 437 782,81 755 256,66,67,mistral_table,mistral_table,no
1841,LAVINIA,13,50,21,2 548,33 910,13 207,11,11,42,26,160 802,2 484 213,642 518,66,67,mistral_table,mistral_table,no
1842,LAVRINHAS,7,239,208,49 362,308 594,181 430,7,9,220,189,2 441 224,21 668 974,8 595 280,66,67,mistral_table,mistral_table,no
1843,LEME,150,4 127,3 437,598 263,6 827 649,3 302 323,118,150,3 813,3 091,45 967 624,635 622 501,257 730 656,66,67,mistral_table,mistral_table,no
1844,LENÇOIS PAULISTA,79,2 708,2 067,491 347,7 942 417,3 140 052,52,72,3 759,3 096,71 852 712,1 058 109 233,355 247 393,66,67,mistral_table,mistral_table,no
1845,LINDOIA,15,411,334,44 299,578 983,256 480,15,17,419,362,2 723 693,55 790 490,24 767 991,66,67,mistral_table,mistral_table,no
1846,LINS,104,1 285,945,134 237,3 940 345,658 694,56,73,909,631,11 911 450,463 826 764,112 563 838,68,69,mistral_table,mistral_table,no
1847,LORENA,79,3 304,2 423,577 162,6 208 538,3 219 057,45,56,2 426,2 003,46 005 171,534 638 361,243 245 390,68,69,mistral_table,mistral_table,no
1848,LOUVEIRA,50,1 652,1 343,209 292,3 214 793,885 177,28,39,1 135,955,12 215 826,178 373 143,69 668 731,68,69,mistral_table,mistral_table,no
1849,LUCELIA,53,575,346,53 498,1 654 476,622 479,36,45,667,519,7 211 631,239 757 319,87 122 482,68,69,mistral_table,mistral_table,no
1850,LUCIANOPOLIS,4,17,5,1 190,27 660,11 145,,,,,,,,68,69,mistral_table,pdf_text_layout_partial,yes
1851,LUIS ANTONIO,8,37,19,1 558,27 772,13 641,7,7,122,86,2 886 770,51 908 067,16 598 938,68,69,mistral_table,mistral_table,no
1852,LUIZIANIA,6,15,6,654,1 188,841,8,8,15,7,51 872,124 627,78 805,68,69,mistral_table,mistral_table,no
1853,LUPERCIO,3,6,2,310,841,601,2,3,6,1,9 966,46 213,5 310,68,69,mistral_table,mistral_table,no
1854,LUTECIA,7,28,16,1 870,49 733,7 502,2,2,(D),(C),(X),(E),(X),68,69,mistral_table,mistral_table,no
1855,MACATUBA,22,1 213,1 116,234 912,8 107 467,2 836 896,7,12,2 316,2 303,37 152 257,916 807 393,224 896 179,68,69,mistral_table,mistral_table,no
1856,MACAUBAL,17,64,22,3 107,30 369,9 644,20,21,71,33,384 682,2 089 854,793 256,68,69,mistral_table,mistral_table,no
1857,MACEDONIA,7,23,9,1 217,210 845,19 302,5,5,13,5,62 155,28 311 517,6 905 062,68,69,mistral_table,mistral_table,no
1858,MAGDA,6,16,-,742,1 834,1 214,7,7,27,19,320 000,602 900,506 900,68,69,mistral_table,mistral_table,no
1859,MAIRINQUE,68,6 144,4 472,1 105 823,40 211 610,10 083 048,20,49,7 956,5 942,138 586 863,3 980 185 800,1 398 004 001,68,69,mistral_table,mistral_table,no
1860,MAIRIPORA,128,2 280,1 590,395 177,3 041 792,1 248 116,54,59,1 483,1 128,23 421 167,197 142 569,98 863 828,68,69,mistral_table,mistral_table,no
1861,MANDURI,11,146,105,8 075,139 179,44 463,14,15,158,116,1 203 368,25 519 187,5 368 346,68,69,mistral_table,mistral_table,no
1862,MARABA PAULISTA,3,14,3,880,10 958,3 082,2,2,(A),(A),(X),(A),(X),68,69,mistral_table,mistral_table,no
1863,MARACAI,14,292,240,39 589,1 141 341,190 613,7,11,364,254,8 245 906,134 888 985,33 801 191,68,69,mistral_table,mistral_table,no
1864,MARIAPOLIS,5,33,16,1 474,23 523,13 223,3,3,12,8,67 955,210 283,204 395,68,69,mistral_table,mistral_table,no
1865,MARINOPOLIS,2,(A),(A),(X),(A),(X),2,2,(A),(A),(X),(A),(X),68,69,mistral_table,mistral_table,no
1866,MARTINOPOLIS,31,269,170,23 709,632 275,84 348,25,28,304,236,2 090 860,84 068 232,9 469 843,68,69,mistral_table,mistral_table,no
1867,MATÃO,91,6 717,5 598,1 156 395,16 972 189,7 007 909,60,83,10 502,8 696,247 994 298,3 584 883 252,1 772 748 354,68,69,mistral_table,mistral_table,no
1868,MENDONÇA,9,55,34,1 580,79 684,13 844,7,7,20,4,73 573,16 311 676,5 290 060,68,69,mistral_table,mistral_table,no
1869,MERIDIANO,9,16,2,1 311,109 658,13 254,8,10,36,22,193 293,11 056 244,2 390 713,68,69,mistral_table,mistral_table,no
1870,MIQUELÓPOLIS,26,105,53,7 302,200 052,38 208,26,26,125,57,734 321,55 746 936,9 379 825,68,69,mistral_table,mistral_table,no
1871,MINEIROS DO TIETE,18,281,223,20 136,77 422,44 963,22,22,487,412,2 406 558,15 706 503,7 746 841,68,69,mistral_table,mistral_table,no
1872,MIRACATU,31,237,154,18 329,93 124,56 965,21,22,204,168,1 286 258,6 310 557,3 128 766,68,69,mistral_table,mistral_table,no
1873,MIRA ESTRELA,5,11,2,324,768,440,3,3,3,-,14 226,33 760,32 975,68,69,mistral_table,mistral_table,no
1874,MIRANDOPOLIS,47,392,266,36 436,644 253,182 633,33,43,485,341,7 040 856,129 620 492,36 514 788,68,69,mistral_table,mistral_table,no
1875,MIRANTE DO PARANAPANEMA,20,145,86,6 502,90 039,16 228,10,13,80,49,509 603,1 511 573,566 738,68,69,mistral_table,mistral_table,no
1876,MIRASSOL,127,3 807,3 135,391 885,3 655 361,1 599 748,102,113,4 581,3 911,36 747 786,415 059 760,170 809 293,68,69,mistral_table,mistral_table,no
1877,MIRASSOLANDIA,6,16,1,614,10 078,1 739,5,6,12,6,90 695,610 580,211 625,68,69,mistral_table,mistral_table,no
1878,MOCOCA,124,2 975,2 285,429 120,4 570 742,1 716 185,86,110,3 345,2 680,44 379 757,536 667 118,214 528 808,68,69,mistral_table,mistral_table,no
1879,MOJI-QUAÇU,173,10 232,8 205,2 110 506,26 805 789,11 750 028,104,140,9 438,7 569,197 108 459,2 988 297 476,1 314 586 575,68,69,mistral_table,mistral_table,no
1880,MOJI-MIRIM,160,5 543,4 701,839 834,5 544 205,2 713 435,153,174,6 992,6 093,89 216 942,901 397 171,580 521 053,68,69,mistral_table,mistral_table,no
1881,MOMBUCA,5,132,111,17 041,286 527,143 813,6,7,47,27,615 723,12 102 495,9 928 426,68,69,mistral_table,mistral_table,no
1882,MONÇÕES,7,11,1,464,15 129,4 101,5,6,17,10,60 799,4 615 896,31 341,68,69,mistral_table,mistral_table,no
1883,MONGAQUA,26,301,208,34 044,224 499,144 412,17,20,209,146,1 812 783,12 387 656,7 688 962,68,69,mistral_table,mistral_table,no
1884,MONTE ALEGRE DO SUL,16,458,364,42 449,641 829,151 847,11,14,393,331,4 232 940,54 489 396,15 032 488,68,69,mistral_table,mistral_table,no
1885,MONTE ALTO,69,2 762,1 741,374 954,5 767 593,2 493 222,35,47,3 132,2 502,44 683 359,756 014 398,272 314 506,68,69,mistral_table,mistral_table,no
1886,MONTE APRAZIVEL,34,258,146,24 644,656 555,226 521,28,30,373,276,6 058 618,143 348 340,44 259 688,68,69,mistral_table,mistral_table,no
1887,MONTE AZUL PAULISTA,29,245,160,28 737,175 072,103 508,29,31,371,278,4 251 484,28 125 686,17 220 416,68,69,mistral_table,mistral_table,no
1888,MONTE CASTELO,6,21,7,1 864,8 589,4 724,5,5,11,4,21 455,343 294,197 995,68,69,mistral_table,mistral_table,no
1889,MONTEIRO LOBATO,3,7,3,660,3 617,1 150,5,5,18,12,97 800,619 509,288 039,68,69,mistral_table,mistral_table,no
1890,MONTE MOR,36,737,482,172 163,1 737 064,922 411,25,31,643,606,26 244 562,362 145 672,221 978 687,68,69,mistral_table,mistral_table,no
1891,MORRO AGUDO,23,785,648,108 023,2 328 766,603 866,24,34,1 307,1 149,25 748 906,599 223 231,315 429 940,68,69,mistral_table,mistral_table,no
1892,MORUNGABA,42,769,646,92 156,1 054 814,447 321,28,29,917,797,11 052 121,118 445 690,45 561 645,68,69,mistral_table,mistral_table,no
1893,MURUTINGA DO SUL,12,37,8,1 858,20 357,4 295,7,7,16,1,54 488,1 449 427,210 162,70,71,mistral_table,mistral_table,no
1894,NARANDIBA,3,16,11,938,10 143,7 013,1,2,(D),(D),(X),(F),(X),70,71,mistral_table,mistral_table,no
1895,NATIVIDADE DA SERRA,8,34,14,1 302,5 677,2 257,5,6,11,1.,36 293,484 962,157 858,70,71,mistral_table,mistral_table,no
1896,NAZARE PAULISTA,45,235,78,5 996,18 372,12 919,27,27,121,44,504 421,3 374 614,1 738 079,70,71,mistral_table,mistral_table,no
1897,NEVES PAULISTA,32,228,134,21 296,489 249,80 113,29,29,167,108,1 131 970,22 825 806,5 596 767,70,71,mistral_table,mistral_table,no
1898,NHANDEARA,24,92,39,6 132,39 906,21 729,29,32,108,57,640 562,2 161 925,1 246 429,70,71,mistral_table,mistral_table,no
1899,NIPOA,6,9,1,538,2 461,1 392,6,6,13,5,55 837,273 945,247 545,70,71,mistral_table,mistral_table,no
1900,NOVA ALIANÇA,14,115,93,8 063,109 981,25 819,8,8,72,50,514 468,11 605 928,4 741 457,70,71,mistral_table,mistral_table,no
1901,NOVA EUROPA,6,228,156,42 313,404 851,55 431,4,4,270,245,5 960 369,86 410 652,40 611 128,70,71,mistral_table,mistral_table,no
1902,NOVA GRANADA,26,202,123,13 901,135 908,54 502,18,20,153,120,926 930,16 742 950,3 912 310,70,71,mistral_table,mistral_table,no
1903,NOVA QUATAPORANGA,3,25,21,1 989,4 792,3 246,1,1,(C),(C),(X),(A),(X),70,71,mistral_table,mistral_table,no
1904,NOVA INDEPENDENCIA,1,(A),(A),(X),(A),(X),-,-,-,-,-,-,-,70,71,mistral_table,mistral_table,no
1905,NOVA LUZITANIA,4,9,-,200,900,750,3,3,8,2,21 954,139 040,62 996,70,71,mistral_table,mistral_table,no
1906,NOVA ODESSA,85,3 406,2 887,498 363,4 117 396,2 033 141,70,85,5 638,4 817,83 916 845,712 637 291,390 773 842,70,71,mistral_table,mistral_table,no
1907,NOVO HORIZONTE,68,578,419,58 960,1 077 661,402 302,37,42,541,392,7 638 731,153 190 796,75 646 335,70,71,mistral_table,mistral_table,no
1908,NUPORANGA,7,38,28,2 510,120 609,11 097,6,7,194,145,1 524 488,36 954 813,6 951 024,70,71,mistral_table,mistral_table,no
1909,OCAUÇU,9,36,23,2 410,16 278,7 152,6,6,25,14,125 188,859 939,461 424,70,71,mistral_table,mistral_table,no
1910,OLEO,4,* 24,17,1 278,3 698,2 781,3,3,10,6,43 347,131 923,97 391,70,71,mistral_table,mistral_table,no
1911,OLIMPIA,117,1 635,1 160,156 402,2 113 586,755 528,74,98,1 669,1 227,20 275 740,447 877 204,146 789 990,70,71,mistral_table,mistral_table,no
1912,ONDA VERDE,6,17,6,1 464,5 360,4 063,4,4,216,167,4 168 871,44 428 710,23 660 804,70,71,mistral_table,mistral_table,no
1913,ORIENTE,9,458,379,63 213,525 487,221 578,6,9,285,212,3 708 280,65 702 941,33 695 794,70,71,mistral_table,mistral_table,no
1914,ORINDIUVA,5,16,6,766,6 308,4 532,5,5,316,224,4 890 676,61 181 323,25 187 795,70,71,mistral_table,mistral_table,no
1915,ORLANDIA,76,2 385,1 794,418 612,12 086 950,3 438 478,32,49,2 480,2 041,37 220 135,1 255 272 577,222 728 167,70,71,mistral_table,mistral_table,no
1916,OSCAR BRESSANE,8,22,4,510,2 484,1 003,5,5,11,1,23 359,129 792,49 832,70,71,mistral_table,mistral_table,no
1917,OSVALDO CRUZ,71,991,765,84 039,1 557 147,468 193,57,67,1 106,867,9 129 638,514 471 300,198 424 090,70,71,mistral_table,mistral_table,no
1918,OURINHOS,196,2 932,2 303,316 315,7 136 678,2 349 870,151,172,2 799,2 235,29 268 262,624 355 736,216 917 058,70,71,mistral_table,mistral_table,no
1919,OURO VERDE,8,23,8,1 472,69 370,16 427,5,5,16,6,60 071,3 343 119,- 532 190,70,71,mistral_table,mistral_table,no
1920,PACAEMBU,30,290,163,47 053,760 992,108 260,18,21,239,169,1 480 799,33 957 939,11 832 844,70,71,mistral_table,mistral_table,no
1921,PALESTINA,18,102,57,7 543,38 339,19 263,13,14,58,38,506 236,1 820 493,928 566,70,71,mistral_table,mistral_table,no
1922,PALMARES PAULISTA,5,11,1,288,2 643,613,4,4,15,4,35 780,627 429,89 058,70,71,mistral_table,mistral_table,no
1923,PALMEIRA D'OESTE,30,98,40,6 148,258 742,32 757,24,27,112,62,948 606,23 110 823,3 210 870,70,71,mistral_table,mistral_table,no
1924,PALMITAL,44,377,218,22 207,347 304,135 567,40,43,449,336,2 649 771,42 492 131,15 660 791,70,71,mistral_table,mistral_table,no
1925,PANORAMA,32,272,189,19 199,94 567,65 845,41,41,313,204,1 474 380,9 347 249,4 585 177,70,71,mistral_table,mistral_table,no
1926,PARAGUAÇU PAULISTA,56,494,340,55 342,1 405 864,417 781,48,58,951,736,9 660 994,234 936 481,107 614 022,70,71,mistral_table,mistral_table,no
1927,PARAIBUNA,52,314,159,19 347,41 418,26 876,43,43,179,88,773 286,2 593 696,1 629 631,70,71,mistral_table,mistral_table,no
1928,PARAISO,6,35,10,2 976,197 222,21 351,5,5,23,9,151 664,19 828 214,3 621 890,70,71,mistral_table,mistral_table,no
1929,PARANAPANEMA,13,96,70,11 434,68 017,45 762,7,9,92,74,1 075 068,9 399 040,7 608 831,70,71,mistral_table,mistral_table,no
1930,PARANAPUÁ,12,25,4,2 069,10 251,8 429,7,7,18,1,47 522,175 081,73 914,70,71,mistral_table,mistral_table,no
1931,PARAPUÁ,27,138,85,12 230,173 713,28 129,18,23,327,240,3 591 417,80 728 263,18 181 654,70,71,mistral_table,mistral_table,no
1932,PARDINHO,5,20,10,1 225,9 758,6 264,5,5,18,10,104 366,903 188,512 851,70,71,mistral_table,mistral_table,no
1933,PARIQUERA-ACU,13,232,178,18 637,107 473,56 170,19,20,262,217,1 876 617,13 422 692,7 457 656,70,71,mistral_table,mistral_table,no
1934,PATROCINIO PAULISTA,17,142,100,14 533,170 724,43 619,10,13,252,196,2 247 381,37 983 724,13 524 522,70,71,mistral_table,mistral_table,no
1935,PAULICEIA,5,77,70,5 626,18 625,13 824,9,9,74,55,329 042,1 803 032,1 069 723,70,71,mistral_table,mistral_table,no
1936,PAULINIA,79,5 773,3 884,2 401 432,173 109 021,83 610 164,24,58,5 762,4 498,251 908 771,19 797 228 456,6 705 675 533,70,71,mistral_table,mistral_table,no
1937,PAULO DE FARIA,15,72,31,4 748,14 363,9 286,12,13,44,19,300 450,18 013 627,4 439 791,70,71,mistral_table,mistral_table,no
1938,PEDERNEIRAS,79,1 517,1 166,376 537,3 411 589,1 033 519,58,61,979,642,18 718 667,224 672 246,69 404 571,70,71,mistral_table,mistral_table,no
1939,PEDRA BELA,22,107,17,2 487,9 893,6 424,14,14,41,14,227 668,1 001 156,618 293,70,71,mistral_table,mistral_table,no
1940,PEDRANOPOLIS,10,23,6,566,655,261,,,,,,,,72,73,mistral_table,pdf_text_layout_partial,yes
1941,PEDREGULHO,24,255,205,21 586,156 315,41 801,19,24,235,201,1 596 469,10 841 641,2 026 651,72,73,mistral_table,pdf_text_layout,no
1942,PEDREIRA,111,5 178,4 336,633 444,2 961 505,1 905 971,124,131,s 633,4 763,62 024 606,385 017 675 253,251 611,72,73,mistral_table,pdf_text_layout,no
1943,PEDRO DE TOLEDO,10,60,40,5 287,33 982,20 550,30,21,248,083,1,101 217,406 181,72,73,mistral_table,pdf_text_tokens,no
1944,PENAPOLIS,106,1 741,1 207,198 671,3 071 164,927 430,108 116,2 060,1 639,21,293 427,393 027 716,162 821 661,72,73,mistral_table,pdf_text_layout,no
1945,PEREIRA BARRETO,71,384,230,35 164,194 657,92 796,,,,,,,,72,73,mistral_table,pdf_text_tokens_partial,yes
1946,PEREIRAS,15,91,63,6 735,75 495,40 866,12,13 133,99,1 048 411,12 663 852,7,531 227,72,73,mistral_table,pdf_text_layout,no
1947,PERUIBE,15,323,284,39 198,361 999,293 579,14,20,340,256,3 466 926,24 582 692,1 6 280 2 94,72,73,mistral_table,pdf_text_layout,no
1948,PIACATU,11,52,14,1 794,59 892,9 636,10,10,49,25,164 916,4 608 289,270 209,72,73,mistral_table,pdf_text_layout,no
1949,PIEDADE,53,594,398,59 482,493 759,290 081,55,57,1 155 929,16,239 738,100 889 057,68 977 171,72,73,mistral_table,pdf_text_layout,no
1950,PILAR DO SUL,42,300,195,23 961,116 135,67 724,22,22,232,163,2 932 275,13 341 973,10 197 582,72,73,mistral_table,pdf_text_layout,no
1951,PINDAMONHANGABA,137,10 124,7 780,2 429 231,27 155 955,9 045 204,60,104,8 350,6 646,234 881 029,3 489 275 339,1 690 761 852,72,73,mistral_table,pdf_text_layout,no
1952,PINDORAMA,21,106,52,9 817,400 471,54 787,142,97,1 419,629,20 347 512,12,594 170,72,73,mistral_table,pdf_text_layout,no
1953,PINHALZINHO,27,97,25,4 565,23 473,14 555,21,22,86,47,247 901,1 252 303,716 003,72,73,mistral_table,pdf_text_layout,no
1954,PIQUEROBI,5,37,7,1 660,49 372,6 314,,,,,,,,72,73,mistral_table,pdf_text_layout_partial,yes
1955,PIQUETE,15,599,335,93 811,402 803,156 630,10,1 130,550,16,529 2.74,65 672 690,23 375 552,72,73,mistral_table,pdf_text_layout,no
1956,PIRACAIA,95,1 094,800,82 550,482 816,243 410,65,66,1 306,1 091,8 090 623,69 091 076,32 438 967,72,73,mistral_table,pdf_text_layout,no
1957,PIRAJU,58,444,304,33 815,247 565,103 272,53,57,559 405,3 673 819,53,488 733,27 922 975,72,73,mistral_table,pdf_text_layout,no
1958,PIRAJUI,33,239,140,23 491,116 332,63 194,20,23,183,138,1 122 552,560 145,5 266 418,72,73,mistral_table,pdf_text_layout,no
1959,PIRANGI,20,163,112,12 772,192 333,41 828,15,16,145 100,1 305 940,46,463 329,19 930 312,72,73,mistral_table,pdf_text_layout,no
1960,PIRAPORA DO BOM JESUS,33,532,386,87 316,2 516 702,826 490,24,31,548 459,10 697 966,1 467,285 721,108 895 976,72,73,mistral_table,pdf_text_layout,no
1961,PIRAPOZINHO,41,895,573,76 818,2 751 656,557 400,20,22,938 827,9 540 279,343 688 996,79,170 938,72,73,mistral_table,pdf_text_layout,no
1962,PIRAÇUNUNGA,123,2 659,2 156,296 904,4 261 079,1 657 086,69,93,2 764,192,29 297 447,544 663 885 192,119 242,72,73,mistral_table,pdf_text_layout,no
1963,PIRATININGA,23,231,147,21 092,221 826,67 905,,,,,,,,72,73,mistral_table,missing,yes
1964,PITANGUEIRAS,51,441,277,47 302,986 470,185 586,35,38,430 273,6 302 448,1 99 706 1 50,51,969 692,72,73,mistral_table,pdf_text_layout,no
1965,PLANALTO,32,122,25,3 064,25 665,12 718,22,24,94,37,445 824,091 953,668 724,72,73,mistral_table,pdf_text_tokens,no
1966,PLATINA,2,(D),(D),(X),(E),(X),,,,,,,,72,73,mistral_table,pdf_text_layout_partial,yes
1967,POA,72,3 780,3 131,581 892,4 366 259,1 982 256,60,77,3 836 991,57,723 .454,498 971 287,247 977 504,72,73,mistral_table,pdf_text_layout,no
1968,POLONI,22,106,63,8 970,308 043,51 262,12,15,69,50,581 133,18 251 955,1 078 455,72,73,mistral_table,pdf_text_layout,no
1969,POMPEIA,32,1 444,852,359 475,2 741 493,1 687 931,24,31,1 335,1 025,36 662 156,369 953 958,268 214 348,72,73,mistral_table,pdf_text_layout,no
1970,PONGAI,8,29,16,1 197,6 346,4 752,13,68,285,502,776,198,359,72,73,mistral_table,pdf_text_tokens,no
1971,PONTAL,57,885,659,162 942,2 998 904,1 027 564,40,51,832 540,17,958 306,506 642 078 223,916 381,72,73,mistral_table,pdf_text_layout,no
1972,PONTES GESTAL,2,(A),(A),(X),(A),(X),,,,,,,,72,73,mistral_table,pdf_text_layout_partial,yes
1973,POPULINA,11,42,21,1 209,7 779,3 655,,,,,,,,72,73,mistral_table,missing,yes
1974,PORANGABA,18,84,51,5 435,42 294,26 296,,,,,,,,72,73,mistral_table,pdf_text_layout_partial,yes
1975,PORTO FELIZ,95,1 740,1 414,218 542,2 039 510,1 020 221,,,,,,,,72,73,mistral_table,pdf_text_tokens_partial,yes
1976,PORTO FERREIRA,152,3 478,2 788,451 928,4 724 676,1 478 794,177,1 97,5 347,4 434,47 545 001,544 01 5 789,205 226 249,72,73,mistral_table,pdf_text_layout,no
1977,POTIRENDABA,38,198,117,11 438,255 742,58 062,33,35,148,82,712 182,15 211 053,6 372 li.92',72,73,mistral_table,pdf_text_layout,no
1978,PRADOPOLIS,15,655,428,188 336,5 729 036,2 139 009,14,896 493,24,014 370,757 148,473 222,672 606,72,73,mistral_table,pdf_text_tokens,no
1979,PRAIA GRANDE,92,973,660,93 656,737 598,342 838,51,54,525,391,4 575 863,39 792 893,17 624 818,72,73,mistral_table,pdf_text_layout,no
1980,PRESIDENTE ALVES,3,73,62,9 089,245 335,113 247,,,,,,,,72,73,mistral_table,pdf_text_layout_partial,yes
1981,PRESIDENTE BERNARDES,16,157,121,12 760,76 165,24 705,18,18,99,70,730 798,57 797 153,5 927 107,72,73,mistral_table,pdf_text_layout,no
1982,PRESIDENTE EPITACIO,59,1 337,1 123,122 164,3 586 557,450 322,33,38,910,759,9 156 773,138 337 442,29 968 792,72,73,mistral_table,pdf_text_layout,no
1983,PRESIDENTE VENCESLAU,79,1 546,1 180,139 996,4 809 569,776 961,72,84,1 540,1 301,16 908 335,508 360 656,226 403 424,72,73,mistral_table,pdf_text_layout,no
1984,PROMISSÃO,40,378,229,27 438,272 840,77 480,19,21 774,621 892,813 276,304 581,52,670 911,72,73,mistral_table,pdf_text_tokens,no
1985,QUATA,12,91,45,10 976,96 525,32 776,7,688 585,15 684,690 137,135 487,66,328 572,72,73,mistral_table,pdf_text_tokens,no
1986,QUEIROZ,2,(A),(A),(X),(A),(X),,,,,,,,72,73,mistral_table,pdf_text_layout_partial,yes
1987,QUELUZ,12,89,57,15 309,40 291,33 153,6,11,74,64,577 666,10 089 823,5 574 860,74,75,mistral_table,mistral_table,no
1988,QUINTANA,10,90,71,7 696,41 185,15 068,6,8,89,80,1 468 810,11 749 078,4 666 314,74,75,mistral_table,mistral_table,no
1989,RAFARD,33,756,547,138 183,1 459 326,696 200,26,31,676,486,16 144 370,321 844 655,136 338 257,74,75,mistral_table,mistral_table,no
1990,RANCHARIA,59,681,499,75 265,2 138 413,375 887,33,45,1 017,822,9 336 180,145 159 319,53 350 373,74,75,mistral_table,mistral_table,no
1991,REDENÇÃO DA SERRA,2,(B),(A),(X),(A),(X),3,3,11,6,36 362,321 134,260 994,74,75,mistral_table,mistral_table,no
1992,REGENTE FEIJO,29,308,185,25 151,340 111,112 265,26,31,568,482,5 392 895,79 848 981,30 308 828,74,75,mistral_table,mistral_table,no
1993,REGINÓPOLIS,11,48,28,2 175,6 663,4 729,12,13,39,15,262 943,811 993,441 596,74,75,mistral_table,mistral_table,no
1994,REGISTRO,95,1 361,994,118 229,870 151,318 827,63,70,1 164,987,12 246 703,108 336 977,48 251 291,74,75,mistral_table,mistral_table,no
1995,RESTINGA,7,62,36,7 296,24 997,17 560,3,6,81,62,537 791,2 001 410,1 401 966,74,75,mistral_table,mistral_table,no
1996,RIBEIRA,7,62,50,3 872,17 773,12 866,5,6,61,50,366 451,1 736 966,1 172 486,74,75,mistral_table,mistral_table,no
1997,RIBEIRÃO BONITO,22,890,811,60 458,385 429,244 566,14,16,638,579,4 766 240,30 406 217,17 093 438,74,75,mistral_table,mistral_table,no
1998,RIBEIRÃO BRANCO,7,26,16,1 399,8 570,5 218,9,10,38,16,110 266,1 302 527,883 052,74,75,mistral_table,mistral_table,no
1999,RIBEIRÃO CORRENTE,1,(A),(A),(X),(A),(X),1,1,(A),(A),(X),(A),(X),74,75,mistral_table,mistral_table,no
2000,RIBEIRÃO DO SUL,11,53,28,3 816,36 895,11 275,5,5,40,27,214 152,8 470 052,738 815,74,75,mistral_table,mistral_table,no
2001,RIBEIRÃO PIRES,163,9 148,7 161,1 761 889,10 152 439,5 036 716,105,134,7 927,6 100,183 675 363,986 291 651,539 416 625,74,75,mistral_table,mistral_table,no
2002,RIVERSUL,6,10,1,265,11 803,11 395,5,5,12,1,24 452,200 932,108 584,74,75,mistral_table,mistral_table,no
2003,RIFAINA,9,53,42,3 619,19 364,17 646,4,4,35,29,153 073,349 784,282 634,74,75,mistral_table,mistral_table,no
2004,RINCÃO,40,197,101,13 611,92 153,68 844,26,29,210,157,982 609,6 263 223,4 956 955,74,75,mistral_table,mistral_table,no
2005,RINÓPOLIS,27,195,119,21 453,552 854,88 456,22,25,125,70,829 653,40 418 495,8 751 424,74,75,mistral_table,mistral_table,no
2006,RIO DAS PEDRAS,65,1 311,966,245 213,3 300 678,1 341 552,37,55,2 026,1 545,29 499 316,477 055 037,184 113 539,74,75,mistral_table,mistral_table,no
2007,RIO GRANDE DA SERRA,29,1 167,916,214 771,1 453 172,702 163,10,21,1 223,964,22 571 871,164 501 787,68 716 270,74,75,mistral_table,mistral_table,no
2008,RIOLANDIA,11,31,12,1 552,6 726,4 405,6,6,13,6,71 660,882 836,592 936,74,75,mistral_table,mistral_table,no
2009,ROSEIRA,6,68,47,4 447,92 484,41 588,7,9,111,87,1 380 552,10 846 250,4 528 721,74,75,mistral_table,mistral_table,no
2010,RUBIACEA,3,6,2,343,734,582,4,4,16,11,57 804,279 053,224 377,74,75,mistral_table,mistral_table,no
2011,RUBINEIA,1,(A),(A),(X),(A),(X),1,2,(A),(A),(X),(A),(X),74,75,mistral_table,mistral_table,no
2012,SABINO,7,32,12,2 092,133 519,25 230,8,8,31,17,188 149,7 059 877,5 700 461,74,75,mistral_table,mistral_table,no
2013,SALES,12,32,17,1 063,3 922,2 673,14,14,26,9,85 853,335 550,193 530,74,75,mistral_table,mistral_table,no
2014,SALES OLIVEIRA,20,441,346,61 364,2 522 810,351 570,11,11,225,145,5 726 220,266 481 917,103 574 177,74,75,mistral_table,mistral_table,no
2015,SALESÓPOLIS,16,114,83,8 414,163 048,21 856,10,11,105,81,1 046 577,5 826 329,4 075 052,74,75,mistral_table,mistral_table,no
2016,SALMOURÃO,6,45,12,4 004,37 561,13 376,6,6,29,17,153 151,7 670 738,504 426,74,75,mistral_table,mistral_table,no
2017,SALTO,169,11 167,9 080,1 951 154,19 238 728,10 491 542,69,110,11 363,9 368,198 197 736,1 740 194 279,981 588 666,74,75,mistral_table,mistral_table,no
2018,SALTO DE PIRAPORA,47,1 144,841,204 350,4 154 427,2 298 262,24,39,1 011,806,17 747 348,462 728 246,233 876 664,74,75,mistral_table,mistral_table,no
2019,SALTO GRANDE,25,141,82,10 986,173 064,53 461,16,17,159,124,1 364 100,9 745 280,2 936 907,74,75,mistral_table,mistral_table,no
2020,SANTA ADELIA,27,304,225,44 454,523 467,162 719,24,25,581,521,4 850 498,90 295 804,28 637 181,74,75,mistral_table,mistral_table,no
2021,SANTA ALBERTINA,11,36,11,1 931,56 669,16 416,11,12,42,19,344 929,8 187 861,2 029 874,74,75,mistral_table,mistral_table,no
2022,SANTA BARBARA D'OESTE,298,9 665,7 805,2 074 372,13 909 215,6 723 687,228,297,11 629,9 686,210 593 825,1 905 596 441,1 002 184 078,74,75,mistral_table,mistral_table,no
2023,SANTA BRANCA,46,1 196,912,129 976,2 606 982,1 000 949,21,29,724,532,12 329 285,195 445 142,102 431 348,74,75,mistral_table,mistral_table,no
2024,SANTA CLARA D'OESTE,5,9,1,285,1 578,814,5,6,11,4,220 169,1 067 421,329 417,74,75,mistral_table,mistral_table,no
2025,SANTA CRUZ DA CONCEIÇÃO,11,75,54,4 906,27 381,15 707,8,10,51,33,375 668,1 047 671,761 466,74,75,mistral_table,mistral_table,no
2026,SANTA CRUZ DAS PALMEIRAS,57,502,357,38 632,183 011,101 067,37,41,321,241,2 172 145,17 743 350,6 111 753,74,75,mistral_table,mistral_table,no
2027,SANTA CRUZ DO RIO PARDO,104,1 269,941,110 443,1 449 369,489 544,70,73,1 841,1 404,21 320 046,509 326 356,215 762 321,74,75,mistral_table,mistral_table,no
2028,SANTA ERNESTINA,2,(B),(A),(X),(B),(X),1,1,(A),(A),(X),(A),(X),74,75,mistral_table,mistral_table,no
2029,SANTA FE DO SUL,57,444,294,32 707,603 637,89 119,59,65,492,324,3 730 521,99 594 809,17 159 724,74,75,mistral_table,mistral_table,no
2030,SANTA GERTRUDES,39,1 294,1 140,130 563,601 659,323 772,35,39,1 189,1 060,7 528 893,38 979 076,22 090 320,74,75,mistral_table,mistral_table,no
2031,SANTA ISABEL,73,3 899,3 483,532 579,5 411 783,2 566 832,49,60,2 455,2 142,30 490 104,280 173 023,155 416 832,74,75,mistral_table,mistral_table,no
2032,SANTA LUCIA,7,49,30,7 334,23 897,16 153,1,1,(A),(A),(X),(A),(X),74,75,mistral_table,mistral_table,no
2033,SANTA MARIA DA SERRA,13,65,38,5 622,64 289,17 662,9,9,64,46,358 990,1 676 412,599 666,74,75,mistral_table,mistral_table,no
2034,SANTA MERCEDES,3,9,3,243,1 127,635,3,3,11,3,41 529,205 464,118 352,76,77,mistral_table,mistral_table,no
2035,SANTANA DA PONTE PENSA,2,(A),(A),(X),(A),(X),2,2,(B),(A),(X),(B),(X),76,77,mistral_table,mistral_table,no
2036,SANTANA DE PARNAIBA,54,2 293,1 718,310 349,2 977 365,1 254 545,49,58,3 324,2 786,47 643 148,375 146 548,173 601 492,76,77,mistral_table,mistral_table,no
2037,SANTA RITA D'OESTE,7,20,2,822,9 374,3 147,7,7,19,6,102 852,9 327 801,600 054,76,77,mistral_table,mistral_table,no
2038,SANTA RITA DO PASSA QUATRO,64,660,472,67 036,1 761 842,616 232,42,51,591,403,5 816 493,175 210 327,78 022 039,76,77,mistral_table,mistral_table,no
2039,SANTA ROSA DE VITERBO,31,1 167,848,314 099,3 928 516,877 812,22,31,1 399,1 138,28 790 275,347 617 091,98 218 054,76,77,mistral_table,mistral_table,no
2040,SANTO ANASTACIO,46,579,399,50 162,2 170 663,723 046,33,39,821,493,11 546 979,347 575 023,137 119 842,76,77,mistral_table,mistral_table,no
2041,SANTO ANTONIO DA ALEGRIA,11,53,25,4 355,44 047,20 715,8,8,34,19,108 149,691 149,245 755,76,77,mistral_table,mistral_table,no
2042,SANTO ANTONIO DE POSSE,27,206,142,23 579,359 623,179 673,24,25,239,165,2 467 738,29 690 424,13 087 632,76,77,mistral_table,mistral_table,no
2043,SANTO ANTONIO DO JARDIM,37,87,25,3 864,241 994,46 789,22,22,62,14,225 130,1 128 960,566 278,76,77,mistral_table,mistral_table,no
2044,SANTO ANTONIO DO PINHAL,15,41,15,1 342,4 949,3 239,17,18,44,12,117 524,277 898,211 610,76,77,mistral_table,mistral_table,no
2045,SANTO EXPEDITO,2,(A),(A),(X),(A),(X),2,2,(A),(A),(X),(A),(X),76,77,mistral_table,mistral_table,no
2046,SANTOPOLIS DO AGUAPEI,4,10,2,301,5 595,1 839,3,4,10,4,8 550,83 971,44 942,76,77,mistral_table,mistral_table,no
2047,SÃO BENTO DO SAPUCAI,35,173,104,12 367,117 274,26 921,22,24,120,65,843 141,7 991 675,1 252 813,76,77,mistral_table,mistral_table,no
2048,SÃO FRANCISCO,6,16,2,753,37 014,6 212,6,6,15,5,15 000,41 033,34 033,76,77,mistral_table,mistral_table,no
2049,SÃO JOÃO DA BOA VISTA,173,3 418,2 730,390 057,4 811 655,2 004 306,145,158,3 340,2 667,33 395 215,560 641 261,222 286 339,76,77,mistral_table,mistral_table,no
2050,SÃO JOÃO DAS DUAS PONTES,4,6,1,170,300,279,4,4,6,-,13 395,28 646,22 586,76,77,mistral_table,mistral_table,no
2051,SÃO JOÃO DO PAU D'ALHO,6,22,6,1 871,121 094,4 848,1,2,(C),(B),(X),(F),(X),76,77,mistral_table,mistral_table,no
2052,SÃO JOAQUIM DA BARRA,96,1 423,1 103,130 695,1 819 137,668 702,84,90,1 941,1 530,16 860 275,275 593 889,92 141 597,76,77,mistral_table,mistral_table,no
2053,SÃO JOSE DA BELA VISTA,11,45,18,2 892,7 169,4 006,8,9,29,9,243 246,2 776 808,508 108,76,77,mistral_table,mistral_table,no
2054,SÃO JOSE DO BARREIRO,3,10,1,125,808,527,2,2,(A),(A),(X),(A),(X),76,77,mistral_table,mistral_table,no
2055,SÃO JOSE DO RIO PARDO,90,1 257,1 010,214 177,3 495 474,287 047,68,81,1 175,951,16 699 646,376 152 320,57 062 359,76,77,mistral_table,mistral_table,no
2056,SÃO LUIS DO PARAITINGA,13,80,48,5 577,24 803,20 474,16,17,67,42,468 203,6 426 564,1 255 635,76,77,mistral_table,mistral_table,no
2057,SÃO MANUEL,62,1 480,1 157,150 495,2 565 951,1 114 937,40,51,1 691,1 333,16 297 305,244 480 252,72 284 891,76,77,mistral_table,mistral_table,no
2058,SÃO MIGUEL ARCANJO,27,127,62,11 371,98 600,42 400,17,20,90,55,403 608,3 593 450,1 150 248,76,77,mistral_table,mistral_table,no
2059,SÃO PEDRO,69,489,271,52 441,951 170,320 979,58,63,488,334,4 443 505,88 282 839,32 500 246,76,77,mistral_table,mistral_table,no
2060,SÃO PEDRO DO TURVO,10,35,14,3 546,46 910,15 125,13,13,200,130,1 560 070,19 188 064,8 998 947,76,77,mistral_table,mistral_table,no
2061,SÃO ROQUE,165,6 267,5 022,967 312,8 289 018,3 633 616,100,126,7 121,5 708,86 921 168,900 263 051,427 582 322,76,77,mistral_table,mistral_table,no
2062,SÃO SEBASTIÃO,29,355,276,35 988,227 485,81 641,19,23,161,112,1 736 102,14 358 144,7 395 525,76,77,mistral_table,mistral_table,no
2063,SÃO SEBASTIÃO DA GRAMA,17,114,69,7 451,116 094,30 827,14,15,85,59,482 908,7 161 372,2 986 238,76,77,mistral_table,mistral_table,no
2064,SÃO SIMÃO,29,292,216,27 076,174 960,121 007,21,29,597,501,4 824 203,39 965 144,23 786 448,76,77,mistral_table,mistral_table,no
2065,SARAPUI,10,67,39,3 387,17 567,10 771,8,8,120,103,619 568,4 249 015,1 458 530,76,77,mistral_table,mistral_table,no
2066,SARUTAIA,8,19,3,940,1 768,1 219,7,7,20,4,89 478,179 966,117 790,76,77,mistral_table,mistral_table,no
2067,SEBASTIANOPOLIS DO SUL,6,18,6,669,13 239,1 422,5,5,14,4,23 513,3 220 165,622 754,76,77,mistral_table,mistral_table,no
2068,SERRA AZUL,11,41,11,1 449,5 307,4 372,8,9,45,30,184 513,1 250 789,872 882,76,77,mistral_table,mistral_table,no
2069,SERRANA,47,962,744,159 651,5 217 366,2 068 815,20,29,1 721,1 357,22 101 119,820 333 155,442 271 371,76,77,mistral_table,mistral_table,no
2070,SERRA NEGRA,96,761,506,56 126,410 128,157 814,98,98,1 172,976,4 990 935,50 638 211,17 918 483,76,77,mistral_table,mistral_table,no
2071,SERTÃOZINHO,211,7 666,6 152,1 422 972,18 138 914,5 584 358,111,155,9 187,6 763,193 820 888,2 210 824 103,871 012 071,76,77,mistral_table,mistral_table,no
2072,SETE BARRAS,11,51,31,3 115,21 180,5 729,13,13,74,46,464 926,2 772 503,922 420,76,77,mistral_table,mistral_table,no
2073,SEVERINIA,15,275,219,72 677,1 437 756,775 169,6,13,328,217,5 363 013,305 918 014,109 360 735,76,77,mistral_table,mistral_table,no
2074,SILVEIRAS,4,22,17,1 760,5 701,3 075,1,2,(C),(B),(X),(E),(X),76,77,mistral_table,mistral_table,no
2075,SOCORRO,137,587,282,33 834,342 215,110 448,102,102,474,278,2 355 289,44 943 148,12 409 868,76,77,mistral_table,mistral_table,no
2076,SUD MENUCCI,12,54,27,2 570,52 001,13 067,10,10,277,233,3 472 865,117 255 795,60 843 816,76,77,mistral_table,mistral_table,no
2077,TABAPUÁ,27,100,47,5 609,211 051,26 312,20,20,77,41,452 955,13 499 257,3 033 967,76,77,mistral_table,mistral_table,no
2078,TABATINGA,22,156,107,11 971,108 272,32 036,11,13,96,75,840 731,6 865 352,2 125 864,76,77,mistral_table,mistral_table,no
2079,TACIBA,3,10,1,122,409,256,3,3,6,-,19 177,327 190,97 358,76,77,mistral_table,mistral_table,no
2080,TAGUAI,11,95,47,8 511,61 525,30 491,9,10,81,57,612 273,8 170 270,4 836 645,76,77,mistral_table,mistral_table,no
2081,TAIAÇU,6,11,1,1 024,4 327,2 555,5,5,11,4,22 128,152 941,-33 868,78,79,mistral_table,mistral_table,no
2082,TAIUVA,10,63,30,6 643,53 227,28 378,2,2,(D),(D),(X),(E),(X),78,79,mistral_table,mistral_table,no
2083,TAMBAU,98,2 298,1 928,206 547,1 171 004,772 818,71,82,1 823,1 613,15 921 264,93 726 764,60 329 761,78,79,mistral_table,mistral_table,no
2084,TANABI,64,604,421,49 137,959 176,247 174,64,68,645,459,4 828 774,150 653 725,41 781 825,78,79,mistral_table,mistral_table,no
2085,TAPIRAI,11,120,95,12 582,56 927,33 618,12,14,161,137,992 035,7 915 518,3 272 673,78,79,mistral_table,mistral_table,no
2086,TAPIRATIBA,15,646,555,134 459,1 185 617,623 987,10,16,811,638,12 967 660,123 218 363,75 729 641,78,79,mistral_table,mistral_table,no
2087,TAQUARITINGA,104,2 013,1 594,161 007,2 639 406,1 026 329,69,83,1 923,1 249,14 903 581,295 857 694,111 923 815,78,79,mistral_table,mistral_table,no
2088,TAQUARITUBA,29,165,78,15 830,388 957,130 297,21,23,142,92,896 298,10 578 407,4 868 449,78,79,mistral_table,mistral_table,no
2089,TARABAI,3,13,4,479,19 423,9 483,2,2,(D),(D),(X),(D),(X),78,79,mistral_table,mistral_table,no
2090,TATUI,140,4 488,3 826,532 878,6 699 297,3 092 041,91,110,4 047,3 217,58 104 875,483 775 194,169 640 598,78,79,mistral_table,mistral_table,no
2091,TEJUPA,5,11,2,466,1 293,1 171,6,6,9,-,25 745,80 769,54 972,78,79,mistral_table,mistral_table,no
2092,TEODORO SAMPAIO,54,531,378,47 278,1 019 804,648 080,26,29,401,311,4 127 878,80 062 103,32 880 980,78,79,mistral_table,mistral_table,no
2093,TERRA ROXA,9,78,53,10 085,147 459,53 169,7,10,115,57,1 014 105,26 089 981,4 551 337,78,79,mistral_table,mistral_table,no
2094,TIETE,147,1 821,1 305,152 115,1 416 028,563 871,133,139,2 397,1 941,17 306 030,227 948 247,85 623 050,78,79,mistral_table,mistral_table,no
2095,TIMBURI,3,14,10,569,2 250,1 617,5,5,22,10,164 218,7 772 771,1 181 969,78,79,mistral_table,mistral_table,no
2096,TORRINHA,29,207,132,14 527,138 161,50 969,24,25,197,145,1 114 700,34 341 239,4 868 574,78,79,mistral_table,mistral_table,no
2097,TREMEMBE,53,608,420,85 923,1 713 883,787 098,36,39,367,278,6 176 644,94 973 677,55 142 708,78,79,mistral_table,mistral_table,no
2098,TRES FRONTEIRAS,18,80,35,3 037,17 251,12 007,18,19,72,40,370 300,12 398 549,2 973 391,78,79,mistral_table,mistral_table,no
2099,TUPÁ,153,1 731,1 208,173 412,3 876 560,823 892,125,146,1 978,1 434,20 087 194,503 052 879,123 663 098,78,79,mistral_table,mistral_table,no
2100,TUPI PAULISTA,30,253,142,24 640,615 543,165 916,19,24,170,107,1 319 464,125 104 641,34 901 788,78,79,mistral_table,mistral_table,no
2101,TURIUBA,10,32,19,1 875,4 620,3 688,8,8,16,4,27 967,93 184,76 257,78,79,mistral_table,mistral_table,no
2102,TURMALINA,4,13,4,1 511,25 442,4 222,4,4,6,2,41 058,3 368 626,433 299,78,79,mistral_table,mistral_table,no
2103,UBATUBA,54,395,290,35 336,212 477,98 332,37,44,302,209,1 742 677,9 321 165,3 794 704,78,79,mistral_table,mistral_table,no
2104,UBIR AJARA,8,33,15,1 896,110 717,26 195,7,7,42,30,208 669,2 649 093,499 818,78,79,mistral_table,mistral_table,no
2105,UCHOA,13,74,21,3 757,269 983,34 877,8,10,178,136,2 662 172,246 821 162,41 687 095,78,79,mistral_table,mistral_table,no
2106,UNIÃO PAULISTA,2,(A),(A),(X),(A),(X),2,2,(B),(A),(X),(A),(X),78,79,mistral_table,mistral_table,no
2107,URANIA,31,162,87,14 315,339 340,70 096,25,28,174,111,1 495 098,44 953 784,8 541 975,78,79,mistral_table,mistral_table,no
2108,URU,2,(A),(A),(X),(A),(X),1,1,(A),(A),(X),(A),(X),78,79,mistral_table,mistral_table,no
2109,URUPES,33,86,31,5 404,537 622,48 776,26,28,91,45,375 813,70 714 594,19 740 100,78,79,mistral_table,mistral_table,no
2110,VALENTIM GENTIL,16,90,53,7 587,86 753,25 792,16,18,123,81,693 872,8 785 016,2 612 799,78,79,mistral_table,mistral_table,no
2111,VALINHOS,250,10 642,8 700,2 798 278,29 596 882,8 488 697,189,227,10 698,8 878,263 086 319,3 332 076 847,1 194 536 944,78,79,mistral_table,mistral_table,no
2112,VALPARAISO,21,171,104,28 582,601 912,259 785,5,6,345,328,6 210 654,128 391 277,22 760 251,78,79,mistral_table,mistral_table,no
2113,VARGEM GRANDE DO SUL,104,1 669,1 343,154 922,968 088,489 407,75,77,889,711,5 653 828,51 241 205,26 712 455,78,79,mistral_table,mistral_table,no
2114,VARGEM GRANDE PAULISTA,-,-,-,-,-,-,22,31,2 105,1 720,35 550 957,406 370 007,173 389 536,78,79,mistral_table,mistral_table,no
2115,VARZEA PAULISTA,100,4 421,3 374,1 021 666,6 628 749,3 409 070,59,86,5 868,4 754,102 120 353,1 098 695 957,553 005 315,78,79,mistral_table,mistral_table,no
2116,VERA CRUZ,38,369,235,36 419,908 234,652 848,21,26,207,133,1 547 485,27 559 967,20 010 784,78,79,mistral_table,mistral_table,no
2117,VINHEDO,119,4 559,3 650,1 088 518,9 831 672,3 909 544,88,97,5 403,3 957,109 804 018,1 520 380 517,918 341 372,78,79,mistral_table,mistral_table,no
2118,VIRADOURO,20,75,38,5 400,44 899,22 857,22,22,80,41,665 931,3 924 607,2 833 678,78,79,mistral_table,mistral_table,no
2119,VISTA ALEGRE DO ALTO,8,131,96,16 083,240 479,95 446,5,7,188,162,2 431 067,72 634 787,25 078 067,78,79,mistral_table,mistral_table,no
2120,VOTORANTIM,69,7 607,6 344,1 303 846,15 295 629,5 386 432,41,64,6 568,5 272,82 625 165,955 771 864,572 434 312,78,79,mistral_table,mistral_table,no
2121,VOTUPORANGA,159,2 429,1 807,247 658,4 232 332,886 374,131,147,3 394,2 813,25 408 553,409 973 898,112 748 914,78,79,mistral_table,mistral_table,no
2122,CHAYANTES,16,468,385,68 062,349 832,231 521,11,15,404,347,3 765 542,28 490 377,13 663 966,78,79,mistral_table,mistral_table,no
