order_number,entry,establishments_1980,personnel_total_1980,personnel_linked_to_service_activity_1980,salaries_withdrawals_1980_mil_cruzeiros,total_revenue_1980_mil_cruzeiros,companies_headquartered_in_municipality_1985,establishments_1985,personnel_total_1985,personnel_linked_to_service_activity_1985,salaries_withdrawals_1985_mil_cruzeiros,total_revenue_1985_mil_cruzeiros,source_page_1980,source_page_1985,left_extraction_method,right_extraction_method,needs_review
1,BRASIL,395 797,2 211 783,1 403 971,280 393 481,1 140 225 587,,,,,,,174,175,mistral_table,mistral_table_partial,yes
2,ALOJAMENTO E ALIMENTAÇÃO,193 646,665 805,318 154,46 296 556,283 052 664,215 570,219 353,783 553,417 959,4 765 334 543,26 502 365 187,174,175,mistral_table,pdf_text_layout,no
3,ALOJAMENTO,15 207,124 214,80 774,10 706 778,45 958 354,",. 591",15 212,147 604,113 089,1 176 006 032,5 351 981 782,174,175,mistral_table,pdf_text_layout,no
4,ALIMENTAÇÃO,178 439,541 591,237 380,35 589 778,237 094 310,200 979,204 141,635 949,304 870,3 589 328 511,21 150 383 405,174,175,mistral_table,pdf_text_layout,no
5,"REPARAÇÃO, MANUTENÇÃO E INSTALAÇÃO",81 353,313 707,182 682,31 963 426,100 259 147,,,,,,,174,175,mistral_table,pdf_text_tokens_partial,yes
6,"REPARAÇÃO, MANUTENÇÃO E INSTALAÇÃO",81 353,313 707,182 682,31 963 426,100 259 147,95 868,97 715,329 065,188 249,2 658 713 520,8 498 123 049,174,175,mistral_table,pdf_text_layout,no
7,"PESSOAIS, DE HIGIENE E ESTETICA PESSOAL",25 887,86 910,49 001,7 466 095,21 487 674,26 597,27 536,93 538,55 223,630 335 408,803 070 259,174,175,mistral_table,pdf_text_layout,no
8,PESSOAIS,9 354,35 867,20 365,3 032 078,11 899 168,8 9S3,9 748,34 031,19 703,228 563 002,834 399 911,174,175,mistral_table,pdf_text_layout,no
9,HIGIENE E DE ESTETICA PESSOAL,16 533,51 043,28 636,4 434 017,9 788 506,17 6AA,17 788,59 507,35 520,401 772 406,968 670 3-48,174,175,mistral_table,pdf_text_layout,no
10,"RADIODIFUSÃO, TELEVISÃO E DIVERSÕES",7 101,67 169,44 700,10 475 977,51 607 590,6 076,7 168,75 763,55 694,40A 306 551,5 980 623 389,174,175,mistral_table,pdf_text_layout,no
11,RADIODIFUSÃO E TELEVISÃO,1 484,36 842,26 363,7 672 816,37 996 335,1 22•,1 498,48 420,37 140,194 584 410,4 707 066 590,174,175,mistral_table,pdf_text_layout,no
12,DIVERSÕES,5 617,28 327,18 337,2 803 161,13 611 255,4 852,5 670,27 343,18 554,209 722 141,1 273 556 799,174,175,mistral_table,pdf_text_layout,no
13,AUXILIARES DIVERSOS,74 512,993 654,763 469,170 933 010,606 107 958,77 <135,85 785,234 983,012 962,17 490 327 257,60 551 009 729,174,175,mistral_table,pdf_text_layout,no
14,AUX. DA AGROPECUARIA E REFLORESTAMENTO,3 046,59 496,40 744,10 280 038,29 092 093,1 550,1 988,80 286,65 7-42,1 275 850 148,2 721 230 782,174,175,mistral_table,pdf_text_layout,no
15,"AUX. COMERCIO, LOCAÇÃO DE BENS E SERVIÇOS",11 182,82 825,50 791,16 981 326,125 969 772,15 100,16 873,118 778,81 727,2 292 221 794,13 018 920 244,174,175,mistral_table,pdf_text_layout,no
16,"AUX. FINANC., SEGUROS E CAPITALIZAÇÃO",1 866,16 424,12 061,4 287 167,19 073 271,1 503,1 731,19 209,13 860,428 011 363,2 307 092 508,174,175,mistral_table,pdf_text_layout,no
17,AUXILIARES DOS TRANSPORTES,7 157,83 844,58 430,16 414 800,89 433 788,• 682,7 006,108 1 U,88 950,2 440 552 118,9 374 032 489,174,175,mistral_table,pdf_text_layout,no
18,"AUX. CONSTRUÇÃO, OBRAS, GEOGESIA, ETC",4 484,80 902,56 343,27 692 252,85 731 097,3 831,.. 197,80 481,63 076,1 930 277 140,6 478 506 320,174,175,mistral_table,pdf_text_layout,no
19,"AUX. DE LIMPEZA, HIGIENIZAÇÃO, ETC",2 789,160 906,150 380,10 128 024,25 491 050,2 989,3 168,200 922,188 311,992 988 312,2 365 090 853,174,175,mistral_table,pdf_text_layout,no
20,AUX. PRESTADOS A EMPRESAS E PESSOAS,38 640,476 120,375 864,81 075 064,218 615 284,42 061,44 777,593 2U,488 269,7 813 506 960,23 146 767 656,174,175,mistral_table,pdf_text_layout,no
21,AUXILIARES DA SAÚDE,5 348,31 137,18 858,4 074 339,12 501 623,5 719,6 045,33 949,23 027,316 919 422,1 139 368 877,174,175,mistral_table,pdf_text_layout,no
22,"COMPRA, VENDA, ADMINISTRAÇÃO BENS IMÓVEIS",13 298,84 538,45 965,13 258 417,77 710 554,,,,,,,174,175,mistral_table,pdf_text_layout_partial,yes
23,COMPRA E VENDA DE BENS IMÓVEIS,8 113,42 753,19 913,7 228 498,51 183 819,4 135,4 260,17 728,9 802,196 029 654,1 176 3U 861,174,175,mistral_table,pdf_text_layout,no
24,"ADMINISTRAÇÃO, LOCAÇÃO, ETC",5 185,41 785,26 052,6 029 919,26 535 735,6 661,6 885,48 553,32 358,561 535 18.8,2 383 551 787,174,175,mistral_table,pdf_text_layout,no
25,REGIÃO SUDESTE,239 940,1 371 184,870 230,190 430 902,772 840 839,235 os,1 559,u ..,1 088 201,18 263 U5 OA6,70 957 023 9311,174,175,mistral_table,pdf_text_layout,no
26,ALOJAMENTO E ALIMENTAÇÃO,122 519,411 878,197 532,30 338 853,193 910 203,121 U9,123 357,446 720,237 120,2 772 675 151,16 422 386 450,174,175,mistral_table,pdf_text_layout,no
27,ALOJAMENTO,6 936,62 822,42 141,5 992 449,25 304 354,6 633,6 ·93:z,75 007,57 578,652 675 057,"2 98"" 810 497",174,175,mistral_table,pdf_text_layout,no
28,ALIMENTAÇÃO,115 583,349 056,155 391,24 346 404,168 605 849,1U 516,116 425,371 713,179 542,2 120 000 094,13 437 575 953,174,175,mistral_table,pdf_text_layout,no
29,"REPARAÇÃO, MANUTENÇÃO E INSTALAÇÃO",43 970,169 927,95 950,18 368 309,58 020 411,44 9A6,45 962,157 755,87 120,247 221 640,4 233 069 972,174,175,mistral_table,pdf_text_layout,no
30,"REPARAÇÃO, MANUTENÇÃO E INSTALAÇÃO",43 970,169 927,95 950,18 368 309,58 020 411,44 9<16,45 962,157 755,87 120,247 221 640,4 233 069 972,174,175,mistral_table,pdf_text_layout,no
31,"PESSOAIS, DE HIGIENE E ESTETICA PESSOAL",16 885,57 940,32 516,5 076 046,14 467 959,14 699,15 182,56 031,33 582,363 .t14 241,033 480 818,174,175,mistral_table,pdf_text_layout,no
32,PESSOAIS,5 652,22 476,12 924,1 967 998,7 582 934,4 714,5 118,19 692,11 825,"1,30 212 159",473 778 733,174,175,mistral_table,pdf_text_layout,no
33,HIGIENE E DE ESTETICA PESSOAL,11 233,35 464,19 562,3 106 048,6 885 025,9 985,10 064,36 339,21 757,233 202 082,·559 702 086,174,175,mistral_table,pdf_text_layout,no
34,"RADIODIFUSÃO, TELEVISÃO E DIVERSÕES",3 404,34 555,23 196,6 460 620,33 016 974,2 526,3 103,39 950,28 591,980 663 852,3 846 858 39..,174,175,mistral_table,pdf_text_layout,no
35,RADIODIFUSÃO E TELEVISÃO,682,19 079,12 704,4 664 983,24 167 281,"""'99",582,25 631,18 614,863 085 011,3 005 183 098,174,175,mistral_table,pdf_text_layout,no
36,DIVERSÕES,2 722,15 476,10 492,1 795 637,8 849 693,2 027,2 521,14 319,9 877,117 578 841,841 675 296,174,175,mistral_table,pdf_text_layout,no
37,AUXILIARES DIVERSOS,43 891,637 847,488 046,121 076 182,418 276 573,4A 833,A9 295,811 730,671 440,12 338 250 833,42 725 958 350,174,175,mistral_table,pdf_text_layout,no
38,AUX. DA AGROPECUARIA E REFLORESTAMENTO,1 119,27 883,21 372,4 207 472,10 123 714,611,778,41 431,38 352,514 654 467,1 095 726 471,174,175,mistral_table,pdf_text_layout,no
39,"AUX. COMERCIO, LOCAÇÃO DE BENS E SERVIÇOS",5 899,52 869,32 762,11 912 001,92 724 404,7 676,8 629,71 627,49 577,587 760 8-4 ..,9 050 -473 845,174,175,mistral_table,pdf_text_layout,no
40,"AUX. FINANC., SEGUROS E CAPITALIZAÇÃO",1 286,15 018,9 917,3 648 926,14 230 893,,,,,,,174,175,mistral_table,missing,yes
41,AUXILIARES DOS TRANSPORTES,4 352,51 890,35 919,10 327 685,62 359 134,,,,,,,174,175,mistral_table,missing,yes
42,"AUX. CONSTRUÇÃO, OBRAS, GEOGESIA, ETC",2 775,89 666,40 583,22 701 257,66 530 528,,,,,,,174,175,mistral_table,missing,yes
43,"AUX. DE LIMPEZA, HIGIENIZAÇÃO, ETC",1 635,99 881,93 385,6 604 380,16 607 743,1 709,1 823,136 001,126 232,655 868 865,1 633 589 180,174,175,mistral_table,pdf_text_layout,no
44,AUX. PRESTADOS A EMPRESAS E PESSOAS,23 989,312 852,243 435,59 311 619,158 460 513,25 606,27 066,397 307,327 382,5 766 873 810,16 921 351 677,174,175,mistral_table,pdf_text_layout,no
45,AUXILIARES DA SAÚDE,2 824,17 788,10 673,2 362 842,7 239 644,2 880,3 096,.20 423,14 337,188 427 501,705 948 488,174,175,mistral_table,pdf_text_layout,no
46,"COMPRA, VENDA, ADMINISTRAÇÃO BENS IMÓVEIS",9 271,59 037,32 990,9 110 892,55 148 719,7 312,7 57'.3,47 458,30 348,561 419 329,2 695 2U 951,174,175,mistral_table,pdf_text_layout,no
47,COMPRA E VENDA DE BENS IMÓVEIS,5 317,27 406,12 947,4 572 738,36 057 897,2 530,2 610,11 783,6 808,134 065 411,904 244 546,174,175,mistral_table,pdf_text_layout,no
48,"ADMINISTRAÇÃO, LOCAÇÃO, ETC",3 954,31 631,20 043,4 538 154,19 090 822,.. 782,4 963,35 675,23 540,427 353 918,791 025 405,174,175,mistral_table,pdf_text_layout,no
49,MINAS GERAIS,52 885,217 235,124 796,20 650 493,80 065 839,,,,,,,174,175,mistral_table,pdf_text_layout_partial,yes
50,ALOJAMENTO E ALIMENTAÇÃO,31 286,80 804,30 883,4 293 695,27 600 081,31 670,32 130,85 538,37 469,371 974 579 .,2 351 904 891,174,175,mistral_table,pdf_text_layout,no
51,ALOJAMENTO,2 072,14 034,8 708,954 441,3 669 467,2 054,2 137,15 082,10 972,86 716 112,351 869 459,174,175,mistral_table,pdf_text_layout,no
52,ALIMENTAÇÃO,29 214,66 770,22 175,3 339 254,23 930 614,29 616,29 993,70 456,26 497,285 258 -467,2 000 035. 432,174,175,mistral_table,pdf_text_layout,no
53,"REPARAÇÃO, MANUTENÇÃO E INSTALAÇÃO",8 831,32 779,18 771,2 785 049,8 187 294,10 293,10 557,34 040,19 07°·,213 893 200,774 071 592,174,175,mistral_table,pdf_text_layout,no
54,"REPARAÇÃO, MANUTENÇÃO E INSTALAÇÃO",8 831,32 479,18 771,2 786 049,8 187 294,10 293,10 557,34 040,19 029,213 893 200,774 071 592,174,175,mistral_table,pdf_text_layout,no
55,"PESSOAIS, DE HIGIENE E ESTETICA PESSOAL",2 627,8 060,4 295,587 654,1 756 685,2 706,811,8 736,4 907,51 631 231,150 311 9114,174,175,mistral_table,pdf_text_layout,no
56,PESSOAIS,945,3 321,1 755,243 436,990 287,917,010,3 292,1 786,19 BOA 762,75 619 433,174,175,mistral_table,pdf_text_layout,no
57,HIGIENE E DE ESTETICA PESSOAL,1 682,4 739,2 540,344 218,766 378,789,801,5 04,3 121,31 726 469,74 692 561,174,175,mistral_table,pdf_text_layout,no
58,"RADIODIFUSÃO, TELEVISÃO E DIVERSÕES",831,6 069,4 160,780 709,3 406 842,132,151,3 191,2 6'6,50 299 5-46,286 466 600,174,175,mistral_table,pdf_text_layout,no
59,RADIODIFUSÃO E TELEVISÃO,162,2 883,2 012,447 067,2 198 305,,,,,,,174,175,mistral_table,missing,yes
60,DIVERSÕES,649,3 186,2 148,313 642,1 208 537,"""'15",540,2 404,1 570,12 417 966,63 208 980,174,175,mistral_table,pdf_text_layout,no
61,AUXILIARES DIVERSOS,7 841,82 706,63 078,11 325 930,34 211 812,8 555,9 329,106 285,87 O.t9,152 272 773,3 661 .t33 208,174,175,mistral_table,pdf_text_layout,no
62,AUX. DA AGROPECUARIA E REFLORESTAMENTO,358,6 862,5 784,1 796 276,3 824 825,204 249,9 264,7 639,142 950,253 347,298 126,174,175,mistral_table,pdf_text_tokens,no
63,"AUX. COMERCIO, LOCAÇÃO DE BENS E SERVIÇOS",1 115,6 645,4 192,1 028 102,6 301 842,''12,609,9 524,6 559,130 033 262,830 6'4 868,174,175,mistral_table,pdf_text_layout,no
64,"AUX. FINANC., SEGUROS E CAPITALIZAÇÃO",1 022,1 022,1 167 867,1 039 450,1 239 450,,,,,,,174,175,mistral_table,missing,yes
65,AUXILIARES DOS TRANSPORTES,599,4 512,3 060,581 717,2 412 097,445 605,5 339,4 114,63 844,410 270,597 508,174,175,mistral_table,pdf_text_tokens,no
66,"AUX. CONSTRUÇÃO, OBRAS, GEOGESIA, ETC",531,8 813,4 531,2 227 305,6 313 298,'19,A67,8 733,7 0-411,151 129 338,502 016 1-46,174,175,mistral_table,pdf_text_layout,no
67,"AUX. DE LIMPEZA, HIGIENIZAÇÃO, ETC",258,11 735,11 083,758 858,1 836 561,245,265,13 960,13 3-40,62 418 396,136 332 266,174,175,mistral_table,pdf_text_layout,no
68,AUX. PRESTADOS A EMPRESAS E PESSOAS,4 204,38 149,30 035,4 431 218,11 557 554,"4 96""'",5 208,54 158,45 076,560 403 164,382 781 436,174,175,mistral_table,pdf_text_layout,no
69,,,,,,,,,,,,,174,175,missing,mistral_table_partial,yes
70,,,,,,,,,,,,,174,175,missing,mistral_table_partial,yes
71,COMPRA E VENDA DE BENS IMÓVEIS,913,4 203,1 892,573 622,3 745 885,379,390,1 464,770,13 542 138,66 323 207,176,177,mistral_table,mistral_table,no
72,"ADMINISTRAÇÃO, LOCAÇÃO, ETC",556,2 914,1 717,322 834,1 157 260,540,555,3 531,2 290,26 219 134,100 547 301,176,177,mistral_table,mistral_table,no
73,REGIÃO METROPOLITANA,13 296,91 400,61 985,11 667 003,42 485 642,12 855,13 579,103 871,76 631,1 103 367 084,3 974 775 456,176,177,mistral_table,mistral_table,no
74,ALOJAMENTO E ALIMENTAÇÃO,6 796,24 104,12 928,1 626 983,9 442 216,6 250,6 405,25 750,15 496,142 034 494,742 246 710,176,177,mistral_table,mistral_table,no
75,ALOJAMENTO,274,3 706,2 719,319 536,1 198 299,248,271,4 612,3 883,34 733 756,132 954 685,176,177,mistral_table,mistral_table,no
76,ALIMENTAÇÃO,6 522,20 398,10 209,1 307 447,8 243 917,6 002,6 134,21 138,11 613,107 300 738,609 292 025,176,177,mistral_table,mistral_table,no
77,"REPARAÇÃO, MANUTENÇÃO E INSTALAÇÃO",2 094,9 398,5 695,1 007 925,3 084 361,2 325,2 405,9 701,5 723,77 583 756,290 127 063,176,177,mistral_table,mistral_table,no
78,"REPARAÇÃO, MANUTENÇÃO E INSTALAÇÃO",2 094,9 398,5 695,1 007 925,3 084 361,2 325,2 405,9 701,5 723,77 583 756,290 127 063,176,177,mistral_table,mistral_table,no
79,"PESSOAIS, DE HIGIENE E ESTÉTICA PESSOAL",851,3 687,2 272,290 120,843 977,790,860,3 813,2 432,24 203 273,68 522 136,176,177,mistral_table,mistral_table,no
80,PESSOAIS,267,1 579,985,132 374,498 621,188,248,1 457,966,10 583 563,35 869 452,176,177,mistral_table,mistral_table,no
81,HIGIENE E DE ESTÉTICA PESSOAL,584,2 108,1 287,157 746,345 356,604,614,2 356,1 466,13 639 710,32 652 684,176,177,mistral_table,mistral_table,no
82,"RADIOIDIFUSÃO, TELEVISÃO E DIVERSÕES",150,2 089,1 501,431 375,2 101 825,103,157,2 329,1 824,37 474 925,221 472 972,176,177,mistral_table,mistral_table,no
83,RADIOIDIFUSÃO E TELEVISÃO,25,1 025,626,240 514,1 479 310,15,22,1 327,1 105,31 242 298,188 538 494,176,177,mistral_table,mistral_table,no
84,DIVERSÕES,125,1 064,875,190 861,622 515,88,135,1 002,719,6 232 627,32 934 478,176,177,mistral_table,mistral_table,no
85,AUXILIARES DIVERSOS,2 781,48 182,37 608,7 752 477,23 875 552,2 938,3 290,59 316,49 290,795 034 409,2 534 717 152,176,177,mistral_table,mistral_table,no
86,AUX. DA AGROPECUARIA E REFLORESTAMENTO,49,4 629,2 706,1 376 922,2 162 948,20,28,3 726,2 540,107 427 449,170 338 842,176,177,mistral_table,mistral_table,no
87,"AUX. COMÉRCIO, LOCAÇÃO DE BENS E SERVIÇOS",736,4 925,3 148,847 860,5 509 570,794,904,6 940,5 027,102 864 635,668 845 859,176,177,mistral_table,mistral_table,no
88,"AUX. FINANC., SEGUROS E CAPITALIZAÇÃO",94,827,469,145 140,972 381,54,73,676,807,12 030 557,62 487 613,176,177,mistral_table,mistral_table,no
89,AUXILIARES DOS TRANSPORTES,230,2 277,1 377,352 879,1 581 171,180,239,2 677,1 647,36 866 477,146 226 807,176,177,mistral_table,mistral_table,no
90,"AUX. CONSTRUÇÃO, OBRAS, GEODÉSIA, ETC",213,6 641,5 680,1 917 620,4 915 853,232,264,7 906,9 277,136 659 489,463 255 384,176,177,mistral_table,mistral_table,no
91,"AUX. DE LIMPEZA, HIGIENIZAÇÃO, ETC",129,8 130,7 706,505 190,1 278 718,121,129,8 202,7 855,37 920 940,82 100 095,176,177,mistral_table,mistral_table,no
92,AUX. PRESTADOS A EMPRESAS E PESSOAS,1 120,19 339,16 236,2 445 217,2 048 147,1 352,1 451,27 621,23 614,349 256 525,876 235 677,176,177,mistral_table,mistral_table,no
93,AUXILIARES DA SAÚDE,210,1 414,886,141 689,408 764,185,204,1 568,1 223,12 008 337,45 226 875,176,177,mistral_table,mistral_table,no
94,"COMPRA, VENDA, ADMINISTRAÇÃO BENS IMÓVEIS",624,3 940,1 981,558 123,3 137 711,449,462,2 962,1 866,27 036 227,117 689 423,176,177,mistral_table,mistral_table,no
95,COMPRA E VENDA DE BENS IMÓVEIS,408,2 189,980,330 375,2 226 816,156,162,701,395,8 142 486,39 862 336,176,177,mistral_table,mistral_table,no
96,"ADMINISTRAÇÃO, LOCAÇÃO, ETC",216,1 751,1 021,227 748,910 895,293,300,2 261,1 471,18 893 741,77 827 087,176,177,mistral_table,mistral_table,no
97,BELO HORIZONTE,10 402,81 688,57 300,10 648 617,38 303 181,9 700,10 315,88 439,66 394,987 535 119,3 510 698 485,176,177,mistral_table,mistral_table,no
98,ALOJAMENTO E ALIMENTAÇÃO,4 613,19 072,11 153,1 293 901,7 361 913,4 137,4 252,20 406,13 334,114 446 303,582 475 580,176,177,mistral_table,mistral_table,no
99,ALOJAMENTO,229,3 260,2 393,287 390,1 237 614,201,222,4 024,3 399,29 876 030,113 469 593,176,177,mistral_table,mistral_table,no
100,ALIMENTAÇÃO,4 384,15 812,8 760,1 006 511,6 304 299,3 936,4 030,16 381,9 935,84 570 273,469 005 997,176,177,mistral_table,mistral_table,no
101,"REPARAÇÃO, MANUTENÇÃO E INSTALAÇÃO",1 776,7 806,4 701,845 375,2 561 271,1 817,1 885,7 787,4 610,63 840 600,230 663 422,176,177,mistral_table,mistral_table,no
102,"REPARAÇÃO, MANUTENÇÃO E INSTALAÇÃO",1 776,7 806,4 701,845 375,2 561 271,1 817,1 885,7 787,4 610,63 840 600,230 663 422,176,177,mistral_table,mistral_table,no
103,"PESSOAIS, DE HIGIENE E ESTÉTICA PESSOAL",778,3 499,2 184,276 497,796 216,641,706,1 027,2 144,21 524 578,58 970 170,176,177,mistral_table,mistral_table,no
104,PESSOAIS,232,1 468,926,125 931,465 726,148,203,1 236,812,9 277 248,29 569 953,176,177,mistral_table,mistral_table,no
105,HIGIENE E DE ESTÉTICA PESSOAL,546,2 031,1 258,150 566,330 490,493,503,2 091,1 332,12 247 330,29 400 217,176,177,mistral_table,mistral_table,no
106,"RADIOIDIFUSÃO, TELEVISÃO E DIVERSÕES",127,2 021,1 471,427 120,2 080 052,78,127,2 137,1 881,36 383 472,207 629 932,176,177,mistral_table,mistral_table,no
107,RADIOIDIFUSÃO E TELEVISÃO,20,1 005,618,239 020,1 474 082,11,15,1 246,1 036,30 951 969,177 227 675,176,177,mistral_table,mistral_table,no
108,DIVERSÕES,107,1 016,853,188 100,605 970,67,112,891,645,5 431 503,30 402 357,176,177,mistral_table,mistral_table,no
109,AUXILIARES DIVERSOS,2 541,45 779,35 972,7 308 926,22 517 415,2 620,2 929,52 242,42 988,729 268 921,2 328 776 954,176,177,mistral_table,mistral_table,no
110,AUX. DA AGROPECUARIA E REFLORESTAMENTO,47,4 505,2 706,1 325 013,2 162 948,17,23,3 717,2 536,107 401 170,170 254 130,176,177,mistral_table,mistral_table,no
111,"AUX. COMÉRCIO, LOCAÇÃO DE BENS E SERVIÇOS",712,4 562,2 843,788 763,5 171 461,736,842,6 153,4 384,84 713 469,682 484 807,176,177,mistral_table,mistral_table,no
112,"AUX. FINANC., SEGUROS E CAPITALIZAÇÃO",91,818,463,143 860,968 039,49,67,928,766,11 631 073,70 842 283,176,177,mistral_table,mistral_table,no
113,AUXILIARES DOS TRANSPORTES,218,1 977,1 140,299 130,1 408 153,165,218,1 963,1 334,25 348 535,104 689 616,176,177,mistral_table,mistral_table,no
114,"AUX. CONSTRUÇÃO, OBRAS, GEODÉSIA, ETC",195,6 004,4 601,1 798 704,4 482 811,222,248,7 378,6 077,131 586 328,452 435 515,176,177,mistral_table,mistral_table,no
115,"AUX. DE LIMPEZA, HIGIENIZAÇÃO, ETC",117,7 821,7 523,480 883,1 188 962,110,115,7 749,7 425,35 074 952,76 893 719,176,177,mistral_table,mistral_table,no
116,AUX. PRESTADOS A EMPRESAS E PESSOAS,978,18 691,15 860,2 322 326,6 753 853,1 157,1 241,22 870,19 262,312 212 995,816 619 767,176,177,mistral_table,mistral_table,no
117,AUXILIARES DA SAÚDE,183,1 311,836,150 247,381 468,161,175,1 464,1 164,11 290 399,42 587 117,176,177,mistral_table,mistral_table,no
118,"COMPRA, VENDA, ADMINISTRAÇÃO BENS IMÓVEIS",567,3 511,1 619,496 798,2 886 314,407,416,2 541,1 657,22 061 245,102 182 447,176,177,mistral_table,mistral_table,no
119,COMPRA E VENDA DE BENS IMÓVEIS,380,2 074,923,319 010,2 171 939,141,145,950,375,7 709 985,37 480 546,176,177,mistral_table,mistral_table,no
120,"ADMINISTRAÇÃO, LOCAÇÃO, ETC",187,1 437,896,177 788,814 375,266,271,1 891,1 282,14 371 260,64 701 901,176,177,mistral_table,mistral_table,no
121,CARATINGA,353,993,410,58 660,263 730,346,357,962,479,5 635 833,20 337 038,176,177,mistral_table,mistral_table,no
122,ALIMENTAÇÃO,176,363,74,13 677,102 357,167,170,374,132,1 449 246,9 928 686,176,177,mistral_table,mistral_table,no
123,"REPARAÇÃO, MANUTENÇÃO E INSTALAÇÃO",105,342,176,17 035,64 890,99,102,320,174,1 635 697,4 606 484,176,177,mistral_table,mistral_table,no
124,AUX. PRESTADOS A EMPRESAS E PESSOAS,26,93,54,12 394,28 372,35,35,124,69,1 349 767,2 691 290,176,177,mistral_table,mistral_table,no
125,DEMAIS GÉNEROS,46,195,106,15 554,68 111,45,50,174,104,1 200 923,3 110 598,176,177,mistral_table,mistral_table,no
126,CONTAGEM,997,4 372,2 471,431 391,2 009 694,1 228,1 281,7 312,5 114,49 058 105,245 493 157,176,177,mistral_table,mistral_table,no
127,ALIMENTAÇÃO,698,1 542,514,91 003,624 557,737,756,1 809,710,8 838 075,49 271 073,176,177,mistral_table,mistral_table,no
128,"REPARAÇÃO, MANUTENÇÃO E INSTALAÇÃO",143,1 001,671,119 364,384 576,238,247,1 140,763,8 750 472,41 264 667,176,177,mistral_table,mistral_table,no
129,"AUX. COMÉRCIO, LOCAÇÃO DE BENS E SERVIÇOS",13,224,166,33 429,212 844,43,45,628,512,5 913 355,62 208 283,176,177,mistral_table,mistral_table,no
130,DEMAIS GÉNEROS,143,1 605,1 100,187 595,787 717,210,233,3 695,3 129,24 556 203,92 749 134,176,177,mistral_table,mistral_table,no
131,DIVINÓPOLIS,726,2 280,1 137,159 647,701 140,729,749,2 525,1 374,12 771 664,60 538 699,176,177,mistral_table,mistral_table,no
132,ALIMENTAÇÃO,380,760,225,34 216,272 443,347,348,812,278,2 879 502,21 478 401,176,177,mistral_table,mistral_table,no
133,"REPARAÇÃO, MANUTENÇÃO E INSTALAÇÃO",124,543,350,45 297,111 148,146,152,616,397,3 805 758,12 207 839,176,177,mistral_table,mistral_table,no
134,AUX. PRESTADOS A EMPRESAS E PESSOAS,68,334,213,24 794,52 552,87,90,436,295,2 482 207,8 611 046,176,177,mistral_table,mistral_table,no
135,DEMAIS GÉNEROS,154,653,349,55 372,264 997,149,159,661,404,3 604 197,18 241 413,176,177,mistral_table,mistral_table,no
136,GOVERNADOR VALADARES,803,3 644,2 083,279 423,1 070 464,1 050,1 082,4 126,2 528,23 246 706,102 120 923,176,177,mistral_table,mistral_table,no
137,ALIMENTAÇÃO,437,1 012,317,48 722,318 003,501,508,1 255,484,5 079 908,29 751 914,176,177,mistral_table,mistral_table,no
138,"REPARAÇÃO, MANUTENÇÃO E INSTALAÇÃO",175,663,382,55 190,167 754,267,273,985,637,5 375 780,22 085 218,176,177,mistral_table,mistral_table,no
139,AUX. PRESTADOS A EMPRESAS E PESSOAS,82,865,703,75 013,208 246,96,100,447,295,3 223 642,11 303 018,176,177,mistral_table,mistral_table,no
140,DEMAIS GÉNEROS,209,1 084,681,100 498,378 491,186,201,1 442,1 102,9 567 376,38 980 773,176,177,mistral_table,mistral_table,no
141,IPATINGA,572,4 529,3 597,582 982,1 798 552,608,635,4 802,3 717,40 783 856,104 743 690,176,177,mistral_table,mistral_table,no
142,ALIMENTAÇÃO,328,751,296,43 972,406 445,302,304,729,313,2 688 341,18 446 769,176,177,mistral_table,mistral_table,no
143,"AUX. COMÉRCIO, LOCAÇÃO DE BENS E SERVIÇOS",4,189,162,31 430,156 837,6,10,195,183,2 006 469,8 022 356,176,177,mistral_table,mistral_table,no
144,AUX. PRESTADOS A EMPRESAS E PESSOAS,37,1 808,1 695,361 883,789 627,68,71,2 462,2 349,28 255 710,53 768 805,178,179,mistral_table,mistral_table,no
145,DEMAIS GÉNEROS,203,1 781,1 474,145 697,445 643,232,250,1 216,876,7 833 336,24 505 790,178,179,mistral_table,mistral_table,no
146,JUIZ DE FORA,1 751,10 848,7 846,994 210,3 005 183,1 889,1 979,11 474,8 164,75 634 183,294 790 869,178,179,mistral_table,mistral_table,no
147,ALIMENTAÇÃO,871,2 252,1 199,134 956,882 533,815,821,2 715,1 421,14 026 863,95 405 738,178,179,mistral_table,mistral_table,no
148,RADIODIFUSÃO E TELEVISÃO,7,237,208,39 754,181 278,4,4,232,223,5 604 601,29 483 766,178,179,mistral_table,mistral_table,no
149,AUX. PRESTADOS A EMPRESAS E PESSOAS,219,3 525,3 139,366 421,704 127,194,229,2 389,1 962,18 924 265,48 076 029,178,179,mistral_table,mistral_table,no
150,DEMAIS GÉNEROS,854,4 834,3 300,453 079,1 237 245,876,925,6 138,4 558,37 078 454,121 825 336,178,179,mistral_table,mistral_table,no
151,MONTES CLAROS,1 034,3 613,1 966,282 067,1 053 884,1 081,1 114,3 749,2 095,21 340 018,100 151 173,178,179,mistral_table,mistral_table,no
152,ALIMENTAÇÃO,583,1 091,307,51 383,328 101,604,610,1 217,332,3 670 486,32 569 389,178,179,mistral_table,mistral_table,no
153,"REPARAÇÃO, MANUTENÇÃO E INSTALAÇÃO",177,756,470,56 867,140 820,213,221,808,484,4 634 682,18 146 985,178,179,mistral_table,mistral_table,no
154,AUX. DA AGROPECUARIA E REFLORESTAMENTO,12,324,287,46 987,164 058,4,6,231,219,3 251 177,18 046 254,178,179,mistral_table,mistral_table,no
155,DEMAIS GÉNEROS,262,1 442,902,126 830,420 905,260,277,1 493,1 060,9 783 673,31 388 565,178,179,mistral_table,mistral_table,no
156,POÇOS DE CALDAS,591,2 769,1 702,332 781,914 803,543,565,2 504,1 646,16 737 386,63 655 709,178,179,mistral_table,mistral_table,no
157,ALOJAMENTO,65,797,551,59 295,209 732,56,59,655,544,3 268 953,11 996 638,178,179,mistral_table,mistral_table,no
158,ALIMENTAÇÃO,265,672,300,39 136,269 386,264,274,727,346,3 704 860,23 522 757,178,179,mistral_table,mistral_table,no
159,"REPARAÇÃO, MANUTENÇÃO E INSTALAÇÃO",100,363,187,30 037,83 076,89,92,311,177,2 126 944,7 200 425,178,179,mistral_table,mistral_table,no
160,DEMAIS GÉNEROS,161,937,664,104 313,352 609,134,140,811,579,7 636 629,20 935 889,178,179,mistral_table,mistral_table,no
161,SETE LAGOAS,707,2 521,1 283,163 822,756 277,704,720,2 031,965,9 770 912,47 048 557,178,179,mistral_table,mistral_table,no
162,ALIMENTAÇÃO,364,846,287,35 534,245 794,400,404,873,268,2 868 055,22 342 867,178,179,mistral_table,mistral_table,no
163,"REPARAÇÃO, MANUTENÇÃO E INSTALAÇÃO",157,540,278,38 151,133 577,155,158,372,163,1 829 982,7 473 908,178,179,mistral_table,mistral_table,no
164,AUXILIARES DOS TRANSPORTES,6,30,20,2 684,6 784,5,6,79,66,578 661,3 543 062,178,179,mistral_table,mistral_table,no
165,DEMAIS GÉNEROS,180,1 105,698,87 453,368 122,144,152,707,468,4 494 214,13 688 720,178,179,mistral_table,mistral_table,no
166,TEOFILO OTONI,417,1 526,868,98 432,384 842,585,603,2 058,1 227,9 470 077,38 820 422,178,179,mistral_table,mistral_table,no
167,ALIMENTAÇÃO,207,584,244,24 889,175 761,242,248,788,433,2 638 635,16 042 060,178,179,mistral_table,mistral_table,no
168,"REPARAÇÃO, MANUTENÇÃO E INSTALAÇÃO",76,385,287,28 381,65 441,153,159,585,374,2 886 628,11 220 106,178,179,mistral_table,mistral_table,no
169,AUX. PRESTADOS A EMPRESAS E PESSOAS,45,177,119,15 000,31 433,65,66,218,133,1 517 010,4 264 048,178,179,mistral_table,mistral_table,no
170,DEMAIS GÉNEROS,89,380,218,30 162,112 207,125,130,467,287,2 427 804,7 294 208,178,179,mistral_table,mistral_table,no
171,UBERABA,1 455,4 361,2 050,101 614,1 530 490,1 526,1 572,5 755,3 668,34 413 053,138 580 967,178,179,mistral_table,mistral_table,no
172,ALIMENTAÇÃO,538,1 263,411,69 242,484 814,556,560,1 313,540,4 889 233,29 869 793,178,179,mistral_table,mistral_table,no
173,"REPARAÇÃO, MANUTENÇÃO E INSTALAÇÃO",416,(F),(F),(X),(F),478,490,1 384,789,6 674 953,23 758 785,178,179,mistral_table,mistral_table,no
174,AUX. DA AGROPECUARIA E REFLORESTAMENTO,2,(C),(B),(X),(C),8,10,383,368,4 051 792,19 804 319,178,179,mistral_table,mistral_table,no
175,DEMAIS GÉNEROS,499,2 037,1 163,202 803,796 846,484,512,2 675,1 971,18 797 075,65 148 070,178,179,mistral_table,mistral_table,no
176,UBERLANDIA,1 286,5 440,3 293,553 557,2 445 029,1 079,1 155,6 141,4 238,51 634 003,217 119 027,178,179,mistral_table,mistral_table,no
177,ALIMENTAÇÃO,386,1 051,498,60 115,373 780,323,330,1 045,574,4 565 281,29 223 538,178,179,mistral_table,mistral_table,no
178,RADIODIFUSÃO E TELEVISÃO,10,282,217,44 289,164 349,7,9,357,279,5 210 682,35 919 393,178,179,mistral_table,mistral_table,no
179,AUX. PRESTADOS A EMPRESAS E PESSOAS,135,562,364,55 285,120 488,155,168,1 098,792,10 445 968,35 301 925,178,179,mistral_table,mistral_table,no
180,DEMAIS GÉNEROS,755,3 545,2 214,393 868,1 786 412,594,648,3 641,2 593,31 412 072,116 674 171,178,179,mistral_table,mistral_table,no
181,ABADIA DOS DOURADOS,15,39,13,2 980,14 057,12,12,28,7,80 666,832 180,178,179,mistral_table,mistral_table,no
182,ABAETE,101,195,39,8 902,36 618,80,81,129,17,461 456,3 382 608,178,179,mistral_table,mistral_table,no
183,ABRE CAMPO,22,47,17,2 438,9 336,37,38,80,29,370 743,1 292 731,178,179,mistral_table,mistral_table,no
184,ACAIACA,8,14,-,423,2 624,6,6,6,-,27 135,283 370,178,179,mistral_table,mistral_table,no
185,AÇUCENA,29,52,4,2 000,14 414,92,92,204,94,856 845,5 166 270,178,179,mistral_table,mistral_table,no
186,AGUA BOA,11,237,220,10 388,20 355,39,39,205,160,1 038 355,31 862 760,178,179,mistral_table,mistral_table,no
187,AGUA COMPRIDA,2,(B),(A),(X),(C),4,4,10,3,103 770,282 538,178,179,mistral_table,mistral_table,no
188,AGUANIL,3,6,3,288,3 746,3,3,5,-,12 192,148 551,178,179,mistral_table,mistral_table,no
189,AGUAS FORMOSAS,63,118,32,6 868,28 593,52,52,93,26,337 857,2 887 575,178,179,mistral_table,mistral_table,no
190,AGUAS VERMELMAS,17,28,5,1 002,5 145,31,31,68,29,227 719,1 402 135,178,179,mistral_table,mistral_table,no
191,AIMORES,87,193,86,12 568,46 133,82,84,215,99,1 193 486,5 399 107,178,179,mistral_table,mistral_table,no
192,AIURUOCA,15,35,1,818,6 280,26,26,57,16,192 409,923 091,178,179,mistral_table,mistral_table,no
193,ALAGOA,10,9,-,304,1 915,5,6,12,-,23 165,173 692,178,179,mistral_table,mistral_table,no
194,ALBERTINA,2,(A),(A),(X),(A),7,7,15,1,27 969,201 097,178,179,mistral_table,mistral_table,no
195,ALEM PARAIBA,164,443,168,27 831,146 774,158,159,357,146,1 732 573,9 243 408,178,179,mistral_table,mistral_table,no
196,ALFENAS,240,661,281,49 775,214 884,248,257,690,336,4 321 330,16 542 156,178,179,mistral_table,mistral_table,no
197,ALMENARA,95,284,128,10 300,58 071,114,116,319,157,2 274 160,9 085 669,178,179,mistral_table,mistral_table,no
198,ALPERCATA,8,10,-,432,2 731,18,18,41,17,148 647,970 419,178,179,mistral_table,mistral_table,no
199,ALPINOPOLIS,41,80,25,10 347,51 008,44,44,61,15,273 974,2 444 343,178,179,mistral_table,mistral_table,no
200,ALTEROSA,34,71,8,2 098,10 846,32,32,70,15,292 490,1 574 024,178,179,mistral_table,mistral_table,no
201,ALTO RIO DOCE,23,34,3,1 410,6 723,25,25,51,7,138 720,716 597,178,179,mistral_table,mistral_table,no
202,ALVARENGA,1,(A),(A),(X),(A),1,1,(A),(A),(X),(A),178,179,mistral_table,mistral_table,no
203,ALVINOPOLIS,34,70,5,2 213,12 826,32,32,46,10,247 652,1 163 714,178,179,mistral_table,mistral_table,no
204,ALVORADA DE MINAS,-,-,-,-,-,1,1,(A),(A),(X),(A),178,179,mistral_table,mistral_table,no
205,AMPARO DO SERRA,6,5,-,212,1 550,8,8,16,3,31 855,190 583,178,179,mistral_table,mistral_table,no
206,ANDRADAS,156,433,174,23 666,102 856,152,152,291,72,1 128 527,6 457 678,180,181,mistral_table,mistral_table,no
207,ANDRÉ FERNANDES,7,18,7,549,4 193,11,11,18,5,61 361,584 918,180,181,mistral_table,mistral_table,no
208,ANDRELANDIA,79,153,52,6 687,41 018,61,63,122,24,413 115,2 285 918,180,181,mistral_table,mistral_table,no
209,ANTONIO CARLOS,17,36,3,1 566,17 623,16,17,38,8,108 159,980 434,180,181,mistral_table,mistral_table,no
210,ANTONIO DIAS,14,33,10,1 100,10 466,16,16,25,5,68 854,263 161,180,181,mistral_table,mistral_table,no
211,ANTONIO PRADO DE MINAS,2,(A),(A),(X),(A),1,1,(A),(A),(X),(A),180,181,mistral_table,mistral_table,no
212,ARACAI,8,9,-,369,1 908,5,5,5,-,19 320,104 767,180,181,mistral_table,mistral_table,no
213,ARACITABA,6,10,-,263,2 904,5,5,7,2,22 976,238 540,180,181,mistral_table,mistral_table,no
214,ARACUAI,74,236,110,11 573,42 066,56,56,150,44,407 716,1 771 506,180,181,mistral_table,mistral_table,no
215,ARACUARI,276,969,540,74 204,316 101,263,275,803,371,4 401 271,18 169 375,180,181,mistral_table,mistral_table,no
216,ARANTINA,17,27,-,737,6 277,20,20,46,1,76 459,490 551,180,181,mistral_table,mistral_table,no
217,ARAPONGA,3,4,1,157,629,8,8,18,7,31 196,134 880,180,181,mistral_table,mistral_table,no
218,ARAPUA,4,9,3,397,3 211,3,3,7,-,13 865,99 544,180,181,mistral_table,mistral_table,no
219,ARAUJOS,23,53,12,1 679,6 502,13,14,31,5,91 017,654 838,180,181,mistral_table,mistral_table,no
220,ARAAA,378,1 801,1 043,159 273,623 157,383,391,1 904,1 348,13 991 727,48 908 723,180,181,mistral_table,mistral_table,no
221,ARCEBURGO,18,35,10,1 756,9 076,24,24,65,17,239 974,596 267,180,181,mistral_table,mistral_table,no
222,ARCOS,93,219,59,11 808,59 505,93,95,265,119,1 131 833,10 055 641,180,181,mistral_table,mistral_table,no
223,AREADO,35,80,23,3 432,21 944,43,43,76,15,270 557,2 235 891,180,181,mistral_table,mistral_table,no
224,ARGIRITA,11,19,5,824,4 838,16,16,30,11,124 529,530 474,180,181,mistral_table,mistral_table,no
225,ARINOS,20,38,11,1 370,10 194,21,21,61,11,127 308,937 936,180,181,mistral_table,mistral_table,no
226,ASTOLFO DUTRA,35,70,18,3 021,19 378,40,40,63,18,465 897,1 637 349,180,181,mistral_table,mistral_table,no
227,ATALEIA,17,27,7,1 120,6 690,30,30,68,21,236 748,1 527 417,180,181,mistral_table,mistral_table,no
228,AUGUSTO DE LIMA,6,14,6,591,2 816,14,14,19,5,57 767,616 091,180,181,mistral_table,mistral_table,no
229,BAEPENDI,68,147,57,8 139,36 224,69,71,153,60,777 338,3 159 026,180,181,mistral_table,mistral_table,no
230,BALDIM,26,52,7,2 037,12 882,56,56,92,32,240 094,1 074 272,180,181,mistral_table,mistral_table,no
231,BAMBUI,94,248,105,10 724,51 061,97,97,214,85,775 425,3 740 037,180,181,mistral_table,mistral_table,no
232,BANDEIRA,3,8,3,206,941,3,3,12,3,17 200,82 500,180,181,mistral_table,mistral_table,no
233,BANDEIRA DO SUL,11,19,3,780,4 385,10,10,18,5,83 964,489 003,180,181,mistral_table,mistral_table,no
234,BARÃO DE COCAIS,76,155,37,9 346,45 313,133,135,475,297,2 064 172,8 519 969,180,181,mistral_table,mistral_table,no
235,BARÃO DE MONTE ALTO,8,11,1,480,2 201,15,15,27,9,77 046,357 261,180,181,mistral_table,mistral_table,no
236,BARBACENA,500,1 635,829,108 380,407 001,508,520,1 422,726,6 952 019,28 673 888,180,181,mistral_table,mistral_table,no
237,BARRA LONGA,4,6,-,173,1 063,8,8,8,-,22 633,177 946,180,181,mistral_table,mistral_table,no
238,BARROSO,83,155,23,7 382,43 562,78,80,149,47,480 497,3 914 535,180,181,mistral_table,mistral_table,no
239,BELA VISTA DE MINAS,35,72,25,2 871,21 032,29,29,50,11,193 281,1 074 234,180,181,mistral_table,mistral_table,no
240,BELMIRRO BRAGA,9,11,2,466,2 176,2,2,(A),(A),(X),(A),180,181,mistral_table,mistral_table,no
241,BELO ORIENTE,12,56,46,7 965,43 710,28,29,96,55,801 428,4 771 809,180,181,mistral_table,mistral_table,no
242,BELO VALE,17,24,-,1 623,8 388,16,16,22,3,70 401,658 173,180,181,mistral_table,mistral_table,no
243,BERILO,4,5,-,192,1 020,33,33,71,28,72 043,418 012,180,181,mistral_table,mistral_table,no
244,BERTOPULIS,4,6,-,218,838,5,5,12,5,60 000,254 104,180,181,mistral_table,mistral_table,no
245,BETIM,372,1 579,914,229 602,870 628,419,426,1 675,1 040,10 829 100,51 959 777,180,181,mistral_table,mistral_table,no
246,BIAS FORTES,10,12,-,432,2 283,11,11,12,-,41 133,183 749,180,181,mistral_table,mistral_table,no
247,BICAS,67,133,33,8 171,35 103,68,68,153,59,683 382,3 595 264,180,181,mistral_table,mistral_table,no
248,BIQUINHAS,12,21,-,635,2 728,10,10,20,1,44 955,452 336,180,181,mistral_table,mistral_table,no
249,BOA ESPERANÇA,148,299,89,18 012,76 966,142,145,368,163,2 961 466,14 379 500,180,181,mistral_table,mistral_table,no
250,BOCAINA DE MINAS,24,64,16,2 793,10 259,31,31,89,37,678 583,2 158 141,180,181,mistral_table,mistral_table,no
251,BOCAIUVA,124,1 080,863,57 109,184 526,109,111,300,160,1 734 901,8 013 516,180,181,mistral_table,mistral_table,no
252,BOM DESPACHO,144,301,132,15 281,89 738,137,141,1 208,961,6 337 642,17 750 083,180,181,mistral_table,mistral_table,no
253,BOM JARDIM DE MINAS,45,71,9,2 900,25 531,41,43,79,9,185 336,1 273 651,182,183,mistral_table,mistral_table,no
254,BOM JESUS DA PENHA,9,16,2,442,2 159,10,10,19,3,51 452,586 722,182,183,mistral_table,mistral_table,no
255,BOM JESUS DO AMPARO,11,57,29,2 992,30 367,11,11,45,24,199 790,1 200 560,182,183,mistral_table,mistral_table,no
256,BOM JESUS DO GALHO,11,22,3,621,5 575,15,15,37,9,125 944,403 905,182,183,mistral_table,mistral_table,no
257,BOM REPOUSO,11,19,7,530,4 687,17,17,19,-,64 340,518 173,182,183,mistral_table,mistral_table,no
258,BOM SUCESSO,67,141,46,6 807,33 051,66,66,123,22,463 995,2 916 320,182,183,mistral_table,mistral_table,no
259,BONFIM,14,28,-,928,6 540,15,15,24,1,83 822,516 704,182,183,mistral_table,mistral_table,no
260,BONFINOPOLIS DE MINAS,30,75,24,4 099,15 443,24,26,78,23,338 376,1 781 102,182,183,mistral_table,mistral_table,no
261,BORDA DA MATA,50,184,77,9 495,38 644,42,42,72,20,432 846,2 232 546,182,183,mistral_table,mistral_table,no
262,BOTELHOS,58,145,32,5 602,37 574,48,48,115,36,263 238,1 457 035,182,183,mistral_table,mistral_table,no
263,BOTUMIRIM,6,5,-,313,2 363,10,10,12,1,39 930,196 188,182,183,mistral_table,mistral_table,no
264,BRASÍLIA DE MINAS,64,142,44,6 238,36 996,64,64,148,56,435 415,3 664 923,182,183,mistral_table,mistral_table,no
265,BRAS PIRES,2,(A),(A),(X),(A),5,5,5,-,18 224,110 744,182,183,mistral_table,mistral_table,no
266,BRAUNAS,7,36,26,1 617,4 502,11,11,21,11,81 144,135 812,182,183,mistral_table,mistral_table,no
267,BRAZOPOLIS,57,119,15,4 672,28 050,75,75,102,13,347 205,5 512 627,182,183,mistral_table,mistral_table,no
268,BRUMADINHO,61,167,51,9 633,62 048,80,82,884,732,3 287 798,35 121 150,182,183,mistral_table,mistral_table,no
269,BUENO BRANDÃO,32,80,25,3 751,16 571,35,35,81,40,647 764,1 992 059,182,183,mistral_table,mistral_table,no
270,BUENOPOLIS,30,49,6,1 701,9 244,22,22,35,3,135 900,1 252 493,182,183,mistral_table,mistral_table,no
271,BURITIS,21,48,14,2 028,12 059,50,51,127,61,698 078,3 097 531,182,183,mistral_table,mistral_table,no
272,BURITIZEIRO,38,140,70,9 021,60 915,60,60,143,28,400 572,2 995 390,182,183,mistral_table,mistral_table,no
273,CABO VERDE,25,43,9,1 812,15 162,21,22,39,10,203 413,1 480 693,182,183,mistral_table,mistral_table,no
274,CACHOEIRA DA PRATA,10,22,10,962,8 648,12,13,80,63,1 093 118,6 619 531,182,183,mistral_table,mistral_table,no
275,CACHOEIRA DE MINAS,15,30,4,1 035,7 244,18,18,34,1,61 157,911 174,182,183,mistral_table,mistral_table,no
276,CACHOEIRA DOURADA,2,(A),(A),(X),(A),-,-,-,-,-,-,182,183,mistral_table,mistral_table,no
277,CAETANOPOLIS,28,69,30,2 780,19 285,27,28,65,31,283 997,1 374 458,182,183,mistral_table,mistral_table,no
278,CAETE,141,348,139,20 681,135 093,128,133,392,198,2 548 330,14 933 063,182,183,mistral_table,mistral_table,no
279,CAIANA,6,12,6,474,2 911,6,6,14,3,25 092,207 621,182,183,mistral_table,mistral_table,no
280,CAJURI,3,4,-,160,621,5,5,9,4,7 814,71 700,182,183,mistral_table,mistral_table,no
281,CALDAS,46,232,156,27 618,87 765,38,39,139,79,615 821,3 866 584,182,183,mistral_table,mistral_table,no
282,CAMACHO,3,5,-,113,332,-,-,-,-,-,-,182,183,mistral_table,mistral_table,no
283,CAMANDUCAIA,68,255,136,18 071,89 517,84,86,362,205,1 543 264,10 717 082,182,183,mistral_table,mistral_table,no
284,CAMBUI,70,205,83,13 150,58 949,109,110,284,108,1 145 486,5 578 270,182,183,mistral_table,mistral_table,no
285,CAMBUQUIRA,61,282,180,18 941,55 196,47,49,169,113,817 530,3 154 326,182,183,mistral_table,mistral_table,no
286,CAMPANARIO,7,20,-,544,4 124,19,19,52,30,173 624,546 240,182,183,mistral_table,mistral_table,no
287,CAMPAÑA,59,133,42,8 141,33 569,57,58,145,49,570 253,3 385 252,182,183,mistral_table,mistral_table,no
288,CAMPESTRE,35,70,12,3 437,17 820,40,40,68,16,434 190,1 359 929,182,183,mistral_table,mistral_table,no
289,CAMPINA VERDE,70,141,46,6 629,32 555,78,79,241,123,1 059 826,5 521 355,182,183,mistral_table,mistral_table,no
290,CAMPO BELO,180,431,184,29 971,118 828,200,206,516,239,2 292 074,10 541 212,182,183,mistral_table,mistral_table,no
291,CAMPO DO MEIO,36,60,16,2 078,22 963,41,41,66,14,358 222,2 337 067,182,183,mistral_table,mistral_table,no
292,CAMPO FLORIDO,13,21,1,1 222,9 124,12,12,23,7,349 933,927 735,182,183,mistral_table,mistral_table,no
293,CAMPOS ALTOS,48,109,33,5 632,21 623,53,53,71,7,269 845,2 191 741,182,183,mistral_table,mistral_table,no
294,CAMPOS GERAIS,53,79,19,3 879,25 812,55,55,96,12,439 577,2 531 345,182,183,mistral_table,mistral_table,no
295,CANAÃ,2,(A),(A),(X),(A),4,4,8,-,15 201,104 338,182,183,mistral_table,mistral_table,no
296,CANAPOLIS,19,40,7,1 928,8 779,25,26,63,26,288 033,1 323 804,182,183,mistral_table,mistral_table,no
297,CANA VERDE,5,8,-,189,1 665,8,8,10,1,38 650,180 437,182,183,mistral_table,mistral_table,no
298,CANDEIAS,32,68,18,2 556,15 681,34,34,75,24,243 901,1 295 552,182,183,mistral_table,mistral_table,no
299,CAPARAO,7,11,-,243,3 042,9,9,21,6,48 988,445 279,182,183,mistral_table,mistral_table,no
300,CAPELA NOVA,7,9,-,296,2 406,5,5,5,-,19 320,121 147,184,185,mistral_table,mistral_table,no
301,CAPELINHA,53,178,80,6 717,39 724,47,48,119,59,553 136,2 839 406,184,185,mistral_table,mistral_table,no
302,CAPETINGA,18,41,1,1 182,8 772,24,24,45,2,105 219,1 321 220,184,185,mistral_table,mistral_table,no
303,CAPIM BRANCO,22,34,-,1 337,8 784,20,20,22,1,81 279,296 451,184,185,mistral_table,mistral_table,no
304,CAPINOPOLIS,52,186,112,23 209,54 621,33,35,99,54,668 324,3 195 162,184,185,mistral_table,mistral_table,no
305,CAPITÃO ENEAS,23,62,13,2 883,17 706,24,24,31,2,85 554,688 040,184,185,mistral_table,mistral_table,no
306,CAPITOLIO,16,23,1,744,7 549,16,16,51,19,116 967,943 331,184,185,mistral_table,mistral_table,no
307,CAPUTIRA,4,10,4,1 244,2 304,23,23,58,29,267 800,779 513,184,185,mistral_table,mistral_table,no
308,CARAI,7,14,4,665,2 616,6,6,16,2,30 454,229 090,184,185,mistral_table,mistral_table,no
309,CARANAIBA,3,5,-,129,891,4,4,4,-,16 652,378 636,184,185,mistral_table,mistral_table,no
310,CARANDAI,80,196,48,9 232,50 206,51,51,100,32,449 971,2 899 551,184,185,mistral_table,mistral_table,no
311,CARANGOLA,163,445,178,27 219,103 099,237,240,802,284,2 453 980,10 304 855,184,185,mistral_table,mistral_table,no
312,CARBONITA,10,22,7,937,4 141,10,10,19,7,103 190,493 792,184,185,mistral_table,mistral_table,no
313,CAREAÇU,24,48,9,2 094,10 482,22,22,35,2,86 625,912 407,184,185,mistral_table,mistral_table,no
314,CARLOS CHAGAS,53,152,71,6 544,22 946,52,53,187,101,885 299,3 620 983,184,185,mistral_table,mistral_table,no
315,CARMESIA,5,6,2,240,958,7,7,10,2,46 368,164 520,184,185,mistral_table,mistral_table,no
316,CARMO DA CACHOEIRA,40,61,4,2 288,14 796,28,30,48,10,203 273,1 248 018,184,185,mistral_table,mistral_table,no
317,CARMO DA MATA,33,66,17,3 236,24 056,54,56,127,59,298 430,1 612 456,184,185,mistral_table,mistral_table,no
318,CARMO DE MINAS,27,46,5,1 701,9 954,45,46,77,30,220 857,1 232 870,184,185,mistral_table,mistral_table,no
319,CARMO DO CAJURU,46,125,54,5 289,33 222,54,56,170,76,623 985,3 174 720,184,185,mistral_table,mistral_table,no
320,CARMO DO PARANAIBA,91,306,151,16 835,76 604,69,72,202,108,1 476 675,7 122 220,184,185,mistral_table,mistral_table,no
321,CARMO DO RIO CLARO,54,158,54,5 079,30 901,62,63,164,59,553 627,2 595 488,184,185,mistral_table,mistral_table,no
322,CARMOPOLIS DE MINAS,30,72,30,3 623,19 501,76,76,179,78,501 625,2 502 641,184,185,mistral_table,mistral_table,no
323,CARRANCAS,7,10,1,249,2 212,8,8,12,1,43 619,212 832,184,185,mistral_table,mistral_table,no
324,CARVALHOPOLIS,8,15,-,214,871,8,9,21,4,60 088,198 300,184,185,mistral_table,mistral_table,no
325,CARVALHOS,9,13,-,508,4 291,16,17,34,8,176 385,632 761,184,185,mistral_table,mistral_table,no
326,CASA GRANDE,1,(A),(A),(X),(A),1,1,(A),(A),(X),(A),184,185,mistral_table,mistral_table,no
327,CASCALHO RICO,5,11,-,708,2 060,4,4,7,1,32 629,146 450,184,185,mistral_table,mistral_table,no
328,CASSIA,97,166,35,9 705,61 648,65,65,103,24,433 682,3 967 411,184,185,mistral_table,mistral_table,no
329,CASSITERITA,8,16,1,392,3 577,7,7,8,-,32 985,213 038,184,185,mistral_table,mistral_table,no
330,CATAGUASES,288,970,562,52 022,200 553,282,286,680,281,3 062 128,15 069 546,184,185,mistral_table,mistral_table,no
331,CATAS ALTAS DA NORUEGA,3,3,-,122,601,-,-,-,-,-,-,184,185,mistral_table,mistral_table,no
332,CAXAMBU,138,821,459,47 587,184 474,132,137,738,518,3 433 043,16 792 905,184,185,mistral_table,mistral_table,no
333,CEDRO DO ABAETE,5,10,-,240,735,3,3,3,-,11 595,112 168,184,185,mistral_table,mistral_table,no
334,CENTRAL DE MINAS,18,46,9,1 257,8 868,14,14,31,4,71 705,605 902,184,185,mistral_table,mistral_table,no
335,CENTRALINA,44,71,11,4 134,25 386,30,32,87,33,342 949,1 606 735,184,185,mistral_table,mistral_table,no
336,CHACARA,8,10,1,378,2 068,4,4,5,-,12 481,268 531,184,185,mistral_table,mistral_table,no
337,CHALE,3,5,1,294,1 650,-,-,-,-,-,-,184,185,mistral_table,mistral_table,no
338,CHAPADA DO NORTE,6,10,-,336,2 988,21,22,47,4,80 540,590 423,184,185,mistral_table,mistral_table,no
339,CHIADOR,6,8,-,264,2 278,3,3,6,-,18 773,94 481,184,185,mistral_table,mistral_table,no
340,CIPOTANEA,1,(A),(A),(X),(A),3,4,12,1,14 198,184 909,184,185,mistral_table,mistral_table,no
341,CLARAVAL,2,(A),(A),(X),(A),-,-,-,-,-,-,184,185,mistral_table,mistral_table,no
342,CLARO DOS POÇÕES,12,18,-,1 015,3 934,6,6,13,-,31 207,717 894,184,185,mistral_table,mistral_table,no
343,CLAUDIO,59,122,30,6 123,28 431,71,72,154,67,748 444,3 406 732,184,185,mistral_table,mistral_table,no
344,COIMBRA,13,19,4,680,3 917,13,13,25,11,90 914,442 690,184,185,mistral_table,mistral_table,no
345,COLUNA,4,9,4,332,3 290,5,5,17,12,68 325,369 580,184,185,mistral_table,mistral_table,no
346,COMENDADOR GOMES,9,21,8,1 389,6 405,4,4,10,2,22 061,444 485,184,185,mistral_table,mistral_table,no
347,COMERCINHO,7,17,4,1 006,2 594,9,9,17,2,103 500,234 600,186,187,mistral_table,mistral_table,no
348,CONCEIÇÃO DA APARECIDA,17,24,4,1 037,8 132,21,21,45,9,114 172,1 251 111,186,187,mistral_table,mistral_table,no
349,CONCEIÇÃO DAS PEDRAS,3,10,1,182,730,1,L,(A),(A),(X),(A),186,187,mistral_table,mistral_table,no
350,CONCEIÇÃO DAS ALAGOAS,51,113,37,5 061,27 469,50,53,128,48,829 189,4 624 708,186,187,mistral_table,mistral_table,no
351,CONCEIÇÃO DE IPANEMA,8,15,-,402,4 412,11,11,11,-,36 602,409 340,186,187,mistral_table,mistral_table,no
352,CONCEIÇÃO DO MATO DENTRO,33,70,29,2 641,10 583,27,28,72,32,334 687,1 479 334,186,187,mistral_table,mistral_table,no
353,CONCEIÇÃO DO PARA,7,12,1,462,4 755,8,8,9,-,29 923,585 842,186,187,mistral_table,mistral_table,no
354,CONCEIÇÃO DO RIO VERDE,47,85,14,3 232,16 811,45,45,73,10,260 680,2 582 364,186,187,mistral_table,mistral_table,no
355,CONCEIÇÃO DOS OUROS,28,70,8,1 632,12 870,18,20,31,6,76 739,808 813,186,187,mistral_table,mistral_table,no
356,CONGONHAL,23,39,-,1 209,10 900,17,17,29,7,76 019,452 088,186,187,mistral_table,mistral_table,no
357,CONGONHAS,216,590,214,41 620,198 191,158,165,431,204,1 540 532,11 279 144,186,187,mistral_table,mistral_table,no
358,CONGONHAS DO NORTE,4,4,-,144,510,5,5,8,1,17 461,74 103,186,187,mistral_table,mistral_table,no
359,CONQUISTA,26,65,17,4 544,20 438,33,33,424,347,4 527 734,7 917 637,186,187,mistral_table,mistral_table,no
360,CONSELHEIRO LAFAIETE,433,1 281,622,96 955,365 792,438,451,1 239,574,6 020 459,23 044 256,186,187,mistral_table,mistral_table,no
361,CONSELHEIRO PENA,52,131,42,7 049,29 724,99,99,301,127,968 698,7 602 871,186,187,mistral_table,mistral_table,no
362,CONSOLAÇÃO,1,(A),(A),(X),(A),5,5,8,-,18 193,80 957,186,187,mistral_table,mistral_table,no
363,COQUEIRAL,25,37,6,1 761,10 420,27,28,63,20,602 859,1 959 315,186,187,mistral_table,mistral_table,no
364,CORAÇÃO DE JESUS,35,76,26,2 953,14 608,73,73,191,74,332 680,2 814 419,186,187,mistral_table,mistral_table,no
365,CORDISBURGO,30,87,41,4 475,23 363,27,27,72,24,214 930,1 850 703,186,187,mistral_table,mistral_table,no
366,CORDISLANDIA,9,15,-,523,2 791,8,8,10,-,16 280,274 783,186,187,mistral_table,mistral_table,no
367,CORINTO,114,218,69,13 760,68 417,88,91,178,56,729 893,4 626 800,186,187,mistral_table,mistral_table,no
368,COROACI,10,12,-,423,3 085,15,15,30,7,76 069,619 117,186,187,mistral_table,mistral_table,no
369,COROMANDEL,90,223,93,10 889,46 555,101,103,263,122,1 043 536,4 470 124,186,187,mistral_table,mistral_table,no
370,CORONEL FABRICIANO,399,1 124,581,97 154,376 172,363,375,1 185,659,6 152 771,29 032 469,186,187,mistral_table,mistral_table,no
371,CORONEL MURTA,4,13,4,414,1 386,16,16,48,23,71 412,837 515,186,187,mistral_table,mistral_table,no
372,CORONEL PACHECO,11,40,22,1 724,6 753,4,4,5,1,17 392,320 310,186,187,mistral_table,mistral_table,no
373,CORONEL XAVIER CHAVES,5,8,-,281,5 068,10,10,20,2,49 633,283 201,186,187,mistral_table,mistral_table,no
374,CORREGO DANTA,14,40,16,2 008,32 439,8,8,16,-,38 646,407 817,186,187,mistral_table,mistral_table,no
375,CORREGO DO BOM JESUS,5,6,-,222,2 340,7,7,7,-,21 412,176 256,186,187,mistral_table,mistral_table,no
376,CORREGO NOVO,4,8,-,192,1 248,4,4,8,-,16 202,169 320,186,187,mistral_table,mistral_table,no
377,COUTO DE MAGALHÃES DE MINAS,7,9,2,427,1 556,7,7,7,-,30 204,301 513,186,187,mistral_table,mistral_table,no
378,CRISTAIS,16,20,2,1 144,5 606,21,21,35,7,158 443,704 641,186,187,mistral_table,mistral_table,no
379,CRISTALIA,1,(B),(A),(X),(A),11,11,20,5,79 628,251 580,186,187,mistral_table,mistral_table,no
380,CRISTIANO OTONI,12,88,63,4 855,55 932,10,10,112,95,617 568,4 066 438,186,187,mistral_table,mistral_table,no
381,CRISTINA,23,31,3,1 257,10 244,21,21,34,4,101 698,1 148 161,186,187,mistral_table,mistral_table,no
382,CRUCILANDIA,7,11,1,355,7 121,7,7,12,2,38 898,366 452,186,187,mistral_table,mistral_table,no
383,CRUZEIRO DA FORTALEZA,4,8,2,357,1 186,8,8,18,4,37 682,636 927,186,187,mistral_table,mistral_table,no
384,CRUZILIA,50,104,23,4 195,24 733,64,65,155,62,786 109,3 877 239,186,187,mistral_table,mistral_table,no
385,CURVELO,264,1 056,667,102 683,344 687,243,251,757,436,4 366 478,22 207 932,186,187,mistral_table,mistral_table,no
386,DATAS,7,9,-,294,2 637,15,15,16,1,84 706,273 059,186,187,mistral_table,mistral_table,no
387,DEL FIM MOREIRA,20,45,15,2 013,13 103,12,13,23,8,93 387,872 732,186,187,mistral_table,mistral_table,no
388,DELFINOPOLIS,11,32,10,1 364,6 109,18,18,36,9,176 973,1 271 792,186,187,mistral_table,mistral_table,no
389,DESCOBERTO,8,10,-,432,4 176,8,8,10,-,27 852,351 628,186,187,mistral_table,mistral_table,no
390,DESTERRO DE ENTRE RIOS,6,12,-,486,2 172,11,11,16,3,58 016,636 352,186,187,mistral_table,mistral_table,no
391,DESTERRO DO MELO,8,10,1,686,3 556,2,2,(B),(A),(X),(A),186,187,mistral_table,mistral_table,no
392,DIAMANTINA,183,442,176,23 374,110 546,202,206,475,189,1 621 239,10 492 819,186,187,mistral_table,mistral_table,no
393,DIOGO DE VASCONCELOS,9,14,-,382,3 789,3,3,3,-,11 928,49 029,186,187,mistral_table,mistral_table,no
394,DIONISIO,19,32,5,1 108,8 648,18,18,673,644,2 509 744,8 306 179,188,189,mistral_table,mistral_table,no
395,DIVINESIA,3,4,-,155,690,18,18,32,10,236 078,578 706,188,189,mistral_table,mistral_table,no
396,DIVINO,45,105,25,3 318,18 839,70,72,140,60,477 973,2 381 254,188,189,mistral_table,mistral_table,no
397,DIVINO DAS LARANJEIRAS,4,10,4,170,1 332,10,10,28,11,83 658,371 164,188,189,mistral_table,mistral_table,no
398,DIVINOLANDIA DE MINAS,5,9,1,252,1 368,5,5,138,128,341 320,706 138,188,189,mistral_table,mistral_table,no
399,DIVISA NOVA,4,7,2,302,2 439,6,6,9,1,37 838,352 517,188,189,mistral_table,mistral_table,no
400,DOM CAVATI,26,48,18,2 769,14 096,22,22,55,27,232 303,1 520 579,188,189,mistral_table,mistral_table,no
401,DOM JOAQUIM,6,9,-,330,2 385,9,9,15,4,43 723,250 673,188,189,mistral_table,mistral_table,no
402,DOM SILVERIO,21,34,3,1 299,8 044,16,16,27,5,117 644,500 929,188,189,mistral_table,mistral_table,no
403,DOM VIÇOSO,3,3,1,99,683,5,5,6,-,19 320,153 532,188,189,mistral_table,mistral_table,no
404,DONA EUZEBIA,14,24,1,774,5 325,20,20,29,4,95 484,1 053 322,188,189,mistral_table,mistral_table,no
405,DORES DE CAMPOS,21,43,15,2 858,13 862,44,45,107,38,400 582,2 298 497,188,189,mistral_table,mistral_table,no
406,DORES DE QUANHÃES,4,13,1,370,1 560,4,4,7,2,27 078,62 168,188,189,mistral_table,mistral_table,no
407,DORES DO INDAIA,51,98,16,3 691,28 195,72,72,203,86,991 830,3 501 979,188,189,mistral_table,mistral_table,no
408,DORES DO TURVO,7,13,-,600,3 757,13,13,17,-,68 220,437 609,188,189,mistral_table,mistral_table,no
409,DORESPOLIS,2,(A),(A),(X),(A),2,2,(A),(A),(X),(A),188,189,mistral_table,mistral_table,no
410,DOURADOQUARA,-,-,-,-,-,3,3,6,2,19 440,222 305,188,189,mistral_table,mistral_table,no
411,ELOI MENDES,64,105,35,5 044,30 868,76,77,122,35,631 183,3 882 607,188,189,mistral_table,mistral_table,no
412,ENGENHEIRO CALDAS,16,38,9,1 504,7 852,23,23,69,24,175 697,913 454,188,189,mistral_table,mistral_table,no
413,ENGENHEIRO NAVARRO,14,276,249,12 591,18 526,21,21,21,-,69 225,751 293,188,189,mistral_table,mistral_table,no
414,ENTRE RIOS DE MINAS,42,88,27,4 757,41 591,46,47,87,23,377 852,2 006 458,188,189,mistral_table,mistral_table,no
415,ERVALIA,22,49,6,1 870,7 854,34,34,72,36,293 161,997 049,188,189,mistral_table,mistral_table,no
416,ESMERALDAS,45,152,68,8 652,44 227,40,40,132,57,610 649,4 138 674,188,189,mistral_table,mistral_table,no
417,ESPERA FELIZ,35,93,35,4 407,15 128,50,51,109,41,448 407,2 935 159,188,189,mistral_table,mistral_table,no
418,ESPINOSA,89,218,64,9 290,47 924,104,105,226,66,858 262,4 984 580,188,189,mistral_table,mistral_table,no
419,ESPIRITO SANTO DO DOURADO,5,11,-,240,1 645,4,4,7,-,14 000,214 800,188,189,mistral_table,mistral_table,no
420,ESTIVA,15,70,38,2 704,12 991,13,14,60,39,151 076,951 825,188,189,mistral_table,mistral_table,no
421,ESTRELA DALVA,8,9,1,464,3 422,5,5,5,-,19 930,106 739,188,189,mistral_table,mistral_table,no
422,ESTRELA DO INDAIA,8,10,-,359,5 844,10,10,25,6,90 287,347 905,188,189,mistral_table,mistral_table,no
423,ESTRELA DO SUL,11,21,2,1 367,5 983,11,12,19,4,167 594,1 221 621,188,189,mistral_table,mistral_table,no
424,EUGENPOLIS,19,26,-,892,6 212,22,22,43,9,105 275,836 762,188,189,mistral_table,mistral_table,no
425,EWBANK DA CAMARA,7,21,4,582,6 054,10,10,20,8,77 440,724 789,188,189,mistral_table,mistral_table,no
426,EXTREMA,61,208,89,10 627,54 684,54,54,161,84,804 794,4 071 779,188,189,mistral_table,mistral_table,no
427,FAMA,9,15,1,546,3 155,7,7,10,2,29 131,188 258,188,189,mistral_table,mistral_table,no
428,FARIA LEMOS,8,12,1,434,2 644,14,14,36,12,90 541,475 686,188,189,mistral_table,mistral_table,no
429,FELICIO DOS SANTOS,1,(A),(A),(X),(A),4,4,4,-,15 458,99 132,188,189,mistral_table,mistral_table,no
430,FELISBERTO CALDEIRA,8,12,1,420,1 878,6,6,7,-,21 387,183 713,188,189,mistral_table,mistral_table,no
431,FELISBURGO,8,20,9,712,1 719,11,11,22,10,216 746,777 111,188,189,mistral_table,mistral_table,no
432,FELIXLANDIA,31,62,19,2 563,14 108,32,33,77,21,239 555,1 674 943,188,189,mistral_table,mistral_table,no
433,FERNANDES TOURINHO,1,(A),(A),(X),(A),1,1,(A),(A),(X),(A),188,189,mistral_table,mistral_table,no
434,FERROS,14,32,7,1 349,6 826,14,14,20,2,63 179,351 105,188,189,mistral_table,mistral_table,no
435,FLORESTAL,10,26,5,1 602,8 699,10,10,12,2,41 032,577 067,188,189,mistral_table,mistral_table,no
436,FORMIDA,246,769,363,45 354,168 811,260,265,680,300,2 959 540,13 583 827,188,189,mistral_table,mistral_table,no
437,FORMOSO,5,9,4,506,1 769,5,6,20,8,65 958,191 877,188,189,mistral_table,mistral_table,no
438,FORTALEZA DE MINAS,1,(A),(A),(X),(A),8,8,12,2,37 315,254 016,188,189,mistral_table,mistral_table,no
439,FORTUNA DE MINAS,4,6,-,180,926,4,4,5,-,15 460,90 740,188,189,mistral_table,mistral_table,no
440,FRANCISCO BADARO,4,7,-,216,791,4,5,20,7,18 305,42 458,188,189,mistral_table,mistral_table,no
441,FRANCISCO DUMONT,7,17,2,498,6 286,13,13,20,5,93 510,759 287,190,191,mistral_table,mistral_table,no
442,FRANCISCO SA,60,132,31,4 947,26 029,53,53,108,28,274 453,1 762 732,190,191,mistral_table,mistral_table,no
443,FREI GASPAR,-,-,-,-,-,5,5,10,2,62 458,312 000,190,191,mistral_table,mistral_table,no
444,FREI INOCENCIO,17,54,28,1 707,10 363,18,18,77,46,238 981,988 129,190,191,mistral_table,mistral_table,no
445,FRONTEIRA,46,292,229,18 862,55 383,48,50,307,220,1 647 314,5 381 652,190,191,mistral_table,mistral_table,no
446,FRONTEIRA DOS VALES,5,7,-,517,1 756,5,5,8,2,25 589,305 141,190,191,mistral_table,mistral_table,no
447,FRUTAL,181,542,249,32 935,176 814,146,152,431,194,2 184 809,12 912 576,190,191,mistral_table,mistral_table,no
448,FUNILANDIA,9,10,1,454,3 027,7,7,10,-,25 505,115 898,190,191,mistral_table,mistral_table,no
449,GALILEIA,17,31,8,1 272,7 859,14,14,37,19,116 989,880 689,190,191,mistral_table,mistral_table,no
450,GONÇALVES,8,11,-,340,3 110,12,12,17,1,48 910,473 149,190,191,mistral_table,mistral_table,no
451,GOUVEA,47,79,17,3 306,13 148,50,50,88,21,320 879,1 424 262,190,191,mistral_table,mistral_table,no
452,GRÃO MOGOL,21,74,18,1 695,8 398,26,27,50,14,173 227,1 677 410,190,191,mistral_table,mistral_table,no
453,GRUPIARA,1,(A),(A),(A),(A),2,2,(8),(A),(X),(B),190,191,mistral_table,mistral_table,no
454,GUANHÃES,83,315,150,18 224,69 896,80,81,188,73,647 713,3 902 953,190,191,mistral_table,mistral_table,no
455,GUAPE,12,35,9,1 445,8 339,18,18,38,10,135 168,891 366,190,191,mistral_table,mistral_table,no
456,GUARACIABA,12,22,2,895,4 904,11,11,15,-,56 964,512 329,190,191,mistral_table,mistral_table,no
457,GUARANESIA,32,63,14,2 401,20 291,37,39,104,46,428 624,2 119 724,190,191,mistral_table,mistral_table,no
458,GUARANI,14,25,6,1 074,6 101,24,25,55,13,156 477,984 314,190,191,mistral_table,mistral_table,no
459,GUARARA,17,23,1,1 641,6 957,10,10,11,-,35 929,584 280,190,191,mistral_table,mistral_table,no
460,GUARDA-MOR,3,11,6,638,2 200,12,12,36,14,264 064,732 132,190,191,mistral_table,mistral_table,no
461,GUAXUPE,193,691,403,56 989,202 422,192,195,823,504,6 003 768,23 743 225,190,191,mistral_table,mistral_table,no
462,GUIDOVAL,13,28,4,1 141,11 090,18,18,46,11,133 737,1 021 120,190,191,mistral_table,mistral_table,no
463,GUIMARANIA,14,28,8,1 207,5 846,10,10,27,3,238 544,663 203,190,191,mistral_table,mistral_table,no
464,GUIRICEMA,9,16,2,324,2 446,17,17,31,12,92 042,575 221,190,191,mistral_table,mistral_table,no
465,GURINHATÁ,8,8,-,396,3 012,9,10,27,10,172 420,602 313,190,191,mistral_table,mistral_table,no
466,HELIODORA,22,43,1,1 130,6 273,12,12,27,4,89 263,752 211,190,191,mistral_table,mistral_table,no
467,IAPU,8,20,10,1 037,5 821,17,17,42,16,294 851,1 135 913,190,191,mistral_table,mistral_table,no
468,IBERTIOGA,8,13,-,350,2 526,10,10,14,3,59 845,306 433,190,191,mistral_table,mistral_table,no
469,IBIA,80,198,84,11 189,49 112,60,61,117,27,759 484,3 555 528,190,191,mistral_table,mistral_table,no
470,IBIAI,6,9,-,367,972,29,29,49,5,108 476,890 220,190,191,mistral_table,mistral_table,no
471,IBIRACI,27,51,7,2 161,16 613,17,17,19,-,70 756,948 417,190,191,mistral_table,mistral_table,no
472,IBIRITE,124,211,11,12 486,76 052,85,86,202,55,937 396,5 294 307,190,191,mistral_table,mistral_table,no
473,IBITIURA DE MINAS,9,13,1,613,1 925,17,17,26,7,60 996,287 512,190,191,mistral_table,mistral_table,no
474,IBITURUNA,6,8,1,535,2 285,7,7,14,2,30 961,186 759,190,191,mistral_table,mistral_table,no
475,IGARAPE,53,95,18,4 592,31 345,106,106,207,70,580 515,3 705 880,190,191,mistral_table,mistral_table,no
476,IGARATINGA,7,15,6,709,3 347,11,12,28,14,112 339,584 071,190,191,mistral_table,mistral_table,no
477,IGUATAMA,18,49,16,2 138,16 191,21,22,64,37,293 440,3 618 218,190,191,mistral_table,mistral_table,no
478,IJACI,19,18,1,835,3 744,12,12,15,2,48 040,262 433,190,191,mistral_table,mistral_table,no
479,ILICINEA,10,20,6,801,5 621,15,15,27,4,78 510,950 609,190,191,mistral_table,mistral_table,no
480,INCONFIDENTES,9,12,2,612,4 593,18,18,21,2,61 708,446 285,190,191,mistral_table,mistral_table,no
481,INDIANOPOLIS,5,8,1,305,1 860,19,19,43,16,269 680,968 341,190,191,mistral_table,mistral_table,no
482,INGAI,13,19,1,307,2 355,4,4,7,1,39 143,140 659,190,191,mistral_table,mistral_table,no
483,INHAPIM,54,105,16,4 717,21 756,73,73,185,65,765 592,3 364 778,190,191,mistral_table,mistral_table,no
484,INHAUMA,9,12,2,632,5 284,14,14,27,2,69 029,569 136,190,191,mistral_table,mistral_table,no
485,INIMUTABA,12,12,-,504,4 763,15,15,21,3,117 285,868 076,190,191,mistral_table,mistral_table,no
486,IPANEMA,35,83,23,4 443,20 114,57,60,136,56,566 065,2 646 493,190,191,mistral_table,mistral_table,no
487,IPIAÇU,14,40,14,2 429,6 745,13,14,31,9,109 664,562 670,190,191,mistral_table,mistral_table,no
488,IPUIUNA,47,160,67,9 961,31 274,39,39,76,20,274 007,1 680 381,192,193,mistral_table,mistral_table,no
489,IRAI DE MINAS,3,6,1,151,229,8,8,17,-,30 485,255 315,192,193,mistral_table,mistral_table,no
490,ITABIRA,291,1 362,865,93 173,414 899,339,350,1 557,1 102,9 142 368,37 802 674,192,193,mistral_table,mistral_table,no
491,ITABIRINHA DE MANTENA,18,46,23,2 759,7 503,19,19,46,21,115 128,667 390,192,193,mistral_table,mistral_table,no
492,ITABIRITO,160,555,349,32 953,174 930,143,146,547,329,2 829 791,10 939 812,192,193,mistral_table,mistral_table,no
493,ITACAMBIA,-,-,-,-,-,3,3,8,5,40 000,95 000,192,193,mistral_table,mistral_table,no
494,ITACARAMBI,18,34,6,994,8 306,13,13,25,4,21 594,216 689,192,193,mistral_table,mistral_table,no
495,ITAGUARA,29,98,59,5 376,25 858,28,28,56,23,232 474,1 656 675,192,193,mistral_table,mistral_table,no
496,ITAIPE,9,28,13,1 146,9 138,6,6,25,16,66 436,550 664,192,193,mistral_table,mistral_table,no
497,ITAJUBA,371,983,457,58 546,288 270,348,361,1 067,613,6 169 267,27 870 000,192,193,mistral_table,mistral_table,no
498,ITAMARANDIBA,100,254,33,7 543,44 103,45,45,88,25,313 633,1 683 997,192,193,mistral_table,mistral_table,no
499,ITAMARATI DE MINAS,7,10,3,495,8 826,9,9,16,-,70 092,397 635,192,193,mistral_table,mistral_table,no
500,ITAMBACURI,61,180,77,5 353,41 858,40,41,140,72,572 645,2 843 745,192,193,mistral_table,mistral_table,no
501,ITAMBE DO MATO DENTRO,2,(A),(A),(X),(A),2,2,(A),(A),(X),(A),192,193,mistral_table,mistral_table,no
502,ITAMOGI,22,43,4,1 379,10 954,20,20,40,14,148 523,459 705,192,193,mistral_table,mistral_table,no
503,ITAMONTE,37,102,49,7 168,35 778,35,35,106,48,812 671,6 740 911,192,193,mistral_table,mistral_table,no
504,ITANHANDU,57,105,31,7 315,32 566,46,46,110,35,482 066,2 510 831,192,193,mistral_table,mistral_table,no
505,ITANHOMI,21,33,7,1 316,8 652,28,28,74,28,245 849,1 205 414,192,193,mistral_table,mistral_table,no
506,ITAOBIM,36,87,31,5 090,20 260,35,35,153,87,577 480,4 232 976,192,193,mistral_table,mistral_table,no
507,ITAPAGIPE,47,121,35,5 527,24 078,43,43,123,48,515 640,2 690 369,192,193,mistral_table,mistral_table,no
508,ITAPECERICA,47,114,36,4 918,26 982,46,47,99,39,453 099,2 561 361,192,193,mistral_table,mistral_table,no
509,ITAPEVA,12,30,11,1 721,9 663,23,24,55,17,190 673,1 515 101,192,193,mistral_table,mistral_table,no
510,ITATIAIUÇU,9,12,-,603,4 804,13,13,23,6,129 753,625 633,192,193,mistral_table,mistral_table,no
511,ITAUNA,291,731,268,45 723,295 507,260,264,634,269,3 174 769,16 642 530,192,193,mistral_table,mistral_table,no
512,ITAYERAVA,12,21,1,625,4 437,5,5,5,-,18 100,81 471,192,193,mistral_table,mistral_table,no
513,ITINGA,15,35,12,742,3 297,29,29,108,45,719 566,1 896 067,192,193,mistral_table,mistral_table,no
514,ITUETA,5,10,-,236,3 159,3,3,5,-,10 500,164 489,192,193,mistral_table,mistral_table,no
515,ITUIUTABA,369,1 318,730,89 843,317 158,369,380,1 386,831,8 175 918,30 108 204,192,193,mistral_table,mistral_table,no
516,ITUMIRIM,17,38,4,649,5 005,30,30,41,3,114 738,752 046,192,193,mistral_table,mistral_table,no
517,ITURAMA,148,358,91,14 753,91 571,148,149,441,204,2 229 177,11 871 538,192,193,mistral_table,mistral_table,no
518,ITUTINGA,10,54,37,2 304,11 595,10,10,18,-,58 769,453 656,192,193,mistral_table,mistral_table,no
519,JABOTICATUBAS,26,53,9,2 856,19 516,19,19,41,11,166 159,952 321,192,193,mistral_table,mistral_table,no
520,JACINTO,20,43,12,1 386,8 051,25,25,72,33,252 573,988 904,192,193,mistral_table,mistral_table,no
521,JACUI,10,12,1,497,4 145,30,30,64,21,356 117,1 274 846,192,193,mistral_table,mistral_table,no
522,JACUTINGA,50,106,23,5 790,30 739,41,41,115,36,358 133,1 783 078,192,193,mistral_table,mistral_table,no
523,JAGUARAÇU,6,11,-,372,2 364,2,2,(A),(A),(X),(A),192,193,mistral_table,mistral_table,no
524,JANAUBA,191,563,231,28 428,100 727,248,254,730,278,2 386 472,14 788 755,192,193,mistral_table,mistral_table,no
525,JANUARIA,123,428,81,19 925,85 189,217,222,553,237,1 896 538,8 320 806,192,193,mistral_table,mistral_table,no
526,JAPARAIBA,2,(A),(A),(X),(B),4,4,8,2,35 456,119 618,192,193,mistral_table,mistral_table,no
527,JECEABA,18,28,3,1 250,7 517,11,11,13,2,60 461,609 671,192,193,mistral_table,mistral_table,no
528,JEQUERI,5,13,1,384,1 605,14,15,25,3,98 828,517 556,192,193,mistral_table,mistral_table,no
529,JEQUITAI,24,52,12,1 786,9 927,21,21,56,23,363 585,828 200,192,193,mistral_table,mistral_table,no
530,JEQUITIBA,11,14,-,500,2 522,6,6,8,1,20 789,134 848,192,193,mistral_table,mistral_table,no
531,JEQUITINHONHA,34,120,61,7 147,22 001,35,37,73,31,481 028,2 723 231,192,193,mistral_table,mistral_table,no
532,JESUANIA,16,23,1,664,4 644,17,17,27,2,72 294,530 743,192,193,mistral_table,mistral_table,no
533,JOAIIMA,27,58,12,2 352,10 974,29,30,71,28,204 800,1 232 858,192,193,mistral_table,mistral_table,no
534,JOANESIA,-,-,-,-,-,13,13,23,7,53 142,332 100,192,193,mistral_table,mistral_table,no
535,JOÃO MONLEVADE,303,1 011,497,64 408,282 884,299,304,998,528,5 278 451,23 353 851,194,195,mistral_table,mistral_table,no
536,JOÃO PINHEIRO,179,579,258,29 804,251 751,193,195,450,186,2 004 220,14 699 110,194,195,mistral_table,mistral_table,no
537,JOAQUIM FELICIO,5,6,-,276,1 601,8,8,8,-,27 230,358 612,194,195,mistral_table,mistral_table,no
538,JORDANIA,14,30,13,1 031,5 618,21,22,54,24,175 993,640 200,194,195,mistral_table,mistral_table,no
539,JOSE DE MELO,12,30,6,1 497,14 817,3,3,4,1,14 730,200 663,194,195,mistral_table,mistral_table,no
540,JURAMENTO,9,15,-,434,3 373,6,6,7,-,20 110,128 949,194,195,mistral_table,mistral_table,no
541,JURUAI A,9,16,3,771,3 436,14,14,24,3,141 361,677 121,194,195,mistral_table,mistral_table,no
542,LADAINHA,6,20,9,858,2 083,10,10,32,9,63 959,235 799,194,195,mistral_table,mistral_table,no
543,LAGAMAR,15,36,10,1 877,7 387,20,20,45,14,134 376,1 425 655,194,195,mistral_table,mistral_table,no
544,LAGOA DA PRATA,148,404,172,17 309,92 749,162,162,374,148,1 446 995,7 601 598,194,195,mistral_table,mistral_table,no
545,LAGOA DOS PATOS,3,6,-,120,706,7,7,17,4,42 055,266 000,194,195,mistral_table,mistral_table,no
546,LAGOA DOURADA,22,37,7,1 903,12 878,26,27,46,17,217 301,998 418,194,195,mistral_table,mistral_table,no
547,LAGOA FORMOSA,40,109,50,5 864,22 925,30,32,93,52,401 361,2 263 095,194,195,mistral_table,mistral_table,no
548,LAGOA SANTA,100,228,60,12 637,75 967,115,129,2 179,1 944,15 009 170,46 410 001,194,195,mistral_table,mistral_table,no
549,LAJINHA,39,134,73,4 818,23 435,32,32,88,39,352 414,1 755 459,194,195,mistral_table,mistral_table,no
550,LAMBARI,75,226,144,14 820,56 223,79,80,271,148,932 851,5 411 253,194,195,mistral_table,mistral_table,no
551,LAMIM,4,6,-,181,1 765,5,5,5,-,27 040,95 094,194,195,mistral_table,mistral_table,no
552,LARANJAL,17,39,13,1 341,11 150,23,23,47,9,108 703,1 233 390,194,195,mistral_table,mistral_table,no
553,LASSANCE,9,12,2,443,3 908,8,8,14,2,33 660,233 342,194,195,mistral_table,mistral_table,no
554,LAVRAS,369,914,386,53 220,240 541,351,357,889,400,4 277 423,21 958 599,194,195,mistral_table,mistral_table,no
555,LEANDRO FERREIRA,11,21,4,845,5 882,9,9,10,1,47 746,275 634,194,195,mistral_table,mistral_table,no
556,LEOPOLDINA,278,749,356,51 920,243 118,235,239,652,332,3 004 475,15 169 250,194,195,mistral_table,mistral_table,no
557,LIBERDADE,17,65,27,4 948,21 028,20,21,65,35,378 140,1 132 342,194,195,mistral_table,mistral_table,no
558,LIMA DUARTE,40,90,28,4 126,20 565,64,64,130,35,339 421,2 252 012,194,195,mistral_table,mistral_table,no
559,LUMINARIAS,12,18,1,658,3 083,17,17,31,1,87 328,480 048,194,195,mistral_table,mistral_table,no
560,LUZ,53,171,77,9 456,51 445,55,55,110,38,768 292,3 450 627,194,195,mistral_table,mistral_table,no
561,MACHACALIS,17,32,11,1 458,5 615,9,9,24,5,55 215,316 464,194,195,mistral_table,mistral_table,no
562,MACHADO,121,332,147,22 263,78 171,108,114,291,120,2 025 392,8 594 835,194,195,mistral_table,mistral_table,no
563,MADRE DE DEUS DE MINAS,19,37,14,3 707,13 478,12,12,23,7,67 812,616 139,194,195,mistral_table,mistral_table,no
564,MALACACHETA,26,70,28,4 213,12 891,17,18,37,19,185 975,691 828,194,195,mistral_table,mistral_table,no
565,MANGA,67,187,70,5 747,36 288,41,43,127,43,542 419,1 982 862,194,195,mistral_table,mistral_table,no
566,MANHUAÇU,208,735,396,57 839,251 304,288,296,802,423,5 871 055,21 796 862,194,195,mistral_table,mistral_table,no
567,MANHUMIRIM,64,214,102,19 140,61 639,116,118,330,145,1 739 862,5 631 306,194,195,mistral_table,mistral_table,no
568,MANTENA,98,305,123,13 360,60 397,116,117,270,124,1 193 039,6 147 814,194,195,mistral_table,mistral_table,no
569,MARAVILHAS,13,17,-,640,3 655,9,9,14,4,79 210,377 604,194,195,mistral_table,mistral_table,no
570,MAR DE ESPANHA,38,52,3,2 142,17 027,36,36,62,2,150 169,1 682 365,194,195,mistral_table,mistral_table,no
571,MARIA DA FE,40,85,32,5 698,22 716,38,39,70,18,264 437,1 416 685,194,195,mistral_table,mistral_table,no
572,MARIANA,114,329,120,15 012,91 733,150,153,431,198,1 600 812,9 973 862,194,195,mistral_table,mistral_table,no
573,MARILAC,4,8,1,211,1 274,5,5,16,5,87 585,261 830,194,195,mistral_table,mistral_table,no
574,MARIPA DE MINAS,4,12,-,180,1 554,8,8,11,1,32 549,352 286,194,195,mistral_table,mistral_table,no
575,MARLIERIA,4,6,2,319,2 119,1,1,(A),(A),(X),(A),194,195,mistral_table,mistral_table,no
576,MARMELOPOLIS,9,10,-,398,2 189,8,8,8,-,30 920,212 485,194,195,mistral_table,mistral_table,no
577,MARTINHO CAMPOS,28,44,6,2 602,13 731,48,48,98,32,537 672,2 516 664,194,195,mistral_table,mistral_table,no
578,MATERLANDIA,1,(A),(A),(X),(A),6,6,14,3,34 785,273 125,194,195,mistral_table,mistral_table,no
579,MATEUS LEME,76,342,217,25 478,125 748,48,50,164,56,982 961,5 595 532,194,195,mistral_table,mistral_table,no
580,MATIAS BARBOSA,34,83,29,4 952,22 621,44,44,127,65,770 787,4 951 123,194,195,mistral_table,mistral_table,no
581,MATIPO,24,61,13,2 564,12 509,35,35,72,22,229 904,2 456 580,194,195,mistral_table,mistral_table,no
582,MATO VERDE,51,132,38,4 637,20 425,69,69,136,39,582 261,2 896 352,196,197,mistral_table,mistral_table,no
583,MATOZINHOS,91,189,58,10 058,56 764,75,75,342,226,2 019 617,8 224 955,196,197,mistral_table,mistral_table,no
584,MATUTINA,12,25,10,1 938,7 648,11,11,17,4,52 698,152 249,196,197,mistral_table,mistral_table,no
585,MEDEIROS,3,7,3,213,1 563,4,4,8,2,93 904,255 885,196,197,mistral_table,mistral_table,no
586,MEDINA,55,116,43,7 923,30 198,43,43,106,42,538 825,2 090 652,196,197,mistral_table,mistral_table,no
587,MENDES PIMENTEL,8,10,-,384,3 732,12,12,29,11,67 208,344 038,196,197,mistral_table,mistral_table,no
588,MERCES,25,45,7,1 679,8 451,17,17,26,4,96 376,695 460,196,197,mistral_table,mistral_table,no
589,MESQUITA,8,24,8,1 923,7 804,22,22,64,30,174 774,532 795,196,197,mistral_table,mistral_table,no
590,MINAS NOVAS,21,80,22,1 916,8 894,47,49,168,104,521 489,1 641 933,196,197,mistral_table,mistral_table,no
591,MINDURI,16,20,-,755,5 515,18,18,28,1,79 099,797 755,196,197,mistral_table,mistral_table,no
592,MIRABELA,18,38,10,1 158,5 236,14,14,33,9,84 215,574 529,196,197,mistral_table,mistral_table,no
593,MIRADUO,19,46,11,1 472,11 038,21,21,41,5,132 178,740 097,196,197,mistral_table,mistral_table,no
594,MIRAI,47,117,42,5 096,29 290,49,49,101,34,457 800,2 590 298,196,197,mistral_table,mistral_table,no
595,MOEDA,7,15,-,622,2 047,7,7,13,1,38 224,294 521,196,197,mistral_table,mistral_table,no
596,MOEMA,19,35,4,1 466,7 247,21,21,44,15,194 000,1 169 300,196,197,mistral_table,mistral_table,no
597,MONJOLOS,5,5,-,240,2 235,5,5,11,2,16 703,88 157,196,197,mistral_table,mistral_table,no
598,MONSENHOR PAULO,22,37,8,2 155,7 314,17,17,26,3,72 170,393 382,196,197,mistral_table,mistral_table,no
599,MONTALVANIA,31,80,37,5 080,15 394,72,73,167,54,1 056 412,5 088 740,196,197,mistral_table,mistral_table,no
600,MONTE ALEGRE DE MINAS,45,164,90,12 652,63 816,37,38,138,91,1 042 925,7 093 459,196,197,mistral_table,mistral_table,no
601,MONTE AZUL,108,235,62,10 890,65 298,87,87,212,62,904 791,4 004 957,196,197,mistral_table,mistral_table,no
602,MONTE BELO,33,52,9,1 858,12 296,26,26,52,8,282 416,1 199 608,196,197,mistral_table,mistral_table,no
603,MONTE CARMELO,121,386,187,25 981,123 745,113,118,393,196,1 883 178,10 205 044,196,197,mistral_table,mistral_table,no
604,MONTE SANTO DE MINAS,66,154,50,7 094,35 947,62,62,129,43,545 636,3 807 848,196,197,mistral_table,mistral_table,no
605,MONTE SIÃO,40,84,14,4 186,22 047,48,48,134,63,964 711,3 969 332,196,197,mistral_table,mistral_table,no
606,MORADA NOVA DE MINAS,16,26,-,1 144,6 031,15,15,23,3,67 094,580 927,196,197,mistral_table,mistral_table,no
607,MORRO DA GARÇA,2,(A),(A),(X),(A),2,2,(A),(A),(X),(A),196,197,mistral_table,mistral_table,no
608,MORRO DO PILAR,4,11,1,374,1 400,4,4,15,2,19 406,278 424,196,197,mistral_table,mistral_table,no
609,MUNHOZ,15,46,17,1 595,8 955,14,14,21,4,59 780,194 140,196,197,mistral_table,mistral_table,no
610,MURIAE,387,1 294,727,86 833,340 362,368,376,1 155,654,4 680 132,28 516 280,196,197,mistral_table,mistral_table,no
611,MUTUM,28,70,21,4 912,18 842,43,44,112,61,662 766,1 615 359,196,197,mistral_table,mistral_table,no
612,MUZAMBINHO,92,201,65,12 564,46 991,62,62,143,50,520 072,3 835 019,196,197,mistral_table,mistral_table,no
613,NACIP RAYDAN,-,-,-,-,-,1,1,(A),(A),(X),(A),196,197,mistral_table,mistral_table,no
614,NANUQUE,169,520,286,32 732,108 818,170,176,634,362,3 806 519,14 528 299,196,197,mistral_table,mistral_table,no
615,NATERCIA,8,16,2,831,3 744,7,8,15,3,29 756,175 333,196,197,mistral_table,mistral_table,no
616,NAZARENO,29,101,50,22 792,57 625,25,25,31,-,89 359,484 776,196,197,mistral_table,mistral_table,no
617,NEPOMUCENO,69,111,26,6 375,32 075,71,73,125,36,563 028,3 086 889,196,197,mistral_table,mistral_table,no
618,NOVA ERA,78,237,112,13 026,79 190,72,74,164,84,822 148,5 695 307,196,197,mistral_table,mistral_table,no
619,NOVA LIMA,228,651,207,88 847,190 983,231,239,582,225,5 602 340,27 443 672,196,197,mistral_table,mistral_table,no
620,NOVA MODICA,10,15,3,614,2 882,6,6,13,6,41 504,305 274,196,197,mistral_table,mistral_table,no
621,NOVA PONTE,12,21,1,1 047,8 058,20,20,252,223,1 996 808,6 714 994,196,197,mistral_table,mistral_table,no
622,NOVA RESENDE,20,33,2,1 432,8 421,29,29,56,16,193 924,1 542 521,196,197,mistral_table,mistral_table,no
623,NOVA SERRANA,33,97,36,4 353,26 821,38,39,101,41,377 394,2 461 378,196,197,mistral_table,mistral_table,no
624,NOVO CRUZEIRO,17,39,8,1 322,9 107,28,28,76,32,392 956,1 715 941,196,197,mistral_table,mistral_table,no
625,OLARIA,6,9,-,118,1 133,7,7,12,-,10 945,145 180,196,197,mistral_table,mistral_table,no
626,OLIMPIO NORONHA,8,13,-,332,2 466,6,6,10,1,17 943,221 373,196,197,mistral_table,mistral_table,no
627,OLIVEIRA,138,642,374,30 801,145 416,219,224,726,418,2 815 208,17 544 478,196,197,mistral_table,mistral_table,no
628,OLIVEIRA FORTES,1,(A),(A),(X),(A),2,2,(A),(A),(X),(A),196,197,mistral_table,mistral_table,no
629,ONÇA DE PITANGUÍ,5,12,-,629,2 095,4,4,7,-,14 016,156 758,198,199,mistral_table,mistral_table,no
630,OURO BRANCO,72,227,99,19 646,91 303,54,55,119,48,499 728,4 066 590,198,199,mistral_table,mistral_table,no
631,OURO FINO,145,386,152,18 019,88 598,167,168,396,187,1 972 919,6 864 664,198,199,mistral_table,mistral_table,no
632,OURO PRETO,243,921,563,54 916,380 114,264,279,1 020,609,5 934 164,39 046 212,198,199,mistral_table,mistral_table,no
633,OURO VERDE DE MINAS,2,(A),(A),(X),(A),11,11,34,13,69 892,386 340,198,199,mistral_table,mistral_table,no
634,PADRE PARAÍSO,31,68,22,3 289,16 401,49,49,138,62,586 005,1 795 206,198,199,mistral_table,mistral_table,no
635,PAINEIRAS,12,23,-,430,3 174,27,27,65,20,194 079,1 058 148,198,199,mistral_table,mistral_table,no
636,PAINS,19,51,19,2 169,12 434,21,22,41,16,282 147,1 552 807,198,199,mistral_table,mistral_table,no
637,PAIVA,2,(B),(A),(X),(A),3,3,4,-,9 513,101 885,198,199,mistral_table,mistral_table,no
638,PALMA,19,49,5,1 416,7 188,21,21,32,3,101 891,648 263,198,199,mistral_table,mistral_table,no
639,PAPAGAIOS,19,48,13,1 956,16 088,20,20,44,8,132 302,995 738,198,199,mistral_table,mistral_table,no
640,PARACATU,137,462,241,38 517,178 169,183,186,908,634,5 974 719,21 039 338,198,199,mistral_table,mistral_table,no
641,PARA DE MINAS,255,782,411,57 450,248 372,305,309,787,355,4 178 256,21 960 391,198,199,mistral_table,mistral_table,no
642,PARAGUAÇU,93,185,64,12 107,40 864,63,63,129,31,596 270,3 126 389,198,199,mistral_table,mistral_table,no
643,PARAISÓPOLIS,76,162,52,9 882,41 798,91,91,161,32,513 777,3 366 960,198,199,mistral_table,mistral_table,no
644,PARAOPÉBA,59,146,71,7 741,41 992,60,64,147,58,553 754,3 489 615,198,199,mistral_table,mistral_table,no
645,PASSABEM,1,(A),(A),(X),(A),1,1,(A),(A),(X),(A),198,199,mistral_table,mistral_table,no
646,PASSA QUATRO,58,137,47,8 170,33 147,63,64,193,104,922 095,3 912 498,198,199,mistral_table,mistral_table,no
647,PASSA TEMPO,18,29,5,1 522,8 024,38,38,79,32,203 022,1 054 384,198,199,mistral_table,mistral_table,no
648,PASSA VINTE,14,27,2,833,6 147,10,10,14,-,28 911,269 323,198,199,mistral_table,mistral_table,no
649,PASSOS,410,1 117,458,64 838,328 674,375,389,5 884,5 378,39 650 765,67 613 050,198,199,mistral_table,mistral_table,no
650,PATOS DE MINAS,435,1 457,785,117 904,404 203,384,400,2 277,1 654,11 048 182,47 086 805,198,199,mistral_table,mistral_table,no
651,PATROCÍNIO,153,558,334,33 313,143 769,188,196,546,262,3 024 392,13 452 672,198,199,mistral_table,mistral_table,no
652,PATROCÍNIO DO MURIAE,11,29,4,621,4 529,13,13,34,3,66 088,395 020,198,199,mistral_table,mistral_table,no
653,PAULA CANDIDO,18,33,4,1 196,5 416,15,15,27,7,117 489,397 522,198,199,mistral_table,mistral_table,no
654,PAULISTAS,6,10,-,327,2 411,4,4,7,2,18 530,58 560,198,199,mistral_table,mistral_table,no
655,PAVÃO,6,14,6,1 431,2 391,26,26,72,26,280 325,635 077,198,199,mistral_table,mistral_table,no
656,PEÇANHA,23,44,9,1 692,13 410,22,23,55,27,334 273,728 338,198,199,mistral_table,mistral_table,no
657,PEDRA AZUL,65,192,85,11 740,42 059,45,46,115,50,461 181,2 795 716,198,199,mistral_table,mistral_table,no
658,PEDRA DO ANTA,4,6,-,224,601,1,1,(A),(A),(X),(A),198,199,mistral_table,mistral_table,no
659,PEDRA DO INDAÍA,4,6,-,280,2 055,6,6,6,-,21 026,135 135,198,199,mistral_table,mistral_table,no
660,PEDRA DOURADA,1,(A),(A),(X),(A),2,2,(A),(A),(X),(A),198,199,mistral_table,mistral_table,no
661,PEDRALVA,26,53,10,2 361,13 376,32,32,68,17,212 936,1 444 163,198,199,mistral_table,mistral_table,no
662,PEDRINÓPOLIS,6,12,2,305,2 302,15,15,24,4,79 871,561 838,198,199,mistral_table,mistral_table,no
663,PEDRO LEÓPOLDO,211,572,228,37 653,164 029,202,205,589,290,3 346 385,19 578 380,198,199,mistral_table,mistral_table,no
664,PEQUERI,14,21,2,832,4 359,14,14,21,3,101 916,722 329,198,199,mistral_table,mistral_table,no
665,PEQUI,6,11,-,246,5 649,5,5,11,-,23 530,347 669,198,199,mistral_table,mistral_table,no
666,PERDIDÃC,12,25,4,875,6 331,12,12,26,2,52 640,304 370,198,199,mistral_table,mistral_table,no
667,PERDIZES,24,61,16,2 406,11 407,24,24,47,17,505 545,1 020 571,198,199,mistral_table,mistral_table,no
668,PERÓDES,69,125,38,6 906,30 865,51,53,104,29,316 691,2 461 055,198,199,mistral_table,mistral_table,no
669,PESCADOR,6,11,2,442,1 823,8,8,20,12,48 696,412 590,198,199,mistral_table,mistral_table,no
670,PIAU,6,16,1,360,2 648,1,1,(A),(A),(X),(A),198,199,mistral_table,mistral_table,no
671,PIEDADE DE PONTE NOVA,8,8,-,426,3 262,2,2,(A),(A),(X),(A),198,199,mistral_table,mistral_table,no
672,PIEDADE DO RIO GRANDE,10,12,-,460,2 824,13,13,20,-,48 913,337 564,198,199,mistral_table,mistral_table,no
673,PIEDADE DOS GERAIS,1,(A),(A),(X),(A),3,3,4,-,11 592,100 887,198,199,mistral_table,mistral_table,no
674,PIMENTA,8,25,9,902,6 003,10,10,23,8,80 259,730 253,198,199,mistral_table,mistral_table,no
675,PIRACEMA,10,26,3,728,3 994,26,26,59,19,149 972,840 205,198,199,mistral_table,mistral_table,no
676,PIRAJUBA,13,20,4,809,6 705,16,16,37,16,103 404,1 165 436,200,201,mistral_table,mistral_table,no
677,PIRANGA,15,26,2,1 864,8 340,23,23,40,-,266 981,1 000 004,200,201,mistral_table,mistral_table,no
678,PIRANGUÇU,15,26,-,773,4 738,14,14,15,-,58 911,343 545,200,201,mistral_table,mistral_table,no
679,PIRANGUINHO,19,36,3,954,5 391,18,19,27,2,83 456,689 779,200,201,mistral_table,mistral_table,no
680,PIRAPETINGA,25,43,14,1 948,15 987,57,59,122,53,839 681,2 764 000,200,201,mistral_table,mistral_table,no
681,PIRAPORA,164,765,435,59 305,213 127,163,169,574,333,3 660 907,16 502 303,200,201,mistral_table,mistral_table,no
682,PIRAUBA,26,49,17,1 193,9 723,30,31,98,64,259 186,1 338 278,200,201,mistral_table,mistral_table,no
683,PITANGUI,72,151,51,6 933,56 217,71,73,162,63,1 381 234,7 282 783,200,201,mistral_table,mistral_table,no
684,PIUI,76,148,45,7 804,58 819,101,102,218,66,1 079 561,6 521 116,200,201,mistral_table,mistral_table,no
685,PLANURA,15,130,106,6 819,23 829,16,18,130,107,1 118 502,2 629 188,200,201,mistral_table,mistral_table,no
686,POÇO FUNDO,41,87,16,3 501,18 287,54,54,125,33,748 977,2 791 079,200,201,mistral_table,mistral_table,no
687,POCRANE,11,22,5,1 227,5 624,8,8,11,-,26 176,381 041,200,201,mistral_table,mistral_table,no
688,POMPEU,57,97,28,5 393,39 942,91,92,213,84,1 656 014,5 227 942,200,201,mistral_table,mistral_table,no
689,PONTE NOVA,292,804,405,56 762,219 563,295,302,680,314,3 044 926,13 810 875,200,201,mistral_table,mistral_table,no
690,PORTEIRINHA,105,216,65,7 981,30 933,166,166,393,155,2 986 158,10 565 491,200,201,mistral_table,mistral_table,no
691,PORTO FIRME,11,23,4,934,3 148,33,33,67,32,354 668,1 048 796,200,201,mistral_table,mistral_table,no
692,POTE,6,22,9,1 738,5 447,38,38,93,44,250 184,654 929,200,201,mistral_table,mistral_table,no
693,POUSO ALEGRE,393,1 199,619,74 306,350 066,383,393,1 146,554,5 507 965,27 761 557,200,201,mistral_table,mistral_table,no
694,POUSO ALTO,23,63,23,2 764,18 757,21,21,118,74,747 522,3 962 378,200,201,mistral_table,mistral_table,no
695,PRADOS,17,34,8,1 197,9 220,20,20,57,16,150 268,1 183 833,200,201,mistral_table,mistral_table,no
696,PRATA,49,94,24,4 718,27 591,38,39,74,10,457 985,3 522 911,200,201,mistral_table,mistral_table,no
697,PRATAPOLIS,84,186,24,6 245,39 168,100,103,263,114,915 512,4 966 936,200,201,mistral_table,mistral_table,no
698,PRATINHA,8,12,1,398,3 543,7,7,7,-,21 295,195 952,200,201,mistral_table,mistral_table,no
699,CALAMBAU,3,4,-,216,1 706,5,5,8,-,27 665,312 150,200,201,mistral_table,mistral_table,no
700,PRESIDENTE JUSCELINO,8,17,4,453,2 509,5,5,10,3,27 266,225 908,200,201,mistral_table,mistral_table,no
701,PRESIDENTE KUBITSCHEK,4,6,1,208,642,5,5,7,1,19 328,83 586,200,201,mistral_table,mistral_table,no
702,PRESIDENTE OLEGARIO,45,99,30,4 986,23 779,50,54,123,48,543 779,2 744 881,200,201,mistral_table,mistral_table,no
703,PRESIDENTE SOARES,11,16,4,1 007,7 134,14,14,36,13,85 287,385 551,200,201,mistral_table,mistral_table,no
704,PRUDENTE DE MORAIS,17,41,10,2 552,18 816,20,22,64,36,455 649,2 046 079,200,201,mistral_table,mistral_table,no
705,QUARTEL GERAL,6,6,-,282,1 698,6,6,13,1,27 845,406 622,200,201,mistral_table,mistral_table,no
706,QUELUZITA,2,(A),(A),(X),(A),1,1,(A),(A),(A),(A),200,201,mistral_table,mistral_table,no
707,RAPOSOS,40,67,6,2 727,19 104,40,41,71,6,196 537,1 319 537,200,201,mistral_table,mistral_table,no
708,RAUL SOARES,60,158,53,10 765,43 050,96,98,250,88,2 513 913,8 029 336,200,201,mistral_table,mistral_table,no
709,RECREIO,75,117,19,5 079,28 804,52,52,83,17,277 095,2 024 469,200,201,mistral_table,mistral_table,no
710,RESENDE COSTA,22,45,7,1 763,10 338,27,28,51,9,296 166,2 221 745,200,201,mistral_table,mistral_table,no
711,RESPLENDOR,75,219,71,10 769,46 449,29,31,82,20,261 458,1 501 843,200,201,mistral_table,mistral_table,no
712,RESSAGUINHA,17,25,6,1 524,8 927,21,21,48,21,228 699,988 177,200,201,mistral_table,mistral_table,no
713,RIACHO DOS MACHADOS,6,15,1,352,2 254,15,15,38,10,73 565,467 900,200,201,mistral_table,mistral_table,no
714,RIBEIRÃO DAS NEVES,120,235,40,11 426,68 537,171,173,386,171,1 577 430,8 278 653,200,201,mistral_table,mistral_table,no
715,RIBEIRÃO VERMELHO,14,21,1,684,7 302,13,13,41,14,239 455,1 624 439,200,201,mistral_table,mistral_table,no
716,RIO ACIMA,21,44,16,4 128,13 279,19,20,30,7,109 675,512 971,200,201,mistral_table,mistral_table,no
717,RIO CASCA,76,161,58,10 168,47 752,72,78,187,54,798 193,5 683 195,200,201,mistral_table,mistral_table,no
718,RIO DOCE,3,4,-,186,1 735,4,4,4,-,15 034,106 107,200,201,mistral_table,mistral_table,no
719,RIO DO PRADO,32,52,8,2 237,11 904,28,28,63,28,99 857,448 282,200,201,mistral_table,mistral_table,no
720,RIO ESPERA,8,10,-,329,2 154,11,11,18,-,46 208,401 907,200,201,mistral_table,mistral_table,no
721,RIO MANSO,10,18,-,438,2 216,8,8,14,-,30 245,421 957,200,201,mistral_table,mistral_table,no
722,RIO NOVO,36,66,11,2 222,16 613,39,39,58,11,221 188,1 916 127,200,201,mistral_table,mistral_table,no
723,RIO PARANAIBA,7,17,8,787,3 956,7,7,18,12,91 395,385 458,202,203,mistral_table,mistral_table,no
724,RIO PARDO DE MINAS,18,53,17,2 919,10 304,34,35,83,25,277 992,1 709 634,202,203,mistral_table,mistral_table,no
725,RIO PIRACICABA,52,192,116,14 384,214 053,47,48,255,191,964 593,3 710 424,202,203,mistral_table,mistral_table,no
726,RIO POMBA,69,167,58,8 207,40 727,52,52,134,53,513 461,2 112 186,202,203,mistral_table,mistral_table,no
727,RIO PRETO,22,27,5,1 257,7 402,16,16,24,1,66 288,837 053,202,203,mistral_table,mistral_table,no
728,RIO VERMELHO,14,44,19,1 978,9 908,13,13,35,13,113 985,1 037 256,202,203,mistral_table,mistral_table,no
729,RITAPOLIS,11,21,-,484,4 829,13,13,16,1,55 270,328 539,202,203,mistral_table,mistral_table,no
730,ROCHEDO DE MINAS,2,(A),(A),(X),(A),4,4,7,3,15 296,43 277,202,203,mistral_table,mistral_table,no
731,RODEIRO,8,14,-,377,3 211,14,14,22,1,62 116,544 693,202,203,mistral_table,mistral_table,no
732,ROMARIA,3,5,-,144,2 450,10,10,15,1,39 525,250 469,202,203,mistral_table,mistral_table,no
733,RUBELITA,9,15,4,441,1 279,9,9,14,4,62 949,371 687,202,203,mistral_table,mistral_table,no
734,RUBIM,25,62,31,3 591,15 865,21,23,53,29,330 552,1 388 412,202,203,mistral_table,mistral_table,no
735,SABARA,240,742,367,117 663,329 791,210,213,685,382,5 551 992,19 435 847,202,203,mistral_table,mistral_table,no
736,SABINOPOLIS,30,73,15,3 210,17 512,27,28,54,18,181 778,1 122 502,202,203,mistral_table,mistral_table,no
737,SACRAMENTO,54,170,104,11 723,50 644,75,80,227,96,1 639 356,8 492 390,202,203,mistral_table,mistral_table,no
738,SALINAS,56,195,107,16 681,42 964,83,85,253,127,1 624 708,5 951 570,202,203,mistral_table,mistral_table,no
739,SALTO DA DIVISA,22,61,25,1 663,9 256,17,21,38,14,272 797,1 114 091,202,203,mistral_table,mistral_table,no
740,SANTA BARBARA,89,280,93,14 361,75 190,69,71,166,80,1 116 215,14 643 785,202,203,mistral_table,mistral_table,no
741,SANTA BARBARA DO TUGURIO,2,(B),(A),(X),(A),4,4,6,1,19 904,71 372,202,203,mistral_table,mistral_table,no
742,SANTA CRUZ DO ESCALVADO,5,5,-,224,1 887,7,7,13,3,56 904,268 671,202,203,mistral_table,mistral_table,no
743,SANTA EFIDENIA DE MINAS,2,(A),(A),(X),(A),-,-,-,-,-,-,202,203,mistral_table,mistral_table,no
744,SANTA FE DE MINAS,1,(A),(A),(X),(A),5,5,7,1,17 469,122 411,202,203,mistral_table,mistral_table,no
745,SANTA JULIANA,9,14,1,702,3 856,18,19,84,53,324 758,3 242 086,202,203,mistral_table,mistral_table,no
746,SANTA LUZIA,186,349,90,22 794,123 855,217,222,988,608,18 445 215,13 490 726,202,203,mistral_table,mistral_table,no
747,SANTA MARGARIDA,18,28,6,1 953,7 523,31,31,67,22,338 606,1 271 808,202,203,mistral_table,mistral_table,no
748,SANTA MARIA DE ITABIRA,19,52,25,3 598,14 070,15,15,40,22,198 192,1 223 010,202,203,mistral_table,mistral_table,no
749,SANTA MARIA DO SALTO,11,22,9,517,2 780,8,10,20,6,71 202,412 892,202,203,mistral_table,mistral_table,no
750,SANTA MARIA DO SUAÇUI,33,102,46,6 738,18 274,73,73,194,113,1 288 950,8 229 370,202,203,mistral_table,mistral_table,no
751,SANTANA DA VARGEM,12,12,-,495,4 039,20,20,25,3,126 582,1 340 262,202,203,mistral_table,mistral_table,no
752,SANTANA DE CATAGUASES,7,13,4,499,2 157,4,4,5,-,14 127,144 191,202,203,mistral_table,mistral_table,no
753,SANTANA DE PIRAPAMA,15,18,1,939,4 640,18,18,32,5,73 730,661 120,202,203,mistral_table,mistral_table,no
754,SANTANA DO DESERTO,5,6,-,192,2 103,9,9,9,-,32 912,204 242,202,203,mistral_table,mistral_table,no
755,SANTANA DO GARAMBEU,1,(A),(A),(X),(A),3,3,3,-,11 593,221 018,202,203,mistral_table,mistral_table,no
756,SANTANA DO JACARE,11,17,-,516,2 394,9,9,19,8,69 317,260 418,202,203,mistral_table,mistral_table,no
757,SANTANA DO MANHUAÇU,3,7,-,444,1 436,13,13,33,11,78 900,757 248,202,203,mistral_table,mistral_table,no
758,SANTANA DO RIACHO,10,16,1,721,3 399,4,4,6,2,23 449,116 003,202,203,mistral_table,mistral_table,no
759,SANTANA DOS MONTES,-,-,-,-,-,4,4,4,-,13 984,101 244,202,203,mistral_table,mistral_table,no
760,SANTA RITA DE CALDAS,37,92,12,2 514,15 044,45,46,96,26,314 595,1 533 105,202,203,mistral_table,mistral_table,no
761,SANTA RITA DE JACUTINGA,24,37,12,1 857,12 172,25,25,55,21,148 068,485 664,202,203,mistral_table,mistral_table,no
762,SANTA RITA DO IBITIPOCA,2,(A),(A),(X),(A),5,5,9,1,12 628,86 058,202,203,mistral_table,mistral_table,no
763,SANTA RITA DO ITUETO,1,(A),(A),(X),(A),3,3,3,-,11 595,77 240,202,203,mistral_table,mistral_table,no
764,SANTA RITA DO SAPUCAI,110,233,77,14 136,77 385,114,118,274,115,1 327 336,8 393 231,202,203,mistral_table,mistral_table,no
765,SANTA ROSA DA SERRA,7,11,-,355,4 358,9,9,19,1,37 120,358 874,202,203,mistral_table,mistral_table,no
766,SANTA VITORIA,66,148,48,8 929,32 860,44,48,171,106,865 798,3 395 805,202,203,mistral_table,mistral_table,no
767,SANTO ANTONIO DO AMPARO,46,66,9,3 357,24 074,73,75,159,74,1 014 303,5 106 166,202,203,mistral_table,mistral_table,no
768,SANTO ANTONIO DO AVENTUREIRO,10,16,1,578,4 112,5,5,10,-,8 988,239 777,202,203,mistral_table,mistral_table,no
769,SANTO ANTONIO DO GRAMA,5,7,1,273,2 969,4,4,8,1,22 707,252 500,202,203,mistral_table,mistral_table,no
770,SANTO ANTONIO DO ITAMBE,5,10,2,445,1 297,5,5,9,2,43 592,249 694,204,205,mistral_table,mistral_table,no
771,SANTO ANTONIO DO JACINTO,8,16,8,449,3 590,16,16,36,14,92 256,361 655,204,205,mistral_table,mistral_table,no
772,SANTO ANTONIO DO MONTE,66,128,42,7 115,88 904,83,83,165,65,859 525,3 676 967,204,205,mistral_table,mistral_table,no
773,SANTO ANTONIO DO RIO ABAIXO,-,-,-,-,-,1,1,(A),(A),(X),(A),204,205,mistral_table,mistral_table,no
774,SANTO HIPOLITO,8,8,-,242,1 179,5,5,8,-,18 234,195 630,204,205,mistral_table,mistral_table,no
775,SANTOS DUMONT,167,387,150,21 792,103 339,168,168,384,146,1 623 479,8 788 746,204,205,mistral_table,mistral_table,no
776,SÃO BENTO ABADE,2,(A),(A),(X),(A),3,3,5,1,11 593,74 394,204,205,mistral_table,mistral_table,no
777,SÃO BRAS DO SUACUI,6,13,1,609,5 916,9,9,12,1,41 055,373 648,204,205,mistral_table,mistral_table,no
778,SÃO DOMINGOS DO PRATA,44,120,50,6 569,36 728,42,42,118,40,702 906,3 398 829,204,205,mistral_table,mistral_table,no
779,SÃO FRANCISCO,62,158,65,6 503,84 006,105,107,244,92,1 225 050,4 094 519,204,205,mistral_table,mistral_table,no
780,SÃO FRANCISCO DE PAULA,9,13,3,372,2 652,7,7,8,1,26 655,181 268,204,205,mistral_table,mistral_table,no
781,SÃO FRANCISCO DE SALES,11,17,1,532,4 489,18,17,34,9,312 278,1 035 760,204,205,mistral_table,mistral_table,no
782,SÃO FRANCISCO DO GLORIA,9,17,5,510,2 817,6,6,10,-,23 018,134 373,204,205,mistral_table,mistral_table,no
783,SÃO GERALDO,21,54,13,2 135,7 976,25,26,55,18,137 417,1 283 560,204,205,mistral_table,mistral_table,no
784,SÃO GERALDO DA PIEDADE,-,-,-,-,-,8,8,18,8,71 200,319 080,204,205,mistral_table,mistral_table,no
785,SÃO GONÇALO DO ABAETE,23,43,13,2 629,12 524,18,18,27,5,79 359,669 831,204,205,mistral_table,mistral_table,no
786,SÃO GONÇALO DO PARA,24,40,9,1 558,7 194,25,25,41,7,131 428,1 165 701,204,205,mistral_table,mistral_table,no
787,SÃO GONÇALO DO RIO ABAIXO,23,44,3,1 508,8 719,36,36,83,39,267 768,1 304 485,204,205,mistral_table,mistral_table,no
788,SÃO GONÇALO DO SAPUCAI,101,250,92,13 086,55 828,91,91,168,58,727 137,4 213 819,204,205,mistral_table,mistral_table,no
789,SÃO GOTARDO,101,333,158,20 137,119 590,75,81,336,202,1 590 630,9 017 493,204,205,mistral_table,mistral_table,no
790,SÃO JOÃO BATISTA DO GLORIA,12,21,4,858,5 656,8,9,11,1,37 575,413 276,204,205,mistral_table,mistral_table,no
791,SÃO JOÃO DA MATA,2,(A),(A),(X),(A),7,7,11,2,43 000,218 523,204,205,mistral_table,mistral_table,no
792,SÃO JOÃO DA PONTE,23,58,14,2 546,13 929,57,57,133,44,488 418,3 421 079,204,205,mistral_table,mistral_table,no
793,SÃO JOÃO DEL REI,364,1 166,583,140 489,581 752,381,400,974,421,5 100 352,25 702 308,204,205,mistral_table,mistral_table,no
794,SÃO JOÃO DO ORIENTE,3,3,-,144,3 087,21,21,56,23,259 785,1 030 795,204,205,mistral_table,mistral_table,no
795,SÃO JOÃO DO PARAÍSO,23,184,135,13 326,59 255,65,65,391,310,1 049 835,4 501 183,204,205,mistral_table,mistral_table,no
796,SÃO JOÃO EVANGELISTA,41,119,49,4 900,25 831,32,32,97,39,659 498,2 014 845,204,205,mistral_table,mistral_table,no
797,SÃO JOÃO NEPOMUCENO,110,255,83,13 751,61 060,115,118,894,713,6 953 144,11 660 467,204,205,mistral_table,mistral_table,no
798,SÃO JOSE DA SAFIRA,3,7,1,107,733,9,9,19,9,81 090,782 800,204,205,mistral_table,mistral_table,no
799,SÃO JOSE DA VARGINHA,6,8,-,271,2 180,4,4,7,-,14 660,187 765,204,205,mistral_table,mistral_table,no
800,SÃO JOSE DO ALEGRE,12,12,-,512,3 452,10,10,15,1,38 940,293 762,204,205,mistral_table,mistral_table,no
801,SÃO JOSE DO DIVINO,2,(A),(A),(X),(A),3,3,6,3,20 064,55 000,204,205,mistral_table,mistral_table,no
802,SÃO JOSE DO GOIABAL,8,20,6,1 144,4 715,13,13,27,8,129 628,494 100,204,205,mistral_table,mistral_table,no
803,SÃO JOSE DO JACURI,8,17,7,650,4 770,3,3,9,3,49 800,179 075,204,205,mistral_table,mistral_table,no
804,SÃO JOSE DO MANTIMENTO,1,(A),(A),(X),(A),1,1,(A),(A),(X),(A),204,205,mistral_table,mistral_table,no
805,SÃO LOURENÇO,229,1 018,603,71 467,342 388,232,238,957,560,4 864 159,25 010 458,204,205,mistral_table,mistral_table,no
806,SÃO MIGUEL DO ANTA,8,15,2,547,4 297,22,22,38,14,188 891,813 180,204,205,mistral_table,mistral_table,no
807,SÃO PEDRO DA UNIÃO,7,10,1,308,1 980,21,21,38,8,157 567,837 403,204,205,mistral_table,mistral_table,no
808,SÃO PEDRO DOS FERROS,29,66,18,2 737,13 260,29,31,148,98,1 165 400,3 699 873,204,205,mistral_table,mistral_table,no
809,SÃO PEDRO DO SUACUI,15,30,1,770,7 827,23,26,63,27,189 050,1 625 980,204,205,mistral_table,mistral_table,no
810,SÃO ROMÃO,8,24,8,1 438,5 615,16,16,51,17,101 110,647 950,204,205,mistral_table,mistral_table,no
811,SÃO ROQUE DE MINAS,4,6,1,167,1 160,11,11,25,1,66 047,850 318,204,205,mistral_table,mistral_table,no
812,SÃO SEBASTIÃO DA BELA VISTA,12,32,7,712,5 269,6,6,8,-,23 185,285 440,204,205,mistral_table,mistral_table,no
813,SÃO SEBASTIÃO DO MARANHÃO,6,23,13,1 340,5 766,8,8,22,8,74 662,291 200,204,205,mistral_table,mistral_table,no
814,SÃO SEBASTIÃO DO OESTE,3,3,-,144,1 481,5,5,292,273,1 907 133,4 276 666,204,205,mistral_table,mistral_table,no
815,SÃO SEBASTIÃO DO PARAÍSO,293,684,288,42 005,186 826,254,259,555,226,2 849 999,19 624 339,204,205,mistral_table,mistral_table,no
816,SÃO SEBASTIÃO DO RIO PRETO,4,3,-,199,640,2,2,(A),(A),(X),(A),204,205,mistral_table,mistral_table,no
817,SÃO SEBASTIÃO DO RIO VERDE,4,5,2,444,1 815,4,4,6,1,38 000,176 416,206,207,mistral_table,mistral_table,no
818,SÃO TIAGO,13,34,13,986,5 708,33,33,68,15,196 512,859 752,206,207,mistral_table,mistral_table,no
819,SÃO TOMAS DE AQUINO,25,41,12,1 790,13 012,25,25,56,14,271 465,1 919 551,206,207,mistral_table,mistral_table,no
820,SÃO TOMÉ DAS LETRAS,3,5,-,80,1 127,9,9,16,2,34 668,293 698,206,207,mistral_table,mistral_table,no
821,SÃO VICENTE DE MINAS,24,57,8,2 369,13 099,25,25,38,1,120 285,875 908,206,207,mistral_table,mistral_table,no
822,SAPUCAI-MIRIM,15,24,6,1 155,5 694,11,11,32,12,219 901,1 620 647,206,207,mistral_table,mistral_table,no
823,SAROGA,4,4,-,164,456,4,4,6,2,12 830,108 739,206,207,mistral_table,mistral_table,no
824,SENADOR CORTES,10,10,-,435,1 803,5,5,9,-,19 320,191 700,206,207,mistral_table,mistral_table,no
825,SENADOR FIRMINO,13,18,3,797,6 235,24,24,44,11,163 595,957 201,206,207,mistral_table,mistral_table,no
826,SENADOR JOSE BENTO,3,8,-,174,1 181,5,5,7,1,15 627,78 450,206,207,mistral_table,mistral_table,no
827,SENADOR MODESTINO GONÇALVES,3,3,-,106,1 144,9,9,9,-,32 779,363 659,206,207,mistral_table,mistral_table,no
828,SENHORA DE OLIVEIRA,4,5,-,192,2 377,3,3,5,-,20 699,101 156,206,207,mistral_table,mistral_table,no
829,SENHORA DO PORTO,3,17,1,696,3 120,5,5,9,1,27 048,88 086,206,207,mistral_table,mistral_table,no
830,SENHORA DOS REMEDIOS,12,16,1,716,3 121,13,14,24,4,61 836,355 129,206,207,mistral_table,mistral_table,no
831,SERICITA,5,8,1,275,1 300,15,15,36,17,243 089,426 091,206,207,mistral_table,mistral_table,no
832,SERITINGA,5,5,1,299,1 881,7,7,6,-,23 650,312 948,206,207,mistral_table,mistral_table,no
833,SERRA AZUL DE MINAS,1,(A),(A),(X),(A),3,3,8,3,17 864,146 500,206,207,mistral_table,mistral_table,no
834,SERRA DA SAUDADE,1,(A),(A),(X),(A),1,1,(A),(A),(X),(A),206,207,mistral_table,mistral_table,no
835,SERRA DOS AIMORES,2,(A),(A),(X),(A),18,19,51,23,135 972,959 472,206,207,mistral_table,mistral_table,no
836,SERRA DO SALITRE,15,35,13,1 497,6 875,27,27,64,19,391 010,1 738 354,206,207,mistral_table,mistral_table,no
837,SERRANIA,19,24,5,916,6 602,26,26,35,4,132 646,694 824,206,207,mistral_table,mistral_table,no
838,SERRANOS,5,8,1,270,2 075,5,5,9,3,21 719,231 749,206,207,mistral_table,mistral_table,no
839,SERRO,47,113,44,7 617,29 370,54,55,129,48,534 876,2 438 827,206,207,mistral_table,mistral_table,no
840,SILVEIRANA,3,5,-,120,700,5,5,7,1,29 526,89 187,206,207,mistral_table,mistral_table,no
841,SILVIANOPOLIS,16,27,1,1 138,8 294,14,14,32,-,52 714,394 799,206,207,mistral_table,mistral_table,no
842,SIMÃO PEREIRA,5,6,-,386,2 249,9,9,20,6,69 341,652 669,206,207,mistral_table,mistral_table,no
843,SIMONESIA,9,24,12,1 848,5 896,36,36,81,38,700 089,1 658 033,206,207,mistral_table,mistral_table,no
844,SOBRALIA,-,-,-,-,-,2,2,(A),(A),(X),(A),206,207,mistral_table,mistral_table,no
845,SOLEDADE DE MINAS,24,33,5,1 170,5 992,17,17,25,1,73 229,615 088,206,207,mistral_table,mistral_table,no
846,TABULEIRO,12,23,2,1 171,7 830,13,14,25,4,60 066,201 729,206,207,mistral_table,mistral_table,no
847,TAIOBEIRAS,56,177,62,7 604,28 411,58,58,130,46,334 943,1 698 733,206,207,mistral_table,mistral_table,no
848,TAPIRA,6,47,19,5 682,86 306,5,7,65,56,889 263,1 990 585,206,207,mistral_table,mistral_table,no
849,TAPIRAI,5,7,-,216,1 433,1,1,(A),(A),(X),(A),206,207,mistral_table,mistral_table,no
850,TAQUARAÇU DE MINAS,9,13,5,622,3 211,7,7,15,2,57 448,174 978,206,207,mistral_table,mistral_table,no
851,TARUMIRIM,24,40,7,2 587,15 188,45,45,85,37,294 921,1 687 362,206,207,mistral_table,mistral_table,no
852,TEIXEIRAS,39,76,11,3 418,14 101,20,20,44,17,175 846,826 390,206,207,mistral_table,mistral_table,no
853,TIMOTEO,239,855,510,146 416,428 328,219,225,804,497,5 292 017,26 491 120,206,207,mistral_table,mistral_table,no
854,TIRADENTES,31,78,35,4 368,25 746,42,42,80,29,314 046,2 148 416,206,207,mistral_table,mistral_table,no
855,TIROS,19,57,25,2 094,12 372,15,15,42,19,116 641,611 733,206,207,mistral_table,mistral_table,no
856,TOCANTINS,25,71,28,3 695,18 552,36,38,71,22,307 972,2 576 355,206,207,mistral_table,mistral_table,no
857,TOLEDO,11,19,1,489,3 730,7,7,9,1,19 710,146 816,206,207,mistral_table,mistral_table,no
858,TOMBOS,29,63,18,2 527,15 146,30,30,50,12,151 091,1 962 067,206,207,mistral_table,mistral_table,no
859,TRES CORAÇÕES,271,746,337,44 352,218 683,261,266,709,379,3 948 322,20 454 971,206,207,mistral_table,mistral_table,no
860,TRES MARIAS,85,263,122,12 694,58 121,72,72,126,21,427 679,4 718 195,206,207,mistral_table,mistral_table,no
861,TRES PONTAS,204,427,181,33 297,134 108,195,199,407,130,2 365 898,13 675 774,206,207,mistral_table,mistral_table,no
862,TUMIRITINGA,7,13,-,244,1 682,4,4,7,3,29 504,137 550,206,207,mistral_table,mistral_table,no
863,TUPACIGUARA,81,193,97,12 524,51 284,78,84,206,111,1 479 582,4 593 672,206,207,mistral_table,mistral_table,no
864,TURMALINA,22,51,19,2 303,8 341,33,33,57,21,162 174,702 299,208,209,mistral_table,mistral_table,no
865,TURVOLANDIA,1,(A),(A),(X),(A),6,6,9,1,25 800,215 530,208,209,mistral_table,mistral_table,no
866,UBA,225,665,322,50 214,217 319,290,300,804,361,3 858 412,20 233 654,208,209,mistral_table,mistral_table,no
867,UBAI,6,14,2,358,2 203,37,37,92,5,168 473,3 417 900,208,209,mistral_table,mistral_table,no
868,UMBURATIBA,3,6,1,166,927,3,3,6,1,24 800,106 800,208,209,mistral_table,mistral_table,no
869,UNAI,238,590,239,40 001,218 668,186,189,444,162,1 771 204,13 217 049,208,209,mistral_table,mistral_table,no
870,URUCANIA,7,8,-,314,2 851,11,11,17,3,44 684,374 794,208,209,mistral_table,mistral_table,no
871,VARGEM BONITA,4,5,1,118,1 104,6,6,10,1,16 524,256 463,208,209,mistral_table,mistral_table,no
872,VARGINHA,565,1 855,998,157 735,536 733,496,525,1 979,1 190,14 523 578,86 781 444,208,209,mistral_table,mistral_table,no
873,VARZEA DA PALMA,70,201,79,11 240,46 567,64,64,217,104,1 027 159,5 041 778,208,209,mistral_table,mistral_table,no
874,VARZELANDIA,14,40,9,1 642,7 378,52,52,118,42,730 147,2 157 496,208,209,mistral_table,mistral_table,no
875,VAZANTE,41,108,45,4 299,28 773,34,37,117,74,674 121,2 719 841,208,209,mistral_table,mistral_table,no
876,VERISSIMO,11,23,4,1 978,7 162,8,8,20,11,228 350,608 652,208,209,mistral_table,mistral_table,no
877,VESPASIANO,114,314,136,26 351,105 449,90,96,341,197,2 620 290,9 926 880,208,209,mistral_table,mistral_table,no
878,VIÇOSA,174,498,251,33 041,170 067,201,206,630,345,3 532 558,19 741 553,208,209,mistral_table,mistral_table,no
879,VIEIRAS,3,3,1,116,453,4,4,6,-,12 025,95 112,208,209,mistral_table,mistral_table,no
880,VILA MATIAS,5,15,4,339,1 379,4,4,9,4,19 656,154 519,208,209,mistral_table,mistral_table,no
881,VIRGEM DA LAPA,12,28,8,1 246,7 690,30,30,64,26,302 648,1 155 075,208,209,mistral_table,mistral_table,no
882,VIRGINIA,41,47,1,2 306,11 766,26,26,54,16,372 580,2 344 364,208,209,mistral_table,mistral_table,no
883,VIRGINOPOLIS,13,28,7,1 355,5 125,18,18,46,12,148 216,904 266,208,209,mistral_table,mistral_table,no
884,VIRGOLANDIA,4,11,-,318,1 824,6,6,10,3,33 325,197 470,208,209,mistral_table,mistral_table,no
885,VISCONDE DO RIO BRANCO,126,311,121,16 796,78 039,141,143,303,111,1 376 324,5 259 185,208,209,mistral_table,mistral_table,no
886,VOLTA GRANDE,24,31,3,1 802,10 968,20,20,24,2,118 837,871 549,208,209,mistral_table,mistral_table,no
887,MENCESLAU BRAZ,8,13,-,490,3 060,3,3,4,-,11 593,53 298,208,209,mistral_table,mistral_table,no
888,ESPIRITO SANTO,6 569,33 469,20 568,3 383 634,14 961 701,7 353,7 656,49 068,36 428,316 889 332,1 529 284 330,208,209,mistral_table,mistral_table,no
889,ALGJAMENTO E ALIMENTAÇÃO,3 705,11 248,4 560,625 922,4 402 769,4 209,4 285,13 038,6 097,54 634 383,383 841 131,208,209,mistral_table,mistral_table,no
890,ALGJAMENTO,275,2 237,1 474,189 383,791 725,245,255,2 218,1 698,12 002 288,55 228 246,208,209,mistral_table,mistral_table,no
891,ALIMENTAÇÃO,3 430,9 011,3 086,436 539,3 611 044,3 964,4 030,10 820,4 399,42 632 095,328 612 885,208,209,mistral_table,mistral_table,no
892,"REPARAÇÃO, MANUTENÇÃO E INSTALAÇÃO",1 119,4 898,3 123,424 101,1 317 301,1 458,1 491,5 701,3 568,38 238 833,114 663 886,208,209,mistral_table,mistral_table,no
893,"REPARAÇÃO, MANUTENÇÃO E INSTALAÇÃO",1 119,4 898,3 123,424 101,1 317 301,1 458,1 491,5 701,3 568,38 238 833,114 663 886,208,209,mistral_table,mistral_table,no
894,"PESSOAIS, DE HIGIENE E ESTETICA PESSOAL",271,826,460,60 120,160 891,305,324,973,553,6 318 918,18 728 684,208,209,mistral_table,mistral_table,no
895,PESSOAIS,90,309,152,21 096,70 404,94,109,316,164,1 755 047,8 989 136,208,209,mistral_table,mistral_table,no
896,HIGIENE E DE ESTETICA PESSOAL,181,517,308,39 024,90 487,211,215,657,389,4 563 871,10 139 548,208,209,mistral_table,mistral_table,no
897,"RADIODIFUSÃO, TELEVISÃO E DIVERSÕES",74,766,566,115 754,544 386,83,98,1 006,776,14 840 312,59 719 508,208,209,mistral_table,mistral_table,no
898,RADIODIFUSÃO E TELEVISÃO,15,492,394,94 182,407 721,14,16,691,587,12 951 637,50 147 592,208,209,mistral_table,mistral_table,no
899,DIVERSÕES,59,274,174,21 572,136 665,69,82,315,189,1 888 675,9 571 916,208,209,mistral_table,mistral_table,no
900,AUXILIARES DIVERSOS,1 193,14 427,11 149,1 941 767,6 478 293,1 174,1 332,27 834,25 146,198 161 511,629 231 985,208,209,mistral_table,mistral_table,no
901,AUX. DA AGROPECUARIA E REFLORESTAMENTO,101,1 700,1 327,230 047,427 951,16,22,1 497,1 301,20 690 231,62 248 511,208,209,mistral_table,mistral_table,no
902,"AUX. COMERCIO, LOCAÇÃO DE BENS E SERVIÇOS",205,1 119,668,137 027,735 527,233,273,1 678,1 253,20 333 928,322 507 453,208,209,mistral_table,mistral_table,no
903,"AUX. FINANC., SEGUROS E CAPITALIZAÇÃO",18,114,68,22 462,132 581,7,11,37,21,289 847,12 823 445,208,209,mistral_table,mistral_table,no
904,AUXILIARES DOS TRANSPORTES,90,2 315,1 847,713 475,3 013 256,46,92,2 728,2 191,60 500 832,214 808 653,208,209,mistral_table,mistral_table,no
905,"AUX. CONSTRUÇÃO, OBRAS, GEODESIA, ETC",53,709,520,132 292,502 567,41,50,583,478,9 139 631,45 525 806,208,209,mistral_table,mistral_table,no
906,"AUX. DE LIMPEZA, HIGIENIZAÇÃO, ETC",38,2 808,2 341,114 873,300 473,30,37,14 042,13 987,26 450 741,129 781 360,208,209,mistral_table,mistral_table,no
907,AUX. PRESTADOS A EMPRESAS E PESSOAS,579,5 195,4 102,543 892,1 185 147,670,703,6 648,5 516,56 480 302,136 154 068,208,209,mistral_table,mistral_table,no
908,AUXILIARES DA SAÚDE,109,469,276,47 699,180 791,131,144,621,399,4 276 001,15 382 657,208,209,mistral_table,mistral_table,no
909,"COMPRA, VENDA, ADMINISTRAÇÃO BENS IMÓVEIS",207,1 304,706,215 970,2 058 061,124,126,516,288,4 695 375,23 099 136,208,209,mistral_table,mistral_table,no
910,COMPRA E VENDA DE BENS IMÓVEIS,181,1 107,597,183 524,1 961 883,73,73,289,152,2 912 760,11 477 575,208,209,mistral_table,mistral_table,no
911,"ADMINISTRAÇÃO, LOCAÇÃO, ETC",26,197,151,32 446,96 178,51,53,227,136,1 782 615,11 621 561,208,209,mistral_table,mistral_table,no
912,VITORIA,1 555,14 834,10 568,2 066 166,9 165 45-,1 524,1 684,25 427,22 013,178 397 917,916 384 654,208,209,mistral_table,mistral_table,no
913,ALGJAMENTO E ALIMENTAÇÃO,594,2 700,1 602,212 050,1 360 896,663,689,3 500,2 344,17 665 467,114 158 449,208,209,mistral_table,mistral_table,no
914,ALGJAMENTO,57,645,447,71 941,348 510,38,41,555,445,3 629 187,17 709 141,208,209,mistral_table,mistral_table,no
915,ALIMENTAÇÃO,537,2 055,1 155,140 109,1 012 386,625,648,2 945,1 899,14 036 280,96 449 308,208,209,mistral_table,mistral_table,no
916,"REPARAÇÃO, MANUTENÇÃO E INSTALAÇÃO",204,897,527,101 681,307 157,224,230,958,579,6 767 203,21 051 843,208,209,mistral_table,mistral_table,no
917,"REPARAÇÃO, MANUTENÇÃO E INSTALAÇÃO",204,897,527,101 681,307 157,224,230,958,579,6 767 203,21 051 843,208,209,mistral_table,mistral_table,no
918,"PESSOAIS, DE HIGIENE E ESTETICA PESSOAL",98,384,241,29 148,88 631,105,118,425,276,2 542 147,8 263 632,208,209,mistral_table,mistral_table,no
919,PESSOAIS,31,141,81,10 986,38 716,21,31,87,53,594 596,3 783 209,208,209,mistral_table,mistral_table,no
920,HIGIENE E DE ESTETICA PESSOAL,67,243,160,18 162,49 915,84,87,338,223,1 947 551,4 480 427,208,209,mistral_table,mistral_table,no
921,"RADIODIFUSÃO, TELEVISÃO E DIVERSÕES",24,508,407,97,354,20,26,679,571,12 809 651,51 770 014,210,211,mistral_table,mistral_table,no
922,RADIODIFUSÃO E TELEVISÃO,10,406,325,83,895,9,7,565,488,12 046 857,46 415 792,210,211,mistral_table,mistral_table,no
923,DIVERSÕES,14,102,82,13,459,14,19,114,83,762 794,5 354 222,210,211,mistral_table,mistral_table,no
924,AUXILIARES DIVERSOS,514,9 520,7 344,1 473,070,447,555,19 548,18 050,135 608 893,706 266 481,210,211,mistral_table,mistral_table,no
925,AUX. DA AGROPECUARIA E REFLORESTAMENTO,8,270,49,106,537,2,5,694,530,17 191 250,34 410 596,210,211,mistral_table,mistral_table,no
926,"AUX. COMÉRCIO, LOCAÇÃO DE BENS E SERVIÇOS",156,832,475,107,641,153,189,1 321,1 026,15 858 157,295 292 754,210,211,mistral_table,mistral_table,no
927,"AUX. FINANC., SEGUROS E CAPITALIZAÇÃO",16,108,68,18,544,4,8,30,19,257 967,2 647 596,210,211,mistral_table,mistral_table,no
928,AUXILIARES DOS TRANSPORTES,53,2 098,1 866,693,233,31,55,2 013,1 521,52 146 428,165 935 397,210,211,mistral_table,mistral_table,no
929,"AUX. CONSTRUÇÃO, OBRAS, GEODESIA, ETC",32,555,442,94,141,25,32,444,380,7 142 164,31 174 577,210,211,mistral_table,mistral_table,no
930,"AUX. DE LIMPEZA, HIGIENIZAÇÃO, ETC",25,2 503,2 056,103,983,13,16,11 228,11 198,12 050 685,94 887 431,210,211,mistral_table,mistral_table,no
931,AUX. PRESTADOS A EMPRESAS E PESSOAS,187,2 913,2 425,321,838,188,212,3 524,3 148,28 670 063,72 801 359,210,211,mistral_table,mistral_table,no
932,AUXILIARES DA SAÚDE,37,241,163,27,153,31,38,294,228,2 292 179,9 116 771,210,211,mistral_table,mistral_table,no
933,"COMPRA, VENDA, ADMINISTRAÇÃO BENS IMÓVEIS",121,825,447,154,883,65,66,317,193,3 004 556,14 874 235,210,211,mistral_table,mistral_table,no
934,COMPRA E VENDA DE BENS IMÓVEIS,102,737,389,139,526,38,38,166,91,1 632 902,6 106 846,210,211,mistral_table,mistral_table,no
935,"ADMINISTRAÇÃO, LOCAÇÃO, ETC",19,88,58,15,357,27,28,151,102,1 371 654,8 767 383,210,211,mistral_table,mistral_table,no
936,CACHOEIRO DE ITAPEMIRIM,504,1 815,1 058,154,532,520,541,1 860,976,11 186 908,44 080 658,210,211,mistral_table,mistral_table,no
937,ALIMENTAÇÃO,260,548,194,29,391,278,284,603,181,2 634 295,17 277 925,210,211,mistral_table,mistral_table,no
938,"REPARAÇÃO, MANUTENÇÃO E INSTALAÇÃO",121,602,423,55,886,125,131,690,465,3 993 880,14 105 109,210,211,mistral_table,mistral_table,no
939,AUX. PRESTADOS A EMPRESAS E PESSOAS,49,203,137,23,327,56,56,210,141,2 043 907,4 791 653,210,211,mistral_table,mistral_table,no
940,DEMAIS GÉNEROS,74,462,304,45,928,61,70,357,189,2 514 826,7 905 771,210,211,mistral_table,mistral_table,no
941,CARIÁCIA,495,1 777,989,161,246,590,599,3 541,2 674,22 527 814,59 422 036,210,211,mistral_table,mistral_table,no
942,ALIMENTAÇÃO,280,657,226,40,980,301,302,575,140,2 270 783,13 486 128,210,211,mistral_table,mistral_table,no
943,"REPARAÇÃO, MANUTENÇÃO E INSTALAÇÃO",102,(F),(F),(F),(F),167,169,645,408,5 289 566,10 184 242,210,211,mistral_table,mistral_table,no
944,"AUX. DE LIMPEZA, HIGIENIZAÇÃO, ETC",11,(A),(A),(A),(A),3,5,1 892,1 886,11 139 792,24 080 305,210,211,mistral_table,mistral_table,no
945,DEMAIS GÉNEROS,112,618,409,70,530,119,123,429,240,3 827 673,11 671 361,210,211,mistral_table,mistral_table,no
946,COLATINA,384,1 466,873,95,808,331,345,1 292,796,7 188 639,38 941 440,210,211,mistral_table,mistral_table,no
947,ALIMENTAÇÃO,205,484,180,21,564,181,183,478,198,1 789 890,16 001 088,210,211,mistral_table,mistral_table,no
948,"REPARAÇÃO, MANUTENÇÃO E INSTALAÇÃO",78,509,376,34,105,58,59,325,240,1 422 833,6 424 373,210,211,mistral_table,mistral_table,no
949,AUXILIARES DOS TRANSPORTES,4,83,83,5,205,-,5,46,46,1 331 080,5 748 287,210,211,mistral_table,mistral_table,no
950,DEMAIS GÉNEROS,97,390,234,34,934,92,98,443,312,2 644 836,10 767 692,210,211,mistral_table,mistral_table,no
951,LINHARES,290,2 053,1 587,119,612,242,251,1 533,1 168,8 509 184,44 482 753,210,211,mistral_table,mistral_table,no
952,ALIMENTAÇÃO,151,371,118,15,108,124,124,316,136,1 094 408,10 395 509,210,211,mistral_table,mistral_table,no
953,"REPARAÇÃO, MANUTENÇÃO E INSTALAÇÃO",61,362,278,31,037,48,53,403,316,2 955 056,12 336 580,210,211,mistral_table,mistral_table,no
954,AUX. DA AGROPECUARIA E REFLORESTAMENTO,4,011,995,48,664,4,6,435,423,2 297 281,12 142 687,210,211,mistral_table,mistral_table,no
955,DEMAIS GÉNEROS,74,309,196,24,803,66,68,379,293,2 162 439,9 607 977,210,211,mistral_table,mistral_table,no
956,SERRA,268,955,453,62,452,305,315,1 797,1 276,15 596 074,62 362 078,210,211,mistral_table,mistral_table,no
957,ALIMENTAÇÃO,210,522,130,23,328,214,214,538,182,2 132 998,15 005 918,210,211,mistral_table,mistral_table,no
958,"AUX. COMÉRCIO, LOCAÇÃO DE BENS E SERVIÇOS",1,(A),(A),(A),(A),5,6,99,86,2 482 976,13 015 952,210,211,mistral_table,mistral_table,no
959,AUX. PRESTADOS A EMPRESAS E PESSOAS,11,(D),(D),(D),(D),15,18,368,326,6 495 750,17 805 981,210,211,mistral_table,mistral_table,no
960,DEMAIS GÉNEROS,46,386,297,30,378,71,77,792,682,4 484 350,16 534 227,210,211,mistral_table,mistral_table,no
961,VILA VELHA,740,3 130,1 812,263,619,906,927,3 688,2 241,21 732 901,106 370 936,210,211,mistral_table,mistral_table,no
962,ALIMENTAÇÃO,428,978,250,47,728,522,526,1 084,271,4 356 415,28 244 333,210,211,mistral_table,mistral_table,no
963,"REPARAÇÃO, MANUTENÇÃO E INSTALAÇÃO",135,601,386,52,015,175,181,664,407,4 176 287,13 253 441,210,211,mistral_table,mistral_table,no
964,AUXILIARES DOS TRANSPORTES,3,4,3,616,1,6,8,548,535,5 102 141,37 436 792,210,211,mistral_table,mistral_table,no
965,DEMAIS GÉNEROS,174,1 547,1 173,163,380,203,212,1 392,1 028,8 096 058,27 436 370,210,211,mistral_table,mistral_table,no
966,AFONSO CLÁUDIO,69,180,73,10,549,104,106,265,129,2 479 801,8 567 223,210,211,mistral_table,mistral_table,no
967,ALEGRE,70,232,124,14,144,101,103,221,80,1 414 207,5 555 348,210,211,mistral_table,mistral_table,no
968,ALFREDO CHAVES,12,25,3,1,608,27,27,62,12,356 529,1 280 951,210,211,mistral_table,mistral_table,no
969,ANCHIETA,40,116,31,5,823,43,44,120,34,283 642,1 802 548,210,211,mistral_table,mistral_table,no
970,APIACA,13,32,11,1,788,12,12,21,3,55 378,379 560,210,211,mistral_table,mistral_table,no
971,ARACRUZ,108,355,164,27,737,95,96,473,318,2 572 793,19 184 557,210,211,mistral_table,mistral_table,no
972,ATILIO VIVACQUA,7,12,-,366,4,3,3,5,1,13 423,85 219,210,211,mistral_table,mistral_table,no
973,BAIXO QUANDU,70,201,65,9,282,94,96,253,118,994 490,5 020 800,210,211,mistral_table,mistral_table,no
974,BARRA DE SÃO FRANCISCO,103,217,90,13,466,153,154,336,132,1 232 419,6 032 411,210,211,mistral_table,mistral_table,no
975,BOA ESPERANÇA,21,45,13,2,729,15,17,53,25,284 747,1 253 985,210,211,mistral_table,mistral_table,no
976,BOM JESUS DO NORTE,29,87,33,3,006,27,27,60,10,120 154,802 940,210,211,mistral_table,mistral_table,no
977,CASTELD,72,189,75,12,205,82,83,252,111,1 311 631,5 334 960,210,211,mistral_table,mistral_table,no
978,CONCEIÇÃO DA BARRA,67,204,102,11,471,67,67,225,117,1 358 677,5 724 648,210,211,mistral_table,mistral_table,no
979,CONCEIÇÃO DO CASTELD,35,99,34,5,368,53,55,168,89,633 000,3 294 000,210,211,mistral_table,mistral_table,no
980,DIVINO DE SÃO LOURENÇO,3,5,3,700,1,1,1,(A),(A),(X),(A),210,211,mistral_table,mistral_table,no
981,DOMINGOS MARTINS,42,139,69,10,732,67,67,271,152,2 078 402,6 379 691,210,211,mistral_table,mistral_table,no
982,DORES DO RIO PRETO,6,11,2,477,3,8,8,17,4,80 684,216 782,210,211,mistral_table,mistral_table,no
983,ECOPORANGA,32,76,30,6,080,57,57,148,69,629 813,3 149 474,210,211,mistral_table,mistral_table,no
984,FUNDÃO,40,103,30,4,746,36,36,80,25,346 960,2 021 321,210,211,mistral_table,mistral_table,no
985,GUAQUI,82,240,102,18,541,70,73,208,111,1 240 800,7 369 978,210,211,mistral_table,mistral_table,no
986,GUARAPARI,234,1 259,656,92 887,378 894,306,319,1 323,788,6 541 256,34 945 970,212,213,mistral_table,mistral_table,no
987,IBATIBA,-,-,-,-,-,15,15,29,11,125 950,919 198,212,213,mistral_table,mistral_table,no
988,IBIRAÇU,92,301,125,14 181,91 647,74,76,913,783,6 146 824,16 257 309,212,213,mistral_table,mistral_table,no
989,ICONHA,20,66,29,4 639,21 009,56,58,164,83,1 730 942,3 678 077,212,213,mistral_table,mistral_table,no
990,ITAGUAÇU,24,84,32,3 385,20 475,29,29,65,13,82 969,1 427 053,212,213,mistral_table,mistral_table,no
991,ITAPEMIRIM,113,288,84,12 962,85 955,97,99,248,94,935 269,5 743 394,212,213,mistral_table,mistral_table,no
992,ITARANA,20,56,26,3 219,14 513,29,30,73,14,178 706,1 354 742,212,213,mistral_table,mistral_table,no
993,IUNA,66,161,54,9 341,42 922,40,40,94,36,205 754,1 916 158,212,213,mistral_table,mistral_table,no
994,JAGUARE,-,-,-,-,-,16,16,45,11,407 566,1 592 338,212,213,mistral_table,mistral_table,no
995,JERONIMO MONTEIRO,22,52,15,3 261,13 546,23,23,51,8,129 272,1 032 537,212,213,mistral_table,mistral_table,no
996,MANTENOPOLIS,12,25,11,1 766,6 270,26,26,51,25,324 204,1 930 570,212,213,mistral_table,mistral_table,no
997,MARILANDIA,-,-,-,-,-,13,13,23,6,81 105,1 313 584,212,213,mistral_table,mistral_table,no
998,MIMOSO DO SUL,61,237,118,15 334,60 927,102,103,301,135,767 531,4 573 785,212,213,mistral_table,mistral_table,no
999,MONTANHA,41,199,112,9 377,39 730,44,44,157,59,501 742,11 832 352,212,213,mistral_table,mistral_table,no
1000,MUCURICI,13,33,14,1 863,4 763,20,20,46,16,264 478,938 961,212,213,mistral_table,mistral_table,no
1001,MUNIZ FREIRE,31,96,43,5 418,22 616,33,33,77,35,291 567,1 510 322,212,213,mistral_table,mistral_table,no
1002,MUGUI,24,61,18,3 673,19 823,41,41,87,39,318 051,1 816 111,212,213,mistral_table,mistral_table,no
1003,NOVA VENECIA,124,392,178,25 552,94 310,90,91,280,145,1 338 435,7 897 114,212,213,mistral_table,mistral_table,no
1004,PANCAS,52,110,39,5 351,31 124,39,42,111,31,311 311,2 767 532,212,213,mistral_table,mistral_table,no
1005,PEDRO CAMARIO,-,-,-,-,-,61,61,185,91,2 479 550,7 812 814,212,213,mistral_table,mistral_table,no
1006,PINHEIROS,29,66,21,4 230,16 994,110,110,266,111,963 828,3 533 802,212,213,mistral_table,mistral_table,no
1007,PIUMA,13,23,5,1 132,7 401,44,45,72,8,206 706,1 262 950,212,213,mistral_table,mistral_table,no
1008,PRESIDENTE KENNEDY,7,16,8,1 439,3 577,29,29,55,21,32 974,504 399,212,213,mistral_table,mistral_table,no
1009,RIO BANANAL,-,-,-,-,-,22,23,46,9,244 978,1 192 998,212,213,mistral_table,mistral_table,no
1010,RIO NOVO DO SUL,28,78,25,4 515,20 975,23,23,50,18,177 723,1 016 783,212,213,mistral_table,mistral_table,no
1011,SANTA LEOPOLDINA,31,92,34,5 992,25 677,37,40,94,39,248 742,2 699 403,212,213,mistral_table,mistral_table,no
1012,SANTA TERESA,72,223,62,9 108,63 840,62,63,142,30,364 521,3 257 716,212,213,mistral_table,mistral_table,no
1013,SÃO GABRIEL DA PALHA,90,238,86,12 855,60 389,97,99,265,121,1 009 825,6 044 146,212,213,mistral_table,mistral_table,no
1014,SÃO JOSE DO CALÇADO,28,84,29,3 284,14 108,30,30,73,32,188 791,1 720 328,212,213,mistral_table,mistral_table,no
1015,SÃO MATEUS,133,462,243,26 320,174 930,157,163,933,637,5 153 135,30 037 685,212,213,mistral_table,mistral_table,no
1016,VIANA,32,169,107,16 277,76 339,55,60,369,295,2 504 720,11 194 884,212,213,mistral_table,mistral_table,no
1017,RIO DE JANEIRO,50 114,380 168,259 623,56 345 945,233 191 162,50 907,53 014,413 063,294 234,5 545 470 180,22 332 762 400,212,213,mistral_table,mistral_table,no
1018,ALOJAMENTO E ALIMENTAÇÃO,23 242,112 838,69 901,8 966 456,61 355 811,23 503,24 025,127 064,81 859,828 491 881,5 066 188 272,212,213,mistral_table,mistral_table,no
1019,ALOJAMENTO,1 153,19 096,14 023,2 236 861,10 639 069,1 187,1 261,24 807,20 039,261 058 772,1 214 637 503,212,213,mistral_table,mistral_table,no
1020,ALIMENTAÇÃO,22 089,93 742,55 878,6 729 595,50 716 742,22 316,22 764,102 257,61 820,567 433 109,3 851 550 769,212,213,mistral_table,mistral_table,no
1021,"REPARAÇÃO, MANUTENÇÃO E INSTALAÇÃO",9 349,38 449,22 175,3 972 984,14 049 378,9 909,10 100,35 134,19 343,252 490 645,861 532 411,212,213,mistral_table,mistral_table,no
1022,"REPARAÇÃO, MANUTENÇÃO E INSTALAÇÃO",9 349,38 446,22 175,3 972 984,14 049 378,9 909,10 100,35 134,19 343,252 490 645,861 532 411,212,213,mistral_table,mistral_table,no
1023,"PESSOAIS, DE HIGIENE E ESTETICA PESSOAL",5 412,21 380,12 837,1 695 128,4 533 474,5 326,5 510,21 219,12 718,121 618 477,331 261 447,212,213,mistral_table,mistral_table,no
1024,PESSOAIS,1 524,7 607,4 898,608 449,2 054 282,1 361,1 518,6 065,3 730,35 837 085,122 037 731,212,213,mistral_table,mistral_table,no
1025,HIGIENE E DE ESTETICA PESSOAL,3 888,13 773,7 939,1 086 679,2 479 192,3 965,3 992,15 154,8 988,85 781 392,209 223 716,212,213,mistral_table,mistral_table,no
1026,"RADIODIFUSÃO, TELEVISÃO E DIVERSÕES",661,10 364,7 493,2 831 749,12 289 652,570,682,14 252,10 291,476 458 367,1 374 575 773,212,213,mistral_table,mistral_table,no
1027,RADIODIFUSÃO E TELEVISÃO,74,7 156,5 128,2 416 816,9 400 173,65,82,10 352,7 447,443 193 478,1 060 039 701,212,213,mistral_table,mistral_table,no
1028,DIVERSÕES,487,3 208,2 365,414 933,2 889 479,505,600,3 900,2 844,33 264 889,314 536 072,212,213,mistral_table,mistral_table,no
1029,AUXILIARES DIVERSOS,9 442,122 165,138 651,36 371 454,126 353 872,9 803,10 830,202 726,161 156,3 713 792 698,13 764 286 008,212,213,mistral_table,mistral_table,no
1030,AUX. DA AGROPECUARIA E REFLORESTAMENTO,48,1 412,1 186,336 675,584 976,45,49,1 022,870,19 708 867,40 361 493,212,213,mistral_table,mistral_table,no
1031,"AUX. COMERCIO, LOCAÇÃO DE BENS E SERVIÇOS",1 526,17 266,10 940,4 548 398,31 187 992,1 621,2 053,21 686,14 572,651 275 926,2 609 023 997,212,213,mistral_table,mistral_table,no
1032,"AUX. FINANC., SEGUROS E CAPITALIZAÇÃO",384,5 625,4 152,1 106 991,5 003 734,314,340,3 269,2 195,62 891 192,402 197 905,212,213,mistral_table,mistral_table,no
1033,AUXILIARES DOS TRANSPORTES,829,14 839,10 413,3 130 779,15 219 434,696,981,24 551,19 675,629 187 929,3 079 641 636,212,213,mistral_table,mistral_table,no
1034,"AUX. CONSTRUÇÃO, OBRAS, GEOGESIA, ETC",622,19 258,12 157,7 148 832,23 112 043,544,613,19 692,14 699,592 751 340,1 985 995 780,212,213,mistral_table,mistral_table,no
1035,"AUX. DE LIMPEZA, HIGIENIZAÇÃO, ETC",469,38 467,36 221,2 512 694,6 159 715,439,467,38 979,37 670,189 567 543,436 249 007,212,213,mistral_table,mistral_table,no
1036,AUX. PRESTADOS A EMPRESAS E PESSOAS,4 837,80 735,60 828,17 017 913,43 177 947,5 261,5 570,88 469,67 946,1 523 693 206,5 033 245 296,212,213,mistral_table,mistral_table,no
1037,AUXILIARES DA SAÚDE,727,4 563,2 754,569 172,1 908 031,683,767,5 058,3 525,44 716 695,177 572 894,212,213,mistral_table,mistral_table,no
1038,"COMPRA, VENDA, ADMINISTRAÇÃO BENS IMÓVEIS",2 108,14 975,8 566,2 508 174,14 608 975,1 796,1 867,12 668,8 867,152 618 112,934 916 489,212,213,mistral_table,mistral_table,no
1039,COMPRA E VENDA DE BENS IMÓVEIS,1 084,6 363,3 307,1 151 692,8 227 687,514,536,2 618,1 636,30 882 539,294 339 296,212,213,mistral_table,mistral_table,no
1040,"ADMINISTRAÇÃO, LOCAÇÃO, ETC",1 024,8 612,5 259,1 356 482,6 361 288,1 282,1 331,10 050,7 231,121 735 573,640 577 193,214,215,mistral_table,mistral_table,no
1041,REGIÃO METROPOLITANA,39 957,341 884,237 625,52 707 664,216 907 039,40 288,42 126,367 463,265 176,5 213 864 919,20 861 792 077,214,215,mistral_table,mistral_table,no
1042,ALOJAMENTO E ALIMENTAÇÃO,17 189,95 424,61 707,7 854 919,53 952 348,17 338,17 756,106 137,70 543,713 185 884,4 393 812 969,214,215,mistral_table,mistral_table,no
1043,ALOJAMENTO,723,15 302,11 225,1 925 290,9 177 408,744,794,20 243,16 393,230 378 104,1 064 688 522,214,215,mistral_table,mistral_table,no
1044,ALIMENTAÇÃO,16 466,80 122,50 482,5 929 629,44 774 940,16 594,16 962,85 894,54 150,482 807 780,3 329 124 447,214,215,mistral_table,mistral_table,no
1045,"REPARAÇÃO, MANUTENÇÃO E INSTALAÇÃO",7 523,32 199,18 637,3 459 498,12 336 404,7 659,7 810,28 790,16 040,214 597 025,727 399 718,214,215,mistral_table,mistral_table,no
1046,"REPARAÇÃO, MANUTENÇÃO E INSTALAÇÃO",7 523,32 199,18 637,3 459 498,12 338 404,7 659,7 810,28 790,16 040,214 597 025,727 399 718,214,215,mistral_table,mistral_table,no
1047,"PESSOAIS, DE HIGIENE E ESTÉTICA PESSOAL",4 766,19 923,12 241,1 589 163,4 222 791,4 695,4 867,19 622,11 991,112 376 907,304 915 008,214,215,mistral_table,mistral_table,no
1048,PESSOAIS,1 334,7 120,4 687,572 252,1 921 922,1 136,1 281,9 487,3 495,33 010 316,110 741 936,214,215,mistral_table,mistral_table,no
1049,HIGIENE E DE ESTÉTICA PESSOAL,3 432,12 803,7 554,1 016 911,2 300 869,3 559,3 586,14 135,8 496,79 366 591,194 173 072,214,215,mistral_table,mistral_table,no
1050,"RADIODIFUSÃO, TELEVISÃO E DIVERSÕES",422,9 630,6 971,2 772 286,12 042 494,448,548,13 284,9 594,470 342 814,1 349 163 359,214,215,mistral_table,mistral_table,no
1051,RADIODIFUSÃO E TELEVISÃO,51,6 854,4 884,2 389 702,9 320 184,31,44,9 745,6 952,438 928 974,1 043 282 365,214,215,mistral_table,mistral_table,no
1052,DIVERSÕES,371,2 776,2 087,382 584,2 722 310,417,504,3 539,2 642,31 413 840,305 880 994,214,215,mistral_table,mistral_table,no
1053,AUXILIARES DIVERSOS,8 218,171 065,130 167,34 726 582,120 528 013,8 564,9 501,187 779,148 602,3 557 420 708,13 179 621 774,214,215,mistral_table,mistral_table,no
1054,AUX. DA AGROPECUARIA E REFLORESTAMENTO,20,1 198,1 025,313 890,474 661,34,35,852,744,19 044 362,36 328 454,214,215,mistral_table,mistral_table,no
1055,"AUX. COMÉRCIO, LOCAÇÃO DE BENS E SERVIÇOS",440,16 452,10 367,4 464 748,30 792 773,1 696,1 900,20 548,13 719,636 348 250,2 530 935 148,214,215,mistral_table,mistral_table,no
1056,"AUX. FINÂNCIO, SEGURÕES E CAPITALIZAÇÃO",364,5 412,4 000,1 069 781,4 821 500,300,326,3 227,2 177,62 590 365,401 291 250,214,215,mistral_table,mistral_table,no
1057,AUXILIARES DOS TRANSPORTES,743,14 140,8 875,3 056 562,14 967 930,633,892,23 311,18 581,601 660 307,2 925 442 330,214,215,mistral_table,mistral_table,no
1058,"AUX. CONSTRUÇÃO, OBRAS, GEODÉSIA, ETC",570,18 473,11 494,6 924 463,21 205 781,509,575,19 390,14 467,583 831 125,1 918 696 816,214,215,mistral_table,mistral_table,no
1059,"AUX. DE LIMPEZA, HIGIENIZAÇÃO, ETC",570,36 283,34 157,2 379 544,5 856 491,387,412,34 775,33 578,165 720 473,394 938 603,214,215,mistral_table,mistral_table,no
1060,AUX. PRESTADOS À EMPRESAS E PESSOAS,4 063,75 395,57 020,16 055 371,40 945 545,4 468,4 755,81 471,62 391,1 450 300 901,4 828 084 830,214,215,mistral_table,mistral_table,no
1061,AUXILIARES DA SAÚDE,598,3 712,2 229,462 225,1 463 331,537,606,4 205,2 945,37 920 925,143 904 343,214,215,mistral_table,mistral_table,no
1062,"COMPRA, VENDA, ADMINISTRAÇÃO BENS IMÓVEIS",1 839,13 643,7 902,2 305 216,13 822 990,1 584,1 644,11 851,8 406,145 941 581,906 879 249,214,215,mistral_table,mistral_table,no
1063,COMPRA E VENDA DE BENS IMÓVEIS,879,5 442,2 906,991 833,7 553 112,431,450,2 378,1 531,28 799 990,285 766 240,214,215,mistral_table,mistral_table,no
1064,"ADMINISTRAÇÃO, LOCAÇÃO, ETC",960,8 201,4 996,1 313 383,6 269 878,1 153,1 194,9 473,6 875,117 141 591,621 113 009,214,215,mistral_table,mistral_table,no
1065,RIO DE JANEIRO,26 119,293 475,212 118,48 749 005,198 640 346,25 618,27 112,310 361,231 702,4 841 906 041,19 303 370 756,214,215,mistral_table,mistral_table,no
1066,ALOJAMENTO E ALIMENTAÇÃO,9 230,73 109,52 022,6 502 420,43 806 079,9 211,9 545,80 141,57 559,587 724 478,3 623 481 787,214,215,mistral_table,mistral_table,no
1067,ALOJAMENTO,456,12 457,9 134,1 712 519,8 421 618,476,520,16 765,13 730,209 643 719,996 424 297,214,215,mistral_table,mistral_table,no
1068,ALIMENTAÇÃO,8 774,60 652,42 888,4 789 901,35 386 461,8 735,9 025,63 376,43 829,378 080 759,2 627 057 490,214,215,mistral_table,mistral_table,no
1069,"REPARAÇÃO, MANUTENÇÃO E INSTALAÇÃO",5 124,24 811,15 030,2 837 694,10 426 761,4 712,4 821,19 623,11 303,159 902 401,553 249 523,214,215,mistral_table,mistral_table,no
1070,"REPARAÇÃO, MANUTENÇÃO E INSTALAÇÃO",5 124,24 811,15 030,2 837 694,10 426 761,4 712,4 821,19 623,11 303,159 902 401,553 249 523,214,215,mistral_table,mistral_table,no
1071,"PESSOAIS, DE HIGIENE E ESTÉTICA PESSOAL",3 502,16 432,10 613,1 353 642,3 551 524,3 305,3 416,15 120,9 533,89 558 225,232 851 727,214,215,mistral_table,mistral_table,no
1072,PESSOAIS,1 010,5 891,4 017,486 788,1 619 326,829,927,4 026,2 562,24 501 622,77 492 584,214,215,mistral_table,mistral_table,no
1073,HIGIENE E DE ESTÉTICA PESSOAL,2 492,10 541,6 596,866 854,1 932 198,2 476,2 489,11 094,6 971,65 056 603,155 359 143,214,215,mistral_table,mistral_table,no
1074,"RADIODIFUSÃO, TELEVISÃO E DIVERSÕES",306,9 067,6 614,2 731 715,11 638 504,339,410,12 689,9 204,466 994 084,1 325 051 005,214,215,mistral_table,mistral_table,no
1075,RADIODIFUSÃO E TELEVISÃO,36,6 733,4 818,2 378 128,9 211 682,25,36,9 669,6 899,438 264 915,1 041 703 051,214,215,mistral_table,mistral_table,no
1076,DIVERSÕES,268,2 334,1 796,353 587,2 416 822,314,374,3 020,2 305,28 729 169,283 347 954,214,215,mistral_table,mistral_table,no
1077,AUXILIARES DIVERSOS,6 635,158 998,121 295,33 276 619,116 692 033,6 890,7 709,172 744,136 710,3 405 192 307,12 705 708 728,214,215,mistral_table,mistral_table,no
1078,AUX. DA AGROPECUARIA E REFLORESTAMENTO,18,137,35,30 171,57 413,25,26,221,131,3 643 082,12 755 822,214,215,mistral_table,mistral_table,no
1079,"AUX. COMÉRCIO, LOCAÇÃO DE BENS E SERVIÇOS",360,16 024,10 084,4 415 548,30 626 504,1 558,1 736,19 505,12 937,625 189 200,2 500 134 860,214,215,mistral_table,mistral_table,no
1080,"AUX. FINÂNCIO, SEGURÕES E CAPITALIZAÇÃO",335,5 044,3 675,1 039 046,4 652 351,279,305,3 107,2 115,61 358 577,396 254 276,214,215,mistral_table,mistral_table,no
1081,AUXILIARES DOS TRANSPORTES,633,13 315,9 269,2 971 452,14 675 104,482,718,22 217,17 768,585 255 492,2 794 714 483,214,215,mistral_table,mistral_table,no
1082,"AUX. CONSTRUÇÃO, OBRAS, GEODÉSIA, ETC",489,17 736,11 034,6 797 615,20 737 146,468,531,18 693,13 941,569 289 336,1 844 626 054,214,215,mistral_table,mistral_table,no
1083,"AUX. DE LIMPEZA, HIGIENIZAÇÃO, ETC",361,34 609,32 602,2 279 358,5 573 642,328,350,32 831,31 790,155 505 392,370 848 306,214,215,mistral_table,mistral_table,no
1084,AUX. PRESTADOS À EMPRESAS E PESSOAS,3 074,70 127,53 453,15 452 665,39 534 182,3 426,3 681,73 590,56 222,1 378 429 971,4 690 271 449,214,215,mistral_table,mistral_table,no
1085,AUXILIARES DA SAÚDE,356,2 006,1 143,290 764,831 691,324,362,2 580,1 806,26 521 257,96 303 473,214,215,mistral_table,mistral_table,no
1086,"COMPRA, VENDA, ADMINISTRAÇÃO BENS IMÓVEIS",1 331,11 058,6 544,2 046 915,12 533 445,1 161,1 211,10 044,7 393,132 534 546,863 027 986,214,215,mistral_table,mistral_table,no
1087,COMPRA E VENDA DE BENS IMÓVEIS,596,4 047,2 182,849 074,6 582 325,312,328,1 922,1 270,25 249 213,268 152 871,214,215,mistral_table,mistral_table,no
1088,"ADMINISTRAÇÃO, LOCAÇÃO, ETC",735,7 011,4 362,1 197 841,5 951 120,849,883,8 122,6 123,107 285 333,594 875 115,214,215,mistral_table,mistral_table,no
1089,BARRA MANSA,962,2 788,1 389,208 150,1 145 140,820,834,2 378,1 198,14 189 021,64 341 083,214,215,mistral_table,mistral_table,no
1090,ALIMENTAÇÃO,594,1 203,406,64 821,638 810,470,474,1 047,365,4 552 978,31 455 471,214,215,mistral_table,mistral_table,no
1091,"REPARAÇÃO, MANUTENÇÃO E INSTALAÇÃO",160,588,357,50 577,171 807,143,147,351,160,2 030 679,7 350 531,214,215,mistral_table,mistral_table,no
1092,AUX. PRESTADOS À EMPRESAS E PESSOAS,55,238,155,28 106,54 984,56,57,294,211,2 858 841,5 603 462,214,215,mistral_table,mistral_table,no
1093,DEMAIS GÉNEROS,153,759,471,64 646,279 539,151,156,686,462,4 746 523,19 931 619,214,215,mistral_table,mistral_table,no
1094,CAMPOS,967,4 189,2 621,336 761,1 330 358,1 129,1 164,4 260,2 577,22 249 173,89 303 510,214,215,mistral_table,mistral_table,no
1095,ALIMENTAÇÃO,448,1 217,544,61 692,319 076,547,557,1 701,879,6 516 325,30 772 862,214,215,mistral_table,mistral_table,no
1096,"REPARAÇÃO, MANUTENÇÃO E INSTALAÇÃO",226,902,546,74 643,293 429,326,331,1 056,629,5 168 115,23 403 112,214,215,mistral_table,mistral_table,no
1097,RADIODIFUSÃO E TELEVISÃO,7,118,110,10 918,24 631,6,7,240,178,1 702 196,6 507 321,214,215,mistral_table,mistral_table,no
1098,DEMAIS GÉNEROS,286,1 952,1 421,189 508,693 222,250,269,1 263,891,8 862 537,28 620 215,214,215,mistral_table,mistral_table,no
1099,DUQUE DE CAXIAS,2 278,7 661,3 744,609 940,2 797 001,2 201,2 244,7 807,4 024,50 383 282,231 358 514,214,215,mistral_table,mistral_table,no
1100,ALIMENTAÇÃO,295,3 345,1 260,194 913,1 541 513,1 135,1 145,3 230,1 363,15 269 211,107 433 854,214,215,mistral_table,mistral_table,no
1101,"REPARAÇÃO, MANUTENÇÃO E INSTALAÇÃO",428,1 351,627,137 286,405 737,503,512,1 453,649,8 809 196,27 531 439,214,215,mistral_table,mistral_table,no
1102,"AUX. CONSTRUÇÃO, OBRAS, GEODÉSIA, ETC",12,93,70,14 855,56 815,9,9,277,173,8 617 825,41 483 035,214,215,mistral_table,mistral_table,no
1103,DEMAIS GÉNEROS,543,2 872,1 787,262 886,792 936,554,578,2 847,1 839,17 687 050,54 910 186,214,215,mistral_table,mistral_table,no
1104,ITABORAI,326,858,353,61 558,377 545,763,768,2 228,1 265,9 419 736,31 786 849,214,215,mistral_table,mistral_table,no
1105,ALIMENTAÇÃO,213,440,129,25 049,190 996,504,506,1 149,532,3 890 517,17 523 186,214,215,mistral_table,mistral_table,no
1106,"REPARAÇÃO, MANUTENÇÃO E INSTALAÇÃO",57,170,82,13 761,36 683,148,149,(F),(F),(X),(E),214,215,mistral_table,pdf_text_tokens,no
1107,"AUX. DE LIMPEZA, HIGIENIZAÇÃO, ETC",55,248,142,22 748,149 866,1,1,(F),(F),(X),(E),214,215,mistral_table,pdf_text_tokens,no
1108,DEMAIS GÉNEROS,56,248,142,22 748,149 866,110,112,407,251,2 163 097,6 442 655,214,215,mistral_table,mistral_table,no
1109,ITAGUAI,394,1 055,433,56 714,327 511,304,318,1 442,878,14 994 940,131 306 563,214,215,mistral_table,mistral_table,no
1110,ALIMENTAÇÃO,258,640,226,28 030,246 056,143,153,515,270,2 599 950,17 162 597,214,215,mistral_table,mistral_table,no
1111,"REPARAÇÃO, MANUTENÇÃO E INSTALAÇÃO",62,(F),(E),(X),(E),69,69,(F),(E),(X),(E),214,215,mistral_table,pdf_text_tokens,no
1112,AUXILIARES DOS TRANSPORTES,(A),(A),(A),(X),(A),-,1,(E),(E),(X),(G),214,215,mistral_table,tesseract_por_review,no
1113,DEMAIS GÉNEROS,73,272,153,20 820,53 543,92,95,535,378,2 986 952,8 700 517,214,215,mistral_table,mistral_table,no
1114,MAGE,513,1 351,534,85 597,387 904,437,444,1 266,506,6 289 739,26 134 610,216,217,mistral_table,mistral_table,no
1115,ALIMENTAÇÃO,335,688,184,30 517,235 017,238,242,567,211,2 280 338,17 311 116,216,217,mistral_table,mistral_table,no
1116,"REPARAÇÃO, MANUTENÇÃO E INSTALAÇÃO",57,136,47,8 518,21 700,102,102,235,104,1 051 481,2 927 092,216,217,mistral_table,mistral_table,no
1117,AUX. PRESTADOS A EMPRESAS E PESSOAS,35,152,95,15 153,27 119,45,47,147,88,906 758,2 220 963,216,217,mistral_table,mistral_table,no
1118,DEMAIS GÉNEROS,86,375,208,31 409,104 068,52,53,317,103,2 051 162,3 675 439,216,217,mistral_table,mistral_table,no
1119,NILÓPOLIS,562,1 439,592,97 644,487 457,662,673,1 895,883,10 044 514,46 149 115,216,217,mistral_table,mistral_table,no
1120,ALIMENTAÇÃO,305,597,156,34 091,293 296,349,350,800,261,3 117 718,22 806 285,216,217,mistral_table,mistral_table,no
1121,"REPARAÇÃO, MANUTENÇÃO E INSTALAÇÃO",98,235,85,19 005,65 905,138,139,345,149,1 771 924,5 349 903,216,217,mistral_table,mistral_table,no
1122,AUXILIARES DA SAÚDE,10,48,32,4 470,19 309,13,15,104,73,670 892,6 199 814,216,217,mistral_table,mistral_table,no
1123,DEMAIS GÉNEROS,149,559,319,40 078,108 947,162,169,646,400,4 483 980,11 793 113,216,217,mistral_table,mistral_table,no
1124,NITÉRIO,1 982,12 195,8 450,1 222 929,5 389 887,2 194,2 307,13 389,9 438,103 376 005,361 442 692,216,217,mistral_table,mistral_table,no
1125,ALIMENTAÇÃO,756,3 634,2 295,250 681,2 119 882,932,948,4 537,2 788,24 950 607,168 143 574,216,217,mistral_table,mistral_table,no
1126,"REPARAÇÃO, MANUTENÇÃO E INSTALAÇÃO",398,1 607,933,135 710,441 075,440,451,1 697,981,10 651 516,34 021 207,216,217,mistral_table,mistral_table,no
1127,AUX. PRESTADOS A EMPRESAS E PESSOAS,180,983,661,144 374,456 572,179,193,2 154,1 859,21 935 232,30 727 134,216,217,mistral_table,mistral_table,no
1128,DEMAIS GÉNEROS,648,5 971,4 561,691 164,2 372 358,643,715,5 001,3 810,45 838 650,128 550 777,216,217,mistral_table,mistral_table,no
1129,NOVA FRIBURGO,713,2 469,1 378,219 712,863 784,664,685,2 584,1 552,18 163 141,70 031 632,216,217,mistral_table,mistral_table,no
1130,ALOJAMENTO,38,389,283,35 806,147 407,30,31,362,274,3 728 275,12 111 559,216,217,mistral_table,mistral_table,no
1131,ALIMENTAÇÃO,327,815,346,48 447,324 212,308,315,985,529,5 100 275,28 629 951,216,217,mistral_table,mistral_table,no
1132,"REPARAÇÃO, MANUTENÇÃO E INSTALAÇÃO",136,406,221,35 933,107 375,159,166,522,295,3 351 595,10 625 662,216,217,mistral_table,mistral_table,no
1133,DEMAIS GÉNEROS,212,859,528,99 526,284 790,167,173,715,454,5 982 996,18 664 460,216,217,mistral_table,mistral_table,no
1134,NOVA IGUAÇU,2 989,8 182,3 459,548 673,2 680 739,2 682,2 732,8 870,4 805,51 618 955,226 588 311,216,217,mistral_table,mistral_table,no
1135,ALIMENTAÇÃO,1 915,4 084,1 227,218 424,1 709 107,1 511,1 523,2 900,1 707,18 548 671,119 188 663,216,217,mistral_table,mistral_table,no
1136,"REPARAÇÃO, MANUTENÇÃO E INSTALAÇÃO",412,1 122,508,81 521,269 177,510,517,1 864,1 073,12 093 953,42 460 824,216,217,mistral_table,mistral_table,no
1137,AUX. PRESTADOS A EMPRESAS E PESSOAS,185,809,496,71 823,152 093,185,186,824,545,6 067 829,14 786 747,216,217,mistral_table,mistral_table,no
1138,DEMAIS GÉNEROS,477,2 167,1 228,176 905,550 362,476,506,2 282,1 480,14 908 302,50 152 077,216,217,mistral_table,mistral_table,no
1139,PETRÓPOLIS,1 491,5 788,3 384,539 627,2 180 002,1 370,1 406,6 005,3 791,43 850 817,179 375 797,216,217,mistral_table,mistral_table,no
1140,ALIMENTAÇÃO,664,1 977,927,123 559,1 004 792,670,678,2 180,1 125,10 250 909,69 278 100,216,217,mistral_table,mistral_table,no
1141,"AUX. CONSTRUÇÃO, OBRAS, GEODESIA, ETC",22,256,200,67 800,232 926,4,5,258,246,4 654 662,27 958 587,216,217,mistral_table,mistral_table,no
1142,AUX. PRESTADOS A EMPRESAS E PESSOAS,179,943,672,104 554,258 017,158,162,947,686,11 800 759,26 304 889,216,217,mistral_table,mistral_table,no
1143,DEMAIS GÉNEROS,626,2 612,1 585,243 714,684 267,538,561,2 620,1 734,17 144 487,55 834 221,216,217,mistral_table,mistral_table,no
1144,RESERVE,515,1 755,982,132 466,729 493,459,475,2 455,1 685,15 920 869,66 439 773,216,217,mistral_table,mistral_table,no
1145,ALOJAMENTO,42,370,300,25 047,102 917,42,44,425,330,2 451 619,8 475 825,216,217,mistral_table,mistral_table,no
1146,ALIMENTAÇÃO,278,725,344,46 919,411 747,234,239,677,313,3 540 255,20 526 668,216,217,mistral_table,mistral_table,no
1147,AUXILIARES DOS TRANSPORTES,3,7,1,352,1 365,2,3,9,7,58 103,14 935 475,216,217,mistral_table,mistral_table,no
1148,DEMAIS GÉNEROS,192,653,337,60 148,213 464,181,189,1 344,1 035,9 870 892,22 501 805,216,217,mistral_table,mistral_table,no
1149,SÃO GONÇALO,1 800,5 120,2 304,396 025,1 958 135,2 187,2 214,6 571,3 255,32 818 925,146 675 645,216,217,mistral_table,mistral_table,no
1150,ALOJAMENTO,25,449,365,32 136,123 110,26,28,579,480,3 334 901,11 155 771,216,217,mistral_table,mistral_table,no
1151,ALIMENTAÇÃO,1 009,1 986,604,124 763,1 092 782,1 230,1 234,2 753,956,9 976 873,78 923 470,216,217,mistral_table,mistral_table,no
1152,"REPARAÇÃO, MANUTENÇÃO E INSTALAÇÃO",352,963,414,80 447,270 176,461,464,1 165,508,5 060 747,20 373 539,216,217,mistral_table,mistral_table,no
1153,DEMAIS GÉNEROS,414,1 722,1 021,158 679,472 068,470,486,2 074,1 311,13 446 404,36 222 865,216,217,mistral_table,mistral_table,no
1154,SÃO JOÃO DE MERITI,1 130,3 695,1 805,263 423,1 272 689,1 373,1 400,4 714,2 519,25 848 309,116 198 431,216,217,mistral_table,mistral_table,no
1155,ALOJAMENTO,34,589,443,45 289,152 232,34,34,641,514,3 817 323,13 272 979,216,217,mistral_table,mistral_table,no
1156,ALIMENTAÇÃO,697,1 541,499,79 638,723 975,796,803,1 932,704,8 748 130,59 390 607,216,217,mistral_table,mistral_table,no
1157,"REPARAÇÃO, MANUTENÇÃO E INSTALAÇÃO",177,519,236,35 901,123 976,246,250,754,377,4 548 909,16 218 933,216,217,mistral_table,mistral_table,no
1158,DEMAIS GÉNEROS,222,1 046,627,102 595,272 506,297,313,1 387,924,8 733 947,27 315 912,216,217,mistral_table,mistral_table,no
1159,TERESÓPOLIS,557,2 022,1 115,160 599,706 259,485,490,1 824,1 081,11 547 192,47 745 750,216,217,mistral_table,mistral_table,no
1160,ALOJAMENTO,18,249,175,26 369,96 497,13,14,293,271,2 953 970,11 658 059,216,217,mistral_table,mistral_table,no
1161,ALIMENTAÇÃO,260,751,375,46 361,313 649,218,219,755,390,4 147 469,21 947 156,216,217,mistral_table,mistral_table,no
1162,"REPARAÇÃO, MANUTENÇÃO E INSTALAÇÃO",113,375,196,29 897,116 730,119,119,262,101,1 367 854,4 420 574,216,217,mistral_table,mistral_table,no
1163,DEMAIS GÉNEROS,166,647,369,57 972,181 383,135,138,514,319,3 077 899,9 719 961,216,217,mistral_table,mistral_table,no
1164,VOLTA REDONDA,1 099,8 212,5 885,1 154 520,3 850 753,1 179,1 223,10 550,8 256,91 083 212,313 554 904,216,217,mistral_table,mistral_table,no
1165,ALIMENTAÇÃO,553,1 556,693,102 103,881 269,587,597,1 721,769,6 605 905,81 125 886,216,217,mistral_table,mistral_table,no
1166,"AUX. DE LIMPEZA, HIGIENIZAÇÃO, ETC",12,1 734,1 693,106 553,183 984,11,12,3 593,3 558,21 197 618,35 233 060,216,217,mistral_table,mistral_table,no
1167,AUX. PRESTADOS A EMPRESAS E PESSOAS,77,2 212,1 733,644 105,1 542 457,86,96,3 092,2 659,43 601 513,134 558 517,216,217,mistral_table,mistral_table,no
1168,DEMAIS GÉNEROS,457,2 710,1 766,301 759,1 243 043,495,518,2 144,1 270,16 677 776,62 637 341,216,217,mistral_table,mistral_table,no
1169,ANORA DOS REIS,328,1 835,1 288,220 839,1 106 493,485,504,2 614,1 720,25 935 347,151 576 722,216,217,mistral_table,mistral_table,no
1170,ARARUAMA,194,589,299,55 083,280 474,280,283,914,540,7 402 292,24 997 771,216,217,mistral_table,mistral_table,no
1171,BARRA DO PIRAI,341,942,426,70 867,327 975,260,266,1 050,642,7 063 436,34 151 097,216,217,mistral_table,mistral_table,no
1172,BOM JARDIM,58,129,48,6 043,26 083,88,89,240,102,968 457,4 194 625,216,217,mistral_table,mistral_table,no
1173,BOM JESUS DO ITABAPOANA,96,374,218,21 714,79 295,137,140,436,244,1 656 983,6 870 862,216,217,mistral_table,mistral_table,no
1174,CABO FRIO,466,1 879,1 114,168 590,684 226,511,526,2 461,1 655,14 634 599,80 390 620,216,217,mistral_table,mistral_table,no
1175,CACHOEIRAS DE MACACU,144,359,138,19 535,80 494,92,94,269,137,1 054 101,6 401 319,216,217,mistral_table,mistral_table,no
1176,CAMBUCI,46,102,28,4 922,14 007,51,53,150,75,1 035 360,2 442 935,216,217,mistral_table,mistral_table,no
1177,CANTAGALO,62,196,92,13 589,58 123,65,65,234,128,1 012 624,5 485 352,216,217,mistral_table,mistral_table,no
1178,CARMO,52,153,47,5 870,37 478,38,38,71,26,259 880,1 650 966,216,217,mistral_table,mistral_table,no
1179,CASIMIRO DE ABREU,128,438,236,28 815,156 164,76,81,344,209,1 577 021,7 962 313,216,217,mistral_table,mistral_table,no
1180,CONCEIÇÃO DE MACABU,29,61,24,3 483,16 595,35,35,77,34,682 574,1 914 147,216,217,mistral_table,mistral_table,no
1181,CORDEIRO,121,207,62,11 972,84 159,92,95,244,121,977 473,4 886 834,216,217,mistral_table,mistral_table,no
1182,DUAS BARRAS,8,16,6,812,10 423,15,15,31,15,267 565,1 266 450,216,217,mistral_table,mistral_table,no
1183,ENGENHEIRO PAULO DE FRONTIN,48,176,35,5 614,66 743,31,31,103,40,562 243,2 697 752,218,219,mistral_table,mistral_table,no
1184,ITAOCARA,81,182,49,7 283,28 068,47,47,144,71,508 939,3 771 037,218,219,mistral_table,mistral_table,no
1185,ITAPERUNA,312,892,487,65 050,274 632,205,212,824,558,5 327 671,20 354 904,218,219,mistral_table,mistral_table,no
1186,LAJE DO MURIAE,19,31,1,1 517,4 565,9,9,14,5,64 684,502 860,218,219,mistral_table,mistral_table,no
1187,MACAE,349,1 640,1 130,285 921,2 323 848,302,326,2 689,2 114,41 566 694,260 134 467,218,219,mistral_table,mistral_table,no
1188,MANGARATIBA,138,424,203,41 759,197 551,145,149,574,301,2 761 654,17 758 092,218,219,mistral_table,mistral_table,no
1189,MARICA,123,373,116,16 480,114 198,255,259,2 064,1 663,19 266 171,36 875 282,218,219,mistral_table,mistral_table,no
1190,MENDES,71,217,80,12 413,64 354,60,60,159,57,900 782,3 856 393,218,219,mistral_table,mistral_table,no
1191,MIGUEL PEREIRA,71,223,102,12 744,76 886,58,59,179,85,878 872,7 167 508,218,219,mistral_table,mistral_table,no
1192,MIRACEMA,96,243,109,16 203,72 003,77,79,218,98,826 038,3 425 433,218,219,mistral_table,mistral_table,no
1193,NATIVIDADE,61,121,32,5 976,25 037,80,80,164,68,637 158,2 185 119,218,219,mistral_table,mistral_table,no
1194,PARACAMBI,112,268,130,18 290,96 073,97,100,277,146,1 285 831,6 771 420,218,219,mistral_table,mistral_table,no
1195,PARAIBA DO SUL,138,361,129,20 283,112 221,113,114,273,107,1 129 820,6 933 215,218,219,mistral_table,mistral_table,no
1196,PARATI,88,293,167,22 022,91 299,138,144,601,378,3 311 387,12 501 152,218,219,mistral_table,mistral_table,no
1197,PIRAI,124,296,115,17 960,99 102,110,113,297,143,1 709 574,7 791 188,218,219,mistral_table,mistral_table,no
1198,PORCIUMCULA,37,94,31,3 849,13 896,42,43,105,38,417 634,1 379 868,218,219,mistral_table,mistral_table,no
1199,RIO BONITO,180,452,228,30 845,132 720,250,252,746,398,3 832 560,16 621 972,218,219,mistral_table,mistral_table,no
1200,RIO CLARO,48,68,7,3 269,20 010,38,38,83,33,301 985,1 666 801,218,219,mistral_table,mistral_table,no
1201,RIO DAS FLORES,26,41,7,1 745,13 369,18,18,31,10,120 770,917 157,218,219,mistral_table,mistral_table,no
1202,SANTA MARIA MADALENA,20,42,9,1 119,10 923,28,28,62,31,191 144,1 624 633,218,219,mistral_table,mistral_table,no
1203,SANTO ANTONIO DE PADUA,162,441,162,21 960,95 816,119,122,341,157,1 338 480,5 415 111,218,219,mistral_table,mistral_table,no
1204,SÃO FIDELIS,99,243,108,12 653,47 616,298,299,962,556,3 816 128,12 407 276,218,219,mistral_table,mistral_table,no
1205,SÃO JOÃO DA BARRA,78,169,42,8 912,34 365,311,311,737,383,5 467 844,16 319 447,218,219,mistral_table,mistral_table,no
1206,SÃO PEDRO DA ALDEIA,117,337,162,36 828,152 033,167,169,516,265,4 251 714,12 880 353,218,219,mistral_table,mistral_table,no
1207,SÃO SEBASTIÃO DO ALTO,9,19,601,3,869,7,7,14,6,56 762,201 808,218,219,pdf_text_tokens,mistral_table,no
1208,SAPUCAIA,56,267,165,16 308,89 962,60,64,217,125,1 038 942,6 897 967,218,219,mistral_table,mistral_table,no
1209,SAGUAREMA,90,216,80,14 756,58 316,164,167,461,209,2 946 552,15 430 471,218,219,mistral_table,mistral_table,no
1210,SILVA JARDIM,22,44,8,2 212,12 677,97,97,214,95,1 415 365,4 156 023,218,219,mistral_table,mistral_table,no
1211,SUMIDOURO,14,33,12,2 595,7 664,11,11,33,17,135 474,668 084,218,219,mistral_table,mistral_table,no
1212,TRAJANO DE MORAIS,24,53,8,1 745,14 901,24,24,58,30,218 561,1 160 933,218,219,mistral_table,mistral_table,no
1213,TRES RIOS,398,1 116,538,80 772,356 229,376,382,1 086,521,5 455 560,26 362 978,218,219,mistral_table,mistral_table,no
1214,VALENÇA,250,676,282,44 806,220 595,226,231,551,212,2 742 070,15 853 901,218,219,mistral_table,mistral_table,no
1215,VASSOURAS,181,583,317,35 978,167 628,192,196,530,251,2 753 534,14 075 827,218,219,mistral_table,mistral_table,no
1216,SÃO PAULO,130 372,740 312,465 243,110 050 830,444 622 137,122 515,127 339,852 324,601 806,10 509 034 967,39 640 709 453,218,219,mistral_table,mistral_table,no
1217,ALOJAMENTO E ALIMENTAÇÃO,64 286,206 988,92 188,16 452 780,100 551 542,61 767,62 917,221 080,111 695,1 517 574 308,8 620 452 156,218,219,mistral_table,mistral_table,no
1218,ALOJAMENTO,3 436,27 455,17 936,2 611 764,10 204 093,3 147,3 279,32 900,24 869,292 897 885,1 363 075 289,218,219,mistral_table,mistral_table,no
1219,ALIMENTAÇÃO,60 850,179 533,74 252,13 841 016,90 347 449,56 620,59 638,188 180,86 826,1 224 676 423,7 257 376 867,218,219,mistral_table,mistral_table,no
1220,"REPARAÇÃO, MANUTENÇÃO E INSTALAÇÃO",24 671,94 104,51 881,11 185 175,34 466 438,23 286,23 814,82 880,45 180,742 598 962,2 482 802 083,218,219,mistral_table,mistral_table,no
1221,"REPARAÇÃO, MANUTENÇÃO E INSTALAÇÃO",24 671,94 104,51 881,11 185 175,34 466 438,23 286,23 814,82 880,45 180,742 598 962,2 482 802 083,218,219,mistral_table,mistral_table,no
1222,"PESSOAIS, DE HIGIENE E ESTETICA PESSOAL",8 575,27 674,14 924,2 733 144,8 016 929,6 362,6 537,25 103,15 404,183 845 615,533 178 694,218,219,mistral_table,mistral_table,no
1223,PESSOAIS,3 093,11 239,6 119,1 095 017,4 467 961,2 342,2 481,10 019,6 145,72 715 265,267 532 433,218,219,mistral_table,mistral_table,no
1224,HIGIENE E DE ESTETICA PESSOAL,5 482,16 435,8 805,1 638 127,3 548 968,4 020,4 056,15 084,9 259,111 130 350,265 646 261,218,219,mistral_table,mistral_table,no
1225,"RADICOIFUSÃO, TELEVISÃO E DIVERSÕES",1 938,17 356,10 975,2 752 408,16 776 094,1 326,1 632,16 097,13 308,426 647 661,2 062 887 653,218,219,mistral_table,mistral_table,no
1226,RADICOIFUSÃO E TELEVISÃO,411,8 548,5 170,1 706 918,12 161 082,288,333,11 397,7 934,356 640 350,1 608 529 205,218,219,mistral_table,mistral_table,no
1227,DIVERSÕES,1 527,8 808,5 805,1 045 490,4 615 012,1 038,1 299,7 700,5 374,70 007 311,454 358 348,218,219,mistral_table,mistral_table,no
1228,AUXILIARES DIVERSOS,25 415,358 549,275 168,71 437 031,251 232 596,25 301,27 804,474 885,398 089,7 274 023 851,24 371 005 149,218,219,mistral_table,mistral_table,no
1229,AUX. DA AGROPECUARIA E REFLORESTAMENTO,612,15 909,13 075,1 844 472,5 285 962,406,458,29 648,28 542,331 305 116,645 818 341,218,219,mistral_table,mistral_table,no
1230,"AUX. COMERCIO, LOCAÇÃO DE BENS E SERVIÇOS",3 053,27 839,16 962,6 198 474,54 499 043,4 210,4 694,38 739,27 193,786 117 710,5 288 327 795,218,219,mistral_table,mistral_table,no
1231,AUX. FINANC. SEGUROS E CAPITALIZAÇÃO,749,8 257,5 116,2 351 476,8 055 128,631,669,11 844,8 837,304 843 998,1 481 747 531,218,219,mistral_table,mistral_table,no
1232,AUXILIARES DOS TRANSPORTES,2 834,30 224,20 599,5 901 714,31 718 347,1 788,2 519,38 905,33 522,986 895 780,2 881 989 503,218,219,mistral_table,mistral_table,no
1233,"AUX. CONSTRUÇÃO, OBRAS, GEOGESIA, ETC",1 569,30 886,21 275,13 192 828,36 602 620,1 346,1 416,28 066,21 853,749 159 663,2 362 832 678,218,219,mistral_table,mistral_table,no
1234,"AUX. DE LIMPEZA, HIGIENIZAÇÃO, ETC",870,46 873,43 740,3 217 955,8 310 994,995,1 054,69 020,61 235,377 432 185,931 326 547,218,219,mistral_table,mistral_table,no
1235,AUX. PRESTADOS À EMPRESAS E PESSOAS,14 369,188 773,148 470,37 318 596,102 539 865,14 611,15 585,247 532,208 844,3 626 396 438,10 369 170 877,218,219,mistral_table,mistral_table,no
1236,AUXILIARES DA SAÚDE,1 359,9 788,5 931,1 411 515,4 224 637,1 314,1 409,11 131,8 063,111 872 961,409 791 877,220,221,mistral_table,mistral_table,no
1237,"COMPRA, VENDA, ADMINISTRAÇÃO BENS IMÓVEIS",5 487,35 641,20 107,5 490 292,33 578 538,4 473,4 635,29 279,18 133,364 344 570,1 570 383 818,220,221,mistral_table,mistral_table,no
1238,COMPRA E VENDA DE BENS IMÓVEIS,3 139,15 733,7 191,2 563 900,22 122 442,1 564,1 611,7 412,4 250,86 727 974,532 104 468,220,221,mistral_table,mistral_table,no
1239,"ADMINISTRAÇÃO, LOCAÇÃO, ETC",2 348,19 908,12 916,2 826 392,11 456 096,2 909,3 024,21 867,13 883,277 616 596,1 038 279 350,220,221,mistral_table,mistral_table,no
1240,REGIÃO METROPOLITANA,71 951,475 061,308 221,84 892 498,338 952 162,62 203,64 881,507 271,360 822,7 179 685 602,28 698 365 516,220,221,mistral_table,mistral_table,no
1241,ALOJAMENTO E ALIMENTAÇÃO,32 755,115 578,56 373,10 608 400,58 923 489,28 576,29 211,121 631,67 403,969 906 144,4 904 032 288,220,221,mistral_table,mistral_table,no
1242,ALOJAMENTO,1 239,12 675,8 583,1 553 799,5 797 157,1 163,1 220,16 448,12 509,187 198 946,764 043 053,220,221,mistral_table,mistral_table,no
1243,ALIMENTAÇÃO,31 516,102 903,47 790,9 054 601,53 126 332,27 413,27 991,105 183,54 894,782 707 198,4 139 989 235,220,221,mistral_table,mistral_table,no
1244,"REPARAÇÃO, MANUTENÇÃO E INSTALAÇÃO",13 370,51 971,28 137,7 125 489,21 628 985,11 916,12 144,45 303,24 838,467 226 936,1 564 209 937,220,221,mistral_table,mistral_table,no
1245,"REPARAÇÃO, MANUTENÇÃO E INSTALAÇÃO",13 370,51 971,28 137,7 125 489,21 628 985,11 916,12 144,45 303,24 838,467 226 936,1 564 209 937,220,221,mistral_table,mistral_table,no
1246,"PESSOAIS, DE HIGIENE E ESTÉTICA PESSOAL",5 950,20 475,11 494,2 112 364,6 159 389,3 990,4 088,18 014,11 752,140 230 323,403 814 698,220,221,mistral_table,mistral_table,no
1247,PESSOAIS,1 896,7 711,4 488,811 408,3 314 029,1 244,1 313,6 709,4 558,53 658 369,195 200 104,220,221,mistral_table,mistral_table,no
1248,HIGIENE E DE ESTÉTICA PESSOAL,4 054,12 764,7 006,1 300 556,2 845 360,2 746,2 775,11 305,7 194,86 571 954,208 514 594,220,221,mistral_table,mistral_table,no
1249,"RADIODIFUSÃO, TELEVISÃO E DIVERSÕES",914,10 309,6 372,2 048 987,14 110 899,657,803,12 317,8 281,353 925 783,1 693 909 907,220,221,mistral_table,mistral_table,no
1250,RADIODIFUSÃO E TELEVISÃO,79,4 680,2 487,1 251 235,10 554 074,49,66,7 028,4 431,298 891 989,1 321 388 135,220,221,mistral_table,mistral_table,no
1251,DIVERSÕES,835,5 629,3 885,797 752,3 556 825,608,737,5 289,3 850,55 033 794,372 521 772,220,221,mistral_table,mistral_table,no
1252,AUXILIARES DIVERSOS,15 380,250 849,190 510,58 820 016,212 806 519,14 190,15 647,288 694,235 103,4 952 285 298,18 780 558 894,220,221,mistral_table,mistral_table,no
1253,AUX. DA AGROPECUARIA E REFLORESTAMENTO,185,2 842,1 457,420 351,1 349 363,62,70,1 515,1 379,21 097 136,77 143 371,220,221,mistral_table,mistral_table,no
1254,"AUX. COMÉRCIO, LOCAÇÃO DE BENS E SERVIÇOS",2 184,21 470,13 220,5 300 288,49 685 233,2 376,2 625,27 705,20 892,593 036 133,4 503 773 647,220,221,mistral_table,mistral_table,no
1255,"AUX. FINANC., SEGURDS E CAPITALIZAÇÃO",594,7 162,4 775,2 052 441,7 739 645,473,491,1 093,8 357,294 880 364,1 437 433 799,220,221,mistral_table,mistral_table,no
1256,AUXILIARES DOS TRANSPORTES,1 875,19 438,12 460,3 924 806,23 180 567,1 057,1 530,17 181,13 805,297 852 093,1 217 112 778,220,221,mistral_table,mistral_table,no
1257,"AUX. CONSTRUÇÃO, OBRAS, GEODÉSIA, ETC",1 006,27 719,19 468,12 768 562,34 887 008,913,963,25 047,19 712,715 115 883,2 255 202 964,220,221,mistral_table,mistral_table,no
1258,"AUX. DE LIMPEZA, HIGIENIZAÇÃO, ETC",570,36 902,34 440,2 545 071,6 132 084,646,685,55 816,48 713,314 472 391,790 201 854,220,221,mistral_table,mistral_table,no
1259,AUX. PRESTADOS A EMPRESAS E PESSOAS,8 264,129 653,101 224,30 926 509,87 333 677,8 112,8 687,144 346,117 585,2 649 802 004,8 275 803 937,220,221,mistral_table,mistral_table,no
1260,AUXILIARES DA SAÚDE,672,5 663,3 466,881 988,2 498 922,549,596,6 056,4 680,65 029 294,223 886 544,220,221,mistral_table,mistral_table,no
1261,"COMPRA, VENDA, ADMINISTRAÇÃO BENS IMÓVEIS",3 582,25 879,15 335,4 177 242,25 322 881,2 874,2 988,21 312,13 445,296 111 118,1 351 839 792,220,221,mistral_table,mistral_table,no
1262,COMPRA E VENDA DE BENS IMÓVEIS,1 849,10 143,4 964,1 892 000,15 625 824,911,946,5 039,3 152,66 110 221,456 807 999,220,221,mistral_table,mistral_table,no
1263,"ADMINISTRAÇÃO, LOCAÇÃO, ETC",1 733,15 736,10 371,2 315 242,9 697 057,1 963,2 042,16 273,10 293,230 000 897,895 031 793,220,221,mistral_table,mistral_table,no
1264,SÃO PAULO,56 109,394 156,256 960,74 512 230,296 784 784,45 481,47 575,372 516,261 347,5 936 300 143,24 242 211 185,220,221,mistral_table,mistral_table,no
1265,ALOJAMENTO E ALIMENTAÇÃO,23 342,88 580,45 041,8 086 860,44 414 071,19 127,19 547,91 426,53 224,726 716 190,3 619 067 098,220,221,mistral_table,mistral_table,no
1266,ALOJAMENTO,1 026,10 893,7 378,1 380 543,5 232 090,924,973,14 437,11 086,172 972 051,713 902 947,220,221,mistral_table,mistral_table,no
1267,ALIMENTAÇÃO,22 316,77 687,37 663,6 706 317,39 181 981,18 203,18 574,76 989,42 138,553 744 139,2 905 164 151,220,221,mistral_table,mistral_table,no
1268,"REPARAÇÃO, MANUTENÇÃO E INSTALAÇÃO",10 735,41 800,22 608,5 914 954,17 512 188,8 637,8 809,34 300,18 941,372 735 104,1 237 057 325,220,221,mistral_table,mistral_table,no
1269,"REPARAÇÃO, MANUTENÇÃO E INSTALAÇÃO",10 735,41 800,22 608,5 914 954,17 512 188,8 637,8 809,34 300,18 941,372 735 104,1 237 057 325,220,221,mistral_table,mistral_table,no
1270,"PESSOAIS, DE HIGIENE E ESTÉTICA PESSOAL",5 066,17 930,10 221,1 825 161,4 996 716,3 176,3 262,14 858,9 798,113 112 188,324 577 711,220,221,mistral_table,mistral_table,no
1271,PESSOAIS,1 567,6 549,3 855,668 705,2 459 169,959,1 020,5 172,3 500,40 177 154,146 739 255,220,221,mistral_table,mistral_table,no
1272,HIGIENE E DE ESTÉTICA PESSOAL,3 499,11 381,6 366,1 156 456,2 537 547,2 217,2 242,9 685,6 298,72 935 034,177 838 456,220,221,mistral_table,mistral_table,no
1273,"RADIODIFUSÃO, TELEVISÃO E DIVERSÕES",773,9 215,5 597,1 869 456,13 511 800,479,612,11 306,7 632,341 731 546,1 627 307 557,220,221,mistral_table,mistral_table,no
1274,RADIODIFUSÃO E TELEVISÃO,67,4 286,2 146,1 152 965,10 255 984,29,45,6 581,4 053,291 693 664,1 289 208 466,220,221,mistral_table,mistral_table,no
1275,DIVERSÕES,706,4 629,3 451,716 491,3 255 616,450,567,4 725,3 979,50 037 882,338 099 091,220,221,mistral_table,mistral_table,no
1276,AUXILIARES DIVERSOS,13 246,213 627,159 544,52 990 764,194 691 561,11 757,12 939,201 792,159 741,4 108 694 741,16 168 751 505,220,221,mistral_table,mistral_table,no
1277,AUX. DA AGROPECUARIA E REFLORESTAMENTO,175,2 407,1 077,389 595,1 216 601,51,53,679,589,12 574 333,52 086 160,220,221,mistral_table,mistral_table,no
1278,"AUX. COMÉRCIO, LOCAÇÃO DE BENS E SERVIÇOS",2 043,20 269,12 336,5 063 124,48 111 975,2 165,2 349,24 672,18 441,548 842 451,4 185 402 136,220,221,mistral_table,mistral_table,no
1279,"AUX. FINANC., SEGURDS E CAPITALIZAÇÃO",557,6 972,4 678,2 021 235,7 633 979,431,448,7 337,4 832,223 838 383,1 068 491 048,220,221,mistral_table,mistral_table,no
1280,AUXILIARES DOS TRANSPORTES,1 670,16 569,10 471,3 415 963,19 542 874,901,1 327,13 418,10 436,246 970 154,978 269 513,220,221,mistral_table,mistral_table,no
1281,"AUX. CONSTRUÇÃO, OBRAS, GEODÉSIA, ETC",869,25 855,18 999,12 633 736,34 371 072,799,848,24 125,19 063,695 334 865,2 200 330 553,220,221,mistral_table,mistral_table,no
1282,"AUX. DE LIMPEZA, HIGIENIZAÇÃO, ETC",498,23 535,21 440,1 994 877,4 429 741,521,551,11 500,10 188,71 670 326,182 124 690,220,221,mistral_table,mistral_table,no
1283,AUX. PRESTADOS A EMPRESAS E PESSOAS,6 904,112 335,87 622,27 011 449,77 258 354,6 493,6 945,115 175,92 354,2 254 955 143,7 324 507 635,220,221,mistral_table,mistral_table,no
1284,AUXILIARES DA SAÚDE,530,4 685,2 921,760 815,2 126 965,396,418,4 866,3 858,54 509 086,177 539 470,220,221,mistral_table,mistral_table,no
1285,"COMPRA, VENDA, ADMINISTRAÇÃO BENS IMÓVEIS",2 947,23 004,13 949,3 825 005,21 658 648,2 305,2 406,18 834,12 011,273 310 374,1 265 449 989,220,221,mistral_table,mistral_table,no
1286,COMPRA E VENDA DE BENS IMÓVEIS,1 422,8 481,4 255,1 663 376,12 535 764,656,687,3 945,2 511,55 618 133,419 185 266,220,221,mistral_table,mistral_table,no
1287,"ADMINISTRAÇÃO, LOCAÇÃO, ETC",1 525,14 523,9 694,2 161 629,9 122 884,1 649,1 719,14 889,9 500,217 692 241,846 264 723,220,221,mistral_table,mistral_table,no
1288,AMERICANA,684,3 224,1 960,301 837,1 541 348,685,715,3 435,2 168,28 992 030,121 158 087,220,221,mistral_table,mistral_table,no
1289,ALIMENTAÇÃO,285,822,370,71 235,473 006,263,273,906,449,6 547 700,41 185 709,220,221,mistral_table,mistral_table,no
1290,"REPARAÇÃO, MANUTENÇÃO E INSTALAÇÃO",150,541,308,54 211,147 288,140,143,501,279,3 631 821,13 623 817,220,221,mistral_table,mistral_table,no
1291,AUX. PRESTADOS A EMPRESAS E PESSOAS,80,870,784,72 557,213 002,90,98,1 102,918,10 934 369,29 786 221,220,221,mistral_table,mistral_table,no
1292,DEMAIS GÉNEROS,169,891,498,103 834,708 052,192,201,926,522,7 878 140,36 562 340,220,221,mistral_table,mistral_table,no
1293,ARACATUBA,649,2 808,1 653,245 144,1 026 055,710,740,3 335,2 184,26 941 810,106 152 785,220,221,mistral_table,mistral_table,no
1294,ALIMENTAÇÃO,225,598,187,34 002,271 761,244,249,715,298,3 701 008,25 608 590,220,221,mistral_table,mistral_table,no
1295,"AUX. COMÉRCIO, LOCAÇÃO DE BENS E SERVIÇOS",16,238,204,33 358,184 641,11,15,689,842,8 651 155,31 846 326,220,221,mistral_table,mistral_table,no
1296,AUX. PRESTADOS A EMPRESAS E PESSOAS,75,457,336,43 190,85 761,78,83,560,431,4 267 654,17 547 061,220,221,mistral_table,mistral_table,no
1297,DEMAIS GÉNEROS,333,1 515,926,134 594,483 892,377,393,1 371,813,10 321 993,31 150 808,220,221,mistral_table,mistral_table,no
1298,ARARAGUARA,643,2 999,1 687,311 847,2 428 438,563,597,6 515,5 529,43 643 912,184 017 103,220,221,mistral_table,mistral_table,no
1299,ALIMENTAÇÃO,277,746,352,59 699,473 071,283,288,772,312,4 381 165,33 356 360,220,221,mistral_table,mistral_table,no
1300,"AUX. COMÉRCIO, LOCAÇÃO DE BENS E SERVIÇOS",72,70,70,7 877,60 491,25,31,248,198,4 227 965,63 526 913,220,221,mistral_table,mistral_table,no
1301,AUX. PRESTADOS A EMPRESAS E PESSOAS,72,688,446,61 361,120 116,79,84,5 998,1 768,12 097 939,25 005 402,220,221,mistral_table,mistral_table,no
1302,DEMAIS GÉNEROS,281,1 595,1 264,182 910,1 774 760,176,194,3 597,3 251,22 936 843,62 128 428,220,221,mistral_table,mistral_table,no
1303,BAURU,1 031,5 138,3 174,484 023,1 986 783,1 107,1 162,5 539,3 669,52 471 019,237 579 774,220,221,mistral_table,mistral_table,no
1304,ALIMENTAÇÃO,544,1 375,543,104 716,792 232,592,600,1 512,653,8 001 770,50 725 056,220,221,mistral_table,mistral_table,no
1305,RADIODIFUSÃO E TELEVISÃO,6,102,73,15 190,35 943,6,8,375,296,12 406 778,75 549 629,220,221,mistral_table,mistral_table,no
1306,"AUX. COMÉRCIO, LOCAÇÃO DE BENS E SERVIÇOS",32,137,80,30 755,162 733,63,76,328,176,5 899 965,41 661 040,220,221,mistral_table,mistral_table,no
1307,DEMAIS GÉNEROS,449,3 524,2 478,333 362,995 875,446,478,3 324,2 564,26 162 506,69 644 049,220,221,mistral_table,mistral_table,no
1308,BRAGANÇA PAULISTA,489,1 565,708,112 653,513 258,582,588,1 800,881,9 919 973,32 143 906,220,221,mistral_table,mistral_table,no
1309,ALIMENTAÇÃO,249,528,116,21 921,196 636,211,212,469,137,1 943 398,11 900 528,220,221,mistral_table,mistral_table,no
1310,"REPARAÇÃO, MANUTENÇÃO E INSTALAÇÃO",101,377,197,31 899,116 713,186,189,526,240,2 140 074,5 417 623,220,221,mistral_table,mistral_table,no
1311,AUX. PRESTADOS A EMPRESAS E PESSOAS,46,254,170,23 194,40 815,,,,,,,222,223,mistral_table,mistral_table_partial,yes
1312,DEMAIS GÉNEROS,93,406,225,35 639,159 094,,,,,,,222,223,mistral_table,missing,yes
1313,CAMPINAS,3 067,19 472,13 380,2 405 799,10 284 257,,,,,,,222,223,mistral_table,mistral_table_partial,yes
1314,ALIMENTAÇÃO,1 194,4 791,2 756,404 369,2 872 242,COM SEDE,1 134,4 753,2 762,32 330 359,206 989 531,222,223,mistral_table,mistral_table,no
1315,"AUX. COMÉRCIO, LOCAÇÃO DE BENS E SERVIÇOS",98,639,465,132 289,1 052 025,NO,155,1 382,943,34 378 478,201 138 069,222,223,mistral_table,mistral_table,no
1316,AUX. PRESTADOS A EMPRESAS E PESSOAS,372,3 611,2 900,575 155,1 388 132,MUNICIPIO,420,5 118,4 388,62 633 565,183 872 367,222,223,mistral_table,mistral_table,no
1317,DEMAIS GÉNEROS,1 403,10 431,7 259,1 293 986,4 971 858,1 404,1 477,9 918,7 450,96 392 335,406 588 412,222,223,mistral_table,mistral_table,no
1318,CARAPICUIBA,424,1 079,369,72 933,315 668,567,567,1 197,381,8 309 181,30 076 269,222,223,mistral_table,mistral_table,no
1319,ALIMENTAÇÃO,263,478,45,28 790,181 381,374,374,629,81,3 380 713,17 360 232,222,223,mistral_table,mistral_table,no
1320,"REPARAÇÃO, MANUTENÇÃO E INSTALAÇÃO",86,177,46,12 693,31 409,101,101,268,131,1 941 587,4 978 512,222,223,mistral_table,mistral_table,no
1321,AUX. PRESTADOS A EMPRESAS E PESSOAS,26,114,69,12 140,34 801,29,29,105,61,977 364,3 642 294,222,223,mistral_table,mistral_table,no
1322,DEMAIS GÉNEROS,49,310,209,19 310,68 077,63,63,195,108,1 909 517,4 095 231,222,223,mistral_table,mistral_table,no
1323,DIADERA,717,2 219,1 017,236 719,1 010 711,750,788,3 370,2 033,33 010 569,140 502 127,222,223,mistral_table,mistral_table,no
1324,ALIMENTAÇÃO,477,1 139,399,98 957,613 132,464,481,1 610,786,11 161 324,59 106 252,222,223,mistral_table,mistral_table,no
1325,"REPARAÇÃO, MANUTENÇÃO E INSTALAÇÃO",83,352,189,50 875,159 518,131,137,556,560,4 749 423,16 108 446,222,223,mistral_table,mistral_table,no
1326,AUX. PRESTADOS A EMPRESAS E PESSOAS,60,277,173,38 118,105 579,66,73,556,441,6 318 383,22 294 704,222,223,mistral_table,mistral_table,no
1327,DEMAIS GÉNEROS,97,451,256,58 769,182 482,89,97,648,466,10 781 439,42 902 725,222,223,mistral_table,mistral_table,no
1328,EMBU,275,10 185,9 495,770 179,1 780 128,280,295,22 967,17 296,167 141 140,377 033 541,222,223,mistral_table,mistral_table,no
1329,"AUX. COMÉRCIO, LOCAÇÃO DE BENS E SERVIÇOS",-,-,-,-,-,5,7,133,112,1 663 905,35 976 996,222,223,mistral_table,mistral_table,no
1330,"AUX. DE LIMPEZA, HIGIENIZAÇÃO, ETC",12,7 528,7 369,489 021,879 418,22,25,16 472,11 307,112 199 978,219 027 288,222,223,mistral_table,mistral_table,no
1331,AUX. PRESTADOS A EMPRESAS E PESSOAS,17,1 942,1 799,216 959,607 776,63,67,5 629,5 462,48 182 561,95 149 976,222,223,mistral_table,mistral_table,no
1332,DEMAIS GÉNEROS,246,715,327,64 199,292 934,190,196,733,415,5 094 696,26 879 281,222,223,mistral_table,mistral_table,no
1333,FRANCA,594,2 270,1 336,250 175,1 101 787,670,696,2 592,1 550,21 827 845,97 615 034,222,223,mistral_table,mistral_table,no
1334,ALIMENTAÇÃO,251,465,140,34 473,269 014,305,308,580,199,3 043 819,24 160 998,222,223,mistral_table,mistral_table,no
1335,"AUX. COMÉRCIO, LOCAÇÃO DE BENS E SERVIÇOS",22,68,36,12 645,33 206,62,70,192,1 123,2 238 127,9 923 839,222,223,mistral_table,mistral_table,no
1336,AUX. PRESTADOS A EMPRESAS E PESSOAS,87,691,531,85 315,269 375,106,111,816,637,8 352 116,30 293 705,222,223,mistral_table,mistral_table,no
1337,DEMAIS GÉNEROS,234,1 046,629,117 742,530 192,196,207,1 004,637,8 193 783,33 236 492,222,223,mistral_table,mistral_table,no
1338,GUARUJA,677,3 355,2 020,271 552,1 282 048,645,673,4 081,2 858,31 581 834,291 667 336,222,223,mistral_table,mistral_table,no
1339,ALGAMENTO,22,409,248,34 840,207 425,15,17,835,813,6 401 778,176 915 438,222,223,mistral_table,mistral_table,no
1340,ALIMENTAÇÃO,364,1 484,795,104 729,620 170,367,372,680,920,9 858 812,64 097 709,222,223,mistral_table,mistral_table,no
1341,AUX. PRESTADOS A EMPRESAS E PESSOAS,57,512,415,43 405,82 364,52,58,567,474,6 382 375,25 235 867,222,223,mistral_table,mistral_table,no
1342,DEMAIS GÉNEROS,234,950,562,88 578,370 889,211,226,999,651,8 928 869,25 418 322,222,223,mistral_table,mistral_table,no
1343,GUARULHOS,1 850,7 423,4 082,907 457,5 908 977,1 773,1 871,13 061,9 841,107 790 691,525 002 374,222,223,mistral_table,mistral_table,no
1344,ALIMENTAÇÃO,1 084,2 960,1 231,278 663,1 756 678,1 055,1 095,4 075,2 272,30 222 523,180 336 009,222,223,mistral_table,mistral_table,no
1345,"REPARAÇÃO, MANUTENÇÃO E INSTALAÇÃO",309,1 384,772,160 906,503 199,323,332,1 205,676,9 004 773,68 475 834,222,223,mistral_table,mistral_table,no
1346,AUXILIARES DOS TRANSPORTES,23,116,67,7 417,23 300,8,18,2 111,2 070,31 193 018,126 500 437,222,223,mistral_table,mistral_table,no
1347,DEMAIS GÉNEROS,434,2 963,2 012,460 471,3 625 800,387,426,5 670,4 823,37 370 377,149 690 094,222,223,mistral_table,mistral_table,no
1348,ITAPETININDA,476,1 761,884,115 066,520 812,514,526,1 634,849,9 643 164,35 929 786,222,223,mistral_table,mistral_table,no
1349,ALIMENTAÇÃO,291,669,124,27 754,237 304,305,307,621,169,2 771 044,17 013 721,222,223,mistral_table,mistral_table,no
1350,"REPARAÇÃO, MANUTENÇÃO E INSTALAÇÃO",76,317,196,24 397,56 654,88,91,253,134,1 572 702,4 168 085,222,223,mistral_table,mistral_table,no
1351,AUX. PRESTADOS A EMPRESAS E PESSOAS,44,269,206,20 830,41 378,49,50,236,188,1 488 191,4 792 850,222,223,mistral_table,mistral_table,no
1352,DEMAIS GÉNEROS,65,506,356,42 085,185 476,72,78,524,378,3 811 227,9 955 130,222,223,mistral_table,mistral_table,no
1353,JACAREI,520,1 820,857,180 538,769 847,467,489,900,1 130,12 517 489,57 190 894,222,223,mistral_table,mistral_table,no
1354,ALIMENTAÇÃO,326,865,288,54 206,401 813,275,282,884,424,5 674 930,34 491 299,222,223,mistral_table,mistral_table,no
1355,"REPARAÇÃO, MANUTENÇÃO E INSTALAÇÃO",88,296,145,27 294,99 062,84,87,245,124,1 422 986,4 459 959,222,223,mistral_table,mistral_table,no
1356,AUX. PRESTADOS A EMPRESAS E PESSOAS,38,263,189,33 626,88 909,36,41,336,287,2 312 834,7 933 006,222,223,mistral_table,mistral_table,no
1357,DEMAIS GÉNEROS,68,396,235,45 412,200 363,72,79,435,295,3 106 739,10 266 630,222,223,mistral_table,mistral_table,no
1358,JUNDIAI,1 172,5 577,3 479,666 541,2 845 306,1 147,1 186,5 426,3 477,40 216 826,163 361 891,222,223,mistral_table,mistral_table,no
1359,ALIMENTAÇÃO,593,1 587,663,122 534,923 437,548,558,1 601,756,8 928 203,62 403 449,222,223,mistral_table,mistral_table,no
1360,"REPARAÇÃO, MANUTENÇÃO E INSTALAÇÃO",207,1 043,623,143 311,366 450,195,203,854,502,7 686 846,27 506 895,222,223,mistral_table,mistral_table,no
1361,AUX. PRESTADOS A EMPRESAS E PESSOAS,122,895,686,107 039,234 494,134,145,1 663,1 432,11 177 089,25 995 151,222,223,mistral_table,mistral_table,no
1362,DEMAIS GÉNEROS,250,2 052,1 907,293 657,1 320 928,270,280,1 308,787,12 424 788,47 456 396,222,223,mistral_table,mistral_table,no
1363,LIMEIRA,800,3 024,1 795,289 145,1 369 215,729,759,2 847,1 709,22 596 655,94 349 590,222,223,mistral_table,mistral_table,no
1364,ALIMENTAÇÃO,427,1 035,475,75 076,540 782,452,461,1 299,639,8 396 922,54 684 292,222,223,mistral_table,mistral_table,no
1365,"REPARAÇÃO, MANUTENÇÃO E INSTALAÇÃO",144,577,340,61 846,185 235,100,105,414,256,3 352 979,8 955 406,222,223,mistral_table,mistral_table,no
1366,AUX. PRESTADOS A EMPRESAS E PESSOAS,99,673,516,67 856,131 386,80,86,706,554,5 842 761,13 196 663,222,223,mistral_table,mistral_table,no
1367,DEMAIS GÉNEROS,130,739,464,84 367,511 812,97,105,428,260,5 003 993,17 513 229,222,223,mistral_table,mistral_table,no
1368,MARILIA,669,2 978,1 792,238 246,1 010 253,732,757,2 584,1 397,18 627 641,74 980 027,222,223,mistral_table,mistral_table,no
1369,ALIMENTAÇÃO,299,727,246,38 074,313 759,327,327,748,278,3 110 300,23 809 996,222,223,mistral_table,mistral_table,no
1370,"AUX. COMÉRCIO, LOCAÇÃO DE BENS E SERVIÇOS",29,138,73,20 983,61 815,115,123,340,120,2 642 462,12 898 771,222,223,mistral_table,mistral_table,no
1371,AUX. PRESTADOS A EMPRESAS E PESSOAS,71,402,281,38 209,83 045,74,79,351,238,3 349 063,8 831 026,222,223,mistral_table,mistral_table,no
1372,DEMAIS GÉNEROS,270,1 711,1 192,140 980,551 634,216,228,1 145,761,9 225 816,29 443 234,222,223,mistral_table,mistral_table,no
1373,MAUA,648,1 880,863,174 831,869 721,777,794,1 990,882,15 635 001,67 947 967,222,223,mistral_table,mistral_table,no
1374,ALIMENTAÇÃO,453,1 057,397,90 026,519 167,534,648,1 142,384,8 154 083,48 015 091,222,223,mistral_table,mistral_table,no
1375,"REPARAÇÃO, MANUTENÇÃO E INSTALAÇÃO",75,265,145,26 147,66 245,128,129,371,203,2 219 493,7 269 638,222,223,mistral_table,mistral_table,no
1376,AUX. PRESTADOS A EMPRESAS E PESSOAS,39,219,116,24 275,51 257,41,43,199,129,2 264 835,5 049 672,222,223,mistral_table,mistral_table,no
1377,DEMAIS GÉNEROS,81,339,205,34 383,133 032,70,74,278,166,2 696 580,7 613 566,222,223,mistral_table,mistral_table,no
1378,MOJI DAS CRUZES,991,4 086,2 269,381 194,1 371 307,1 012,1 057,4 885,3 163,31 807 232,113 342 720,222,223,mistral_table,mistral_table,no
1379,ALIMENTAÇÃO,515,1 360,431,87 205,529 782,562,571,1 525,563,7 567 103,45 250 384,222,223,mistral_table,mistral_table,no
1380,"REPARAÇÃO, MANUTENÇÃO E INSTALAÇÃO",214,855,905,83 713,270 663,200,206,669,362,5 076 480,14 944 146,222,223,mistral_table,mistral_table,no
1381,AUX. PRESTADOS A EMPRESAS E PESSOAS,88,633,493,94 457,219 262,76,93,925,802,7 407 648,16 135 442,222,223,mistral_table,mistral_table,no
1382,DEMAIS GÉNEROS,174,1 238,840,115 813,351 600,174,187,1 766,1 436,11 756 001,37 012 748,222,223,mistral_table,mistral_table,no
1383,OSASCO,1 780,8 051,4 319,1 025 956,5 368 084,1 796,1 835,11 039,7 677,153 739 835,589 382 094,222,223,mistral_table,mistral_table,no
1384,ALIMENTAÇÃO,958,2 536,892,261 794,1 244 102,982,1 001,3 004,1 162,25 379 050,116 066 058,222,223,mistral_table,mistral_table,no
1385,AUX. FINANC. SEGUROS E CAPITALIZAÇÃO,52,(B),(A),(K),(A),5,5,3 538,3 452,68 688 971,356 381 800,222,223,mistral_table,mistral_table,no
1386,AUX. PRESTADOS A EMPRESAS E PESSOAS,154,(F),(F),(K),(G),142,151,1 919,1 575,37 647 168,42 145 527,222,223,mistral_table,mistral_table,no
1387,DEMAIS GÉNEROS,666,3 259,1 810,442 527,3 108 538,667,678,2 578,1 488,22 024 646,74 788 709,222,223,mistral_table,mistral_table,no
1388,PIRACICABA,1 156,6 043,3 452,877 818,2 470 326,1 040,1 083,4 300,2 526,35 417 060,138 801 899,222,223,mistral_table,mistral_table,no
1389,ALIMENTAÇÃO,459,1 190,440,90 378,648 057,516,523,1 291,466,8 022 555,49 466 343,222,223,mistral_table,mistral_table,no
1390,"REPARAÇÃO, MANUTENÇÃO",,,,,,183,192,751,452,6 907 450,17 887 101,224,225,pdf_text_tokens_partial,mistral_table,yes
1391,AUX. PRESTADOS,,,,,,134,141,698,655,8 805 981,28 666 907,224,225,pdf_text_tokens_partial,mistral_table,yes
1392,DEMAIS GENEROS,278,2,734 543,530 043,275 703,207,227,1 360,953,11 681 074,42 781 548,224,225,pdf_text_tokens,mistral_table,no
1393,PRESIDENTE PRUDENTE,690,3 439,2 254,338 377,1 278 026,642,681,3 830,2 727,30 337 635,108 615 188,224,225,pdf_text_layout,mistral_table,no
1394,ALIMENTi\ÇÃO,205,666,348,42 228,279 145,169,174,649,384,2 867 428,17 080 891,224,225,pdf_text_tokens,mistral_table,no
1395,"REPARAÇAO, MANUTENÇAO E INSTALAÇAO",230,1 206,819,125 113,418 838,177,184,741,469,5 508 380,17 457 358,224,225,pdf_text_layout,mistral_table,no
1396,AUX. PRESTADOS A EMPRESAS E PESSOAS,74,538,399,56 602,198 386,116,124,1 000,795,9 812 129,23 494 730,224,225,pdf_text_layout,mistral_table,no
1397,DEMAIS GENEROS,181,1,029 688,114 434,381 657,180,199,1 440,1 079,12 349 698,50 582 209,224,225,pdf_text_tokens,mistral_table,no
1398,RIBEIRÃO P~ETO,2 103,9 828,6 033,1 002 252,4 654 929,2 047,2 151,10 930,7 321,99 059 634,442 293 645,224,225,pdf_text_layout,mistral_table,no
1399,ALIMENT AÇAO,947,2 375,900,177 487,1 364 797,968,977,2 547,1 084,16 420 044,116 832 565,224,225,pdf_text_layout,mistral_table,no
1400,"AUX. COMERCIO, LOCAÇAO OE BENS",,,,,,175,193,715,368,10 555 782,65 093 493,224,225,pdf_text_tokens_partial,mistral_table,yes
1401,AUX. PRESTADOS A EMPRESAS E PESSOAS,218,633,1 187,182 176,679 000,223,246,1 995,1 554,22 554 553,64 608 577,224,225,pdf_text_layout,mistral_table,no
1402,DEMAIS GENEROS,823 296,3 678,564 107,1,908 227,681,735,5 673,4 315,49 529 255,195 759 010,224,225,pdf_text_tokens,mistral_table,no
1403,RIO CLARO. L,653,2 060,1 076,162 685,668 707,540,554,1 874,1 011,12 856 962,55 235 878,224,225,pdf_text_tokens,mistral_table,no
1404,"ALIMENT~ÇAO . . . . . . . . J.. • • • • • , , • • • • • J",280,618,200,38 174,300 072,306,311,746,270,4 538 830,30 330 701,224,225,pdf_text_tokens,mistral_table,no
1405,"REPARAÇAO, MANUTENÇAO E INSTALAÇAO",167,381,170,26 244,78 285,74,76,215,110,1 428 551,5 065 797,224,225,pdf_text_layout,mistral_table,no
1406,AUX. PRESTADOS A EMPRESAS E PESSOAS,72,430,327,39 184,78 096,68,71,478,370,3 954 638,9 320 134,224,225,pdf_text_layout,mistral_table,no
1407,DEMAIS GENEROS,134,631,379,59 083,212 254,92,96,435,261,2 934 943,10 519 246,224,225,pdf_text_tokens,mistral_table,no
1408,SANTO ANDR~,2 461,12 391,7 963,591 111,5 503 064,2 592,2 687,15 578,10 988,119 763 924,483 918 860,224,225,pdf_text_layout,mistral_table,no
1409,ALIMENTAÇAO,1 263,3 572,1 559,334 119,2 228 334,1 152,1 177,3 575,1 609,26 985 172,167 004 744,224,225,pdf_text_layout,mistral_table,no
1410,"AUX. COMERCIO, LOCAÇAO DE BENS E SERVIÇOS",33,313,249,37 649,145 337,37,54,768,645,7 978 628,55 826 739,224,225,pdf_text_layout,mistral_table,no
1411,AUX. PRESTADOS A EMPRESAS E PESSOAS,280,2 952,2 268,613 310,452 007,275,291,3 961,3 388,35 287 108,98 304 604,224,225,pdf_text_layout,mistral_table,no
1412,DEMAIS GENEROS,885,5 554,3 887,606 033,677 386,1 128,1 165,7 274,5 346,49 532 816,162 782 711,224,225,pdf_text_tokens,mistral_table,no
1413,SANTOS... cpu rreanr ceras sra ac un ao o o ao ru vaca sarna na,,,,,,2 884,3 154,34 329,27 686,780 450 166,2 000 170 946,224,225,tesseract_por_review_partial,mistral_table,yes
1414,ALIMENTAÇÃO... . cresce cercrrr ore rararer crer rare raca ra,,,,,,1 022,1 038,4 945,2 737,28 503 298,206 408 437,224,225,tesseract_por_review_partial,mistral_table,yes
1415,AUXILIARES DOS TRANSPORTES,226,4 433,3 267,972 894,4 053 495,116,207,15 567,14 942,599 653 274,1 257 350 396,224,225,pdf_text_layout,mistral_table,no
1416,AUX. PRESTADOS A EMPRESAS E PESSOAS,565,5 483,4 039,833 261,3 041 282,494,574,5 295,4 081,66 724 217,224 233 279,224,225,pdf_text_layout,mistral_table,no
1417,DEMAIS GENEROS,1 349,6 836,4 120,833 076,2 913 925,1 252,1 335,8 522,5 926,85 569 377,312 178 834,224,225,pdf_text_layout,mistral_table,no
1418,SÃO BERNARi;)O DO CAMPO,940,14 701,10 482,389 721,9 314 944,2 044,2 141,14 343,10 382,157 963 976,666 761 764,224,225,pdf_text_layout,mistral_table,no
1419,ALIMENTAÇAO,054,4 901,2 956,626 772,3 420 262,1 031,1 065,4 831,2 880,59 883 733,308 039 478,224,225,pdf_text_layout,mistral_table,no
1420,"AUX. COMERCIO, LOCAÇAO DE BENS E SERVIÇOS",29,282,195,105 392,907 678,36,50,1 446,3 33,10 570 166,76 522 891,224,225,pdf_text_layout,mistral_table,no
1421,AUX. PRESTADOS A EMPRESAS E PESSOAS,191,2 187,1 686,823 402,1 829 335,195,215,1 790,1 451,20 961 365,72 326 175,224,225,pdf_text_layout,mistral_table,no
1422,DEMAIS GENEROS,666,7 331,5 645,834 155,3 157 669,782,811,7 276,5 692,66 148 712,209 873 220,224,225,pdf_text_layout,mistral_table,no
1423,SÃO CAETANQ DO SUL,1 254,6 430,4 228,916 968,3 678 790,1 127,1 157,7 715,5 509,95 148 283,386 617 627,224,225,pdf_text_layout,mistral_table,no
1424,ALIMENTAÇAO,608,1 730,792,186 185,1 114 745,531,537,1 601,738,15 157 587,82 531 337,224,225,pdf_text_layout,mistral_table,no
1425,"AUX. DE LIMPEZA, HIGIENIZAÇAO, ETC",7,650,634,57 940,213 985,7,8,1 502,1 333,11 739 896,100 124 620,224,225,pdf_text_tokens,mistral_table,no
1426,AUX. PRESTADOS A EMPRESAS E PESSOAS,146,1 882,550,358 585,029 021,121,128,2 289,1 950,46 906 340,112 657 672,224,225,pdf_text_layout,mistral_table,no
1427,DEMAIS GENEROS,493,2,168 252,314 258,321 039,468,484,2 323,1 488,21 344 460,91 303 998,224,225,pdf_text_tokens,mistral_table,no
1428,SÃO CARLOS 1,569,2 226,1 196,217 428,1 054 995,525,546,2 175,1 244,15 628 197,66 181 698,224,225,pdf_text_layout,mistral_table,no
1429,ALIMENT8ÇAO . . . . . . . . J.. • • • • • • • • • • • • J,245,663,268,41 644,432 637,271,274,819,385,4 732 201,32 868 882,224,225,pdf_text_tokens,mistral_table,no
1430,"REPARAÇAO, MANUTENÇAO E INSTALAÇAO",130,442,238,47 868,145 642,84,88,290,154,2 098 936,5 575 220,224,225,pdf_text_layout,mistral_table,no
1431,AUX. PRESTADOS A EMPRESAS E PESSOAS,58,257,167,26 760,56 614,72,75,238,225,2 601 940,6 504 861,224,225,pdf_text_layout,mistral_table,no
1432,DEMAIS GENEROS,136,864,523,101 156,420 102,98,109,728,480,6 195 120,21 232 735,224,225,pdf_text_tokens,mistral_table,no
1433,SÃO JOSE DQ RIO PRETO,1 011,157,3 368,484 801,1 918 899,1 285,1 331,8 054,5 823,67 092 695,249 559 538,224,225,pdf_text_layout,mistral_table,no
1434,ALIMENTAÇAO,366,041,456,74 394,566 088,503,505,1 527,692,8 261 560,99 931 150,224,225,pdf_text_tokens,mistral_table,no
1435,"AUX. COMERCIO, LOCAÇAO DE BENS E SERVIÇOS",26,194,137,26 706,104 862,63,69,477,375,5 354 303,40 185 901,224,225,pdf_text_layout,mistral_table,no
1436,AUX. PRESTADOS A EMPRESAS E PESSOAS,117,695,492,75 040,222 543,144,156,2 769,2 504,27 681 683,51 140 363,224,225,pdf_text_layout,mistral_table,no
1437,DEMAIS GENEROS,502,3 227,2 283,308 661,1 025 406,585,611,3 291,2 252,25 795 149,98 301 124,224,225,pdf_text_layout,mistral_table,no
1438,SÃO JOSE DQS CAMPOS,164,6 900,4 490,940 379,3 826 450,1 443,1 542,8 955,6 340,87 414 853,350 133 807,224,225,pdf_text_layout,mistral_table,no
1439,ALIMENTAÇAO,589,2 404,1 403,259 668,1 527 996,713,744,2 973,1 769,30 078 845,153 154 427,224,225,pdf_text_layout,mistral_table,no
1440,"AUX. COMERCIO, LOCAÇAO DE BENS E SERVIÇOS",24,312,276,54 811,291 388,29,46,438,382,6 562 752,37 900 380,224,225,pdf_text_layout,mistral_table,no
1441,AUX. PRESTADOS A EMPRESAS E PESSOAS,146,527,227,291 978,573 148,191,211,2 445,2 051,25 732 921,63 478 599,224,225,pdf_text_layout,mistral_table,no
1442,DEMAIS GENEROS,405,657 584,333 922,1,433 918,510,541,3 099,2 138,25 040 335,96 000 401,224,225,pdf_text_tokens,mistral_table,no
1443,SÃO VICENTÇ,680,617,1 395,200 614,825 018,676,690,2 916,1 616,17 110 846,91 338 041,224,225,pdf_text_tokens,mistral_table,no
1444,"ALIMENT~ÇAO .. ,, . . . . .r.· • • • • • • • • • • ·.r",360,109 485,75,11 5,533 381,415,417,1 599,777,8 180 461,67 350 298,224,225,pdf_text_layout,mistral_table,no
1445,"REPARAÇAO, MANUTENÇAO E INSTALAÇAO",95,240,82,17 866,44 916,76,81,263,140,1 838 764,6 095 847,224,225,pdf_text_layout,mistral_table,no
1446,AUX. PRESTADOS A EMPRESAS E PESSOAS,63,599,475,51 372,95 474,47,48,320,232,2 189 002,5 097 461,224,225,pdf_text_layout,mistral_table,no
1447,DEMAIS GENEROS,162,669 353,56 261,1,51 247,138,144,734,467,4 902 619,12 794 465,224,225,pdf_text_tokens,mistral_table,no
1448,SOROCABA .. J,1 373,311,2 951,486 928,2 908 163,1 443,1 508,5 547,4 069,47 737 203,208 018 737,224,225,pdf_text_layout,mistral_table,no
1449,ALIMENT~ÇAO . . . . . . . . L • • • • • • • • • • • • J,753,915 795,119 371,1,020 297,809,818,2 262,972,11 757 964,80 461 622,224,225,pdf_text_tokens,mistral_table,no
1450,"REPARAÇAO, MANUTENÇAO E INSTALAÇAO",216,948,612,98 036,353 554,208,217,736,412,6 029 123,20 338 271,224,225,pdf_text_layout,mistral_table,no
1451,AUX. PRESTADOS,,,,,,162,176,1 620,1 361,14 444 784,49 686 554,224,225,tesseract_por_review_partial,mistral_table,yes
1452,DEMAIS GENEROS,273,1 597,895,184 682,1 304 153,264,297,1 929,1 324,15 505 332,57 532 290,224,225,pdf_text_layout,mistral_table,no
1453,,,,,,,251,273,881,825,59 543 116,61 874 610,224,225,missing,mistral_table,yes
1454,"ALIMENT~ÇAO . . . . . ,,, .r., ••• , •••• , , . J",176,522,267,62 085,327 012,147,157,639,397,5 671 359,34 486 447,224,225,pdf_text_tokens,mistral_table,no
1455,"REPARAÇAO, MANUTENÇAO E INSTALAÇAO",36,(F),CE),(X),CF),36,42,174,106,2 193 040,12 506 608,224,225,pdf_text_layout,mistral_table,no
1456,AUXILIARES DOS TRANSPORTES,1,(C),(Ç),(X),(C),2,3,64,62,2 244 138,6 800 647,224,225,pdf_text_tokens,mistral_table,no
1457,DEMAIS GENEROS,79,1,161 214,37 780,147 788,64,71,1 004,260,49 434 579,8 078 908,224,225,pdf_text_tokens,mistral_table,no
1458,SUZANO . . . . J,363,1,442 795,146 522,504 435,381,393,1 286,688,15 737 356,36 529 123,224,225,pdf_text_tokens,mistral_table,no
1459,ALIME'ITi\ÇAO,188,544,205,39 188,216 587,219,222,583,237,4 932 045,20 381 662,224,225,pdf_text_tokens,mistral_table,no
1460,"REPARAÇAO, MANUTENÇAO E INSTALAÇAO",79,318,196,31 526,85 839,76,79,270,154,2 734 528,6 426 989,224,225,pdf_text_layout,mistral_table,no
1461,AUX. PRESTADOS A EMPRESAS E PESSOAS,32,271,220,39 304,108 586,29,31,134,94,1 412 862,2 886 625,224,225,pdf_text_layout,mistral_table,no
1462,DEMAIS GENEROS,64,309,174,36 504,93 423,57,61,301,203,6 657 920,6 833 847,224,225,pdf_text_tokens,mistral_table,no
1463,TABOÃO DA SÇRRA,320,2 710,1 875,1 070 834,3 222 581,346,357,8 833,7 753,102 679 592,292 867 321,224,225,pdf_text_layout,mistral_table,no
1464,,,,,,,,,,,,,226,227,missing,missing,yes
1465,,,,,,,,,,,,,226,227,missing,missing,yes
1466,,,,,,,,,,,,,226,227,missing,missing,yes
1467,,,,,,,,,,,,,226,227,missing,missing,yes
1468,TAUBATE,772,3 998,2 468,338 196,1 451 679,802,833,3 617,2 317,25 582 897,108 166 561,226,227,mistral_table,mistral_table,no
1469,ALIMENTAÇÃO,445,1 378,556,89 597,685 241,435,442,1 422,707,10 132 817,53 351 087,226,227,mistral_table,mistral_table,no
1470,"REPARAÇÃO, MANUTENÇÃO E INSTALAÇÃO",105,513,343,42 212,136 030,131,136,397,224,2 852 055,10 987 842,226,227,mistral_table,mistral_table,no
1471,AUX. PRESTADOS A EMPRESAS E PESSOAS,80,474,338,53 010,140 945,81,87,481,353,3 714 534,13 333 655,226,227,mistral_table,mistral_table,no
1472,DEMAIS GÉNEROS,142,1 633,1 231,153 377,489 463,155,168,1 317,1 033,8 883 491,30 493 977,226,227,mistral_table,mistral_table,no
1473,ADAMANTINA,154,952,657,68 695,183 949,150,161,950,675,5 333 136,17 725 568,226,227,mistral_table,mistral_table,no
1474,ADOLFO,7,19,1,720,7 948,3,4,9,1,28 364,231 195,226,227,mistral_table,mistral_table,no
1475,AQUAI,65,162,65,11 921,64 036,49,50,114,25,819 965,3 501 922,226,227,mistral_table,mistral_table,no
1476,AQUAS DA PRATA,42,149,71,7 397,33 789,37,38,142,98,726 380,3 116 854,226,227,mistral_table,mistral_table,no
1477,AQUAS DE LINDÓIA,93,895,697,70 713,271 157,70,70,859,713,4 849 717,17 944 620,226,227,mistral_table,mistral_table,no
1478,AQUAS DE SANTA BARBARA,21,72,26,5 062,39 302,31,32,143,101,785 115,2 956 340,226,227,mistral_table,mistral_table,no
1479,AQUAS DE SÃO PEDRO,41,417,306,53 586,192 287,35,35,255,172,1 458 515,5 761 934,226,227,mistral_table,mistral_table,no
1480,AQUDOS,103,468,283,38 392,145 513,148,153,468,248,3 407 165,12 090 560,226,227,mistral_table,mistral_table,no
1481,ALFREDO MARCONDES,17,31,6,2 558,8 411,13,13,23,6,87 517,670 362,226,227,mistral_table,mistral_table,no
1482,ALTAIR,5,9,-,491,3 458,6,6,12,-,19 234,222 582,226,227,mistral_table,mistral_table,no
1483,ALTINÓPOLIS,53,201,114,12 253,60 736,54,54,123,41,602 683,2 874 205,226,227,mistral_table,mistral_table,no
1484,ALTO ALEGRE,13,30,-,1 110,5 266,14,14,25,1,58 217,465 469,226,227,mistral_table,mistral_table,no
1485,ALVARES FLORENCE,12,26,4,1 049,6 157,13,14,29,5,166 573,648 378,226,227,mistral_table,mistral_table,no
1486,ALVARES MACHADO,54,149,69,11 298,54 065,57,60,160,84,1 062 282,3 800 483,226,227,mistral_table,mistral_table,no
1487,ALVARO DE CARVALHO,8,15,-,312,3 046,7,7,8,-,15 104,148 632,226,227,mistral_table,mistral_table,no
1488,ALVINLANDIA,7,20,2,593,4 655,3,3,6,-,37 728,169 571,226,227,mistral_table,mistral_table,no
1489,AMÉRICO BRASILIENSE,47,444,356,41 592,80 916,79,80,320,178,7 396 359,18 440 966,226,227,mistral_table,mistral_table,no
1490,AMÉRICO DE CAMPOS,29,83,21,2 151,11 019,32,32,71,20,206 096,1 045 121,226,227,mistral_table,mistral_table,no
1491,AMPARO,213,709,349,63 304,236 426,204,207,640,276,3 267 723,16 519 839,226,227,mistral_table,mistral_table,no
1492,ANALANDIA,6,18,7,899,4 024,8,8,21,4,117 080,656 427,226,227,mistral_table,mistral_table,no
1493,ANDRADINA,252,841,376,53 937,231 234,229,234,688,330,3 231 139,15 154 418,226,227,mistral_table,mistral_table,no
1494,ANGATUBA,78,193,37,7 606,43 160,111,115,511,300,3 432 195,11 459 304,226,227,mistral_table,mistral_table,no
1495,ANHEMBI,11,27,6,1 709,10 037,13,13,20,3,81 760,610 402,226,227,mistral_table,mistral_table,no
1496,ANHUMAS,5,11,2,336,2 725,6,6,7,1,16 505,310 995,226,227,mistral_table,mistral_table,no
1497,APARECIDA,336,1 424,672,76 465,333 652,294,305,1 407,721,6 844 558,29 149 184,226,227,mistral_table,mistral_table,no
1498,APARECIDA D'OESTE,24,48,14,2 093,7 923,34,34,78,30,469 100,2 053 063,226,227,mistral_table,mistral_table,no
1499,APIAI,66,171,44,9 563,47 200,68,69,199,88,960 968,3 957 099,226,227,mistral_table,mistral_table,no
1500,ARAÇOIABA DA SERRA,37,102,51,7 594,40 117,26,26,83,36,413 091,2 219 972,226,227,mistral_table,mistral_table,no
1501,ARAMINA,10,35,13,1 142,5 037,3,3,24,20,178 809,2 277 279,226,227,mistral_table,mistral_table,no
1502,ARANDU,4,9,-,178,1 940,8,8,14,2,47 421,531 948,226,227,mistral_table,mistral_table,no
1503,ARARAS,302,1 068,604,100 215,366 633,281,295,5 956,5 399,61 815 596,99 512 760,226,227,mistral_table,mistral_table,no
1504,AREALVA,18,44,14,2 185,12 642,36,36,79,31,311 912,762 697,226,227,mistral_table,mistral_table,no
1505,AREIAS,5,9,1,278,2 167,5,5,7,2,31 764,285 433,226,227,mistral_table,mistral_table,no
1506,AREIÓPOLIS,14,24,3,1 290,6 820,20,20,34,3,105 778,1 018 970,226,227,mistral_table,mistral_table,no
1507,ARIRANHA,19,55,7,3 871,14 314,24,24,66,17,789 550,1 691 064,226,227,mistral_table,mistral_table,no
1508,ARTUR NOGUEIRA,68,208,79,12 016,63 620,94,95,241,75,2 206 620,8 229 155,226,227,mistral_table,mistral_table,no
1509,ARUJA,94,385,215,39 465,172 241,85,86,383,239,2 697 371,11 156 621,226,227,mistral_table,mistral_table,no
1510,ASSIS,351,1 395,764,108 444,444 820,349,366,1 421,834,10 962 920,40 218 114,226,227,mistral_table,mistral_table,no
1511,ATIBAIA,371,1 341,678,102 175,419 041,435,444,1 490,827,8 665 631,43 080 409,226,227,mistral_table,mistral_table,no
1512,AURIFLAMA,53,170,75,8 957,41 094,60,61,153,54,532 638,3 375 630,226,227,mistral_table,mistral_table,no
1513,AVAI,11,29,10,1 528,6 901,9,9,24,8,181 550,975 041,226,227,mistral_table,mistral_table,no
1514,AVANHANDAVA,19,245,207,6 903,18 390,21,21,38,5,190 471,1 012 015,226,227,mistral_table,mistral_table,no
1515,AVARE,250,1 064,626,85 501,635 092,224,230,749,405,4 914 376,20 872 934,226,227,mistral_table,mistral_table,no
1516,BADY BASSITT,9,21,3,986,6 174,10,10,68,44,376 903,1 482 365,226,227,mistral_table,mistral_table,no
1517,BALBINOS,4,5,-,197,1 664,4,4,9,-,19 230,121 632,228,229,mistral_table,mistral_table,no
1518,BALSAMO,27,47,12,2 651,15 897,26,26,51,3,110 407,913 865,228,229,mistral_table,mistral_table,no
1519,BANANAL,44,201,113,12 934,43 850,60,61,147,42,441 341,1 923 653,228,229,mistral_table,mistral_table,no
1520,BARÃO DE ANTONINA,10,16,-,428,4 746,6,6,11,-,20 657,198 031,228,229,mistral_table,mistral_table,no
1521,BARBOSA,26,53,5,1 583,12 014,26,26,53,16,183 314,1 023 760,228,229,mistral_table,mistral_table,no
1522,BARIRI,76,333,204,24 242,77 613,120,120,315,124,1 770 805,6 996 861,228,229,mistral_table,mistral_table,no
1523,BARRA BONITA,147,1 817,1 493,224 537,712 174,139,146,1 245,925,21 268 152,73 925 942,228,229,mistral_table,mistral_table,no
1524,BARRA DO TURVO,8,23,10,1 434,9 327,8,8,11,1,67 698,550 884,228,229,mistral_table,mistral_table,no
1525,BARRETOS,479,1 616,779,114 068,619 664,446,455,3 145,2 508,26 997 046,57 167 989,228,229,mistral_table,mistral_table,no
1526,BARRINHA,64,689,586,100 325,149 155,76,76,827,704,3 668 540,6 275 456,228,229,mistral_table,mistral_table,no
1527,BARUERI,244,1 266,741,140 345,751 114,327,346,4 857,4 105,98 992 351,255 824 099,228,229,mistral_table,mistral_table,no
1528,BASTOS,49,157,68,11 855,51 464,49,49,125,48,794 145,4 483 532,228,229,mistral_table,mistral_table,no
1529,BATATAIS,200,555,218,36 712,180 246,163,168,513,260,3 013 659,15 457 486,228,229,mistral_table,mistral_table,no
1530,BEBEDOURO,254,738,381,71 262,293 664,274,279,8 381,7 941,57 508 502,87 928 043,228,229,mistral_table,mistral_table,no
1531,BENTO DE ABREU,5,9,-,128,2 011,9,10,35,24,3 805 337,8 971 970,228,229,mistral_table,mistral_table,no
1532,BERNARDINO DE CAMPOS,46,91,33,4 605,27 008,42,45,83,32,284 117,1 868 449,228,229,mistral_table,mistral_table,no
1533,BILAC,26,90,30,5 002,21 039,26,26,72,35,345 562,1 532 717,228,229,mistral_table,mistral_table,no
1534,BIRIGUI,232,955,533,67 261,287 032,235,243,1 146,752,6 840 870,24 545 264,228,229,mistral_table,mistral_table,no
1535,BIRITIBA-MIRIM,35,89,24,4 048,17 574,76,77,152,14,1 613 068,9 219 959,228,229,mistral_table,mistral_table,no
1536,BOA ESPERANÇA DO SUL,33,330,283,17 993,38 242,33,34,543,477,4 490 557,7 546 561,228,229,mistral_table,mistral_table,no
1537,BOCAINA,31,250,196,34 131,56 135,20,21,53,24,297 052,1 506 506,228,229,mistral_table,mistral_table,no
1538,BOFETE,13,68,32,2 511,21 831,16,17,33,5,106 307,1 061 550,228,229,mistral_table,mistral_table,no
1539,BOITUVA,82,337,105,15 497,118 527,72,73,187,79,963 250,4 521 615,228,229,mistral_table,mistral_table,no
1540,BOM JESUS DOS PERDÕES,24,48,18,2 997,18 135,21,21,41,7,145 468,1 346 496,228,229,mistral_table,mistral_table,no
1541,BORA,3,6,-,131,1 662,2,2,(A),(A),(X),(A),228,229,mistral_table,mistral_table,no
1542,BORACEIA,9,168,150,22 061,30 776,12,12,25,9,90 468,954 734,228,229,mistral_table,mistral_table,no
1543,BORBOREMA,34,80,25,3 295,28 842,31,31,67,6,171 339,2 390 025,228,229,mistral_table,mistral_table,no
1544,BOTUCATU,349,1 359,709,120 114,521 358,362,378,1 397,767,9 477 231,45 028 847,228,229,mistral_table,mistral_table,no
1545,BRAUNA,11,40,3,951,6 221,12,12,32,5,78 676,553 276,228,229,mistral_table,mistral_table,no
1546,BRODOSQUI,45,100,31,4 729,22 994,58,58,144,27,567 459,2 934 710,228,229,mistral_table,mistral_table,no
1547,BROTAS,32,277,224,18 961,55 557,52,52,313,217,1 620 146,4 645 330,228,229,mistral_table,mistral_table,no
1548,BURI,36,82,15,4 062,23 963,26,26,41,6,170 585,1 128 320,228,229,mistral_table,mistral_table,no
1549,BURITAMA,43,202,129,13 056,141 647,33,33,60,10,182 150,1 376 294,228,229,mistral_table,mistral_table,no
1550,BURITIZAL,8,14,1,874,4 268,1,1,(A),(A),(X),(A),228,229,mistral_table,mistral_table,no
1551,CABRALIA PAULISTA,11,22,4,2 045,8 051,15,15,30,6,107 222,704 068,228,229,mistral_table,mistral_table,no
1552,CABREUVA,54,499,414,50 764,117 766,46,46,141,77,928 826,5 500 322,228,229,mistral_table,mistral_table,no
1553,CAÇAPAVA,221,789,426,61 857,324 924,199,204,698,371,3 974 320,18 067 700,228,229,mistral_table,mistral_table,no
1554,CACHOEIRA PAULISTA,70,171,63,8 251,40 360,49,49,105,39,463 432,2 503 031,228,229,mistral_table,mistral_table,no
1555,CACONDE,56,141,39,7 172,31 435,55,56,116,31,432 601,3 194 538,228,229,mistral_table,mistral_table,no
1556,CAFELANDIA,76,206,76,11 146,42 571,74,77,208,83,1 061 088,3 718 559,228,229,mistral_table,mistral_table,no
1557,CAIABU,4,9,-,96,1 508,7,7,8,-,11 331,191 560,228,229,mistral_table,mistral_table,no
1558,CAIEIRAS,77,271,147,17 180,80 683,85,89,245,98,3 523 453,10 270 469,228,229,mistral_table,mistral_table,no
1559,CAIUA,4,7,2,467,7 647,4,4,7,-,12 370,116 368,228,229,mistral_table,mistral_table,no
1560,CAJAMAR,79,160,32,11 206,51 380,99,101,12 769,12 519,51 799 588,128 822 863,228,229,mistral_table,mistral_table,no
1561,CAJOBI,34,58,3,2 056,30 285,28,30,63,12,233 862,1 166 703,228,229,mistral_table,mistral_table,no
1562,CAJURU,83,172,39,9 099,42 366,86,86,300,170,2 416 471,6 180 723,228,229,mistral_table,mistral_table,no
1563,CAMPO LIMPO PAULISTA,98,438,238,79 128,253 952,70,71,264,143,2 484 376,11 837 860,228,229,mistral_table,mistral_table,no
1564,CAMPOS DO JORDÃO,186,983,670,75 514,445 749,228,231,1 370,963,9 564 850,41 922 971,230,231,mistral_table,mistral_table,no
1565,CAMPOS NOVOS PAULISTA,3,7,3,457,1 622,10,10,20,4,38 121,321 099,230,231,mistral_table,mistral_table,no
1566,CANANEIA,34,148,87,9 516,37 887,25,25,67,13,132 414,551 268,230,231,mistral_table,mistral_table,no
1567,CANDIDO MOTA,101,242,81,15 812,63 212,122,122,501,290,6 268 984,12 634 078,230,231,mistral_table,mistral_table,no
1568,CANDIDO RODRIGUES,8,23,-,916,6 491,9,9,23,3,78 496,582 421,230,231,mistral_table,mistral_table,no
1569,CAPÃO BONITO,128,377,133,20 893,101 075,164,166,428,192,2 446 327,8 995 531,230,231,mistral_table,mistral_table,no
1570,CAPELA DO ALTO,24,57,4,2 432,14 489,52,52,107,26,600 261,1 983 847,230,231,mistral_table,mistral_table,no
1571,CAPIVARI,136,468,242,46 014,168 718,161,162,1 370,1 112,13 540 696,21 438 540,230,231,mistral_table,mistral_table,no
1572,CARAGUATATUBA,286,1 065,527,85 266,393 903,238,245,768,333,4 455 394,21 061 325,230,231,mistral_table,mistral_table,no
1573,CARDOSO,53,124,34,7 928,36 891,51,52,122,44,454 685,2 623 795,230,231,mistral_table,mistral_table,no
1574,CASA BRANCA,86,343,206,27 638,115 087,78,80,213,86,1 382 557,5 804 805,230,231,mistral_table,mistral_table,no
1575,CASSIA DOS COQUEIROS,5,8,-,254,2 302,6,6,9,1,38 700,194 215,230,231,mistral_table,mistral_table,no
1576,CASTILHO,42,81,1,2 568,14 460,38,40,88,24,372 702,1 828 314,230,231,mistral_table,mistral_table,no
1577,CATANDUVA,394,1 373,797,126 260,610 331,368,378,3 088,2 503,22 727 280,56 063 591,230,231,mistral_table,mistral_table,no
1578,CATIGUA,12,14,-,673,9 734,10,10,15,-,83 319,916 107,230,231,mistral_table,mistral_table,no
1579,CEDRAL,19,37,7,1 519,16 460,22,22,47,10,127 487,905 759,230,231,mistral_table,mistral_table,no
1580,CERQUEIRA CESAR,46,90,16,6 316,67 937,67,67,165,49,286 084,2 072 910,230,231,mistral_table,mistral_table,no
1581,CERQUILHO,47,186,95,15 483,111 992,73,74,152,55,834 545,5 211 763,230,231,mistral_table,mistral_table,no
1582,CESARIO LANGE,30,93,27,4 877,23 714,49,49,106,16,300 441,1 613 855,230,231,mistral_table,mistral_table,no
1583,CHARQUEADA,27,95,43,3 350,18 682,31,32,83,33,557 421,3 005 123,230,231,mistral_table,mistral_table,no
1584,CLEMENTINA,10,29,10,1 351,7 110,13,13,28,7,59 115,776 957,230,231,mistral_table,mistral_table,no
1585,COLINA,49,119,33,8 247,48 037,58,59,117,28,395 938,2 692 577,230,231,mistral_table,mistral_table,no
1586,COLOMBIA,6,13,5,778,6 518,8,8,15,1,35 730,476 291,230,231,mistral_table,mistral_table,no
1587,CONCHAL,48,113,28,6 315,43 320,85,85,178,44,708 267,12 799 638,230,231,mistral_table,mistral_table,no
1588,CONCHAS,57,125,39,5 621,28 973,49,50,85,14,347 904,1 803 846,230,231,mistral_table,mistral_table,no
1589,CORDEIROPOLIS,40,179,114,12 078,66 176,29,29,146,87,933 702,3 953 558,230,231,mistral_table,mistral_table,no
1590,COROADOS,10,14,-,1 152,6 416,6,6,10,-,20 240,379 648,230,231,mistral_table,mistral_table,no
1591,CORONEL MACEDO,4,8,1,120,1 374,11,11,21,5,128 908,309 509,230,231,mistral_table,mistral_table,no
1592,CORUMBATAI,14,37,11,2 481,10 881,8,8,20,8,84 009,698 508,230,231,mistral_table,mistral_table,no
1593,COSMOPOLIS,99,275,75,27 770,117 440,158,162,404,156,3 927 925,9 432 820,230,231,mistral_table,mistral_table,no
1594,COSMORAMA,16,38,10,2 146,9 167,15,16,33,13,119 688,784 643,230,231,mistral_table,mistral_table,no
1595,COTIA,221,876,422,85 960,436 543,215,230,1 916,1 570,13 613 202,46 127 085,230,231,mistral_table,mistral_table,no
1596,CRAVINHOS,107,487,241,29 849,101 994,83,64,196,71,1 182 278,6 367 043,230,231,mistral_table,mistral_table,no
1597,CRISTAIS PAULISTA,3,6,-,144,2 761,7,7,23,16,114 435,600 587,230,231,mistral_table,mistral_table,no
1598,CRUZALIA,15,29,13,1 824,14 970,16,16,39,10,154 825,1 327 958,230,231,mistral_table,mistral_table,no
1599,CRUZEIRO,280,808,322,69 678,247 085,219,224,629,274,3 456 641,14 752 258,230,231,mistral_table,mistral_table,no
1600,CUBATÃO,302,4 157,3 324,542 113,2 201 032,251,275,2 796,2 335,20 767 765,140 611 884,230,231,mistral_table,mistral_table,no
1601,CUNHA,23,65,17,2 034,17 942,32,32,79,25,386 957,1 534 130,230,231,mistral_table,mistral_table,no
1602,DESCALVADO,88,1 085,913,51 767,126 442,86,87,205,55,1 091 963,5 980 010,230,231,mistral_table,mistral_table,no
1603,DIVINOLANDIA,28,76,30,4 717,13 731,20,20,54,19,197 377,1 450 843,230,231,mistral_table,mistral_table,no
1604,DOBRADA,19,616,559,71 185,103 512,13,13,1 948,1 921,15 960 037,15 319 836,230,231,mistral_table,mistral_table,no
1605,DOIS CORREDOS,73,227,113,19 107,96 301,75,76,178,84,1 160 173,6 518 782,230,231,mistral_table,mistral_table,no
1606,DOLCINOPOLIS,8,16,-,346,3 358,6,6,9,-,27 054,197 342,230,231,mistral_table,mistral_table,no
1607,DOURADO,22,50,15,2 740,16 335,15,15,91,68,208 430,795 490,230,231,mistral_table,mistral_table,no
1608,DRACENA,207,751,399,55 665,273 190,143,150,511,292,3 759 677,20 279 694,230,231,mistral_table,mistral_table,no
1609,DUARTINA,56,139,40,8 319,33 676,77,78,143,46,593 467,3 224 926,230,231,mistral_table,mistral_table,no
1610,DUMONT,12,22,2,1 803,7 262,18,20,102,71,609 629,2 067 133,230,231,mistral_table,mistral_table,no
1611,ECHAPORÁ,17,55,12,1 875,13 892,17,17,26,2,177 099,776 725,232,233,mistral_table,mistral_table,no
1612,ELDORADO,29,53,20,3 125,14 119,29,29,70,29,296 436,1 080 469,232,233,mistral_table,mistral_table,no
1613,ELIAS FAUSTO,25,79,27,4 857,19 977,27,27,276,245,2 227 855,3 558 517,232,233,mistral_table,mistral_table,no
1614,EMBU-GUAÇU,73,169,48,17 680,55 168,132,134,344,69,2 841 759,28 521 441,232,233,mistral_table,mistral_table,no
1615,ESPÍRITO SANTO DO PINHAL,162,748,485,62 490,236 564,142,146,643,418,3 750 798,19 359 680,232,233,mistral_table,mistral_table,no
1616,ESTRELA D'OESTE,35,68,12,3 428,20 054,41,41,106,29,460 939,1 870 079,232,233,mistral_table,mistral_table,no
1617,ESTRELA DO NORTE,6,8,1,383,3 926,5,5,8,2,19 773,425 141,232,233,mistral_table,mistral_table,no
1618,FARTURA,53,106,28,5 132,42 399,56,56,115,37,356 482,2 265 274,232,233,mistral_table,mistral_table,no
1619,FERNANDOPOLIS,253,937,449,72 752,263 640,247,265,873,452,5 899 051,25 726 919,232,233,mistral_table,mistral_table,no
1620,FERNANDO PRESTES,15,28,-,737,10 255,16,16,34,1,65 628,1 022 726,232,233,mistral_table,mistral_table,no
1621,FERRAZ DE VASCONCELOS,131,267,85,17 726,64 781,145,149,347,125,2 273 153,13 453 123,232,233,mistral_table,mistral_table,no
1622,FLORA RICA,1,(A),(A),(X),(A),6,6,12,2,33 568,315 089,232,233,mistral_table,mistral_table,no
1623,FLOREAL,6,18,2,1 059,4 835,9,9,29,12,375 096,799 463,232,233,mistral_table,mistral_table,no
1624,FLORIDA PAULISTA,30,106,44,5 870,24 588,42,42,92,29,408 511,4 244 872,232,233,mistral_table,mistral_table,no
1625,FLORINIA,7,10,1,548,2 810,9,9,11,-,71 307,572 817,232,233,mistral_table,mistral_table,no
1626,FRANCISCO MORATO,84,161,45,10 707,67 673,108,111,242,73,1 244 489,7 223 959,232,233,mistral_table,mistral_table,no
1627,FRANCO DA ROCHA,127,393,171,34 380,159 208,175,178,586,269,3 903 386,16 812 681,232,233,mistral_table,mistral_table,no
1628,GABRIEL MONTEIRO,8,19,2,656,4 142,8,8,17,1,34 210,484 310,232,233,mistral_table,mistral_table,no
1629,GALIA,34,85,31,6 119,25 692,33,33,74,29,306 597,1 462 352,232,233,mistral_table,mistral_table,no
1630,GARÇA,181,576,266,41 038,198 449,185,188,594,272,3 153 479,26 250 653,232,233,mistral_table,mistral_table,no
1631,GASTÃO VIDIGAL,9,23,-,931,6 393,11,11,27,13,188 269,831 618,232,233,mistral_table,mistral_table,no
1632,GENERAL SALGADO,41,113,37,4 489,32 266,48,48,177,106,3 081 939,11 277 497,232,233,mistral_table,mistral_table,no
1633,GETULINA,53,94,18,4 210,34 113,39,39,85,25,884 039,2 346 656,232,233,mistral_table,mistral_table,no
1634,GLICERIO,12,40,10,2 040,6 002,19,19,43,19,195 084,686 505,232,233,mistral_table,mistral_table,no
1635,GUAIÇARA,11,48,20,2 313,10 371,12,13,44,21,164 794,2 071 311,232,233,mistral_table,mistral_table,no
1636,GUAIMBE,20,44,9,1 813,10 867,22,24,172,137,1 425 418,5 331 973,232,233,mistral_table,mistral_table,no
1637,GUAIRA,120,337,126,22 075,115 781,118,118,4 375,4 184,3 964 372,9 572 857,232,233,mistral_table,mistral_table,no
1638,GUAPIAÇU,11,30,14,1 435,14 574,20,21,52,25,199 730,1 515 456,232,233,mistral_table,mistral_table,no
1639,GUAPIARA,25,63,13,2 796,14 329,63,63,107,39,465 054,1 882 981,232,233,mistral_table,mistral_table,no
1640,GUARA,56,110,28,6 253,36 684,43,43,74,15,294 794,3 003 471,232,233,mistral_table,mistral_table,no
1641,GUARAÇAI,23,68,20,3 625,20 509,26,28,62,18,692 411,2 347 766,232,233,mistral_table,mistral_table,no
1642,GUARACI,32,74,13,3 414,15 792,28,28,65,15,175 366,1 275 756,232,233,mistral_table,mistral_table,no
1643,GUARANI D'OESTE,25,76,15,2 288,14 716,21,21,42,-,99 664,996 322,232,233,mistral_table,mistral_table,no
1644,GUARANTÁ,15,32,6,1 345,10 897,16,16,40,12,192 779,995 933,232,233,mistral_table,mistral_table,no
1645,GUARARAPES,125,419,218,21 682,94 128,148,151,364,153,1 700 448,9 402 581,232,233,mistral_table,mistral_table,no
1646,GUARAREMA,37,90,38,8 587,39 280,210,212,578,227,7 143 063,69 933 071,232,233,mistral_table,mistral_table,no
1647,GUARATINGUETA,353,1 711,1 086,141 412,648 767,282,301,1 565,1 040,11 010 949,49 982 268,232,233,mistral_table,mistral_table,no
1648,GUAREI,18,39,5,1 523,11 586,22,22,56,21,155 017,894 065,232,233,mistral_table,mistral_table,no
1649,GUARIBA,102,1 239,1 079,62 545,163 961,118,118,236,66,1 653 867,11 823 614,232,233,mistral_table,mistral_table,no
1650,GUZOLANDIA,17,37,6,1 294,6 767,12,12,23,2,55 450,443 313,232,233,mistral_table,mistral_table,no
1651,HERCULANDIA,19,32,4,1 200,7 137,22,22,37,6,92 890,955 688,232,233,mistral_table,mistral_table,no
1652,IACANGA,28,94,36,5 714,28 402,26,27,74,23,283 284,1 698 491,232,233,mistral_table,mistral_table,no
1653,IACRI,18,59,26,2 462,17 889,17,17,38,3,172 773,737 295,232,233,mistral_table,mistral_table,no
1654,IBATE,44,201,122,16 364,77 289,28,29,184,130,907 682,2 761 870,232,233,mistral_table,mistral_table,no
1655,IBIRA,32,121,47,9 643,36 604,31,31,71,24,242 314,2 727 047,232,233,mistral_table,mistral_table,no
1656,IBIRAREMA,17,82,42,4 395,38 188,27,27,94,48,584 413,4 320 828,232,233,mistral_table,mistral_table,no
1657,IBITINGA,141,423,193,24 224,123 525,166,169,394,154,2 116 658,11 184 847,232,233,mistral_table,mistral_table,no
1658,IBIUNA,69,190,53,11 508,73 131,89,91,312,148,2 179 321,8 888 583,234,235,mistral_table,mistral_table,no
1659,ICEM,23,63,14,2 793,14 768,30,30,66,16,233 269,2 083 534,234,235,mistral_table,mistral_table,no
1660,IEPE,31,64,10,2 868,13 883,37,38,98,31,468 683,1 963 085,234,235,mistral_table,mistral_table,no
1661,IGARAÇU DO TIETE,66,2 272,2 168,275 887,675 034,69,72,5 457,5 319,89 405 213,155 157 845,234,235,mistral_table,mistral_table,no
1662,IGARAPAVA,100,1 430,1 241,160 669,317 839,49,51,791,702,12 272 824,26 893 875,234,235,mistral_table,mistral_table,no
1663,IGARATA,11,46,16,2 408,13 898,9,9,34,9,135 996,636 073,234,235,mistral_table,mistral_table,no
1664,IGUAPE,81,208,67,10 269,63 487,292,293,675,308,5 353 209,15 389 555,234,235,mistral_table,mistral_table,no
1665,ILHABELA,72,276,103,17 259,82 647,81,81,362,193,2 481 410,10 052 062,234,235,mistral_table,mistral_table,no
1666,INDAIATUBA,253,894,368,75 413,337 788,307,313,905,370,4 505 324,22 311 798,234,235,mistral_table,mistral_table,no
1667,INDIANA,4,18,8,881,3 521,7,7,21,3,52 294,659 472,234,235,mistral_table,mistral_table,no
1668,INDIAPORA,27,79,19,2 984,15 717,34,34,115,44,493 248,2 306 195,234,235,mistral_table,mistral_table,no
1669,INUBIA PAULISTA,7,20,5,680,4 585,11,11,22,6,111 594,512 764,234,235,mistral_table,mistral_table,no
1670,IPAUÇU,42,71,4,3 142,21 493,43,44,66,10,311 113,2 273 709,234,235,mistral_table,mistral_table,no
1671,IPERO,17,47,17,5 090,27 874,26,27,61,23,573 478,6 021 282,234,235,mistral_table,mistral_table,no
1672,IPEUNA,10,20,5,1 823,4 792,7,7,19,4,89 605,321 722,234,235,mistral_table,mistral_table,no
1673,IPORANGA,4,6,-,135,750,7,7,10,1,59 577,394 047,234,235,mistral_table,mistral_table,no
1674,IPUÁ,47,104,8,3 553,22 254,44,44,83,15,225 186,2 695 300,234,235,mistral_table,mistral_table,no
1675,IRACEMAPOLIS,52,831,707,57 911,123 730,66,66,934,811,16 885 161,24 638 014,234,235,mistral_table,mistral_table,no
1676,IRAPUÁ,23,64,12,2 683,16 655,16,17,37,7,75 139,482 248,234,235,mistral_table,mistral_table,no
1677,IRAPURU,38,75,10,3 436,19 398,35,35,67,16,293 485,1 764 669,234,235,mistral_table,mistral_table,no
1678,ITABERA,36,82,6,1 922,15 106,24,26,75,40,448 971,1 653 111,234,235,mistral_table,mistral_table,no
1679,ITAI,61,173,44,7 387,51 704,98,99,234,87,674 735,3 883 900,234,235,mistral_table,mistral_table,no
1680,ITAJOBÍ,29,58,6,3 493,22 710,55,55,122,37,526 909,2 372 920,234,235,mistral_table,mistral_table,no
1681,ITAJU,4,5,-,114,1 177,3,3,5,1,14 714,116 864,234,235,mistral_table,mistral_table,no
1682,ITANHAEM,202,701,362,54 122,241 454,187,195,634,323,3 530 935,17 419 770,234,235,mistral_table,mistral_table,no
1683,ITAPECERICA DA SERRA,258,713,297,63 368,352 830,168,173,680,377,3 979 947,23 908 826,234,235,mistral_table,mistral_table,no
1684,ITAPEVA,270,1 147,581,72 867,273 541,240,251,1 139,761,7 536 766,23 669 597,234,235,mistral_table,mistral_table,no
1685,ITAPEVI,177,416,170,28 903,126 037,316,319,1 116,684,10 524 623,22 551 893,234,235,mistral_table,mistral_table,no
1686,ITAPIRA,252,932,436,81 543,307 720,207,210,800,452,4 683 340,17 622 504,234,235,mistral_table,mistral_table,no
1687,ITAPOLIS,91,264,110,98 021,169 620,94,97,953,789,13 373 621,21 554 690,234,235,mistral_table,mistral_table,no
1688,ITAPORANGA,66,160,42,8 427,29 910,71,71,175,75,1 094 772,4 919 390,234,235,mistral_table,mistral_table,no
1689,ITAPUI,36,189,110,14 976,43 252,26,27,68,23,662 803,1 809 145,234,235,mistral_table,mistral_table,no
1690,ITAPURA,12,29,5,866,4 603,10,10,22,4,63 504,432 031,234,235,mistral_table,mistral_table,no
1691,ITAQUAQUECETUBA,187,405,68,18 384,103 443,210,213,694,398,4 420 279,13 424 794,234,235,mistral_table,mistral_table,no
1692,ITARARE,179,459,176,30 072,91 097,221,224,985,651,7 286 644,22 794 586,234,235,mistral_table,mistral_table,no
1693,ITARIRI,24,81,37,5 129,21 848,32,33,85,33,653 780,4 664 443,234,235,mistral_table,mistral_table,no
1694,ITATIBA,232,898,464,86 179,365 143,211,215,837,420,5 812 908,25 831 681,234,235,mistral_table,mistral_table,no
1695,ITATINGA,37,226,142,14 808,78 957,56,61,474,364,3 172 256,19 007 906,234,235,mistral_table,mistral_table,no
1696,ITIRAPINA,65,314,215,32 722,177 933,35,37,114,44,1 299 811,7 566 091,234,235,mistral_table,mistral_table,no
1697,ITIRAPUÁ,8,13,2,1 510,9 006,11,11,11,-,31 413,468 811,234,235,mistral_table,mistral_table,no
1698,ITOBI,11,25,8,2 200,11 828,11,12,31,11,152 284,1 073 147,234,235,mistral_table,mistral_table,no
1699,ITU,384,1 823,1 065,171 021,763 162,,,,,,,234,235,mistral_table,missing,yes
1700,ITUPEVA,21,45,14,2 222,16 108,28,28,239,186,1 204 974,4 567 266,234,235,mistral_table,mistral_table,no
1701,ITUVERAVA,140,467,216,35 840,193 229,121,129,336,149,2 799 106,13 749 586,234,235,mistral_table,mistral_table,no
1702,JABORANDI,16,36,10,1 533,13 191,17,17,60,36,317 107,1 741 395,234,235,mistral_table,mistral_table,no
1703,JABOTICABAL,252,828,436,72 170,307 177,282,295,955,627,8 483 570,36 302 736,234,235,mistral_table,mistral_table,no
1704,JACI,7,23,4,1 050,6 937,6,6,19,7,62 028,559 844,234,235,mistral_table,mistral_table,no
1705,JACUPIRANGA,77,236,108,17 281,81,119,121,714,533,4 686 553,16 540 542,236,237,mistral_table,mistral_table,no
1706,JAQUARIUNA,67,198,65,15 339,83,74,77,269,136,1 577 062,8 577 609,236,237,mistral_table,mistral_table,no
1707,JALES,189,673,309,44,913 161,189,195,565,246,2 496 955,10 740 413,236,237,mistral_table,mistral_table,no
1708,JAMBEIRO,7,10,-,552,3 707,7,7,21,5,61 860,506 498,236,237,mistral_table,mistral_table,no
1709,JANDIRA,132,346,144,21 067,98,83,84,210,88,1 541 810,6 788 027,236,237,mistral_table,mistral_table,no
1710,JARDINOPOLIS,107,258,72,18 278,86,144,144,331,65,1 295 362,12 501 646,236,237,mistral_table,mistral_table,no
1711,JARINU,22,62,20,4 023,28,35,35,79,37,561 025,2 100 872,236,237,mistral_table,mistral_table,no
1712,JAU,381,1 464,824,151,454 621,415,432,2 763,2 087,17 152 323,48 725 019,236,237,mistral_table,mistral_table,no
1713,JERIQUARA,8,13,1,328,4 411,1,1,(A),(A),(X),(A),236,237,mistral_table,mistral_table,no
1714,JOANOPOLIS,25,57,17,3 242,16,32,32,74,24,969 948,3 396 493,236,237,mistral_table,mistral_table,no
1715,JOÃO RAMALHO,4,8,-,408,4 100,6,6,10,2,22 370,357 922,236,237,mistral_table,mistral_table,no
1716,JOSE BONIFACIO,105,222,66,15 080,62,120,121,305,117,1 538 911,10 081 511,236,237,mistral_table,mistral_table,no
1717,JULIO MESQUITA,12,25,1,1 024,5,17,17,28,1,80 460,357 297,236,237,mistral_table,mistral_table,no
1718,JUNQUEIROPOLIS,67,198,85,11 765,51,64,65,153,62,623 320,3 365 372,236,237,mistral_table,mistral_table,no
1719,JUQUIA,50,140,62,13 582,46,47,47,131,64,605 664,2 066 092,236,237,mistral_table,mistral_table,no
1720,JUQUITIBA,35,90,38,6 278,25,40,41,154,66,1 201 125,3 398 219,236,237,mistral_table,mistral_table,no
1721,LAGOINHA,8,8,-,378,5 167,13,13,30,7,115 900,616 956,236,237,mistral_table,mistral_table,no
1722,LARANJAL PAULISTA,65,211,98,11 781,56,71,71,1 048,933,4 230 368,11 426 159,236,237,mistral_table,mistral_table,no
1723,LAVINIA,16,34,6,1 330,7,22,22,39,8,159 601,770 681,236,237,mistral_table,mistral_table,no
1724,LAVRINHAS,14,22,-,608,4 493,7,7,12,-,20 381,162 239,236,237,mistral_table,mistral_table,no
1725,LEME,224,757,417,74,218 365,192,196,596,295,3 933 464,13 152 029,236,237,mistral_table,mistral_table,no
1726,LENÇOIS PAULISTA,129,633,435,75,730 305,183,190,1 221,939,8 009 873,30 166 229,236,237,mistral_table,mistral_table,no
1727,LINDOIA,17,47,14,2 559,21,18,18,60,18,225 802,1 488 411,236,237,mistral_table,mistral_table,no
1728,LINS,294,1 281,819,144,018 607,242,253,1 392,779,16 340 424,37 448 094,236,237,mistral_table,mistral_table,no
1729,LORENA,249,797,377,66,454 276,202,211,767,439,5 424 656,24 033 684,236,237,mistral_table,mistral_table,no
1730,LOUVEIRA,28,338,272,23,310 185,46,49,499,374,3 992 775,30 607 063,236,237,mistral_table,mistral_table,no
1731,LUCELIA,81,267,127,13 649,53,90,90,238,97,922 714,4 575 350,236,237,mistral_table,mistral_table,no
1732,LUCIANOPOLIS,8,11,-,390,3 798,,,,,,,236,237,mistral_table,mistral_table_partial,yes
1733,LUIS ANTONIO,5,15,3,663,3 984,8,8,15,-,30 554,331 177,236,237,mistral_table,mistral_table,no
1734,LUIZIANIA,7,16,2,575,3 506,9,9,16,6,46 605,291 781,236,237,mistral_table,mistral_table,no
1735,LUPERCIO,9,18,2,1 046,6,11,11,21,4,86 545,539 190,236,237,mistral_table,mistral_table,no
1736,LUTECIA,6,10,-,163,4 287,9,9,14,-,23 709,430 259,236,237,mistral_table,mistral_table,no
1737,MACATUBA,25,243,210,18 472,42,32,35,60,16,309 445,2 504 064,236,237,mistral_table,mistral_table,no
1738,MACAUBAL,17,35,-,730,10 141,32,32,81,32,372 538,1 799 866,236,237,mistral_table,mistral_table,no
1739,MACEDONIA,7,14,1,673,2 868,7,8,18,3,72 772,444 914,236,237,mistral_table,mistral_table,no
1740,MAGDA,8,33,14,3 739,9,13,13,35,11,331 203,798 855,236,237,mistral_table,mistral_table,no
1741,MAIRINQUE,88,305,112,53,924 297,125,127,512,222,4 963 752,17 885 545,236,237,mistral_table,mistral_table,no
1742,MAIRIPORA,141,374,106,30,705 119,144,144,1 148,901,6 436 501,15 787 126,236,237,mistral_table,mistral_table,no
1743,MANDURI,17,26,2,1 453,8,25,25,52,9,193 886,1 071 167,236,237,mistral_table,mistral_table,no
1744,MARABA PAULISTA,5,9,-,500,4 687,5,5,8,1,22 169,195 636,236,237,mistral_table,mistral_table,no
1745,MARACAI,34,59,10,3 707,27,53,56,1 358,1 240,12 129 431,18 279 871,236,237,mistral_table,mistral_table,no
1746,MARIAPOLIS,4,18,6,392,3 170,12,12,22,4,83 662,511 765,236,237,mistral_table,mistral_table,no
1747,MARINOPOLIS,3,6,1,269,2 162,4,4,8,1,30 000,201 087,236,237,mistral_table,mistral_table,no
1748,MARTINOPOLIS,79,195,71,11 770,53,60,60,144,49,415 223,2 535 035,236,237,mistral_table,mistral_table,no
1749,MATÃO,201,4 957,4 560,262,945 448,219,221,4 885,4 296,30 389 762,61 370 211,236,237,mistral_table,mistral_table,no
1750,MENDONÇA,9,31,9,947,7 212,14,14,27,8,120 725,587 047,236,237,mistral_table,mistral_table,no
1751,MERIDIANO,8,11,-,798,7 058,8,8,16,-,56 722,507 337,236,237,mistral_table,mistral_table,no
1752,MIGUELOPOLIS,80,222,76,11 834,54 449,59,59,153,47,482 074,4 183 126,238,239,mistral_table,mistral_table,no
1753,MINEIROS DO TIETE,30,152,81,28 438,49 673,26,26,346,301,6 460 123,7 320 401,238,239,mistral_table,mistral_table,no
1754,MIRACATU,54,168,91,13 557,67 893,112,112,317,176,2 038 882,6 618 898,238,239,mistral_table,mistral_table,no
1755,MIRA ESTRELA,5,11,-,325,3 807,6,6,7,1,45 976,568 769,238,239,mistral_table,mistral_table,no
1756,MIRANDOPOLIS,112,366,171,25 554,121 006,103,106,322,160,1 713 650,7 497 799,238,239,mistral_table,mistral_table,no
1757,MIRANTE DO PARANAPANEMA,55,158,74,8 270,26 860,67,67,141,50,454 991,2 191 212,238,239,mistral_table,mistral_table,no
1758,MIRASSOL,132,325,140,18 707,119 593,179,184,550,279,4 763 169,25 035 502,238,239,mistral_table,mistral_table,no
1759,MIRASSOLANDIA,4,7,1,295,2 900,9,9,18,4,58 678,281 678,238,239,mistral_table,mistral_table,no
1760,MÓCOCA,187,608,292,64 313,235 880,199,205,541,228,3 030 718,12 842 094,238,239,mistral_table,mistral_table,no
1761,MOJI-GUAÇU,371,1 618,843,137 432,614 479,355,365,1 170,594,7 580 602,35 737 345,238,239,mistral_table,mistral_table,no
1762,MOJI-MIRIM,293,1 077,552,91 898,433 661,315,325,1 013,510,6 558 458,30 997 664,238,239,mistral_table,mistral_table,no
1763,MOMBUCA,8,15,6,971,4 064,10,10,22,4,660 381,933 013,238,239,mistral_table,mistral_table,no
1764,MONÇÕES,4,8,2,449,1 990,5,5,13,4,33 251,255 432,238,239,mistral_table,mistral_table,no
1765,MONOAGUA,78,198,55,16 946,109 072,95,98,266,80,1 079 633,6 684 427,238,239,mistral_table,mistral_table,no
1766,MONTE ALEGRE DO SUL,15,39,10,2 733,12 302,10,10,20,6,88 647,517 608,238,239,mistral_table,mistral_table,no
1767,MONTE ALTO,127,428,175,29 892,133 473,132,133,380,166,1 963 799,8 802 089,238,239,mistral_table,mistral_table,no
1768,MONTE APRAZÍVEL,70,200,76,13 951,64 586,89,92,289,150,2 315 710,6 523 597,238,239,mistral_table,mistral_table,no
1769,MONTE AZUL PAULISTA,53,122,41,10 263,52 333,56,58,141,49,1 341 100,12 471 749,238,239,mistral_table,mistral_table,no
1770,MONTE CASTELO,7,16,4,894,3 199,7,7,14,2,17 269,263 642,238,239,mistral_table,mistral_table,no
1771,MONTEIRO LOBATO,11,25,9,1 466,7 474,10,11,22,6,136 766,940 841,238,239,mistral_table,mistral_table,no
1772,MONTE MOR,42,171,99,8 951,41 547,38,38,104,29,599 195,2 738 340,238,239,mistral_table,mistral_table,no
1773,MORRO AGUDO,81,165,42,9 907,53 120,101,102,245,73,1 314 612,6 613 208,238,239,mistral_table,mistral_table,no
1774,MORUNGABA,23,121,76,15 960,32 412,45,48,15 097,14 768,147 473 979,272 028 558,238,239,mistral_table,mistral_table,no
1775,MURUTINGA DO SUL,8,16,1,724,3 181,14,15,39,12,92 114,683 014,238,239,mistral_table,mistral_table,no
1776,NARANDIBA,4,7,-,192,2 267,4,4,7,-,14 189,235 835,238,239,mistral_table,mistral_table,no
1777,NATIVIDADE DA SERRA,14,27,4,954,4 417,7,7,12,-,31 577,183 838,238,239,mistral_table,mistral_table,no
1778,NAZARE PAULISTA,17,40,8,2 647,12 528,18,18,27,6,117 925,862 803,238,239,mistral_table,mistral_table,no
1779,NEVES PAULISTA,29,87,31,5 936,24 543,31,33,905,868,6 856 619,8 255 496,238,239,mistral_table,mistral_table,no
1780,NHANDEARA,40,111,35,6 114,33 346,68,68,191,75,560 224,2 948 061,238,239,mistral_table,mistral_table,no
1781,NIPOÁ,13,25,-,1 313,5 649,8,8,45,32,192 898,636 900,238,239,mistral_table,mistral_table,no
1782,NOVA ALIANÇA,9,15,1,526,6 009,11,11,26,6,94 173,682 978,238,239,mistral_table,mistral_table,no
1783,NOVA EUROPA,12,29,9,1 945,21 340,20,20,1 194,1 151,10 189 561,11 450 078,238,239,mistral_table,mistral_table,no
1784,NOVA GRANADA,38,85,6,2 586,27 926,37,37,56,3,208 963,2 139 164,238,239,mistral_table,mistral_table,no
1785,NOVA QUATAPORANGA,3,3,-,150,1 998,4,4,4,-,11 556,141 578,238,239,mistral_table,mistral_table,no
1786,NOVA INDEPENDÊNCIA,3,7,1,360,1 504,7,7,12,3,14 998,55 439,238,239,mistral_table,mistral_table,no
1787,NOVA LUZITANIA,3,6,1,100,1 822,10,10,19,2,29 556,459 927,238,239,mistral_table,mistral_table,no
1788,NOVA ODESSA,81,248,121,21 498,109 342,90,95,307,163,1 914 347,11 737 352,238,239,mistral_table,mistral_table,no
1789,NOVO HORIZONTE,118,319,118,28 839,121 934,107,111,294,117,1 595 152,6 993 781,238,239,mistral_table,mistral_table,no
1790,NUPORANGA,13,46,25,4 562,11 304,31,32,73,28,419 378,1 966 637,238,239,mistral_table,mistral_table,no
1791,OCAUÇU,6,22,5,484,2 993,6,6,12,1,30 364,340 385,238,239,mistral_table,mistral_table,no
1792,OLEO,10,17,-,483,5 013,9,9,19,5,282 570,584 598,238,239,mistral_table,mistral_table,no
1793,OLIMPIA,130,416,203,30 365,163 799,180,188,816,550,13 308 805,26 598 252,238,239,mistral_table,mistral_table,no
1794,ONDA VERDE,4,7,-,260,1 357,6,7,16,6,2 724 690,5 684 013,238,239,mistral_table,mistral_table,no
1795,ORIENTE,24,48,6,2 575,13 067,25,25,40,8,281 629,1 987 857,238,239,mistral_table,mistral_table,no
1796,ORINDIUVA,8,21,2,499,6 513,12,12,27,3,61 119,710 873,238,239,mistral_table,mistral_table,no
1797,ORLANDIA,165,522,272,42 370,188 034,106,177,527,280,4 435 881,22 368 329,238,239,mistral_table,mistral_table,no
1798,OSCAR BRESSANE,6,19,5,419,3 636,6,6,14,3,26 817,455 174,238,239,mistral_table,mistral_table,no
1799,OSVALDO CRUZ,123,403,193,29 912,155 353,109,111,341,161,2 117 933,9 112 498,240,241,mistral_table,mistral_table,no
1800,DURINHOS,317,1 183,717,97 591,383 592,437,446,1 335,650,8 370 315,31 534 309,240,241,mistral_table,mistral_table,no
1801,OURO VERDE,17,33,9,2 059,9 110,18,18,43,12,142 683,997 071,240,241,mistral_table,mistral_table,no
1802,PACAEMBU,52,144,52,7 625,33 026,68,70,180,60,856 876,5 290 540,240,241,mistral_table,mistral_table,no
1803,PALESTINA,30,84,26,2 693,15 702,27,27,63,15,207 112,1 555 451,240,241,mistral_table,mistral_table,no
1804,PALMARES PAULISTA,16,30,7,1 765,18 640,18,18,47,1,425 035,1 957 877,240,241,mistral_table,mistral_table,no
1805,PALMEIRA D'OESTE,46,140,42,7 215,29 256,41,41,124,52,1 052 665,2 389 494,240,241,mistral_table,mistral_table,no
1806,PALMITAL,80,263,116,20 266,107 627,77,80,220,113,2 107 538,12 407 286,240,241,mistral_table,mistral_table,no
1807,PANORAMA,50,124,35,7 755,43 930,40,40,104,46,485 283,2 262 553,240,241,mistral_table,mistral_table,no
1808,PARAGUAÇU PAULISTA,123,378,150,23 435,100 386,123,128,340,164,1 801 634,8 300 043,240,241,mistral_table,mistral_table,no
1809,PARAIBUNA,58,190,80,17 363,72 808,42,45,139,56,652 040,4 128 488,240,241,mistral_table,mistral_table,no
1810,PARAISO,8,31,13,2 103,8 421,14,14,42,7,199 918,795 287,240,241,mistral_table,mistral_table,no
1811,PARANAPANEMA,40,109,45,7 035,39 684,37,38,91,29,421 504,2 377 893,240,241,mistral_table,mistral_table,no
1812,PARANAPUÁ,22,36,2,1 373,7 614,18,18,57,14,267 070,914 753,240,241,mistral_table,mistral_table,no
1813,PARAPUÁ,35,107,31,8 101,29 375,33,35,114,44,506 412,2 482 008,240,241,mistral_table,mistral_table,no
1814,PARDINHO,9,108,89,8 449,45 561,10,12,147,132,846 777,5 626 561,240,241,mistral_table,mistral_table,no
1815,PARIQUERA-AÇU,27,173,118,10 634,81 863,58,60,254,148,1 383 914,5 959 564,240,241,mistral_table,mistral_table,no
1816,PATROCINIO PAULISTA,22,44,12,3 765,16 323,17,17,42,22,252 905,1 297 815,240,241,mistral_table,mistral_table,no
1817,PAULICEIA,5,9,2,578,3 712,3,3,3,-,11 404,113 100,240,241,mistral_table,mistral_table,no
1818,PAULINIA,95,750,591,64 071,251 005,90,96,489,339,5 009 862,22 775 798,240,241,mistral_table,mistral_table,no
1819,PAULO DE FARIA,42,99,16,2 946,27 403,35,35,71,8,195 230,2 158 381,240,241,mistral_table,mistral_table,no
1820,PEDERNEIRAS,104,1 316,1 134,93 259,238 368,127,128,487,300,2 781 122,14 992 169,240,241,mistral_table,mistral_table,no
1821,PEDRA BELA,4,12,-,95,2 089,5,5,12,1,45 700,167 318,240,241,mistral_table,mistral_table,no
1822,PEDRANOPOLIS,9,18,-,560,4 528,5,5,9,2,31 824,210 062,240,241,mistral_table,mistral_table,no
1823,PEDREGULHO,53,119,21,7 378,42 557,58,59,78,15,276 951,3 211 998,240,241,mistral_table,mistral_table,no
1824,PEDREIRA,97,308,149,23 814,109 476,88,88,221,84,1 098 907,6 193 310,240,241,mistral_table,mistral_table,no
1825,PEDRO DE TOLEDO,13,35,6,1 155,11 257,12,12,26,6,152 160,951 500,240,241,mistral_table,mistral_table,no
1826,PENAPOLIS,262,717,277,47 903,230 719,235,244,971,561,5 918 286,20 626 552,240,241,mistral_table,mistral_table,no
1827,PEREIRA BARRETO,166,576,320,39 396,209 596,182,188,420,154,2 443 031,10 808 143,240,241,mistral_table,mistral_table,no
1828,PEREIRAS,7,28,17,373,4 680,9,9,16,4,34 884,402 667,240,241,mistral_table,mistral_table,no
1829,PERUIBE,114,432,190,28 246,154 058,139,146,427,177,2 000 888,11 469 231,240,241,mistral_table,mistral_table,no
1830,PIACATU,14,43,5,1 432,8 062,15,15,40,8,270 146,816 597,240,241,mistral_table,mistral_table,no
1831,PIEDADE,113,304,113,27 470,99 450,100,100,595,451,18 017 794,49 906 724,240,241,mistral_table,mistral_table,no
1832,PILAR DO SUL,47,668,569,41 642,129 855,57,60,4 883,4 756,34 617 382,71 696 713,240,241,mistral_table,mistral_table,no
1833,PINDAMONHANGABA,332,1 218,614,94 659,495 031,342,359,1 122,606,6 749 995,36 851 093,240,241,mistral_table,mistral_table,no
1834,PINDORAMA,31,56,15,3 036,21 543,29,30,48,4,216 470,1 559 817,240,241,mistral_table,mistral_table,no
1835,PINHALZINHO,12,30,2,1 111,7 876,30,30,78,25,236 369,947 529,240,241,mistral_table,mistral_table,no
1836,PIQUEROBI,3,6,1,208,2 593,7,7,12,2,40 224,380 898,240,241,mistral_table,mistral_table,no
1837,PIQUETE,57,121,36,7 068,26 215,52,52,115,32,584 765,2 552 368,240,241,mistral_table,mistral_table,no
1838,PIRACAIA,51,80,17,5 137,33 521,55,55,98,20,438 803,2 307 645,240,241,mistral_table,mistral_table,no
1839,PIRAJU,106,361,154,25 600,109 597,133,133,380,171,2 053 467,8 337 477,240,241,mistral_table,mistral_table,no
1840,PIRAJUI,122,325,167,27 316,131 153,87,88,210,68,1 100 338,4 068 006,240,241,mistral_table,mistral_table,no
1841,PIRANGI,18,38,7,1 484,14 497,39,39,108,23,432 319,3 363 621,240,241,mistral_table,mistral_table,no
1842,PIRAPORA DO BOM JESUS,36,78,11,3 432,14 073,25,25,27,-,89 628,822 141,240,241,mistral_table,mistral_table,no
1843,PIRAPOZINHO,60,169,58,9 196,54 069,54,54,134,56,688 324,3 795 108,240,241,mistral_table,mistral_table,no
1844,PIRAÇUNUNGA,235,1 040,597,85 879,371 943,196,203,851,541,5 922 454,21 800 981,240,241,mistral_table,mistral_table,no
1845,PIRATININGA,31,62,6,4 178,27 216,29,29,59,9,176 367,898 755,240,241,mistral_table,mistral_table,no
1846,PITANQUEIRAS,80,493,326,31 467,81 326,90,90,221,56,980 927,5 480 506,242,243,mistral_table,mistral_table,no
1847,PLANALTO,10,19,-,465,4 024,20,21,47,9,169 663,867 516,242,243,mistral_table,mistral_table,no
1848,PLATINA,1,(A),(A),(X),(A),2,2,(A),(A),(X),(A),242,243,mistral_table,mistral_table,no
1849,POA,193,352,114,26 230,79 490,183,186,412,154,3 425 961,11 102 537,242,243,mistral_table,mistral_table,no
1850,POLONI,33,80,12,3 355,14 932,22,22,49,6,270 288,1 249 963,242,243,mistral_table,mistral_table,no
1851,POMPEIA,72,191,65,12 237,54 802,69,69,154,54,655 093,4 336 610,242,243,mistral_table,mistral_table,no
1852,PONGAI,10,28,6,1 131,9 461,12,12,38,9,158 830,973 607,242,243,mistral_table,mistral_table,no
1853,PONTAL,102,527,351,66 899,148 256,119,120,557,394,2 665 072,7 999 591,242,243,mistral_table,mistral_table,no
1854,PONTES GESTAL,10,17,-,441,4 167,8,8,18,6,79 404,317 606,242,243,mistral_table,mistral_table,no
1855,POPULINA,16,42,9,1 071,7 235,20,20,45,11,118 645,1 055 280,242,243,mistral_table,mistral_table,no
1856,PORANGABA,24,60,12,2 294,16 920,27,27,79,32,270 510,1 575 724,242,243,mistral_table,mistral_table,no
1857,PORTO FELIZ,116,319,132,21 137,91 620,125,126,367,181,1 576 914,8 716 996,242,243,mistral_table,mistral_table,no
1858,PORTO FERREIRA,108,2 294,2 094,128 159,207 265,89,91,1 054,906,32 682 411,37 568 684,242,243,mistral_table,mistral_table,no
1859,POTIRENDABA,23,50,2,1 650,15 141,35,35,80,27,397 719,2 147 914,242,243,mistral_table,mistral_table,no
1860,PRADOPOLIS,37,995,923,213 875,404 264,47,48,754,689,16 388 709,30 971 375,242,243,mistral_table,mistral_table,no
1861,PRAIA GRANDE,455,1 675,766,141 934,714 381,497,507,1 682,746,9 504 329,47 263 472,242,243,mistral_table,mistral_table,no
1862,PRESIDENTE ALVES,12,29,10,2 312,12 945,12,12,24,6,174 721,627 918,242,243,mistral_table,mistral_table,no
1863,PRESIDENTE BERNARDES,61,120,31,6 557,40 207,59,59,151,50,684 459,2 830 113,242,243,mistral_table,mistral_table,no
1864,PRESIDENTE EPITACIO,156,428,183,24 405,140 597,153,160,473,273,2 414 806,12 872 606,242,243,mistral_table,mistral_table,no
1865,PRESIDENTE VENCESLAU,177,760,425,52 189,190 742,184,187,1 030,742,9 009 479,26 838 829,242,243,mistral_table,mistral_table,no
1866,PROMISSÃO,93,247,78,13 667,71 093,67,68,124,24,461 467,3 094 462,242,243,mistral_table,mistral_table,no
1867,QUATA,28,77,27,4 045,20 691,29,30,79,35,311 398,3 510 836,242,243,mistral_table,mistral_table,no
1868,QUEIROZ,5,8,-,466,3 638,5,5,13,-,12 525,163 864,242,243,mistral_table,mistral_table,no
1869,QUELUZ,24,110,57,6 368,56 629,16,16,41,16,190 582,1 090 396,242,243,mistral_table,mistral_table,no
1870,QUINTANA,15,38,10,1 143,10 388,16,16,27,6,146 958,879 894,242,243,mistral_table,mistral_table,no
1871,RAFARD,31,190,138,15 408,49 580,26,26,112,68,914 797,1 839 196,242,243,mistral_table,mistral_table,no
1872,RANCHARIA,101,357,206,26 266,112 046,90,90,322,175,1 657 623,9 454 304,242,243,mistral_table,mistral_table,no
1873,REDENÇÃO DA SERRA,9,14,1,670,3 756,9,9,21,7,75 440,457 644,242,243,mistral_table,mistral_table,no
1874,REGENTE FEIJO,40,141,82,8 844,41 169,39,39,130,61,2 589 381,7 509 179,242,243,mistral_table,mistral_table,no
1875,REGINOPOLIS,20,57,19,2 784,11 615,15,15,42,18,311 099,884 510,242,243,mistral_table,mistral_table,no
1876,REGISTRO,188,803,465,72 270,250 369,209,212,631,355,4 456 493,15 256 550,242,243,mistral_table,mistral_table,no
1877,RESTINGA,4,6,-,202,2 131,5,5,23,18,137 139,717 922,242,243,mistral_table,mistral_table,no
1878,RIBEIRA,5,13,2,329,2 325,12,12,19,-,49 903,421 994,242,243,mistral_table,mistral_table,no
1879,RIBEIRÃO BONITO,37,79,32,9 615,49 141,33,33,60,13,188 778,1 407 274,242,243,mistral_table,mistral_table,no
1880,RIBEIRÃO BRANCO,29,42,3,1 507,10 104,23,24,68,32,263 440,1 372 932,242,243,mistral_table,mistral_table,no
1881,RIBEIRÃO CORRENTE,4,5,-,192,2 169,4,4,4,-,10 809,147 267,242,243,mistral_table,mistral_table,no
1882,RIBEIRÃO DO SUL,12,15,2,718,5 965,12,12,22,3,202 293,1 006 660,242,243,mistral_table,mistral_table,no
1883,RIBEIRÃO PIRES,207,816,420,74 878,336 549,209,217,944,591,8 798 247,30 127 676,242,243,mistral_table,mistral_table,no
1884,RIVERSUL,24,31,2,835,5 596,24,24,58,13,175 787,1 269 043,242,243,mistral_table,mistral_table,no
1885,RIFAINA,18,21,-,1 063,7 784,15,15,23,2,50 730,655 871,242,243,mistral_table,mistral_table,no
1886,RINCÃO,33,589,525,42 642,94 398,23,27,141,98,1 341 564,4 672 891,242,243,mistral_table,mistral_table,no
1887,RINOPOLIS,63,173,50,10 106,39 776,54,54,147,40,791 462,3 099 873,242,243,mistral_table,mistral_table,no
1888,RIO DAS PEDRAS,50,136,47,12 423,41 251,58,58,192,75,4 094 001,7 444 226,242,243,mistral_table,mistral_table,no
1889,RIO GRANDE DA SERRA,80,154,29,8 222,46 490,62,63,99,21,560 928,3 014 950,242,243,mistral_table,mistral_table,no
1890,RIOLANDIA,29,60,4,2 286,15 321,31,31,54,7,152 994,1 384 132,242,243,mistral_table,mistral_table,no
1891,ROSEIRA,14,154,121,12 083,80 527,19,19,264,232,1 530 288,5 811 835,242,243,mistral_table,mistral_table,no
1892,RUBIACEA,2,(A),(A),(X),(A),3,3,3,-,8 328,138 843,242,243,mistral_table,mistral_table,no
1893,RUBINEIA,3,7,-,144,1 704,5,5,8,3,35 241,143 660,244,245,mistral_table,mistral_table,no
1894,SABINO,15,35,3,1 390,10 835,14,14,33,4,112 663,627 763,244,245,mistral_table,mistral_table,no
1895,SAGRES,3,4,1,318,1 320,8,8,17,1,46 600,296 238,244,245,mistral_table,mistral_table,no
1896,SALES,17,30,-,1 087,5 148,7,8,10,1,22 055,129 558,244,245,mistral_table,mistral_table,no
1897,SALES OLIVEIRA,21,54,17,2 863,21 913,23,23,52,18,297 492,1 626 008,244,245,mistral_table,mistral_table,no
1898,SALESOPOLIS,38,95,29,5 049,20 254,39,41,95,25,319 542,1 498 315,244,245,mistral_table,mistral_table,no
1899,SALMOURÃO,8,12,-,783,6 153,12,12,23,5,131 250,657 532,244,245,mistral_table,mistral_table,no
1900,SALTO,179,731,379,75 533,328 867,159,165,681,411,4 803 128,26 787 351,244,245,mistral_table,mistral_table,no
1901,SALTO DE PIRAPORA,59,209,79,11 860,58 209,87,88,272,145,1 324 175,6 709 281,244,245,mistral_table,mistral_table,no
1902,SALTO GRANDE,23,49,10,1 973,9 990,29,29,69,25,441 418,1 610 144,244,245,mistral_table,mistral_table,no
1903,SANDOVALINA,5,9,-,303,2 870,2,3,5,1,30 298,266 125,244,245,mistral_table,mistral_table,no
1904,SANTA ADELIA,33,103,45,4 751,76 662,44,45,116,33,910 007,4 834 288,244,245,mistral_table,mistral_table,no
1905,SANTA ALBERTINA,16,36,6,1 352,10 149,27,27,75,28,395 164,1 539 074,244,245,mistral_table,mistral_table,no
1906,SANTA BARBARA D'OESTE,309,794,297,66 729,329 968,344,352,875,338,5 363 268,32 552 347,244,245,mistral_table,mistral_table,no
1907,SANTA BRANCA,40,110,29,6 270,32 387,31,32,75,19,243 468,1 885 250,244,245,mistral_table,mistral_table,no
1908,SANTA CLARA D'OESTE,7,12,3,606,6 356,4,4,9,2,33 062,266 864,244,245,mistral_table,mistral_table,no
1909,SANTA CRUZ DA CONCEIÇÃO,8,19,8,1 526,8 045,7,7,23,12,195 865,1 017 330,244,245,mistral_table,mistral_table,no
1910,SANTA CRUZ DAS PALMEIRAS,102,274,123,22 026,64 286,133,135,470,265,2 131 167,8 844 625,244,245,mistral_table,mistral_table,no
1911,SANTA CRUZ DO RIO PARDO,148,370,116,23 468,99 765,147,148,433,200,2 082 071,10 199 260,244,245,mistral_table,mistral_table,no
1912,SANTA ERNESTINA,11,67,44,5 537,12 696,11,11,18,2,38 497,421 942,244,245,mistral_table,mistral_table,no
1913,SANTA FE DO SUL,137,451,227,23 185,102 056,155,159,483,223,2 490 620,13 987 247,244,245,mistral_table,mistral_table,no
1914,SANTA GERTRUDES,44,877,809,98 839,121 833,46,46,4 442,4 366,27 915 658,44 007 259,244,245,mistral_table,mistral_table,no
1915,SANTA ISABEL,106,277,89,16 711,76 735,100,104,229,67,1 282 152,5 950 211,244,245,mistral_table,mistral_table,no
1916,SANTA LUCIA,10,105,93,6 416,15 064,10,10,18,-,341 801,1 294 350,244,245,mistral_table,mistral_table,no
1917,SANTA MARIA DA SERRA,7,20,2,846,6 895,14,15,41,7,325 910,1 887 105,244,245,mistral_table,mistral_table,no
1918,SANTA MERCEDES,2,(A),(A),(X),(A),4,4,8,1,43 200,374 711,244,245,mistral_table,mistral_table,no
1919,SANTANA DA PONTE PENSA,1,(A),(A),(X),(A),3,3,6,1,28 504,163 284,244,245,mistral_table,mistral_table,no
1920,SANTANA DE PARNAIBA,27,65,21,5 332,23 804,41,41,261,202,2 613 053,10 412 458,244,245,mistral_table,mistral_table,no
1921,SANTA RITA D'OESTE,11,22,3,630,5 938,7,7,10,1,31 606,181 686,244,245,mistral_table,mistral_table,no
1922,SANTA RITA DO PASSA QUATRO,104,280,101,18 960,144 453,105,110,280,126,1 473 161,8 121 196,244,245,mistral_table,mistral_table,no
1923,SANTA ROSA DE VITERBO,81,572,434,52 975,109 707,107,109,657,513,3 490 809,8 936 495,244,245,mistral_table,mistral_table,no
1924,SANTO ANASTACIO,101,286,120,17 292,63 106,96,97,214,81,1 035 045,4 915 774,244,245,mistral_table,mistral_table,no
1925,SANTO ANTONIO DA ALEGRIA,15,31,-,1 375,8 883,11,11,23,8,139 617,682 209,244,245,mistral_table,mistral_table,no
1926,SANTO ANTONIO DE POSSE,44,117,37,5 681,39 765,61,61,176,60,1 197 746,6 625 976,244,245,mistral_table,mistral_table,no
1927,SANTO ANTONIO DO JARDIM,14,31,2,1 383,6 813,11,11,19,2,69 934,445 563,244,245,mistral_table,mistral_table,no
1928,SANTO ANTONIO DO PINHAL,11,18,1,588,5 717,15,15,17,-,58 144,509 473,244,245,mistral_table,mistral_table,no
1929,SANTO EXPEDITO,3,5,-,258,1 007,3,3,4,1,19 497,56 011,244,245,mistral_table,mistral_table,no
1930,SANTOPOLIS DO AQUAPEI,16,28,3,982,5 205,15,15,33,10,111 944,723 564,244,245,mistral_table,mistral_table,no
1931,SÃO BENTO DO SAPUCAI,35,86,25,7 213,43 600,42,42,72,17,180 359,1 931 265,244,245,mistral_table,mistral_table,no
1932,SÃO FRANCISCO,10,19,2,868,4 741,14,14,24,6,85 362,473 870,244,245,mistral_table,mistral_table,no
1933,SÃO JOÃO DA BOA VISTA,296,1 061,569,88 742,347 268,343,353,1 071,566,6 995 287,27 817 619,244,245,mistral_table,mistral_table,no
1934,SÃO JOÃO DAS DUAS PONTES,6,9,1,502,3 488,6,5,13,4,49 195,266 807,244,245,mistral_table,mistral_table,no
1935,SÃO JOÃO DO PAU D'ALHO,6,21,1,381,4 496,9,9,19,2,34 834,296 347,244,245,mistral_table,mistral_table,no
1936,SÃO JOAQUIM DA BARRA,209,592,259,40 431,188 608,216,222,550,237,3 878 790,15 276 857,244,245,mistral_table,mistral_table,no
1937,SÃO JOSE DA BELA VISTA,26,48,6,2 149,11 803,13,14,21,6,70 779,914 047,244,245,mistral_table,mistral_table,no
1938,SÃO JOSE DO BARREIRO,10,31,6,783,5 251,13,13,23,3,32 575,494 939,244,245,mistral_table,mistral_table,no
1939,SÃO JOSE DO RIO PARDO,137,438,232,38 046,155 993,127,129,369,179,2 085 204,9 631 033,244,245,mistral_table,mistral_table,no
1940,SÃO LUIS DO PARAITINGA,25,63,5,1 746,12 338,32,32,76,21,712 486,2 371 774,246,247,mistral_table,mistral_table,no
1941,SÃO MANUEL,162,2 093,1 785,125 744,282 528,127,135,2 021,1 809,19 208 729,28 208 137,246,247,mistral_table,mistral_table,no
1942,SÃO MIGUEL ARCANJO,56,140,42,7 778,42 983,80,82,374,255,2 479 199,7 384 304,246,247,mistral_table,mistral_table,no
1943,SÃO PEDRO,75,357,187,26 768,128 736,82,85,282,158,1 457 845,6 850 560,246,247,mistral_table,mistral_table,no
1944,SÃO PEDRO DO TURVO,12,24,1,821,6 302,11,11,23,-,134 456,557 503,246,247,mistral_table,mistral_table,no
1945,SÃO ROQUE,214,770,352,51 151,270 457,234,237,734,349,4 305 934,18 733 382,246,247,mistral_table,mistral_table,no
1946,SÃO SEBASTIÃO,176,709,379,112 905,341 348,204,221,1 054,707,9 196 145,51 600 273,246,247,mistral_table,mistral_table,no
1947,SÃO SEBASTIÃO DA GRAMA,16,40,1,1 419,10 533,13,13,36,12,157 599,1 258 059,246,247,mistral_table,mistral_table,no
1948,SÃO SIMÃO,56,221,117,17 243,136 094,61,61,196,69,1 421 389,7 305 655,246,247,mistral_table,mistral_table,no
1949,SARAPUI,20,48,3,1 361,6 732,20,22,105,59,818 301,4 550 943,246,247,mistral_table,mistral_table,no
1950,SARUTAIA,5,10,-,546,4 268,13,13,24,1,112 522,546 590,246,247,mistral_table,mistral_table,no
1951,SEBASTIANOPOLIS DO SUL,2,(A),(A),(X),(A),7,7,17,4,32 500,135 357,246,247,mistral_table,mistral_table,no
1952,SERRA AZUL,18,187,150,13 071,19 601,34,34,46,9,174 483,1 388 276,246,247,mistral_table,mistral_table,no
1953,SERRANA,73,204,74,15 226,64 749,101,102,423,257,2 658 330,10 054 078,246,247,mistral_table,mistral_table,no
1954,SERRA NEGRA,106,614,396,52 862,227 279,87,88,471,316,3 286 853,18 904 839,246,247,mistral_table,mistral_table,no
1955,SERTÃOZINHO,262,1 098,593,107 097,354 077,346,355,1 808,1 202,21 050 293,56 242 090,246,247,mistral_table,mistral_table,no
1956,SETE BARRAS,16,39,11,2 172,11 169,32,32,71,29,458 825,1 426 482,246,247,mistral_table,mistral_table,no
1957,SEVERINIA,25,40,13,2 323,21 762,42,42,3 443,3 371,20 686 387,29 925 412,246,247,mistral_table,mistral_table,no
1958,SILVEIRAS,6,13,-,272,2 218,5,5,9,-,19 440,119 541,246,247,mistral_table,mistral_table,no
1959,SOCORRO,72,222,62,12 975,54 549,52,52,456,367,3 180 755,7 685 069,246,247,mistral_table,mistral_table,no
1960,SUD MENUCCI,13,38,7,2 067,9 902,15,15,21,4,106 371,790 136,246,247,mistral_table,mistral_table,no
1961,TABAPUÃ,23,53,9,2 495,20 667,43,43,118,50,502 250,2 373 024,246,247,mistral_table,mistral_table,no
1962,TABATINGA,29,56,14,2 936,19 333,37,37,76,17,326 158,2 072 375,246,247,mistral_table,mistral_table,no
1963,TACIBA,12,24,2,489,5 015,16,16,25,2,56 059,643 448,246,247,mistral_table,mistral_table,no
1964,TAQUAI,21,37,4,1 146,12 649,21,21,44,13,125 683,793 274,246,247,mistral_table,mistral_table,no
1965,TAIAQU,14,35,9,1 647,9 149,19,19,34,7,115 850,1 077 257,246,247,mistral_table,mistral_table,no
1966,TAIUVA,17,43,6,2 683,11 343,31,31,67,14,325 927,1 402 050,246,247,mistral_table,mistral_table,no
1967,TAMBAU,86,230,73,11 448,54 040,61,62,184,86,736 881,3 477 294,246,247,mistral_table,mistral_table,no
1968,TANABI,72,205,80,10 249,50 171,79,79,188,73,775 127,6 120 083,246,247,mistral_table,mistral_table,no
1969,TAPIRAI,12,21,6,870,4 629,17,17,45,19,367 579,1 107 422,246,247,mistral_table,mistral_table,no
1970,TAPIRATIBA,28,57,13,2 355,14 255,32,33,59,9,221 011,1 367 334,246,247,mistral_table,mistral_table,no
1971,TAQUARITINGA,187,723,400,59 337,221 995,176,176,905,625,14 749 174,25 175 126,246,247,mistral_table,mistral_table,no
1972,TAQUARITUBA,88,277,98,14 539,111 442,129,132,332,139,1 090 207,7 220 579,246,247,mistral_table,mistral_table,no
1973,TARABAI,8,17,2,848,3 688,7,7,12,3,51 800,437 079,246,247,mistral_table,mistral_table,no
1974,TATUI,288,917,432,70 872,360 369,333,342,675,409,5 416 223,29 194 903,246,247,mistral_table,mistral_table,no
1975,TEJUPA,6,12,-,240,2 118,9,9,17,-,37 216,167 984,246,247,mistral_table,mistral_table,no
1976,TEODORO SAMPAIO,100,709,532,34 740,165 487,126,130,369,157,1 581 746,8 269 861,246,247,mistral_table,mistral_table,no
1977,TERRA ROXA,26,50,14,3 981,26 968,32,34,89,36,357 132,16 481 646,246,247,mistral_table,mistral_table,no
1978,TIETE,117,415,184,37 166,167 104,114,118,499,299,3 990 685,11 813 850,246,247,mistral_table,mistral_table,no
1979,TIMBURI,10,17,2,532,4 882,12,12,16,1,47 340,305 336,246,247,mistral_table,mistral_table,no
1980,TORRINHA,30,43,13,2 399,13 437,24,24,147,114,773 839,4 127 815,246,247,mistral_table,mistral_table,no
1981,TREMEMBE,43,106,28,6 307,36 993,48,49,156,51,626 498,4 220 816,246,247,mistral_table,mistral_table,no
1982,TRES FRONTEIRAS,31,86,21,2 635,13 111,25,25,43,10,147 508,782 999,246,247,mistral_table,mistral_table,no
1983,TUPÃ,332,1 472,880,120 256,663 456,345,350,1 249,650,8 601 794,41 344 607,246,247,mistral_table,mistral_table,no
1984,TUPI PAULISTA,70,227,105,16 114,71 464,70,70,186,74,701 418,5 560 649,246,247,mistral_table,mistral_table,no
1985,TURIUBA,9,23,7,1 329,4 637,9,9,17,3,105 604,684 255,246,247,mistral_table,mistral_table,no
1986,TURMALINA,9,20,3,504,3 645,6,6,10,4,28 300,229 225,246,247,mistral_table,mistral_table,no
1987,UBATUBA,215,956,454,60 886,282 005,286,290,1 269,685,5 746 446,28 184 686,248,249,tesseract_por_review,mistral_table,no
1988,UBIRA.JARA,12,19,544,3,603,14,15,23,6,96 632,525 741,248,249,pdf_text_tokens,mistral_table,no
1989,UCHOA,,,,,,32,32,79,26,355 039,2 579 194,248,249,mistral_table_partial,mistral_table,yes
1990,UNIÃO PAULISTA,2,IA>,(A),(A),(X),4,4,5,1,13 742,168 055,248,249,pdf_text_tokens,mistral_table,no
1991,URANIA,43,83,19,3 886,17 741,33,34,76,32,294 126,1 475 298,248,249,pdf_text_tokens,mistral_table,no
1992,URU,4,5,204,1,389,4,4,5,-,17 718,134 270,248,249,pdf_text_tokens,mistral_table,no
1993,URUPES,57,107,23,8 518,35 062,36,36,97,30,467 583,1 321 500,248,249,pdf_text_tokens,mistral_table,no
1994,VALENTIM GENTIL,16,35,7,1 794,8 693,21,22,62,16,345 965,1 356 629,248,249,pdf_text_tokens,mistral_table,no
1995,VALINHOS,258,1 546,1 044,152 685,577 679,337,348,1 551,977,11 983 400,48 947 302,248,249,pdf_text_tokens,mistral_table,no
1996,VALPARAISO,66,185,84,10 138,85 757,107,108,512,337,14 805 100,29 898 186,248,249,pdf_text_tokens,mistral_table,no
1997,VARGEM GRANDE DO SUL,94 191,-,5º,11 626,60 656,91,92,244,116,1 123 999,5 063 782,248,249,tesseract_por_review,mistral_table,no
1998,VARGEM GRANDE PAULISTA,-,-,-,-,-,38,38,102,35,518 915,2 924 879,248,249,tesseract_por_review,mistral_table,no
1999,VARZEA PAULISTA,100,249,65,14 245,93 167,97,98,252,56,788 946,5 546 013,248,249,pdf_text_tokens,mistral_table,no
2000,VERA CRUZ,39,103,39,6 708,33 995,41,42,103,41,470 779,3 106 217,248,249,pdf_text_tokens,mistral_table,no
2001,VINHEDO,89,370,223,39 025,197 515,115,117,389,201,2 273 535,11 263 250,248,249,pdf_text_tokens,mistral_table,no
2002,VIRADOURO,50,87,9,5 210,29 820,104,106,307,144,2 259 232,8 921 832,248,249,tesseract_por_review,mistral_table,no
2003,VISTA ALEGRE DO ALTO,9,21,4,1 070,9 064,9,10,24,11,221 024,833 464,248,249,pdf_text_tokens,mistral_table,no
2004,VOTORANTIM,124,256,76,18 997,116 277,120,121,298,107,1 536 088,9 346 398,248,249,pdf_text_tokens,mistral_table,no
2005,VOTUPORANGA,220,829,436,63 183,248 981,228,239,843,472,5 207 277,21 831 769,248,249,pdf_text_tokens,mistral_table,no
2006,CHAVANTES,44,101,25,773,26 815,43,44,58,13,276 817,1 177 077,248,249,pdf_text_tokens,mistral_table,no
