order_number,entry,establishments_1980,personnel_total_1980,personnel_linked_to_commercialization_1980,salaries_withdrawals_other_compensation_1980_mil_cruzeiros,total_revenue_1980_mil_cruzeiros,commercialization_revenue_1980_mil_cruzeiros,companies_headquartered_in_municipality_1985,establishments_1985,personnel_total_1985,personnel_linked_to_commercialization_1985,salaries_withdrawals_other_compensation_1985_mil_cruzeiros,total_revenue_1985_mil_cruzeiros,commercialization_revenue_1985_mil_cruzeiros,source_page_1980,source_page_1985,left_extraction_method,right_extraction_method,needs_review
1,BRASIL,616 051,2 899 808,1 400 683,336 374 405,7 365 875 544,7 306 849 325,651 634,723 409,3 704 336,2 138 071,34 556 169 735,734 419 515 637,723 782 437 078,84,85,mistral_table,mistral_table,no
2,COMERCIO VAREJISTA,570 733,2 360 085,1 197 161,225 839 906,4 244 112 493,4 207 100 387,614 417,674 695,3 086 751,1 816 009,24 661 377 999,410 537 264 992,404 636 174 646,84,85,mistral_table,mistral_table,no
3,"PROD. ALIMENTICIOS, BEBIDAS E FUMO",252 715,532 138,111 940,33 108 009,464 150 946,461 859 505,267 147,275 593,682 211,239 013,4 080 326 516,47 532 391 296,47 000 822 749,84,85,mistral_table,mistral_table,no
4,"PROD. FARMACÑO, ODONT. E VETER",31 605,139 248,78 452,13 626 895,215 239 442,216 902 722,39 237,43 929,185 901,111 037,1 430 034 520,19 484 241 626,19 312 732 791,84,85,mistral_table,mistral_table,no
5,TECIDOS. VESTUARIO E ARMARINHO,107 052,439 864,245 740,37 512 955,431 527 595,430 261 066,116 665,129 228,564 120,346 304,4 080 643 942,42 730 422 948,42 535 874 151,84,85,mistral_table,mistral_table,no
6,MAG. E APARELHOS ELETR. USO DOMEST,25 923,172 449,98 987,20 654 335,355 148 505,352 597 265,20 645,28 830,194 214,128 605,1 856 478 288,25 833 697 268,25 536 451 505,84,85,mistral_table,mistral_table,no
7,"FERRAGENS, MAT. ELETR. E ELECTRONICO",36 436,207 827,104 491,22 677 834,410 433 115,406 586 622,43 178,48 166,268 817,162 430,2 266 597 977,34 962 394 419,34 398 228 463,84,85,mistral_table,mistral_table,no
8,"VEICULOS NOVOS E USADOS, PECAS",24 716,156 591,77 074,22 040 932,588 486 152,580 702 092,35 549,38 900,268 989,149 985,3 106 809 979,67 056 719 206,64 931 176 434,84,85,mistral_table,mistral_table,no
9,MAG. E EQUIP. DE USO INDUSTRIAL,19 610,59 407,28 866,12 301 580,210 153 827,204 315 389,8 024,9 451,73 809,42 154,972 224 702,18 058 952 451,17 352 617 277,84,85,mistral_table,mistral_table,no
10,COMBUSTIVEIS E LUBRIFICANTES,19 525,138 075,85 796,14 015 878,597 953 680,593 316 849,18 924,21 751,169 831,123 702,1 584 854 916,55 291 759 306,54 752 939 342,84,85,mistral_table,mistral_table,no
11,"PAPELARIAS, LIVRARIAS",14 100,55 223,30 258,6 101 862,55 563 737,55 116 736,12 202,13 636,56 167,33 808,431 366 846,4 156 498 163,4 097 544 811,84,85,mistral_table,mistral_table,no
12,MERC. EM GERAL - INC. ALIMENTICIOS,15 395,278 123,229 600,24 208 763,659 175 478,657 495 118,5 905,16 16 790,370 813,318 681,2 686 041 029,11 979 436 830,11 707 542 528,84,85,mistral_table,mistral_table,no
13,MERC. EM GERAL - EXC. ALIMENTICIOS,3 108,60 336,44 150,7 994 169,125 266 152,124 245 663,1 324,2 406,88 175,73 081,765 920 106,12 599 866 941,12 483 942 060,84,85,mistral_table,mistral_table,no
14,ARTIGOS DIVERSOS,30 520,112 138,57 547,10 866 074,118 913 960,115 676 364,36 517,40 835,148 797,80 506,1 102 026 041,10 059 648 245,9 743 203 343,84,85,mistral_table,mistral_table,no
15,ARTIGOS USADOS,3 028,8 766,3 280,727 619,8 099 394,8 024 996,5 098,5 180,14 907,6 703,96 053 137,791 236 553,782 848 192,84,85,mistral_table,mistral_table,no
16,COMERCIO ATACADISTA,39 099,387 621,196 356,64 412 327,3 121 763 051,3 099 748 938,37 217,44 994,498 280,315 769,7 011 724 523,323 122 777 303,319 146 262 432,84,85,mistral_table,mistral_table,no
17,PRODUTOS EXTRATIVOS E AGROPECUARIOS,3 842,34 792,16 818,4 778 279,323 613 418,318 855 006,4 938,5 997,51 713,30 569,651 148 228,35 259 849 709,34 593 979 646,84,85,mistral_table,mistral_table,no
18,"PROD. ALIMENTICIOS, BEBIDAS E FUMO",17 752,143 558,72 758,19 246 146,903 344 852,898 483 387,14 916,17 568,175 346,116 825,1 962 830 938,67 909 027 702,67 216 111 904,84,85,mistral_table,mistral_table,no
19,"PROD. FARMACÑO, ODONT. E VETER",2 518,31 651,15 895,6 386 971,181 570 324,179 500 911,2 419,3 010,46 406,30 396,737 676 286,19 876 685 504,19 480 513 125,84,85,mistral_table,mistral_table,no
20,TECIDOS. VESTUARIO E ARMARINHO,2 773,24 570,13 861,3 683 486,101 358 892,100 735 448,3 228,3 774,35 900,24 000,400 811 788,22 520 900,22 236 745 785,84,85,mistral_table,mistral_table,no
21,MAG. E APARELHOS ELETR. USO DOMEST,142,6 123,2 611,907 318,39 413 396,39 289 984,476,575,7 593,4 321,119 200 360,4 712 316 731,4 653 703 163,84,85,mistral_table,mistral_table,no
22,"FERRAGENS, MAT. ELETR. E ELECTRONICO",4 009,48 669,22 348,9 730 213,247 183 111,245 140 841,3 832,4 599,57 954,33 775,917 174 930,22 245 507 770,21 907 292 390,84,85,mistral_table,mistral_table,no
23,"VEICULOS NOVOS E USADOS, PECAS",964,14 692,7 325,3 105 592,84 490 416,83 900 647,987,1 232,21 392,13 122,357 346 031,10 750 924 494,10 515 439 467,84,85,mistral_table,mistral_table,no
24,MAG. E EQUIP. DE USO INDUSTRIAL,1 053,14 697,14 245,4 420 849,79 424 177,76 826 627,1 071,1 453,19 776,11 070,429 702 133,7 325 180 076,7 035 767 883,84,85,mistral_table,mistral_table,no
25,COMBUSTIVEIS E LUBRIFICANTES,675,11 276,6 741,3 192 849,920 082 217,919 182 586,357,1 029,13 925,10 331,379 333 022,89 654 998 445,89 302 022 363,84,85,mistral_table,mistral_table,no
26,"PAPELARIAS, LIVRARIAS",106,12 105,6 311,2 243 546,50 451 127,50 021 570,984,1 275,17 145,9 930,274 427 267,6 583 310 846,6 421 636 972,84,85,mistral_table,mistral_table,no
27,MERC. EM GERAL - INC. ALIMENTICIOS,443,17 881,11 843,2 714 247,108 634 976,106 878 263,217,397,15 325,9 786,342 570 115,16 582 924 028,16 308 264 768,84,85,mistral_table,mistral_table,no
28,MERC. EM GERAL - EXC. ALIMENTICIOS,180,2 601,1 287,383 461,11 608 452,11 540 154,128,203,3 733,2 515,68 603 355,2 081 318 840,2 006 237 618,84,85,mistral_table,mistral_table,no
29,ARTIGOS DIVERSOS,1 453,12 129,6 007,2 176 734,38 895 791,38 388 303,1 775,1 999,17 887,10 809,237 299 015,4 869 911 907,4 543 314 287,84,85,mistral_table,mistral_table,no
30,ARTIGOS USADOS,1 789,13 193,6 106,1 459 636,31 683 358,31 404 901,1 789,1 883,14 185,8 314,133 598 075,2 948 220 528,2 921 553 141,84,85,mistral_table,mistral_table,no
31,REGIÃO NORDESTE,122 457,468 057,205 751,41 204 613,896 694 771,802 153 229,142 728,156 016,632 262,348 447,4 914 003 054,91 660 052 928,90 717 831 615,84,85,mistral_table,mistral_table,no
32,COMERCIO VAREJISTA,115 630,403 635,181 191,31 650 120,586 648 578,583 363 726,136 633,148 130,560 180,307 746,4 040 842 508,60 623 907 865,59 946 623 601,84,85,mistral_table,mistral_table,no
33,"PROD. ALIMENTICIOS, BEBIDAS E FUMO",91 734,124 953,21 142,7 422 044,83 550 376,83 190 494,74 402,75 788,178 348,60 663,1 109 409 852,3 533 942 581,9 466 280 966,84,85,mistral_table,mistral_table,no
34,"PROD. FARMACÑO, ODONT. E VETER",6 272,22 659,11 214,1 730 412,22 041 345,21 939 397,8 911,10 059,34 872,18 675,234 634 844,2 381 637 822,2 369 430 409,84,85,mistral_table,mistral_table,no
35,TECIDOS. VESTUARIO E ARMARINHO,18 847,71 996,38 948,4 868 694,60 808 041,60 690 888,21 475,23 652,97 997,60 369,685 697 822,9 677 835 839,6 651 479 325,84,85,mistral_table,mistral_table,no
36,MAG. E APARELHOS ELETR. USO DOMEST,4 768,28 352,15 135,2 720 683,51 419 744,51 139 429,3 637,5 188,32 033,21 547,247 906 088,3 683 512 537,3 642 367 896,84,85,mistral_table,mistral_table,no
37,"FERRAGENS, MAT. ELETR. E ELECTRONICO",6 385,28 352,15 843,2 719 259,51 415 850,52 865 088,7 911,8 819,38 514,21 938,289 818 298,4 543 197 284,4 490 412 503,84,85,mistral_table,mistral_table,no
38,"VEICULOS NOVOS E USADOS, PECAS",888,22 988,10 046,2 758 514,78 870 904,78 199 499,5 569,6 103,36 671,20 357,387 747 640,9 075 599 115,8 845 474 267,84,85,mistral_table,mistral_table,no
39,MAG. E EQUIP. DE USO INDUSTRIAL,772,9 062,3 460,1 456 841,24 786 559,24 310 678,927,1 191,9 360,5 534,103 846 564,2 045 842 933,1 955 069 186,84,85,mistral_table,mistral_table,no
40,COMBUSTIVEIS E LUBRIFICANTES,3 195,19 528,12 401,1 804 837,80 228 507,79 799 794,3 089,3 938,25 251,18 792,220 854 333,7 807 769 114,7 751 168 903,84,85,mistral_table,mistral_table,no
41,"PAPELARIAS, LIVRARIAS",1 513,6 728,3 765,630 388,6 332 525,6 307 068,1 631,1 847,8 087,5 164,56 973 666,598 376 297,589 863 218,84,85,mistral_table,mistral_table,no
42,MERC. EM GERAL - INC. ALIMENTICIOS,2 682,43 183,36 067,3 283 571,95 313 626,94 997 025,2 365,3 819,62 152,50 189,447 685 028,11 193 572 059,11 132 259 620,84,85,mistral_table,mistral_table,no
43,MERC. EM GERAL - EXC. ALIMENTICIOS,632,10 341,6 991,976 264,16 051 678,16 004 918,413,541,12 195,10 641,83 495 187,1 576 756 044,1 568 957 673,84,85,mistral_table,mistral_table,no
44,ARTIGOS DIVERSOS,4 280,15 158,7 935,1 183 125,13 191 459,13 030 023,5 436,8 310,22 157,12 525,152 548 577,1 393 563 986,1 363 046 955,84,85,mistral_table,mistral_table,no
45,ARTIGOS USADOS,362,1 059,444,95 587,901 564,889 427,867,877,2 543,1 352,20 224 609,112 299 254,110 815 681,84,85,mistral_table,mistral_table,no
46,COMERCIO ATACADISTA,5 948,47 181,23 356,6 219 947,310 046 193,308 789 501,6 095,7 298,60 957,39 534,689 025 644,31 005 089 049,30 771 208 014,84,85,mistral_table,mistral_table,no
47,PRODUTOS EXTRATIVOS E AGROPECUARIOS,901,3 933,1 404,699 724,32 567 476,32 433 567,1 260,1 467,6 422,3 799,69 657 853,3 848 466 047,3 804 835 985,84,85,mistral_table,mistral_table,no
48,"PROD. ALIMENTICIOS, BEBIDAS E FUMO",3 174,22 073,10 940,2 350 365,88 208 817,87 851 589,3 003,3 371,25 969,16 584,246 886 877,7 509 959 149,7 480 702 183,84,85,mistral_table,mistral_table,no
49,"PROD. FARMACÑO, ODONT. E VETER",347,4 385,2 366,669 724,15 966 647,15 823 074,337,445,6 467,4 256,88 695 138,2 307 545 323,2 280 554 255,84,85,mistral_table,mistral_table,no
50,TECIDOS. VESTUARIO E ARMARINHO,354,3 155,1 940,313 453,8 697 212,8 689 824,347,424,4 678,3 905,35 695 882,1 094 374 815,1 091 556 419,84,85,mistral_table,mistral_table,no
51,MAG. E APARELHOS ELETR. USO DOMEST,56,525,320,63 533,2 247 922,2 247 100,46,60,777,463,10 784 467,181 673 273,176 651 547,84,85,mistral_table,mistral_table,no
52,"FERRAGENS, MAT. ELETR. E ELECTRONICO",371,3 814,1 700,667 657,15 902 094,15 746 579,467,578,5 156,3 300,56 878 911,691 394 522,1 674 347 936,84,85,mistral_table,mistral_table,no
53,"VEICULOS NOVOS E USADOS, PECAS",79,221,114,437 550,6 144 126,6 120 797,99,118,2 108,1 317,26 218 951,853 670 672,843 121 368,84,85,mistral_table,mistral_table,no
54,MAG. E EQUIP. DE USO INDUSTRIAL,97,1 400,512,323 565,6 340 037,6 231 078,68,95,1 223,516,23 608 098,442 284 528,429 395 672,84,85,mistral_table,mistral_table,no
55,COMBUSTIVEIS E LUBRIFICANTES,140,1 074,852,288 385,116 598 719,116 547 139,34,162,1 585,1 378,47 408 193,11 031 156 074,10 978 744 776,84,85,mistral_table,mistral_table,no
56,"PAPELARIAS, LIVRARIAS",95,1 103,643,157 483,3 066 084,3 060 458,70,121,1 476,1 044,20 202 817,386 741 503,380 578 107,84,85,mistral_table,mistral_table,no
57,MERC. EM GERAL - INC. ALIMENTICIOS,89,2 527,1 202,275 287,9 021 293,8 790 216,53,85,2 059,1 131,35 802 855,1 101 940 904,1 096 795 810,84,85,mistral_table,mistral_table,no
58,MERC. EM GERAL - EXC. ALIMENTICIOS,35,709,328,76 949,1 767 459,1 759 510,23,50,711,479,10 304 511,210 201 169,193 522 241,84,85,mistral_table,mistral_table,no
59,ARTIGOS DIVERSOS,131,888,460,108 653,2 490 800,2 466 393,154,181,1 381,963,11 215 983,271 349 316,269 194 223,84,85,mistral_table,mistral_table,no
60,ARTIGOS USADOS,79,374,175,37 519,1 027 507,1 022 187,136,141,615,399,5 665 228,74 327 953,71 207 492,84,85,mistral_table,mistral_table,no
61,MARANHÃO,10 017,34 019,13 207,2 214 818,46 322 149,46 144 880,12 160,12 959,46 202,23 195,298 563 968,5 401 304 785,5 343 089 856,84,85,mistral_table,mistral_table,no
62,COMERCIO VAREJISTA,9 576,30 560,11 742,1 873 165,35 506 808,35 356 302,11 850,12 566,42 534,20 907,257 864 747,3 937 552 474,3 899 028 741,84,85,mistral_table,mistral_table,no
63,"PROD. ALIMENTICIOS, BEBIDAS E FUMO",5 513,11 481,1 525,538 184,5 533 241,5 508 865,6 830,6 903,15 826,1 4 232,85 150 953,695 056 110,690 808 462,84,85,mistral_table,mistral_table,no
64,"PROD. FARMACÑO, ODONT. E VETER",768,2 266,634,154 809,1 716 470,1 705 368,1 094,1 123,3 181,1 308,18 685 165,166 317 309,165 589 928,84,85,mistral_table,mistral_table,no
65,TECIDOS. VESTUARIO E ARMARINHO,304,5 691,3 311,314 076,4 141 284,4 137 090,1 657,1 918,7 685,4 753,14 459 245,516 978 294,516 141 492,84,85,mistral_table,mistral_table,no
66,MAG. E APARELHOS ELETR. USO DOMEST,315,2 817,1 636,241 458,5 763 941,5 783 980,673,319,3 494,2 550,19 546 474,355 758 420,354 192 354,84,85,mistral_table,mistral_table,no
67,"FERRAGENS, MAT. ELETR. ELECTRONICO",368,1 536,675,123 673,2 475 741,2 473 264,528,589,2 360,1 297,14 941 249,281 776 027,279 328 531,84,85,mistral_table,mistral_table,no
68,"VEICULOS NOVOS E USADOS, PECAS",259,1 387,565,119 628,4 243 920,4 189 097,386,415,2 106,1 205,17 974 095,520 908 668,511 314 297,84,85,mistral_table,mistral_table,no
69,MAG. E EQUIP. DE USO INDUSTRIAL,41,437,1 169,50 744,160 893,1 148 562,80,79,697,485,7 586 763,167 590 344,154 796 993,84,85,mistral_table,mistral_table,no
70,COMBUSTIVEIS E LUBRIFICANTES,223,1 203,723,99 409,4 860 634,4 851 491,224,301,1 668,1 236,13 403 730,597 516 874,596 011 862,84,85,mistral_table,mistral_table,no
71,"PAPELARIAS, LIVRARIAS",73,375,254,21 758,274 273,274 075,123,129,539,338,3 040 100,41 252 020,40 821 613,84,85,mistral_table,mistral_table,no
72,MERC. EM GERAL - INC. ALIMENTICIOS,398,2 213,1 349,134 966,3 766 150,3 745 335,356,421,2 702,1 961,17 979 690,425 082 848,423 650 808,84,85,mistral_table,mistral_table,no
73,MERC. EM GERAL - EXC. ALIMENTICIOS,61,350,205,20 454,765 873,765 393,21,29,797,745,3 863 242,91 799 242,91 790 176,84,85,mistral_table,mistral_table,no
74,ARTIGOS DIVERSOS,243,777,382,51 947,737 633,736 925,373,415,1 401,757,7 868 222,75 843 050,72 872 791,84,85,mistral_table,mistral_table,no
75,ARTIGOS USADOS,10,27,14,2 056,36 755,36 755,25,25,78,40,365 819,1 673 268,1 673 268,84,85,mistral_table,mistral_table,no
76,COMERCIO ATACADISTA,409,2 917,1 443,264 286,10 815 341,10 788 578,310,373,3 181,2 233,33 364 108,1 463 752 311,1 444 061 115,86,87,mistral_table,mistral_table,no
77,PRODUTOS EXTRATIVOS E AGROPECUARIOS,112,345,94,24 207,474 300,473 681,37,41,134,62,1 510 488,27 812 552,27 751 147,86,87,mistral_table,mistral_table,no
78,"PROD. ALIMENTICIOS, BEBIDAS E FUMO",215,1 642,915,128 946,3 558 029,3 551 344,208,234,1 797,1 275,13 903 794,431 501 956,430 755 664,86,87,mistral_table,mistral_table,no
79,"PROD. FARMACÊUTICOS, ODONT. E VETER",16,170,90,21 654,451 965,484 304,19,26,225,158,1 592 862,50 208 690,50 133 454,86,87,mistral_table,mistral_table,no
80,"TECIDOS, VESTUÁRIO E ARMARINHO",5,136,101,9 674,202 413,202 413,4,5,104,99,761 652,14 102 528,14 102 528,86,87,mistral_table,mistral_table,no
81,"FERRAGENS, MAT. ELETR. E ELETRÔNICO",15,81,33,5 457,171 443,169 272,13,21,382,287,2 896 375,105 020 558,104 887 461,86,87,mistral_table,mistral_table,no
82,"VÍCULOS NOVOS E USADOS, PECAS",3,115,7,2 150,39 563,38 563,4,4,44,28,560 719,12 675 401,12 621 766,86,87,mistral_table,mistral_table,no
83,MAO. E EQUIP. DE USO INDUSTRIAL,7,95,20,17 476,368 937,362 072,3,3,23,18,144 493,3 536 151,3 212 733,86,87,mistral_table,mistral_table,no
84,COMBUSTÍVEIS E LUBRIFICANTES,1,51,44,15 660,5 077 653,5 074 926,4,13,73,68,2 143 974,565 774 465,551 457 785,86,87,mistral_table,mistral_table,no
85,"PAPELARIAS, LIVRARIAS",4,64,49,5 883,100 979,100 979,4,4,24,14,461 275,7 567 674,7 567 674,86,87,mistral_table,mistral_table,no
86,MERC. EM GERAL - INC. ALIMENTÍCIOS,10,282,70,30 412,314 713,314 713,9,12,297,181,7 855 065,224 278 116,224 018 020,86,87,mistral_table,mistral_table,no
87,MERC. EM GERAL - EXC. ALIMENTÍCIOS,1,(A),(A),(A),(A),(A),2,3,48,20,1 348 351,19 327 121,15 595 784,86,87,mistral_table,mistral_table,no
88,ARTIGOS DIVERSOS,6,(C),(B),(X),(A),(A),2,3,10,7,43 247,751 701,751 701,86,87,mistral_table,mistral_table,no
89,ARTIGOS USADOS,4,18,7,1 619,8 208,8 208,4,4,19,12,141 813,1 195 394,1 195 394,86,87,mistral_table,mistral_table,no
90,SÃO LUÍS,2 016,11 663,6 375,1 004 994,22 625 331,22 568 002,3 480,3 743,17 653,10 971,125 827 690,2 770 039 376,2 727 807 801,86,87,mistral_table,mistral_table,no
91,COMERCIO VAREJISTA,1 877,9 837,5 662,784 548,14 906 840,14 868 263,3 383,3 616,15 912,9 918,105 036 355,1 856 761 814,1 833 696 952,86,87,mistral_table,mistral_table,no
92,"PROD. ALIMENTÍCIOS, BEBIDAS E FUMO",984,2 116,441,146 917,1 335 766,1 334 819,2 089,2 102,4 828,1 593,26 902 798,213 981 859,212 930 442,86,87,mistral_table,mistral_table,no
93,"PROD. FARMACÊUTICOS, ODONT. E VETER",93,599,321,57 947,455 759,455 554,207,218,846,479,5 419 393,50 933 804,50 482 432,86,87,mistral_table,mistral_table,no
94,"TECIDOS, VESTUÁRIO E ARMARINHO",274,2 386,1 889,145 340,2 077 126,2 076 761,387,459,3 450,2 709,21 868 324,265 591 751,265 591 434,86,87,mistral_table,mistral_table,no
95,MAO. E APARELHOS ELETR. USO DOMEST,80,924,565,100 617,2 165 393,2 160 306,73,92,971,730,6 793 234,125 403 438,124 431 924,86,87,mistral_table,mistral_table,no
96,"FERRAGENS, MAT. ELETR. E ELETRÔNICO",145,809,392,76 989,1 267 841,1 266 723,213,239,1 174,705,7 953 786,177 384 490,175 812 288,86,87,mistral_table,mistral_table,no
97,"VÍCULOS NOVOS E USADOS, PECAS",51,564,288,53 095,2 276 062,2 262 513,98,103,786,525,8 769 277,310 363 840,305 234 125,86,87,mistral_table,mistral_table,no
98,MAO. E EQUIP. DE USO INDUSTRIAL,22,25 258,81,35 808,705 228,698 881,25,31,398,278,5 230 550,121 028 151,110 507 645,86,87,mistral_table,mistral_table,no
99,COMBUSTÍVEIS E LUBRIFICANTES,50,393,245,39 949,1 413 594,1 411 744,42,55,520,420,4 194 446,171 080 386,170 593 428,86,87,mistral_table,mistral_table,no
100,"PAPELARIAS, LIVRARIAS",30,248,189,15 630,194 178,194 178,58,61,343,248,2 249 256,31 712 297,31 302 000,86,87,mistral_table,mistral_table,no
101,MERC. EM GERAL - INC. ALIMENTÍCIOS,21,863,828,62 960,2 274 738,2 266 097,23,57,1 174,1 112,8 256 580,271 029 528,271 026 528,86,87,mistral_table,mistral_table,no
102,MERC. EM GERAL - EXC. ALIMENTÍCIOS,7,196,157,11 197,217 788,217 788,4,4,590,586,2 321 416,66 946 970,66 536 373,86,87,mistral_table,mistral_table,no
103,ARTIGOS DIVERSOS,113,460,256,36 613,494 038,493 620,161,186,808,519,4 961 078,51 436 112,49 193 623,86,87,mistral_table,mistral_table,no
104,ARTIGOS USADOS,7,22,12,1 485,29 379,29 379,9,9,24,12,116 217,569 186,569 186,86,87,mistral_table,mistral_table,no
105,COMERCIO ATACADISTA,116,1 357,691,150 638,7 718 491,7 699 739,77,109,1 347,1 004,14 865 385,913 277 562,894 110 849,86,87,mistral_table,mistral_table,no
106,PRODUTOS EXTRATIVOS E AGROPECUARIOS,3,(B),(A),(A),(A),(A),5,5,8,3,165 620,1 170 000,1 170 000,86,87,mistral_table,mistral_table,no
107,"PROD. ALIMENTÍCIOS, BEBIDAS E FUMO",69,598,360,55 974,1 533 293,1 532 705,40,50,795,646,7 012 931,157 261 249,156 560 359,86,87,mistral_table,mistral_table,no
108,"PROD. FARMACÊUTICOS, ODONT. E VETER",9,112,57,16 988,250 509,242 845,9,15,85,52,628 940,16 200 887,16 125 651,86,87,mistral_table,mistral_table,no
109,"TECIDOS, VESTUÁRIO E ARMARINHO",3,108,78,8 705,173 403,173 403,1,2,<E),<E),(X),(0),ID),86,87,mistral_table,pdf_text_layout,no
110,"FERRAGENS, MAT. ELETR. E ELETRÔNICO",7,63,25,4 457,144 592,142 421,7,10,112,49,1 234 423,66 834 440,66 815 288,86,87,mistral_table,mistral_table,no
111,"VÍCULOS NOVOS E USADOS, PECAS",3,15,7,2 150,38 563,38 563,3,3,30,14,408 236,8 859 316,8 859 316,86,87,mistral_table,mistral_table,no
112,MAO. E EQUIP. DE USO INDUSTRIAL,3,66,8,12 958,192 244,186 674,3,3,23,18,144 493,3 536 151,3 212 733,86,87,mistral_table,mistral_table,no
113,COMBUSTÍVEIS E LUBRIFICANTES,8,43,36,13 327,5 004 026,5 001 289,2,9,54,52,1 863 967,544 387 523,530 070 843,86,87,mistral_table,mistral_table,no
114,"PAPELARIAS, LIVRARIAS",4,64,49,5 883,100 979,100 979,1,3,19,9,437 557,5 452 711,5 452 711,86,87,mistral_table,mistral_table,no
115,MERC. EM GERAL - INC. ALIMENTÍCIOS,2,(F),(E),(A),(E),(E),2,4,57,34,833 337,76 871 709,76 871 709,86,87,mistral_table,mistral_table,no
116,MERC. EM GERAL - EXC. ALIMENTÍCIOS,3,11,6,727,5 478,5 443,2,3,48,20,1 348 351,19 327 121,15 595 784,86,87,mistral_table,mistral_table,no
117,ARTIGOS DIVERSOS,3,12,2,919,5 319,5 319,,,,,,,,86,87,mistral_table,missing,yes
118,ARTIGOS USADOS,3,12,2,919,5 319,5 319,,,,,,,,86,87,mistral_table,missing,yes
119,CAXIAS,350,1 215,621,64 505,1 625 186,1 618 944,330,351,1 276,744,7 540 472,130 908 932,130 408 409,86,87,mistral_table,mistral_table,no
120,COMERCIO VAREJISTA,315,1 075,562,55 892,1 374 468,1 370 629,315,335,1 169,667,6 834 806,113 859 440,113 358 917,86,87,mistral_table,mistral_table,no
121,"PROD. ALIMENTÍCIOS, BEBIDAS E FUMO",194,394,140,12 914,247 472,247 450,178,181,408,136,1 968 486,18 210 345,18 166 023,86,87,mistral_table,mistral_table,no
122,"VÍCULOS NOVOS E USADOS, PECAS",13,38,12,3 017,149 350,146 528,18,19,85,55,1 144 694,23 360 084,23 324 084,86,87,mistral_table,mistral_table,no
123,COMBUSTÍVEIS E LUBRIFICANTES,12,68,37,4 099,199 002,198 635,10,12,71,51,414 262,21 710 406,21 709 632,86,87,mistral_table,mistral_table,no
124,DEMAIS GÉNEROS,96,585,373,35 885,778 644,778 016,109,123,605,425,3 307 364,50 578 605,50 159 178,86,87,mistral_table,mistral_table,no
125,COMERCIO ATACADISTA,33,123,59,6 290,250 718,248 315,15,16,107,77,705 666,17 049 492,17 049 492,86,87,mistral_table,mistral_table,no
126,CODO,169,587,252,33 839,711 589,711 109,226,241,828,383,3 982 647,85 055 303,84 868 507,86,87,mistral_table,mistral_table,no
127,COMERCIO VAREJISTA,152,503,233,27 230,624 803,624 533,220,233,775,347,3 653 671,54 433 591,54 278 486,86,87,mistral_table,mistral_table,no
128,"PROD. ALIMENTÍCIOS, BEBIDAS E FUMO",71,154,34,6 694,93 477,93 447,106,108,229,33,917 334,8 769 360,8 749 974,86,87,mistral_table,mistral_table,no
129,COMBUSTÍVEIS E LUBRIFICANTES,4,12,9,833,85 434,85 194,5,5,28,17,189 763,10 070 959,10 047 011,86,87,mistral_table,mistral_table,no
130,MERC. EM GERAL - INC. ALIMENTÍCIOS,8,52,35,2 312,77 573,77 573,22,23,91,56,576 874,8 493 336,8 493 134,86,87,mistral_table,mistral_table,no
131,DEMAIS GÉNEROS,69,285,155,17 391,368 319,368 319,87,97,427,241,1 969 700,27 099 936,26 988 367,86,87,mistral_table,mistral_table,no
132,COMERCIO ATACADISTA,15,51,19,2 739,86 786,86 576,6,8,53,36,328 976,30 621 712,30 590 021,86,87,mistral_table,mistral_table,no
133,IMPERATRIZ,762,3 399,1 560,250 216,6 373 168,6 311 462,756,828,5 145,3 260,37 665 963,797 394 310,790 852 747,86,87,mistral_table,mistral_table,no
134,COMERCIO VAREJISTA,730,3 074,1 369,222 707,5 365 949,5 305 318,718,777,4 273,2 638,25 473 150,459 370 854,453 091 618,86,87,mistral_table,mistral_table,no
135,"TECIDOS, VESTUÁRIO E ARMARINHO",136,505,313,26 866,384 226,384 226,189,204,867,506,4 732 713,59 620 759,59 393 102,86,87,mistral_table,mistral_table,no
136,"VÍCULOS NOVOS E USADOS, PECAS",55,373,142,27 698,899 567,862 608,64,70,548,343,3 715 644,83 910 260,81 243 320,86,87,mistral_table,mistral_table,no
137,COMBUSTÍVEIS E LUBRIFICANTES,28,241,163,17 706,906 015,904 250,20,22,256,209,2 032 002,94 997 437,94 776 720,86,87,mistral_table,mistral_table,no
138,DEMAIS GÉNEROS,511,1 955,751,140 437,3 175 841,3 154 234,445,481,2 602,1 580,14 991 791,220 842 398,217 678 476,86,87,mistral_table,mistral_table,no
139,COMERCIO ATACADISTA,31,321,191,27 312,1 007 519,1 006 144,38,50,819,622,10 988 757,338 023 456,337 761 129,86,87,mistral_table,mistral_table,no
140,SANTA LUZIA,161,363,60,11 463,267 400,267 305,245,257,701,177,5 985 912,29 179 466,29 139 466,86,87,mistral_table,mistral_table,no
141,COMERCIO VAREJISTA,157,351,54,10 915,243 959,243 864,245,257,701,177,5 985 912,29 179 466,29 139 466,86,87,mistral_table,mistral_table,no
142,"PROD. ALIMENTÍCIOS, BEBIDAS E FUMO",78,(F),(B),(A),(C),(C),146,147,390,71,3 498 075,11 682 629,11 642 629,86,87,mistral_table,mistral_table,no
143,MAO. E APARELHOS ELETR. USO DOMEST,5,26,15,1 305,69 549,69 549,2,7,47,33,256 645,4 214 289,4 214 289,86,87,mistral_table,mistral_table,no
144,COMBUSTÍVEIS E LUBRIFICANTES,2,(B),(A),(A),(C),(C),3,5,18,12,188 384,6 178 785,6 178 785,86,87,mistral_table,mistral_table,no
145,DEMAIS GÉNEROS,72,154,31,4 875,62 909,62 899,94,98,246,61,2 042 808,7 103 763,7 103 763,86,87,mistral_table,mistral_table,no
146,COMERCIO ATACADISTA,3,10,6,526,23 441,23 441,-,-,-,-,-,-,-,86,87,mistral_table,mistral_table,no
147,AÇAILANDIA,-,-,-,-,-,-,193,211,681,327,4 367 911,92 302 418,90 338 226,86,87,mistral_table,mistral_table,no
148,AFONSO CUNHA,12,21,10,1 554,11 255,11 255,4,4,7,2,38 600,230 000,230 000,86,87,mistral_table,mistral_table,no
149,ALCANTARA,25,48,3,1 421,7 078,7 078,23,23,52,10,931 720,4 074 290,3 811 000,88,89,mistral_table,mistral_table,no
150,ALDEIAS ALTAS,49,118,41,6 785,44 095,43 625,33,33,80,21,293 953,3 255 689,3 146 089,88,89,mistral_table,mistral_table,no
151,ALTAMIRA DO MARANHÃO,36,83,19,2 855,18 337,16 337,11,11,25,2,131 800,978 000,978 000,88,89,mistral_table,mistral_table,no
152,ALTO PARNAIBA,36,71,24,3 884,43 421,43 421,27,29,73,32,319 693,6 839 880,6 744 360,88,89,mistral_table,mistral_table,no
153,AMARANTE DO MARANHÃO,24,36,4,1 201,6 500,6 317,17,17,19,2,92 242,544 637,544 637,88,89,mistral_table,mistral_table,no
154,ANAJATUBA,12,39,7,1 763,19 537,19 537,20,23,66,26,481 967,4 126 878,4 116 429,88,89,mistral_table,mistral_table,no
155,ANAPURUS,14,32,8,681,8 837,8 837,21,22,38,14,295 743,4 811 516,4 787 516,88,89,mistral_table,mistral_table,no
156,ARAIOSES,42,91,8,2 769,22 268,21 446,23,24,60,24,529 646,3 123 333,3 061 333,88,89,mistral_table,mistral_table,no
157,ARARI,23,57,8,1 483,14 400,14 400,100,102,246,142,2 646 300,5 633 300,5 633 300,88,89,mistral_table,mistral_table,no
158,AXIXA,15,38,7,974,8 742,8 610,16,17,42,16,216 760,1 225 570,1 200 608,88,89,mistral_table,mistral_table,no
159,BACABAL,270,1 217,562,65 934,1 930 741,1 925 458,272,298,1 382,760,7 083 782,145 178 154,144 627 713,88,89,mistral_table,mistral_table,no
160,BACURI,88,155,3,5 223,36 558,36 458,38,38,91,3,755 200,3 050 000,3 050 000,88,89,mistral_table,mistral_table,no
161,BALSAS,141,369,103,16 173,893 236,888 829,148,156,488,224,2 017 268,43 819 281,43 344 207,88,89,mistral_table,mistral_table,no
162,BARÃO DE GRAJAU,7,15,6,1 575,17 563,17 563,11,10,37,19,198 149,775 146,753 146,88,89,mistral_table,mistral_table,no
163,BARRA DO CORDA,209,475,119,44 904,502 171,489 239,145,154,478,188,2 402 451,33 653 965,33 515 815,88,89,mistral_table,mistral_table,no
164,BARREIRINHAS,42,84,14,3 055,44 747,44 558,29,32,74,25,425 503,3 747 923,3 743 123,88,89,mistral_table,mistral_table,no
165,BENEDITO LEITE,31,85,4,1 639,30 557,30 557,25,25,60,13,243 840,3 232 344,3 232 344,88,89,mistral_table,mistral_table,no
166,BEQUIMÃO,29,64,9,2 001,26 494,26 494,26,27,90,20,268 658,5 172 431,5 170 658,88,89,mistral_table,mistral_table,no
167,BOM JARDIM,53,119,4,2 701,29 639,29 529,39,41,102,15,461 765,6 450 934,6 412 514,88,89,mistral_table,mistral_table,no
168,BREJO,69,186,40,5 577,116 210,116 210,67,72,206,59,645 933,11 281 964,11 111 764,88,89,mistral_table,mistral_table,no
169,BURITI,29,56,10,1 789,19 164,19 164,25,28,51,11,336 753,3 210 841,3 210 841,88,89,mistral_table,mistral_table,no
170,BURITI BRAVO,62,100,23,6 756,82 277,82 252,71,73,185,42,1 988 847,15 922 879,15 404 359,88,89,mistral_table,mistral_table,no
171,CAJAPIO,19,39,5,1 102,8 899,8 899,11,11,31,3,135 400,1 229 200,1 168 200,88,89,mistral_table,mistral_table,no
172,CAJARI,7,12,2,351,4 174,4 174,27,27,64,15,343 000,2 759 500,2 657 500,88,89,mistral_table,mistral_table,no
173,CANDIDO MENDES,51,104,5,3 160,56 926,56 806,49,50,129,27,617 035,8 720 834,8 709 096,88,89,mistral_table,mistral_table,no
174,CANTANHEDE,22,45,2,1 272,11 753,11 753,19,19,49,19,136 700,2 099 153,2 098 153,88,89,mistral_table,mistral_table,no
175,CAROLINA,137,370,116,16 737,365 867,364 760,88,92,286,123,1 006 962,22 722 568,22 722 568,88,89,mistral_table,mistral_table,no
176,CARUTAPERA,48,98,6,3 309,37 360,37 230,55,56,160,13,777 600,6 292 309,6 214 109,88,89,mistral_table,mistral_table,no
177,CEDRAL,32,62,1,2 538,26 213,26 213,36,36,72,5,145 540,603 200,603 200,88,89,mistral_table,mistral_table,no
178,CHAPADINHA,210,450,193,18 829,474 327,473 118,226,254,564,323,2 195 689,59 482 124,59 448 049,88,89,mistral_table,mistral_table,no
179,COELHO NETO,65,329,211,27 750,285 338,285 259,97,102,264,124,1 976 876,23 054 337,23 053 437,88,89,mistral_table,mistral_table,no
180,COLINAS,73,218,89,12 377,141 495,139 157,92,103,321,152,3 959 844,37 731 253,37 655 753,88,89,mistral_table,mistral_table,no
181,COROATA,138,363,126,16 956,403 405,403 376,186,193,537,215,2 832 481,34 654 331,34 534 262,88,89,mistral_table,mistral_table,no
182,CURURUPU,119,243,32,12 688,100 738,100 738,114,115,267,58,1 746 636,12 325 043,12 325 043,88,89,mistral_table,mistral_table,no
183,DOM PEDRO,88,192,46,9 624,180 228,180 191,105,111,301,106,1 247 090,18 539 676,18 441 255,88,89,mistral_table,mistral_table,no
184,DUQUE BACELAR,19,36,11,3 385,19 233,19 233,28,29,111,38,381 238,3 720 655,3 690 355,88,89,mistral_table,mistral_table,no
185,ESPERANTINOPOLIS,53,108,10,5 843,56 985,56 985,46,49,108,19,663 808,5 696 398,5 696 398,88,89,mistral_table,mistral_table,no
186,ESTREITO,-,-,-,-,-,-,43,46,99,35,372 813,11 670 766,11 670 766,88,89,mistral_table,mistral_table,no
187,FORTALEZA DOS NOGUEIRAS,33,74,6,1 209,11 433,11 433,26,26,62,9,333 264,2 583 872,2 583 872,88,89,mistral_table,mistral_table,no
188,FORTUNA,28,31,5,1 796,26 241,26 241,38,40,84,11,822 100,6 191 339,6 178 989,88,89,mistral_table,mistral_table,no
189,GODOFREDO VIANA,33,63,3,2 070,24 618,24 618,53,53,142,27,720 800,5 126 680,5 100 680,88,89,mistral_table,mistral_table,no
190,GONÇALVES DIAS,80,160,7,6 513,59 893,59 833,48,49,99,6,299 698,3 515 764,3 515 764,88,89,mistral_table,mistral_table,no
191,GOVERNADOR ARCHER,24,44,3,2 382,15 396,15 145,20,21,33,6,101 964,1 585 199,1 585 199,88,89,mistral_table,mistral_table,no
192,GOVERNADOR EUGENIO BARROS,61,133,6,5 000,23 712,23 684,37,38,97,6,336 880,4 625 099,4 516 699,88,89,mistral_table,mistral_table,no
193,GRAÇA ARANHA,32,62,3,3 114,16 424,16 424,6,6,10,1,71 320,744 098,744 098,88,89,mistral_table,mistral_table,no
194,GRAJAU,114,312,75,10 147,295 057,294 737,98,104,277,106,851 686,24 900 971,24 900 971,90,91,mistral_table,mistral_table,no
195,GUIMARÃES,31,94,4,1 759,12 569,12 529,39,35,60,3,62 620,838 230,838 230,90,91,mistral_table,mistral_table,no
196,HUMBERTO DE CAMPOS,33,81,6,5 248,41 020,41 020,28,28,73,2,456 800,1 802 960,1 802 960,90,91,mistral_table,mistral_table,no
197,ICATU,10,26,7,1 356,9 966,9 840,7,7,15,-,45 984,321 000,286 000,90,91,mistral_table,mistral_table,no
198,IGARAPE GRANDE,32,61,2,1 731,24 545,24 545,18,20,28,6,482 015,4 203 525,4 203 525,90,91,mistral_table,mistral_table,no
199,ITAPECURU MIRIM,133,350,104,19 650,314 164,312 354,181,192,519,218,3 579 235,39 069 965,38 886 718,90,91,mistral_table,mistral_table,no
200,JOÃO LISBOA,78,139,16,4 163,77 509,76 316,44,44,101,17,353 388,3 392 868,3 382 868,90,91,mistral_table,mistral_table,no
201,JOSELANDIA,28,92,8,4 149,86 716,86 716,18,19,34,2,90 400,5 780 139,5 780 139,90,91,mistral_table,mistral_table,no
202,LAGO DA PEDRA,79,183,32,3 787,128 000,127 907,106,117,302,92,1 146 940,16 021 039,16 017 439,90,91,mistral_table,mistral_table,no
203,LAGO DO JUNCO,25,47,1,960,25 504,25 434,20,21,66,9,510 111,2 627 949,2 627 949,90,91,mistral_table,mistral_table,no
204,LAGO VERDE,5,9,1,175,1 288,1 288,10,11,21,1,96 910,902 468,902 468,90,91,mistral_table,mistral_table,no
205,LZMA CAMPOS,22,47,12,1 351,27 230,27 230,20,20,50,20,180 740,6 655 319,6 655 319,90,91,mistral_table,mistral_table,no
206,LORETO,10,18,6,1 294,11 403,11 403,12,13,29,13,104 700,2 421 550,2 421 550,90,91,mistral_table,mistral_table,no
207,LUIS DOMINGUES,6,13,-,484,3 204,3 204,12,12,33,2,166 280,876 358,871 358,90,91,mistral_table,mistral_table,no
208,MAGALHÃES DE ALMEIDA,20,33,4,2 391,17 375,17 375,13,14,27,6,88 708,755 211,755 211,90,91,mistral_table,mistral_table,no
209,MATA ROMA,15,42,14,1 166,21 216,20 979,19,20,39,9,170 484,2 692 207,2 692 207,90,91,mistral_table,mistral_table,no
210,MATINHA,32,75,11,1 914,19 479,19 089,42,43,93,13,1 067 900,4 055 953,4 055 953,90,91,mistral_table,mistral_table,no
211,MATÕES,27,47,8,1 931,13 025,12 908,49,50,109,37,895 764,3 644 475,3 606 475,90,91,mistral_table,mistral_table,no
212,MIRADOR,22,44,6,1 704,23 262,23 085,27,31,89,34,912 600,5 583 000,5 493 000,90,91,mistral_table,mistral_table,no
213,MIRINZAL,29,71,12,2 837,16 008,16 008,32,32,74,18,615 500,4 400 999,4 395 999,90,91,mistral_table,mistral_table,no
214,MONÇÃO,146,376,87,19 714,394 760,394 760,126,138,444,153,2 595 155,35 194 505,35 041 505,90,91,mistral_table,mistral_table,no
215,MONTES ALTOS,32,66,10,4 133,46 141,45 909,26,28,67,12,486 550,3 625 080,3 617 080,90,91,mistral_table,mistral_table,no
216,MORROS,26,54,9,3 983,26 959,26 959,42,42,97,28,453 510,2 239 787,2 199 887,90,91,mistral_table,mistral_table,no
217,NINA RODRIGUES,8,18,5,807,10 476,10 476,5,5,17,6,179 800,851 000,810 000,90,91,mistral_table,mistral_table,no
218,NOVA IORQUE,7,10,2,284,3 084,3 084,2,2,(B),(A),(X),(A),(A),90,91,mistral_table,mistral_table,no
219,OLHO D'AQUA DAS CUNHÃS,21,57,9,2 375,15 789,15 789,20,21,51,14,216 155,3 115 525,3 115 525,90,91,mistral_table,mistral_table,no
220,PAÇO DO LUMIAR,41,174,14,5 060,37 165,37 095,90,95,233,93,1 330 203,16 088 759,16 033 559,90,91,mistral_table,mistral_table,no
221,PALMEIRANDIA,7,17,4,428,3 725,3 725,8,8,14,2,63 000,221 632,219 832,90,91,mistral_table,mistral_table,no
222,PARAIBANO,57,113,11,6 301,64 305,64 174,74,78,155,42,1 571 584,13 877 948,13 443 428,90,91,mistral_table,mistral_table,no
223,PARNARAMA,53,103,16,5 237,49 977,49 977,48,49,102,37,800 320,5 609 217,5 538 317,90,91,mistral_table,mistral_table,no
224,PASSAGEM FRANCA,27,56,8,2 234,20 792,20 792,45,47,105,25,936 798,7 328 720,7 288 820,90,91,mistral_table,mistral_table,no
225,PASTOS BONS,38,94,15,4 601,38 076,37 236,23,24,62,10,717 400,7 195 467,6 913 467,90,91,mistral_table,mistral_table,no
226,PAULO RAMOS,35,79,7,3 568,19 141,19 111,15,15,31,1,62 308,852 377,852 377,90,91,mistral_table,mistral_table,no
227,PEDREIRAS,245,938,352,57 199,1 109 206,1 107 340,209,225,901,484,5 157 091,106 044 566,105 871 188,90,91,mistral_table,mistral_table,no
228,PENALVA,30,61,3,2 278,18 369,17 633,30,30,69,20,991 199,4 502 701,4 502 701,90,91,mistral_table,mistral_table,no
229,PERI MIRIM,8,18,4,1 133,6 007,5 947,12,13,22,2,99 794,345 735,345 135,90,91,mistral_table,mistral_table,no
230,PINDARE MIRIM,41,103,18,6 634,91 120,90 432,84,87,197,70,925 993,7 552 084,7 552 084,90,91,mistral_table,mistral_table,no
231,PINHEIRO,163,534,192,34 501,625 663,623 900,190,203,593,269,3 166 089,56 889 590,56 849 670,90,91,mistral_table,mistral_table,no
232,PIO XII,22,46,3,4 450,34 959,32 479,37,40,124,35,568 216,8 493 945,8 491 045,90,91,mistral_table,mistral_table,no
233,PIRAPEMAS,15,28,2,840,12 293,12 194,14,14,47,19,191 600,1 824 200,1 824 200,90,91,mistral_table,mistral_table,no
234,POÇÃO DE PEDRAS,55,127,26,12 415,108 180,108 050,40,42,82,13,213 556,3 157 073,3 157 073,90,91,mistral_table,mistral_table,no
235,PORTO FRANCO,46,107,23,7 350,86 853,86 853,59,66,125,32,532 363,8 291 118,8 152 118,90,91,mistral_table,mistral_table,no
236,PRESIDENTE DUTRA,148,331,50,15 847,238 001,237 729,112,122,332,95,1 498 686,30 069 896,30 060 123,90,91,mistral_table,mistral_table,no
237,PRESIDENTE JUSCELINO,3,5,1,338,763,623,7,8,20,10,107 625,766 860,757 928,90,91,mistral_table,mistral_table,no
238,PRESIDENTE VARGAS,6,9,2,325,3 693,3 693,7,8,13,-,73 200,932 710,932 710,90,91,mistral_table,mistral_table,no
239,PRIMEIRA CRUZ,34,82,19,4 064,30 354,30 354,24,24,53,8,280 800,1 058 020,1 055 520,92,93,mistral_table,mistral_table,no
240,RIACHÁG,50,92,21,3 123,63 960,63 960,53,54,111,26,380 879,5 794 002,5 794 002,92,93,mistral_table,mistral_table,no
241,ROSARIO,57,144,28,5 731,115 174,115 069,58,64,157,41,895 200,12 416 710,12 357 315,92,93,mistral_table,mistral_table,no
242,SAMBAIBA,17,35,3,1 046,4 439,4 439,10,10,11,-,110 000,498 270,498 000,92,93,mistral_table,mistral_table,no
243,SANTA HELENA,47,107,5,4 670,36 128,36 088,75,79,204,53,837 796,11 192 820,11 192 820,92,93,mistral_table,mistral_table,no
244,SANTA INES,249,957,466,57 135,1 552 871,1 552 551,342,370,1 305,717,7 056 282,151 142 562,151 106 781,92,93,mistral_table,mistral_table,no
245,SANTA QUITERIA DO MARANHÁG,27,56,14,2 018,25 344,25 344,25,26,76,33,444 954,3 869 686,3 606 496,92,93,mistral_table,mistral_table,no
246,SANTA RITA,42,82,11,3 524,43 528,43 381,130,133,305,101,825 675,6 236 676,6 225 348,92,93,mistral_table,mistral_table,no
247,SANTO ANTONIO DOS LOPES,29,46,1,1 693,15 043,15 043,18,18,33,1,105 061,1 462 232,1 428 757,92,93,mistral_table,mistral_table,no
248,SÃO BENEDITO DO RIO PRETO,36,53,18,3 110,32 733,30 390,21,22,45,10,144 895,2 249 446,2 249 448,92,93,mistral_table,mistral_table,no
249,SÃO BENTO,54,158,37,7 408,112 511,112 411,78,81,220,62,1 825 590,17 508 867,17 478 893,92,93,mistral_table,mistral_table,no
250,SÃO BERNARDO,29,50,8,2 155,17 895,17 890,27,29,74,19,409 488,3 671 983,3 662 023,92,93,mistral_table,mistral_table,no
251,SÃO DOMINGOS DO MARANHÁG,71,187,48,13 940,233 495,232 729,63,67,167,49,631 850,13 318 042,13 318 042,92,93,mistral_table,mistral_table,no
252,SÃO FELIX DE BALSAS,13,19,2,168,1 263,1 263,8,8,21,-,45 972,367 282,367 282,92,93,mistral_table,mistral_table,no
253,SÃO FRANCISCO DO MARANHÁG,16,34,3,1 652,7 195,7 195,8,8,21,6,132 737,562 713,557 713,92,93,mistral_table,mistral_table,no
254,SÃO JOÃO BATISTA,31,64,1,3 618,32 608,32 608,24,24,44,6,172 792,1 878 247,1 860 247,92,93,mistral_table,mistral_table,no
255,SÃO JOÃO DOS PATOS,107,342,127,14 364,262 521,262 416,94,103,354,193,2 374 103,33 926 790,33 900 170,92,93,mistral_table,mistral_table,no
256,SÃO JOSE DE RIBAMAR,102,217,35,9 792,104 167,104 147,101,111,255,71,1 660 954,21 071 038,21 070 038,92,93,mistral_table,mistral_table,no
257,SÃO LUIS GONZAGA DO MARANHÁG,13,29,2,606,5 164,5 164,19,20,39,2,227 659,1 141 007,1 141 007,92,93,mistral_table,mistral_table,no
258,SÃO MATEUS DO MARANHÁG,45,107,18,3 706,.99 799,.99 799,48,51,150,53,642 692,13 301 498,13 267 198,92,93,mistral_table,mistral_table,no
259,SÃO RAIMUNDO DAS MANGABEIRAS,54,145,19,4 793,59 767,59 767,68,70,131,15,615 062,6 274 606,6 205 606,92,93,mistral_table,mistral_table,no
260,SÃO VICENTE FERRER,11,22,4,541,3 768,3 768,14,14,29,7,177 720,991 500,911 500,92,93,mistral_table,mistral_table,no
261,SITIO NOVO,20,44,7,3 075,31 398,30 300,21,21,45,24,371 100,5 298 920,5 079 920,92,93,mistral_table,mistral_table,no
262,SUCUPIRA DO NORTE,11,23,1,555,3 063,3 045,7,7,15,-,144 000,601 000,601 000,92,93,mistral_table,mistral_table,no
263,TASSO FRAGOSO,17,35,-,2 008,9 810,9 810,15,16,35,5,378 600,2 404 500,2 014 500,92,93,mistral_table,mistral_table,no
264,TIMBIRAS,19,37,6,2 565,29 356,29 356,30,30,68,4,167 875,1 632 662,1 617 662,92,93,mistral_table,mistral_table,no
265,TIMON,85,209,57,10 909,275 019,274 789,118,125,340,136,1 410 853,41 967 546,41 965 185,92,93,mistral_table,mistral_table,no
266,TUNTUM,60,103,5,6 961,180 993,180 913,77,81,117,35,1 023 569,9 819 253,9 801 063,92,93,mistral_table,mistral_table,no
267,TURIAÇU,103,218,26,16 123,150 965,150 694,156,157,376,120,2 179 116,23 309 234,23 290 180,92,93,mistral_table,mistral_table,no
268,TUTOIA,56,119,28,6 668,56 015,55 508,43,44,115,38,701 453,5 608 653,5 517 453,92,93,mistral_table,mistral_table,no
269,URBANO SANTOS,24,42,7,1 876,23 332,23 062,17,20,22,4,95 976,1 899 147,1 896 907,92,93,mistral_table,mistral_table,no
270,VARGEM GRANDE,65,209,70,10 522,204 113,203 885,148,152,496,155,3 978 661,20 466 752,20 457 102,92,93,mistral_table,mistral_table,no
271,VIANA,71,159,19,7 603,105 971,105 508,104,106,282,80,1 938 499,13 042 413,12 905 143,92,93,mistral_table,mistral_table,no
272,VITORIA DO MEARIM,107,263,37,7 607,110 059,110 059,76,78,208,96,1 049 524,5 672 747,5 667 747,92,93,mistral_table,mistral_table,no
273,VITORINO FREIRE,82,198,56,13 518,163 132,162 982,69,73,205,72,872 713,12 570 120,12 548 320,92,93,mistral_table,mistral_table,no
274,PIAUI,8 147,23 816,8 295,1 623 795,36 186 680,36 049 176,9 913,10 855,33 267,14 620,204 817 039,3 943 229 224,3 911 261 216,92,93,mistral_table,mistral_table,no
275,COMERCIO VAREJISTA,7 710,21 180,7 241,1 362 624,24 759 370,24 647 261,9 505,10 326,30 368,12 944,181 169 784,2 737 316 045,2 709 211 226,92,93,mistral_table,mistral_table,no
276,"PROD. ALIMENTICIOS, BEBIDAS E FUMO",4 953,8 934,649,471 012,4 539 853,4 526 955,6 163,6 318,12 767,2 349,73 744 368,652 089 265,646 961 177,92,93,mistral_table,mistral_table,no
277,"PROD. FARMACÊUTICOS, ODONT. E VETER",381,1 129,504,69 238,958 546,955 805,500,604,1 712,872,9 991 547,95 921 542,95 734 676,92,93,mistral_table,mistral_table,no
278,"TECIDOS, VESTUÁRIO E ARMARINHO",1 007,3 439,1 811,199 062,2 586 680,2 583 851,1 083,1 263,5 110,3 174,28 023 575,371 594 968,370 967 567,92,93,mistral_table,mistral_table,no
279,MAG. E APARELHOS ELETR. USO DOMEST,170,1 641,888,138 040,3 148 363,3 142 212,121,199,2 072,1 275,12 506 887,235 237 241,232 461 969,92,93,mistral_table,mistral_table,no
280,"FERRAGENS, MAT. ELETR. E ELETRÔNICO",247,1 060,563,90 995,1 930 023,1 904 241,344,402,1 703,1 041,11 243 711,205 799 131,203 531 456,92,93,mistral_table,mistral_table,no
281,"VEÍCULOS NOVOS E USADOS, PECAS",227,1 260,476,135 391,4 024 997,4 008 185,340,376,1 858,916,14 197 689,358 074 278,349 025 658,92,93,mistral_table,mistral_table,no
282,MAG. E EQUIP. DE USO INDUSTRIAL,25,301,134,32 076,792 772,792 729,94,46,391,234,3 985 735,78 343 440,75 804 254,92,93,mistral_table,mistral_table,no
283,COMBUSTÍVEIS E LUBRIFICANTES,170,780,428,61 529,3 175 670,3 162 327,151,231,1 002,741,7 274 832,321 704 390,319 987 514,92,93,mistral_table,mistral_table,no
284,"PAPELARIAS, LIVRARIAS",59,227,127,13 187,169 886,167 122,70,82,426,304,2 142 866,34 235 682,33 324 950,92,93,mistral_table,mistral_table,no
285,MERC. EM GERAL - INC. ALIMENTÍCIOS,209,1 405,935,85 590,2 570 134,2 551 455,353,409,1 804,1 092,10 080 415,278 793 415,278 088 693,92,93,mistral_table,mistral_table,no
286,MERC. EM GERAL - EXC. ALIMENTÍCIOS,55,276,189,19 939,297 126,296 996,45,51,347,263,1 906 706,35 812 338,35 739 338,92,93,mistral_table,mistral_table,no
287,ARTIGOS DIVERSOS,203,716,335,45 501,562 245,552 308,282,322,1 126,658,5 716 109,67 851 073,65 776 692,92,93,mistral_table,mistral_table,no
288,ARTIGOS USADOS,4,12,2,1 064,3 075,3 075,19,21,50,25,355 344,1 859 282,1 807 282,92,93,mistral_table,mistral_table,no
289,COMERCIO ATACADISTA,398,2 073,1 035,191 115,11 427 310,11 401 915,,,,,,,,94,95,mistral_table,pdf_text_layout_partial,yes
290,PRODUTOS EXTRATIVOS E AGROPECUARIOS,95,241,64,21 062,488 975,487 646,,,,,,,,94,95,mistral_table,pdf_text_layout_partial,yes
291,"PROD. ALIMENTICIOS, BEBIDAS E FUMO",193,1 028,520,95 450,4 025 833,4 014 085,,,,,,,,94,95,mistral_table,pdf_text_layout_partial,yes
292,"PROD. FARMACÊUTICOS, ODONT. E VETER",16,182,93,13 984,486 353,485 309,,,,,,,,94,95,mistral_table,pdf_text_layout_partial,yes
293,"TECIDOS, VESTUÁRIO E ARMARINHO",27,232,122,18 043,507 709,507 709,14,21,2s1,207,1 386 043,34 419 851,34 236 277,94,95,mistral_table,pdf_text_layout,no
294,MAÇ. E APARÉLMOS ELETR. USO DOMEST,5,62,47,3 188,134 541,134 541,1,2,(C),(8),(X),<A),(A},94,95,mistral_table,pdf_text_layout,no
295,"FERRAGENS, MAT. ELETR. E ELETRÔNICO",17,79,37,7 386,451 383,491 317,6,15,124,70,959 S63,56 873 538,56 841 719,94,95,mistral_table,pdf_text_layout,no
296,"VEÍCULOS NOVOS E USADOS, PECAS",4,30,19,1 642,155 160,155 160,8,9,79,57,565 464,30 209 795,29 767 064,94,95,mistral_table,pdf_text_layout,no
297,MAÇ. E EQUIP. DE USO INDUSTRIAL,3,35,9,10 095,300 699,292 128,2,5,51,32,710 945,32 742 3.(1,31 812 152,94,95,mistral_table,pdf_text_layout,no
298,COMBUSTÍVEIS E LUBRIFICANTES,10,36,24,9 715,4 243 198,4 242 514,3,13,45,3€,1 122 256,491 755 016 491,393 1 UI,94,95,mistral_table,pdf_text_layout,no
299,"PAPELARIAS, LIVRARIAS",2,(D),(D),(X),(C),(C),,,,,,,,94,95,mistral_table,pdf_text_layout_partial,yes
300,MERC. EM GERAL - INC. ALIMENTÍCIOS,15,91,52,7 277,493 599,491 946,13,1s,100,7;,986 831,67 755 234,67 755 234,94,95,mistral_table,pdf_text_layout,no
301,MERC. EM GERAL - EXC. ALIMENTÍCIOS,2,(B),(B),(X),(C),(C),3,4,62,48,448 674,20 9S6 750,20 956 7SO,94,95,mistral_table,pdf_text_layout,no
302,ARTIGOS DIVERSOS,8,14,8,1 311,20 577,20 274,5,6,23,13,1 60 677,4 281 838,4 281 838,94,95,mistral_table,pdf_text_layout,no
303,ARTIGOS USADOS,1,(B),(A),(X),(A),(A),4,4,12,7,132 378,3S8 973,358 973,94,95,mistral_table,pdf_text_layout,no
304,TERESINA,2 225,10 090,4 502,629 733,21 369 007,21 290 581,,,,,,,,94,95,mistral_table,pdf_text_layout_partial,yes
305,COMERCIO VAREJISTA,2 072,8 576,3 895,656 163,13 132 340,13 072 336,881,3 167,13 102 867,82 898 028,1 460 222 164,",",444 858 902,94,95,mistral_table,pdf_text_layout,no
306,"PROD. ALIMENTÍCIOS, BEBIDAS E FUMO",1 210,2 233,125,134 487,1 261 723,1 261 306,8S8,1 887,3 874 468,24 663 438,201 628 633,200 695,44S,94,95,mistral_table,pdf_text_layout,no
307,"PROD. FARMACÊUTICOS, ODONT. E VETER",77,397,260,29 940,443 841,443 295,107,145 580,39:3,3 5S1 809,"39 , 59 , .li,",39,077 274,94,95,mistral_table,pdf_text_layout,no
308,"TECIDOS, VESTUÁRIO E ARMARINHO",261,1 341,924,81 146,1 106 613,1 105 456,286,353,2 421,1 836,11 920 330,194 422 803 194,213 898,94,95,mistral_table,pdf_text_layout,no
309,MAÇ. E APARÉLMOS ELETR. USO DOMEST,61,1 112,577,97 508,2 004 090,2 001 584,,,,,,,,94,95,mistral_table,pdf_text_layout_partial,yes
310,"FERRAGENS, MAT. ELETR. E ELETRÔNICO",133,701,410,68 526,1 487 540,1 467 206,175 204,1 064 690,7 089 396,147 694,soo,146,431 507,94,95,mistral_table,pdf_text_layout,no
311,"VEÍCULOS NOVOS E USADOS, PECAS",96,759,316,94 011,2 690 378,2 680 101,156,173,",",148 646,9 129 043,240 360 800,233 596 017,94,95,mistral_table,pdf_text_layout,no
312,MAÇ. E EQUIP. DE USO INDUSTRIAL,16,246,103,29 128,648 651,648 651,23,30,322,193,3 583 839,66 936 071,64 760 943,94,95,mistral_table,pdf_text_layout,no
313,COMBUSTÍVEIS E LUBRIFICANTES,45,293,192,28 491,537 166,1 335 025,30,49,372,309,2 909 149,134 185 171,1 33 964 572,94,95,mistral_table,pdf_text_layout,no
314,"PAPELARIAS, LIVRARIAS",35,160,84,8 672,134 821,133 426,41,47,321,236,1 731 287,30 036 569,29 266 465,94,95,mistral_table,pdf_text_layout,no
315,MERC. EM GERAL - INC. ALIMENTÍCIOS,23,641,535,40 613,1 396 236,1 382 284,9,34,691,609,3 732 SS8,168 840 897,168 719 903,94,95,mistral_table,pdf_text_layout,no
316,MERC. EM GERAL - EXC. ALIMENTÍCIOS,9,174,138,11 982,155 590,195 690,2,s,164,1 S9,1 205 077,23 753 453,23 753 453,94,95,mistral_table,pdf_text_layout,no
317,ARTIGOS DIVERSOS,104,465,226,30 595,422 618,415 336,130,158,756,489,3 932 007,52 127 713,50 287 881,94,95,mistral_table,pdf_text_layout,no
318,ARTIGOS USADOS,4,12,2,1 064,3 075,3 075,,,,,,,,94,95,mistral_table,pdf_text_layout_partial,yes
319,COMERCIO ATACADISTA,133,1 104,595,115 640,8 236 667,8 218 245,107,1 53,1,424 927,12 179 110,898 454 677,896 122 698,94,95,mistral_table,pdf_text_layout,no
320,PRODUTOS EXTRATIVOS E AGROPECUARIOS,6,29,8,3 141,77 263,77 283,2,2,<Bl,(B),(X),(A),(A),94,95,mistral_table,pdf_text_layout,no
321,"PROD. ALIMENTÍCIOS, BEBIDAS E FUMO",55,469,263,51 104,1 995 831,1 988 008,61,77,610,376,836 044,178 219 897,178 200 028,94,95,mistral_table,pdf_text_layout,no
322,"PROD. FARMACÊUTICOS, ODONT. E VETER",15,154,69,11 807,368 180,367 136,15,17,207,101,620 281,35 708 367,35 231 S62,94,95,mistral_table,pdf_text_layout,no
323,"TECIDOS, VESTUÁRIO E ARMARINHO",22,218,114,16 712,468 359,468 359,8,14,225,192,236 361,31 332 1 68,31 186 008,94,95,mistral_table,pdf_text_layout,no
324,MAÇ. E APARÉLMOS ELETR. USO DOMEST,2,(C),(B),(X),(C),(C),1,2,(C),(Bl,(X),(A),(A),94,95,mistral_table,pdf_text_layout,no
325,"FERRAGENS, MAT. ELETR. E ELETRÔNICO",8,49,24,5 504,396 348,396 348,,,,,,,,94,95,mistral_table,pdf_text_layout_partial,yes
326,"VEÍCULOS NOVOS E USADOS, PECAS",3,30,19,1 643,155 160,155 160,,,,,,,,94,95,mistral_table,pdf_text_layout_partial,yes
327,MAÇ. E EQUIP. DE USO INDUSTRIAL,3,35,9,10 095,900 696,292 128,,,,,,,,94,95,mistral_table,pdf_text_layout_partial,yes
328,COMBUSTÍVEIS E LUBRIFICANTES,8,33,24,9 679,4 243 198,4 242 514,,,,,,,,94,95,mistral_table,pdf_text_layout_partial,yes
329,"PAPELARIAS, LIVRARIAS",1,(D),(D),(X),(C),(C),,,,,,,,94,95,mistral_table,pdf_text_layout_partial,yes
330,MERC. EM GERAL - INC. ALIMENTÍCIOS,5,31,16,2 653,127 688,127 688,1,2,(0),<Cl,(X),(E),<E l,94,95,mistral_table,pdf_text_layout,no
331,MERC. EM GERAL - EXC. ALIMENTÍCIOS,1,(A),(A),(X),(A),(A),2,3,59,46,435 644,20 334 872,20 334 872,94,95,mistral_table,pdf_text_layout,no
332,ARTIGOS DIVERSOS,3,6,7,442,9 071,8 768,2,3,14,9,76 796,3 70S 360,3 70S 360,94,95,mistral_table,pdf_text_layout,no
333,ARTIGOS USADOS,1,(B),(A),(X),(A),(A),2,2,<Bl,(A),(X),(A),(A),94,95,mistral_table,pdf_text_layout,no
334,PARNAIBA,465,1 746,838,116 351,2 561 847,2 545 148,663 744,2 443,1 279,12 846 207,230 06S 627,2~~,752 970,94,95,mistral_table,pdf_text_layout,no
335,COMERCIO VAREJISTA,425,1 512,758,95 023,1 806 753,1 896 219,,,,,,,,94,95,mistral_table,missing,yes
336,"PROD. ALIMENTÍCIOS, BEBIDAS E FUMO",196,378,47,21 445,223 477,223 340,370,378,870 277,3 518,1 61,3S 388 309,34 840 068,94,95,mistral_table,pdf_text_layout,no
337,"TECIDOS, VESTUÁRIO E ARMARINHO",70,329,232,15 318,224 400,224 093,73,88,423,308,2 433 755,31 893 059,31 836 559,94,95,mistral_table,pdf_text_layout,no
338,"VEÍCULOS NOVOS E USADOS, PECAS",23,109,41,9 970,423 539,423 539,28,32,142,62,947 692,33 497 422,33 377 264,94,95,mistral_table,pdf_text_layout,no
339,DEMAIS GÉNEROS,136,696,438,48 290,1 035 337,1 025 247,157,192,781 490,4 179,SS4,80 622 72S,78 318 167,94,95,mistral_table,pdf_text_layout,no
340,COMERCIO ATACADISTA,26,127,73,12 260,655 094,651 929,35,40,197,141,1 403 888,48 664 112,48 380 912,94,95,mistral_table,pdf_text_layout,no
341,AGRICOLANDIA,10,18,-,410,4 171,4 171,,,,,,,,94,95,mistral_table,pdf_text_layout_partial,yes
342,AQUA BRANCA,68,185,22,5 963,151 279,150 470,84,90,230,93,1 SOS 383,20 942 SOS,20 861 137,94,95,mistral_table,pdf_text_layout,no
343,ALTO LONGA,47,66,4,3 194,23 880,23 880,43,44,61,8,31S 694,2 845 154,2 845 154,94,95,mistral_table,pdf_text_layout,no
344,ALTOS,86,153,12,9 502,132 001,129 761,203,204,439,154,870 83S,12 697 11S,12 546 01S,94,95,mistral_table,pdf_text_layout,no
345,AMARANTE,48,90,8,6 361,102 045,102 045,so,52,96,20,583 1 90,428 886,406 849,94,95,mistral_table,pdf_text_layout,no
346,ANGICAL DO PIAUÍ,35,74,19,2 962,29 007,29 007,29,29,58,10,463 078,892 206,3 868 206,94,95,mistral_table,pdf_text_layout,no
347,ANISIO DE ABREU,33,49,5,1 722,18 951,18 835,30,34,78,22,376 950,4 1 6S 97S,4 115 975,94,95,mistral_table,pdf_text_layout,no
348,ANTONIO ALMEIDA,12,17,-,398,2 290,2 250,18,19,27,2 198,sso,940 900,940 900,94,95,mistral_table,pdf_text_layout,no
349,ARGAZES,19,22,-,949,8 587,8 587,18,19,3S,3,201 311,1 928 214,1 928 214,94,95,mistral_table,pdf_text_layout,no
350,ARRAIAL,15,24,-,2 056,15 865,15 865,16,16,18,2 126,ººº,780 600,780 600,94,95,mistral_table,pdf_text_layout,no
351,AVELINO LOPES,36,70,11,4 616,29 573,29 573,,,,,,,,94,95,mistral_table,pdf_text_layout_partial,yes
352,BARRAS,132,250,72,17 970,242 852,241 504,151,163,426,11 9,2 831 927,26 020 241,25 613 041,94,95,mistral_table,pdf_text_layout,no
353,BARREIRAS DO PIAUÍ,12,28,-,783,3 646,3 646,,,,,,,,94,95,mistral_table,pdf_text_layout_partial,yes
354,BARRO DURO,26,59,9,2 498,69 601,69 369,31,32,72,22,398 613,7 682 757,666 200,94,95,mistral_table,pdf_text_layout,no
355,BATALHA,21,38,15,3 474,32 304,31 926,28,35,80,37,779 630,4 532 161,4 471 681,94,95,mistral_table,pdf_text_layout,no
356,BENEDITINOS,30,53,1,2 226,20 018,19 926,43,48,109,28,170 353,7 OS9 288,7 024 288,94,95,mistral_table,pdf_text_layout,no
357,BERTOLINIA,32,58,6,2 302,11 773,11 542,24,28,56,11,441 036,3 879 317,3 849 317,96,97,mistral_table,mistral_table,no
358,BOCAINA,14,18,4,860,8 511,8 511,14,15,43,10,247 620,2 460 245,2 460 245,96,97,mistral_table,mistral_table,no
359,BOM JESUS,53,123,33,5 951,192 589,190 350,69,72,161,67,1 577 764,16 510 307,16 280 918,96,97,mistral_table,mistral_table,no
360,BURITI DOS LOPES,59,116,15,5 378,48 851,47 452,97,99,204,47,489 052,10 918 989,10 517 311,96,97,mistral_table,mistral_table,no
361,CAMPINAS DO PIAUI,9,16,-,178,3 186,3 186,17,18,36,8,120 012,1 240 230,1 240 230,96,97,mistral_table,mistral_table,no
362,CAMPO MAIOR,297,697,218,45 963,778 804,778 344,291,313,844,361,4 452 584,72 274 631,72 088 041,96,97,mistral_table,mistral_table,no
363,CANTO DO BURITI,78,187,56,11 123,166 544,165 592,76,86,235,99,2 144 429,18 670 548,18 439 558,96,97,mistral_table,mistral_table,no
364,CAPITÃO DE CAMPOS,32,44,6,2 544,21 591,21 591,21,25,44,10,184 868,4 495 975,4 460 775,96,97,mistral_table,mistral_table,no
365,CARACOL,39,54,1,1 493,18 088,18 088,45,48,85,18,396 586,4 050 718,4 032 718,96,97,mistral_table,mistral_table,no
366,CASTELO DO PIAUI,79,118,14,8 763,115 611,115 611,116,119,179,35,1 370 424,21 110 396,21 110 396,96,97,mistral_table,mistral_table,no
367,COCAL,57,106,7,5 778,52 215,52 205,68,71,123,22,545 606,8 132 518,7 972 518,96,97,mistral_table,mistral_table,no
368,CONCEIÇÃO DO CANINDE,52,73,8,2 149,26 539,26 469,24,26,49,4,160 803,2 456 367,2 456 367,96,97,mistral_table,mistral_table,no
369,CORRENTE,108,253,62,19 383,211 716,211 096,114,130,327,84,1 796 467,20 921 263,20 781 714,96,97,mistral_table,mistral_table,no
370,CRISTALANDIA DO PIAUI,25,40,-,1 699,11 005,10 985,28,30,47,8,454 778,2 473 474,2 446 224,96,97,mistral_table,mistral_table,no
371,CRISTINO CASTRO,29,60,13,2 043,55 761,55 465,40,46,109,29,936 371,12 212 822,12 212 822,96,97,mistral_table,mistral_table,no
372,CURIMATA,39,69,12,3 148,21 040,20 977,39,44,73,13,694 192,5 257 209,5 239 564,96,97,mistral_table,mistral_table,no
373,DEMERVAL LOBÃO,26,53,10,2 046,40 695,40 609,17,18,42,8,268 251,6 204 766,6 204 766,96,97,mistral_table,mistral_table,no
374,DIRCEU ARCOVERDE,-,-,-,-,-,-,35,35,65,15,449 180,3 403 834,3 397 834,96,97,mistral_table,mistral_table,no
375,DOM EXPEDITO LOPES,14,44,8,1 863,90 802,90 802,27,29,97,53,488 395,14 168 889,14 148 749,96,97,mistral_table,mistral_table,no
376,DOMINGOS MOURÃO,8,11,-,528,2 501,2 490,6,7,9,2,65 780,441 540,441 540,96,97,mistral_table,mistral_table,no
377,ELESBÃO VELOSO,74,158,47,4 901,112 365,110 445,52,55,112,40,616 956,8 880 907,8 858 907,96,97,mistral_table,mistral_table,no
378,ELISEU MARTINS,15,26,7,1 999,21 601,20 904,30,35,77,21,441 437,3 398 711,3 288 715,96,97,mistral_table,mistral_table,no
379,ESPERANTINA,70,186,67,13 743,234 707,234 130,155,168,424,174,1 713 148,24 462 866,24 436 526,96,97,mistral_table,mistral_table,no
380,FLORES DO PIAUI,17,30,1,1 451,7 126,7 126,19,19,31,1,178 750,1 214 584,1 203 384,96,97,mistral_table,mistral_table,no
381,FLORIANO,292,1 255,619,86 401,2 281 228,2 276 854,291,333,1 443,878,8 972 423,203 360 662,201 349 503,96,97,mistral_table,mistral_table,no
382,FRANCINOPOLIS,21,25,1,529,6 523,6 412,13,14,21,2,112 560,763 730,763 730,96,97,mistral_table,mistral_table,no
383,FRANCISCO AYRES,13,25,3,1 201,7 527,7 527,15,16,23,4,147 000,1 145 000,1 145 000,96,97,mistral_table,mistral_table,no
384,FRANCISCO SANTOS,29,45,1,2 776,26 622,26 504,27,29,60,19,1 128 793,8 983 572,8 923 572,96,97,mistral_table,mistral_table,no
385,FRONTEIRAS,40,80,3,6 205,84 354,84 167,60,62,154,37,1 744 650,9 122 026,8 919 026,96,97,mistral_table,mistral_table,no
386,GILBUES,41,68,14,3 694,39 354,39 354,30,39,98,28,1 117 806,5 272 999,5 118 549,96,97,mistral_table,mistral_table,no
387,GUADALUPE,38,110,36,6 197,110 708,110 187,37,40,111,33,835 582,6 929 437,6 927 269,96,97,mistral_table,mistral_table,no
388,HUGO NAPOLEÃO,13,24,5,870,6 380,6 374,8,8,20,6,101 100,720 200,720 200,96,97,mistral_table,mistral_table,no
389,INHUMA,24,71,25,3 885,105 329,102 003,54,57,110,16,535 376,7 156 594,7 156 594,96,97,mistral_table,mistral_table,no
390,IPIRANGA DO PIAUI,12,24,1,846,7 987,7 987,11,12,31,10,298 206,5 301 814,5 286 814,96,97,mistral_table,mistral_table,no
391,ISAIAS COELHO,31,44,4,1 488,15 914,15 746,15,24,46,7,177 475,2 264 991,2 237 691,96,97,mistral_table,mistral_table,no
392,ITAINOPOLIS,31,36,6,2 118,44 313,44 313,24,38,74,10,176 229,2 256 240,2 256 240,96,97,mistral_table,mistral_table,no
393,ITAUEIRA,30,68,13,2 477,54 365,53 363,36,40,89,24,468 844,6 548 977,6 037 763,96,97,mistral_table,mistral_table,no
394,JAICOS,70,154,33,8 883,133 082,132 983,50,62,118,36,558 181,15 305 486,15 260 956,96,97,mistral_table,mistral_table,no
395,JERUMENHA,39,55,4,2 147,13 018,12 899,28,30,62,15,340 451,1 533 550,1 530 550,96,97,mistral_table,mistral_table,no
396,JOAQUIM PIRES,22,42,3,1 889,11 540,11 295,24,26,56,19,240 579,1 859 481,1 814 481,96,97,mistral_table,mistral_table,no
397,JOSE DE FREITAS,82,174,31,8 883,86 236,86 236,83,90,145,33,1 553 949,13 167 977,13 167 881,96,97,mistral_table,mistral_table,no
398,LANDRI SALES,34,56,-,2 424,13 821,13 821,41,44,74,12,515 730,4 807 092,4 807 092,96,97,mistral_table,mistral_table,no
399,LUIS CORREIA,65,118,13,10 375,63 707,63 449,85,88,176,44,684 178,7 181 747,7 128 384,96,97,mistral_table,mistral_table,no
400,LUZILANDIA,82,158,46,12 725,178 331,178 331,123,137,292,110,1 832 765,18 886 309,18 753 869,96,97,mistral_table,mistral_table,no
401,MANOEL EMIDIO,17,24,3,949,4 959,4 895,25,26,33,3,276 131,2 379 695,2 379 695,96,97,mistral_table,mistral_table,no
402,MARCOS PARENTE,18,39,4,1 747,12 201,11 560,16,17,39,5,320 150,1 645 434,1 645 434,98,99,mistral_table,mistral_table,no
403,MATIAS OLIMPIO,39,45,5,6 580,49 420,49 286,37,38,78,1,790 986,5 402 863,5 379 363,98,99,mistral_table,mistral_table,no
404,MIGUEL ALVES,62,120,40,7 975,57 348,56 990,72,75,163,31,1 374 168,8 355 590,8 257 260,98,99,mistral_table,mistral_table,no
405,MIGUEL LEÃO,1,(A),(A),(X),(A),(A),-,-,-,-,-,-,-,98,99,mistral_table,mistral_table,no
406,MONSENNOR GIL,27,52,8,3 186,26 155,26 135,26,27,60,14,223 065,2 561 417,2 590 417,98,99,mistral_table,mistral_table,no
407,MONSENNOR MIPOLITO,7,15,3,628,4 571,4 521,16,19,43,24,279 117,3 146 407,3 135 407,98,99,mistral_table,mistral_table,no
408,MONTE ALEGRE DO PIAUI,33,62,4,2 629,27 964,27 944,43,45,98,13,178 790,3 479 023,3 349 453,98,99,mistral_table,mistral_table,no
409,NAZARE DO PIAUI,22,45,4,1 845,14 006,14 006,17,19,34,2,327 748,2 064 668,2 064 668,98,99,mistral_table,mistral_table,no
410,NOSSA SENHORA DOS REMEDIOS,38,73,19,2 779,21 238,20 522,39,40,88,19,547 000,3 477 450,3 432 450,98,99,mistral_table,mistral_table,no
411,NOVO ORIENTE DO PIAUI,11,18,2,638,7 543,7 543,12,12,15,2,145 864,782 583,774 423,98,99,mistral_table,mistral_table,no
412,OEIRAS,115,320,120,16 375,368 227,367 929,125,140,394,179,2 294 099,37 866 190,37 386 412,98,99,mistral_table,mistral_table,no
413,PADRE MARCOS,28,66,25,5 266,74 117,73 651,41,49,101,22,395 311,12 032 596,11 989 996,98,99,mistral_table,mistral_table,no
414,PAES LANDIM,13,19,-,783,4 732,4 712,20,22,34,6,87 871,2 393 560,2 388 880,98,99,mistral_table,mistral_table,no
415,PALMEIRA DO PIAUI,9,18,1,652,4 784,4 742,12,12,17,-,210 000,1 129 464,1 129 464,98,99,mistral_table,mistral_table,no
416,PALMEIRAIS,22,29,-,2 638,15 928,15 928,25,27,37,12,400 100,2 611 700,2 611 700,98,99,mistral_table,mistral_table,no
417,PARNAQUA,19,25,4,3 277,17 975,17 975,27,30,57,17,430 800,2 735 955,2 734 135,98,99,mistral_table,mistral_table,no
418,PAULISTANA,136,260,45,8 476,180 229,180 229,156,162,302,49,894 452,18 328 701,17 866 453,98,99,mistral_table,mistral_table,no
419,PEDRO II,82,180,43,9 722,161 826,161 826,91,93,208,61,1 420 175,16 470 824,16 460 824,98,99,mistral_table,mistral_table,no
420,PICOS,297,982,374,57 358,2 049 075,2 038 434,331,368,1 410,668,7 411 929,190 796 441,188 510 020,98,99,mistral_table,mistral_table,no
421,PIMENTEIRAS,21,43,4,2 621,14 373,14 373,17,17,32,4,270 764,2 220 532,2 220 532,98,99,mistral_table,mistral_table,no
422,PIO IX,33,54,5,3 384,60 009,60 009,147,148,371,145,1 520 099,24 324 083,24 240 493,98,99,mistral_table,mistral_table,no
423,PIRACURUCA,85,152,34,7 840,147 516,147 226,115,120,257,95,1 421 597,16 397 429,16 344 759,98,99,mistral_table,mistral_table,no
424,PIRIPIRI,253,557,176,46 656,763 058,762 316,248,271,707,354,4 386 291,82 851 892,82 700 196,98,99,mistral_table,mistral_table,no
425,PORTO,31,39,5,3 432,21 348,21 130,33,42,81,23,662 363,4 180 262,4 180 262,98,99,mistral_table,mistral_table,no
426,PRATA DO PIAUI,16,34,-,1 569,15 245,15 125,15,15,30,6,85 650,1 104 640,1 104 640,98,99,mistral_table,mistral_table,no
427,REDENÇÃO DO GURQUEIA,12,27,1,1 207,13 410,13 410,19,21,51,4,276 037,2 607 579,2 586 429,98,99,mistral_table,mistral_table,no
428,REGENERAÇÃO,41,86,12,6 499,55 720,55 720,49,53,116,43,690 096,8 703 325,8 702 929,98,99,mistral_table,mistral_table,no
429,RIBEIRO GONÇALVES,36,84,4,2 675,20 342,19 697,36,36,69,20,975 194,8 985 541,8 984 701,98,99,mistral_table,mistral_table,no
430,RIO GRANDE DO PIAUI,29,43,8,3 364,19 357,19 357,25,27,54,9,394 953,3 231 712,3 078 607,98,99,mistral_table,mistral_table,no
431,SANTA CRUZ DO PIAUI,16,30,1,2 489,17 906,17 906,28,29,68,12,382 455,3 010 012,3 010 012,98,99,mistral_table,mistral_table,no
432,SANTA FILOMENA,7,10,2,753,2 859,2 859,8,9,21,4,72 025,1 013 259,1 011 459,98,99,mistral_table,mistral_table,no
433,SANTA LUZ,11,11,-,298,9 654,9 540,16,17,21,1,137 820,446 332,446 332,98,99,mistral_table,mistral_table,no
434,SANTO ANTONIO DE LISBOA,29,77,9,2 584,29 864,29 854,28,29,57,2,258 203,3 688 430,3 645 430,98,99,mistral_table,mistral_table,no
435,SANTO INACIO DO PIAUI,-,-,-,-,-,-,10,11,23,1,100 000,569 500,563 500,98,99,mistral_table,mistral_table,no
436,SÃO FELIX DO PIAUI,32,47,6,1 158,10 842,10 811,24,24,52,4,216 124,1 740 051,1 660 051,98,99,mistral_table,mistral_table,no
437,SÃO FRANCISCO DO PIAUI,20,22,-,1 560,5 949,5 949,22,24,40,-,174 800,2 063 800,2 063 800,98,99,mistral_table,mistral_table,no
438,SÃO GONÇALO DO PIAUI,6,10,1,295,3 013,3 013,18,19,49,15,176 400,1 455 274,1 455 274,98,99,mistral_table,mistral_table,no
439,SÃO JOÃO DA SERRA,31,55,-,2 440,15 146,15 144,22,22,33,2,209 350,3 279 440,3 279 440,98,99,mistral_table,mistral_table,no
440,SÃO JOÃO DO PIAUI,83,198,48,8 185,190 907,190 817,91,104,199,42,794 399,15 625 222,15 576 642,98,99,mistral_table,mistral_table,no
441,SÃO JOSE DO PEIXE,23,46,3,2 107,12 234,12 136,15,15,31,1,281 200,1 919 200,1 889 200,98,99,mistral_table,mistral_table,no
442,SÃO JOSE DO PIAUI,10,20,2,315,4 769,4 769,15,16,43,14,126 773,1 550 344,1 484 694,98,99,mistral_table,mistral_table,no
443,SÃO JULIÃO,28,50,3,2 406,61 600,61 600,44,44,112,16,746 595,6 450 367,6 450 367,98,99,mistral_table,mistral_table,no
444,SÃO MIGUEL DO TAPUIO,94,160,14,7 173,77 254,77 254,83,86,128,10,459 127,6 361 396,6 342 796,98,99,mistral_table,mistral_table,no
445,SÃO PEDRO DO PIAUI,31,47,1,2 218,23 116,23 066,40,41,97,15,630 360,3 513 146,3 417 946,98,99,mistral_table,mistral_table,no
446,SÃO RAIMUNDO NONATO,231,493,101,14 822,476 750,474 724,232,253,575,179,3 068 146,96 795 885,96 736 443,98,99,mistral_table,mistral_table,no
447,SIMÕES,57,101,8,8 321,47 757,47 642,48,54,140,60,302 202,4 707 131,4 697 131,100,101,mistral_table,mistral_table,no
448,SIMPLICIO MENDES,42,79,12,3 033,119 846,119 846,56,64,180,48,572 719,11 667 342,11 424 011,100,101,mistral_table,mistral_table,no
449,SOCORRO DO PIAUJ,28,44,4,1 398,11 210,11 210,22,23,38,3,120 100,2 282 200,2 280 700,100,101,mistral_table,mistral_table,no
450,UNIÃO,136,335,95,15 028,176 231,174 675,143,147,286,56,1 538 515,20 161 442,20 161 323,100,101,mistral_table,mistral_table,no
451,URUCUJ,42,88,19,4 656,135 713,135 473,71,76,140,39,1 149 213,10 793 450,10 791 290,100,101,mistral_table,mistral_table,no
452,VALENÇA DO PIAUJ,66,147,35,5 178,134 507,134 507,92,103,246,86,1 585 397,19 217 598,18 909 263,100,101,mistral_table,mistral_table,no
453,VARZEA GRANDE,16,28,3,2 065,25 593,25 459,25,27,38,6,242 640,4 704 814,4 704 814,100,101,mistral_table,mistral_table,no
454,CEARA,21 599,73 996,30 107,6 344 140,127 922 433,127 327 523,23 254,25 026,97 465,52 740,783 662 959,13 137 123 501,13 023 343 781,100,101,mistral_table,mistral_table,no
455,COMERCIO VAREJISTA,20 238,62 003,25 792,4 691 677,82 786 145,82 395 867,22 011,23 537,62 793,45 037,595 226 031,8 361 265 146,8 300 110 008,100,101,mistral_table,mistral_table,no
456,"PROD. ALIMENTICIOS, BEBIDAS E FUMO",12 076,21 082,2 506,1 215 794,12 109 860,12 046 949,13 029,13 190,28 067,7 978,183 823 623,1 480 500 433,1 469 693 132,100,101,mistral_table,mistral_table,no
457,"PROD. FARMACÊUTICOS, ODONT. E VETER",901,13 412,1 825,249 401,2 832 333,2 817 868,1 130,1 313,4 938,2 982,35 960 562,231 519 713,289 543 011,100,101,mistral_table,mistral_table,no
458,"TECIDOS, VESTUÁRIO E ARMARINHO",2 941,11 929,6 707,834 098,10 889 444,10 854 161,3 132,3 491,15 619,10 425,106 454 159,1 066 582 430,1 064 106 925,100,101,mistral_table,mistral_table,no
459,MAG. E APARELHOS ELETR. USO DOMEST,647,3 667,1 752,359 299,5 881 282,5 841 194,526,672,4 095,2 916,32 290 989,392 532 074,367 249 036,100,101,mistral_table,mistral_table,no
460,"FERRAGENS, MAT. ELETR. E ELETRÔNICO",1 079,4 416,2 065,381 551,7 147 268,7 090 820,1 191,1 301,5 437,2 956,41 296 794,591 698 309,584 194 334,100,101,mistral_table,mistral_table,no
461,"VEICULOS NOVOS E USADOS, PECAS",515,3 258,1 294,408 368,11 761 505,11 723 271,762,834,4 935,2 697,51 081 838,299 120 173,1 274 269 006,100,101,mistral_table,mistral_table,no
462,MAG. E EQUIP. DE USO INDUSTRIAL,101,145,627,208 986,4 075 922,4 017 818,136,173,1 592,970,15 483 881,355 364 268,341 119 525,100,101,mistral_table,mistral_table,no
463,COMBUSTÍVEIS E LUBRIFICANTES,496,882 882,1 976,286 267,10 470 870,10 422 861,431,598,3 517,2 647,33 289 160,1 067 411 031,1 061 231 043,100,101,mistral_table,mistral_table,no
464,"PAPELARIAS, LIVRARIAS",222,1 040,582,96 707,1 003 778,998 774,214,238,1 119,742,7 576 220,88 080 145,87 205 396,100,101,mistral_table,mistral_table,no
465,MERC. EM GERAL - INC. ALIMENTÍCIOS,330,3 998,3 133,266 899,9 177 843,9 148 375,420,540,6 875,5 891,47 529 988,1 198 642 565,1 197 136 875,100,101,mistral_table,mistral_table,no
466,MERC. EM GERAL - EXC. ALIMENTÍCIOS,184,2 186,1 610,205 784,4 636 399,4 633 284,420,120,2 731,2 566,19 672 255,312 163 734,311 706 436,100,101,mistral_table,mistral_table,no
467,ARTIGOS DIVERSOS,894,2 862,1 673,200 720,2 744 578,2 734 887,645,970,3 798,2 319,23 781 123,227 088 161,222 378 662,100,101,mistral_table,mistral_table,no
468,ARTIGOS USADOS,52,120,40,9 803,55 857,55 607,96,97,270,148,1 988 409,10 561 110,10 276 627,100,101,mistral_table,mistral_table,no
469,COMERCIO ATACADISTA,1 238,9 762,4 189,1 013 094,45 136 289,44 931 656,1 243,1 420,11 259,7 526,125 073 436,4 754 920 002,4 723 233 773,100,101,mistral_table,mistral_table,no
470,PRODUTOS EXTRATIVOS E AGROPECUÁRIOS,115,505,177,52 031,2 024 077,2 023 767,131,142,624,390,9 477 138,239 553 407,237 939 656,100,101,mistral_table,mistral_table,no
471,"PROD. ALIMENTÍCIOS, BEBIDAS E FUMO",709,10 972,1 719,386 053,11 952 217,11 829 429,792,835,4 532,2 796,47 110 513,1 327 043 190,1 320 515 515,100,101,mistral_table,mistral_table,no
472,"PROD. FARMACÊUTICOS, ODONT. E VETER",72,517,484,126 486,2 965 145,2 947 733,65,79,1 264,757,16 482 574,369 615 290,367 894 457,100,101,mistral_table,mistral_table,no
473,"TECIDOS, VESTUÁRIO E ARMARINHO",104,980,633,83 302,2 336 150,2 336 150,66,94,1 864,1 645,11 659 061,345 466 515,344 841 347,100,101,mistral_table,mistral_table,no
474,MAG. E APARELHOS ELETR. USO DOMEST,11,126,85,12 482,284 406,283 772,12,16,161,95,1 736 117,29 724 113,28 169 720,100,101,mistral_table,mistral_table,no
475,"FERRAGENS, MAT. ELETR. E ELETRÔNICO",91,1 124,431,154 864,4 227 152,4 204 033,50,79,887,665,10 331 848,277 248 099,272 237 247,100,101,mistral_table,mistral_table,no
476,"VEICULOS NOVOS E USADOS, PECAS",14,392,100,39 664,2 017 070,2 010 228,6,15,393,240,5 353 367,241 149 650,236 826 549,100,101,mistral_table,mistral_table,no
477,MAG. E EQUIP. DE USO INDUSTRIAL,22,245,76,34 492,652 643,637 217,8,13,152,77,3 138 934,51 499 112,49 880 782,100,101,mistral_table,mistral_table,no
478,COMBUSTÍVEIS E LUBRIFICANTES,22,177,150,18 185,16 679 227,16 670 605,6,27,165,153,5 465 811,490 104 667,1 485 079 237,100,101,mistral_table,mistral_table,no
479,"PAPELARIAS, LIVRARIAS",17,134,64,18 856,342 987,342 905,15,24,226,156,3 417 763,54 102 816,53 065 928,100,101,mistral_table,mistral_table,no
480,MERC. EM GERAL - INC. ALIMENTÍCIOS,8,76,52,6 189,204 931,204 931,10,15,222,81,4 832 325,198 911 544,196 070 613,100,101,mistral_table,mistral_table,no
481,MERC. EM GERAL - EXC. ALIMENTÍCIOS,5,64,34,8 763,165 386,169 386,8,17,195,152,1 668 061,55 547 087,55 421 118,100,101,mistral_table,mistral_table,no
482,ARTIGOS DIVERSOS,38,280,145,34 689,892 815,885 205,33,39,345,264,3 428 533,64 761 687,63 464 802,100,101,mistral_table,mistral_table,no
483,ARTIGOS USADOS,10,90,39,6 008,188 074,186 295,24,25,126,91,970 391,10 192 825,9 819 810,100,101,mistral_table,mistral_table,no
484,REGIÃO METROPOLITANA,9 035,44 622,21 236,4 372 740,92 020 150,91 556 440,8 420,9 553,56 243,34 878,471 968 008,9 071 449 689,8 984 786 513,100,101,mistral_table,mistral_table,no
485,COMERCIO VAREJISTA,8 264,35 362,18 136,2 974 011,56 168 042,55 889 222,7 940,8 901,45 535,29 720,332 615 317,5 489 718 839,5 431 710 254,100,101,mistral_table,mistral_table,no
486,"PROD. ALIMENTÍCIOS, BEBIDAS E FUMO",4 500,7 885,1 012,466 571,4 466 685,4 449 222,4 245,4 327,9 099,2 192,56 666 400,474 719 555,472 913 123,100,101,mistral_table,mistral_table,no
487,"PROD. FARMACÊUTICOS, ODONT. E VETER",340,1 738,1 049,137 176,1 545 256,1 537 695,379,516,2 521,1 735,16 860 403,150 016 443,146 726 061,100,101,mistral_table,mistral_table,no
488,"TECIDOS, VESTUÁRIO E ARMARINHO",1 357,7 511,4 843,562 458,7 779 778,7 764 291,1 248,1 517,8 894,7 615,67 563 529,715 763 167,714 235 444,100,101,mistral_table,mistral_table,no
489,MAG. E APARELHOS ELETR. USO DOMEST,257,2 290,1 096,254 972,3 488 056,3 453 962,187,251,2 628,2 010,20 817 443,242 933 446,237 799 580,100,101,mistral_table,mistral_table,no
490,"FERRAGENS, MAT. ELETR. E ELETRÔNICO",607,3 131,1 422,283 510,5 406 425,5 354 996,677,747,3 685,2 073,27 160 707,432 872 642,426 111 812,100,101,mistral_table,mistral_table,no
491,"VEICULOS NOVOS E USADOS, PECAS",239,2 279,948,302 579,8 705 984,8 675 961,384,431,3 430,2 055,37 891 556,985 263 522,967 021 171,100,101,mistral_table,mistral_table,no
492,MAG. E EQUIP. DE USO INDUSTRIAL,67,930,509,184 740,3 174 697,3 118 392,94,111,1 295,801,12 639 372,305 838 512,291 882 909,100,101,mistral_table,mistral_table,no
493,COMBUSTÍVEIS E LUBRIFICANTES,177,1 700,1 304,150 282,6 146 556,6 119 620,130,189,1 987,1 642,17 873 671,608 960 554,605 325 328,100,101,mistral_table,mistral_table,no
494,"PAPELARIAS, LIVRARIAS",149,813,453,79 239,870 405,865 886,139,158,859,597,6 114 016,78 319 777,77 679 694,100,101,mistral_table,mistral_table,no
495,MERC. EM GERAL - INC. ALIMENTÍCIOS,96,3 043,2 611,206 980,7 882 562,7 858 011,42,122,5 056,4 772,36 288 759,1 033 327 067,1 032 933 255,100,101,mistral_table,mistral_table,no
496,MERC. EM GERAL - EXC. ALIMENTÍCIOS,37,1 805,1 479,180 596,4 292 230,4 290 172,42,15,3 390,2 381,16 019 042,279 681 470,279 331 664,100,101,mistral_table,mistral_table,no
497,ARTIGOS DIVERSOS,393,2 135,1 376,157 472,2 360 841,2 354 449,356,457,2 524,1 757,15 653 046,175 128 243,170 928 925,100,101,mistral_table,mistral_table,no
498,ARTIGOS USADOS,45,102,34,7 436,46 565,46 565,59,60,167,90,1 067 373,6 894 441,6 821 288,100,101,mistral_table,mistral_table,no
499,COMERCIO ATACADISTA,674,6 215,2 965,785 953,35 852 108,35 667 218,480,585,7 303,4 981,80 050 183,3 580 812 497,3 553 078 259,100,101,mistral_table,mistral_table,no
500,PRODUTOS EXTRATIVOS E AGROPECUÁRIOS,15,128,56,15 963,1 905 385,1 881 385,14,16,98,56,1 328 312,70 204 722,69 756 364,100,101,mistral_table,mistral_table,no
501,"PROD. ALIMENTÍCIOS, BEBIDAS E FUMO",367,2 231,1 094,258 150,8 534 580,8 429 232,234,245,2 124,1 373,18 067 472,878 476 211,873 334 937,100,101,mistral_table,mistral_table,no
502,"PROD. FARMACÊUTICOS, ODONT. E VETER",64,648,433,120 800,2 794 918,2 777 506,59,70,1 175,695,15 464 963,331 183 791,329 470 422,100,101,mistral_table,mistral_table,no
503,"TECIDOS, VESTUÁRIO E ARMARINHO",47,692,457,62 060,1 767 795,1 767 795,35,55,1 366,1 205,9 225 875,283 751 704,283 334 914,100,101,mistral_table,mistral_table,no
504,MAG. E APARELHOS ELETR. USO DOMEST,6,(6),(6),(6),(6),(6),11,11,136,76,5 546 517,29 081 655,27 521 262,100,101,mistral_table,mistral_table,no
505,"FERRAGENS, MAT. ELETR. E ELETRÔNICO",71,1 011,374,144 656,3 745 850,3 724 098,46,59,846,560,9 051 155,229 485 014,225 307 897,100,101,mistral_table,mistral_table,no
506,"VEICULOS NOVOS E USADOS, PECAS",14,352,100,39 664,2 017 076,2 010 228,11,13,367,218,5 218 260,228 760 258,226 446 149,100,101,mistral_table,mistral_table,no
507,MAG. E EQUIP. DE USO INDUSTRIAL,19,231,68,33 588,620 793,605 367,8,13,152,77,3 138 934,51 499 112,49 880 782,100,101,mistral_table,mistral_table,no
508,COMBUSTÍVEIS E LUBRIFICANTES,17,158,133,44 077,14 086 284,14 077 662,3,17,129,123,4 636 316,1 167 511 435,1 162 603 089,100,101,mistral_table,mistral_table,no
509,"PAPELARIAS, LIVRARIAS",17,134,64,18 856,342 987,342 305,15,24,226,156,3 417 763,54 102 816,53 065 928,100,101,mistral_table,mistral_table,no
510,MERC. EM GERAL - INC. ALIMENTÍCIOS,2,(C),(B),(C),(C),(C),5,6,151,29,3 937 640,149 918 728,147 315 333,100,101,mistral_table,mistral_table,no
511,MERC. EM GERAL - EXC. ALIMENTÍCIOS,3,65,25,6 335,149 225,149 225,8,16,190,147,1 652 119,55 246 751,55 120 782,100,101,mistral_table,mistral_table,no
512,ARTIGOS DIVERSOS,22,208,113,26 182,800 289,792 684,17,21,236,185,2 613 126,41 994 475,40 897 590,100,101,mistral_table,mistral_table,no
513,ARTIGOS USADOS,10,90,39,6 008,188 074,186 295,18,19,107,81,751 731,9 595 825,9 222 810,100,101,mistral_table,mistral_table,no
514,FORTALÉZIA,8 070,42 102,20 376,4 182 651,89 384 275,88 929 454,7 524,8 610,53 529,33 546,450 635 759,8 723 028 195,8 637 503 626,100,101,mistral_table,mistral_table,no
515,COMERCIO VAREJISTA,7 462,33 400,17 513,2 848 115,54 381 796,54 111 865,7 090,8 007,43 200,28 611,314 091 121,5 302 979 778,5 246 093 478,100,101,mistral_table,mistral_table,no
516,"PROD. ALIMENTÍCIOS, BEBIDAS E FUMO",3 885,6 746,884,398 030,3 821 141,3 804 295,3 598,3 670,7 736,1 735,44 945 997,407 273 123,405 904 725,100,101,mistral_table,mistral_table,no
517,"PROD. FARMACÊUTICOS, ODONT. E VETER",17,1 679,1 023,133 378,1 515 158,1 507 620,351,485,2 433,1 691,16 307 709,146 429 950,145 153 768,100,101,mistral_table,mistral_table,no
518,"TECIDOS, VESTUÁRIO E ARMARINHO",1 302,7 356,4 773,153 659,7 658 210,7 642 723,1 175,1 444,9 714,7 522,66 318 428,707 724 771,706 246 448,100,101,mistral_table,mistral_table,no
519,MAG. E APARELHOS ELETR. USO DOMEST,244,2 114,936,240 711,3 429 545,3 396 449,182,244,2 600,1 995,20 656 524,241 514 886,236 381 030,100,101,mistral_table,mistral_table,no
520,"VEICULOS NOVOS E USADOS, PECAS",232,22 265,944,301 840,6 697 498,8 987 475,636,707,3 570,2 015,26 264 438,421 742 586,415 027 808,102,103,mistral_table,mistral_table,no
521,"VEICULOS NOVOS E USADOS, PEÇAS",,,,,,,375,422,3 412,2 048,37 764 259,983 870 823,965 628 272,102,103,pdf_text_layout_partial,mistral_table,yes
522,MAS. E EQUIP. DE USO INDUSTRIAL,65,920,508,184 166,3 165 210,3 108 905,91,107,1 286,799,13 591 506,305 530 164,291 574 581,102,103,mistral_table,mistral_table,no
523,COMBUSTÍVEIS E LUBRIFICANTES,155,1 504,227,138 829,546 845,5 524 905,115,165,1 841,1 533,16 717 764,563 139 617,559 738 492,102,103,mistral_table,mistral_table,no
524,"PAPELARIAS, LIVRARIAS",148,811,452,79 121,869 742,865 223,130,148,834,586,5 950 041,77 565 571,76 925 488,102,103,mistral_table,mistral_table,no
525,MERC. EM GERAL - INC. ALIMENTÍCIOIS,81,2 887,2 495,196 917,7 654 509,7 630 634,29,99,4 737,4 482,34 101 401,988 782 113,986 682 799,102,103,mistral_table,mistral_table,no
526,MERC. EM GERAL - EXC. ALIMENTÍCIOIS,30,1 793,1 477,179 970,4 283 732,4 281 674,6,13,2 383,2 375,15 950 266,276 355 854,278 006 048,102,103,mistral_table,mistral_table,no
527,ARTIGOS DIVERSOS,387,2 122,1 370,156 429,2 356 689,2 350 397,346,446,2 498,1 745,15 539 395,174 710 059,170 530 741,102,103,mistral_table,mistral_table,no
528,ARTIGOS USADOS,45,102,34,7 436,46 565,46 565,56,57,156,85,983 373,6 339 441,6 293 288,102,103,mistral_table,mistral_table,no
529,COMÉRCIO ATACADISTA,513,729,2 748,729 663,35 002 479,34 817 589,434,536,6 924,4 756,77 242 130,3 419 131 064,3 391 410 148,102,103,mistral_table,mistral_table,no
530,PRODUTOS EXTRATIVOS E AGROPECUÁRIOS,14,125,54,15 854,681 015,681 015,12,13,89,52,1 021 867,66 550 916,66 102 558,102,103,mistral_table,mistral_table,no
531,"PROD. ALIMENTÍCIOIS, BEBIDAS E FUMO",211,1 757,861,202 741,7 709 088,7 603 740,193,203,1 825,1 216,16 045 717,742 216 657,736 088 635,102,103,mistral_table,mistral_table,no
532,"PROD. FARMACÊUTICOS, ODONT. E VETER",64,848,433,120 800,2 794 918,2 777 506,59,70,1 175,695,15 464 963,331 183 791,329 470 422,102,103,mistral_table,mistral_table,no
533,"TECIDOS, VESTUÁRIO E ARMARINHO",46,691,456,62 023,1 746 728,1 746 728,35,54,1 322,1 151,9 037 183,275 913 649,275 496 855,102,103,mistral_table,mistral_table,no
534,MAS. E APARELHOS ELETR. USO DOMEST,6,(E),(D),(X),(C),(C),7,11,136,76,1 546 517,29 081 655,27 521 252,102,103,mistral_table,mistral_table,no
535,"FERRADES, MAT. ELETR. E ELETRÔNICO",66,1 003,373,144 121,3 743 150,3 721 398,44,57,833,551,6 903 186,227 564 905,223 387 851,102,103,mistral_table,mistral_table,no
536,"VEICULOS NOVOS E USADOS, PECAS",14,352,100,39 664,2 017 078,2 010 228,11,13,397,216,5 216 260,228 760 256,226 446 149,102,103,mistral_table,mistral_table,no
537,MAS. E EQUIP. DE USO INDUSTRIAL,19,231,68,33 588,620 793,605 367,8,13,152,77,3 138 934,51 499 112,49 880 783,102,103,mistral_table,mistral_table,no
538,COMBUSTÍVEIS E LUBRIFICANTES,17,158,133,44 077,14 086 284,14 077 662,15,17,129,123,4 636 316,1 167 511 435,1 162 603 089,102,103,mistral_table,mistral_table,no
539,"PAPELARIAS, LIVRARIAS",17,134,64,16 856,342 987,342 905,15,24,226,156,3 417 763,54 102 816,53 065 928,102,103,mistral_table,mistral_table,no
540,MERC. EM GERAL - INC. ALIMENTÍCIOIS,2,(C),(B),(X),(C),(C),4,5,137,18,3 794 446,136 908 816,134 305 421,102,103,mistral_table,mistral_table,no
541,MERC. EM GERAL - EXC. ALIMENTÍCIOIS,3,65,25,6 335,149 225,149 225,8,16,190,147,1 652 119,55 246 751,55 120 762,102,103,mistral_table,mistral_table,no
542,ARTIGOS DIVERSOS,22,208,113,26 182,800 289,792 684,17,21,236,185,2 613 126,41 994 475,40 697 590,102,103,mistral_table,mistral_table,no
543,ARTIGOS USADOS,10,90,39,6 008,188 074,186 295,18,19,107,81,751 731,9 595 825,9 222 810,102,103,mistral_table,mistral_table,no
544,CAUCAIA,262,843,269,59 516,817 468,816 551,373,399,1 394,746,11 119 543,227 202 495,226 569 592,102,103,mistral_table,mistral_table,no
545,COMÉRCIO VAREJISTA,246,710,241,43 419,693 095,592 178,332,356,1 097,592,8 866 455,89 055 803,88 436 222,102,103,mistral_table,mistral_table,no
546,"PROD. ALIMENTÍCIOIS, BEBIDAS E FUMO",193,381,27,20 372,210 430,209 720,264,266,805,221,5 329 624,28 143 996,27 841 336,102,103,mistral_table,mistral_table,no
547,COMBUSTÍVEIS E LUBRIFICANTES,8,62,43,4 360,262 710,262 710,7,13,102,82,762 279,26 531 346,26 315 783,102,103,mistral_table,mistral_table,no
548,MERC. EM GERAL - INC. ALIMENTÍCIOIS,3,33,14,1 721,56 766,56 766,5,11,213,199,1 535 016,26 394 668,26 385 910,102,103,mistral_table,mistral_table,no
549,DEMAIS GÉNEROS,42,234,157,17 076,63 189,62 982,56,64,177,90,1 239 536,7 965 791,7 893 191,102,103,mistral_table,mistral_table,no
550,COMÉRCIO ATACADISTA,14,61,28,7 994,224 373,224 373,41,43,297,154,2 253 088,138 146 692,138 133 370,102,103,mistral_table,mistral_table,no
551,JUAZEIRO DO NORTE,846,3 166,1 517,206 695,4 276 934,4 270 490,933,1 007,3 948,2 279,23 143 504,432 597 693,430 549 532,102,103,mistral_table,mistral_table,no
552,COMÉRCIO VAREJISTA,754,2 584,1 163,164 451,3 181 654,3 175 210,885,947,3 447,1 697,20 330 520,330 303 334,328 259 650,102,103,mistral_table,mistral_table,no
553,"PROD. ALIMENTÍCIOIS, BEBIDAS E FUMO",275,572,102,28 574,316 592,315 682,293,297,670,186,3 685 786,38 262 573,38 239 668,102,103,mistral_table,mistral_table,no
554,"TECIDOS, VESTUÁRIO E ARMARINHO",170,650,372,36 730,666 822,666 252,230,238,996,649,5 897 548,82 417 165,82 319 885,102,103,mistral_table,mistral_table,no
555,"VEICULOS NOVOS E USADOS, PECAS",27,161,55,20 175,627 712,627 432,33,37,287,123,1 626 262,60 073 749,58 698 982,102,103,mistral_table,mistral_table,no
556,DEMAIS GÉNEROS,282,1 201,634,78 972,1 570 528,1 565 844,329,375,1 494,937,9 120 924,149 549 847,149 001 115,102,103,mistral_table,mistral_table,no
557,COMÉRCIO ATACADISTA,86,514,345,35 103,1 095 280,1 095 280,48,60,501,382,2 812 984,102 294 359,102 289 882,102,103,mistral_table,mistral_table,no
558,SOBRAL,589,2 005,994,137 036,2 968 859,2 960 663,549,595,2 131,1 263,14 784 035,256 570 684,255 542 905,102,103,mistral_table,mistral_table,no
559,COMÉRCIO VAREJISTA,556,1 830,892,121 061,2 507 465,2 499 648,492,532,1 711,938,11 725 911,182 189 359,181 454 565,102,103,mistral_table,mistral_table,no
560,"PROD. ALIMENTÍCIOIS, BEBIDAS E FUMO",258,453,71,27 040,315 290,313 000,191,193,412,136,3 133 460,31 524 396,31 097 502,102,103,mistral_table,mistral_table,no
561,"VEICULOS NOVOS E USADOS, PECAS",32,176,52,18 804,560 157,557 705,31,33,185,92,1 355 510,35 071 105,34 899 922,102,103,mistral_table,mistral_table,no
562,COMBUSTÍVEIS E LUBRIFICANTES,19,89,53,6 129,342 115,341 324,12,21,94,74,588 305,28 252 944,28 230 294,102,103,mistral_table,mistral_table,no
563,DEMAIS GÉNEROS,249,1 112,716,69 088,1 289 923,1 287 619,258,285,1 040,636,6 648 632,87 340 914,87 226 847,102,103,mistral_table,mistral_table,no
564,COMÉRCIO ATACADISTA,31,175,102,15 975,461 374,461 015,57,63,420,325,3 058 124,74 381 325,74 088 340,102,103,mistral_table,mistral_table,no
565,ABAÍARA,13,24,1,936,7 284,7 284,54,54,114,53,517 320,2 673 456,2 650 656,102,103,mistral_table,mistral_table,no
566,ACARAU,151,289,50,24 177,273 479,272 978,217,226,540,188,6 022 378,33 844 912,32 749 712,102,103,mistral_table,mistral_table,no
567,ACOPIARA,206,440,110,32 974,627 251,626 302,199,204,545,229,3 005 067,40 850 315,40 589 835,102,103,mistral_table,mistral_table,no
568,AIUABA,32,63,5,2 557,22 302,22 302,44,44,93,10,164 900,1 431 815,1 427 013,102,103,mistral_table,mistral_table,no
569,ALCANTARAS,19,25,-,848,6 501,6 447,13,13,20,2,420 000,2 817 000,2 817 000,102,103,mistral_table,mistral_table,no
570,ALTANEIRA,12,19,4,1 966,14 757,14 757,55,55,127,61,287 786,3 734 545,3 733 745,102,103,mistral_table,mistral_table,no
571,ALTO SANTO,34,66,13,4 686,84 365,83 912,33,35,72,25,539 961,7 439 549,7 416 110,102,103,mistral_table,mistral_table,no
572,ANTONINA DO NORTE,28,45,4,2 605,16 978,16 978,33,34,78,20,440 098,5 132 240,4 965 240,102,103,mistral_table,mistral_table,no
573,APUIARES,14,32,8,1 814,23 033,23 033,16,16,30,5,290 594,2 235 445,2 235 445,102,103,mistral_table,mistral_table,no
574,AQUIRAZ,191,357,40,19 567,283 043,282 869,176,180,367,112,3 102 871,42 175 213,41 887 509,102,103,mistral_table,mistral_table,no
575,ARACATI,193,568,187,31 506,601 254,600 500,184,199,628,295,3 732 157,59 048 172,58 516 704,102,103,mistral_table,mistral_table,no
576,ARACOIABA,110,172,17,11 597,122 460,122 014,105,112,193,31,1 580 896,15 085 728,14 955 069,102,103,mistral_table,mistral_table,no
577,ARARIPE,28,46,3,3 794,32 812,32 692,35,35,89,15,447 269,4 512 650,4 474 150,102,103,mistral_table,mistral_table,no
578,ARATUBA,47,84,11,6 902,55 235,55 195,47,49,124,52,526 744,3 737 348,3 626 494,102,103,mistral_table,mistral_table,no
579,ARNEIROZ,21,44,3,626,6 604,6 198,17,17,30,5,395 400,1 542 800,1 411 000,102,103,mistral_table,mistral_table,no
580,ASSARE,60,107,20,7 299,77 212,77 132,146,148,395,131,961 419,6 116 126,6 116 126,102,103,mistral_table,mistral_table,no
581,AURORA,68,117,18,6 545,116 725,116 725,68,70,136,38,910 779,7 587 936,7 587 936,102,103,mistral_table,mistral_table,no
582,BAIXIO,20,31,3,1 563,10 323,10 323,18,19,43,7,174 420,1 423 338,1 423 338,102,103,mistral_table,mistral_table,no
583,,,,,,,,236,243,.550,274,3 752 112,52 245 694,52 218 113,104,105,missing,mistral_table,yes
584,BARRO,,,,,,,79,83,189,93,1 288 702,15 596 994,15 563 494,104,105,pdf_text_layout_partial,mistral_table,yes
585,BATUR!TE,,,,,,,108,117,316,181,4 096 339,38 440 052,38 148 192,104,105,pdf_text_layout_partial,mistral_table,yes
586,,,,,,,,173,173,451,191,2 645 053,20 316 648,20 241 648,104,105,missing,mistral_table,yes
587,BELA CRUZ,52,64,17,267,73 170,73 020,110,113,245,86,1 189 311,10 056 141,9 997 921,104,105,pdf_text_layout,mistral_table,no
588,BOA V1 AGEM,,,,,,,160,166,504,200,2 849 947,38 443 420,38 309 920,104,105,pdf_text_layout_partial,mistral_table,yes
589,,,,,,,,153,166,464,237,4 285 285,53 276 272,52 987 159,104,105,missing,mistral_table,yes
590,CAMOCIM,149,272,55,21 783,352 714,349 154,183,194,436,179,3 003 411,29 019 718,28 702 126,104,105,mistral_table,mistral_table,no
591,CAMPOS SALES,128,294,51,16 471,293 895,292 845,111,114,280,99,2 312 962,23 688 421,23 383 542,104,105,mistral_table,mistral_table,no
592,CANINDE,325,728,207,52 496,605 793,604 304,253,262,714,350,9 417 428,73 129 869,73 116 639,104,105,mistral_table,mistral_table,no
593,CAPISTRANO,35,57,21,3 706,37 936,37 936,41,41,101,34,579 657,2 889 015,2 889 015,104,105,mistral_table,mistral_table,no
594,CARIDADE,33,60,13,3 127,38 744,38 444,35,35,65,20,510 479,3 790 951,3 790 951,104,105,mistral_table,mistral_table,no
595,CARIRE,49,67,2,2 137,23 849,23 733,31,32,53,5,342 416,2 556 252,2 555 732,104,105,mistral_table,mistral_table,no
596,CARIRIAÇU,22,40,1,2 824,20 188,19 638,69,69,142,68,537 478,3 756 977,3 755 477,104,105,mistral_table,mistral_table,no
597,CARIUS,52,99,14,5 524,38 478,38 478,58,59,84,17,1 962 800,12 012 320,11 783 800,104,105,mistral_table,mistral_table,no
598,CARNAUBAL,27,40,3,1 745,23 876,21 093,33,34,57,21,839 840,6 920 680,6 590 680,104,105,mistral_table,mistral_table,no
599,CASCAVEL,135,234,48,13 781,233 820,233 404,167,174,363,111,3 269 807,26 376 813,26 371 813,104,105,mistral_table,mistral_table,no
600,CATARINA,63,107,-,5 509,46 990,46 859,49,51,99,22,1 028 866,4 685 237,4 685 237,104,105,mistral_table,mistral_table,no
601,CEDRO,86,180,38,9 251,170 299,170 209,116,118,250,93,1 368 080,13 686 784,13 684 584,104,105,mistral_table,mistral_table,no
602,CHAVAL,36,60,5,2 516,20 449,20 144,46,47,102,31,755 056,3 251 057,3 229 557,104,105,mistral_table,mistral_table,no
603,COREAU,37,53,2,3 667,42 078,42 078,48,54,133,43,636 734,6 105 587,6 043 569,104,105,mistral_table,mistral_table,no
604,CRATEUS,463,1 054,366,54 797,1 013 490,1 011 803,383,397,963,441,9 528 099,98 972 711,98 516 804,104,105,mistral_table,mistral_table,no
605,CRATO,394,1 457,750,113 944,4 973 075,4 954 698,431,468,1 767,1 055,10 702 240,464 030 403,462 412 882,104,105,mistral_table,mistral_table,no
606,FARIAS BRITO,44,73,5,5 416,28 771,28 441,67,68,160,75,1 056 543,5 073 119,5 069 219,104,105,mistral_table,mistral_table,no
607,FRECHEIRINHA,17,33,12,2 630,29 995,29 995,19,21,55,21,565 350,5 612 600,5 612 600,104,105,mistral_table,mistral_table,no
608,GENERAL SAMPAIO,14,24,4,958,13 345,13 345,11,11,13,-,114 000,1 572 977,1 572 977,104,105,mistral_table,mistral_table,no
609,GRANJA,122,174,15,8 922,158 304,157 725,108,110,248,63,1 508 409,23 927 917,23 613 573,104,105,mistral_table,mistral_table,no
610,GRANJEIRO,13,21,1,944,10 190,9 990,23,24,50,23,288 768,1 388 068,1 377 708,104,105,mistral_table,mistral_table,no
611,GROAIRAS,44,80,4,4 884,34 076,34 051,24,25,52,4,311 950,2 034 589,2 034 589,104,105,mistral_table,mistral_table,no
612,GUARACIABA DO NORTE,84,153,13,5 062,102 515,99 933,69,69,164,57,5 241 073,34 851 107,32 321 607,104,105,mistral_table,mistral_table,no
613,GUARAMIRANGA,9,16,-,922,5 593,5 593,6,6,12,2,66 137,350 279,342 629,104,105,mistral_table,mistral_table,no
614,HIDROLANDIA,60,87,9,6 682,33 278,33 268,53,55,90,19,676 926,5 277 821,5 254 821,104,105,mistral_table,mistral_table,no
615,IBIAPINA,44,56,6,3 856,87 410,87 410,72,72,158,53,1 286 576,13 368 370,13 334 400,104,105,mistral_table,mistral_table,no
616,ICO,203,437,117,14 152,321 895,321 553,188,200,475,160,3 803 462,42 882 195,42 714 885,104,105,mistral_table,mistral_table,no
617,IGUATU,517,1 583,613,119 619,2 777 844,2 772 527,492,519,1 613,786,6 880 344,178 001 811,175 860 348,104,105,mistral_table,mistral_table,no
618,INDEPENDENCIA,146,291,44,16 799,191 668,188 211,102,104,254,75,1 071 254,10 686 596,10 663 836,104,105,mistral_table,mistral_table,no
619,IPAUMIRIM,89,180,25,10 901,190 120,187 437,49,51,120,22,750 297,7 930 564,7 930 564,104,105,mistral_table,mistral_table,no
620,IPU,135,234,47,8 763,201 119,195 566,123,134,326,112,5 152 755,45 869 878,45 554 418,104,105,mistral_table,mistral_table,no
621,IPUEIRAS,87,124,9,11 208,102 896,102 806,95,96,238,65,1 144 766,36 808 028,36 262 678,104,105,mistral_table,mistral_table,no
622,IRACEMA,78,124,15,4 998,85 428,84 990,88,94,206,54,1 175 829,12 318 364,12 246 832,104,105,mistral_table,mistral_table,no
623,IRAUÇUBA,50,94,21,5 386,47 870,47 870,85,88,210,84,903 526,6 191 026,6 123 026,104,105,mistral_table,mistral_table,no
624,ITAÇABA,22,43,5,1 813,18 727,18 662,17,18,44,8,185 644,1 522 576,1 522 576,104,105,mistral_table,mistral_table,no
625,ITAPAGE,134,265,85,14 425,240 275,239 975,171,178,513,219,2 614 410,34 175 228,34 028 498,104,105,mistral_table,mistral_table,no
626,ITAPIPOCA,201,455,136,28 794,451 705,447 214,194,198,519,227,3 865 525,44 955 033,44 625 728,104,105,mistral_table,mistral_table,no
627,ITAPIUNA,49,70,13,5 243,69 106,69 106,22,22,41,5,214 240,2 517 733,2 517 358,104,105,mistral_table,mistral_table,no
628,ITATIRA,70,107,16,8 305,50 120,49 736,38,39,60,17,341 330,2 639 550,2 621 550,106,107,mistral_table,mistral_table,no
629,,,,,,,,33,35,104,33,523 668,9 105 296,9 104 300,106,107,missing,mistral_table,yes
630,JAGUARIBARA,30,47,8,2 927,20 393,20 393,19,21,39,13,429 848,3 039 562,2 924 562,106,107,mistral_table,mistral_table,no
631,JAGUARIBE,120,291,65,19 565,500 250,499 832,141,143,394,133,1 807 436,35 096 961,35 085 510,106,107,mistral_table,mistral_table,no
632,JAGUARUANA,53,125,33,7 832,133 652,133 652,55,57,149,54,1 056 167,13 341 047,13 316 047,106,107,mistral_table,mistral_table,no
633,JARDIM,49,131,28,4 635,60 975,60 799,53,53,149,81,675 824,4 133 557,4 083 357,106,107,mistral_table,mistral_table,no
634,JATI,13,19,3,762,5 644,5 644,7,9,33,17,393 534,6 957 505,6 957 505,106,107,mistral_table,mistral_table,no
635,JUCAS,36,72,9,5 255,77 766,76 106,45,45,72,17,1 501 600,7 584 820,7 392 820,106,107,mistral_table,mistral_table,no
636,LAVRAS DA MANGABEIRA,113,207,22,16 166,112 830,111 988,92,97,187,36,1 472 501,9 774 450,9 762 250,106,107,mistral_table,mistral_table,no
637,LIMDEIRO DO NORTE,168,340,75,16 616,400 170,399 320,135,145,395,172,2 789 591,43 310 024,43 259 124,106,107,mistral_table,mistral_table,no
638,MARACANAU,-,-,-,-,-,-,467,487,1 477,678,21 129 754,253 494 954,253 441 254,106,107,mistral_table,mistral_table,no
639,MARANGUAPE,439,1 155,495,99 919,1 384 786,1 382 216,241,253,701,355,4 869 437,56 268 128,56 086 226,106,107,mistral_table,mistral_table,no
640,MARCO,44,108,20,8 119,300 831,300 271,119,121,366,158,2 974 913,29 655 012,28 411 272,106,107,mistral_table,mistral_table,no
641,MARTINOPOLE,20,30,6,3 636,13 507,13 467,46,47,99,35,1 046 114,7 282 021,7 282 021,106,107,mistral_table,mistral_table,no
642,MASSAPE,48,55,12,9 000,45 899,45 899,47,48,85,26,573 663,5 353 504,5 305 504,106,107,mistral_table,mistral_table,no
643,MAURITI,82,155,18,7 345,101 237,101 237,151,155,384,200,2 220 493,21 471 256,21 400 856,106,107,mistral_table,mistral_table,no
644,MERUOCA,8,14,1,1 103,11 475,11 419,2,2,(A),(A),(X),(A),(A),106,107,mistral_table,mistral_table,no
645,MILAGRES,54,157,57,9 477,134 885,134 825,109,115,335,169,2 056 620,34 146 287,34 101 809,106,107,mistral_table,mistral_table,no
646,MISSÃO VELHA,68,153,27,5 818,105 586,105 490,143,147,367,143,1 353 024,13 335 654,13 328 154,106,107,mistral_table,mistral_table,no
647,MOMBAÇA,165,399,151,34 907,447 844,446 834,150,155,363,132,3 108 761,30 773 265,30 759 265,106,107,mistral_table,mistral_table,no
648,MONSENHOR TABOSA,83,126,4,6 406,72 348,72 303,66,67,176,66,1 738 046,9 178 118,9 178 118,106,107,mistral_table,mistral_table,no
649,MORADA NOVA,231,572,153,38 568,790 494,789 566,247,259,664,267,4 545 429,49 836 365,49 003 554,106,107,mistral_table,mistral_table,no
650,MORAÚJO,10,14,1,205,2 012,2 012,9,9,14,5,178 490,1 414 079,1 391 039,106,107,mistral_table,mistral_table,no
651,MORRINHOS,23,49,2,985,11 847,11 697,65,65,182,72,943 263,5 152 769,5 105 269,106,107,mistral_table,mistral_table,no
652,MUCAMBO,33,59,1,3 933,27 311,27 239,25,26,38,9,307 603,3 147 944,3 147 744,106,107,mistral_table,mistral_table,no
653,MULUNGU,42,82,12,8 426,60 941,60 867,44,44,122,37,1 552 506,19 347 017,19 092 017,106,107,mistral_table,mistral_table,no
654,NOVA OLINDA,13,17,1,2 052,12 023,12 023,67,68,126,46,883 000,5 198 300,5 178 200,106,107,mistral_table,mistral_table,no
655,NOVA RUSSAS,140,272,61,23 206,269 239,269 089,175,182,520,257,8 827 920,66 888 113,66 279 113,106,107,mistral_table,mistral_table,no
656,NOVO ORIENTE,67,140,22,6 850,99 308,99 308,56,56,117,31,1 528 599,9 570 572,9 523 572,106,107,mistral_table,mistral_table,no
657,OROS,81,180,37,10 479,154 127,154 127,94,97,226,82,1 371 362,14 157 285,14 157 285,106,107,mistral_table,mistral_table,no
658,PACAJUS,138,302,64,32 312,388 098,385 165,163,166,434,177,5 306 514,62 771 365,61 848 452,106,107,mistral_table,mistral_table,no
659,PACATUBA,73,165,56,11 087,150 578,145 350,106,111,252,119,2 240 398,22 775 658,22 741 560,106,107,mistral_table,mistral_table,no
660,PACOTI,41,76,15,4 902,35 190,35 158,42,43,102,33,571 760,3 842 377,3 699 400,106,107,mistral_table,mistral_table,no
661,PACUJA,24,41,9,3 307,37 029,36 739,18,19,41,9,296 720,2 730 793,2 682 217,106,107,mistral_table,mistral_table,no
662,PALHANO,12,17,5,1 237,15 206,15 206,18,18,41,21,491 880,2 231 803,2 228 803,106,107,mistral_table,mistral_table,no
663,PALMACIA,50,93,10,5 152,46 291,46 291,31,31,68,27,468 172,3 543 344,3 377 474,106,107,mistral_table,mistral_table,no
664,PARACURU,69,126,31,9 768,134 347,134 260,147,150,356,153,4 267 411,31 729 909,31 272 009,106,107,mistral_table,mistral_table,no
665,PARAMBU,88,152,19,11 181,127 439,125 224,127,130,246,44,1 251 785,11 468 258,11 401 158,106,107,mistral_table,mistral_table,no
666,PARAMOTI,40,60,12,3 119,17 547,17 547,38,37,56,11,634 000,4 518 789,4 518 789,106,107,mistral_table,mistral_table,no
667,PEDRA BRANCA,114,246,55,14 734,184 765,184 180,102,104,259,79,1 325 750,13 230 906,13 145 906,106,107,mistral_table,mistral_table,no
668,PENAFORTE,19,37,6,1 575,21 491,21 491,13,18,61,22,403 728,5 581 104,5 561 768,106,107,mistral_table,mistral_table,no
669,PENTECOSTE,68,143,26,7 075,95 362,95 326,74,79,185,57,1 913 483,16 536 565,16 536 565,106,107,mistral_table,mistral_table,no
670,PEREIRO,29,44,8,4 213,46 722,46 658,34,35,68,15,999 248,6 596 746,6 593 060,106,107,mistral_table,mistral_table,no
671,PIQUET CARNEIRO,53,77,13,4 355,37 053,36 940,71,73,177,50,906 798,5 711 754,5 421 990,106,107,mistral_table,mistral_table,no
672,PORANGA,23,34,-,1 166,13 643,13 563,28,28,67,11,432 354,3 416 639,3 416 639,106,107,mistral_table,mistral_table,no
673,PORTEIRAS,21,42,1,1 240,5 081,9 081,66,67,211,88,617 790,6 782 016,6 705 716,108,109,mistral_table,mistral_table,no
674,POTENGI,28,47,6,3 798,52 753,52 753,35,35,82,23,659 867,3 729 499,3 673 999,108,109,mistral_table,mistral_table,no
675,QUIXADA,339,950,359,63 662,1 320 467,1 317 535,362,381,1 119,552,5 849 124,135 148 619,134 743 190,108,109,mistral_table,mistral_table,no
676,QUIXERAMOBIM,232,498,104,26 742,443 552,441 091,223,233,507,192,3 354 489,40 585 434,40 481 584,108,109,mistral_table,mistral_table,no
677,QUIXERE,58,113,18,3 750,31 256,31 256,39,39,79,23,256 601,4 601 082,4 601 082,108,109,mistral_table,mistral_table,no
678,REDENÇÃO,89,198,72,12 956,201 725,201 153,128,135,365,162,2 247 082,23 837 956,23 552 578,108,109,mistral_table,mistral_table,no
679,RERIUTABA,107,193,36,14 481,184 928,183 809,79,80,229,57,2 854 855,18 116 924,17 786 084,108,109,mistral_table,mistral_table,no
680,RUSSAS,198,536,190,39 093,897 936,896 323,186,200,580,268,2 851 013,123 924 175,123 521 551,108,109,mistral_table,mistral_table,no
681,SABOEIRO,59,120,3,5 480,40 878,40 878,39,39,63,12,135 335,2 149 330,2 123 830,108,109,mistral_table,mistral_table,no
682,SANTANA DO ACARAU,59,92,16,7 033,66 641,65 201,91,96,195,64,1 863 953,23 446 758,23 377 958,108,109,mistral_table,mistral_table,no
683,SANTANA DO CARIRI,42,72,6,1 563,16 547,19 547,95,97,217,83,571 400,5 403 876,5 182 926,108,109,mistral_table,mistral_table,no
684,SANTA QUITERIA,145,229,46,20 265,156 437,156 046,192,200,556,197,4 357 890,35 934 352,35 794 265,108,109,mistral_table,mistral_table,no
685,SÃO BENEDITO,97,228,44,18 894,360 558,350 921,160,169,442,225,5 255 202,39 267 872,39 008 172,108,109,mistral_table,mistral_table,no
686,SÃO GONÇALO DO AMARANTE,38,85,29,6 431,140 417,140 417,68,70,177,81,2 498 896,22 513 445,22 384 685,108,109,mistral_table,mistral_table,no
687,SÃO JOÃO DO JAGUARIBE,36,51,7,2 080,47 883,47 863,31,32,68,26,355 020,3 437 834,3 427 834,108,109,mistral_table,mistral_table,no
688,SÃO LUIS DO CURU,46,49,8,4 977,52 768,52 632,28,31,47,5,715 200,4 300 900,4 258 900,108,109,mistral_table,mistral_table,no
689,SENADOR POMPEU,154,357,83,22 635,394 621,393 014,128,134,319,90,1 341 868,21 073 425,20 064 796,108,109,mistral_table,mistral_table,no
690,SENADOR SA,9,11,-,1 198,6 199,5 879,6,6,12,1,117 609,644 934,634 934,108,109,mistral_table,mistral_table,no
691,SOLONOPOLE,112,242,26,11 572,110 666,110 666,123,124,208,30,751 255,8 720 714,8 676 714,108,109,mistral_table,mistral_table,no
692,TABULEIRO DO NORTE,78,202,97,13 354,409 538,409 538,104,113,292,127,2 247 040,32 913 393,32 847 410,108,109,mistral_table,mistral_table,no
693,TAMBORIL,53,85,-,4 416,35 511,34 459,39,41,63,13,611 660,4 387 588,4 379 588,108,109,mistral_table,mistral_table,no
694,TAUA,152,340,94,15 692,409 095,407 238,206,216,479,107,2 452 143,38 255 356,38 095 294,108,109,mistral_table,mistral_table,no
695,TIANGUA,87,204,63,27 024,357 327,351 837,235,241,614,293,6 276 134,37 881 836,37 800 806,108,109,mistral_table,mistral_table,no
696,TRAIRI,45,100,4,3 448,46 075,45 285,71,74,180,46,1 861 464,11 390 062,11 290 062,108,109,mistral_table,mistral_table,no
697,UBAJARA,62,170,65,15 228,220 001,219 122,70,72,189,86,1 661 620,53 420 384,53 330 159,108,109,mistral_table,mistral_table,no
698,UMARI,25,38,1,2 726,15 022,14 872,22,22,37,4,164 400,1 193 700,1 177 700,108,109,mistral_table,mistral_table,no
699,URUBURETAMA,76,162,45,8 507,138 902,138 273,132,139,336,158,2 458 287,20 997 576,20 687 326,108,109,mistral_table,mistral_table,no
700,URUOCA,27,32,2,2 909,8 926,8 429,67,67,138,69,184 290,2 935 138,2 935 138,108,109,mistral_table,mistral_table,no
701,VARZEA ALEGRE,71,203,69,16 656,203 035,198 539,191,192,467,243,2 572 962,19 041 462,19 010 462,108,109,mistral_table,mistral_table,no
702,VICOSA DO CEARA,53,89,28,7 165,98 345,98 345,95,98,319,146,1 805 447,22 281 989,22 241 989,108,109,mistral_table,mistral_table,no
703,RIO GRANDE DO NORTE,7 186,26 406,10 644,2 206 134,44 852 840,44 613 912,8 705,9 591,36 761,19 332,294 121 575,4 487 284 979,4 403 221 224,108,109,mistral_table,mistral_table,no
704,COMÉRCIO VAREJISTA,6 760,23 090,9 330,1 771 310,32 084 266,31 889 751,8 356,9 147,33 804,17 506,264 254 562,3 298 187 634,3 225 982 681,108,109,mistral_table,mistral_table,no
705,"PROD. ALIMENTÍCIOS, BEBIDAS E FUMO",3 566,7 540,869,436 683,4 453 299,4 406 149,4 464,4 576,10 906,3 386,66 792 044,532 907 884,523 979 439,108,109,mistral_table,mistral_table,no
706,"PROD. FARMACÊUTICOS, ODONT. E VETER",370,1 214,536,96 354,1 149 499,1 144 225,589,669,1 975,973,12 638 347,132 581 905,131 514 911,108,109,mistral_table,mistral_table,no
707,"TECÍDOS, VESTUÁRIO E ARMARINHO",996,3 900,2 101,274 463,3 178 742,3 175 062,1 281,1 436,5 713,3 505,36 678 972,335 205 353,334 130 270,108,109,mistral_table,mistral_table,no
708,MAQ. E APARELHOS ELETR. USO DOMEST,312,1 963,1 017,217 439,3 631 059,3 620 203,230,355,1 918,1 125,15 500 192,216 740 318,212 906 282,108,109,mistral_table,mistral_table,no
709,"FERRAGENS, MAT. ELETR. E ELETRÔNICO",326,1 557,737,143 905,2 650 966,2 643 393,464,511,2 293,1 271,16 802 456,250 920 448,245 781 945,108,109,mistral_table,mistral_table,no
710,"VEÍCULOS NOVOS E USADOS, PECAS",244,1 413,590,167 250,4 736 240,4 701 915,403,444,2 414,1 296,51 464 286,501 134 399,486 940 214,108,109,mistral_table,mistral_table,no
711,MAQ. E EQUIP. DE USO INDUSTRIAL,84,475,231,68 258,1 526 939,1 497 039,56,67,444,272,5 208 107,98 009 142,93 714 679,108,109,mistral_table,mistral_table,no
712,COMBUSTÍVEIS E LUBRIFICANTES,185,1 126,676,106 524,4 868 162,4 848 431,217,269,1 590,1 113,13 019 343,448 456 333,449 075 287,108,109,mistral_table,mistral_table,no
713,"PAPELARIAS, LIVRARIAS",116,421,182,39 510,371 507,370 920,137,151,536,311,4 236 260,42 092 593,41 369 323,108,109,mistral_table,mistral_table,no
714,MERC. EM GERAL - INC. ALIMENTÍCIOS,121,1 910,1 548,113 945,4 374 334,4 351 997,107,190,3 457,2 869,20 931 185,585 387 676,562 478 239,108,109,mistral_table,mistral_table,no
715,MERC. EM GERAL - EXC. ALIMENTÍCIOS,67,451,296,26 064,397 031,396 468,25,42,1 076,562,9 244 977,68 437 692,63 862 695,108,109,mistral_table,mistral_table,no
716,ARTIGOS DIVERSOS,249,959,525,75 727,716 961,704 431,324,376,1 326,753,10 252 336,78 428 961,76 620 495,108,109,mistral_table,mistral_table,no
717,ARTIGOS USADOS,24,51,22,5 188,29 527,29 517,59,59,156,68,1 486 075,7 884 930,7 428 902,108,109,mistral_table,mistral_table,no
718,COMÉRCIO ATACADISTA,363,2 675,1 262,330 484,12 768 574,12 724 161,349,420,2 766,1 825,28 166 991,1 189 097 345,1 177 238 543,108,109,mistral_table,mistral_table,no
719,PRODUTOS EXTRATIVOS E AGROPECUÁRIOS,41,181,66,29 275,1 184 736,1 184 377,59,63,232,127,2 338 798,37 112 639,37 000 139,108,109,mistral_table,mistral_table,no
720,"PROD. ALIMENTÍCIOS, BEBIDAS E FUMO",226,1 458,724,148 561,5 264 317,5 241 079,306,233,1 409,868,12 526 756,374 596 156,368 109 028,108,109,mistral_table,mistral_table,no
721,"PROD. FARMACÊUTICOS, ODONT. E VETER",21,276,142,34 787,760 022,758 553,21,38,362,244,4 202 712,126 230 378,125 692 595,108,109,mistral_table,mistral_table,no
722,"TECÍDOS, VESTUÁRIO E ARMARINHO",20,144,89,15 106,324 991,322 139,23,27,339,281,2 409 931,48 336 959,48 233 610,108,109,mistral_table,mistral_table,no
723,MAQ. E APARELHOS ELETR. USO DOMEST,3,(C),(C),(E),(B),(B),1,1,<BI,CBI,(XI,<AI,(A),108,109,mistral_table,pdf_text_layout,no
724,"FERRAGENS, MAT. ELETR. E ELETRÔNICO",15,74,43,10 365,225 910,219 876,10,14,145,105,1 714 259,64 982 575,64 980 529,108,109,mistral_table,mistral_table,no
725,"VEÍCULOS NOVOS E USADOS, PECAS",1,(C),(B),(E),(B),(B),3,3,25,20,189 758,6 554 498,6 554 498,108,109,mistral_table,mistral_table,no
726,MAQ. E EQUIP. DE USO INDUSTRIAL,6,115,36,20 453,179 957,174 732,,,,,,,,108,109,mistral_table,pdf_text_layout_partial,yes
727,COMBUSTÍVEIS E LUBRIFICANTES,8,48,43,17 517,4 450 799,4 448 650,2,9,75,62,2 180 766,454 427 931,454 298 280,108,109,mistral_table,mistral_table,no
728,"PAPELARIAS, LIVRARIAS",,,,,,,2,6,36,31,357 S23,11 230 349,",, 121 158",110,111,mistral_table_partial,pdf_text_layout,yes
729,MERC. EM GERAL - INC. ALIMENTICIOS,3,198,13,35 981,67 328,67 128,1,3,27,19,470 981,39 760 006,39 760 006,110,111,mistral_table,mistral_table,no
730,MERC. EM GERAL - EXC. ALIMENTICIOS,5,61,42,3 858,103 977,103 977,8,3,27,18,994 275,14 832 823,11 349 823,110,111,mistral_table,mistral_table,no
731,ARTIGOS DIVERSOS,5,52,23,6 956,74 087,71 160,8,8,34,19,2&4 151,4 466 386,4 466 386,110,111,mistral_table,pdf_text_layout,no
732,ARTIGOS USADOS,5,19,12,1 839,18 220,18 220,11,11,32,19,246 949,2 747 156,2 735 156,110,111,mistral_table,mistral_table,no
733,NATAL,2 484,13 234,6 596,1 299 226,27 111 130,26 972 916,2 604,3 067,17 776,10 922,172 099 450,2 830 869 S23,775 081 804.,110,111,mistral_table,pdf_text_layout,no
734,COMERCIO VAREJISTA,2 290,11 263,5 941,1 010 951,18 679 642,18 770 213,2 476,2 895,16 267,10 030,155 194 642,1 963 333 074,1 917 633 612,110,111,mistral_table,mistral_table,no
735,"PROD. ALIMENTICIOS, BEBIDAS E FUMO",1 008,2 163,290,150 391,1 344 646,1 333 435,1 034,1 083,2 724,689,19 553 929,168 418 644,164 094 056,110,111,mistral_table,mistral_table,no
736,"PROD. FARMACÊUTICOS, ODONT. E VETER",127,505,260,47 084,626 522,625 441,204,247,841,502,5 926 567,76 529 069,75 691 496,110,111,mistral_table,mistral_table,no
737,"TECIDOS, VESTUARIO E ARMARINHO",350,2 141,1 461,163 135,1 918 835,1 917 771,375,473,3 097,2 388,20 485 255,205 671 025,204 974 749,110,111,mistral_table,mistral_table,no
738,MAQ. E APARELHOS ELETR. USO DOMEST,153,1 207,624,149 093,2 213 656,2 205 693,101,163,1 134,707,9 422 865,140 265 677,137 379 509,110,111,mistral_table,mistral_table,no
739,"FERRAGENS, MAT. ELETR. E ELECTRONICO",155,984,515,100 214,1 924 747,1 920 664,192,210,1 353,832,10 838 307,169 649 583,165 620 292,110,111,mistral_table,mistral_table,no
740,"VEICULOS NOVOS E USADOS, PECAS",112,832,386,111 901,3 142 764,3 115 066,177,200,409,801,44 549 206,351 297 795,341 828 046,110,111,mistral_table,mistral_table,no
741,MAQ. E EQUIP. DE USO INDUSTRIAL,29,321,123,51 695,1 121 359,1 097 252,47,55,389,236,4 696 843,86 850 498,82 680 237,110,111,mistral_table,mistral_table,no
742,COMBUSTÍVEIS E LUBRIFICANTES,44,515,381,52 175,2 340 696,2 332 385,42,54,622,487,5 717 805,201 699 610,199 661 768,110,111,mistral_table,mistral_table,no
743,"PAPELARIAS, LIVRARIAS",75,283,119,31 279,282 209,281 932,85,95,344,216,3 175 525,29 582 493,29 329 632,110,111,mistral_table,mistral_table,no
744,MERC. EM GERAL - INC. ALIMENTICIOS,36,1 262,1 123,78 760,3 180 545,3 166 221,17,69,2 512,2 152,14 081 449,417 415 614,406 968 380,110,111,mistral_table,mistral_table,no
745,MERC. EM GERAL - EXC. ALIMENTICIOS,8,274,222,14 736,247 929,247 929,7,15,944,479,8 493 747,56 372 906,51 803 909,110,111,mistral_table,mistral_table,no
746,ARTIGOS DIVERSOS,174,727,421,58 857,514 987,505 691,161,198,808,501,7 166 094,53 350 977,51 973 275,110,111,mistral_table,mistral_table,no
747,ARTIGOS USADOS,19,49,16,3 631,20 743,20 733,33,33,90,40,1 087 050,6 059 963,5 628 263,110,111,mistral_table,mistral_table,no
748,COMERCIO ATACADISTA,158,1 420,619,204 336,8 231 488,8 202 703,128,159,1 343,891,15 374 607,867 536 449,857 448 192,110,111,mistral_table,mistral_table,no
749,PRODUTOS EXTRATIVOS E AGROPECUARIOS,10,76,30,15 212,537 735,537 735,9,10,46,24,344 512,4 114 345,4 078 345,110,111,mistral_table,mistral_table,no
750,"PROD. ALIMENTICIOS, BEBIDAS E FUMO",79,570,280,64 732,1 915 463,1 902 321,67,72,541,322,5 600 706,205 574 760,199 723 976,110,111,mistral_table,mistral_table,no
751,"PROD. FARMACÊUTICOS, ODONT. E VETER",16,205,98,26 460,589 250,588 504,16,22,259,189,2 826 750,72 375 188,71 853 608,110,111,mistral_table,mistral_table,no
752,"TECIDOS, VESTUARIO E ARMARINHO",17,94,50,11 995,227 349,224 537,13,15,185,149,1 486 988,27 354 878,27 251 529,110,111,mistral_table,mistral_table,no
753,MAQ. E APARELHOS ELETR. USO DOMEST,1,(B),(B),(A),(B),(B),1,1,(8},(8},(X),IA},(A),110,111,mistral_table,pdf_text_layout,no
754,"FERRAGENS, MAT. ELETR. E ELECTRONICO",8,58,37,8 020,190 090,187 456,5,8,106,74,1 291 312,48 624 459,48 622 911,110,111,mistral_table,mistral_table,no
755,"VEICULOS NOVOS E USADOS, PECAS",1,(C),(B),(A),(B),(B),1,1,(8},(8},IX},(A},IA},110,111,mistral_table,pdf_text_layout,no
756,MAQ. E EQUIP. DE USO INDUSTRIAL,3,79,29,15 535,149 616,144 391,,,,,,,,110,111,mistral_table,mistral_table_partial,yes
757,COMBUSTÍVEIS E LUBRIFICANTES,6,32,29,12 789,4 349 457,4 348 158,2,6,92,49,1 739 837,436 518 523,436 388 872,110,111,mistral_table,mistral_table,no
758,"PAPELARIAS, LIVRARIAS",4,17,10,2 392,82 598,82 596,1,5,31,27,335 123,10 498 349,10 389 158,110,111,mistral_table,mistral_table,no
759,MERC. EM GERAL - INC. ALIMENTICIOS,4,(F),(B),(A),(C),(C),1,2,(D),(C},IX),<El,!E l,110,111,mistral_table,pdf_text_layout,no
760,MERC. EM GERAL - EXC. ALIMENTICIOS,2,(C),(A),(A),(B),(B),,,,,,,,110,111,mistral_table,mistral_table_partial,yes
761,ARTIGOS DIVERSOS,4,48,20,6 710,64 287,61 360,6,6,24,12,184 311,3 980 681,3 980 681,110,111,mistral_table,mistral_table,no
762,ARTIGOS USADOS,5,19,12,1 839,18 220,18 220,6,6,20,13,129 749,2 330 167,2 330 167,110,111,mistral_table,mistral_table,no
763,MOSSORO,653,3 020,1 554,244 273,5 650 828,5 626 091,717,793,4 005,2 423,28 076 676,454 640 809,447 584 237,110,111,mistral_table,mistral_table,no
764,COMERCIO VAREJISTA,580,2 590,1 326,201 672,4 062 844,4 039 722,679,744,3 560,2 091,24 880 705,355 762 268,350 020 324,110,111,mistral_table,mistral_table,no
765,"VEICULOS NOVOS E USADOS, PECAS",45,289,109,28 034,864 039,864 039,60,64,461,262,3 376 928,80 599 235,76 655 474,110,111,mistral_table,mistral_table,no
766,COMBUSTÍVEIS E LUBRIFICANTES,12,124,66,10 893,521 674,518 997,17,23,211,151,383 863,46 800 183,46 370 428,110,111,mistral_table,mistral_table,no
767,MERC. EM GERAL - INC. ALIMENTICIOS,7,227,203,13 636,594 172,589 837,4,9,282,233,2 174 787,52 369 621,52 317 983,110,111,mistral_table,mistral_table,no
768,DEMAIS GÉMEROS,506,1 950,948,149 109,2 082 959,2 065 849,598,648,2 606,1 445,17 945 127,175 993 229,174 676 439,110,111,mistral_table,mistral_table,no
769,COMERCIO ATACADISTA,70,422,225,41 901,1 587 984,1 586 369,38,49,445,332,3 195 971,98 878 541,97 563 913,110,111,mistral_table,mistral_table,no
770,ACARI,31,70,27,3 539,79 265,79 031,43,46,149,69,801 245,5 748 359,5 622 084,110,111,mistral_table,mistral_table,no
771,AÇU,142,443,153,30 252,629 382,627 962,154,161,526,242,2 748 316,47 268 167,47 267 484,110,111,mistral_table,mistral_table,no
772,AFONSO BEZERRA,31,59,7,3 339,51 047,51 047,33,33,74,19,478 980,2 997 400,2 989 000,110,111,mistral_table,mistral_table,no
773,AQUA NOVA,3,3,-,114,1 374,1 362,3,3,4,1,17 120,56 300,47 800,110,111,mistral_table,mistral_table,no
774,ALEXANDRIA,47,78,16,5 882,75 442,73 652,76,82,165,33,772 358,9 883 475,9 793 925,110,111,mistral_table,mistral_table,no
775,ALMIMO AFONSO,17,34,6,1 782,15 821,15 821,28,29,59,16,608 379,3 554 033,3 534 033,110,111,mistral_table,mistral_table,no
776,ALTO DO RODRIGUES,14,32,-,788,5 845,5 765,23,28,87,34,529 513,14 205 360,14 204 360,110,111,mistral_table,mistral_table,no
777,ANGICOS,42,105,21,7 873,106 888,106 798,73,75,150,49,1 174 657,14 911 288,14 910 511,110,111,mistral_table,mistral_table,no
778,ANTONIO MARTINS,7,11,2,389,4 956,4 956,27,27,53,19,179 480,1 457 100,1 419 100,110,111,mistral_table,mistral_table,no
779,APODI,77,199,67,21 606,371 692,370 629,78,84,227,55,1 985 948,21 134 139,20 946 168,110,111,mistral_table,mistral_table,no
780,AREIA BRANCA,59,156,40,12 682,155 300,155 300,85,86,225,58,1 466 152,14 182 433,14 130 140,110,111,mistral_table,mistral_table,no
781,ARES,18,44,12,998,18 797,18 797,6,9,21,8,114 183,1 052 056,1 039 873,110,111,mistral_table,mistral_table,no
782,AUGUSTO SEVERO,26,48,6,2 829,26 011,25 713,52,54,140,68,615 752,4 344 077,4 344 077,110,111,mistral_table,mistral_table,no
783,BAIA FORMOSA,13,29,-,658,4 455,4 455,6,9,20,5,64 216,1 362 025,1 354 495,110,111,mistral_table,mistral_table,no
784,BARAUNA,-,-,-,-,-,-,20,22,50,14,304 324,2 485 078,2 477 478,110,111,mistral_table,mistral_table,no
785,BARCELONA,11,17,8,1 212,28 108,28 108,17,19,49,20,354 571,1 419 907,1 419 907,110,111,mistral_table,mistral_table,no
786,BENTO FERNANDES,4,7,-,86,2 154,2 112,,,,,,,,110,111,mistral_table,mistral_table_partial,yes
787,BOM JESUS,13,22,1,470,9 554,9 554,15,15,32,5,166 424,2 264 901,2 253 893,110,111,mistral_table,mistral_table,no
788,BREJINHO,11,29,6,1 236,21 882,21 882,11,11,31,4,296 684,2 749 591,2 685 091,110,111,mistral_table,mistral_table,no
789,CAIÇARA DO RIO DO VENTO,6,10,-,407,2 822,2 822,4,4,5,3,19 442,508 868,508 868,110,111,mistral_table,mistral_table,no
790,CAICO,222,816,359,54 324,1 265 197,1 263 278,253,273,1 056,643,7 415 234,120 527 922,119 726 214,110,111,mistral_table,mistral_table,no
791,CAMPO REDONDO,30,67,7,2 638,27 285,27 285,87,88,194,78,710 810,5 525 786,5 459 986,112,113,mistral_table,mistral_table,no
792,CANQUARETANA,39,90,21,4 100,112 235,111 592,54,57,180,58,723 524,19 742 874,19 575 274,112,113,mistral_table,mistral_table,no
793,CARAUBAS,66,149,37,9 456,147 997,147 154,122,125,285,110,1 699 317,16 104 437,16 086 437,112,113,mistral_table,mistral_table,no
794,CARNAUBA DOS DANTAS,24,62,4,3 051,27 770,27 770,27,28,75,10,314 307,5 067 625,5 067 625,112,113,mistral_table,mistral_table,no
795,CARNAUBAIS,13,56,-,12 937,5 178,5 178,18,19,47,21,219 748,1 794 751,1 791 733,112,113,mistral_table,mistral_table,no
796,CEARA-MIRIM,91,341,120,22 395,623 904,623 844,107,118,400,217,2 562 756,59 732 260,59 672 961,112,113,mistral_table,mistral_table,no
797,CERRO CORA,19,43,5,1 656,26 813,26 730,16,18,39,11,193 215,2 233 704,2 231 704,112,113,mistral_table,mistral_table,no
798,CORONEL EZEQUIEL,9,22,-,869,6 500,6 500,47,48,102,52,896 820,4 520 906,4 509 706,112,113,mistral_table,mistral_table,no
799,CORONEL JOÃO PESSOA,6,6,1,268,1 613,1 148,12,12,25,8,125 100,1 414 675,1 371 575,112,113,mistral_table,mistral_table,no
800,CRUZETA,31,71,15,4 199,52 217,51 986,43,45,104,40,803 960,4 838 165,4 819 165,112,113,mistral_table,mistral_table,no
801,CURRAIS NOVOS,201,652,233,53 345,1 459 173,1 440 539,178,198,660,290,3 768 741,86 996 780,86 184 478,112,113,mistral_table,mistral_table,no
802,DOUTOR SEVERIANO,9,9,-,158,2 627,2 572,10,11,22,5,143 800,783 000,779 000,112,113,mistral_table,mistral_table,no
803,EDUARDO GOMES,98,365,111,39 529,1 128 096,1 126 407,122,144,456,242,3 370 813,88 413 634,82 001 405,112,113,mistral_table,mistral_table,no
804,ENCANTO,10,25,4,1 651,11 423,11 423,13,13,31,5,60 178,497 882,497 882,112,113,mistral_table,mistral_table,no
805,EQUADOR,23,45,5,1 436,14 447,14 447,14,15,28,7,168 000,1 115 950,1 115 950,112,113,mistral_table,mistral_table,no
806,ESPIRITO SANTO,8,14,1,617,4 696,4 600,6,6,11,3,88 274,540 442,536 952,112,113,mistral_table,mistral_table,no
807,EXTREMOZ,13,30,-,1 854,7 583,7 471,14,14,30,2,221 228,1 551 785,1 501 985,112,113,mistral_table,mistral_table,no
808,FELIPE GUERRA,12,19,1,877,8 280,8 280,11,11,16,1,161 036,1 356 556,1 356 556,112,113,mistral_table,mistral_table,no
809,FLORANIA,32,52,6,3 530,69 637,69 316,30,34,92,21,380 340,3 971 733,3 845 933,112,113,mistral_table,mistral_table,no
810,FRANCISCO DANTAS,7,9,-,366,1 562,1 536,8,10,19,10,58 866,517 900,450 500,112,113,mistral_table,mistral_table,no
811,FRUTUOSO GOMES,12,20,2,1 786,11 133,11 011,26,27,58,24,348 016,3 161 800,3 102 600,112,113,mistral_table,mistral_table,no
812,GALINHOS,-,-,-,-,-,-,1,1,(A),(A),(X),(A),(A),112,113,mistral_table,mistral_table,no
813,GOIANINHA,32,81,12,6 666,113 795,113 795,49,50,136,53,839 877,15 941 928,15 633 159,112,113,mistral_table,mistral_table,no
814,GOVERNADOR DIX-SEPT ROSADO,25,41,5,2 639,30 238,30 022,20,20,35,11,496 100,3 341 500,3 334 500,112,113,mistral_table,mistral_table,no
815,GROSSOS,19,38,4,2 199,19 944,19 940,8,9,25,9,146 409,1 028 926,1 028 821,112,113,mistral_table,mistral_table,no
816,GUAMARE,9,17,2,729,2 401,2 181,12,17,41,23,428 883,22 299 022,22 289 022,112,113,mistral_table,mistral_table,no
817,IELMO MARINHO,10,16,-,401,4 587,4 544,17,17,57,18,769 536,2 488 964,2 055 593,112,113,mistral_table,mistral_table,no
818,IPANGUACU,14,23,2,1 431,9 199,9 183,48,48,106,40,268 742,4 468 953,4 443 813,112,113,mistral_table,mistral_table,no
819,IPUEIRA,-,-,-,-,-,-,6,7,13,7,40 275,264 646,254 646,112,113,mistral_table,mistral_table,no
820,ITAU,21,54,8,2 744,108 309,108 309,23,28,60,20,743 556,4 316 281,4 256 281,112,113,mistral_table,mistral_table,no
821,JAÇANÁ,15,23,1,1 076,15 795,15 795,52,93,126,55,604 194,3 948 154,3 925 154,112,113,mistral_table,mistral_table,no
822,JANDAIRA,5,13,1,980,12 630,12 630,3,4,6,2,47 802,519 551,516 708,112,113,mistral_table,mistral_table,no
823,JANDUIS,18,33,5,804,14 593,14 593,37,38,83,40,726 300,3 484 700,3 400 500,112,113,mistral_table,mistral_table,no
824,JANUARIO CICCO,23,76,14,1 071,12 713,12 537,12,13,46,14,151 200,2 447 400,2 437 400,112,113,mistral_table,mistral_table,no
825,JAPI,14,31,-,540,3 569,3 569,39,40,82,41,405 630,1 460 382,1 418 992,112,113,mistral_table,mistral_table,no
826,JARDIM DE ANGICOS,2,(A),(A),(X),(A),(A),3,3,4,2,14 400,302 798,302 798,112,113,mistral_table,mistral_table,no
827,JARDIM DE PIRANHAS,17,35,7,1 359,24 965,24 935,66,67,189,95,1 126 537,14 379 031,14 376 031,112,113,mistral_table,mistral_table,no
828,JARDIM DO SERIDO,55,161,51,9 060,118 567,117 787,60,66,176,75,981 643,12 200 427,12 050 514,112,113,mistral_table,mistral_table,no
829,JOÃO CAMARA,85,237,67,18 150,369 796,368 473,83,91,267,110,1 357 711,26 772 009,26 625 096,112,113,mistral_table,mistral_table,no
830,JOÃO DIAS,1,(A),(A),(X),(A),(A),1,1,(A),(A),(X),(A),(A),112,113,mistral_table,mistral_table,no
831,JOSE DA PENHA,17,26,-,1 049,7 488,7 488,17,18,39,12,102 721,718 889,710 889,112,113,mistral_table,mistral_table,no
832,JUCURUTU,42,89,19,2 851,68 199,68 199,100,101,243,128,1 466 626,11 586 193,11 570 693,112,113,mistral_table,mistral_table,no
833,LAGOA D'ANTA,5,10,-,242,2 229,2 229,2,2,(A),(A),(X),(A),(A),112,113,mistral_table,mistral_table,no
834,LAGOA DE PEDRAS,7,19,5,930,28 066,28 066,10,11,26,3,186 390,1 623 287,1 623 287,112,113,mistral_table,mistral_table,no
835,LAGOA DE VELHOS,4,10,-,505,5 070,5 070,11,12,37,12,171 030,1 048 929,1 022 709,112,113,mistral_table,mistral_table,no
836,LAGOA NOVA,20,39,3,1 688,27 960,27 960,18,21,28,7,170 879,2 485 979,2 485 979,114,115,mistral_table,mistral_table,no
837,LAGOA SALGADA,15,46,6,1 760,19 390,18 996,12,13,23,3,269 086,2 210 759,2 210 759,114,115,mistral_table,mistral_table,no
838,LAJES,36,93,26,5 978,69 812,69 704,43,43,106,48,487 908,7 466 199,7 052 757,114,115,mistral_table,mistral_table,no
839,LAJES PINTADAS,11,18,2,1 726,15 130,15 130,16,16,50,19,273 450,1 772 019,1 772 019,114,115,mistral_table,mistral_table,no
840,LUCRECIA,9,17,-,864,6 473,6 473,25,25,64,26,132 400,1 396 000,1 378 000,114,115,mistral_table,mistral_table,no
841,LUIS GOMES,24,47,4,2 427,22 149,22 048,32,39,70,19,279 594,2 305 023,2 255 323,114,115,mistral_table,mistral_table,no
842,MACAIBA,108,285,39,15 069,185 706,185 706,110,124,364,110,2 212 250,36 655 626,30 500 682,114,115,mistral_table,mistral_table,no
843,MACAU,148,381,95,29 801,394 146,380_037,142,149,366,113,1 715 744,27 782 721,27 721 319,114,115,mistral_table,mistral_table,no
844,MARCELINO VIEIRA,22,34,2,1 484,18 657,18 657,21,24,39,10,218 018,1 181 214,1 181 214,114,115,mistral_table,mistral_table,no
845,MARTINS,38,80,14,11 264,108 741,106 233,44,48,100,39,556 741,3 722 692,3 711 192,114,115,mistral_table,mistral_table,no
846,MAXARANGUAPE,8,12,-,722,6 618,6 618,40,40,81,33,389 653,3 412 654,3 382 654,114,115,mistral_table,mistral_table,no
847,MESSIAS TARGINO,12,30,3,419,5 673,5 673,14,14,39,16,699 000,2 512 000,2 331 000,114,115,mistral_table,mistral_table,no
848,MONTANHAS,36,85,5,3 976,26 923,26 667,21,22,51,14,408 916,2 728 982,2 724 844,114,115,mistral_table,mistral_table,no
849,MONTE ALEGRE,18,46,1,1 645,11 669,11 668,25,26,51,9,278 138,2 399 862,2 388 162,114,115,mistral_table,mistral_table,no
850,MONTE DAS GAMELEIRAS,1,(A),(A),(X),(A),(A),4,4,9,-,33 600,198 550,160 600,114,115,mistral_table,mistral_table,no
851,NISIA FLORESTA,31,72,9,1 563,22 836,22 123,32,34,75,6,442 526,5 543 769,5 543 769,114,115,mistral_table,mistral_table,no
852,NOVA CRUZ,117,317,116,22 534,572 208,571 538,147,155,481,206,3 591 483,34 870 338,34 846 976,114,115,mistral_table,mistral_table,no
853,OLHO-D'AQUA DO BORGES,9,10,-,582,4 113,4 113,18,18,48,18,209 781,1 625 872,1 606 872,114,115,mistral_table,mistral_table,no
854,OURO BRANCO,19,37,4,983,9 098,9 098,16,18,39,10,356 593,1 799 130,1 799 130,114,115,mistral_table,mistral_table,no
855,PARANA,4,7,-,370,2 800,2 800,3,4,5,2,24 300,178 840,178 840,114,115,mistral_table,mistral_table,no
856,PARAU,15,18,-,1 754,7 135,7 135,17,17,31,11,269 900,1 462 600,1 422 900,114,115,mistral_table,mistral_table,no
857,PARAZINHO,11,20,3,1 947,24 973,24 682,8,8,13,2,82 226,1 088 235,1 088 235,114,115,mistral_table,mistral_table,no
858,PARELHAS,71,192,57,8 261,166 833,166 833,122,129,317,134,2 724 836,26 409 796,25 793 739,114,115,mistral_table,mistral_table,no
859,PASSA E FICA,11,20,2,773,7 227,7 227,7,7,13,2,130 800,2 473 971,2 473 971,114,115,mistral_table,mistral_table,no
860,PASSAGEM,3,10,-,265,2 380,2 290,4,4,8,-,59 000,313 540,296 540,114,115,mistral_table,mistral_table,no
861,PATU,47,127,33,8 442,145 736,145 718,53,60,180,79,876 377,13 264 963,13 264 963,114,115,mistral_table,mistral_table,no
862,PAU DOS FERROS,142,297,104,20 371,464 621,459 327,198,210,555,232,4 926 556,47 544 106,46 471 113,114,115,mistral_table,mistral_table,no
863,PEDRA GRANDE,5,12,2,900,6 267,6 150,5,5,7,2,15 232,225 810,225 810,114,115,mistral_table,mistral_table,no
864,PEDRA PRETA,2,(A),(A),(X),(A),(A),5,6,8,2,23 920,200 194,199 698,114,115,mistral_table,mistral_table,no
865,PEDRO AVELINO,20,45,9,2 151,29 201,29 201,48,50,132,56,629 982,5 446 938,5 434 904,114,115,mistral_table,mistral_table,no
866,PEDRO VELHO,19,40,3,1 991,11 001,11 001,21,23,53,12,209 520,2 281 705,2 252 933,114,115,mistral_table,mistral_table,no
867,PENDENCIAS,27,57,1,3 827,39 482,36 717,87,69,164,67,661 974,12 623 962,12 620 762,114,115,mistral_table,mistral_table,no
868,PILÕES,3,6,-,230,610,610,5,5,9,-,39 200,226 500,226 500,114,115,mistral_table,mistral_table,no
869,POCO BRANCO,12,24,1,1 264,12 972,12 972,19,19,40,20,208 504,1 576 799,1 576 799,114,115,mistral_table,mistral_table,no
870,PORTALEGRE,20,30,1,1 299,9 476,9 339,21,23,42,4,240 739,2 464 847,2 464 659,114,115,mistral_table,mistral_table,no
871,PRESIDENTE JUSCELINO,14,17,1,2 186,20 991,20 991,15,15,42,12,224 844,2 173 035,2 014 685,114,115,mistral_table,mistral_table,no
872,PUREZA,10,26,-,824,10 717,10 717,7,7,13,-,45 720,467 602,467 602,114,115,mistral_table,mistral_table,no
873,RAFAEL FERNANDES,8,8,-,558,2 084,1 973,11,11,21,10,281 315,582 690,582 690,114,115,mistral_table,mistral_table,no
874,RAFAEL GODEIRO,8,17,2,938,7 025,7 025,12,12,32,8,103 830,1 582 114,1 582 114,114,115,mistral_table,mistral_table,no
875,RIACHO DA CRUZ,5,6,-,980,2 870,2 520,3,3,6,-,33 400,211 200,211 200,114,115,mistral_table,mistral_table,no
876,RIACHO DE SANTANA,10,14,-,297,2 558,2 478,8,9,13,2,56 803,319 368,291 368,114,115,mistral_table,mistral_table,no
877,RIACHUELO,14,27,4,1 144,24 926,24 890,5,7,17,7,64 273,1 363 814,1 362 114,114,115,mistral_table,mistral_table,no
878,RODOLFO FERNANDES,11,18,2,1 927,16 895,16 474,16,17,25,6,266 937,2 584 569,2 584 569,114,115,mistral_table,mistral_table,no
879,RUY BARBOSA,9,12,3,515,5 306,5 306,17,19,45,22,153 113,1 782 044,1 737 544,114,115,mistral_table,mistral_table,no
880,SANTA CRUZ,100,263,66,16 012,249 913,249 212,179,186,543,251,3 060 408,23 715 474,23 505 076,114,115,mistral_table,mistral_table,no
881,SANTANA DO MATOS,15,44,18,2 540,60 666,60 666,78,80,180,77,1 459 648,8 583 721,8 480 721,116,117,mistral_table,mistral_table,no
882,SANTANA DO SERIDO,2,(A),(A),(X),(A),(A),5,5,5,-,38 000,176 607,176 607,116,117,mistral_table,mistral_table,no
883,SANTO ANTONIO,52,165,42,9 523,230 881,230 185,49,56,171,74,1 635 627,17 673 678,17 555 400,116,117,mistral_table,mistral_table,no
884,SÃO BENTO DO NORTE,19,39,1,1 944,22 092,22 092,34,34,68,21,245 394,3 679 758,3 619 358,116,117,mistral_table,mistral_table,no
885,SÃO BENTO DO TRAIRI,3,9,-,220,2 010,1 980,14,14,32,15,163 042,491 316,449 716,116,117,mistral_table,mistral_table,no
886,SÃO FERNANDO,2,(A),(A),(X),(A),(A),5,5,11,6,58 114,592 307,592 307,116,117,mistral_table,mistral_table,no
887,SÃO FRANCISCO DO GESTE,7,11,-,658,4 303,4 188,13,13,25,9,271 200,1 404 241,1 404 241,116,117,mistral_table,mistral_table,no
888,SÃO GONÇALO DO AMARANTE,51,132,30,10 606,169 137,168 806,65,70,192,66,1 103 115,15 953 765,15 863 385,116,117,mistral_table,mistral_table,no
889,SÃO JOÃO DO SABUGI,16,36,14,1 144,20 866,20 836,18,20,63,33,266 385,2 126 696,2 123 696,116,117,mistral_table,mistral_table,no
890,SÃO JOSE DE MIPIBU,81,207,56,12 481,244 306,243 182,77,81,194,53,1 661 009,23 632 953,23 500 437,116,117,mistral_table,mistral_table,no
891,SÃO JOSE DO CAMPESTRE,45,108,20,7 776,101 292,98 764,51,52,100,40,775 117,8 867 063,8 800 913,116,117,mistral_table,mistral_table,no
892,SÃO JOSE DO SERIDO,7,17,2,1 056,4 371,4 371,8,8,20,12,151 800,2 594 500,2 576 300,116,117,mistral_table,mistral_table,no
893,SÃO MIGUEL,93,206,36,10 589,168 345,165 350,135,145,349,102,2 663 225,22 217 427,22 173 167,116,117,mistral_table,mistral_table,no
894,SÃO PAULO DO POTENGI,38,104,47,6 315,175 103,174 540,76,93,230,115,989 777,16 661 674,16 624 520,116,117,mistral_table,mistral_table,no
895,SÃO PEDRO,9,17,5,753,13 657,13 657,11,11,44,17,149 695,843 509,814 709,116,117,mistral_table,mistral_table,no
896,SÃO RAFAEL,16,31,-,2 259,23 514,23 514,15,15,34,2,112 534,847 180,1 823 950,116,117,mistral_table,mistral_table,no
897,SÃO TOME,33,69,15,3 040,57 322,57 225,39,42,100,28,407 460,4 620 555,4 564 555,116,117,mistral_table,mistral_table,no
898,SÃO VICENTE,20,25,1,1 475,16 536,15 660,20,22,43,8,424 656,3 240 766,3 240 766,116,117,mistral_table,mistral_table,no
899,SENADOR ELOI DE SOUZA,-,-,-,-,-,-,2,2,(B),(A),(X),(A),(A),116,117,mistral_table,mistral_table,no
900,SENADOR GEORGINO AVELINO,1,(A),(A),(X),(A),(A),2,2,(A),(A),(X),(A),(A),116,117,mistral_table,mistral_table,no
901,SERRA DE SÃO BENTO,11,19,-,904,5 106,4 750,12,13,36,13,134 600,1 063 320,1 063 320,116,117,mistral_table,mistral_table,no
902,SERRA NEGRA DO NORTE,16,31,5,1 419,23 597,23 400,23,25,68,32,245 818,3 031 172,3 015 052,116,117,mistral_table,mistral_table,no
903,SERINHA,7,16,4,1 792,24 021,24 021,9,9,24,5,239 302,1 417 512,1 410 968,116,117,mistral_table,mistral_table,no
904,SEVERIANO MELO,19,33,6,1 246,12 485,12 485,21,24,52,14,488 248,3 987 439,3 903 439,116,117,mistral_table,mistral_table,no
905,SITIO NOVO,6,12,-,394,5 062,5 062,21,22,73,22,350 510,2 049 445,2 028 635,116,117,mistral_table,mistral_table,no
906,TABOLEIRO GRANDE,1,(A),(A),(X),(A),(A),2,2,(A),(A),(X),(A),(A),116,117,mistral_table,mistral_table,no
907,TAIPU,10,22,-,1 334,5 955,5 955,27,27,55,27,339 512,3 210 302,3 152 302,116,117,mistral_table,mistral_table,no
908,TANGARA,24,49,1,4 305,22 812,22 785,13,14,37,12,270 564,3 259 711,3 195 382,116,117,mistral_table,mistral_table,no
909,TENENTE ANANIAS,31,47,6,2 817,34 967,34 967,27,28,49,6,425 326,3 130 821,3 120 821,116,117,mistral_table,mistral_table,no
910,TIBAU DO SUL,12,22,-,769,3 796,3 796,14,14,31,7,98 280,1 323 253,1 252 053,116,117,mistral_table,mistral_table,no
911,TIMBAUBA DOS BATISTAS,4,10,-,383,2 695,2 660,3,4,10,7,39 640,684 727,684 727,116,117,mistral_table,mistral_table,no
912,TOUROS,20,45,-,4 164,9 890,9 890,73,73,165,72,674 471,9 651 480,9 620 280,116,117,mistral_table,mistral_table,no
913,UMARIZAL,39,110,39,6 381,154 999,152 349,54,63,147,67,777 622,14 092 225,14 073 502,116,117,mistral_table,mistral_table,no
914,UPANEMA,21,45,12,3 607,39 466,38 994,14,15,33,5,58 508,1 484 734,1 464 734,116,117,mistral_table,mistral_table,no
915,VARZEA,12,31,1,1 764,14 439,14 433,17,17,34,7,320 610,1 716 335,1 713 835,116,117,mistral_table,mistral_table,no
916,VERA CRUZ,31,56,-,1 356,7 519,7 176,25,26,64,7,242 266,2 793 278,2 769 814,116,117,mistral_table,mistral_table,no
917,VICOSA,3,5,-,200,942,942,1,1,(A),(A),(X),(A),(A),116,117,mistral_table,mistral_table,no
918,VILA FLOR,2,(B),(A),(X),(A),(A),2,3,4,2,14 716,244 225,244 225,116,117,mistral_table,mistral_table,no
919,PARAÍBA,12 759,37 538,12 475,2 451 026,56 466 457,56 175 642,10 327,11 216,40 419,19 825,247 630 535,5 182 921 544,5 137 360 810,116,117,mistral_table,mistral_table,no
920,COMERCIO VAREJISTA,12 277,34 143,10 982,2 108 585,39 057 870,38 808 347,9 904,10 659,36 380,17 461,214 952 734,3 562 214 262,3 525 857 085,116,117,mistral_table,mistral_table,no
921,"PROD. ALIMENTÍCIOS, BEBIDAS E FUMO",7 793,14 991,1 169,666 381,6 809 025,6 767 374,5 298,5 418,12 810,3 273,62 270 128,574 372 533,570 890 159,116,117,mistral_table,mistral_table,no
922,"PROD. FARMACÊUTICOS, ODONT. E VETER",512,1 555,602,104 938,1 350 086,1 343 366,706,766,2 253,961,12 424 795,142 330 537,141 231 334,116,117,mistral_table,mistral_table,no
923,"TECIDOS, VESTUÁRIO E ARMARINHO",1 668,5 355,2 505,330 443,3 693 394,3 686 898,573,1 717,6 414,3 604,37 597 788,382 153 049,381 423 033,116,117,mistral_table,mistral_table,no
924,MAG. E APARELHOS ELETR. USO DOMEST,421,1 879,820,163 461,3 110 649,3 095 432,268,397,1 876,1 094,12 407 633,190 039 650,188 753 185,116,117,mistral_table,mistral_table,no
925,"FERRAGENS, MAT. ELETR. E ELETRÔNICO",504,2 001,906,151 920,3 315 730,3 276 341,570,617,2 392,1 237,14 632 087,272 790 797,269 934 625,116,117,mistral_table,mistral_table,no
926,"VEÍCULOS NOVOS E USADOS, PECAS",313,1 781,695,178 390,5 660 766,5 582 000,417,461,2 630,1 493,22 765 229,613 330 585,594 046 064,116,117,mistral_table,mistral_table,no
927,MAG. E EQUIP. DE USO INDUSTRIAL,51,434,183,72 366,1 200 635,1 186 545,61,75,459,266,4 598 057,122 827 954,119 271 437,116,117,mistral_table,mistral_table,no
928,COMBUSTÍVEIS E LUBRIFICANTES,309,1 594,929,130 664,6 137 353,6 129 561,276,337,1 878,1 300,14 360 213,556 104 533,554 445 823,116,117,mistral_table,mistral_table,no
929,"PAPELARIAS, LIVRARIAS",89,397,207,29 409,295 942,295 713,COM SEDE,ESTABELE-,85,458 319,2 746 815,32 557 648,31 644 034,118,119,mistral_table,mistral_table,no
930,MERC. EM GERAL - INC. ALIMENTICIOS,134,2 140,1 802,144 812,5 522 866,5 496 956,,,,,,,,118,119,mistral_table,pdf_text_layout_partial,yes
931,MERC. EM GERAL - EXC. ALIMENTICIOS,100,867,674,60 589,911 146,910 676,20,34,001,922,5 •32 677,114 195 398,113 950 282,118,119,mistral_table,pdf_text_layout,no
932,ARTIGOS DIVERSOS,339,1 024,436,66 225,987 396,974 985,4<7,496,SOS,7'6,6 933 894,63 S40 067,82 61 s 686,118,119,mistral_table,pdf_text_layout,no
933,ARTIGOS USADOS,44,105,52,6 987,62 680,62 500,96,96,247,107,1 706 821,7 223 396,7 189 729,118,119,mistral_table,pdf_text_layout,no
934,COMERCIO ATACADISTA,445,2 860,1 464,280 384,17 406 567,17 367 295,,,,,,,,118,119,mistral_table,missing,yes
935,PRODUTOS EXTRATIVOS E AGROPECUARIOS,42,191,51,25 940,554 074,552 536,,,,,,,,118,119,mistral_table,missing,yes
936,"PROD. ALIMENTICIOS, BEBIDAS E FUMO",276,1 586,847,122 371,7 972 461,7 959 053,,,,,,,,118,119,mistral_table,pdf_text_layout_partial,yes
937,"PROD. FARMACÑO, ODONT. E VETER",16,227,133,21 036,597 359,590 461,,,,,,,,118,119,mistral_table,pdf_text_layout_partial,yes
938,"TECIDOS, VESTUARIO E ARMARINHO",30,201,136,14 692,661 127,680 798,,,,,,,,118,119,mistral_table,pdf_text_layout_partial,yes
939,MAG. E APARELHOS ELETR. USO DOMEST,3,31,15,4 656,77 645,77 645,3,4,32,18 280,'70,6 •26 506,6 36S 970,118,119,mistral_table,pdf_text_layout,no
940,"FERRAGENS, MAT. ELETR. E ELECTRONICO",25,206,85,17 740,594 206,592 734,32,35,292,167,063 206,110 027 86'3,109 539 12g,118,119,mistral_table,pdf_text_layout,no
941,"VEICULOS NOVOS E USADOS, PECAS",7,38,10,4 667,146 428,145 979,,,,,,,,118,119,mistral_table,missing,yes
942,MAG. E EQUIP. DE USO INDUSTRIAL,4,(D),(B),(X),(C),(C),2,3,16,1s,276 154,lS 299 079,16 296 6S4,118,119,mistral_table,pdf_text_layout,no
943,COMBUSTIVEIS E LUBRIFICANTES,10,92,42,14 096,6 010 005,5 995 724,,,,,,,,118,119,mistral_table,pdf_text_layout_partial,yes
944,"PAPELARIAS, LIVRARIAS",3,27,14,2 483,113 312,112 313,3,3,23,19,186 108,s 878 491,s 832 460,118,119,mistral_table,pdf_text_layout,no
945,MERC. EM GERAL - INC. ALIMENTICIOS,5,54,36,6 309,173 824,173 032,,,,,,,,118,119,mistral_table,missing,yes
946,MERC. EM GERAL - EXC. ALIMENTICIOS,7,139,86,20 860,316 993,316 706,,,,,,,,118,119,mistral_table,pdf_text_layout_partial,yes
947,ARTIGOS DIVERSOS,11,32,17,3 103,90 505,89 635,,,,,,,,118,119,mistral_table,pdf_text_layout_partial,yes
948,ARTIGOS USADOS,2,(B),(A),(X),(A),(A),,,,,,,,118,119,mistral_table,missing,yes
949,JOÃO PESSOA,1 913,9 186,4 879,754 035,17 192 924,17 094 781,1 567,1 678,10 627,6 613,70 689 237,1 486 334 329,1 472 03S 282,118,119,mistral_table,pdf_text_layout,no
950,COMERCIO VAREJISTA,832,8 453,4 481,657 356,13 421 520,13 336 759,,,,,,,,118,119,mistral_table,missing,yes
951,"PROD. ALIMENTICIOS, BEBIDAS E FUMO",854,1 753,215,111 943,1 276 415,1 263 598,,,,,,,,118,119,mistral_table,pdf_text_layout_partial,yes
952,"PROD. FARMACÑO, ODONT. E VETER",73,349,187,30 466,427 724,423 039,,,,,,,,118,119,mistral_table,missing,yes
953,"TECIDOS, VESTUARIO E ARMARINHO",307,1 620,1065,111 266,1 295 842,1 293 667,,,,,,,,118,119,mistral_table,missing,yes
954,MAG. E APARELHOS ELETR. USO DOMEST,137,696,327,63 801,1 088 326,1 081 934,,,,,,,,118,119,mistral_table,missing,yes
955,"FERRAGENS, MAT. ELETR. E ELECTRONICO",139,680,307,64 027,1 539 748,1 534 042,,,,,,,,118,119,mistral_table,missing,yes
956,"VEICULOS NOVOS E USADOS, PECAS",79,592,274,63 668,1 842 743,1 822 713,,,,,,,,118,119,mistral_table,missing,yes
957,MAG. E EQUIP. DE USO INDUSTRIAL,25,247,113,34 212,571 928,559 428,,,,,,,,118,119,mistral_table,missing,yes
958,COMBUSTIVEIS E LUBRIFICANTES,44,334,241,28 147,1 577 213,1 574 765,,,,,,,,118,119,mistral_table,pdf_text_layout_partial,yes
959,"PAPELARIAS, LIVRARIAS",32,203,110,15 331,143 906,143 874,,,,,,,,118,119,mistral_table,missing,yes
960,MERC. EM GERAL - INC. ALIMENTICIOS,19,968,916,85 278,2 856 061,2 842 875,,,,,,,,118,119,mistral_table,pdf_text_layout_partial,yes
961,MERC. EM GERAL - EXC. ALIMENTICIOS,8,569,527,41 510,437 870,437 622,,,,,,,,118,119,mistral_table,pdf_text_layout_partial,yes
962,ARTIGOS DIVERSOS,109,407,195,26 999,359 671,357 329,,,,,,,,118,119,mistral_table,pdf_text_layout_partial,yes
963,ARTIGOS USADOS,6,15,4,706,3,873,16,18,47,18,346 821,957 486,957 486,118,119,mistral_table,pdf_text_layout,no
964,COMERCIO ATACADISTA,63,610,389,65 594,3 771 404,3 756 022,,,,,,,,118,119,mistral_table,missing,yes
965,PRODUTOS EXTRATIVOS E AGROPECUARIOS,,,,,,,,,,,,,,118,119,mistral_table_partial,missing,yes
966,"PROD. ALIMENTICIOS, BEBIDAS E FUMO",39,340,234,32 924,1 604 529,1 592 067,22,21,139,71,1 012 S4S,31 633 90S,31 443 319,118,119,mistral_table,pdf_text_layout,no
967,"PROD. FARMACÑO, ODONT. E VETER",5,80,44,6 562,229 103,229 103,5,6,76,44,61 9 94 s,1 9 682 467,19 682 467,118,119,mistral_table,pdf_text_layout,no
968,"TECIDOS, VESTUARIO E ARMARINHO",3,14,10,886,46 577,46 577,2,5,1 61,15S,630 057,12 272 906,12 272 906,118,119,mistral_table,pdf_text_layout,no
969,MAG. E APARELHOS ELETR. USO DOMEST,,,,,,,1,1,ICI,IBl,IX),IB),18),118,119,mistral_table_partial,pdf_text_layout,yes
970,"FERRAGENS, MAT. ELETR. E ELECTRONICO",2,56,24,4 472,101 490,100 359,4,6,40,35,264 984,47 766 349,47 7SO 917,118,119,mistral_table,pdf_text_layout,no
971,"VEICULOS NOVOS E USADOS, PECAS",1,(C),(A),(X),(D),(D),1,1,IA),IA),IX),IA),IA),118,119,mistral_table,pdf_text_layout,no
972,MAG. E EQUIP. DE USO INDUSTRIAL,1,(A),(A),(X),(A),(A),,,,,,,,118,119,mistral_table,missing,yes
973,COMBUSTIVEIS E LUBRIFICANTES,3,20,15,2 794,1 475 441,1 473 632,,,,,,,,118,119,mistral_table,pdf_text_layout_partial,yes
974,"PAPELARIAS, LIVRARIAS",1,(C),(B),(X),(C),(C),,,,,,,,118,119,mistral_table,missing,yes
975,MERC. EM GERAL - EXC. ALIMENTICIOS,1,(E),(E),(X),(D),(D),,,,,,,,118,119,mistral_table,pdf_text_layout_partial,yes
976,ARTIGOS DIVERSOS,1,(A),(A),(X),(A),(A),,,,,,,,118,119,mistral_table,pdf_text_layout_partial,yes
977,ARTIGOS USADOS,,,,,,,,,,,,,,118,119,mistral_table_partial,pdf_text_layout_partial,yes
978,CAMPINA GRANDE,1 590,7 289,3 519,575 846,15 994 732,15 873 609,1 591,1 763,8 714,041,58 940 318,1 Sl 1 739 663,1 493 646 82•,118,119,mistral_table,pdf_text_layout,no
979,COMERCIO VAREJISTA,1 437,6 115,2 959,467 188,10 068 021,9 949 322,,,,,,,,118,119,mistral_table,pdf_text_layout_partial,yes
980,"VEICULOS NOVOS E USADOS, PECAS",69,672,233,71 866,2 552 033,2 499 919,,,,,,,,118,119,mistral_table,pdf_text_layout_partial,yes
981,COMBUSTIVEIS E LUBRIFICANTES,44,396,194,24 721,1 325 557,1 324 355,,,,,,,,118,119,mistral_table,pdf_text_layout_partial,yes
982,MERC. EM GERAL - INC. ALIMENTICIOS,16,549,507,44 954,1 415 996,1 404 375,,,,,,,,118,119,mistral_table,pdf_text_layout_partial,yes
983,DEMAIS GENEROS,1 306,4 596,2 025,325 647,4 774 435,4 720 673,,,,,,,,118,119,mistral_table,pdf_text_layout_partial,yes
984,COMERCIO ATACADISTA,142,1 077,560,94 356,5 926 711,5 924 287,,,,,,,,118,119,mistral_table,missing,yes
985,AGUA BRANCA,19,48,7,1 814,24 027,23 927,19,19,5S,17,183 004,1 826 695,1 802 69S,118,119,mistral_table,pdf_text_layout,no
986,AGUIAR,28,47,2,3 934,46 245,42 990,,,,,,,,118,119,mistral_table,pdf_text_layout_partial,yes
987,ALAGOA GRANDE,71,195,43,12 000,162 649,162 589,,,,,,,,118,119,mistral_table,missing,yes
988,ALAGOA NOVA,96,180,5,5 373,42 406,42 406,,,,,,,,118,119,mistral_table,pdf_text_layout_partial,yes
989,ALAGOINHA,38,65,-,4 810,51 550,50 550,31,32,90,18 441,7.49,4 049 172,• 018 690,118,119,mistral_table,pdf_text_layout,no
990,ALHANDRA,36,96,5,3 132,56 733,56 659,27,29,85,27,S2S 832,8 099 205,097 682,118,119,mistral_table,pdf_text_layout,no
991,ANTENOR NAVARRO,106,195,15,6 950,92 569,92 526,77,78,162,37,610 32S,6S6 847,6 6•2 0.7,118,119,mistral_table,pdf_text_layout,no
992,ARACAGI,53,97,5,3 058,34 987,34 907,,,,,,,,118,119,mistral_table,pdf_text_layout_partial,yes
993,ARARA,55,133,20,5 681,269 831,269 671,36,38,98,24,464 120,593 438,S62 826,118,119,mistral_table,pdf_text_layout,no
994,ARARUNA,67,147,10,3 534,57 408,56 659,S4,56,146,36,468 962,4 S86 072,4 551 032,118,119,mistral_table,pdf_text_layout,no
995,AREIA,61,143,41,10 431,151 019,151 019,49,5S,165,43,967 OS6,15 892 530,1 5 837 650,118,119,mistral_table,pdf_text_layout,no
996,AREIAL,,,,,,,,,,,,,,118,119,mistral_table_partial,pdf_text_layout_partial,yes
997,AROEIRAS,129,238,8,5 073,56 122,56 042,,,,,,,,118,119,mistral_table,pdf_text_layout_partial,yes
998,BAIA DA TRAIÇÃO,,,,,,,,,,,,,,118,119,mistral_table_partial,pdf_text_layout_partial,yes
999,BANANEIRAS,67,152,17,5 127,34 314,34 161,31,33,78,17,589 435,3 683 879,3 682 120,120,121,mistral_table,mistral_table,no
1000,BARRA DE SANTA ROSA,54,76,-,2 004,42 587,42 577,35,37,84,18,96 875,3 249 750,3 200 590,120,121,mistral_table,mistral_table,no
1001,BARRA DE SÃO MIGUEL,15,34,-,1 821,13 575,13 575,4,4,6,1,73 000,377 000,377 000,120,121,mistral_table,mistral_table,no
1002,BAYEUX,233,888,153,94 143,1 517 539,1 515 372,198,217,1 126,346,8 854 634,231 660 636,228 939 275,120,121,mistral_table,mistral_table,no
1003,BELEM,77,174,13,8 017,178 997,178 956,76,77,173,73,909 075,11 515 294,11 509 294,120,121,mistral_table,mistral_table,no
1004,BELEM DO BREJO DO CRUZ,23,35,2,3 281,17 314,16 287,16,17,34,7,250 256,2 998 246,2 998 246,120,121,mistral_table,mistral_table,no
1005,BOA VENTURA,29,34,-,798,6 102,6 102,25,26,56,15,276 700,2 063 730,2 020 730,120,121,mistral_table,mistral_table,no
1006,BOM JESUS,3,5,-,157,665,650,3,3,4,1,20 400,42 000,42 000,120,121,mistral_table,mistral_table,no
1007,BOM SUCESSO,23,30,5,801,9 592,9 424,10,11,27,12,189 176,992 775,992 775,120,121,mistral_table,mistral_table,no
1008,BONITO DE SANTA FE,44,71,10,3 763,41 411,41 266,23,24,78,26,357 666,3 037 498,3 037 498,120,121,mistral_table,mistral_table,no
1009,BOQUEIRÃO,100,204,20,11 323,133 244,132 368,50,52,101,31,584 601,6 372 146,6 295 270,120,121,mistral_table,mistral_table,no
1010,BOQUEIRÃO DOS COCHOS,24,45,-,2 963,19 108,19 108,20,20,41,3,351 000,1 599 747,1 599 747,120,121,mistral_table,mistral_table,no
1011,BORBOREMA,16,35,-,943,5 024,5 024,10,10,25,3,201 000,721 121,721 121,120,121,mistral_table,mistral_table,no
1012,BREJO DO CRUZ,45,79,14,7 929,51 233,49 727,25,29,45,12,501 979,3 842 666,3 842 666,120,121,mistral_table,mistral_table,no
1013,BREJO DOS SANTOS,28,49,4,1 819,32 019,32 019,16,19,47,14,263 843,2 240 779,2 240 779,120,121,mistral_table,mistral_table,no
1014,CAAPORA,18,35,4,1 604,19 027,19 012,10,10,28,11,217 480,2 716 645,2 715 325,120,121,mistral_table,mistral_table,no
1015,CABACEIRAS,39,54,2,3 353,22 718,22 418,27,27,47,10,332 933,2 384 212,2 322 581,120,121,mistral_table,mistral_table,no
1016,CABEDELO,124,435,205,41 353,4 267 170,4 248 927,76,88,464,279,4 369 626,461 738 983,460 288 816,120,121,mistral_table,mistral_table,no
1017,CACHOEIRA DOS INDIOS,31,49,-,1 600,14 995,14 943,19,19,35,9,182 244,1 447 632,1 428 632,120,121,mistral_table,mistral_table,no
1018,CACIMBA DE AREIA,6,8,-,237,1 231,1 231,7,7,16,5,35 660,223 200,218 400,120,121,mistral_table,mistral_table,no
1019,CACIMBA DE DENTRO,71,105,-,3 735,55 957,55 147,33,33,91,43,630 129,5 177 306,5 177 306,120,121,mistral_table,mistral_table,no
1020,CAIÇARA,63,99,1,9 141,30 181,30 181,18,18,38,10,295 845,1 514 861,1 513 627,120,121,mistral_table,mistral_table,no
1021,CAJAZEIRAS,343,907,370,65 319,1 414 335,1 413 501,312,343,1 074,607,6 107 572,142 688 916,142 453 281,120,121,mistral_table,mistral_table,no
1022,CALDAS BRANDÃO,18,37,3,1 128,44 830,44 785,13,14,33,6,152 802,3 428 190,3 428 190,120,121,mistral_table,mistral_table,no
1023,CAMALAU,15,35,1,1 024,4 542,4 542,20,20,48,4,174 600,3 100 056,3 099 648,120,121,mistral_table,mistral_table,no
1024,CARRAPATEIRA,11,19,2,498,3 366,3 366,6,6,15,3,8 400,45 473,45 473,120,121,mistral_table,mistral_table,no
1025,CATINGUEIRA,19,23,1,1 367,6 801,6 791,6,6,11,3,50 800,208 872,208 872,120,121,mistral_table,mistral_table,no
1026,CATOLE DO ROCHA,151,416,141,23 788,513 738,513 072,108,121,376,191,1 724 351,39 203 659,39 125 659,120,121,mistral_table,mistral_table,no
1027,CONCEIÇÃO,141,231,51,12 131,168 296,168 296,91,98,281,114,2 475 778,13 857 314,13 651 914,120,121,mistral_table,mistral_table,no
1028,CONDADO,23,49,2,1 983,19 834,19 714,7,7,9,2,96 000,628 605,621 405,120,121,mistral_table,mistral_table,no
1029,CONDE,11,29,4,1 008,19 701,19 701,7,8,22,9,60 284,1 622 493,1 607 493,120,121,mistral_table,mistral_table,no
1030,CONGO,10,22,1,806,4 306,4 306,14,14,29,8,110 560,599 400,599 400,120,121,mistral_table,mistral_table,no
1031,COREMAS,85,132,3,12 101,133 594,133 594,74,77,177,55,1 264 322,8 091 504,8 091 504,120,121,mistral_table,mistral_table,no
1032,CRUZ DO ESPIRITO SANTO,44,79,-,1 256,18 380,18 340,41,41,75,17,259 574,2 692 900,2 692 710,120,121,mistral_table,mistral_table,no
1033,CUBATI,47,67,4,5 127,57 987,57 987,23,23,52,15,269 214,2 915 203,2 915 203,120,121,mistral_table,mistral_table,no
1034,CUITE,95,266,36,13 163,194 454,194 443,72,74,216,84,1 241 065,14 193 484,14 110 154,120,121,mistral_table,mistral_table,no
1035,CUITEGI,3,7,1,220,1 100,1 100,,,,,,,,120,121,mistral_table,pdf_text_layout_partial,yes
1036,CURRAL VELHO,8,10,-,212,1 720,1 720,7,7,10,3,91 940,393 500,393 500,120,121,mistral_table,mistral_table,no
1037,DESTERRO,41,109,15,2 841,51 485,51 485,36,36,85,43,228 270,3 154 938,3 144 034,120,121,mistral_table,mistral_table,no
1038,DESTERRO DE MALTA,12,13,-,582,4 041,4 041,5,5,9,3,106 500,567 500,550 000,120,121,mistral_table,mistral_table,no
1039,DIAMANTE,21,39,6,2 696,11 340,11 340,18,19,31,13,276 900,1 488 300,1 488 000,120,121,mistral_table,mistral_table,no
1040,DONA INES,17,35,-,1 049,5 349,5 349,15,15,40,10,312 320,1 557 059,1 557 059,120,121,mistral_table,mistral_table,no
1041,DUAS ESTRADAS,53,107,7,4 243,43 143,43 078,35,36,106,39,372 167,3 700 355,3 688 355,120,121,mistral_table,mistral_table,no
1042,EMAS,8,13,-,518,2 795,2 795,4,4,7,2,55 200,333 580,333 580,120,121,mistral_table,mistral_table,no
1043,ESPERANÇA,107,286,90,17 451,487 269,486 875,88,96,347,147,1 852 930,36 494 054,36 339 696,120,121,mistral_table,mistral_table,no
1044,FAGUNDES,20,44,1,1 508,13 373,13 373,23,23,42,5,189 826,1 189 243,1 170 453,122,123,mistral_table,mistral_table,no
1045,FREI MARTINHO,4,9,-,194,1 102,1 102,9,9,19,1,119 000,398 720,396 000,122,123,mistral_table,mistral_table,no
1046,GUARABIRA,325,1 097,424,58 401,1 602 764,1 595 911,302,320,1 133,587,5 767 161,101 237 048,100 236 019,122,123,mistral_table,mistral_table,no
1047,GURINHEM,62,104,8,2 569,21 914,21 668,37,40,89,15,336 639,3 068 561,2 906 231,122,123,mistral_table,mistral_table,no
1048,GURJÃO,23,33,8,1 415,19 818,19 818,21,21,46,7,186 850,2 116 510,2 116 510,122,123,mistral_table,mistral_table,no
1049,IBIARA,48,85,6,4 420,52 862,52 588,26,26,47,8,437 500,4 148 800,4 133 800,122,123,mistral_table,mistral_table,no
1050,IMACULADA,21,33,-,2 348,18 283,18 252,7,7,13,3,40 890,402 000,402 000,122,123,mistral_table,mistral_table,no
1051,INGA,91,191,11,7 952,93 111,92 821,58,61,120,19,470 098,5 988 837,5 914 944,122,123,mistral_table,mistral_table,no
1052,ITABAIANA,126,405,86,15 054,466 916,466 373,134,141,420,181,2 033 786,31 513 987,31 409 368,122,123,mistral_table,mistral_table,no
1053,ITAPORANGA,124,259,49,22 427,378 505,378 435,110,114,278,79,2 424 919,22 777 630,22 618 845,122,123,mistral_table,mistral_table,no
1054,ITAPORÔROCA,55,88,4,3 027,40 396,40 358,14,14,37,5,249 800,1 421 000,1 421 000,122,123,mistral_table,mistral_table,no
1055,ITATUBA,38,60,5,1 597,13 074,13 074,26,26,78,17,329 317,2 935 506,2 774 926,122,123,mistral_table,mistral_table,no
1056,JACARAU,66,123,9,4 973,64 509,64 329,31,31,60,21,192 000,1 206 650,1 206 650,122,123,mistral_table,mistral_table,no
1057,JERICO,39,62,2,1 827,36 970,36 970,29,30,45,5,91 919,1 971 120,1 971 120,122,123,mistral_table,mistral_table,no
1058,JUAREZ TÁVORA,15,63,-,870,5 573,5 463,17,18,55,16,98 815,1 351 269,1 331 269,122,123,mistral_table,mistral_table,no
1059,JUAZEIRINHO,80,120,8,5 767,74 143,74 143,61,63,136,35,620 017,6 356 451,6 356 451,122,123,mistral_table,mistral_table,no
1060,JUNCO DO SERIDO,24,69,7,2 026,43 214,42 732,14,15,48,12,139 744,3 301 903,3 282 903,122,123,mistral_table,mistral_table,no
1061,JURIPIRANGA,19,47,3,817,14 807,14 807,25,26,65,31,93 801,2 257 758,2 244 758,122,123,mistral_table,mistral_table,no
1062,JURU,14,31,-,665,6 292,6 292,17,18,49,13,187 146,1 327 605,1 269 605,122,123,mistral_table,mistral_table,no
1063,LAGOA,10,13,1,693,7 079,7 079,6,6,10,-,39 100,200 695,200 695,122,123,mistral_table,mistral_table,no
1064,LAGOA DE DENTRO,54,80,5,2 121,13 763,13 368,36,36,90,22,351 890,3 200 230,3 198 230,122,123,mistral_table,mistral_table,no
1065,LAGOA SECA,28,59,5,3 622,38 275,38 125,21,21,50,8,432 863,4 046 596,4 046 596,122,123,mistral_table,mistral_table,no
1066,LASTRO,9,17,3,926,4 610,4 610,2,2,(A),(A),(X),(A),(A),122,123,mistral_table,mistral_table,no
1067,LIVRAMENTO,15,21,1,1 375,12 938,12 738,19,30,60,21,452 979,3 618 077,3 369 077,122,123,mistral_table,mistral_table,no
1068,LUCENA,30,64,7,1 718,24 974,24 744,11,12,27,6,88 140,2 100 283,2 099 707,122,123,mistral_table,mistral_table,no
1069,MÃE D'AGUA,15,19,-,942,3 945,3 945,9,9,10,1,126 400,861 000,86 000,122,123,mistral_table,mistral_table,no
1070,MALTA,24,31,2,2 065,17 507,17 507,12,12,23,5,216 850,1 772 114,1 767 114,122,123,mistral_table,mistral_table,no
1071,MAMANGUAPE,186,413,56,18 685,289 539,289 211,134,141,381,162,1 957 286,37 367 875,37 311 113,122,123,mistral_table,mistral_table,no
1072,MANAIRA,30,51,2,1 299,14 622,14 526,19,19,39,10,282 679,1 669 082,1 669 082,122,123,mistral_table,mistral_table,no
1073,MARI,79,136,16,6 037,73 353,73 196,53,59,162,70,810 047,10 980 631,10 966 359,122,123,mistral_table,mistral_table,no
1074,MASSARANCUBA,12,26,-,713,5 491,5 491,4,4,6,1,22 062,116 520,116 520,122,123,mistral_table,mistral_table,no
1075,MATARACA,14,26,3,1 129,10 355,10 301,10,10,20,4,378 400,2 414 750,2 404 750,122,123,mistral_table,mistral_table,no
1076,MOGEIRO,55,127,17,2 270,20 092,20 082,29,30,56,12,122 433,1 805 647,1 805 647,122,123,mistral_table,mistral_table,no
1077,MONTADAS,9,15,1,478,2 450,2 450,11,11,26,7,68 490,521 524,485 974,122,123,mistral_table,mistral_table,no
1078,MONTE HOREBE,18,18,-,1 029,8 481,8 469,9,9,27,4,132 600,656 000,656 000,122,123,mistral_table,mistral_table,no
1079,MONTEIRO,152,381,91,25 277,170 794,168 063,172,175,484,178,2 081 243,23 700 033,23 699 715,122,123,mistral_table,mistral_table,no
1080,MULUNGU,41,70,7,1 924,28 491,28 428,64,65,139,68,885 879,5 843 230,5 766 730,122,123,mistral_table,mistral_table,no
1081,NATUBA,34,46,6,1 206,9 668,8 659,23,23,42,7,88 257,654 532,654 532,122,123,mistral_table,mistral_table,no
1082,NAZAREZINHO,15,29,1,2 081,15 722,15 722,10,10,19,1,35 549,691 841,691 841,122,123,mistral_table,mistral_table,no
1083,NOVA FLORESTA,34,94,7,4 254,46 232,46 132,36,38,105,32,490 645,5 532 609,5 526 609,122,123,mistral_table,mistral_table,no
1084,NOVA OLINDA,12,23,-,825,11 933,11 133,12,12,23,4,181 000,877 390,877 390,122,123,mistral_table,mistral_table,no
1085,NOVA PALMEIRA,13,26,-,547,2 805,2 805,8,8,16,1,80 400,480 000,480 000,122,123,mistral_table,mistral_table,no
1086,OLHO D'AGUA,35,75,1,2 091,21 112,20 259,14,14,30,4,220 400,1 230 310,1 230 310,122,123,mistral_table,mistral_table,no
1087,OLIVEDOS,7,14,2,191,3 732,3 732,6,6,9,2,45 000,391 200,390 000,122,123,mistral_table,mistral_table,no
1088,OURO VELHO,8,20,-,580,3 177,3 177,7,7,15,2,97 000,282 000,282 000,122,123,mistral_table,mistral_table,no
1089,PASSAGEM,7,8,-,344,2 896,2 893,,,,,,,,124,125,mistral_table,mistral_table_partial,yes
1090,PATOS,598,1 691,679,108 063,2 602 848,2 597 499,505,570,1 846,1 019,9 522 564,202 838 024,201 925 412,124,125,mistral_table,mistral_table,no
1091,PAULISTA,29,68,1,2 534,18 313,18 313,23,25,56,9,283 980,2 099 749,2 091 749,124,125,mistral_table,mistral_table,no
1092,PEDRA BRANCA,9,10,-,301,2 606,2 606,7,7,7,-,40 800,342 150,342 150,124,125,mistral_table,mistral_table,no
1093,PEDRA LAVRADA,26,45,1,2 248,16 194,16 194,13,13,31,10,227 000,1 921 013,1 921 013,124,125,mistral_table,mistral_table,no
1094,PEDRAS DE FOGO,37,70,8,1 685,21 467,21 467,38,38,112,37,209 077,2 218 429,2 177 355,124,125,mistral_table,mistral_table,no
1095,PIANCO,88,195,30,8 875,165 508,163 752,87,94,210,61,1 364 871,19 371 835,19 366 035,124,125,mistral_table,mistral_table,no
1096,PIGUI,110,222,12,5 758,82 475,82 473,75,79,210,67,870 052,12 443 229,12 435 629,124,125,mistral_table,mistral_table,no
1097,PILAR,41,86,10,2 520,30 404,30 245,26,27,72,22,223 945,4 598 439,4 413 439,124,125,mistral_table,mistral_table,no
1098,PILÕES,20,39,3,858,10 757,10 757,14,15,37,9,121 495,1 650 555,1 650 355,124,125,mistral_table,mistral_table,no
1099,PILÕEZINHOS,5,17,-,210,1 030,1 030,11,11,27,12,125 524,585 336,582 836,124,125,mistral_table,mistral_table,no
1100,PIRPIRITUBA,36,100,4,6 902,40 172,40 172,19,22,65,28,342 026,2 887 093,2 885 293,124,125,mistral_table,mistral_table,no
1101,PITIMBU,30,63,1,2 040,14 780,14 775,20,20,52,2,230 930,3 320 400,3 320 400,124,125,mistral_table,mistral_table,no
1102,POCINHOS,44,102,11,5 023,90 673,90 251,20,20,64,31,381 858,3 986 409,3 981 409,124,125,mistral_table,mistral_table,no
1103,POMBAL,186,421,85,19 548,596 568,596 198,175,186,501,204,2 033 604,44 669 286,44 567 881,124,125,mistral_table,mistral_table,no
1104,PRATA,12,30,1,1 361,13 384,13 384,17,18,44,17,96 215,1 450 202,1 450 202,124,125,mistral_table,mistral_table,no
1105,PRINCESA ISABEL,52,88,9,4 337,76 057,76 050,53,54,113,34,650 456,7 893 690,7 794 315,124,125,mistral_table,mistral_table,no
1106,PUXINANA,17,37,2,2 105,9 803,9 803,7,7,15,5,153 099,1 141 549,1 141 549,124,125,mistral_table,mistral_table,no
1107,QUEIMADAS,44,100,5,2 976,45 603,45 453,30,30,59,9,164 070,1 898 699,1 895 499,124,125,mistral_table,mistral_table,no
1108,QUIXABA,3,4,-,206,1 020,934,1,1,(A),(A),(X),(A),(A),124,125,mistral_table,mistral_table,no
1109,REMIGIO,54,131,14,7 684,41 272,41 272,54,55,123,44,401 616,3 881 060,3 861 534,124,125,mistral_table,mistral_table,no
1110,RIACHO DOS CAVALOS,30,43,4,1 462,18 748,17 183,21,22,46,14,115 241,1 378 734,1 376 926,124,125,mistral_table,mistral_table,no
1111,RIO TINTO,134,267,50,11 321,186 060,185 466,93,102,296,98,1 944 831,21 444 364,21 443 548,124,125,mistral_table,mistral_table,no
1112,SALGADINHO,4,9,-,104,700,700,2,2,(A),(A),(X),(A),(A),124,125,mistral_table,mistral_table,no
1113,SALGADO DE SÃO FELIX,28,53,4,1 162,17 956,17 872,20,22,57,20,160 203,2 252 643,2 250 758,124,125,mistral_table,mistral_table,no
1114,SANTA CRUZ,36,57,5,3 038,21 371,21 250,23,24,33,4,178 230,1 152 687,1 152 687,124,125,mistral_table,mistral_table,no
1115,SANTA HELENA,21,30,3,717,9 750,9 659,12,12,24,-,123 800,724 785,724 215,124,125,mistral_table,mistral_table,no
1116,SANTA LUZIA,109,243,61,12 280,210 756,210 066,70,82,229,98,872 500,13 335 282,13 296 802,124,125,mistral_table,mistral_table,no
1117,SANTANA DE MANGUEIRA,19,47,4,3 117,20 805,20 805,12,12,25,1,197 783,1 453 000,1 453 000,124,125,mistral_table,mistral_table,no
1118,SANTANA DOS GARROTES,32,45,4,2 257,13 184,12 824,21,21,29,3,228 800,1 295 908,1 295 908,124,125,mistral_table,mistral_table,no
1119,SANTA RITA,218,546,103,36 996,906 504,902 977,287,295,925,241,4 931 108,84 930 503,84 664 822,124,125,mistral_table,mistral_table,no
1120,SANTA TERESINHA,9,21,4,388,3 210,3 210,7,7,19,6,100 065,414 424,414 424,124,125,mistral_table,mistral_table,no
1121,SÃO BENTO,47,77,18,6 305,142 983,142 983,57,63,152,82,1 419 776,56 546 599,56 289 986,124,125,mistral_table,mistral_table,no
1122,SÃO JOÃO DO CARIRI,28,37,3,1 617,13 234,13 234,15,18,40,3,258 494,1 167 398,1 147 398,124,125,mistral_table,mistral_table,no
1123,SÃO JOÃO DO TIGRE,9,20,-,784,2 730,2 730,15,15,34,13,235 500,1 133 000,1 133 000,124,125,mistral_table,mistral_table,no
1124,SÃO JOSE DA LAGOA TAPADA,36,60,-,4 549,27 866,27 866,22,22,65,22,459 161,2 092 898,2 092 898,124,125,mistral_table,mistral_table,no
1125,SÃO JOSE DE CAIANA,9,18,-,1 790,7 080,7 080,8,8,8,-,243 000,420 000,420 000,124,125,mistral_table,mistral_table,no
1126,SÃO JOSE DE ESPINHARAS,22,31,7,1 368,11 036,11 036,3,4,7,4,29 700,345 715,345 715,124,125,mistral_table,mistral_table,no
1127,SÃO JOSE DE PIRANAS,95,151,7,7 358,68 408,68 408,52,56,149,34,481 428,4 589 909,4 589 909,124,125,mistral_table,mistral_table,no
1128,SÃO JOSE DO BONFIM,1,(A),(A),(X),(A),(A),6,6,15,7,40 350,250 700,250 700,124,125,mistral_table,mistral_table,no
1129,SÃO JOSE DO SABUGI,28,54,8,1 558,18 193,17 716,11,11,23,4,91 774,1 199 141,1 199 141,124,125,mistral_table,mistral_table,no
1130,SÃO JOSE DOS CORDEIROS,14,33,3,723,7 636,7 636,13,15,45,13,275 800,2 288 244,2 228 244,124,125,mistral_table,mistral_table,no
1131,SÃO MAMEDE,26,49,8,2 613,34 454,33 389,35,36,106,45,409 622,6 313 591,6 300 606,124,125,mistral_table,mistral_table,no
1132,SÃO MIGUEL DE TAIPU,17,36,4,1 093,7 642,7 508,24,25,74,17,86 037,1 214 993,1 214 993,124,125,mistral_table,mistral_table,no
1133,SÃO SEBASTIÃO DE LAGOA DE ROÇA,13,27,-,1 068,4 441,4 441,8,8,19,3,100 840,460 400,450 400,124,125,mistral_table,mistral_table,no
1134,SÃO SEBASTIÃO DO UMBUZEIRO,26,60,5,2 287,11 064,11 064,10,10,24,6,126 760,755 253,755 253,126,127,mistral_table,mistral_table,no
1135,SAPE,201,553,95,20 004,434 064,433 693,119,136,444,224,3 531 827,43 709 040,43 709 040,126,127,mistral_table,mistral_table,no
1136,SERIDO,26,37,1,1 376,8 855,8 855,17,17,57,21,546 700,2 475 602,2 470 712,126,127,mistral_table,mistral_table,no
1137,SERRA BRANCA,62,156,16,6 163,72 015,72 015,76,76,169,53,2 022 457,10 984 792,10 982 192,126,127,mistral_table,mistral_table,no
1138,SERRA DA RAIZ,11,23,-,809,3 291,3 291,12,12,37,12,187 850,811 400,763 400,126,127,mistral_table,mistral_table,no
1139,SERRA GRANDE,7,15,3,910,5 300,5 300,8,8,8,-,222 000,676 000,676 000,126,127,mistral_table,mistral_table,no
1140,SERRA REDONDA,36,79,11,1 777,14 137,14 137,32,32,59,3,257 220,1 313 240,1 309 460,126,127,mistral_table,mistral_table,no
1141,SERRARIA,41,65,1,1 560,12 702,12 702,24,24,69,12,295 167,2 535 541,2 535 541,126,127,mistral_table,mistral_table,no
1142,SOLANEA,127,304,36,11 781,121 530,121 182,102,110,309,96,1 678 680,16 667 536,16 485 378,126,127,mistral_table,mistral_table,no
1143,SOLEDADE,34,60,16,4 526,92 989,92 989,35,36,94,39,995 873,3 216 286,3 200 196,126,127,mistral_table,mistral_table,no
1144,SOUSA,486,1 330,359,71 568,1 612 870,1 610 144,354,381,1 205,561,6 537 244,130 569 859,129 564 299,126,127,mistral_table,mistral_table,no
1145,SUME,65,130,36,8 568,145 223,145 223,79,83,187,67,637 597,11 110 389,11 110 389,126,127,mistral_table,mistral_table,no
1146,TACIMA,31,32,-,2 144,9 902,9 800,16,16,46,7,145 173,1 307 496,1 307 496,126,127,mistral_table,mistral_table,no
1147,TAPEROA,50,108,23,6 831,91 518,91 039,53,57,144,47,1 315 760,9 630 098,9 628 898,126,127,mistral_table,mistral_table,no
1148,TAVARES,60,107,11,3 802,76 878,76 878,42,46,108,34,515 948,4 819 734,4 801 734,126,127,mistral_table,mistral_table,no
1149,TEIXEIRA,51,95,16,8 408,109 590,109 526,50,51,126,44,700 535,8 817 813,8 817 813,126,127,mistral_table,mistral_table,no
1150,TRIUNFO,43,80,11,2 430,34 684,34 685,27,28,50,17,215 654,1 870 176,1 870 176,126,127,mistral_table,mistral_table,no
1151,UIRAURA,103,194,42,8 994,151 677,150 883,77,79,175,59,822 536,11 917 020,11 917 020,126,127,mistral_table,mistral_table,no
1152,UMBUZEIRO,30,69,2,2 545,23 535,23 535,25,27,68,11,394 298,2 461 937,2 461 937,126,127,mistral_table,mistral_table,no
1153,VARZEA,9,19,3,499,3 497,3 497,11,11,18,6,80 500,538 920,536 720,126,127,mistral_table,mistral_table,no
1154,PERNAMBUCO,23 352,103 759,45 757,10 330 965,212 241 950,210 824 942,29 763,32 045,136 895,74 127,1 127 333 290,19 979 256 714,19 794 970 839,126,127,mistral_table,pdf_text_layout,no
1155,COMERCIO VAREJISTA,21 813,85 620,40 152,7 493 648,135 228 463,134 278 091,28 278,30 245,119 820,64 973,906 861 192,1 3 422 99 5 61 9,13 281 970 188,126,127,mistral_table,pdf_text_layout,no
1156,"PROD. ALIMENTICIOS, BEBIDAS E FUMO",11 453,24 650,4 851,1 868 997,20 793 874,20 704 010,,,,,,,,126,127,mistral_table,mistral_table_partial,yes
1157,"PROD. FARMACÊUTICOS, ODONT. E VETER",1 073,4 390,2 221,379 284,4 600 164,4 570 767,,,,,,,,126,127,mistral_table,mistral_table_partial,yes
1158,"TECIDOS, VESTUARIO E ARMARINHO",3 244,15 062,8 830,1 071 924,13 111 627,13 069 544,4 071,4 459,20 791,12 625,151 977 004,1 588 549 367,1 584 657 842,126,127,mistral_table,pdf_text_layout,no
1159,MAQ. E APARELHOS ELETR. USO DOMEST,1 039,6 363,3 396,590 086,11 312 080,11 263 254,931,1 174,6 368,4 125,52 839 777,699 140 480,686 340 092,126,127,mistral_table,pdf_text_layout,no
1160,"FERRAGENS, MAT. ELETR. E ELETRÔNICO",1 263,6 638,101,674 011,13 199 049,13 143 365,,,,,,,,126,127,mistral_table,mistral_table_partial,yes
1161,"VEÍCULOS NOVOS E USADOS, PECAS",720,5 068,2 219,691 634,20 512 665,20 327 095,,,,,,,,126,127,mistral_table,mistral_table_partial,yes
1162,MAQ. E EQUIP. DE USO INDUSTRIAL,156,2 040,732,424 102,5 577 710,5 409 361,169,254,1 936,1 144,23 512 904,399 109 741,381 059 041,126,127,mistral_table,pdf_text_layout,no
1163,COMBUSTÍVEIS E LUBRIFICANTES,691,4 162,2 630,420 023,16 075 692,15 903 460,646,790,4 893,3 584,43 285 699,1 536 597 036,1 526 098 842,126,127,mistral_table,pdf_text_layout,no
1164,"PAPELARIAS, LIVRARIAS",318,1 603,907,162 755,1 511 879,1 505 629,324,348,1 715,1 073,12 974 167,109 054 972,107 602 906,126,127,mistral_table,pdf_text_layout,no
1165,MERC. EM GERAL - INC. ALIMENTÍCIOS,402,8 421,7 378,632 438,21 571 515,21 481 934,389 681,13 99€,10 843,106 Z27,717,2 480 102 154,2 475 983 233,126,127,mistral_table,pdf_text_layout,no
1166,MERC. EM GERAL - EXC. ALIMENTÍCIOS,294,3 041,1 995,263 553,4 124 132,4 112 788,144,179,3 279,2 854,22 841 095,452 012 677,449 914 823,126,127,mistral_table,pdf_text_layout,no
1167,ARTIGOS DIVERSOS,1 020,3 528,1 754,283 030,2 690 158,2 635 584,,,,,,,,126,127,mistral_table,mistral_table_partial,yes
1168,ARTIGOS USADOS,138,354,138,31 821,151 928,151 300,294,297,891 483,7,123 564,43 957 622,43 831 369,126,127,mistral_table,pdf_text_layout,no
1169,COMERCIO ATACADISTA,1 299,12 320,5 454,1 832 369,77 013 487,76 546 851,1 485,1 701,15 027 108,182 998 369,6 555,187 352,6 513 000 651,126,127,mistral_table,pdf_text_layout,no
1170,PRODUTOS EXTRATIVOS E AGROPECUARIOS,104,316,94,32 191,1 017 060,1 015 183,233,237,788,416,7 091 386 187,782 473,187 670 801,126,127,mistral_table,pdf_text_layout,no
1171,"PROD. ALIMENTÍCIOS, BEBIDAS E FUMO",657,4 691,1 795,622 718,26 092 788,26 018 204,,,,,,,,126,127,mistral_table,missing,yes
1172,"PROD. FARMACÊUTICOS, ODONT. E VETER",87,1 162,620,197 255,4 286 792,4 265 915,94 112,957 177,27,121 204,542 5'7 285,538,282 &42,126,127,mistral_table,pdf_text_layout,no
1173,"TECIDOS, VESTUARIO E ARMARINHO",108,900,542,93 505,2 792 930,2 791 944,145,163,202 860,9,573 104,370 560 047 369,551 654,126,127,mistral_table,pdf_text_layout,no
1174,MAQ. E APARELHOS ELETR. USO DOMEST,24,220,130,30 513,1 351 214,1 351 026,,,,,,,,126,127,mistral_table,pdf_text_layout_partial,yes
1175,"FERRAGENS, MAT. ELETR. E ELETRÔNICO",100,1 326,633,323 006,6 839 942,6 776 049,269 302,2 204,1 342,26,941 812,662 057 397 653,551 934,126,127,mistral_table,pdf_text_layout,no
1176,"VEÍCULOS NOVOS E USADOS, PECAS",27,452,252,85 401,1 933 692,1 929 031,36,42,695 369,9,707 032,304 726 572 302,670 794,126,127,mistral_table,pdf_text_layout,no
1177,MAQ. E EQUIP. DE USO INDUSTRIAL,24,348,153,63 125,1 536 798,1 488 403,29,36,363 139,6,535 660,118 034 040 115,565 100,126,127,mistral_table,pdf_text_layout,no
1178,COMBUSTÍVEIS E LUBRIFICANTES,14,305,169,55 601,22 149 857,22 137 941,,,,,,,,126,127,mistral_table,pdf_text_layout_partial,yes
1179,"PAPELARIAS, LIVRARIAS",42,555,356,84 478,1 482 414,1 481 366,26,46,698 541,8,222 376,151 353 318 149,207 401,126,127,mistral_table,pdf_text_layout,no
1180,MERC. EM GERAL - INC. ALIMENTÍCIOS,23,1 063,324,115 746,4 891 436,4 665 484,10,19,915 444,15,673 144,353 184 407 352,774 884,126,127,mistral_table,pdf_text_layout,no
1181,MERC. EM GERAL - EXC. ALIMENTÍCIOS,10,354,119,37 292,1 037 235,1 037 139,,,,,,,,126,127,mistral_table,pdf_text_layout_partial,yes
1182,ARTIGOS DIVERSOS,45,359,211,44 966,1 165 815,1 158 143,,,,,,,,126,127,mistral_table,pdf_text_layout_partial,yes
1183,ARTIGOS USADOS,34,129,56,16 568,434 514,431 003,,,,,,,,126,127,mistral_table,pdf_text_layout_partial,yes
1184,REGIÃO METROPOLITANA,10 831,65 612,32 469,7 720 599,157 077 359,155 858 743,10 955,12 273,76 196,46 032,720 749 481,13 683 428 406,13 537 446 379,126,127,mistral_table,pdf_text_layout,no
1185,COMERCIO VAREJISTA,9 916,51 397,28 352,5 275 892,92 524 330,91 762 890,,,,,,,,126,127,mistral_table,mistral_table_partial,yes
1186,"PROD. ALIMENTÍCIOS, BEBIDAS E FUMO",4 703,10 844,2 700,1 012 701,10 078 239,10 043 731,,,,,,,,126,127,mistral_table,mistral_table_partial,yes
1187,"PROD. FARMACÊUTICOS, ODONT. E VETER",465,2 410,1 396,253 148,2 824 699,2 805 268,,,,,,,,126,127,mistral_table,mistral_table_partial,yes
1188,"TECIDOS, VESTUARIO E ARMARINHO",482,9 642,6 595,758 279,8 960 167,8 925 359,,,,,,,,126,127,mistral_table,pdf_text_layout_partial,yes
1189,MAQ. E APARELHOS ELETR. USO DOMEST,541,4 051,2 217,427 337,7 680 155,7 634 210,453 572,3 964,2 668,34,956 382 429,431 622,417 617 558,126,127,mistral_table,pdf_text_layout,no
1190,"FERRAGENS, MAT. ELETR. E ELETRÔNICO",760,4 805,2 283,547 181,10 527 373,10 483 090,,,,,,,,126,127,mistral_table,mistral_table_partial,yes
1191,"VEÍCULOS NOVOS E USADOS, PECAS",336,3 310,1 489,509 755,14 488 359,14 339 373,,,,,,,,126,127,mistral_table,missing,yes
1192,MAQ. E EQUIP. DE USO INDUSTRIAL,122,1 835,523,400 380,5 100 072,4 931 723,116,141,1 581 922,20,837 049 357,349 911,339 881 563,126,127,mistral_table,pdf_text_layout,no
1193,COMBUSTÍVEIS E LUBRIFICANTES,285,2 299,1 588,258 449,9 238 806,9 116 416,,,,,,,,126,127,mistral_table,mistral_table_partial,yes
1194,"PAPELARIAS, LIVRARIAS",232,1 336,772,147 756,1 358 729,1 355 410,,,,,,,,126,127,mistral_table,mistral_table_partial,yes
1195,MERC. EM GERAL - INC. ALIMENTÍCIOS,157,5 877,5 473,490 678,16 970 337,16 586 311,,,,,,,,126,127,mistral_table,pdf_text_layout_partial,yes
1196,MERC. EM GERAL - EXC. ALIMENTÍCIOS,92,2 358,1 714,221 200,3 434 400,3 423 528,,,,,,,,126,127,mistral_table,mistral_table_partial,yes
1197,ARTIGOS DIVERSOS,640,2 564,1 421,222 699,2 032 166,1 987 663,725,853,3 551,2 145,27 253 257,276 024 997,272 989 767,128,129,mistral_table,mistral_table,no
1198,ARTIGOS USADOS,101,266,99,27 329,130 828,130 808,137,140,464,266,3 900 284,25 064 969,24 985 916,128,129,mistral_table,mistral_table,no
1199,COMERCIO ATACADISTA,730,9 015,3 976,1 522 959,64 553 029,64 095 853,742,889,10 785,6 595,145 714 769,5 529 422 240,5 489 313 513,128,129,mistral_table,mistral_table,no
1200,PRODUTOS EXTRATIVOS E AGROPECUARIOS,16,95,17,12 956,722 287,720 892,27,29,128,66,1 522 493,87 759 670,87 708 958,128,129,mistral_table,mistral_table,no
1201,"PROD. ALIMENTICIOS, BEBIDAS E FUMO",323,2 790,935,408 846,17 820 388,17 748 694,185,211,2 546,1 574,30 803 856,1 104 070 983,1 102 750 097,128,129,mistral_table,mistral_table,no
1202,"PROD. FARMACÑOYICOS, ODONT E VETER",69,993,528,183 775,3 765 445,3 744 568,76,95,1 782,1 058,25 389 519,481 168 162,476 998 883,128,129,mistral_table,mistral_table,no
1203,"TECIDOS, VESTUARIO E ARMARINHO",51,678,438,80 208,2 343 639,2 343 103,76,89,867,662,7 477 411,261 576 683,260 568 290,128,129,mistral_table,mistral_table,no
1204,MAG. E APARELHOS ELETR. USO DOMEST,11,164,84,27 220,1 270 586,1 270 402,6,10,249,131,4 782 752,56 236 505,54 806 893,128,129,mistral_table,mistral_table,no
1205,"FERRAGENS, MAT. ELETR. E ELETTRONICO",87,1 215,591,312 095,5 603 196,5 539 844,216,243,1 874,1 129,24 556 116,612 991 513,604 745 647,128,129,mistral_table,mistral_table,no
1206,"VEICULOS NOVOS E USADOS, PECAS",26,445,249,64 938,1 930 962,1 926 301,35,40,657,361,9 111 154,300 314 106,298 258 330,128,129,mistral_table,mistral_table,no
1207,MAG. E EQUIP. DE USO INDUSTRIAL,23,322,140,89 349,1 402 721,1 354 328,29,36,363,139,6 531 660,118 034 040,115 565 100,128,129,mistral_table,mistral_table,no
1208,COMBUSTIVEIS E LUBRIFICANTES,10,192,180,54 675,22 071 438,22 059 522,7,19,245,167,7 353 690,1 930 179 853,1 915 531 342,128,129,mistral_table,mistral_table,no
1209,"PAPELARIAS, LIVRARIAS",39,579,344,83 403,1 470 236,1 469 208,21,41,683,534,8 106 145,149 800 462,147 654 545,128,129,mistral_table,mistral_table,no
1210,MERC. EM GERAL - INC. ALIMENTICIOS,10,847,184,101 541,3 916 122,3 697 465,2,8,796,385,14 335 631,305 325 621,305 325 621,128,129,mistral_table,mistral_table,no
1211,MERC. EM GERAL - EXC. ALIMENTICIOS,7,307,87,34 373,958 756,958 680,2,4,111,45,1 180 446,20 366 286,20 220 928,128,129,mistral_table,mistral_table,no
1212,ARTIGOS DIVERSOS,32,308,164,40 096,1 073 519,1 064 847,32,39,371,246,3 381 291,80 707 897,80 236 110,128,129,mistral_table,mistral_table,no
1213,ARTIGOS USADOS,26,89,35,9 524,201 732,198 221,24,25,113,75,1 175 405,20 890 453,18 942 769,128,129,mistral_table,mistral_table,no
1214,RECIFE,7 533,55 070,28 279,6 638 429,140 685 823,139 524 656,6 779,7 867,60 414,37 969,600 827 486,11 788 971 822,11 658 925 194,128,129,mistral_table,mistral_table,no
1215,COMERCIO VAREJISTA,6 689,41 464,24 423,4 318 942,79 233 494,78 522 775,6 159,7 038,46 655,31 710,426 955 711,6 519 638 481,6 430 403 136,128,129,mistral_table,mistral_table,no
1216,"PROD. ALIMENTICIOS, BEBIDAS E FUMO",2 826,6 578,1 850,576 613,6 413 068,6 382 772,2 503,2 586,7 352,2 586,55 225 424,519 520 691,516 765 847,128,129,mistral_table,mistral_table,no
1217,"PROD. FARMACÑOYICOS, ODONT E VETER",317,1 886,135,204 066,2 470 971,2 452 732,462,518,2 664,1 702,15 840 354,177 644 969,176 551 126,128,129,mistral_table,mistral_table,no
1218,"TECIDOS, VESTUARIO E ARMARINHO",1 075,6 711,6 376,687 059,8 525 897,8 491 356,952,1 210,11 082,8 384,89 838 602,955 756 707,957 089 678,128,129,mistral_table,mistral_table,no
1219,MAG. E APARELHOS ELETR. USO DOMEST,363,3 371,1 899,361 441,3 932 784,6 887 303,292,376,3 091,2 145,28 079 601,354 277 875,343 012 575,128,129,mistral_table,mistral_table,no
1220,"FERRAGENS, MAT. ELETR. E ELETTRONICO",523,3 611,1 866,456 277,9 370 042,9 328 000,486,543,3 473,2 084,31 734 296,542 902 570,533 790 064,128,129,mistral_table,mistral_table,no
1221,"VEICULOS NOVOS E USADOS, PECAS",284,3 040,1 371,474 944,13 925 708,13 786 969,321,366,3 484,2 122,25 979 505,231 062 800,1 196 375 281,128,129,mistral_table,mistral_table,no
1222,MAG. E EQUIP. DE USO INDUSTRIAL,117,1 742,587,383 926,4 861 773,4 703 875,101,123,1 326,703,16 958 074,270 946 787,257 467 770,128,129,mistral_table,mistral_table,no
1223,COMBUSTIVEIS E LUBRIFICANTES,211,1 901,1 353,203 096,7 305 679,7 188 690,163,212,2 080,1 672,20 334 625,585 134 256,579 266 698,128,129,mistral_table,mistral_table,no
1224,"PAPELARIAS, LIVRARIAS",203,1 275,751,141 259,1 322 826,1 319 589,174,192,1 247,854,9 919 742,85 185 552,83 809 168,128,129,mistral_table,mistral_table,no
1225,MERC. EM GERAL - INC. ALIMENTICIOS,90,4 269,4 094,381 629,12 624 217,12 553 956,25,106,6 945,5 020,59 582 663,1 159 220 626,1 159 189 618,128,129,mistral_table,mistral_table,no
1226,MERC. EM GERAL - EXC. ALIMENTICIOS,49,2 286,710,215 911,3 407 946,2 397 274,12,21,2 408,2 234,16 707 843,348 788 522,346 734 668,128,129,mistral_table,mistral_table,no
1227,ARTIGOS DIVERSOS,550,2 373,1 345,210 680,1 958 799,1 914 488,577,692,3 188,2 010,24 881 595,266 917 009,262 094 581,128,129,mistral_table,mistral_table,no
1228,ARTIGOS USADOS,81,217,83,22 038,113 774,113 764,91,93,335,194,2 875 387,18 280 115,18 256 062,128,129,mistral_table,mistral_table,no
1229,COMERCIO ATACADISTA,670,509,3 717,1 410 064,61 452 329,61 001 881,620,759,10 079,6 241,139 819 229,5 288 271 462,5 228 522 058,128,129,mistral_table,mistral_table,no
1230,PRODUTOS EXTRATIVOS E AGROPECUARIOS,14,64,17,9 263,258 197,258 197,22,22,103,53,975 981,11 542 969,11 503 977,128,129,mistral_table,mistral_table,no
1231,"PROD. ALIMENTICIOS, BEBIDAS E FUMO",287,2 515,816,374 300,16 535 724,16 465 914,164,187,2 338,1 417,25 682 328,1 021 712 841,1 020 513 631,128,129,mistral_table,mistral_table,no
1232,"PROD. FARMACÑOYICOS, ODONT E VETER",65,966,504,180 693,3 169 493,3 148 616,71,87,1 656,1 031,23 548 727,437 296 512,433 127 233,128,129,mistral_table,mistral_table,no
1233,"TECIDOS, VESTUARIO E ARMARINHO",51,678,438,80 208,2 343 639,2 343 103,76,87,860,661,7 438 163,261 156 656,260 150 922,128,129,mistral_table,mistral_table,no
1234,MAG. E APARELHOS ELETR. USO DOMEST,10,461,83,27 092,1 270 348,1 270 162,5,9,246,129,4 767 868,58 160 461,54 730 845,128,129,mistral_table,mistral_table,no
1235,"FERRAGENS, MAT. ELETR. E ELETTRONICO",76,1 057,514,482 241 502,4 868 972,4 808 872,145,172,1 620,1 019,22 949 351,587 328 610,579 219 446,128,129,mistral_table,mistral_table,no
1236,"VEICULOS NOVOS E USADOS, PECAS",28,445,249,84 936,1 073 962,1 073 301,31,36,650,361,9 094 454,300 153 442,298 097 664,128,129,mistral_table,mistral_table,no
1237,MAG. E EQUIP. DE USO INDUSTRIAL,23,322,140,89 349,1 402 721,1 354 328,27,34,355,135,6 446 097,115 389 700,112 978 089,128,129,mistral_table,mistral_table,no
1238,COMBUSTIVEIS E LUBRIFICANTES,192,192,160,54 675,22 071 438,22 059 522,17,17,217,177,7 091 139,1 904 588 765,1 889 969 491,128,129,mistral_table,mistral_table,no
1239,"PAPELARIAS, LIVRARIAS",38,574,344,83 288,1 468 180,1 467 152,21,41,683,534,8 109 145,149 800 462,147 654 545,128,129,mistral_table,mistral_table,no
1240,MERC. EM GERAL - INC. ALIMENTICIOS,9,844,181,101 172,3 900 689,3 680 032,2,8,796,385,1 335 831,305 325 621,305 325 621,128,129,mistral_table,mistral_table,no
1241,MERC. EM GERAL - EXC. ALIMENTICIOS,6,302,67,34 345,958 756,958 660,2,4,111,45,1 180 446,20 366 286,20 220 928,128,129,mistral_table,mistral_table,no
1242,ARTIGOS DIVERSOS,31,306,182,39 984,1 072 519,1 063 847,32,38,367,243,3 356 236,80 112 246,79 640 459,128,129,mistral_table,mistral_table,no
1243,ARTIGOS USADOS,24,83,34,9 275,200 688,197 177,16,17,77,51,843 473,17 336 891,15 389 207,128,129,mistral_table,mistral_table,no
1244,CAJU,235,883,286,86 956,2 292 294,2 289 923,368,397,1 365,676,10 900 428,191 130 234,191 032 775,128,129,mistral_table,mistral_table,no
1245,COMERCIO VAREJISTA,223,716,255,59 268,951 820,951 044,363,390,1 326,654,10 486 266,119 411 385,119 313 926,128,129,mistral_table,mistral_table,no
1246,"PROD. ALIMENTICIOS, BEBIDAS E FUMO",117,304,66,23 420,252 514,251 928,190,191,497,205,3 677 384,24 365 522,24 314 442,128,129,mistral_table,mistral_table,no
1247,MAG. E APARELHOS ELETR. USO DOMEST,15,85,43,7 674,151 263,151 263,13,20,167,78,1 851 600,15 561 904,15 542 525,128,129,mistral_table,mistral_table,no
1248,MERC. EM GERAL - INC. ALIMENTICIOS,6,62,48,3 753,248 415,248 415,4,14,185,162,1 270 495,37 644 390,37 644 390,128,129,mistral_table,mistral_table,no
1249,DEMAIS GENEROS,85,265,96,24 421,299 628,299 438,156,165,477,209,3 689 787,41 839 569,41 812 569,128,129,mistral_table,mistral_table,no
1250,COMERCIO ATACADISTA,9,104,31,18 056,1 340 474,1 338 879,5,6,35,21,373 022,71 718 849,71 718 849,128,129,mistral_table,mistral_table,no
1251,CAMARAGIBE,,,,,,,239,263,913,522,7 029 705,97 551 773,97 377 961,128,129,mistral_table_partial,mistral_table,yes
1252,COMERCIO VAREJISTA,,,,,,,231,253,890,508,6 863 890,93 699 085,93 525 273,128,129,mistral_table_partial,mistral_table,yes
1253,"PROD. ALIMENTICIOS, BEBIDAS E FUMO",,,,,,,120,122,295,104,2 719 781,22 419 917,22 342 967,128,129,mistral_table_partial,mistral_table,yes
1254,COMBUSTIVEIS E LUBRIFICANTES,,,,,,,5,7,24,17,182 680,9 400 437,9 400 437,128,129,mistral_table_partial,mistral_table,yes
1255,MERC. EM GERAL - INC. ALIMENTICIOS,,,,,,,2,10,245,242,1 741 315,44 659 790,44 659 790,128,129,mistral_table_partial,mistral_table,yes
1256,DEMAIS GENEROS,,,,,,,104,114,325,145,2 220 114,17 218 941,17 122 079,128,129,mistral_table_partial,mistral_table,yes
1257,COMERCIO ATACADISTA,,,,,,,8,9,23,14,165 815,3 852 688,3 852 688,128,129,mistral_table_partial,mistral_table,yes
1258,CARUARU,976,4 372,2 145,283 430,8 803 545,8 782 563,1 233,1 353,5 781,3 107,40 286 681,865 515 880,863 095 321,128,129,mistral_table,mistral_table,no
1259,COMERCIO VAREJISTA,886,3 685,1 769,221 434,6 148 641,6 127 911,1 083,1 181,4 743,2 472,31 760 569,576 989 342,574 839 160,128,129,mistral_table,mistral_table,no
1260,"TECIDOS, VESTUARIO E ARMARINHO",181,920,572,46 242,788 822,787 074,195,220,1 157,713,7 214 620,87 136 417,87 119 808,128,129,mistral_table,mistral_table,no
1261,"VEICULOS NOVOS E USADOS, PECAS",66,398,137,47 223,1 591 617,1 583 691,82,87,481,200,4 864 807,36 913 251,135 938 822,128,129,mistral_table,mistral_table,no
1262,MERC. EM GERAL - INC. ALIMENTICIOS,14,250,211,14 020,544 733,544 343,17,28,326,287,1 619 290,73 180 832,72 916 489,128,129,mistral_table,mistral_table,no
1263,DEMAIS GENEROS,625,2 117,849,113 949,3 223 499,3 212 803,789,846,2 779,1 272,18 061 852,279 758 842,278 864 241,128,129,mistral_table,mistral_table,no
1264,COMERCIO ATACADISTA,83,664,373,60 416,2 654 904,2 654 652,150,169,1 026,635,8 487 531,288 514 674,288 256 161,128,129,mistral_table,mistral_table,no
1265,JABOATÃO,1 029,3 371,1 466,409 986,5 279 954,5 255 782,1 725,1 801,6 474,3 378,51 014 410,930 517 252,917 317 685,128,129,mistral_table,mistral_table,no
1266,COMERCIO VAREJISTA,1 005,3 165,1 326,339 935,4 476 378,4 455 274,1 670,1 740,6 177,3 289,47 685 617,781 493 554,768 531 375,128,129,mistral_table,mistral_table,no
1267,"PROD. ALIMENTICIOS, BEBIDAS E FUMO",602,1 362,349,174 510,1 394 483,1 392 893,1 018,1 028,2 591,1 012,18 743 648,139 002 431,138 750 185,128,129,mistral_table,mistral_table,no
1268,"VEICULOS NOVOS E USADOS, PECAS",14,51,17,5 378,41 702,41 502,44,45,220,102,2 984 775,84 658 502,76 392 588,128,129,mistral_table,mistral_table,no
1269,MERC. EM GERAL - INC. ALIMENTICIOS,18,522,477,33 133,1 346 483,1 339 834,1,29,1093,946,7 495 042,234 491 354,234 474 370,128,129,mistral_table,mistral_table,no
1270,DEMAIS GENEROS,371,1 230,485,126 914,1 693 727,1 681 045,601,638,2 273,1 227,18 462 152,323 341 267,318 914 232,128,129,mistral_table,mistral_table,no
1271,,,,,,,,55,59,289,87,3 175 992,149 023 698,148 786 310,128,129,missing,mistral_table,yes
1272,OLINDA,785,2 731,1 198,255 270,4 481 791,4 455 143,869,942,3 757,1 819,28 504 509,396 493 317,394 530 619,130,131,mistral_table,mistral_table,no
1273,COMERCIO VAREJISTA,769,2 647,1 165,244 735,4 185 304,4 160 540,840,909,3 597,1 747,27 087 913,369 186 641,367 224 202,130,131,mistral_table,mistral_table,no
1274,"PROD. ALIMENTICIOS, BEBIDAS E FUMO",429,948,171,90 652,824 879,823 699,439,450,1 067,278,7 743 831,59 261 372,58 736 424,130,131,mistral_table,mistral_table,no
1275,"VEICULOS NOVOS E USADOS, PECAS",17,169,80,23 696,480 195,468 148,35,35,269,89,2 897 101,62 605 442,61 930 743,130,131,mistral_table,mistral_table,no
1276,MERC. EM GERAL - INC. ALIMENTICIOS,13,532,498,38 591,1 576 351,1 570 182,7,16,821,650,6 933 661,128 823 766,128 821 270,130,131,mistral_table,mistral_table,no
1277,DEMAIS GÉNEROS,310,996,416,91 796,1 303 879,1 298 511,359,406,1 440,730,9 513 300,118 496 041,117 733 765,130,131,mistral_table,mistral_table,no
1278,COMERCIO ATACADISTA,13,79,33,9 899,296 487,294 603,29,31,143,70,1 227 466,27 306 676,27 306 417,130,131,mistral_table,mistral_table,no
1279,PAULISTA,479,1 543,590,125 688,2 096 782,2 094 640,525,558,2 163,1 187,15 220 103,221 559 626,220 995 386,130,131,mistral_table,mistral_table,no
1280,COMERCIO VAREJISTA,475,1 467,573,118 526,1 661 940,1 659 998,513,544,2 005,1 054,14 588 597,214 760 255,214 317 491,130,131,mistral_table,mistral_table,no
1281,"PROD. ALIMENTICIOS, BEBIDAS E FUMO",245,534,92,49 956,486 307,485 683,299,304,749,223,5 846 504,55 731 455,55 563 067,130,131,mistral_table,mistral_table,no
1282,COMBUSTÍVEIS E LUBRIFICANTES,10,53,26,4 193,275 877,275 492,6,8,42,33,305 930,13 820 094,13 789 741,130,131,mistral_table,mistral_table,no
1283,MERC. EM GERAL - INC. ALIMENTICIOS,8,196,154,11 632,392 674,391 798,8,20,506,470,3 890 328,106 110 880,106 110 880,130,131,mistral_table,mistral_table,no
1284,DEMAIS GÉNEROS,212,704,301,52 745,507 062,507 025,200,212,707,328,4 545 835,39 097 626,38 853 803,130,131,mistral_table,mistral_table,no
1285,COMERCIO ATACADISTA,3,54,15,6 863,434 842,434 842,12,13,157,133,626 506,6 799 571,6 677 895,130,131,mistral_table,mistral_table,no
1286,PETROLINA,545,2 348,977,216 288,4 651 212,4 622 859,717,812,3 537,1 902,25 680 983,444 208 085,437 753 984,130,131,mistral_table,mistral_table,no
1287,COMERCIO VAREJISTA,504,1 947,880,160 517,3 615 028,3 587 216,650,728,3 053,1 663,21 062 287,365 658 191,359 501 158,130,131,mistral_table,mistral_table,no
1288,"PROD. ALIMENTICIOS, BEBIDAS E FUMO",240,471,50,38 366,456 801,444 719,320,323,788,157,4 849 792,45 062 821,44 477 947,130,131,mistral_table,mistral_table,no
1289,"VEICULOS NOVOS E USADOS, PECAS",35,242,110,31 582,1 074 171,1 070 534,56,63,514,351,3 713 445,80 456 898,76 544 018,130,131,mistral_table,mistral_table,no
1290,COMBUSTÍVEIS E LUBRIFICANTES,10,102,74,8 409,351 393,345 769,6,9,102,87,970 656,45 624 161,45 551 809,130,131,mistral_table,mistral_table,no
1291,DEMAIS GÉNEROS,219,1 132,646,82 160,1 732 663,1 726 194,268,333,1 649,1 068,11 528 394,194 494 311,192 927 384,130,131,mistral_table,mistral_table,no
1292,COMERCIO ATACADISTA,30,204,97,21 314,1 036 184,1 035 643,67,80,416,237,3 782 585,78 549 894,78 252 826,130,131,mistral_table,mistral_table,no
1293,VITORIA DE SANTO ANTÃO,380,1 543,617,131 295,3 736 758,3 736 202,571,591,2 105,1 200,12 824 592,229 753 317,227 747 051,130,131,mistral_table,mistral_table,no
1294,COMERCIO VAREJISTA,362,1 248,566,83 745,1 651 323,1 648 767,546,564,1 919,1 060,11 286 765,177 756 720,175 750 454,130,131,mistral_table,mistral_table,no
1295,"PROD. ALIMENTICIOS, BEBIDAS E FUMO",188,386,73,24 859,343 652,343 532,294,295,685,247,3 693 887,36 170 783,36 131 823,130,131,mistral_table,mistral_table,no
1296,"VEICULOS NOVOS E USADOS, PECAS",14,80,33,6 998,217 989,217 904,26,27,162,98,1 396 613,29 946 998,29 034 430,130,131,mistral_table,mistral_table,no
1297,COMBUSTÍVEIS E LUBRIFICANTES,11,68,48,10 666,310 440,309 800,13,13,105,77,601 258,28 460 761,28 260 761,130,131,mistral_table,mistral_table,no
1298,DEMAIS GÉNEROS,149,714,412,39 222,779 245,777 531,213,229,967,638,5 595 007,83 178 178,82 323 440,130,131,mistral_table,mistral_table,no
1299,COMERCIO ATACADISTA,18,295,51,47 550,2 087 435,2 087 435,25,27,186,140,1 537 827,51 996 597,51 996 597,130,131,mistral_table,mistral_table,no
1300,ABREU E LIMA,-,-,-,-,-,-,161,171,705,371,4 911 306,92 892 427,92 839 205,130,131,mistral_table,mistral_table,no
1301,AFOGADOS DA INGAZEIRA,133,387,132,18 755,407 113,405 031,141,151,480,181,2 143 370,41 642 845,41 383 189,130,131,mistral_table,mistral_table,no
1302,AFRANIO,28,67,18,4 505,110 394,110 374,46,48,127,31,1 299 729,18 130 052,18 126 552,130,131,mistral_table,mistral_table,no
1303,AGRESTINA,30,85,18,1 304,55 187,54 910,68,69,170,70,471 824,7 315 102,7 283 959,130,131,mistral_table,mistral_table,no
1304,AGUA PRETA,84,139,33,9 204,109 259,109 245,115,120,277,124,1 983 518,18 029 379,17 994 163,130,131,mistral_table,mistral_table,no
1305,AGUAS BELAS,109,286,59,17 828,306 325,306 325,148,153,455,169,2 791 082,35 553 624,35 545 624,130,131,mistral_table,mistral_table,no
1306,ALAGOINHA,23,58,11,1 877,74 004,73 943,36,40,94,38,714 634,5 736 626,5 731 426,130,131,mistral_table,mistral_table,no
1307,ALIANÇA,164,395,52,23 659,300 041,299 702,143,146,370,112,3 171 038,32 328 083,32 321 763,130,131,mistral_table,mistral_table,no
1308,ALTINHO,48,106,26,2 531,93 291,93 159,147,147,366,136,1 371 757,13 032 611,12 965 551,130,131,mistral_table,mistral_table,no
1309,AMARAJI,36,75,22,4 870,67 180,67 180,26,27,66,25,418 487,5 521 315,5 415 815,130,131,mistral_table,mistral_table,no
1310,ANGELIM,18,63,27,2 487,30 982,30 966,17,18,37,7,191 872,2 459 158,2 459 158,130,131,mistral_table,mistral_table,no
1311,ARARIPINA,137,443,158,22 513,685 645,685 645,210,222,634,287,3 298 115,57 926 733,57 864 851,130,131,mistral_table,mistral_table,no
1312,ARCOVERDE,301,1 271,593,84 019,2 177 143,2 166 247,379,417,1 676,905,10 262 011,247 304 489,244 644 043,130,131,mistral_table,mistral_table,no
1313,BARRA DE GUABIRABA,23,41,3,741,9 415,9 415,92,93,191,95,1 567 629,11 440 846,11 408 246,130,131,mistral_table,mistral_table,no
1314,BARREIROS,127,464,253,31 324,776 556,776 315,151,162,578,305,3 356 280,69 418 495,69 170 441,130,131,mistral_table,mistral_table,no
1315,BELEM DE MARIA,22,80,21,2 938,33 791,33 140,106,107,248,119,667 546,5 687 233,5 687 233,130,131,mistral_table,mistral_table,no
1316,BELEM DE SÃO FRANCISCO,64,151,53,8 840,290 786,290 786,120,124,329,125,1 275 119,30 508 277,30 508 277,130,131,mistral_table,mistral_table,no
1317,BELO JARDIM,146,395,141,28 093,627 499,626 658,191,201,584,230,4 069 247,69 063 228,68 548 500,130,131,mistral_table,mistral_table,no
1318,BETANIA,43,91,3,2 421,17 962,17 962,21,23,59,10,324 512,2 732 064,2 580 864,130,131,mistral_table,mistral_table,no
1319,BEZERROS,89,284,131,15 055,219 183,217 864,467,475,1 207,568,8 310 744,79 255 219,79 052 819,130,131,mistral_table,mistral_table,no
1320,BODOCIO,73,175,37,9 335,151 242,151 219,53,59,174,83,869 031,20 206 052,20 205 052,130,131,mistral_table,mistral_table,no
1321,BOM CONSELHO,121,331,130,34 734,380 394,379 644,121,123,358,142,1 921 267,34 472 549,33 711 540,130,131,mistral_table,mistral_table,no
1322,BOM JARDIM,88,162,13,9 264,129 818,129 150,142,145,314,113,1 561 388,14 753 803,14 725 503,130,131,mistral_table,mistral_table,no
1323,BONITO,84,194,41,5 659,182 031,181 511,281,265,562,258,2 883 723,28 905 644,28 834 444,130,131,mistral_table,mistral_table,no
1324,BREJÃO,7,16,-,715,4 715,4 631,13,13,36,15,344 500,2 355 000,2 355 000,130,131,mistral_table,mistral_table,no
1325,BREJINHO,29,48,5,1 687,26 513,26 513,20,23,51,15,451 306,2 608 615,2 603 615,132,133,mistral_table,pdf_text_layout,no
1326,BREJO DA MADRE DE DEUS,48,126,36,2 414,91 764,91 255,244,251,442,130,2 809 240,29 626 342,29 436 482,132,133,mistral_table,pdf_text_layout,no
1327,BUENOS AIRES,41,85,17,9 519,125 124,124 824,,,,,,,,132,133,mistral_table,pdf_text_layout_partial,yes
1328,BUIQUE,63,144,17,9 346,166 045,164 848,126,129,316,115,150 424,23 952 200,23 864 800,132,133,mistral_table,pdf_text_layout,no
1329,CABROBO,62,195,76,13 791,472 461,471 762,112,125,340,103,1 864 429,39 266 056,39 062 135,132,133,mistral_table,pdf_text_layout,no
1330,CACHOEIRINHA,41,99,20,7 624,113 398,113 378,72,7A,187,77,856 572,25 574 319,25 562 720,132,133,mistral_table,pdf_text_layout,no
1331,CAETES,14,27,3,1 821,24 783,24 588,29,31,63,10,364 380,4 110 203,4 110 203,132,133,mistral_table,pdf_text_layout,no
1332,CALÇADO,6,16,2,815,15 423,15 423,,,,,,,,132,133,mistral_table,pdf_text_layout_partial,yes
1333,CALUMBI,8,19,3,1 184,6 038,6 038,16,18,35,15',187 286,3 309 381,299 981,132,133,mistral_table,pdf_text_layout,no
1334,CAMOCIM DE SÃO FELIX,39,92,14,6 781,102 926,102 780,,,,,,,,132,133,mistral_table,pdf_text_layout_partial,yes
1335,CAMUTANGA,33,95,25,4 900,31 547,31 457,55,57,154,67,1 978 514,83 098 642,83 055 442,132,133,mistral_table,pdf_text_layout,no
1336,CANHOTINHO,43,92,20,6 166,88 553,88 165,62,65,166,75,1 009 078,12 068 067,12 066 487,132,133,mistral_table,pdf_text_layout,no
1337,CAPOEIRAS,43,126,38,8 239,118 709,118 121,35,37,101,36,513 082,8 986 521,970 521,132,133,mistral_table,pdf_text_layout,no
1338,CARNAIBA,44,73,6,2 189,46 784,46 155,54,57,120,17,714 653,6 534 363,6 498 363,132,133,mistral_table,pdf_text_layout,no
1339,CARPINA,242,734,225,64\356,150 040,1 145 989,322,344,1 100,506,7 321 961,124 770 717,124 598 737,132,133,mistral_table,pdf_text_layout,no
1340,CATENDE,101,307,121,22 495,544 882,544 388,150,157,426 192,2 434 940,43 123 723,41,698 720,132,133,mistral_table,pdf_text_layout,no
1341,CEDRO,16,39,2,2 261,18 938,18 938,40,41,117,57,735 960,169 480,126 780,132,133,mistral_table,pdf_text_layout,no
1342,CHÃ DE ALEGRIA,38,55,6,2 586,24 284,24 278,37,37,77,21,264 586,2 869 113,2 869 113,132,133,mistral_table,pdf_text_layout,no
1343,CHÃ GRANDE,26,60,10,2 432,40 136,38 326,82,87,249,113,2 364 677,19 940 961,19 708 221,132,133,mistral_table,pdf_text_layout,no
1344,CONDADO,61,164,46,15 219,258 493,257 278,161,162,424,195,3 438 845,28 127 535,28 101 435,132,133,mistral_table,pdf_text_layout,no
1345,CORRENTES,48,128,16,8 839,119 312,119 174,52,54,151,34,514 399,447 172,447 172,132,133,mistral_table,pdf_text_layout,no
1346,CORTES,63,145,42,10 208,107 660,107 389,140,141,320,148,1 879 226,20 017 716,19 998 716,132,133,mistral_table,pdf_text_layout,no
1347,CUMARU,21,33,7,1 117,33 124,33 094,97,97,205,103,480 700,17 047 300,17 047 300,132,133,mistral_table,pdf_text_layout,no
1348,CUPIRA,68,197,43,22 401,140 779,140 779,116,119,296,118,2 971 173,17 903 479,17 857 726,132,133,mistral_table,pdf_text_layout,no
1349,CUSTODIA,99,258,64,11 792,253 360,252 763,228,233,601,250,2 814 666,28 772 810,28 659 752,132,133,mistral_table,pdf_text_layout,no
1350,ESCADA,163,440,199,23 190,444 201,443 62,222,231,634 306,701 620,60 416 199,6~,138 373,132,133,mistral_table,pdf_text_layout,no
1351,EXU,56,159,61,15 714,166 206,165 849,83,87,247,87,1 371 381,12 075 524,12 011 312,132,133,mistral_table,pdf_text_layout,no
1352,FEIRA NOVA,54,133,22,12 189,104 574,104 574,141,144,370,155,1 652 826,19 619 197,19 590 957,132,133,mistral_table,pdf_text_layout,no
1353,FERREIROS,29,77,19,4 233,67 854,67 774,51,52,139,59,1 217 448,097 132,9 080 708,132,133,mistral_table,pdf_text_layout,no
1354,FLORES,48,87,19,12 135,91 332,91 332,61,61,179,60,1 168 216,12 454 035,12 055 274,132,133,mistral_table,pdf_text_layout,no
1355,FLORESTA,102,234,89,16 410,345 137,344 442,139 144,'357,145,725 019,31 380 732,31,152 634,132,133,mistral_table,pdf_text_layout,no
1356,FREI MIGUELINHO,30,62,8,3 153,33 840,33 773,23,24,51,10,229 117,1 946 664,1 935 664,132,133,mistral_table,pdf_text_layout,no
1357,GAMELEIRA,34,79,22,4 579,78 349,78 149,,,,,,,,132,133,mistral_table,pdf_text_layout_partial,yes
1358,GARANHUNS,457,2 157,1 039,179 465,3 268 132,3 261 307,471,528,2 7.49,1 639,19 163 616,332 215 666,326 888 339,132,133,mistral_table,pdf_text_layout,no
1359,GLORIA DO GOITA,67,119,26,7 647,71 133,71 133,77,79,183,58,1 194 254,9 076 469,9 016 869,132,133,mistral_table,pdf_text_layout,no
1360,GOIANA,212,700,276,44 763,2 124 458,2 120 976,508,517,1 506,856,15 934 592,1 52 901 024,152 602 249,132,133,mistral_table,pdf_text_layout,no
1361,GRANITO,12,21,-,807,5 617,5 617,10,10,21,6,117 900,1 112 600,1 108 600,132,133,mistral_table,pdf_text_layout,no
1362,GRAVATA,176,558,231,32 130,545 670,540 564,440,455,1 364 659,610 049,130 619 266,129 777,soo,132,133,mistral_table,pdf_text_layout,no
1363,IATI,10,26,9,1 655,46 560,46 560,13,14,44,20,219 090,7 007 890,6 993 490,132,133,mistral_table,pdf_text_layout,no
1364,IBIMIRIM,61,126,5,8 460,103 989,103 897,69,70 187,49,683 921,18 793 332,h,539 114,132,133,mistral_table,pdf_text_layout,no
1365,IBIRAJUBA,20,57,14,717,22 354,22 339,15,15,32,8,173 436,2 026 931,2 025 431,132,133,mistral_table,pdf_text_layout,no
1366,IGARASSU,159,519,158,50 090,704 958,703 981,258,265,755,386,054 742,65 167 900,65 134 900,132,133,mistral_table,pdf_text_layout,no
1367,IGUARACI,38,80,13,2 655,32 861,32 831,49,50,107,32,917 811,903 149,890 249,132,133,mistral_table,pdf_text_layout,no
1368,INAJA,41,97,15,6 900,67 082,67 022,52,53,"15,1",29,783 230,217 214,216 734,132,133,mistral_table,pdf_text_layout,no
1369,INGAZEIRA,7,13,-,528,3 849,3 849,,,,,,,,132,133,mistral_table,pdf_text_layout_partial,yes
1370,IPOJUCA,142,300,115,42 217,344 044,343 998,126,128,314,113,2 426 142,34 472 595,34 430 265,134,135,mistral_table,mistral_table,no
1371,IPUBI,34,67,13,4 851,54 076,54 076,51,53,142,63,652 458,7 512 659,7 461 159,134,135,mistral_table,mistral_table,no
1372,ITACURUBA,11,20,6,631,6 094,6 094,8,10,19,8,119 156,1 652 226,1 652 226,134,135,mistral_table,mistral_table,no
1373,ITAIBA,82,187,19,12 304,116 563,116 563,66,66,162,41,1 967 623,25 450 123,25 382 321,134,135,mistral_table,mistral_table,no
1374,ITAMARACA,30,63,10,3 369,29 014,28 942,53,54,154,70,1 206 267,9 256 524,9 256 524,134,135,mistral_table,mistral_table,no
1375,ITAMBE,85,244,68,13 675,255 888,254 016,271,272,766,403,8 093 236,83 235 861,82 905 778,134,135,mistral_table,mistral_table,no
1376,ITAPETIM,55,133,16,4 268,54 421,54 273,50,54,132,60,933 456,7 147 581,7 105 361,134,135,mistral_table,mistral_table,no
1377,ITAPISSUMA,-,-,-,-,-,-,40,40,96,35,840 182,6 835 696,6 835 696,134,135,mistral_table,mistral_table,no
1378,ITAQUITINGA,25,72,10,2 176,54 318,54 214,59,59,170,80,1 990 230,21 144 563,21 124 718,134,135,mistral_table,mistral_table,no
1379,JATAUBA,45,114,21,1 018,41 764,41 544,32,32,69,18,577 779,4 009 410,4 009 410,134,135,mistral_table,mistral_table,no
1380,JOÃO ALFREDO,54,130,11,10 486,178 019,177 459,102,103,245,82,1 836 731,21 671 645,21 667 645,134,135,mistral_table,mistral_table,no
1381,JOAQUIM NABUCO,35,63,19,3 098,34 150,34 150,68,71,170,81,1 118 709,9 743 987,9 655 272,134,135,mistral_table,mistral_table,no
1382,JUPI,43,92,9,4 870,50 090,50 057,35,37,99,45,753 445,6 940 331,6 908 568,134,135,mistral_table,mistral_table,no
1383,JUREMA,78,145,5,6 900,39 085,38 572,79,80,192,53,1 237 305,12 738 687,12 649 427,134,135,mistral_table,mistral_table,no
1384,LAGOA DO ITAENOA,43,80,3,6 629,80 480,80 480,51,54,111,12,840 332,8 639 605,8 639 605,134,135,mistral_table,mistral_table,no
1385,LAGOA DO OURO,32,87,15,10 408,141 570,141 570,43,43,95,18,476 654,4 094 911,4 090 911,134,135,mistral_table,mistral_table,no
1386,LAGOA DOS GATOS,26,60,7,2 058,23 158,22 973,46,47,106,43,665 240,5 570 656,5 570 656,134,135,mistral_table,mistral_table,no
1387,LAJEDO,125,323,81,27 500,447 474,446 224,104,113,369,177,2 340 062,37 079 656,36 791 178,134,135,mistral_table,mistral_table,no
1388,LIMOEIRO,238,897,403,79 744,1 152 778,1 149 218,307,321,1 116,556,6 124 280,91 861 109,90 546 680,134,135,mistral_table,mistral_table,no
1389,MACAPARANA,53,148,23,9 206,133 919,133 853,67,72,207,87,1 700 709,21 362 157,21 360 897,134,135,mistral_table,mistral_table,no
1390,MACHADOS,34,70,10,3 504,39 491,39 371,26,26,65,14,364 989,3 905 146,3 678 672,134,135,mistral_table,mistral_table,no
1391,MARAIAL,49,97,18,5 348,97 737,97 597,93,94,216,99,1 624 023,16 639 129,16 629 919,134,135,mistral_table,mistral_table,no
1392,MIRANDIBA,42,105,35,4 377,55 808,55 802,25,29,92,46,522 697,5 736 864,5 736 864,134,135,mistral_table,mistral_table,no
1393,MORENO,130,308,76,38 470,356 130,355 570,227,232,587,258,3 914 928,26 442 615,26 388 570,134,135,mistral_table,mistral_table,no
1394,NAZARE DA MATA,83,159,41,14 413,309 933,309 933,112,115,333,124,2 393 989,35 191 219,35 151 219,134,135,mistral_table,mistral_table,no
1395,OROBO,55,126,13,6 596,65 541,64 862,109,109,295,77,2 272 916,.6 653 941,16 608 941,134,135,mistral_table,mistral_table,no
1396,OROCO,21,45,10,3 064,57 355,57 355,22,25,64,11,245 693,4 531 261,4 504 261,134,135,mistral_table,mistral_table,no
1397,OURICURI,178,452,112,28 630,579 725,577 593,220,235,694,263,2 965 340,67 699 442,67 212 850,134,135,mistral_table,mistral_table,no
1398,PALMARES,350,1 433,669,99 510,1 745 184,1 724 153,408,442,1 780,1 045,12 228 401,207 537 387,206 952 992,134,135,mistral_table,mistral_table,no
1399,PALMEIRINA,12,33,7,1 412,14 805,14 801,15,16,48,14,208 985,2 722 028,2 589 238,134,135,mistral_table,mistral_table,no
1400,PANELAS,53,123,5,9 789,87 823,83 036,85,85,324,107,1 500 874,13 322 988,13 064 488,134,135,mistral_table,mistral_table,no
1401,PARANATAMA,5,12,2,761,13 054,12 814,6,7,15,2,90 447,1 524 258,1 522 428,134,135,mistral_table,mistral_table,no
1402,PARNAMIRIM,34,83,13,2 623,73 736,73 381,48,54,182,89,778 757,14 606 099,14 452 287,134,135,mistral_table,mistral_table,no
1403,PASSIRA,35,72,10,4 010,52 493,52 493,35,36,80,17,1 017 329,8 260 738,8 240 738,134,135,mistral_table,mistral_table,no
1404,PAUDALHO,109,249,53,23 090,293 793,293 433,92,95,260,87,1 953 455,22 244 321,22 133 787,134,135,mistral_table,mistral_table,no
1405,PEDRA,43,114,11,5 790,130 372,125 253,49,53,135,27,395 285,7 593 577,7 495 250,134,135,mistral_table,mistral_table,no
1406,PESQUEIRA,262,741,267,54 908,968 674,967 555,304,316,876,425,5 055 107,86 528 120,86 384 686,134,135,mistral_table,mistral_table,no
1407,PETROLANDIA,103,273,109,12 976,286 505,285 764,89,100,286,121,1 908 400,31 325 035,31 281 435,134,135,mistral_table,mistral_table,no
1408,POÇÃO,43,80,11,1 797,38 528,38 323,49,51,114,31,432 681,7 416 660,7 406 560,134,135,mistral_table,mistral_table,no
1409,POMBOS,34,99,21,3 716,85 011,84 063,51,54,179,70,1 722 423,19 717 825,19 579 295,134,135,mistral_table,mistral_table,no
1410,PRIMAVERA,28,52,14,1 877,32 159,32 159,15,16,35,15,265 900,1 871 980,1 871 980,134,135,mistral_table,mistral_table,no
1411,QUIPAPA,54,112,26,8 192,67 896,67 896,231,234,610,233,3 755 598,24 255 230,24 253 080,134,135,mistral_table,mistral_table,no
1412,RIACHO DAS ALMAS,23,60,25,1 342,39 610,39 502,29,34,85,30,345 786,3 427 677,3 406 677,134,135,mistral_table,mistral_table,no
1413,RIBEIRÃO,140,427,191,25 873,511 994,508 096,218,229,733,366,4 868 690,66 222 860,66 059 572,134,135,mistral_table,mistral_table,no
1414,RIO FORMOSO,120,263,68,17 875,185 624,185 262,122,128,274,95,2 094 767,28 562 098,28 472 695,134,135,mistral_table,mistral_table,no
1415,SAIRE,13,26,6,1 422,8 546,8 541,102,102,239,113,1 151 644,8 401 302,8 273 862,136,137,mistral_table,mistral_table,no
1416,SALGADINHO,7,9,-,406,3 654,3 654,7,7,15,1,66 500,789 000,719 000,136,137,mistral_table,mistral_table,no
1417,SALGUEIRO,165,645,274,40 369,1 300 196,1 293 119,191,215,876,504,5 187 908,145 419 336,144 504 353,136,137,mistral_table,mistral_table,no
1418,SALOA,19,56,19,2 331,106 159,106 159,39,41,102,39,1 046 500,8 776 307,8 771 307,136,137,mistral_table,mistral_table,no
1419,SANHARO,42,63,9,4 813,58 641,58 641,36,36,96,30,536 462,5 882 278,5 727 878,136,137,mistral_table,mistral_table,no
1420,SANTA CRUZ DO CAPIBARIBE,152,390,85,13 387,572 703,571 671,344,358,911,283,5 691 719,136 757 808,136 632 648,136,137,mistral_table,mistral_table,no
1421,SANTA MARIA DA BOA VISTA,75,215,48,15 442,385 406,385 070,88,97,309,133,1 467 485,34 005 367,33 941 701,136,137,mistral_table,mistral_table,no
1422,SANTA MARIA DO CAMBUCA,25,68,10,3 121,36 144,35 899,19,20,56,10,195 551,2 580 156,2 580 156,136,137,mistral_table,mistral_table,no
1423,SANTA TEREZINHA,26,60,10,2 288,41 796,41 796,59,64,219,85,984 766,8 326 672,8 313 672,136,137,mistral_table,mistral_table,no
1424,SÃO BENEDITO DO SUL,12,21,1,1 049,4 986,4 986,73,73,194,84,592 140,7 766 433,7 766 433,136,137,mistral_table,mistral_table,no
1425,SÃO BENTO DO UNA,53,240,90,16 422,918 303,917 446,62,70,178,74,953 839,35 146 698,35 146 698,136,137,mistral_table,mistral_table,no
1426,SÃO CAITANO,62,185,43,5 842,120 771,117 843,247,248,502,216,2 295 403,23 882 259,23 357 709,136,137,mistral_table,mistral_table,no
1427,SÃO JOÃO,24,51,10,3 631,58 526,58 012,22,24,69,18,237 077,3 822 471,3 804 616,136,137,mistral_table,mistral_table,no
1428,SÃO JOAQUIM DO MONTE,30,50,1,1 562,22 115,21 735,78,80,139,57,1 059 526,7 422 284,7 402 784,136,137,mistral_table,mistral_table,no
1429,SÃO JOSE DA COROA GRANDE,57,167,40,13 010,115 170,115 170,37,38,98,34,521 966,7 016 879,6 996 479,136,137,mistral_table,mistral_table,no
1430,SÃO JOSE DO BELMONTE,73,165,36,9 391,187 306,186 518,61,64,205,79,1 211 719,15 832 811,15 832 811,136,137,mistral_table,mistral_table,no
1431,SÃO JOSE DO EGITO,96,250,82,15 140,320 974,320 954,244,249,671,325,2 752 632,34 500 206,34 075 666,136,137,mistral_table,mistral_table,no
1432,SÃO LOURENÇO DA MATA,451,1 124,406,112 941,1 150 613,1 149 906,151,157,527,269,3 106 608,53 888 916,53 864 726,136,137,mistral_table,mistral_table,no
1433,SÃO VICENTE FERRER,38,74,13,4 979,54 120,54 083,45,50,123,45,1 024 199,12 374 286,12 106 906,136,137,mistral_table,mistral_table,no
1434,SERRA TALHADA,269,922,343,63 528,1 480 139,1 473 900,296,314,1 132,524,8 004 318,159 998 195,159 171 175,136,137,mistral_table,mistral_table,no
1435,SERITA,35,64,1,2 665,45 029,44 895,50,51,124,55,684 329,6 440 626,6 440 626,136,137,mistral_table,mistral_table,no
1436,SERTANIA,116,256,70,14 564,274 708,274 548,181,164,456,124,2 318 605,23 577 918,23 403 812,136,137,mistral_table,mistral_table,no
1437,SIRINHAEM,84,193,46,19 300,323 814,321 514,53,57,177,97,1 827 564,33 242 129,33 234 829,136,137,mistral_table,mistral_table,no
1438,SITIO DOS MOREIRAS,29,65,9,3 772,32 265,31 665,23,23,68,17,715 765,3 415 220,3 391 820,136,137,mistral_table,mistral_table,no
1439,SOLIDÃO,9,18,-,148,824,824,12,12,25,12,302 000,2 329 000,2 329 000,136,137,mistral_table,mistral_table,no
1440,SURUBIM,181,595,169,41 022,855 056,851 221,242,256,767,279,4 015 806,73 955 064,73 912 472,136,137,mistral_table,mistral_table,no
1441,TABIRA,87,233,69,10 504,157 943,157 443,115,120,304,158,4 422 839,27 086 302,26 878 702,136,137,mistral_table,mistral_table,no
1442,TACAIMBO,8,11,-,1 033,19 208,19 208,25,26,60,28,274 888,3 952 642,3 943 562,136,137,mistral_table,mistral_table,no
1443,TACARATU,46,76,7,2 424,83 923,81 437,67,68,172,43,1 050 353,6 751 840,6 608 215,136,137,mistral_table,mistral_table,no
1444,TAQUARITINGA DO NORTE,48,121,39,8 078,110 623,109 448,56,61,147,49,1 139 651,10 003 598,9 878 954,136,137,mistral_table,mistral_table,no
1445,TEREZINHA,8,13,-,936,5 518,5 494,7,8,16,4,92 570,938 628,938 628,136,137,mistral_table,mistral_table,no
1446,TERRA NOVA,15,24,-,1 119,9 377,9 377,19,21,53,12,234 339,3 375 480,3 375 480,136,137,mistral_table,mistral_table,no
1447,TIMBAUBA,234,832,349,63 403,1 353 846,1 347 167,323,343,1 333,705,14 223 575,222 606 543,221 397 768,136,137,mistral_table,mistral_table,no
1448,TORITAMA,34,76,8,2 075,96 495,96 495,23,24,69,30,772 637,11 140 622,11 140 622,136,137,mistral_table,mistral_table,no
1449,TRACUNHAEM,24,39,3,2 877,24 636,24 636,30,30,68,16,391 104,6 120 236,6 119 636,136,137,mistral_table,mistral_table,no
1450,TRINDADE,64,138,31,5 821,176 997,176 997,96,103,286,118,1 506 380,24 521 299,24 357 939,136,137,mistral_table,mistral_table,no
1451,TRIUNFO,78,148,26,3 538,81 267,81 267,81,82,163,35,867 004,10 216 616,10 155 538,136,137,mistral_table,mistral_table,no
1452,TUPANATINGA,42,89,1,5 174,43 106,42 909,55,60,119,43,1 272 775,11 895 400,11 869 400,136,137,mistral_table,mistral_table,no
1453,TUPARETAMA,18,30,4,1 031,36 917,36 917,36,38,80,29,379 100,6 866 225,6 652 316,136,137,mistral_table,mistral_table,no
1454,VENTUROSA,49,100,26,5 906,120 933,118 081,57,60,150,51,1 261 187,13 731 320,13 638 320,136,137,mistral_table,mistral_table,no
1455,VERDEJANTE,20,25,1,996,37 319,37 272,24,25,48,14,196 425,6 171 918,6 169 318,136,137,mistral_table,mistral_table,no
1456,VERTENTES,40,96,12,6 152,71 750,71 331,32,35,85,25,664 647,5 438 977,5 438 977,136,137,mistral_table,mistral_table,no
1457,VICENCIA,83,202,46,14 787,188 895,185 326,87,89,235,52,1 172 073,17 170 631,17 054 316,136,137,mistral_table,mistral_table,no
1458,,,,,,,,136,756,30 380,17 SS9,228 039 795,027 334 897,4 969 518 375,138,139,missing,pdf_text_layout,yes
1459,COMERCIO VAREJISTA,5 405,20 338,8 718,1 562 366,32 373 260,32 239 709,,,,,,,,138,139,mistral_table,mistral_table_partial,yes
1460,"PROD. ALIMENTICIOS, BEBIDAS E FUMO",2 767,6 336,1 149,363 041,4 737 138,4 731 572,,,,,,,,138,139,mistral_table,mistral_table_partial,yes
1461,"PROD. FARMACÉUTICOS, ODONT. E VETER",351,1 327,611,86 179,1 414 175,1 412 661,447 510,1 755 966,11 915 345,1 54,S9C 948,153,909 251,138,139,mistral_table,pdf_text_layout,no
1462,"TECIDOS, VESTUARIO E ARMARINHO",880,3 589,948,226 738,3 076 759,3 076 223,",",", 16",1 204,5 226 251,33 057 457 384,672 799 383,706 170,138,139,mistral_table,pdf_text_layout,no
1463,MAG. E APARELHOS ELETR. USO DOMEST,234,1 260,631,118 762,2 391 465,2 380 684,1,2,(0),(0),CX),CB),(8),138,139,mistral_table,pdf_text_layout,no
1464,"FERRAGENS, MAT. ELETR. E ELECTRONICO",311,1 436,683,118 348,2 421 895,2 392 117,,,,,,,,138,139,mistral_table,mistral_table_partial,yes
1465,"VEICULOS NOVOS E USADOS, PECAS",205,1 231,462,193 586,5 030 490,5 016 086,82,177,287 029,22 686,180 708,973 388 708,466 066,138,139,mistral_table,pdf_text_layout,no
1466,MAG. E EQUIP. DE USO INDUSTRIAL,50,576,235,91 132,1 842 828,1 825 931,,,,,,,,138,139,mistral_table,mistral_table_partial,yes
1467,COMBUSTIVEIS E LUBRIFICANTES,191,1 194,761,140 947,5 097 402,5 082 899,,,,,,,,138,139,mistral_table,mistral_table_partial,yes
1468,"PAPELARIAS, LIVRARIAS",66,318,187,22 008,284 585,264 330,,,,,,,,138,139,mistral_table,mistral_table_partial,yes
1469,MERC. EM GERAL - INC. ALIMENTICIOS,113,1 953,414,122 196,5 146 475,5 116 682,,,,,,,,138,139,mistral_table,mistral_table_partial,yes
1470,MERC. EM GERAL - EXC. ALIMENTICIOS,18,436,349,31 002,482 696,482 600,,,,,,,,138,139,mistral_table,mistral_table_partial,yes
1471,ARTIGOS DIVERSOS,187,636,296,44 596,447 876,440 263,,,,,,,,138,139,mistral_table,mistral_table_partial,yes
1472,ARTIGOS USADOS,12,36,12,3 431,18 151,15 861,,,,,,,,138,139,mistral_table,mistral_table_partial,yes
1473,COMERCIO ATACADISTA,245,2 036,1 071,210 763,13 734 867,13 697 742,,,,,,,,138,139,mistral_table,mistral_table_partial,yes
1474,PRODUTOS EXTRATIVOS E AGROPECUARIOS,17,48,17,4 078,126 748,126 748,,,,,,,,138,139,mistral_table,mistral_table_partial,yes
1475,"PROD. ALIMENTICIOS, BEBIDAS E FUMO",165,1 322,688,126 907,5 716 433,5 680 598,,,,,,,,138,139,mistral_table,mistral_table_partial,yes
1476,"PROD. FARMACÉUTICOS, ODONT. E VETER",16,225,126,28 308,903 472,902 918,17,24,239 192,3 262 101,125 722,602 111,535 890,138,139,mistral_table,pdf_text_layout,no
1477,"TECIDOS, VESTUARIO E ARMARINHO",4,14,7,1 007,10 340,10 340,2,2,(D),(C),(X),(C),(C),138,139,mistral_table,mistral_table,no
1478,MAG. E APARELHOS ELETR. USO DOMEST,,,,,,,-,-,-,-,-,-,-,138,139,mistral_table_partial,mistral_table,yes
1479,"FERRAGENS, MAT. ELETR. E ELECTRONICO",18,176,95,16 793,524 475,524 475,,,,,,,,138,139,mistral_table,mistral_table_partial,yes
1480,"VE 1 CU LOS NOVOS E USADOS, PEÇAS",2,<Bl,CAl,IX),<B),CB),,,,,,,,138,139,pdf_text_layout,mistral_table_partial,yes
1481,MAO. E EOUIP. DE USO INDUSTRIAL,2,<El,!Cl,CX),CEl,(E),,,,,,,,138,139,pdf_text_layout,mistral_table_partial,yes
1482,COMBUSTIVEIS E LUBRIFICANTES,8,1,44,15 464,5 714 573,5 713 837,,,,,,,,138,139,mistral_table,mistral_table_partial,yes
1483,"PAPELARIAS, LIVRARIAS",2,CD),(0),(XI,CCJ,(C),1,2,(D),(D),(X),(B),(B),138,139,pdf_text_layout,mistral_table,no
1484,MERC. EM GERAL - INC. ALIMENTICIOS,4,63,48,3 294,359 829,359 829,1,3,72,43,1 058 582,25 019 090,25 01 9 090,138,139,mistral_table,pdf_text_layout,no
1485,MERC. EM GERAL - EXC. ALIMENTICIOS,,,,,,,-,1,(C),(B),(X),(C),(C),138,139,mistral_table_partial,mistral_table,yes
1486,ARTIGOS DIVERSOS,3,11,5,1 516,23 908,23 908,5,6,21,9,140 043,1 226 633,1 211 063,138,139,mistral_table,pdf_text_layout,no
1487,ARTIGOS USADOS ......... .',3,11,5,1 516,23 908,23 908,4,4,9,4,58 000,212 000,212 000,138,139,pdf_text_layout,mistral_table,no
1488,MACEIO,2 114,11 679,5 922,1 132 087,29 610 000,29 481 793,2 314,2 590,16 457,10 750,137 236 155,3 323 817 550,3 277 364 725,138,139,mistral_table,pdf_text_layout,no
1489,COMERCIO VAREJISTA,2 007,10 334,5 361,925 114,18 710 591,18 606 543,,,,,,,,138,139,mistral_table,pdf_text_layout_partial,yes
1490,"PROD. ALIMENTICIOS, BEBIDAS E FUMO",942,1 993,368,137 352,1 638 046,1 636 676,,,,,,,,138,139,mistral_table,mistral_table_partial,yes
1491,"PROD. FARMACÉUTICOS, ODONT. E VETER",112,621,371,44 235,613 090,611 619,,,,,,,,138,139,mistral_table,mistral_table_partial,yes
1492,"TECIDOS, VESTUARIO E ARMARINHO",324,1 519,301,129 931,1 668 191,1 667 976,415,461,3 152 385,22 403,892 265,956 389 265,178 401,138,139,mistral_table,pdf_text_layout,no
1493,MAG. E APARELHOS ELETR. USO DOMEST,104,762,429,84 596,1 414 721,1 403 995,56,84,847 490,B 283,229 104,921 189 101,711 085,138,139,mistral_table,pdf_text_layout,no
1494,"FERRAGENS, MAT. ELETR. E ELECTRONICO",142,970,455,82 831,1 728 606,1 702 490,186 202,348 896,11,010 238,2'09,774 846 205,119 972,138,139,mistral_table,pdf_text_layout,no
1495,"VEICULOS NOVOS E USADOS, PECAS",101,789,295,149 931,3 443 429,3 437 372,123 138,1401 743,16,943 872,431 703,607 418,049 053,138,139,mistral_table,mistral_table,no
1496,MAG. E EQUIP. DE USO INDUSTRIAL,42,515,215,83 315,1 700 625,1 684 239,29,33,433 280,4 453,837 123,530 971 120,973 154,138,139,mistral_table,pdf_text_layout,no
1497,COMBUSTIVEIS E LUBRIFICANTES,61,563,399,57 461,2 147 525,2 135 540,,,,,,,,138,139,mistral_table,mistral_table_partial,yes
1498,"PAPELARIAS, LIVRARIAS",41,238,159,17 965,233 410,233 155,,,,,,,,138,139,mistral_table,mistral_table_partial,yes
1499,MERC. EM GERAL - INC. ALIMENTICIOS,18,1 096,780,72 918,3 085 167,3 061 343,,,,,,,,138,139,mistral_table,mistral_table_partial,yes
1500,MERC. EM GERAL - EXC. ALIMENTICIOS,6,400,341,29 900,470 305,470 305,,,,,,,,138,139,mistral_table,mistral_table_partial,yes
1501,ARTIGOS DIVERSOS,105,441,246,32 060,351 465,344 112,,,,,,,,138,139,mistral_table,mistral_table_partial,yes
1502,ARTIGOS USADOS,9,27,6,2 615,16 011,13 721,,,,,,,,138,139,mistral_table,pdf_text_layout_partial,yes
1503,COMERCIO ATACADISTA,93,1 111,548,133 293,10 899 409,10 875 250,,,,,,,,138,139,mistral_table,pdf_text_layout_partial,yes
1504,PRODUTOS EXTRATIVOS E AGROPECUARIOS,,,,,,,,,,,,,,138,139,mistral_table_partial,mistral_table_partial,yes
1505,"PROD. ALIMENTICIOS, BEBIDAS E FUMO",45,552,249,59 669,3 286 998,3 264 129,,,,,,,,138,139,mistral_table,mistral_table_partial,yes
1506,"PROD. FARMACÉUTICOS, ODONT. E VETER",16,204,111,27 215,850 342,849 788,,,,,,,,138,139,mistral_table,mistral_table_partial,yes
1507,"FERRAGENS, MAT. ELETR. E ELECTRONICO",14,147,84,15 012,483 260,483 260,,,,,,,,138,139,mistral_table,mistral_table_partial,yes
1508,"VEICULOS NOVOS E USADOS, PECAS",,,,,,,,,,,,,,138,139,mistral_table_partial,mistral_table_partial,yes
1509,MAO. E EOUIP. DE USO INDUSTRIAL,2,(E),!Cl,(X),CEJ-,<E),,,,,,,,138,139,pdf_text_layout,mistral_table_partial,yes
1510,COMBUSTIVEIS E LUBRIFICANTES,8,52,44,15 454,5 714 573,5 713 837,,,,,,,,138,139,mistral_table,mistral_table_partial,yes
1511,"PAPELARIAS, LIVRARIAS",2,(0),(0),CX),tC),!Cl,1,2,(0),CD),(Y.),(8),(8),138,139,pdf_text_layout,pdf_text_layout,no
1512,MERC. EM GERAL - INC. ALIMENTICIOS,1,CD),(D),(X),(0),(0),,,,,,,,138,139,pdf_text_layout,pdf_text_layout_partial,yes
1513,MERC. EM GERAL - EXC. ALIMENTICIOS,,,,,,,,,,,,,,138,139,mistral_table_partial,pdf_text_layout_partial,yes
1514,ARTIGOS DIVERSOS,3,11,5,1 516,23 908,23 908,4,5,19,B,126 043,1 196 633,1 181 063,138,139,mistral_table,pdf_text_layout,no
1515,ARTIGOS USADOS,3,11,5,1 516,23 908,23 908,,,,,,,,138,139,mistral_table,pdf_text_layout_partial,yes
1516,ARAPIRACA,556,2 326,1 226,209 812,5 119 173,5 097 135,698,747 127,1 795,21,366 855,463 086 529,459 557 750,138,139,mistral_table,pdf_text_layout,no
1517,COMERCIO VAREJISTA,525,1 975,998,178 490,3 875 180,3 864 921,,,,,,,,138,139,mistral_table,mistral_table_partial,yes
1518,"PROD. ALIMENTICIOS, BEBIDAS E FUMO",172,409,101,48 595,653 929,653 209,,,,,,,,138,139,mistral_table,mistral_table_partial,yes
1519,"VEICULOS NOVOS E USADOS, PECAS",34,186,70,19 679,813 556,806 552,,,,,,,,138,139,mistral_table,mistral_table_partial,yes
1520,MERC. EM GERAL - INC. ALIMENTICIOS,8,184,177,11 674,434 597,432 558,,,,,,,,138,139,mistral_table,mistral_table_partial,yes
1521,DEMAIS GÉNEROS,311,196,650,98 542,1 973 098,1 972 602,359 386,1473 851,8,958 435,164 307,164 163,619 447,138,139,mistral_table,mistral_table,no
1522,COMERCIO ATACADISTA,30,327,227,28 424,1 243 993,1 232 214,37,41,309,203,2 740 389,68 626 305,68 069 762,138,139,mistral_table,pdf_text_layout,no
1523,AGUA BRANCA,42,114,24,4 495,37 454,37 410,33,36,128,50,471 602,4 366 222,4 346 252,138,139,mistral_table,pdf_text_layout,no
1524,ANADIA,33,66,13,4 265,62 338,61 680,38,41,114,34,531 586,15 413 638,15 413 638,138,139,mistral_table,pdf_text_layout,no
1525,ATALAIA,60,179,64,9 757,292 524,292 256,105 113,340 167,2353 147,38,170 504,38,115 842,138,139,mistral_table,mistral_table,no
1526,BARRA DE SANTO ANTONIO,44,85,10,3 509,42 887,42 887,13,14,33,15,232 169,468 145,440 796,138,139,mistral_table,pdf_text_layout,no
1527,BARRA DE SÃO MIGUEL,,,,,,,14,14,45,19,267 635,877 147,2 847 147,138,139,mistral_table_partial,pdf_text_layout,yes
1528,BATALHA,36,85,26,6 616,187 214,187 214,35,41,122,64,985 187,1 8 527 045,1 B 526 645,138,139,mistral_table,pdf_text_layout,no
1529,BELEM,,,,,,,4,4,8,-,11 100,360 658,360 658,138,139,mistral_table_partial,mistral_table,yes
1530,BELO MONTE,2,(A),(A),(X),(A),(A),,,,,,,,140,141,mistral_table,pdf_text_layout_partial,yes
1531,BOCA DA MATA,37,90,15,5 138,132 984,132 984,,,,,,,,140,141,mistral_table,pdf_text_layout_partial,yes
1532,BRANQUINHA,7,7,-,307,1 990,1 990,,,,,,,,140,141,mistral_table,pdf_text_layout_partial,yes
1533,CACIMBINHAS,27,57,17,6 433,111 293,111 293,,,,,,,,140,141,mistral_table,pdf_text_layout_partial,yes
1534,CAJUEIRO,32,83,33,4 673,86 392,86 392,,,,,,,,140,141,mistral_table,missing,yes
1535,CAMPO ALEGRE,28,92,31,5 296,72 624,72 624,33,36,103,56,1 182 455,11 922 592,11 911 592,140,141,mistral_table,pdf_text_layout,no
1536,CAMPO GRANDE,1,(A),(A),(X),(A),(A),,,,,,,,140,141,mistral_table,pdf_text_layout_partial,yes
1537,CANAPI,24,92,27,2 769,29 454,29 454,9,12,25,12,109 Z2S,2 794 234,2 794 128,140,141,mistral_table,pdf_text_layout,no
1538,CAPELA,35,97,34,5 120,202 410,202 410,,,,,,,,140,141,mistral_table,missing,yes
1539,CARNEIROS,3,6,2,247,3 520,3 520,,,,,,,,140,141,mistral_table,pdf_text_layout_partial,yes
1540,CHÁ PRETA,20,53,11,930,11 594,11 594,,,,,,,,140,141,mistral_table,missing,yes
1541,COITE DO NOIA,4,9,-,345,2 350,2 350,,,,,,,,140,141,mistral_table,pdf_text_layout_partial,yes
1542,COLONIA LEOPOLDINA,57,184,29,4 900,85 064,85 006,,,,,,,,140,141,mistral_table,missing,yes
1543,COQUEIRO SECO,9,15,-,1 259,5 109,5 109,17,17,41,14,371 300,1 804 92ô,1 804 928,140,141,mistral_table,pdf_text_layout,no
1544,CORURIPE,74,188,42,7 460,156 475,156 475,95,107,259,103,1 659 896,39 016 005,38 975 392,140,141,mistral_table,pdf_text_layout,no
1545,CRAIBAS,-,-,-,-,-,-,,,,,,,,140,141,mistral_table,missing,yes
1546,DELMIRO GOUVEIA,78,181,68,11 587,254 789,254 585,,,,,,,,140,141,mistral_table,missing,yes
1547,DOIS RIACHOS,36,90,21,4 143,62 187,62 187,,,,,,,,140,141,mistral_table,pdf_text_layout_partial,yes
1548,FEIRA GRANDE,8,22,-,1 422,9 050,9 050,27,27,93,34,2SS 842,1 929 389,1 929 389,140,141,mistral_table,pdf_text_layout,no
1549,FELIZ DESERTO,4,10,-,306,3 609,3 609,,,,,,,,140,141,mistral_table,pdf_text_layout_partial,yes
1550,FLEXEIRAS,25,81,23,5 627,116 001,115 987,12,14,39,17,200 390,4 479 564,4 479 564,140,141,mistral_table,pdf_text_layout,no
1551,GIRAU DO PONCIANO,19,47,15,3 129,47 182,47 182,21,23,59,29,476 457,888 305,888 220,140,141,mistral_table,pdf_text_layout,no
1552,IBATEGUARA,33,128,47,2 596,37 661,37 661,28,31,78,40,290 230,961 807,961 807,140,141,mistral_table,pdf_text_layout,no
1553,IGACI,30,74,-,3 531,24 153,24 153,,,,,,,,140,141,mistral_table,pdf_text_layout_partial,yes
1554,IGREJA NOVA,15,36,1,1 131,12 419,12 419,,,,,,,,140,141,mistral_table,pdf_text_layout_partial,yes
1555,INHAPI,25,54,-,3 462,46 315,46 315,15,18,37,14,142 471,3 626 100,620 600,140,141,mistral_table,pdf_text_layout,no
1556,JACARE DOS HOMENS,6,15,4,472,12 540,12 540,,,,,,,,140,141,mistral_table,pdf_text_layout_partial,yes
1557,JACUIPE,18,32,2,730,6 905,6 905,,,,,,,,140,141,mistral_table,pdf_text_layout_partial,yes
1558,JAPARATINGA,8,13,-,660,5 880,5 880,,,,,,,,140,141,mistral_table,pdf_text_layout_partial,yes
1559,JARAMATAIA,3,4,-,104,5 228,5 228,,,,,,,,140,141,mistral_table,pdf_text_layout_partial,yes
1560,JOAGUIM GOMES,17,46,10,3 646,95 009,95 009,32,36,90,31,521 884,16 370 312,16 295 36ô,140,141,mistral_table,pdf_text_layout,no
1561,JUNDIA,27,61,11,2 171,21 782,21 767,,,,,,,,140,141,mistral_table,pdf_text_layout_partial,yes
1562,JUNQUEIRO,29,63,8,6 900,99 275,99 275,,,,,,,,140,141,mistral_table,pdf_text_layout_partial,yes
1563,LAGOA DA CANOA,13,32,2,1 018,8 053,9 053,•2,44,104,49,1 592 538,525 941,298 242,140,141,mistral_table,pdf_text_layout,no
1564,LIMOEIRO DE ANADIA,5,13,-,920,4 124,4 124,,,,,,,,140,141,mistral_table,pdf_text_layout_partial,yes
1565,MAJOR ISIDORO,48,108,43,6 543,175 524,175 264,31,35,107,61,799 622,123 071,8 123 071,140,141,mistral_table,pdf_text_layout,no
1566,MARAGOGI,33,59,1,1 943,22 825,22 825,53,55,114,A3,539 199,7 373 406,7 366 206,140,141,mistral_table,pdf_text_layout,no
1567,MARAVILHA,7,17,3,448,9 564,8 487,,,,,,,,140,141,mistral_table,pdf_text_layout_partial,yes
1568,MARECHAL DEODORO,44,133,28,2 621,59 128,59 068,87,89,246,132,1 386 112,28 092 814,27 075 526,140,141,mistral_table,pdf_text_layout,no
1569,MARIBONDO,56,155,57,10 181,288 054,288 054,57,67,255,1A7,329 992,31 545 470,31 472 351,140,141,mistral_table,pdf_text_layout,no
1570,MAR VERMELHO,1,(A),(A),(X),(A),(A),,,,,,,,140,141,mistral_table,pdf_text_layout_partial,yes
1571,MATA GRANDE,38,67,4,2 114,76 473,76 473,19,20,38,12,253 727,3 827 965,3 827 965,140,141,mistral_table,pdf_text_layout,no
1572,MATRIZ DE CAMARAGIBE,74,212,46,8 189,125 904,125 854,48,50,118,63,796 956,8 957 85ô,8 953 656,140,141,mistral_table,pdf_text_layout,no
1573,MESSIAS,15,39,15,2 301,53 846,53 473,,,,,,,,140,141,mistral_table,pdf_text_layout_partial,yes
1574,MINADOR DO NEGRÃO,10,24,2,1 222,10 763,10 763,,,,,,,,140,141,mistral_table,pdf_text_layout_partial,yes
1575,MONTEIROPOLIS,4,8,-,750,6 570,6 570,2,3,5,1,26 532,561 416,561 416,142,143,mistral_table,mistral_table,no
1576,MURICI,102,213,37,11 489,156 615,156 615,45,48,141,55,585 978,15 848 280,15 843 705,142,143,mistral_table,mistral_table,no
1577,NOVO LINO,14,35,5,1 030,59 267,59 222,11,14,31,15,170 887,5 097 495,5 097 495,142,143,mistral_table,mistral_table,no
1578,OLHO D'AQUA DAS FLORES,41,119,41,8 559,195 525,195 525,43,45,169,93,835 590,15 533 585,15 155 000,142,143,mistral_table,mistral_table,no
1579,OLHO D'AQUA DO CASADO,-,-,-,-,-,-,3,3,7,3,89 591,833 297,833 297,142,143,mistral_table,mistral_table,no
1580,OLHO D'AQUA GRANDE,6,14,2,660,3 569,3 538,2,3,6,-,55 252,246 960,208 960,142,143,mistral_table,mistral_table,no
1581,OLIVENÇA,7,16,2,453,10 228,10 228,4,5,12,5,84 892,455 686,455 686,142,143,mistral_table,mistral_table,no
1582,OURO BRANCO,11,26,7,536,9 500,9 500,17,17,43,17,117 300,957 111,957 111,142,143,mistral_table,mistral_table,no
1583,PALESTINA,6,13,6,530,8 540,8 540,1,2,(A),(A),(X),(A),(A),142,143,mistral_table,mistral_table,no
1584,PALMEIRA DOS INDIOS,198,841,498,57 924,1 497 747,1 496 189,369,389,1 366,799,10 896 096,124 317 190,123 147 606,142,143,mistral_table,mistral_table,no
1585,PÃO DE AÇÚCAR,32,119,39,5 322,155 738,153 540,23,25,93,32,291 975,11 568 352,11 414 566,142,143,mistral_table,mistral_table,no
1586,PASSO DE CAMARAGIBE,41,88,5,2 234,16 201,16 201,24,26,55,24,370 877,3 300 177,3 251 177,142,143,mistral_table,mistral_table,no
1587,PAULO JACINTO,9,17,2,725,7 988,7 988,25,28,65,17,156 725,2 912 064,2 908 564,142,143,mistral_table,mistral_table,no
1588,PENEDO,103,487,231,39 459,967 852,965 142,103,118,579,383,3 923 943,85 282 603,84 745 196,142,143,mistral_table,mistral_table,no
1589,PIROZABUÇU,43,78,26,2 150,48 593,48 413,18,21,45,17,203 631,6 159 940,6 124 940,142,143,mistral_table,mistral_table,no
1590,PILAR,84,194,50,6 129,217 904,217 808,75,77,253,127,1 625 195,31 354 651,31 285 348,142,143,mistral_table,mistral_table,no
1591,PINDOBA,5,8,-,382,2 282,2 282,2,2,(A),(A),(X),(A),(A),142,143,mistral_table,mistral_table,no
1592,PIRANHAS,9,21,-,430,4 415,4 415,5,5,14,2,82 669,303 600,303 600,142,143,mistral_table,mistral_table,no
1593,POÇO DAS TRINCHEIRAS,6,12,4,427,5 178,5 106,3,4,9,3,92 279,413 267,413 267,142,143,mistral_table,mistral_table,no
1594,PORTO CALVO,101,240,64,10 933,295 615,295 555,71,75,288,160,1 501 955,32 357 568,32 342 869,142,143,mistral_table,mistral_table,no
1595,PORTO DE PEDRAS,26,49,3,1 127,7 853,7 578,30,30,69,29,274 800,3 676 855,3 676 855,142,143,mistral_table,mistral_table,no
1596,PORTO REAL DO COLEGIO,6,19,8,932,31 641,31 554,4,7,42,31,245 073,3 580 261,3 470 261,142,143,mistral_table,mistral_table,no
1597,QUEBRANQUIO,18,38,4,2 557,22 615,22 615,50,53,132,60,1 774 648,8 560 020,8 560 020,142,143,mistral_table,mistral_table,no
1598,RIO LARGO,180,653,135,36 020,1 020 398,1 019 412,102,113,481,247,3 300 898,81 634 325,80 109 872,142,143,mistral_table,mistral_table,no
1599,ROTEIRO,4,11,4,575,5 976,5 976,5,5,19,11,118 096,5 517 752,5 517 752,142,143,mistral_table,mistral_table,no
1600,SANTA LUZIA DO NORTE,10,11,1,3 147,13 203,13 203,14,14,37,11,218 385,1 205 448,1 187 118,142,143,mistral_table,mistral_table,no
1601,SANTANA DO IPANEMA,95,386,174,22 292,683 313,682 157,91,106,424,260,2 018 054,54 536 400,54 332 747,142,143,mistral_table,mistral_table,no
1602,SANTANA DO MUNDAU,19,48,9,2 874,20 397,20 397,52,53,123,38,641 080,4 230 818,4 159 018,142,143,mistral_table,mistral_table,no
1603,SÃO BRAS,1,(A),(A),(X),(A),(A),3,4,7,2,29 066,235 442,227 442,142,143,mistral_table,mistral_table,no
1604,SÃO JOSE DA LAJE,51,197,74,6 786,222 957,222 957,41,51,195,105,685 364,26 995 382,26 990 082,142,143,mistral_table,mistral_table,no
1605,SÃO JOSE DA TAPERA,29,75,16,2 481,59 090,59 090,16,19,47,16,290 612,7 227 323,7 157 723,142,143,mistral_table,mistral_table,no
1606,SÃO LUIS DO QUITUNDE,82,184,44,10 491,171 824,171 209,50,50,143,53,906 911,10 977 765,10 977 765,142,143,mistral_table,mistral_table,no
1607,SÃO MIGUEL DOS CAMPOS,132,486,201,37 003,1 173 254,1 170 597,134,150,544,388,5 044 517,159 021 054,158 436 690,142,143,mistral_table,mistral_table,no
1608,SÃO MIGUEL DOS MILAGRES,15,28,-,946,13 141,13 141,6,6,7,1,112 000,1 070 526,1 070 526,142,143,mistral_table,mistral_table,no
1609,SÃO SEBASTIÃO,6,42,27,3 561,42 731,38 702,19,22,90,39,551 663,14 386 061,14 386 061,142,143,mistral_table,mistral_table,no
1610,SATUBA,23,40,-,42 052,228 369,228 369,25,25,85,37,540 132,8 060 848,8 060 848,142,143,mistral_table,mistral_table,no
1611,SENADOR RUI PALMEIRA,-,-,-,-,-,-,9,10,54,22,90 414,1 450 824,1 444 344,142,143,mistral_table,mistral_table,no
1612,TANQUE D'ARCA,4,8,4,686,7 243,7 243,7,8,28,10,229 410,1 158 138,1 082 438,142,143,mistral_table,mistral_table,no
1613,TAQUARANA,14,29,-,2 243,19 490,19 490,22,24,77,17,265 035,1 974 165,1 767 297,142,143,mistral_table,mistral_table,no
1614,TRAIPU,20,37,9,791,9 736,9 736,15,16,49,22,229 261,2 216 441,2 216 441,142,143,mistral_table,mistral_table,no
1615,UNIÃO DOS PALMARES,95,284,87,16 820,577 999,577 665,103,118,497,254,3 031 599,71 707 221,71 433 539,142,143,mistral_table,mistral_table,no
1616,VIÇOSA,56,153,48,6 524,150 549,150 264,68,79,198,56,674 901,16 574 492,16 488 246,142,143,mistral_table,mistral_table,no
1617,SERGIPE,3 805,15 410,7 591,1 224 776,31 531 057,31 381 721,4 046,4 766,22 575,13 616,179 330 770,3 824 096 886,3 763 482 028,144,145,mistral_table,mistral_table,no
1618,COMERCIO VAREJISTA,3 609,13 700,7 027,982 477,23 964 410,23 840 362,3 900,4 486,20 553,12 385,158 476 320,2 775 581 681,2 720 682 648,144,145,mistral_table,mistral_table,no
1619,"PROD. ALIMENTICIOS, BEBIDAS E FUMO",282,2 672,488,141 168,1 921 892,1 908 300,1 494,1 545,3 991,1 478,22 150 149,240 906 077,238 926 691,144,145,mistral_table,mistral_table,no
1620,"PROD. FARMACÊUTICOS, ODONT. E VETER",286,858,391,64 434,859 106,857 971,372,418,1 254,599,7 960 486,93 368 475,92 882 688,144,145,mistral_table,mistral_table,no
1621,"TECIDOS, VESTUÁRIO E ARMARINHO",865,2 536,1 188,156 672,2 504 228,2 493 427,811,898,3 703,2 265,21 770 964,265 819 671,265 398 179,144,145,mistral_table,mistral_table,no
1622,MAG. E APARELHOS ELETR. USO DOMEST,281,1 174,630,108 242,2 495 014,2 462 635,164,269,1 627,1 071,12 578 161,220 720 807,218 254 257,144,145,mistral_table,mistral_table,no
1623,"FERRAGENS, MAT. ELETR. E ELETRONICO",266,1 116,625,99 785,2 256 035,2 249 308,362,416,1 714,994,13 045 590,200 275 012,198 786 340,144,145,mistral_table,mistral_table,no
1624,"VEICULOS NOVOS E USADOS, PECAS",148,700,383,74 666,3 056 522,3 044 459,229,267,1 772,1 056,17 280 359,428 726 999,413 414 170,144,145,mistral_table,mistral_table,no
1625,MAG. E EQUIP. DE USO INDUSTRIAL,49,197,117,30 507,1 061 423,1 055 675,39,62,386,230,3 937 599,78 187 746,72 914 974,144,145,mistral_table,mistral_table,no
1626,COMBUSTÍVEIS E LUBRIFICANTES,117,790,464,59 814,3 194 062,3 176 340,126,193,1 216,936,10 111 622,344 944 012,342 784 625,144,145,mistral_table,mistral_table,no
1627,"PAPELARIAS, LIVRARIAS",56,228,146,15 396,235 546,235 832,42,53,261,189,1 716 059,19 363 905,18 985 761,144,145,mistral_table,mistral_table,no
1628,MERC. EM GERAL - INC. ALIMENTÍCIOS,108,2 438,2 149,172 887,5 543 421,5 541 835,50,148,3 614,2 912,40 991 630,808 194 873,786 487 124,144,145,mistral_table,mistral_table,no
1629,MERC. EM GERAL - EXC. ALIMENTÍCIOS,21,310,224,23 090,312 063,296 089,2,7,151,146,1 075 697,21 229 531,21 229 531,144,145,mistral_table,mistral_table,no
1630,ARTIGOS DIVERSOS,141,445,207,34 127,515 430,511 524,184,225,792,472,5 378 633,54 041 094,50 860 869,144,145,mistral_table,mistral_table,no
1631,ARTIGOS USADOS,9,26,13,1 589,7 267,6 967,25,25,72,36,481 371,1 803 475,1 757 639,144,145,mistral_table,mistral_table,no
1632,COMERCIO ATACADISTA,129,874,552,90 119,7 566 647,7 541 359,146,193,1 694,1 229,16 887 464,1 048 515 205,1 042 799 380,144,145,mistral_table,mistral_table,no
1633,PRODUTOS EXTRATIVOS E AGROPECUÁRIOS,6,38,26,7 578,253 991,253 182,27,27,137,93,1 182 693,22 736 864,22 698 815,144,145,mistral_table,mistral_table,no
1634,"PROD. ALIMENTÍCIOS, BEBIDAS E FUMO",61,412,309,32 817,1 583 804,1 578 349,72,83,637,456,5 341 815,172 614 303,169 699 581,144,145,mistral_table,mistral_table,no
1635,"PROD. FARMACÊUTICOS, ODONT. E VETER",18,114,49,11 560,273 341,273 245,14,29,297,239,2 500 744,69 301 210,68 881 111,144,145,mistral_table,mistral_table,no
1636,"TECIDOS, VESTUÁRIO E ARMARINHO",7,59,40,6 603,113 163,113 163,7,8,50,34,228 860,4 679 031,4 679 031,144,145,mistral_table,mistral_table,no
1637,MAG. E APARELHOS ELETR. USO DOMEST,1,(A),(A),(A),(A),(A),1,1,CA),(A),!X),(A),(A),144,145,mistral_table,pdf_text_layout,no
1638,"FERRAGENS, MAT. ELETR. E ELETRONICO",1,105,42,9 142,214 929,209 100,12,14,146,90,1 918 493,90 646 675,90 366 560,144,145,mistral_table,mistral_table,no
1639,"VEICULOS NOVOS E USADOS, PECAS",-,-,-,-,-,-,2,3,18,14,113 056,6 571 259,6 511 259,144,145,mistral_table,mistral_table,no
1640,MAG. E EQUIP. DE USO INDUSTRIAL,2,(D),(B),(X),(D),(D),2,2,(C),(A),(X),(A),(A),144,145,mistral_table,pdf_text_layout,no
1641,COMBUSTÍVEIS E LUBRIFICANTES,8,31,26,6 069,4 837 100,4 636 644,2,12,107,95,2 242 537,546 499 417,546 352 416,144,145,mistral_table,mistral_table,no
1642,"PAPELARIAS, LIVRARIAS",2,(B),(A),(X),(A),(A),1,5,242,182,2 686 853,128 730 626,127 102 173,144,145,mistral_table,mistral_table,no
1643,MERC. EM GERAL - INC. ALIMENTÍCIOS,2,(D),(D),(X),(D),(D),,,,,,,,144,145,mistral_table,missing,yes
1644,MERC. EM GERAL - EXC. ALIMENTÍCIOS,2,(B),(A),(X),(A),(A),1,1,<C>,(A),(X),(A),(A),144,145,mistral_table,pdf_text_layout,no
1645,ARTIGOS DIVERSOS,2,(B),(A),(X),(A),(A),2,3,2,29 767,320 657,320 657,320 657,144,145,mistral_table,mistral_table,no
1646,ARTIGOS USADOS,3,11,8,822,8 400,8 400,3,3,9,5,64 800,235 000,235 000,144,145,mistral_table,mistral_table,no
1647,ARACAJU,1 587,8 967,5 175,818 108,20 486 943,20 365 775,1 565,1 935,12 745,8 715,115 985 006,2 267 507 750,2 237 082 804,144,145,mistral_table,mistral_table,no
1648,COMERCIO VAREJISTA,1 483,7 817,4 809,664 184,15 444 783,15 343 859,1 498,1 808,11 285,7 762,99 517 830,1 700 651 686,1 674 919 046,144,145,mistral_table,mistral_table,no
1649,"PROD. ALIMENTÍCIOS, BEBIDAS E FUMO",444,938,179,62 548,897 788,887 851,481,495,1 242,482,8 931 883,96 382 097,95 726 750,144,145,mistral_table,mistral_table,no
1650,"PROD. FARMACÊUTICOS, ODONT. E VETER",87,428,239,38 424,515 366,514 829,121,141,556,340,4 000 368,44 088 83,43 661 513,144,145,mistral_table,mistral_table,no
1651,"TECIDOS, VESTUÁRIO E ARMARINHO",381,1 462,882,105 048,1 438 614,1 429 686,320,377,2 307,1 726,15 331 387,180 647 638,180 280 618,144,145,mistral_table,mistral_table,no
1652,MAG. E APARELHOS ELETR. USO DOMEST,125,808,459,85 125,1 600 391,1 609 609,61,118,1 099,736,9 152 034,165 800 832,163 582 498,144,145,mistral_table,mistral_table,no
1653,"FERRAGENS, MAT. ELETR. E ELETRONICO",130,764,478,79 104,1 795 897,1 789 849,178,215,1 147,739,9 616 272,156 487 910,153 389 492,144,145,mistral_table,mistral_table,no
1654,"VEICULOS NOVOS E USADOS, PECAS",83,454,245,55 780,1 928 793,1 918 856,104,131,1 160,672,11 944 554,256 977 961,246 310 512,144,145,mistral_table,mistral_table,no
1655,MAG. E EQUIP. DE USO INDUSTRIAL,26,149,75,22 402,897 042,892 140,32,43,332,196,3 460 775,63 312 500,60 315 959,144,145,mistral_table,mistral_table,no
1656,COMBUSTÍVEIS E LUBRIFICANTES,33,345,214,27 195,1 359 751,1 350 734,30,39,538,459,4 979 095,153 543 246,152 346 775,144,145,mistral_table,mistral_table,no
1657,"PAPELARIAS, LIVRARIAS",42,197,135,13 802,224 397,224 283,30,41,219,167,1 129 991,17 271 424,17 079 250,144,145,mistral_table,mistral_table,no
1658,MERC. EM GERAL - INC. ALIMENTÍCIOS,37,1 643,1 511,124 998,3 802 987,3 802 631,15,55,1 963,1 751,25 821 383,505 436 857,504 500 700,144,145,mistral_table,mistral_table,no
1659,MERC. EM GERAL - EXC. ALIMENTÍCIOS,4,265,218,20 950,269 888,253 918,,,,,,,,144,145,mistral_table,missing,yes
1660,ARTIGOS DIVERSOS,85,328,167,27 474,406 797,404 861,112 137,S4S,342,3 980 302,AO S81,143,37 609 8A3,144,145,mistral_table,pdf_text_layout,no
1661,ARTIGOS USADOS,6,16,7,1 334,4 912,4 612,14,1A,(0),(0),(X),(A),(A),144,145,mistral_table,pdf_text_layout,no
1662,COMERCIO ATACADISTA,56,578,356,64 193,5 042 160,5 021 916,87,91,1 229,952,13 140 220,566 856 064,562 163 758,144,145,mistral_table,mistral_table,no
1663,PRODUTOS EXTRATIVOS E AGROPECUÁRIOS,4,32,28,6 203,247 484,247 484,3,3,70,64,629 052,11 635 227,11 635 227,144,145,mistral_table,mistral_table,no
1664,"PROD. ALIMENTÍCIOS, BEBIDAS E FUMO",16,228,189,17 907,922 770,931 550,32,35,401,319,3 770 734,119 146 270,118 862 483,144,145,mistral_table,mistral_table,no
1665,"PROD. FARMACÊUTICOS, ODONT. E VETER",11,101,43,10 470,251 776,251 680,10,16,234,199,1 987 248,50 198 707,49 778 608,144,145,mistral_table,mistral_table,no
1666,"TECIDOS, VESTUÁRIO E ARMARINHO",4,57,40,6 485,111 264,111 264,4,5,33,25,121 183,1 267 818,1 267 818,144,145,mistral_table,mistral_table,no
1667,MAG. E APARELHOS ELETR. USO DOMEST,-,-,-,-,-,-,1,1,(A),(A),(X),(A),(A),144,145,mistral_table,pdf_text_layout,no
1668,"FERRAGENS, MAT. ELETR. E ELETRONICO",10,91,36,7 927,193 973,188 144,8,10,119,69,1 799 527,42 939 563,42 659 448,144,145,mistral_table,mistral_table,no
1669,"VEICULOS NOVOS E USADOS, PECAS",-,-,-,-,-,-,1,2,(C),(C),(X),(C),<C),144,145,mistral_table,pdf_text_layout,no
1670,MAG. E EQUIP. DE USO INDUSTRIAL,2,(D)*,(B),(X),(D),(D),2,2,(C),(A),(X),(A),(A),144,145,mistral_table,pdf_text_layout,no
1671,COMBUSTÍVEIS E LUBRIFICANTES,7,14,9,3 642,3 072 561,3 072 105,1,7,83,72,1 522 110,205 523 913,205 523 913,144,145,mistral_table,mistral_table,no
1672,"PAPELARIAS, LIVRARIAS",1,(B),(A),(X),(A),(A),,,,,,,,144,145,mistral_table,pdf_text_layout_partial,yes
1673,MERC. EM GERAL - INC. ALIMENTÍCIOS,-,-,-,-,-,-,1,4,232,174,2 645 106,124 446 984,122 818 531,144,145,mistral_table,mistral_table,no
1674,ARTIGOS DIVERSOS,-,-,-,-,-,-,,,,,,,,144,145,mistral_table,missing,yes
1675,ARTIGOS USADOS,1,(A),(A),(X),(A),(A),3,3,9,5,64 800,235 000,235 000,144,145,mistral_table,mistral_table,no
1676,AMPARO DE SÃO FRANCISCO,-,-,-,-,-,-,10,10,25,10,119 500,589 600,578 000,144,145,mistral_table,mistral_table,no
1677,AQUIDABÁ,56,135,27,8 386,148 783,148 398,56,61,161,70,523 325,9 291 586,9 277 586,144,145,mistral_table,mistral_table,no
1678,ARAUA,7,16,8,700,18 689,18 689,15,17,49,29,581 266,5 820 276,5 817 636,144,145,mistral_table,mistral_table,no
1679,AREIA BRANCA,8,16,2,839,12 807,12 760,8,8,24,9,175 395,912 216,900 036,144,145,mistral_table,mistral_table,no
1680,BARRÁ DOS COQUEIROS,23,49,-,924,7 694,7 694,18,18,51,17,242 708,2 420 742,2 420 742,144,145,mistral_table,mistral_table,no
1681,BOQUIM,48,162,66,7 772,286 523,285 551,36,48,182,119,1 744 457,39 836 919,39 704 724,144,145,mistral_table,mistral_table,no
1682,BREJO GRANDE,13,27,-,672,7 147,7 147,10,11,25,4,89 992,919 701,919 701,144,145,mistral_table,mistral_table,no
1683,CAMPO DO BRITO,18,40,5,1 877,51 904,51 904,32,34,83,32,413 909,5 952 448,5 827 439,144,145,mistral_table,mistral_table,no
1684,CANHOBA,3,7,-,294,2 040,2 040,3,3,9,1,49 900,386 000,386 000,144,145,mistral_table,mistral_table,no
1685,CANINDE DE SÃO FRANCISCO,1,(A),(A),(X),(A),(A),4,4,9,2,17 670,246 185,230 985,144,145,mistral_table,mistral_table,no
1686,CAPELA,61,151,34,7 241,109 673,109 581,48,50,146,58,1 023 874,13 824 586,13 551 996,144,145,mistral_table,mistral_table,no
1687,CARIRA,68,182,64,7 060,196 395,194 993,41,57,174,76,552 738,17 557 478,17 557 078,146,147,mistral_table,mistral_table,no
1688,CARMOPOLIS,19,55,15,2 496,36 970,36 970,8,13,39,24,341 635,15 416 028,15 416 028,146,147,mistral_table,mistral_table,no
1689,CEDRO DE SÃO JOÃO,14,31,6,1 798,31 882,31 882,22,22,78,31,412 100,2 768 140,2 699 140,146,147,mistral_table,mistral_table,no
1690,CRISTINAPOLIS,12,37,16,1 734,70 569,70 569,19,23,76,49,380 196,6 358 623,6 321 103,146,147,mistral_table,mistral_table,no
1691,CUMBE,7,14,-,426,3 171,3 171,4,4,7,-,7 200,220 184,220 184,146,147,mistral_table,mistral_table,no
1692,DIVINA PASTORA,8,24,-,616,2 426,2 396,1,2,(B),(A),(X),(A),(A),146,147,mistral_table,mistral_table,no
1693,ESTÂNCIA,139,575,256,37 098,845 430,838 898,149,172,775,505,5 450 295,109 876 705,107 600 839,146,147,mistral_table,mistral_table,no
1694,FEIRA NOVA,4,7,-,339,2 358,2 358,5,5,14,2,30 120,533 874,533 874,146,147,mistral_table,mistral_table,no
1695,FREI PAULO,38,80,7,4 647,53 461,53 461,26,29,74,20,423 076,8 975 537,8 845 936,146,147,mistral_table,mistral_table,no
1696,GARARU,6,9,-,205,6 140,6 140,9,9,23,2,47 325,1 020 337,969 132,146,147,mistral_table,mistral_table,no
1697,GENERAL MAYNARD,1,(A),(A),(X),(A),(A),-,-,-,-,-,-,-,146,147,mistral_table,mistral_table,no
1698,GRACHO CARDOSO,13,25,1,780,15 552,15 552,12,12,34,14,66 107,819 909,803 709,146,147,mistral_table,mistral_table,no
1699,ILHA DAS FLORES,18,42,11,2 207,44 470,44 470,15,20,43,14,161 603,3 459 540,3 459 540,146,147,mistral_table,mistral_table,no
1700,IHIDIAROBA,9,21,3,1 233,12 624,12 624,25,25,55,26,384 423,3 630 458,3 626 658,146,147,mistral_table,mistral_table,no
1701,ITABAIANA,226,771,354,43 453,1 313 546,1 309 405,230,259,1 064,653,5 456 953,145 525 196,144 448 770,146,147,mistral_table,mistral_table,no
1702,ITABAIANA,51,148,59,10 060,157 426,157 246,142,181,463,276,3 120 732,36 306 215,36 243 215,146,147,mistral_table,mistral_table,no
1703,ITABI,11,15,2,667,13 992,13 992,10,11,25,10,57 247,1 245 482,1 235 482,146,147,mistral_table,mistral_table,no
1704,ITAPORANGA D'AJUDA,17,40,9,2 469,102 490,102 490,47,51,130,60,551 709,16 568 317,16 493 817,146,147,mistral_table,mistral_table,no
1705,JAPARATUBA,30,63,17,2 180,59 193,59 096,21,23,63,24,370 998,8 139 495,8 139 495,146,147,mistral_table,mistral_table,no
1706,JAPOATÁ,11,22,4,743,11 880,11 880,10,12,26,14,86 792,1 615 042,1 615 042,146,147,mistral_table,mistral_table,no
1707,LAGARTO,201,793,435,56 073,1 115 154,1 112 923,226,258,995,569,7 039 882,131 260 451,130 274 256,146,147,mistral_table,mistral_table,no
1708,LARANJEIRAS,23,66,31,7 223,1 647 735,1 646 898,24,30,118,68,1 258 273,344 846 340,344 699 339,146,147,mistral_table,mistral_table,no
1709,MACAMBIRA,6,16,-,437,3 230,3 230,12,14,37,3,148 916,785 697,736 497,146,147,mistral_table,mistral_table,no
1710,MALHADA DOS BOIS,3,14,2,826,44 289,44 289,10,10,54,33,309 472,7 937 655,7 898 539,146,147,mistral_table,mistral_table,no
1711,MALHADOR,19,44,5,888,36 440,36 440,12,12,36,5,220 214,2 879 569,2 879 569,146,147,mistral_table,mistral_table,no
1712,MARUIM,46,150,60,10 174,149 426,148 493,35,40,122,53,904 856,13 089 302,13 020 8.0,146,147,mistral_table,mistral_table,no
1713,MOITA BONITA,15,32,8,1 604,19 890,19 768,14,15,37,13,160 893,2 129 424,2 055 665,146,147,mistral_table,mistral_table,no
1714,MONTE ALEGRE DE SERGIPE,17,39,11,2 037,27 001,27 001,20,24,67,28,406 411,6 105 804,6 105 804,146,147,mistral_table,mistral_table,no
1715,MURIBECA,13,34,7,1 671,22 894,22 816,19,20,53,23,207 282,3 238 363,3 208 863,146,147,mistral_table,mistral_table,no
1716,NEOPOLIS,47,100,23,4 120,76 623,76 623,34,46,124,52,560 679,12 769 062,12 751 062,146,147,mistral_table,mistral_table,no
1717,NOSSA SENHORA APARECIDA,4,7,-,298,1 881,1 881,7,7,13,5,430 021,2 178 546,2 068 546,146,147,mistral_table,mistral_table,no
1718,NOSSA SENHORA DA GLORIA,50,169,94,12 233,411 541,410 068,54,63,241,133,1 485 816,32 236 752,32 099 143,146,147,mistral_table,mistral_table,no
1719,NOSSA SENHORA DAS DORES,41,133,59,7 465,209 020,209 005,39,47,160,76,630 578,19 955 327,19 895 604,146,147,mistral_table,mistral_table,no
1720,NOSSA SENHORA DE LOURDES,10,19,-,726,23 930,23 830,8,8,26,6,88 200,2 323 481,2 288 481,146,147,mistral_table,mistral_table,no
1721,NOSSA SENHORA DO SOCORRO,17,184,67,52 057,1 062 520,1 058 272,18,24,677,197,9 475 743,177 253 980,155 331 595,146,147,mistral_table,mistral_table,no
1722,PACATUBA,18,41,9,1 293,13 977,13 947,9,12,24,9,105 162,1 185 488,1 185 488,146,147,mistral_table,mistral_table,no
1723,PEDRA MOLE,4,8,-,214,1 324,1 324,4,4,11,-,36 800,251 200,251 200,146,147,mistral_table,mistral_table,no
1724,PEDRINHAS,11,29,11,1 679,41 686,41 686,21,26,90,46,557 993,8 370 791,8 355 791,146,147,mistral_table,mistral_table,no
1725,PINHÃO,10,19,1,635,7 137,7 020,13,15,40,11,154 400,2 180 386,2 180 386,146,147,mistral_table,mistral_table,no
1726,PIRAMBU,8,17,-,366,3 253,3 253,12,12,39,15,217 286,3 209 486,3 209 486,146,147,mistral_table,mistral_table,no
1727,POÇO REDONDO,10,18,2,475,9 479,9 479,58,61,153,61,454 820,6 877 198,6 870 398,146,147,mistral_table,mistral_table,no
1728,POÇO VERDE,32,102,35,4 167,87 162,86 716,34,42,127,64,619 730,7 890 460,7 889 720,146,147,mistral_table,mistral_table,no
1729,PORTO DA FOLHA,56,78,13,3 592,119 271,118 993,85,90,219,84,983 463,14 023 677,13 896 442,146,147,mistral_table,mistral_table,no
1730,PROPRIA,135,412,199,23 947,664 081,662 533,139,147,610,344,3 437 000,69 348 786,69 101 172,146,147,mistral_table,mistral_table,no
1731,RIACHÃO DO DANTAS,7,17,7,1 476,37 540,37 540,20,23,68,23,317 443,8 590 558,8 562 478,146,147,mistral_table,mistral_table,no
1732,RIACHUELO,12,25,6,929,18 190,17 485,12,14,40,22,183 025,3 106 691,2 829 206,148,149,mistral_table,mistral_table,no
1733,RIBEIROPOLIS,44,71,10,4 677,97 605,97 304,35,40,148,58,1 233 876,9 969 082,9 953 089,148,149,mistral_table,mistral_table,no
1734,ROSARIO DO CATETE,9,27,11,1 943,26 838,26 838,8,8,23,9,108 709,3 167 689,3 167 060,148,149,mistral_table,mistral_table,no
1735,SALGADO,15,32,4,2 516,44 924,44 864,19,21,49,20,479 055,5 650 535,5 650 535,148,149,mistral_table,mistral_table,no
1736,SANTA LUZIA DO ITANNY,4,6,-,197,658 573,573 573,8,9,16,3,73 148,2 242 660,2 196 094,148,149,mistral_table,mistral_table,no
1737,SANTA ROSA DE LIMA,10,19,-,546,2 970,2 936,4,4,9,-,5 790,126 790,116 469,148,149,mistral_table,mistral_table,no
1738,SANTO AMARO DAS BROTAS,12,36,3,1 079,11 023,10 997,20,21,31,1,112 095,1 566 868,1 566 868,148,149,mistral_table,mistral_table,no
1739,SÃO CRISTÓVÃO,44,99,22,4 032,93 281,93 280,43,49,171,105,1 076 101,19 869 462,19 804 767,148,149,mistral_table,mistral_table,no
1740,SÃO DOMINGOS,13,21,2,716,6 124,6 113,11,11,32,12,82 238,524 010,505 980,148,149,mistral_table,mistral_table,no
1741,SÃO FRANCISCO,3,7,-,184,1 627,1 591,3,3,6,2,45 840,480 000,480 000,148,149,mistral_table,mistral_table,no
1742,SÃO MIGUEL DO ALEIXO,3,5,-,310,2 410,2 410,6,6,15,2,21 500,382 578,382 578,148,149,mistral_table,mistral_table,no
1743,SIMÃO DIAS,81,217,70,12 849,226 603,226 567,73,85,251,104,2 128 357,25 826 930,25 597 855,148,149,mistral_table,mistral_table,no
1744,SIRIRI,7,15,1,551,9 315,9 315,14,14,29,1,105 299,2 217 439,2 217 439,148,149,mistral_table,mistral_table,no
1745,TELMA,,,,,,,4,4,12,4,61 400,390 000,390 000,148,149,mistral_table_partial,mistral_table,yes
1746,TOBIAS BARRETO,165,433,204,24 159,896 408,895 869,143,168,565,297,2 724 567,67 145 730,67 126 453,148,149,mistral_table,mistral_table,no
1747,TOMAR DO GERU,20,46,5,1 714,13 839,13 839,20,22,72,27,375 348,48 636 052,48 621 052,148,149,mistral_table,mistral_table,no
1748,UMBAUBA,31,73,33,5 298,127 251,127 251,95,108,288,161,1 216 538,22 777 472,22 777 472,148,149,mistral_table,mistral_table,no
1749,BAHIA,29 906,130 430,67 868,12 953 270,295 063 078,293 697 982,38 424,42 802,188 298,113 101,1 550 503 123,30 677 500 398,30 371 583 486,148,149,pdf_text_layout,mistral_table,no
1750,COMERCIO VAREJISTA,28 242,113 001,60 207,804 268,180 887 986 179,908 038,36 869,40 653,166 427,100 380,1 259 829 548,18 873 876 925,18 688 240 757,148,149,pdf_text_layout,mistral_table,no
1751,"PROD. ALIMENTICIOS, BEBIDAS E FUMO",,,,,,,18 422,18 864,47 017,21 399,304 327 959,2 571 162 475,2 554 822 231,148,149,mistral_table_partial,mistral_table,yes
1752,"PROD. FARMACÊUTICOS, ODONT. E VETER",,,,,,,2 386,2 824,10 856,6 212,78 460 160,767 811 987,783 906 363,148,149,mistral_table_partial,mistral_table,yes
1753,"TECIDOS, VESTUARIO E ARMARINHO",,,,,,,6 751,7 366,27 736,16 767,222 678 658,1 766 279 908,1 760 898 651,148,149,mistral_table_partial,mistral_table,yes
1754,MAG. E APARELHOS ELETR. USO DOMEST,,,,,,,1 047,1 557,9 010,6 477,76 804 692,1 177 576 861,1 169 837 371,148,149,mistral_table_partial,mistral_table,yes
1755,"FERRAGENS, MAT. ELETR. E ELETRÔNICO",,,,,,,2 524,2 855,13 064,7 772,52 731 064,1 567 290 345,1 554 516 683,148,149,mistral_table_partial,mistral_table,yes
1756,"VEICULOS NOVOS E USADOS, PECAS",,,,,,,744,1 908,11 730,6 682,109 752 200,2 705 672 097,2 641 434 008,148,149,mistral_table_partial,mistral_table,yes
1757,MAG. E EQUIP. DE USO INDUSTRIAL,,,,,,,830,387,2 961,1 612,34 575 148,617 332 181,587 678 513,148,149,mistral_table_partial,mistral_table,yes
1758,COMBUSTÍVEIS E LUBRIFICANTES,,,,,,,852,1 034,8 045,6 164,73 206 989,2 400 224 372,2 373 292 082,148,149,mistral_table_partial,mistral_table,yes
1759,"PAPELARIAS, LIVRARIAS",,,,,,,604,702,2 650,1 605,20 287 106,206 508 030,204 532 969,148,149,mistral_table_partial,mistral_table,yes
1760,MERC. EM GERAL - INC. ALIMENTÍCIOS,,,,,,,503,1 099,24 170,19 652,166 183 626,4 237 647 187,4 229 506 888,148,149,mistral_table_partial,mistral_table,yes
1761,MERC. EM GERAL - EXC. ALIMENTÍCIOS,,,,,,,51,70,2 434,2 224,18 099 260,422 817 156,422 495 644,148,149,mistral_table_partial,mistral_table,yes
1762,ARTIGOS DIVERSOS,,,,,,,1 439,1 767,6 076,3 420,46 719 986,379 340 700,371 430 768,148,149,mistral_table_partial,mistral_table,yes
1763,ARTIGOS USADOS,69,318,151,33 548,536 314,527 845,216,220,676,394,6 002 700,34 013 626,33 688 586,148,149,mistral_table,mistral_table,no
1764,COMERCIO ATACADISTA,422,12 664,865,027 343,114 175 092,113 789 944,1 555,1 940,17 967,11 902,223 483 677,11 774 559 555,11 683 342 729,148,149,pdf_text_layout,mistral_table,no
1765,PRODUTOS EXTRATIVOS E AGROPECUARIOS,369,2 068 813,503 662,26 443 315,26,316 445,536,653,3 497,2 212,39 867 089,3 172 907 124,3 131 886 567,148,149,mistral_table,mistral_table,no
1766,"PROD. ALIMENTICIOS, BEBIDAS E FUMO",670,6 064,3 419,686 542,22 042 935,21 979 438,685,809,8 288,5 601,78 649 275,2 211 488 351,2 205 095 031,148,149,pdf_text_layout,mistral_table,no
1767,"PROD. FARMACÊUTICOS, ODONT. E VETER",81,1 109 629,214 654,5 202 198,5,114 616,72,98,1 572,1 151,29 031 950,885 785 416,882 431 564,148,149,mistral_table,mistral_table,no
1768,"TECIDOS, VESTUARIO E ARMARINHO",49,489 268,70 521,1 728 429,1,725 168,59,68,700,384,6 484 950,180 494 098,179 778 721,148,149,mistral_table,mistral_table,no
1769,MAG. E APARELHOS ELETR. USO DOMEST,8,60,24,10 969,376 977,376 977,10,11,194,114,3 054 970,69 721 210,67 775 221,148,149,mistral_table,mistral_table,no
1770,"FERRAGENS, MAT. ELETR. E ELETRÔNICO",73,64 301,122 903,2 612 654,2,559 723,56,80,755,453,9 008 058,256 987 113,253 992 769,148,149,mistral_table,mistral_table,no
1771,"VEICULOS NOVOS E USADOS, PECAS",21,316 118,52 293,1 825 634,1,814 255,25,33,781,547,8 936 387,234 221 086,229 127 074,148,149,mistral_table,mistral_table,no
1772,MAG. E EQUIP. DE USO INDUSTRIAL,27,401 194,123 266,2 716 478,2,704 266,17,27,460,177,10 516 489,145 310 266,138 732 042,148,149,mistral_table,mistral_table,no
1773,COMBUSTÍVEIS E LUBRIFICANTES,49,382 310,105 076,47 436 307,47,426 298,6,48,768,676,23 998 909,4 368 744 789,4 354 992 361,148,149,mistral_table,mistral_table,no
1774,"PAPELARIAS, LIVRARIAS",19,198,98,40 646,639 419,635 281,22,32,430,252,7 027 512,148 463 092,145 637 723,148,149,mistral_table,mistral_table,no
1775,MERC. EM GERAL - INC. ALIMENTÍCIOS,19,668 563,86 568,2 272 786,2,270 306,6,9,58,34,576 117,10 845 408,10 845 408,148,149,mistral_table,mistral_table,no
1776,MERC. EM GERAL - EXC. ALIMENTÍCIOS,5,90,40,5 694,110 584,104 015,1,6,85,60,2 539 377,34 324 311,28 878 405,148,149,mistral_table,mistral_table,no
1777,ARTIGOS DIVERSOS,15,123,45,15 832,229 335,225 345,28,32,195,117,1 727 482,27 005 784,26 688 098,148,149,mistral_table,mistral_table,no
1778,ARTIGOS USADOS,17,85,43,8 717,337 841,337 811,32,34,184,124,2 065 112,28 261 507,27 479 745,148,149,mistral_table,mistral_table,no
1779,REGIÃO METROPOLITANA,630,55 384,35 641,201 015,154 072 811,1 53 167 426,6 758,8 550,70 685,47 390,758 019 674,14 246 128 730,14 091 339 106,148,149,pdf_text_layout,mistral_table,no
1780,COMERCIO VAREJISTA,108,45 591,31 712,070 641,86 235 061,85 610 645,6 462,8 066,60 539,42 235,581 508 451,8 560 537 281,8 473 268 109,148,149,pdf_text_layout,mistral_table,no
1781,"PROO. ALIMENTICIOS, BEBIDAS E FUMO",840,4 729,2 148,458 342,6 172 606,6 148 531,2 141,2 317,6 856,3 526,59 464 416,526 110 628,523 464 895,148,149,pdf_text_layout,mistral_table,no
1782,"PROO. FARMACEUTICOS, ODONT. E VETER",265,2 180,1 637,19S 322,2 218 264,2 211 246,364,564,3 858,2 588,32 127 532,252 645 502,251 764 446,148,149,pdf_text_layout,mistral_table,no
1783,"TECIDOS, VESTUARIO E ARMARINHO",1 498,8 139,5 644,695 945,7 688 813,7 678 096,1 487,1 846,10 942,8 184,124 961 642,823 950 253,822 463 462,148,149,pdf_text_layout,mistral_table,no
1784,MAO. E APARELHOS ELETR. USO DOMEST,381,3 046,1 868,401 003,5 938 385,5 865 902,250,438,3 572,2 716,36 805 111,491 600 916,487 183 846,148,149,pdf_text_layout,mistral_table,no
1785,"FERRAGENS, MAT. ELETR. E ELETRONICO",673,4 039,2 115,S43 313,9 282 916,9 241 298,761,893,5 689,3 644,51 771 567,744 768 002,738 264 085,148,149,pdf_text_layout,mistral_table,no
1786,"VEICULOS NOVOS E USADOS, PECAS",,,,,,,421,472,4 579,2 781,52 614 896,1 284 271 024,1 255 554 138,148,149,mistral_table_partial,mistral_table,yes
1787,MAG. E EQUIP. DE USO INDUSTRIAL,93,1 474 586,337 914,4 333 193,4,184 130,124,142,1 580,850,22 669 838,313 585 946,290 609 784,148,149,mistral_table,mistral_table,no
1788,COMBUSTIVEIS E LUBRIFICANTES,105,1 801,1 461,196 081,9 987 417,9 939 859,101,145,2 694,2 300,28 816 957,779 009 996,770 175 317,148,149,pdf_text_layout,mistral_table,no
1789,"PAPELARIAS, LIVRARIAS",219,1 205 731,167 737,1 515 584,1,510 154,227,277,1 331,930,12 476 825,125 848 831,124 410 754,148,149,mistral_table,mistral_table,no
1790,MERC. EM GERAL - INC. ALIMENTICIOS,109,11 621,11 235,1 112 371,23 093 835,23 041 751,30,214,13 988,10 726,112 730 023,2 599 699 237,2 596 995 472,148,149,pdf_text_layout,mistral_table,no
1791,MERC. EM GERAL - Exc. ALIMENTICIOS,30,2 128,1 346,305 389.,3 747 142,3 742 258,11,23,2 150,2 008,16 241 588,383 894 269,383 800 442,148,149,pdf_text_layout,mistral_table,no
1792,ARTIGOS DIVERSOS,548,2 397,1 432,255 525,2 433 250,2 390 812,473,659,3 024,1 804,28 288 372,217 471 049,211 025 175,148,149,pdf_text_layout,mistral_table,no
1793,ARTIGOS USADOS,36,220,101,26 400,501 193,493 002,72,76,276,178,2 539 684,17 681 628,17 516 293,148,149,mistral_table,mistral_table,no
1794,COMERCIO ATACADISTA,369,765,3 372,1 105 450,67 837 750,67 556 781,296,390,7 083,4 467,120 692 245,5 656 542 620,5 618 070 997,148,149,pdf_text_layout,mistral_table,no
1795,PRODUTOS EXTRATIVOS E AGROPECUARIOS,23,289 125,94 865,8 331 693,8,237 742,11,7,229,151,3 936 381,330 336 813,329 976 615,148,149,mistral_table,mistral_table,no
1796,"PROO. ALIMENTICIOS, BEBIDAS E FUMO",144,2 364,1 478,353 444,10 264 889,10 254 206,120,137,2 841,1 835,38 309 478,1 016 788 440,1 015 525 273,148,149,pdf_text_layout,mistral_table,no
1797,"PROD. FARMACÉUTICOS, ODONT. E VETER",43,730,404,161 432,2 422 625,3 342 900,,,,,,,,150,151,mistral_table,missing,yes
1798,"TECIDOS, VESTUARIO E ARMARINHO",23,314,160,54 365,1 326 414,1 325 243,,,,,,,,150,151,mistral_table,pdf_text_layout_partial,yes
1799,MAG. E APARELHOS ELETR. USO DOMEST,3,1,8,6 536,1 289 411,289 411,,,,,,,,150,151,mistral_table,missing,yes
1800,"FERRAGENS, MAT. ELETR. E ELECTRONICO",38,486,222,104 544,2 145 569,2 092 658,,,,,,,,150,151,mistral_table,missing,yes
1801,"VEICULOS NOVOS E USADOS, PECAS",16,279,101,49 532,1 729 645,1 718 266,,,,,,,,150,151,mistral_table,missing,yes
1802,MAG. E EQUIP. DE USO INDUSTRIAL,19,302,158,106 567,2 144 589,2 132 390,,,,,,,,150,151,mistral_table,missing,yes
1803,COMBUSTIVEIS E LUBRIFICANTES,21,237,201,75 386,35 454 625,35 446 664,,,,,,,,150,151,mistral_table,pdf_text_layout_partial,yes
1804,"PAPELARIAS, LIVRARIAS",17,187,90,39 396,821 893,817 755,,,,,,,,150,151,mistral_table,pdf_text_layout_partial,yes
1805,MERC. EM GERAL - INC. ALIMENTICIOS,4,395,363,37 421,1 374 658,1 374 658,,,,,,,,150,151,mistral_table,missing,yes
1806,MERC. EM GERAL - EXC. ALIMENTICIOS,1,!B),!A),(X),(A),!A),,,,,,,,150,151,pdf_text_layout,pdf_text_layout_partial,yes
1807,ARTIGOS DIVERSOS,7,(F),(0),!XI,!D),!D),12,15,<E l,<Ol,IX I,(D),(0),150,151,pdf_text_layout,pdf_text_layout,no
1808,ARTIGOS USADOS,10,55,23,6 471,329 604,329 604,16,18,111,72,1 407 886,16 891 767,16 116 351,150,151,mistral_table,pdf_text_layout,no
1809,SALVADOR,6 066,52 639,34 252,6 895 372,116 073 619,117 227 718,027,7 689,65 443,43 826,708 1 2Z 209,10 630 538 515,10 490 174 759,150,151,mistral_table,pdf_text_layout,no
1810,COMERCIO VAREJISTA,5 579,43 129,30 320,4 828 177,81 250 277,80 676 995,,,,,,,,150,151,mistral_table,pdf_text_layout_partial,yes
1811,"PROD. ALIMENTICIOS, BEBIDAS E FUMO",1 599,4 045,1 828,403 675,5 399 348,5 376 826,,,,,,,,150,151,mistral_table,pdf_text_layout_partial,yes
1812,"PROD. FARMACÉUTICOS, ODONT. E VETER",236,2 068,1 566,186 151,2 075 181,2 068 243,330 514,3 606,2 409,30 517,181 237,442 139 236,564 583,150,151,mistral_table,pdf_text_layout,no
1813,"TECIDOS, VESTUARIO E ARMARINHO",1 437,7 964,5 565,682 089,7 559 305,7 548 592,,,,,,,,150,151,mistral_table,pdf_text_layout_partial,yes
1814,MAG. E APARELHOS ELETR. USO DOMEST,355,2 914,1 795,387 521,5 675 014,5 602 814,,,,,,,,150,151,mistral_table,pdf_text_layout_partial,yes
1815,"FERRAGENS, MAT. ELETR. E ELECTRONICO",595,3 692,1 954,312 121,8 901 643,8 864 481,653 773,5 031,3 236,47 016,487 687,637 406 681,279 197,150,151,mistral_table,pdf_text_layout,no
1816,"VEICULOS NOVOS E USADOS, PECAS",286,2 510,1 370,362 223,8 992 391,8 833 834,385 435,4 345,2 679,49 962 138,1 251,513 878,1 224 44:? 649,150,151,mistral_table,pdf_text_layout,no
1817,MAG. E EQUIP. DE USO INDUSTRIAL,91,1 341,557,303 161,3 494 332,3 383 839,121 136,",",460 812,19 859,868 242,681 498 219,736 064,150,151,mistral_table,pdf_text_layout,no
1818,COMBUSTIVEIS E LUBRIFICANTES,84,1 393,1 137,149 863,8 399 844,8 358 134,,,,,,,,150,151,mistral_table,pdf_text_layout_partial,yes
1819,"PAPELARIAS, LIVRARIAS",210,1 187,722,165 804,1 494 655,1 489 225,206,256,1 286 913,12 182,886 124,334 540 122,942 431,150,151,mistral_table,pdf_text_layout,no
1820,MERC. EM GERAL - INC. ALIMENTICIOS,67,11 312,10 969,1 092 586,22 613 923,22 561 883,17 172,12 613 569,105 353,867 371,581 647,2 369,191 285,150,151,mistral_table,pdf_text_layout,no
1821,MERC. EM GERAL - EXC. ALIMENTICIOS,28,2 123,1 344,304 822,3 743 842,3 738 958,10,22,2 146 007,16 228,588 383,869 309 383,775 482,150,151,mistral_table,pdf_text_layout,no
1822,ARTIGOS DIVERSOS,536,2 364,1 415,252 741,2 402 468,2 360 030,439,614,2 876 741,26 886,636 213,085 128 206,773 608,150,151,mistral_table,pdf_text_layout,no
1823,ARTIGOS USADOS,35,216,98,25 400,498 331,490 140,,,,,,,,150,151,mistral_table,pdf_text_layout_partial,yes
1824,COMERCIO ATACADISTA,338,5 499,3 181,1 044 430,36 823 342,36 550 719,263 359,6 689,4 1 56,112 452 030,2 747,917 929,720 576 974,150,151,mistral_table,pdf_text_layout,no
1825,PRODUTOS EXTRATIVOS E AGROPECUARIOS,21,276,1 124,93 947,8 320 441,8 226 590,11,7,229,151,3 936 381 330,336 813,329 976 615,150,151,mistral_table,pdf_text_layout,no
1826,"PROD. ALIMENTICIOS, BEBIDAS E FUMO",136,2 274,1 427,346 067,10 041 720,10 031 706,113,130,2 721,1 755,37 398 857 985,479 868,984 239 701,150,151,mistral_table,pdf_text_layout,no
1827,"PROD. FARMACÉUTICOS, ODONT. E VETER",40,699,379,145 061,2 986 856,2 907 127,37,41,685 444,16 183 278 313,809 555,311 27:1,240,150,151,mistral_table,pdf_text_layout,no
1828,"TECIDOS, VESTUARIO E ARMARINHO",22,306,152,53 270,1 261 751,1 260 580,l7,22,384 178,4 026 482.,122,237 068,121 550 791,150,151,mistral_table,pdf_text_layout,no
1829,MAO. E APARELHOS ELETR. USO DOMEST,2,(CI,(8),(X),!Ei,!E J,6,7 100,38,2 059 944,30,361 241,28 415 252,150,151,pdf_text_layout,pdf_text_layout,no
1830,"FERRAGENS, MAT. ELETR. DE ELECTRONICO",34,479,216,103 235,1 767 693,1 718 266,25,43,550,314,7 440 661 204,094 901,201 301 081,150,151,mistral_table,pdf_text_layout,no
1831,"VEICULOS NOVOS E USADOS, PECAS",18,275,101,49 532,1 729 645,1 718 266,15,20,605,411,7 664 307 195,936 100,190 858 214,150,151,mistral_table,pdf_text_layout,no
1832,MAG. E EQUIP. DE USO INDUSTRIAL,19,303,158,106 567,2 144 542,2 132 390,13,18,415,1 54,10 059 971 118,155 499,111 898 122,150,151,mistral_table,pdf_text_layout,no
1833,COMBUSTIVEIS E LUBRIFICANTES,11,132,104,42 542,5 558 370,5 558 067,1,11,335,305,13 606 856 257,304 070,254 780 615,150,151,mistral_table,pdf_text_layout,no
1834,"PAPELARIAS, LIVRARIAS",17,187,90,39 396,821 893,817 755,18,28,416,248,6 930 387 147,711 905,144 886 536,150,151,mistral_table,pdf_text_layout,no
1835,MERC. EM GERAL - INC. ALIMENTICIOS,4,395,363,37 421,1 374 658,1 374 658,,,,,,,,150,151,mistral_table,missing,yes
1836,MERC. EM GERAL - EXC. ALIMENTICIOS,1,(8),!A),!X),(A),(A),,,,,,,,150,151,pdf_text_layout,missing,yes
1837,ARTIGOS DIVERSOS,7,101,39,14 436,196 864,193 124,12,15,97,49,1 095 054,16 390 889,16 073 203,150,151,mistral_table,pdf_text_layout,no
1838,ARTIGOS USADOS,8,47,18,5 601,325 455,325 455,14,15,(F I,<El,(X),IDI,(D),150,151,mistral_table,pdf_text_layout,no
1839,ALAGOINHAS,403,1 640,883,122 241,3 005 535,3 001 702,388,435,2 537,1 777,15 759 356,293 734 475,292 679 013,150,151,mistral_table,pdf_text_layout,no
1840,COMERCIO VAREJISTA,391,1 554,845,113 034,2 705 495,2 701 662,377 417,2 302,1 631,1A 202,951 251,640 375,250 584 913,150,151,mistral_table,pdf_text_layout,no
1841,"VEICULOS NOVOS E USADOS, PECAS",20,134,51,12 070,542 723,542 042,,,,,,,,150,151,mistral_table,missing,yes
1842,COMBUSTIVEIS E LUBRIFICANTES,9,65,50,4 384,305 234,304 123,,,,,,,,150,151,mistral_table,missing,yes
1843,MERC. EM GERAL - INC. ALIMENTICIOS,9,131,109,17 287,375 485,375 050,502,2 480,11 6,75,567,632,75 567 632,150,151,mistral_table,pdf_text_layout,no
1844,DEMAIS GENEROS,353,1 224,635,79 293,1 482 053,1 480 447,,,,,,,,150,151,mistral_table,missing,yes
1845,COMERCIO ATACADISTA,12,86,38,9 207,300 040,300 040,",,",14,217,139,1 433 170,42 094 100,42 094 100,150,151,mistral_table,pdf_text_layout,no
1846,FEIRA DE SANTANA,1 347,8 529,5 227,833 676,17 627 030,17 558 904,1 932,2 203,14 075,838,103 480 472,2 057 363 100,2 039 058 719,150,151,mistral_table,pdf_text_layout,no
1847,COMERCIO VAREJISTA,1 253,7 454,4 729,712 606,13 231 584,13 177 986,,,,,,,,150,151,mistral_table,pdf_text_layout_partial,yes
1848,"VEICULOS NOVOS E USADOS, PECAS",130,899,430,107 441,2 505 687,2 479 475,180 206,1 424 858,13,254 933,327 462,746 316,604 348,150,151,mistral_table,pdf_text_layout,no
1849,COMBUSTIVEIS E LUBRIFICANTES,42,472,239,37 473,1 182 715,1 176 955,,,,,,,,150,151,mistral_table,pdf_text_layout_partial,yes
1850,MERC. EM GERAL - INC. ALIMENTICIOS,26,1 154,920,116 361,2 263 731,2 260 913,,,,,,,,150,151,mistral_table,pdf_text_layout_partial,yes
1851,DEMAIS GENEROS,1 055,4 929,3 040,451 331,7 240,7 260 643,,,,,,,,150,151,mistral_table,pdf_text_layout_partial,yes
1852,COMERCIO ATACADISTA,84,968,586,112 107,4 395 446,4 380 918,134,1 51,1 970,1 473,18 403 523,636 973 073,635 797 043,150,151,mistral_table,pdf_text_layout,no
1853,ILHEUS,465,2 385,1 146,401 307,20 670 902,20 658 322,506,592,3 361,282,34 280 661,2 754 633 947,2 727 575 695,150,151,mistral_table,pdf_text_layout,no
1854,COMERCIO VAREJISTA,421,1 811,1 011,175 264,2 813 522,2 807 706,492 553,2 619,1 730,20 686,439 342,675 417,340 775 161,150,151,mistral_table,pdf_text_layout,no
1855,"PROD. ALIMENTICIOS, BEBIDAS E FUMO",182,470,168,31 590,354 591,354 476,217,227,612 306,4 403 312,44,832 546,44 498 373,150,151,mistral_table,pdf_text_layout,no
1856,"VEICULOS NOVOS E USADOS, PECAS",18,113,46,19 394,283 583,292 062,19,22 196,94,1 377 279,45,361 702,44 595 941,150,151,mistral_table,pdf_text_layout,no
1857,MERC. EM GERAL - INC. ALIMENTICIOS,13,235,218,15 872,606 251,603 156,12,22,328 305,2 838 595,81,391 799,81 391 799,150,151,mistral_table,pdf_text_layout,no
1858,DEMAIS GENEROS,208,993,579,108 408,1 559 107,1 558 012,244 262,1 483,1 025,12 067,253 171,089 370,170 289 048,150,151,mistral_table,pdf_text_layout,no
1859,COMERCIO ATACADISTA,39,528,132,218 486,17 857 380,17 850 616,,,,,,,,150,151,mistral_table,pdf_text_layout_partial,yes
1860,ITABUNA,955,4 783,2 748,482 307,10 991 178,10 915 669,1 068,232,6 853,4 497,52 820 879,1 589 387 196,1 569 342 483,150,151,mistral_table,pdf_text_layout,no
1861,COMERCIO VAREJISTA,895,4 140,2 401,364 088,7 173 782,7 133 289,,,,,,,,150,151,mistral_table,pdf_text_layout_partial,yes
1862,"TECIDOS, VESTUARIO E ARMARINHO",256,1 081,611,84 963,1 026 511,1 025 988,,,,,,,,150,151,mistral_table,pdf_text_layout_partial,yes
1863,"VEICULOS NOVOS E USADOS, PECAS",59,426,225,52 440,1 317 791,1 317 579,,,,,,,,150,151,mistral_table,pdf_text_layout_partial,yes
1864,MERC. EM GERAL - INC. ALIMENTICIOS,26,349,320,26 747,935 344,933 544,,,,,,,,150,151,mistral_table,pdf_text_layout_partial,yes
1865,DEMAIS GENEROS,554,2 284,1 245,199 938,3 894 136,3 856 178,,,,,,,,150,151,mistral_table,pdf_text_layout_partial,yes
1866,COMERCIO ATACADISTA,55,625,346,114 032,3 817 396,3 782 380,852,889,3 459,118,23 885 020,329 900 762,327 826 252,150,151,mistral_table,pdf_text_layout,no
1867,JEQUIE,409,2 092,1 097,164 163,3 355 796,3 354 762,867,909,3 600,223,25 057 236,503 165 247,soo 612 842,150,151,mistral_table,pdf_text_layout,no
1868,COMERCIO VAREJISTA,397,1 951,1 036,147 932,3 021 583,3 020 549,,,,,,,,150,151,mistral_table,missing,yes
1869,"PROD. ALIMENTICIOS, BEBIDAS E FUMO",174,541,188,33 805,713 625,713 625,487,491,1 264,610,8 673 940,52 441 977,52 376 476,150,151,mistral_table,pdf_text_layout,no
1870,"VEICULOS NOVOS E USADOS, PECAS",29,225,112,22 767,528 686,528 636,42,43,356,223,3 323 472,84 717 536,83 430 357,150,151,mistral_table,pdf_text_layout,no
1871,MERC. EM GERAL - INC. ALIMENTICIOS,12,192,158,10 981,432 045,432 045,10,13,191,172,936 288,44,608 095,152,153,mistral_table,mistral_table,no
1872,DEMAIS GÉNEROS,182,993,578,80 379,1 347 227,1 346 243,31:3,342,648,1 113,10 951 320,146 133 .is•,147 411 324,152,153,mistral_table,pdf_text_layout,no
1873,COMÉRCIO ATACADISTA,12,141,61,16 231,334 213,334 213,15,20,141,105,1 172 216,173 264 485,172 786 590,152,153,mistral_table,pdf_text_layout,no
1874,JUAZEIRO,410,1 731,829,136 546,4 952 755,4 935 405,549,644,662,1 646,19 83:3 260,623 767 993,618 201 429,152,153,mistral_table,pdf_text_layout,no
1875,COMÉRCIO VAREJISTA,375,1 470,714,108 243,1 999 790,1 982 875,497,576,219,1 361,14 371 089 217,263 684,214 347 472,152,153,mistral_table,pdf_text_layout,no
1876,"VEÍCULOS NOVOS E USADOS, PECAS",23,113,59,9 980,219 576,214 583,27,32 126,76,1 125 649,27,894 761,26 612 951,152,153,mistral_table,pdf_text_layout,no
1877,COMBUSTÍVEIS E LUBRIFICANTES,4,44,34,3 215,197 119,197 119,,,,,,,,152,153,mistral_table,pdf_text_layout_partial,yes
1878,MERC. EM GERAL - INC. ALIMENTÍCIOS,15,163,114,11 088,396 416,396 416,8,20,305 245,2 962 076,31,974 413,31 324 562,152,153,mistral_table,pdf_text_layout,no
1879,DEMAIS GÉNEROS,337,1 150,507,83 960,1 186 679,1 174 757,455,509,1 602,872,8 532 525 105,180 573,104 201 367,152,153,mistral_table,pdf_text_layout,no
1880,COMÉRCIO ATACADISTA,30,212,103,-26 234,2 952 965,2 952 530,52,67,437,261,430 664,406 504 309,403 853 957,152,153,mistral_table,pdf_text_layout,no
1881,VITÓRIA DA CONQUISTA,1 218,4 817,2 377,384 991,11 439 381,11 396 045,1 358,1 490,478,860,44 104 054,1 026 863 1 57,1 018 356 802,152,153,mistral_table,pdf_text_layout,no
1882,COMÉRCIO VAREJISTA,1 137,4 067,2 020,281 975,7 106 682,7 075 314,,,,,,,,152,153,mistral_table,pdf_text_layout_partial,yes
1883,"TECÍDOS, VESTUÁRIO E ARMARINHO",219,919,512,64 205,1 006 596,1 007 381,288 308,216 744,6,452 162,77,581 178,77 453 794,152,153,mistral_table,pdf_text_layout,no
1884,"VEÍCULOS NOVOS E USADOS, PECAS",73,321,168,30 034,1 356 501,1 357 625,82,84,627 382,5 053,673 166,023 743,162 951 618,152,153,mistral_table,pdf_text_layout,no
1885,MERC. EM GERAL - INC. ALIMENTÍCIOS,16,462,449,24 461,781 603,781 551,,,,,,,,152,153,mistral_table,pdf_text_layout_partial,yes
1886,DEMAIS GÉNEROS,829,2 365,891,163 275,3 957 982,3 928 756,906,970 106,1 650,19 616,965 359,590 786,357 604 426,152,153,mistral_table,pdf_text_layout,no
1887,COMÉRCIO ATACADISTA,71,550,357,64 507,4 332 699,4 320 731,77,98,829,537,487 160,330·407 362,327 152 141,152,153,mistral_table,pdf_text_layout,no
1888,ABAÍRA,60,74,1,2 640,21 570,21 570,59,59,112,12,295 557,4 777 204,4 770 964,152,153,mistral_table,pdf_text_layout,no
1889,ABARE,6,18,-,2 610,12 870,12 870,,,,,,,,152,153,mistral_table,pdf_text_layout_partial,yes
1890,ACAJUTIBA,172,290,24,13 520,94 932,94 620,69,69,165,92,310 237,8 1 50 882,8 142 882,152,153,mistral_table,pdf_text_layout,no
1891,AGUA FRIA,62,140,55,6 144,49 708,49 533,,,,,,,,152,153,mistral_table,pdf_text_layout_partial,yes
1892,AGUA QUENTE,28,50,-,1 492,13 401,13 401,,,,,,,,152,153,mistral_table,pdf_text_layout_partial,yes
1893,AIQUARA,15,32,1,1 944,7 267,7 267,1.7,18,58,27,141 822,1 580 960,1 580 960,152,153,mistral_table,pdf_text_layout,no
1894,ALCOBAÇA,230,842,384,60 131,1 293 477,1 281 257,303,338,1 371,780,8 527 720,205 473 523,203 358 826,152,153,mistral_table,pdf_text_layout,no
1895,ALMADINA,20,31,5,2 023,27 834,27 834,48,48,122,67,1 709 834,6 250 113,190 11:;,152,153,mistral_table,pdf_text_layout,no
1896,AMARGOSA,80,237,84,14 261,300 710,298 228,70,77,243,124,1 546 513,34 973 905,34 asa 268,152,153,mistral_table,pdf_text_layout,no
1897,AMELIA RODRIGUES,36,114,50,7 475,252 358,252 298,57,59,198,",,,:",1 580 485,27 289 197,27 285 660,152,153,mistral_table,pdf_text_layout,no
1898,ANAGE,41,89,3,7 684,28 905,28 905,67,69,192,88,794 267,8 543 092,8 445 092,152,153,mistral_table,pdf_text_layout,no
1899,ANDARAI,62,104,18,3 288,77 927,77 886,75,86,164,52,1 359 244,9 128 145,8 988 435,152,153,mistral_table,pdf_text_layout,no
1900,ANGICAL,29,86,27,2 547,23 077,23 077,33,35,73,24,212 883,2 998 273,2 983 273,152,153,mistral_table,pdf_text_layout,no
1901,ANGUERA,26,58,18,3 215,47 482,47 482,15,15,36,10,115 304,1 468 612,1 427 130,152,153,mistral_table,pdf_text_layout,no
1902,ANTAS,90,161,37,9 308,121 049,120 974,73,74,149,49,2 029 966,15 091 839,1 5 028 639,152,153,mistral_table,pdf_text_layout,no
1903,ANTONIO CARDOSO,18,39,11,2 685,16 444,16 444,,,,,,,,152,153,mistral_table,pdf_text_layout_partial,yes
1904,ANTONIO GONÇALVES,18,46,9,1 800,23 117,23 069,12,12,36,11,152 911,2 575 160,2 570 160,152,153,mistral_table,pdf_text_layout,no
1905,APORA,9,21,2,1 064,10 014,10 014,52,52,102,48,790 804,914 952,914 952,152,153,mistral_table,pdf_text_layout,no
1906,ARACATU,34,44,-,1 539,17 074,16 761,45,45,133,50,1 147 958,7 328 497,7 307 497,152,153,mistral_table,pdf_text_layout,no
1907,ARACI,66,252,84,12 249,300 962,300 873,104,108,343,218,1 482 446,28 502 428,28 502 428,152,153,mistral_table,pdf_text_layout,no
1908,ARAMARI,15,26,3,1 482,11 902,11 878,,,,,,,,152,153,mistral_table,pdf_text_layout_partial,yes
1909,ARATUIPE,2,(A),(A),(X),(A),(A),,,,,,,,152,153,mistral_table,pdf_text_layout_partial,yes
1910,AURELINO LEAL,31,72,30,4 801,81 872,81 692,25,28,87,41,429 645,12 040 543,11 796 195,152,153,mistral_table,pdf_text_layout,no
1911,BAIANOPOLIS,8,13,-,705,4 942,4 942,,,,,,,,152,153,mistral_table,pdf_text_layout_partial,yes
1912,BAIXA GRANDE,36,80,27,7 105,86 121,86 021,41,46,137,84,765 485,11 739 222,11 739 222,152,153,mistral_table,pdf_text_layout,no
1913,BARRA,86,156,36,7 006,118 798,118 798,100,108,159,45,398 29S,8 670 348,8 607 166,152,153,mistral_table,pdf_text_layout,no
1914,BARRA DA ESTIVA,66,100,17,6 959,111 331,111 331,60,63,130,47,792 400,9 988 971,805 971,152,153,mistral_table,pdf_text_layout,no
1915,BARRA DO CHOÇA,54,112,29,3 572,82 402,82 402,69,73,172,96,1 195 963,11 897 084,11 8'22 113,152,153,mistral_table,pdf_text_layout,no
1916,BARRA DO MENDES,46,75,21,6 875,85 868,85 868,40,42,97,49,034 065,544 080,6 384 060,152,153,mistral_table,pdf_text_layout,no
1917,BARRA DO ROCHA,8,11,-,464,4 164,4 164,11,12,37,20,114 039,1. 417 680,1 417 680,152,153,mistral_table,pdf_text_layout,no
1918,BARREIRAS,218,889,338,61 879,1 570 282,1 565 800,328,374,663,966,12 835 507,379 ·225 587,37S 580 8DO,152,153,mistral_table,pdf_text_layout,no
1919,BARRO PRETO,11,28,9,1 843,21 738,21 738,42,43,107,51,757 989,8 812 520,592 520,152,153,mistral_table,pdf_text_layout,no
1920,BELMONTE,93,211,68,18 337,211 862,211 395,68,74,197,84,1 057 151,15 341 035,15 191 771,152,153,mistral_table,pdf_text_layout,no
1921,BELO CAMPO,49,86,10,5 237,54 170,53 063,,,,,,,,154,155,mistral_table,missing,yes
1922,BIRITINGA,18,42,15,3 927,29 013,28 613,,,,,,,,154,155,mistral_table,pdf_text_layout_partial,yes
1923,BOA NOVA,61,100,6,5 228,65 270,65 270,,,,,,,,154,155,mistral_table,missing,yes
1924,BOA VISTA DO TUPIM,16,25,6,971,9 561,9 561,68,68,144,63,568 2Z2,4 36S D9S,4 364 09S,154,155,mistral_table,pdf_text_layout,no
1925,BOM JESUS DA LAPA,174,537,164,33 109,707 332,706 706,,,,,,,,154,155,mistral_table,missing,yes
1926,BONINAL,27,48,2,3 048,46 760,46 760,39,40 137,47,370 185,4,343 015,4 320 015,154,155,mistral_table,pdf_text_layout,no
1927,BOQUIRA,43,98,33,6 665,145 313,144 714,,,,,,,,154,155,mistral_table,pdf_text_layout_partial,yes
1928,BOTUPORA,34,107,15,5 300,136 794,136 794,83,83,211,96,1 353 896,20 073 S32,20 073 532,154,155,mistral_table,pdf_text_layout,no
1929,BREJÕES,27,72,29,6 768,207 513,207 513,25,27,71,27,441 944,12 579 63D,12 SS4 630,154,155,mistral_table,pdf_text_layout,no
1930,BREJOLANDIA,13,24,1,1 710,19 200,19 128,17,18,33,111,530,1 772 530,1 72S 230,154,155,mistral_table,pdf_text_layout,no
1931,BROTAS DE MACAUBAS,38,57,5,1 640,22 573,22 427,79,79,234,116,1 005 419,623 775,S2S 87S,154,155,mistral_table,pdf_text_layout,no
1932,BRUMADO,394,919,340,51 805,1 199 821,1 192 614,380,418,1 231,6S9,836 989,113 628 16S,110 949 387,154,155,mistral_table,pdf_text_layout,no
1933,BUERAREMA,93,204,49,12 356,276 703,276 643,137,144,34S,172,1 9D4 S40,28 957 041,28 957 041,154,155,mistral_table,pdf_text_layout,no
1934,CAATIBA,18,33,2,1 461,10 466,10 466,,,,,,,,154,155,mistral_table,pdf_text_layout_partial,yes
1935,CACHOEIRA,92,679,484,27 691,515 224,514 507,,,,,,,,154,155,mistral_table,pdf_text_layout_partial,yes
1936,CACULE,61,141,34,8 737,238 030,238 030,,,,,,,,154,155,mistral_table,pdf_text_layout_partial,yes
1937,CAEM,21,56,3,2 942,27 437,27 437,,,,,,,,154,155,mistral_table,missing,yes
1938,CAETITE,171,333,60,12 626,225 645,225 162,156,159,367,116,1 53S 7S9,19 857 57S,1 9 770 783,154,155,mistral_table,pdf_text_layout,no
1939,CAFARNAUM,46,98,41,8 092,84 413,84 413,,,,,,,,154,155,mistral_table,missing,yes
1940,CAIRU,9,25,5,1 375,7 971,7 961,118,119,26S,129,2 S39 169,926 080,738 180,154,155,mistral_table,pdf_text_layout,no
1941,CALDEIRÃO GRANDE,37,97,38,3 738,92 576,92 576,60,67,15S,69,641 110,13 694 091,13 39.( 091,154,155,mistral_table,pdf_text_layout,no
1942,CAMACAN,142,454,196,34 743,1 319 501,1 319 501,341,3S9,1 ·100,626,9 723 739,163 738 068,163 1DS .175,154,155,mistral_table,pdf_text_layout,no
1943,CAMACARI,202,911,560,85 912,7 844 740,7 840 913,30S,3S1,031,1 360,16 497 824,913 038 443,910 921 741,154,155,mistral_table,pdf_text_layout,no
1944,CAMAMU,60,218,95,27 101,245 399,245 399,343,352,895,428,3 693 494,30 697 929,29 982 861,154,155,mistral_table,pdf_text_layout,no
1945,CAMPO ALEGRE DE LOURDES,45,78,11,5 103,64 040,64 040,,,,,,,,154,155,mistral_table,missing,yes
1946,CAMPO FORMOSO,111,243,55,16 855,284 929,284 181,170,180,S46,261,2 673 230,S1 366 019,51 043 029,154,155,mistral_table,pdf_text_layout,no
1947,CANAPOLIS,12,19,-,539,5 397,5 397,39,40,61,11,176 366,2 481 976,481 976,154,155,mistral_table,pdf_text_layout,no
1948,CANARANA,87,242,70,19 576,366 821,366 791,67,69,180,76,1 820 S19,11 399 299,11 179 299,154,155,mistral_table,pdf_text_layout,no
1949,CANAVIEIRAS,135,333,134,17 503,401 571,399 720,209,226,678,3SO,4 732 602,1DO 200 675,100 126 601,154,155,mistral_table,pdf_text_layout,no
1950,CANDEAL,10,23,7,2 162,17 264,17 264,1s,16,so,30,317 637,2 139 761,2 139 761,154,155,mistral_table,pdf_text_layout,no
1951,CANDEIAS,136,572,357,50 474,1 230 729,1 227 309,1 S3,182,813,S57,203 300,204 472 S49,203 956 607,154,155,mistral_table,pdf_text_layout,no
1952,CANDIBA,21,24,-,823,35 083,34 083,,,,,,,,154,155,mistral_table,missing,yes
1953,CANDIDO SALES,104,210,38,9 562,144 181,143 887,,,,,,,,154,155,mistral_table,missing,yes
1954,CANSANÇÃO,55,131,27,10 602,216 472,215 653,,,,,,,,154,155,mistral_table,missing,yes
1955,CARAVELAS,82,226,117,20 786,446 385,446 147,,,,,,,,154,155,mistral_table,missing,yes
1956,CARDEAL DA SILVA,12,26,8,952,8 392,8 392,,,,,,,,154,155,mistral_table,pdf_text_layout_partial,yes
1957,CARINHANHA,82,136,8,5 846,126 221,123 443,,,,,,,,154,155,mistral_table,missing,yes
1958,CASA NOVA,28,68,23,5 970,101 145,101 145,,,,,,,,154,155,mistral_table,missing,yes
1959,CASTRO ALVES,68,200,81,13 629,395 326,394 289,,,,,,,,154,155,mistral_table,missing,yes
1960,CATOLANDIA,2,(A),(A),(X),(A),(A),,,,,,,,154,155,mistral_table,pdf_text_layout_partial,yes
1961,CATU,105,374,214,32 592,1 036 740,1 035 780,114,139,620,352,4 190 241,118 992 830,116 674 996,154,155,mistral_table,pdf_text_layout,no
1962,CENTRAL,28,44,15,2 781,92 380,91 879,33,37,116,5S,S42 S20,7 315 7S9,7 303 959,154,155,mistral_table,pdf_text_layout,no
1963,CHORROCHO,10,29,2,1 322,5 851,5 851,12,12,41,23,22S 295,784 94S,784 945,154,155,mistral_table,pdf_text_layout,no
1964,CICERO DANTAS,145,351,112,23 202,345 270,343 083,128,136,360,158,2 391 204,33 401 936,33 389 261,154,155,mistral_table,pdf_text_layout,no
1965,CIPO,48,132,45,6 550,130 217,129 967,114,12S,3DO,140,2 244 998,26 060 116,24 SD3 31 6,154,155,mistral_table,pdf_text_layout,no
1966,COARACI,118,320,112,24 107,513 020,512 742,162,178,522,263,4 354 792,37 484 358,37 371 958,156,157,pdf_text_layout,mistral_table,no
1967,cocos,,,,,,,39,39,101,18,583 095,4 602 628,4 602 628,156,157,pdf_text_layout_partial,pdf_text_layout,yes
1968,CONCEIÇÃO DA FEIRA,32,101,35,139,299 129,293 871,51,54,155,77,748 647,10 716 429,10 672 539,156,157,pdf_text_layout,mistral_table,no
1969,,,,,,,,50,55,176,111,1 239 068,9 611 027,9 611 027,156,157,missing,mistral_table,yes
1970,CONCEIÇÃO 00 COITE,11 9,357,162,21 001 605,56~,605 519,124,148,440,233,2 583 751,44 618 295,44 491 320,156,157,pdf_text_layout,mistral_table,no
1971,CONCEIÇÃO DO JACUIPE,69,226,106,15 389,441 606,441 208,67,70,240,149,1 461 785,32 083 325,31 995 902,156,157,pdf_text_layout,mistral_table,no
1972,CONDE,50,166,85,972,106 322,106 322,66,67,166,84,669 568,6 891 904,6 852 204,156,157,pdf_text_layout,mistral_table,no
1973,CONOEUBA,,,,,,,106,106,185,30,560 968,5 230 475,5 187 506,156,157,pdf_text_layout_partial,mistral_table,yes
1974,CONTENDAS DO SINCORA,,,,,,,31,31,57,9,143 370,1 605 263,1 603 263,156,157,pdf_text_layout_partial,mistral_table,yes
1975,CORAÇÃO OE MAR 1 A,46,105,42,836,123 533,123 506,30,31,88,43,379 416,6 771 026,6 694 831,156,157,pdf_text_layout,mistral_table,no
1976,CORDEIROS,,,,,,,25,25,56,27,286 484,1 492 337,1 492 337,156,157,pdf_text_layout_partial,mistral_table,yes
1977,CORIBE,15,19,",",399,13 002,13 002,53,57,130,66,1 308 410,9 611 113,9 546 113,156,157,pdf_text_layout,mistral_table,no
1978,CORONEL JOÃO SA,19,25,3,952,28 607,28 607,54,54,98,39,947 746,5 375 994,5 375 994,156,157,pdf_text_layout,mistral_table,no
1979,CORRENTI NA,84,125,5,1 606,57 89A,57 894,97,101,195,74,678 011,8 968 978,8 968 978,156,157,pdf_text_layout,mistral_table,no
1980,COTEGIPE,63,96,7,340,112 104,112 104,62,64,140,45,1 032 880,8 359 389,8 300 317,156,157,pdf_text_layout,mistral_table,no
1981,CRAVOLANDIA,,,,,,,16,16,47,22,439 400,1 520 740,1 490 740,156,157,pdf_text_layout_partial,mistral_table,yes
1982,CRISOPOLIS,,,,,,,46,47,96,34,404 366,5 898 318,5 898 318,156,157,pdf_text_layout_partial,mistral_table,yes
1983,CRIST~OPOLIS,14,36,5,1 164,17 615,17 615,34,34,83,32,936 551,8 203 802,8 056 202,156,157,pdf_text_layout,mistral_table,no
1984,CRUZ DAS ALMAS,136,532,294,36 573,1 009 338,1 005 457,204,229,940,586,6 026 310,115 203 673,114 728 083,156,157,pdf_text_layout,mistral_table,no
1985,CURAÇA,46,107,37,459,28 043,28 043,52,54,147,73,434 510,5 275 427,5 231 909,156,157,pdf_text_layout,mistral_table,no
1986,DARIO MEIRA,18,36,11,2 287,32 808,32 712,32,34,86,45,573 700,5 389 630,5 351 230,156,157,pdf_text_layout,mistral_table,no
1987,DOM BASILIO,,,,,,,8,9,11,2,54 943,1 121 390,1 117 405,156,157,pdf_text_layout_partial,mistral_table,yes
1988,DOM MACEDO COSTA,,,,,,,19,20,41,20,175 344,1 510 877,1 510 877,156,157,pdf_text_layout_partial,mistral_table,yes
1989,EL1S10 MEDRADO,13,32,9,1 409,12 759,12 677,8,9,24,9,108 640,1 365 164,1 365 164,156,157,pdf_text_layout,mistral_table,no
1990,EN CRUZ 1 LHA DA,36,86,16,4 964,266 200,266 200,100,102,195,79,2 223 880,19 734 555,19 734 555,156,157,pdf_text_layout,mistral_table,no
1991,ENTRE R •.os,61,160,62,10 636,118 222,118 222,77,81,240,100,957 295,21 277 768,21 272 768,156,157,pdf_text_layout,mistral_table,no
1992,ESPLANADA,51,176,91,11 120,319 134,318 894,116,121,317,184,2 019 953,44 755 518,44 748 336,156,157,pdf_text_layout,mistral_table,no
1993,EUCLIDES DA CUNHA,85,303,126,14 7;t'4,417 773,417 285,117,122,358,196,3 070 164,35 367 319,35 339 353,156,157,pdf_text_layout,mistral_table,no
1994,,,,,,,,39,39,90,43,474 700,3 408 121,3 383 121,156,157,missing,mistral_table,yes
1995,FLORESTA AZUL,35,105,30,646,193· 872,193 872,114,139,346,211,3 785 075,36 120 865,36 073 511,156,157,pdf_text_layout,mistral_table,no
1996,FORMOSA 00 R 1 O PRETO,,,,,,,53,55,125,49,382 936,7 437 064,7 386 363,156,157,pdf_text_layout_partial,mistral_table,yes
1997,GANOU,132,466,206,29 931,1 138 700,1 135 918,170,191,608,331,6 180 459,73 853 603,73 226 559,156,157,pdf_text_layout,mistral_table,no
1998,GENTIO 00 OURO,2,(A),<A>,(X),(A),(A),6,14,8,-,121 006,482 127,482 127,156,157,pdf_text_layout,mistral_table,no
1999,,,,,,,,11,12,39,24,224 336,1 465 433,1 435 433,156,157,missing,mistral_table,yes
2000,GONGOGI,26,34,6,1 573,20 585,20 585,44,46,113,52,488 427,6 496 774,6 496 774,156,157,pdf_text_layout,mistral_table,no
2001,GOVERNADOR MANGABEIRA,26,77,44,4 862,98 571,98 571,27,29,525,488,578 484,20 467 241,18 475 861,156,157,pdf_text_layout,mistral_table,no
2002,GUANAMBI,279,725,278,40 538,1 364 986,1 362 586,315,336,1 144,531,5 897 797,215 497 451,214 429 243,156,157,pdf_text_layout,mistral_table,no
2003,GUARA TINGA,55,111,34,7 974,124 328,124 328,99,104,273,142,2 701 447,42 349 821,42 335 021,156,157,pdf_text_layout,mistral_table,no
2004,IAÇU,29,64,22,3 414,100 697,100 667,39,41,100,24,462 305,7 501 868,7 501 868,156,157,pdf_text_layout,mistral_table,no
2005,IBIASSUCE,,,,,,,27,28,63,21,366 794,2 993 832,2 993 832,156,157,pdf_text_layout_partial,mistral_table,yes
2006,!BICARA!,135,416,163,27 861,421 598,421 361,234,272,732,415,4 505 358,47 478 476,47 316 601,156,157,pdf_text_layout,mistral_table,no
2007,!BICOARA,18,34,3,070,15 886,15 886,22,23,55,11,557 631,2 771 215,2 771 215,156,157,pdf_text_layout,mistral_table,no
2008,IBICUI,34,93,35,4 544,63 780,63 748,57,58,152,82,1 655 261,6 929 723,6 875 473,156,157,pdf_text_layout,mistral_table,no
2009,!BIPESA,,,,,,,12,13,24,10,206 800,2 314 999,2 314 999,156,157,pdf_text_layout_partial,mistral_table,yes
2010,!BIPITANGA,,,,,,,40,40,145,42,580 606,4 087 433,4 014 433,156,157,pdf_text_layout_partial,mistral_table,yes
2011,IBIGUERA,20,58,13,1 867,18 264,18 264,14,14,18,2,97 681,1 130 750,1 130 750,158,159,mistral_table,mistral_table,no
2012,IBIRAPIANGA,50,120,41,10 703,100 177,100 065,40,46,135,66,673 572,10 780 380,10 780 380,158,159,mistral_table,mistral_table,no
2013,IBIRAPIA,15,25,1,1 267,14 011,14 011,19,19,25,3,413 876,1 889 165,1 888 165,158,159,mistral_table,mistral_table,no
2014,IBIRATAIA,71,184,62,14 187,147 874,145 607,62,69,188,72,1 388 013,15 085 681,14 923 212,158,159,mistral_table,mistral_table,no
2015,IBITIARA,41,60,2,3 209,51 289,51 249,38,39,136,54,436 161,5 633 372,5 633 206,158,159,mistral_table,mistral_table,no
2016,IBITITA,30,71,12,6 320,141 731,131 485,25,25,44,18,245 082,4 196 065,4 140 065,158,159,mistral_table,mistral_table,no
2017,IBOTIRAMA,107,266,46,14 164,287 576,286 261,180,192,515,226,2 685 422,32 632 508,31 909 388,158,159,mistral_table,mistral_table,no
2018,ICHU,5,12,-,576,6 781,6 781,45,46,132,62,516 975,6 274 824,6 041 624,158,159,mistral_table,mistral_table,no
2019,IGAPORA,42,63,2,5 018,70 830,70 830,63,65,152,53,990 295,17 097 288,17 031 398,158,159,mistral_table,mistral_table,no
2020,IGUAI,74,129,15,7 038,77 348,76 962,95,96,265,121,2 689 332,10 673 454,10 574 983,158,159,mistral_table,mistral_table,no
2021,IMHAMBUPE,81,193,73,16 180,205 765,205 390,121,123,294,126,2 325 846,28 041 550,28 036 550,158,159,mistral_table,mistral_table,no
2022,IPECAETA,6,14,5,549,3 682,3 682,6,6,13,7,76 700,361 300,354 300,158,159,mistral_table,mistral_table,no
2023,IPIAU,148,531,231,47 861,1 217 716,1 217 496,230,257,947,529,6 416 027,273 837 876,272 851 900,158,159,mistral_table,mistral_table,no
2024,IPIRA,83,276,107,19 707,378 986,377 887,112,135,459,240,2 023 357,38 234 591,38 025 456,158,159,mistral_table,mistral_table,no
2025,IPUPIARA,27,43,1,2 900,27 127,27 127,92,92,245,103,773 392,6 311 260,6 281 820,158,159,mistral_table,mistral_table,no
2026,IRAJUBA,7,12,-,615,8 329,8 329,34,34,92,43,335 566,4 412 796,4 396 412,158,159,mistral_table,mistral_table,no
2027,IRAMAIA,43,78,16,5 351,24 103,24 103,53,54,120,50,713 836,9 063 984,8 798 878,158,159,mistral_table,mistral_table,no
2028,IRAQUARA,23,47,16,4 172,47 468,47 468,19,19,37,13,262 331,3 828 859,3 815 159,158,159,mistral_table,mistral_table,no
2029,IRARA,61,171,94,11 532,228 437,227 944,51,60,184,115,1 401 767,14 707 453,14 520 524,158,159,mistral_table,mistral_table,no
2030,IRECE,363,366,565,124 535,4 367 027,4 367 498,353,402,1 531,881,10 703 703,194 783 896,191 597 453,158,159,mistral_table,mistral_table,no
2031,ITABERABA,134,455,207,27 099,1 040 348,1 025 113,195,217,720,368,4 269 556,67 154 138,66 598 741,158,159,mistral_table,mistral_table,no
2032,ITACARE,28,36,5,1 389,15 410,15 310,17,18,29,7,111 862,1 676 351,1 676 351,158,159,mistral_table,mistral_table,no
2033,ITAETE,57,92,10,3 666,54 304,54 271,76,79,156,45,884 172,5 114 687,5 034 183,158,159,mistral_table,mistral_table,no
2034,ITAGI,21,57,22,4 757,55 783,55 783,74,76,182,93,1 893 656,12 576 819,12 576 819,158,159,mistral_table,mistral_table,no
2035,ITAGIBA,34,76,30,7 116,121 463,121 452,48,50,123,56,966 910,14 186 188,14 180 188,158,159,mistral_table,mistral_table,no
2036,ITAGIMIRIM,15,50,26,3 844,106 729,106 589,15,16,65,36,364 364,8 806 325,8 726 805,158,159,mistral_table,mistral_table,no
2037,ITAJU DO COLONIA,18,29,8,2 061,33 305,33 305,38,38,71,31,1 299 741,4 299 825,4 299 825,158,159,mistral_table,mistral_table,no
2038,ITAJUIPE,79,210,75,20 375,258 493,256 815,99,113,354,188,3 469 213,23 958 459,23 958 219,158,159,mistral_table,mistral_table,no
2039,ITAMARAJU,234,781,331,50 110,1 181 082,1 175 202,248,293,1 106,614,5 953 895,158 483 450,155 261 119,158,159,mistral_table,mistral_table,no
2040,ITAMARI,32,85,20,3 815,35 537,35 537,30,32,78,39,541 858,5 422 886,5 417 886,158,159,mistral_table,mistral_table,no
2041,ITAMBE,66,165,89,9 392,182 697,182 684,96,100,290,155,982 111,19 331 285,19 283 346,158,159,mistral_table,mistral_table,no
2042,ITANAGRA,2,(A),(A),(X),(A),(A),3,3,10,6,76 166,783 040,703 880,158,159,mistral_table,mistral_table,no
2043,ITANHEM,86,178,54,11 380,215 977,215 977,117,122,258,102,2 365 538,22 325 437,22 320 649,158,159,mistral_table,mistral_table,no
2044,ITAPARICA,23,75,36,5 132,72 600,72 591,28,33,461,285,2 632 171,53 336 659,53 229 763,158,159,mistral_table,mistral_table,no
2045,ITAPE,26,91,23,4 040,70 892,70 892,35,34,82,33,356 429,5 881 402,5 820 402,158,159,mistral_table,mistral_table,no
2046,ITAPEBI,28,85,32,5 799,118 200,118 014,18,22,63,26,535 311,6 547 687,6 547 687,158,159,mistral_table,mistral_table,no
2047,ITAPETINGA,284,1 033,530,70 253,1 362 013,1 343 870,330,365,1 296,799,7 606 991,156 921 292,155 334 174,158,159,mistral_table,mistral_table,no
2048,ITAPICURU,18,51,17,2 738,15 387,15 387,48,45,110,52,1 643 939,10 712 200,10 703 200,158,159,mistral_table,mistral_table,no
2049,ITAPITANGA,33,79,16,4 347,38 418,38 418,44,46,144,74,716 327,7 371 891,7 370 091,158,159,mistral_table,mistral_table,no
2050,ITAGUARA,15,21,2,1 307,11 329,11 329,13,14,31,13,167 594,1 544 493,1 541 493,158,159,mistral_table,mistral_table,no
2051,ITARANTIM,57,113,28,10 065,107 157,107 157,54,57,128,62,467 837,15 601 568,15 598 648,158,159,mistral_table,mistral_table,no
2052,ITIRUÇU,46,121,55,17 207,362 514,362 497,25,27,60,27,333 156,10 698 463,10 346 690,158,159,mistral_table,mistral_table,no
2053,ITIUBA,77,188,35,5 814,85 212,84 941,92,98,275,119,1 152 848,12 384 133,12 362 587,158,159,mistral_table,mistral_table,no
2054,ITORORO,82,246,111,13 784,242 594,242 219,120,133,397,225,2 256 631,20 833 780,20 788 480,158,159,mistral_table,mistral_table,no
2055,ITUAÇU,30,54,8,4 237,28 948,26 785,29,30,53,4,936 860,5 289 736,5 289 736,158,159,mistral_table,mistral_table,no
2056,ITUBERA,67,219,85,20 965,305 796,305 358,176,186,547,279,2 279 637,38 137 788,37 911 073,160,161,pdf_text_layout,mistral_table,no
2057,JACARACI,17,32,2,1 941,10 722,10 463,41,41,78,25,562 351,3 654 156,3 635 476,160,161,pdf_text_layout,mistral_table,no
2058,JACOBINA,318,1 309,733,86 943,400 050,2 ·392 3Si,540,597,2 023,1 108,14 460 172,204 066 143,203 336 128,160,161,pdf_text_layout,mistral_table,no
2059,JAGUAOUARA,113,272,116,19 004,526 791,526 791,140,156,458,248,2 959 393,80 908 748,80 865 736,160,161,pdf_text_layout,mistral_table,no
2060,JAGUARARI,53,177,AO,7 808,367 643,367 623,70,77,211,93,891 124,20 393 060,20 213 200,160,161,pdf_text_layout,mistral_table,no
2061,,,,,,,,1,1,(A),(A),(X),(A),(A),160,161,missing,mistral_table,yes
2062,JANDAIRA,,,,,,,17,17,31,14,242 366,1 565 033,1 565 033,160,161,pdf_text_layout_partial,mistral_table,yes
2063,,,,,,,,76,89,226,95,1 179 359,16 700 185,16 618 900,160,161,missing,mistral_table,yes
2064,,,,,,,,27,29,96,44,412 179,6 150 168,6 100 928,160,161,missing,mistral_table,yes
2065,JITAUNA,80,174,36,11 826,167 A03,167 078,91,92,280,122,1 919 000,13 525 244,13 496 286,160,161,pdf_text_layout,mistral_table,no
2066,JUSSARA,18,27,2,1 846,35 977,35 977,20,21,47,12,237 135,4 495 773,4 488 773,160,161,pdf_text_layout,mistral_table,no
2067,,,,,,,,42,43,77,12,254 712,4 416 276,4 416 276,160,161,missing,mistral_table,yes
2068,LAFAlETE COUTINHO,14,47,20,586,738,738,27,27,58,28,189 215,905 576,905 576,160,161,pdf_text_layout,mistral_table,no
2069,,,,,,,,105,107,229,105,1 439 948,14 973 834,14 958 834,160,161,missing,mistral_table,yes
2070,LAJEDÃO,14,28,15,1 576,170,i70,12,13,27,14,390 864,2 075 508,2 075 508,160,161,pdf_text_layout,mistral_table,no
2071,LA.JEDINHO,12,22,7,1 020,22 369,22 369,17,17,45,27,209 884,3 688 169,3 272 618,160,161,pdf_text_layout,mistral_table,no
2072,LAMARÃO,13,24,6,961,11 819,11 819·,22,22,49,20,66 016,728 626,721 906,160,161,pdf_text_layout,mistral_table,no
2073,,,,,,,,431,148,683,425,5 444 320,80 237 669,80 138 685,160,161,missing,mistral_table,yes
2074,LENÇO IS,17,32,10,170,665,657,23,25,60,26,215 170,4 601 466,3 922 466,160,161,pdf_text_layout,mistral_table,no
2075,LICINJO DE ALMEIDA,22,44,A,2 685,44 781,44 781,36,37,46,5,253 914,4 591 655,4 591 655,160,161,pdf_text_layout,mistral_table,no
2076,LIVRAMENTO 00 BRUMAOO,115,218,42,13 140,298 623,297 582,101,112,222,75,1 094 484,22 977 764,22 866 587,160,161,pdf_text_layout,mistral_table,no
2077,MACAJUBA,14,21,3,1 135,494,9 494,32,34,85,39,210 807,2 932 880,2 932 880,160,161,pdf_text_layout,mistral_table,no
2078,MACARANJ,29,59,17,2 866,42 824,42 771,38,41,88,38,313 864,7 987 823,7 974 423,160,161,pdf_text_layout,mistral_table,no
2079,MACAUBAS,53,95,17,4 759,94 554,94 529,93,93,186,55,1 169 926,11 140 159,11 133 159,160,161,pdf_text_layout,mistral_table,no
2080,MACURURE,,,,,,,25,25,60,25,510 137,8 338 049,8 338 049,160,161,pdf_text_layout_partial,mistral_table,yes
2081,MAIOUINIOUE,24,33,4,1 815,40 207,40 207,21,24,55,33,264 666,4 478 000,4 467 160,160,161,pdf_text_layout,mistral_table,no
2082,MAIRI,72,186,62,8 777,235 128,234 360,84,90,193,78,1 040 744,13 976 918,13 917 099,160,161,pdf_text_layout,mistral_table,no
2083,MALHADA,46,70,8,3 ASO,43 680,43 680,72,73,197,52,837 190,6 664 034,6 636 983,160,161,pdf_text_layout,mistral_table,no
2084,MALHADA OE PEDRAS,,,,,,,16,16,27,11,115 130,651 306,649 113,160,161,pdf_text_layout_partial,mistral_table,yes
2085,MANOEL VITORINO,41,66,10,076,73 041,73 041,51,51,109,44,486 600,2 327 966,2 270 966,160,161,pdf_text_layout,mistral_table,no
2086,"MARACAS ••••• , , ••••••• •""",64,143,36,10 046,1AO 684,1AO 504,86,89,256,140,1 792 656,16 050 200,16 039 800,160,161,pdf_text_layout,mistral_table,no
2087,JUSSIAPE,47,76,2,4 375,43 840,A3 840,107,108,266,127,1 338 434,16 597 732,16 430 957,160,161,pdf_text_layout,mistral_table,no
2088,MARAU,,,,,,,11,12,23,11,60 550,1 169 810,1 169 810,160,161,pdf_text_layout_partial,mistral_table,yes
2089,MARCIONILIO SOUZA,,,,,,,15,16,40,17,208 249,2 030 235,2 024 492,160,161,pdf_text_layout_partial,mistral_table,yes
2090,MASCOTE,28,62,10,2 462,32· 05,32 415,127,129,346,177,2 425 269,16 503 751,16 413 751,160,161,pdf_text_layout,mistral_table,no
2091,MATA OE SÃO JOÃO,75,250,99,14 457,224 920,224· 759,52,62,196,118,1 023 502,13 477 490,13 408 690,160,161,pdf_text_layout,mistral_table,no
2092,MEDEIROS NETO,103,365,172,30 357,279 756,279 414,100,104,246,92,3 707 312,26 026 062,25 832 361,160,161,pdf_text_layout,mistral_table,no
2093,MIGUEL CALMON,52,175,41,244,157 820,157 698,55,61,179,82,739 804,14 334 955,13 664 582,160,161,pdf_text_layout,mistral_table,no
2094,,,,,,,,25,26,99,59,645 682,11 600 292,11 600 292,160,161,missing,mistral_table,yes
2095,MIRANGABA,,,,,,,14,16,33,7,86 090,1 536 443,1 536 443,160,161,pdf_text_layout_partial,mistral_table,yes
2096,MONTE SANTO,53,135,34,7 719,106 816,106 614,211,213,516,242,2 861 074,24 170 143,24 155 443,160,161,pdf_text_layout,mistral_table,no
2097,MORPARA,,,,,,,59,59,143,69,518 957,3 155 315,3 119 915,160,161,pdf_text_layout_partial,mistral_table,yes
2098,MORRO DO CHAPEU,84,224,80,12 321,331 154,330 078,115,121,309,138,1 779 566,25 585 375,25 212 821,160,161,pdf_text_layout,mistral_table,no
2099,MORTUGABA,,,,,,,56,56,97,12,220 180,4 787 661,4 763 061,160,161,pdf_text_layout_partial,mistral_table,yes
2100,MUCUGE,,,,,,,10,12,30,10,152 023,1 489 305,1 468 179,160,161,pdf_text_layout_partial,mistral_table,yes
2101,MUCURI,26,66,10,6 904,40 497,40 497,17,18,45,11,144 335,4 350 603,4 350 603,162,163,mistral_table,mistral_table,no
2102,MUNDO NOVO,50,107,29,5 980,144 670,147 426,92,98,223,102,1 056 987,13 831 848,13 790 373,162,163,mistral_table,mistral_table,no
2103,MUNIZ FERREIRA,4,6,1,252,3 517,3 517,16,17,45,29,290 291,3 163 079,3 118 879,162,163,mistral_table,mistral_table,no
2104,MURITIBA,69,184,94,14 737,341 618,341 611,120,125,545,380,2 473 229,31 856 108,30 956 878,162,163,mistral_table,mistral_table,no
2105,MUTUIPE,57,127,20,6 721,202 173,201 592,89,91,255,135,1 996 540,27 635 780,27 561 676,162,163,mistral_table,mistral_table,no
2106,NAZARE,75,234,97,21 528,425 823,425 823,83,88,285,174,1 880 026,29 586 171,29 414 798,162,163,mistral_table,mistral_table,no
2107,NILO PEÇANHA,6,14,8,1 088,15 614,15 614,99,99,209,112,615 460,2 956 800,2 916 650,162,163,mistral_table,mistral_table,no
2108,NOVA CANAÃ,28,61,20,3 032,53 880,53 866,34,36,89,47,1 009 929,4 821 105,4 799 505,162,163,mistral_table,mistral_table,no
2109,NOVA ITARANA,10,23,3,881,25 209,25 209,10,10,19,6,251 802,1 193 065,1 187 065,162,163,mistral_table,mistral_table,no
2110,NOVA SOURE,23,43,11,2 014,23 078,22 898,72,76,191,93,843 415,15 543 096,15 543 096,162,163,mistral_table,mistral_table,no
2111,NOVA VIÇOSA,48,111,11,5 696,151 301,151 301,78,86,243,123,1 508 084,27 052 216,26 967 088,162,163,mistral_table,mistral_table,no
2112,OLINDINA,41,108,31,7 137,147 714,147 714,81,84,214,106,1 071 081,13 925 500,13 816 451,162,163,mistral_table,mistral_table,no
2113,OLIVEIRA DOS BREJINHOS,56,156,60,8 734,92 920,92 430,115,116,569,405,1 961 141,22 794 028,22 786 275,162,163,mistral_table,mistral_table,no
2114,OURICANGAS,19,44,19,1 482,9 233,9 233,5,5,10,3,99 493,1 008 139,936 058,162,163,mistral_table,mistral_table,no
2115,PALMAS DE MONTE ALTO,24,52,18,2 174,34 099,33 634,37,40,96,28,475 709,10 334 240,10 328 240,162,163,mistral_table,mistral_table,no
2116,PALMEIRAS,20,37,3,2 786,47 621,47 236,21,21,63,26,380 637,5 418 807,5 186 807,162,163,mistral_table,mistral_table,no
2117,PARAMIRIM,50,147,38,10 808,168 599,168 518,43,44,94,36,512 067,10 394 624,10 361 401,162,163,mistral_table,mistral_table,no
2118,PARATINGA,23,53,4,1 409,20 492,20 282,27,29,61,24,539 609,4 442 105,4 442 105,162,163,mistral_table,mistral_table,no
2119,PARIPIRANGA,76,223,65,8 777,277 326,277 281,87,95,288,116,1 682 313,30 625 419,30 494 119,162,163,mistral_table,mistral_table,no
2120,PAU BRASIL,48,97,28,3 324,79 870,79 870,167,171,374,199,4 703 093,30 231 296,30 231 296,162,163,mistral_table,mistral_table,no
2121,PAULO AFONSO,253,1 059,525,68 129,1 768 948,1 766 385,331,380,1 462,988,15 712 186,177 744 308,177 404 369,162,163,mistral_table,mistral_table,no
2122,PEDRÃO,20,45,14,1 968,20 809,20 809,6,6,9,2,52 400,234 423,217 423,162,163,mistral_table,mistral_table,no
2123,PEDRO ALEXANDRE,19,27,3,912,13 902,13 902,44,45,126,60,723 556,8 404 961,8 404 961,162,163,mistral_table,mistral_table,no
2124,PIATÃ,40,54,3,1 852,12 875,12 875,53,53,83,21,371 080,3 831 760,3 826 517,162,163,mistral_table,mistral_table,no
2125,PILÃO ARCADO,20,37,4,2 169,15 340,15 340,35,35,93,31,795 765,6 923 672,6 912 172,162,163,mistral_table,mistral_table,no
2126,PINDAI,21,40,1,4 601,54 023,54 023,36,38,77,22,240 149,6 905 125,6 901 030,162,163,mistral_table,mistral_table,no
2127,PINDOBACU,54,102,26,5 427,184 333,184 333,34,41,90,32,447 464,9 251 698,9 249 618,162,163,mistral_table,mistral_table,no
2128,PIRIPA,21,23,-,4 531,21 161,21 161,31,31,85,46,1 281 660,5 537 688,5 524 838,162,163,mistral_table,mistral_table,no
2129,PIRITIBA,38,99,40,6 691,80 248,79 372,81,89,231,93,1 163 925,9 809 033,9 774 633,162,163,mistral_table,mistral_table,no
2130,PLANALTINO,7,11,1,527,8 046,8 046,31,32,83,41,462 418,3 399 119,3 399 119,162,163,mistral_table,mistral_table,no
2131,PLANALTO,40,85,24,5 214,132 915,131 756,50,52,165,81,833 794,7 298 158,7 278 603,162,163,mistral_table,mistral_table,no
2132,POÇÕES,114,318,105,15 344,516 084,511 356,251,261,783,460,4 351 230,76 308 454,75 944 193,162,163,mistral_table,mistral_table,no
2133,POJUCA,32,135,67,14 419,268 561,268 561,32,42,161,98,1 140 860,23 802 806,23 802 806,162,163,mistral_table,mistral_table,no
2134,PORTO SEGURO,109,485,249,47 275,1 105 835,1 104 074,144,165,700,438,5 353 799,128 800 997,128 595 512,162,163,mistral_table,mistral_table,no
2135,POTIRAGUA,34,41,2,2 895,59 011,59 011,55,57,125,55,535 624,7 468 352,7 455 152,162,163,mistral_table,mistral_table,no
2136,PRADO,49,106,49,6 154,84 839,84 828,24,24,70,27,788 837,5 947 636,5 946 598,162,163,mistral_table,mistral_table,no
2137,PRESIDENTE DUTRA,25,53,1,2 518,34 989,34 943,42,43,83,32,533 360,5 686 410,5 684 410,162,163,mistral_table,mistral_table,no
2138,PRESIDENTE JANIO QUADROS,76,122,6,4 904,46 230,46 201,27,28,52,6,300 486,2 507 524,2 504 347,162,163,mistral_table,mistral_table,no
2139,QUEIMADAS,56,113,31,7 706,139 767,139 347,99,102,289,111,1 184 218,19 471 632,19 453 612,162,163,mistral_table,mistral_table,no
2140,QUIJINGUE,35,143,58,9 432,44 771,44 681,21,22,65,32,936 211,4 994 606,4 861 606,162,163,mistral_table,mistral_table,no
2141,REMANSO,117,346,115,15 740,400 056,400 056,163,172,476,182,3 128 480,38 814 947,36 851 094,162,163,mistral_table,mistral_table,no
2142,RETIROLANDIA,15,42,15,4 462,68 197,68 174,11,13,48,27,195 149,6 671 473,6 671 473,162,163,mistral_table,mistral_table,no
2143,RIACHÃO DAS NEVES,29,62,11,2 598,36 490,36 106,51,55,137,57,1 228 214,9 844 819,9 829 819,162,163,mistral_table,mistral_table,no
2144,RIACHÃO DO JACUIPE,125,386,143,30 323,862 962,859 731,386,403,1 159,586,7 465 114,110 906 957,109 859 145,162,163,mistral_table,mistral_table,no
2145,RIACHO DE SANTANA,94,205,15,12 717,107 857,105 614,105,106,150,30,433 322,12 118 261,12 103 261,162,163,mistral_table,mistral_table,no
2146,RIBEIRA DO AMPARO,96,82,23,3 160,53 967,53 967,140,141,325,160,2 122 800,8 615 320,8 544 820,164,165,mistral_table,mistral_table,no
2147,RIBEIRA DO POMBAL,126,391,452,21 083,535 088,534 188,156,172,526,280,3 630 660,67 005 981,66 430 969,164,165,mistral_table,mistral_table,no
2148,RIO DE CONTAS,60,111,6,3 750,36 596,36 374,69,70,104,8,340 450,5 239 443,5 221 443,164,165,mistral_table,mistral_table,no
2149,RIO DO ANTONIO,53,91,1,3 927,41 597,41 597,55,57,86,20,402 200,4 281 750,4 263 779,164,165,mistral_table,mistral_table,no
2150,RIO DO PIRES,29,90,3,2 742,31 985,31 985,55,55,127,37,722 933,3 253 039,3 247 039,164,165,mistral_table,mistral_table,no
2151,RIO REAL,37,73,18,3 688,95 245,95 245,94,97,257,153,1 280 868,23 195 347,23 037 449,164,165,mistral_table,mistral_table,no
2152,RODELAS,4,7,1,195,2 031,2 031,3,3,4,1,21 800,210 400,210 400,164,165,mistral_table,mistral_table,no
2153,RUY BARBOSA,111,344,165,18 824,333 898,333 849,142,145,369,183,1 344 996,19 508 988,19 206 917,164,165,mistral_table,mistral_table,no
2154,SALINAS DA MARGARIDA,3,8,3,841,4 640,4 640,13,16,50,25,422 154,4 713 768,4 685 768,164,165,mistral_table,mistral_table,no
2155,SANTA BARBARA,54,154,84,10 245,157 288,157 164,22,25,84,51,825 912,8 446 518,8 206 929,164,165,mistral_table,mistral_table,no
2156,SANTA BRIGIDA,6,14,7,984,18 669,18 669,30,31,101,64,1 565 380,15 982 419,15 782 419,164,165,mistral_table,mistral_table,no
2157,SANTA CRUZ CABRALIA,233,791,352,58 555,1 579 218,1 576 999,281,320,1 206,654,8 887 943,150 708 867,147 289 892,164,165,mistral_table,mistral_table,no
2158,SANTA CRUZ DA VITORIA,6,13,2,694,9 253,9 253,8,9,18,9,116 822,630 698,630 698,164,165,mistral_table,mistral_table,no
2159,SANTA INES,32,83,28,6 126,84 486,84 486,41,44,125,57,585 429,8 332 199,8 232 199,164,165,mistral_table,mistral_table,no
2160,SANTALUZ,62,137,48,10 387,236 669,236 663,65,71,206,101,918 106,22 075 700,21 857 263,164,165,mistral_table,mistral_table,no
2161,SANTA MARIA DA VITORIA,144,331,77,23 839,289 949,289 589,168,185,530,220,4 740 117,43 093 612,42 223 564,164,165,mistral_table,mistral_table,no
2162,SANTANA,84,187,35,8 934,145 686,144 840,148,152,377,106,1 177 748,18 485 510,18 447 510,164,165,mistral_table,mistral_table,no
2163,SANTANDOPOLIS,13,27,12,497,8 984,8 984,4,6,15,10,78 089,773 179,773 179,164,165,mistral_table,mistral_table,no
2164,SANTA RITA DE CASSIA,67,103,3,9 102,80 828,80 828,150,152,355,125,1 144 871,16 904 282,16 830 282,164,165,mistral_table,mistral_table,no
2165,SANTA TERESINHA,22,72,28,4 798,279 662,279 631,33,33,99,42,450 754,14 570 310,14 463 910,164,165,mistral_table,mistral_table,no
2166,SANTO AMARO,181,654,367,39 774,683 898,681 304,228,255,903,522,6 262 582,69 615 446,68 817 364,164,165,mistral_table,mistral_table,no
2167,SANTO ANTONIO DE JESUS,272,1 198,563,95 395,2 738 492,2 728 586,307,347,1 827,1 196,10 904 925,267 268 115,265 173 204,164,165,mistral_table,mistral_table,no
2168,SANTO ESTEVÃO,99,287,133,18 537,617 874,612 441,82,85,307,138,1 629 027,26 105 460,24 963 845,164,165,mistral_table,mistral_table,no
2169,SÃO DESIDERIO,13,29,6,1 734,36 566,36 566,19,23,67,30,404 965,14 766 827,14 380 627,164,165,mistral_table,mistral_table,no
2170,SÃO FELIX,29,89,36,6 416,97 073,96 873,33,34,111,74,1 026 231,9 699 520,9 669 604,164,165,mistral_table,mistral_table,no
2171,SÃO FELIPE,26,64,19,5 098,88 082,88 048,71,72,196,84,737 793,10 811 976,10 788 976,164,165,mistral_table,mistral_table,no
2172,SÃO FRANCISCO DO CONDE,33,235,176,45 007,24 789 485,24 783 627,20,31,336,281,6 621 726,2 127 894 487,2 116 900 512,164,165,mistral_table,mistral_table,no
2173,SÃO GONÇALO DOS CAMPOS,55,116,41,7 724,100 738,100 698,69,72,177,99,1 236 909,12 279 889,12 256 292,164,165,mistral_table,mistral_table,no
2174,SÃO MIGUEL DAS MATAS,17,43,6,2 456,36 354,36 354,22,23,54,29,383 710,3 335 556,3 331 956,164,165,mistral_table,mistral_table,no
2175,SÃO SEBASTIÃO DO PASSE,50,208,109,17 241,327 779,323 573,76,83,315,185,1 870 599,25 006 895,24 840 745,164,165,mistral_table,mistral_table,no
2176,SAPEAÇU,32,79,27,5 409,82 912,81 387,46,48,127,65,978 798,7 030 580,6 995 673,164,165,mistral_table,mistral_table,no
2177,SATIRO DIAS,38,69,24,2 993,20 741,20 719,35,35,74,26,282 157,4 674 287,4 674 287,164,165,mistral_table,mistral_table,no
2178,SAUDE,20,45,12,1 769,49 302,49 302,27,32,105,50,798 703,7 768 307,7 730 966,164,165,mistral_table,mistral_table,no
2179,SEABRA,87,175,22,10 848,221 573,220 005,85,89,294,156,1 762 379,26 851 787,26 636 317,164,165,mistral_table,mistral_table,no
2180,SEBASTIÃO LARANJEIRAS,8,15,3,419,2 594,2 589,22,22,37,10,68 392,695 775,695 775,164,165,mistral_table,mistral_table,no
2181,SENHOR DO BONFIM,339,1 205,471,70 503,2 360 567,2 348 164,304,349,1 366,860,8 246 607,154 185 546,151 721 114,164,165,mistral_table,mistral_table,no
2182,SENTO SE,25,43,12,2 199,19 337,19 337,90,92,214,101,615 342,7 472 642,7 472 642,164,165,mistral_table,mistral_table,no
2183,SERRA DOURADA,48,100,11,3 805,65 028,65 028,93,94,189,35,541 999,7 743 769,7 737 769,164,165,mistral_table,mistral_table,no
2184,SERRA PRETA,39,74,26,2 183,49 424,49 409,28,28,79,18,243 614,3 639 655,3 619 655,164,165,mistral_table,mistral_table,no
2185,SERRINHA,167,610,292,48 492,985 072,982 879,184,198,697,412,4 513 772,104 138 652,103 858 993,164,165,mistral_table,mistral_table,no
2186,SERROLANDIA,37,83,37,4 983,144 621,144 621,51,57,135,82,1 477 795,22 127 882,21 833 047,164,165,mistral_table,mistral_table,no
2187,SIMÕES FILHO,64,548,298,89 777,1 589 199,1 545 280,77,94,749,525,12 386 961,221 622 527,221 103 958,164,165,mistral_table,mistral_table,no
2188,SOUTO SOARES,6,13,4,676,6 072,6 072,6,6,12,4,84 783,1 272 791,1 272 791,164,165,mistral_table,mistral_table,no
2189,TABOCAS DO BREJO VELHO,13,29,-,848,6 834,6 834,21,21,67,15,183 852,2 716 019,2 716 019,164,165,mistral_table,mistral_table,no
2190,TANHAÇU,34,63,9,3 456,64 489,64 489,82,88,196,67,883 880,10 032 726,9 881 312,164,165,mistral_table,mistral_table,no
2191,TANQUINHO,20,54,24,5 254,96 852,90 085,80,84,197,110,1 639 639,16 361 872,16 354 372,166,167,mistral_table,mistral_table,no
2192,TAPEROA,26,91,33,8 785,105 060,105 060,80,85,218,110,812 858,12 298 883,12 160 997,166,167,mistral_table,mistral_table,no
2193,TAPIRAMUTA,11,24,7,1 321,47 478,47 478,21,29,57,27,328 312,6 881 242,6 785 242,166,167,mistral_table,mistral_table,no
2194,TEODORO SAMPAIO,35,80,29,8 769,81 132,81 132,15,16,44,18,206 193,6 085 658,6 028 458,166,167,mistral_table,mistral_table,no
2195,TEOFILANDIA,22,57,23,5 548,25 376,25 344,14,16,40,22,221 636,2 454 800,2 454 800,166,167,mistral_table,mistral_table,no
2196,TEOLANDIA,19,41,18,3 168,18 442,18 442,25,26,60,28,579 907,6 758 937,6 754 137,166,167,mistral_table,mistral_table,no
2197,TERRA NOVA,13,24,9,1 682,17 035,17 035,28,29,80,50,641 085,4 970 032,4 891 432,166,167,mistral_table,mistral_table,no
2198,TREMEDAL,174,240,2,6 510,52 216,51 796,76,76,151,49,388 816,2 926 164,2 863 262,166,167,mistral_table,mistral_table,no
2199,TUCANO,63,172,65,10 450,206 004,205 454,63,67,194,79,811 216,19 432 475,19 362 988,166,167,mistral_table,mistral_table,no
2200,UAUA,73,137,5,3 715,54 104,53 203,87,88,219,77,1 619 063,16 085 495,16 035 495,166,167,mistral_table,mistral_table,no
2201,UBAIRA,36,59,9,4 176,39 833,39 833,52,53,162,80,878 381,12 562 330,12 562 330,166,167,mistral_table,mistral_table,no
2202,UBAITABA,103,280,116,25 011,348 208,348 039,62,76,234,132,1 990 845,40 858 085,40 597 602,166,167,mistral_table,mistral_table,no
2203,UBATÁ,92,245,112,16 539,302 295,302 036,83,90,308,158,1 929 691,34 920 662,34 912 162,166,167,mistral_table,mistral_table,no
2204,UIBAI,22,39,6,2 823,45 993,45 993,30,30,73,11,692 035,4 060 059,4 060 059,166,167,mistral_table,mistral_table,no
2205,UNA,62,145,35,9 822,149 475,148 371,122,124,414,185,2 334 597,21 582 443,21 582 443,166,167,mistral_table,mistral_table,no
2206,URANDI,34,59,6,3 780,34 884,34 434,23,26,50,10,183 477,3 975 615,3 964 071,166,167,mistral_table,mistral_table,no
2207,URUQUCA,57,154,71,17 608,99 113,99 113,84,90,243,116,1 350 971,31 560 600,31 557 600,166,167,mistral_table,mistral_table,no
2208,UTINGA,35,82,16,3 456,87 055,86 815,47,51,147,67,798 757,13 238 446,"13 238, 380",166,167,mistral_table,mistral_table,no
2209,VALENÇA,208,660,368,110 344,1 606 295,1 607 476,696,742,2 288,1 349,14 687 926,147 651 839,145 836 192,166,167,mistral_table,mistral_table,no
2210,VALENTE,106,286,122,21 678,269 305,269 015,76,78,245,103,1 469 995,31 110 068,31 101 368,166,167,mistral_table,mistral_table,no
2211,VARZEA DO POÇO,25,51,9,1 542,31 453,31 453,33,37,104,53,856 648,3 554 592,3 554 592,166,167,mistral_table,mistral_table,no
2212,VERA CRUZ,21,113,49,9 303,128 233,127 613,17,22,169,131,1 111 163,14 987 881,14 911 081,166,167,mistral_table,mistral_table,no
2213,WAGNER,14,21,-,978,22 205,22 205,12,12,27,9,259 340,3 523 533,3 521 373,166,167,mistral_table,mistral_table,no
2214,WENCESLAU GUIMARÃES,33,132,64,7 655,180 824,180 824,67,67,191,102,1 043 541,18 701 381,17 875 224,166,167,mistral_table,mistral_table,no
2215,XIQUE-XIQUE,117,267,101,24 581,459 263,458 167,128,161,338,133,1 850 251,23 321 607,22 929 660,166,167,mistral_table,mistral_table,no
