order_number,entry,establishments_1980,personnel_total_1980,personnel_linked_to_production_1980,salaries_withdrawals_other_compensation_1980_mil_cruzeiros,gross_production_value_1980_mil_cruzeiros,industrial_transformation_value_1980_mil_cruzeiros,companies_headquartered_in_municipality_1985,establishments_1985,personnel_total_1985,personnel_linked_to_production_1985,salaries_withdrawals_other_compensation_1985_mil_cruzeiros,gross_production_value_1985_mil_cruzeiros,industrial_transformation_value_1985_mil_cruzeiros,source_page_1980,source_page_1985,left_extraction_method,right_extraction_method,needs_review
1,BRASIL,226 306,5 720 006,4 196 989,1 041 218 062,10 204 222 502,4 307 628 522,175 652,207 157,5 608 704,4 217 212,96 449 248 431,1 132 811 769 037,523 906 798 448,4,5,mistral_table,mistral_table,no
2,EXTRATIVA MINERAL,4 837,110 044,72 463,26 949 370,208 088 815,147 834 407,1 992,2 973,107 376,78 800,2 555 001 300,52 933 461 376,45 991 056 589,4,5,mistral_table,mistral_table,no
3,TRANSFORMAÇÃO,220 786,5 562 241,4 085 604,996 991 627,9 966 396 527,4 133 054 310,173 660,204 184,5 801 328,4 138 412,93 894 247 131,1 079 878 307 661,477 915 741 859,4,5,mistral_table,mistral_table,no
4,NAO METALICOS,35 501,444 372,323 845,54 725 509,425 494 952,233 550 607,26 843,28 974,369 643,275 855,4 102 263 245,33 178 100 772,20 522 941 485,4,5,mistral_table,mistral_table,no
5,METALURGICA,19 946,641 546,471 734,132 735 895,1 396 580 294,480 289 548,6 621,18 954,565 036,427 914,11 292 003 136,150 493 933 516,58 399 855 703,4,5,mistral_table,mistral_table,no
6,MECANICA,12 412,602 453,474 976,156 482 359,762 640 905,419 766 672,7 667,11 088,552 163,440 952,13 807 905 147,73 502 013 165,43 967 809 855,4,5,mistral_table,mistral_table,no
7,MATERIAL ELETRICO,4 658,297 376,218 147,66 972 713,542 665 099,288 072 959,3 047,4 573,316 797,230 731,1 465 297 562,62 253 200 015,36 151 456 477,4,5,mistral_table,mistral_table,no
8,TRANSPORTE,4 526,344 750,250 189,88 039 736,776 469 693,307 868 236,3 361,4 184,341 621,257 925,9 025 553 049,79 384 244 141,30 715 409 051,4,5,mistral_table,mistral_table,no
9,MADEIRA,20 873,274 247,208 840,26 599 319,201 205 067,108 703 601,15 677,17 129,218 059,174 875,1 799 927 984,13 412 764 399,7 566 235 042,4,5,mistral_table,mistral_table,no
10,MOBILIÁRIO,13 750,186 686,140 588,20 939 585,145 723 460,73 500 926,12 845,13 759,188 467,147 126,1 706 471 024,12 946 086 093,6 844 398 486,4,5,mistral_table,mistral_table,no
11,PAPEL E PAPELÃO,2 151,130 018,91 562,24 936 128,284 220 323,114 495 098,1 317,2 107,132 948,98 957,2 739 039 127,30 119 136 254,14 015 403 745,4,5,mistral_table,mistral_table,no
12,BORRACHA,519,64 765,49 942,13 686 227,149 210 017,51 953 533,1 056,1 421,71 656,53 447,1 667 459 058,17 788 912 485,6 805 459 453,4,5,mistral_table,mistral_table,no
13,COUROS E PELES,1 509,45 317,36 936,5 879 184,48 600 831,19 567 217,1 347,1 604,63 849,46 752,566 342 126,6 575 937 764,2 874 318 104,4,5,mistral_table,mistral_table,no
14,QUIMICA,4 774,222 118,121 129,80 644 941,1 766 057 710,601 354 895,2 301,5 066,287 742,165 442,9 414 992 805,224 533 760 108,82 797 136 577,4,5,mistral_table,mistral_table,no
15,FARMACÊUTICA,1 122,54 426,26 614,16 691 111,107 267 595,66 020 199,433,930,48 058,24 282,1 454 315 316,12 577 172 729,6 071 471 641,4,5,mistral_table,mistral_table,no
16,PERFUMÁRIA,1 113,36 239,20 271,8 352 570,84 004 488,39 280 355,678,1 140,36 807,20 378,786 075 086,18 003 398 412,4 264 066 676,4,5,mistral_table,mistral_table,no
17,MATS. PLASTICAS,3 147,135 681,102 573,21 926 260,196 638 919,94 709 895,2 274,2 975,146 151,119 791,2 122 145 884,20 631 679 939,10 712 834 597,4,5,mistral_table,mistral_table,no
18,TEXTIL,7 177,417 750,348 224,58 695 563,634 946 815,257 835 863,3 814,5 570,351 360,296 196,4 501 530 660,61 887 669 456,28 434 008 601,4,5,mistral_table,mistral_table,no
19,VESTUÁRIO,20 571,492 863,410 530,48 172 080,377 802 507,195 750 623,21 688,23 200,655 234,560 662,5 552 313 929,47 485 497 411,24 748 660 004,4,5,mistral_table,mistral_table,no
20,ALIMENTARES,46 662,724 213,490 214,66 311 627,1 580 985 583,479 497 327,36 690,43 034,733 199,505 688,8 555 562 476,172 320 771 707,57 405 540 462,4,5,mistral_table,mistral_table,no
21,BEBIDAS,15 216,77 021,55 092,18 218 331,112 800 572,53 559 135,2 189,2 798,77 167,47 725,1 261 270 854,11 485 924 869,5 936 146 714,4,5,mistral_table,mistral_table,no
22,FUMO,560,29 527,21 772,7 006 654,56 696 294,31 462 531,143,434,27 924,16 990,725 922 476,6 376 669 516,3 637 174 155,4,5,mistral_table,mistral_table,no
23,GRAFICA,9 081,169 883,101 427,34 415 147,155 882 437,103 891 041,8 008,9 053,164 523,101 721,2 828 276 606,14 449 553 199,9 279 233 948,4,5,mistral_table,mistral_table,no
24,DIVERSAS,6 518,170 986,128 197,29 050 688,176 918 866,109 864 243,5 261,6 181,168 954,129 973,2 517 577 579,19 470 879 671,12 797 176 447,4,5,mistral_table,mistral_table,no
25,REGIÃO NORDESTE,37 214,597 144,434 564,71 380 199,808 446 858,317 112 315,36 917,40 839,604 285,451 724,6 661 517 836,97 853 590 028,42 164 070 640,4,5,mistral_table,mistral_table,no
26,EXTRATIVA MINERAL,791,22 326,13 120,5 305 795,10 283 516,6 294 884,467,651,18 103,13 842,186 353 680,1 406 651 228,1 003 528 455,4,5,mistral_table,mistral_table,no
27,TRANSFORMAÇÃO,36 362,573 038,419 825,65 612 892,797 286 345,310 073 936,36 450,40 188,588 182,437 862,6 475 164 156,96 446 936 800,41 160 542 185,4,5,mistral_table,mistral_table,no
28,NAO METALICOS,10 418,84 011,60 919,6 352 431,61 325 602,33 437 986,10 383,10 695,77 309,57 625,530 941 566,3 621 677 431,2 317 436 311,4,5,mistral_table,mistral_table,no
29,METALURGICA,1 583,30 766,21 176,4 392 682,61 471 712,18 544 898,2 071,2 232,30 257,21 081,520 306 176,8 822 606 423,3 165 193 328,4,5,mistral_table,mistral_table,no
30,MECANICA,671,28 792,24 521,5 771 862,23 460 276,15 225 704,458,741,36 427,24 279,646 569 907,2 450 004 251,1 538 578 003,4,5,mistral_table,mistral_table,no
31,MATERIAL ELETRICO,255,10 174,7 382,1 185 805,16 655 805,8 443 274,122,267,10 964,7 648,234 819 664,2 367 425 637,1 446 110 346,4,5,mistral_table,mistral_table,no
32,TRANSPORTE,343,6 523,4 815,876 847,4 293 008,2 550 777,337,397,7 394,6 031,115 346 181,574 841 346,386 025 519,4,5,mistral_table,mistral_table,no
33,MADEIRA,3 284,25 402,18 333,1 781 768,11 530 203,6 443 274,3 223,3 304,20 884,16 876,51 908 844,301 784 085 519,402 100 195,4,5,mistral_table,mistral_table,no
34,MOBILIÁRIO,1 916,16 250,11 454,1 290 899,8 463 157,4 496 704,2 529,2 582,17 024,12 395,126 237 553,820 734 601,445 422 512,4,5,mistral_table,mistral_table,no
35,PAPEL E PAPELÃO,162,7 774,5 454,892 460,12 840 557,4 892 512,106,170,8 027,5 743,97 745 339,1 409 081 178,486 939 769,4,5,mistral_table,mistral_table,no
36,BORRACHA,147,3 864,2 800,511 987,5 352 168,2 055 475,114,150,2 667,2 016,40 314 960,390 187 729,174 673 723,4,5,mistral_table,mistral_table,no
37,COUROS E PELES,292,4 343,3 136,405 112,4 070 589,1 715 100,418,440,4 852,3 642,39 949 168,737 083 885,342 731 346,4,5,mistral_table,mistral_table,no
38,QUIMICA,599,30 088,18 689,10 427 643,240 112 618,67 618 504,285,667,40 172,25 721,1 196 817 786,34 967 776 063,12 700 957 817,4,5,mistral_table,mistral_table,no
39,FARMACÊUTICA,166,3 498,1 435,907 997,1 934 012,1 085 170,51,139,3 006,1 233,70 906 007,243 190 615,154 699 347,4,5,mistral_table,mistral_table,no
40,PERFUMÁRIA,220,3 339,2 087,423 339,6 505 020,2 700 889,50,308,3 379,2 262,37 732 910,730 094 032,333 222 764,4,5,mistral_table,mistral_table,no
41,MATS. PLASTICAS,190,9 960,7 242,1 140 855,13 400 113,6 568 465,129,184,9 306,6 996,98 564 847,1 285 159 985,687 363 461,4,5,mistral_table,mistral_table,no
42,TEXTIL,1 343,62 887,50 737,6 328 485,92 721 956,35 628 755,1 065,1 350,56 508,47 155,496 857 086,9 140 812 208,4 306 136 084,4,5,mistral_table,mistral_table,no
43,VESTUÁRIO,2 033,49 621,42 136,3 252 508,31 026 317,17 009 111,2 531,2 628,59 605,50 410,404 706 662,4 352 408 114,2 507 060 848,4,5,mistral_table,mistral_table,no
44,ALIMENTARES,10 636,150 933,106 393,12 474 402,164 009 209,60 329 855,10 711,11 910,166 112,118 671,1 312 261 796,20 504 234 664,7 972 519 651,4,5,mistral_table,mistral_table,no
45,BEBIDAS,494,12 971,6 061,1 778 940,16 285 077,7 472 544,298,395,12 482,8 932,147 325 653,1 442 123 752,728 870 919,4,5,mistral_table,mistral_table,no
46,FUMO,222,9 462,7 916,974 173,7 101 600,3 502 209,55,146,7 747,6 026,90 640 021,691 798 116,353 778 349,4,5,mistral_table,mistral_table,no
47,GRAFICA,892,14 288,8 893,1 850 168,8 059 213,5 601 001,928,1 031,15 506,9 881,176 483 665,798 780 400,528 984 564,4,5,mistral_table,mistral_table,no
48,DIVERSAS,498,6 092,6 246,1 999 839,6 670 134,4 208 632,476,552,6 134,4 459,58 728 463,312 832 751,179 566 164,4,5,mistral_table,mistral_table,no
49,MARANHÃO,3 328,26 052,17 435,1 816 327,21 514 437,8 984 855,2 335,2 486,25 531,18 631,218 436 685,3 670 465 928,1 414 973 825,4,5,mistral_table,mistral_table,no
50,EXTRATIVA MINERAL,85,1 262,1 083,43 279,91 713,73 282,36,38,1 412,1 264,11 784 482,9 815 918,7 296 157,4,5,mistral_table,mistral_table,no
51,TRANSFORMAÇÃO,3 240,24 719,16 281,1 764 711,21 407 342,8 899 577,2 299,2 448,24 119,17 367,206 652 203,3 660 650 010,1 407 677 668,4,5,mistral_table,mistral_table,no
52,NAO METALICOS,704,4 421,2 932,193 983,1 842 688,1 118 374,231,248,5 866,2 214,16 169 185,191 186 578,124 674 606,4,5,mistral_table,mistral_table,no
53,METALURGICA,110,625,409,47 363,182 797,98 300,129,141,1 523,1 250,23 470 374,1 086 176 945,337 704 023,4,5,mistral_table,mistral_table,no
54,MECANICA,23,497,455,62 043,270 202,108 505,10,15,563,542,6 713 011,13 490 994,10 745 248,4,5,mistral_table,mistral_table,no
55,MATERIAL ELETRICO,1,(A),(A),(A),(A),(A),6,9,78,60,590 592,9 759 049,8 977 595,4,5,mistral_table,mistral_table,no
56,TRANSPORTE,8,61,40,5 845,33 909,29 219,25,27,314,263,5 293 745,15 666 852,13 017 522,4,5,mistral_table,mistral_table,no
57,MADEIRA,623,6 003,4 569,410 902,3 496 857,1 979 267,538,555,5 821,4 748,32 819 022,299 168 139,154 536 292,4,5,mistral_table,mistral_table,no
58,MOBILIÁRIO,136,797,525,60 711,328 297,176 158,130,135,849,627,6 449 801,39 523 115,21 308 164,4,5,mistral_table,mistral_table,no
59,PAPEL E PAPELÃO,8,839,621,72 801,2 015 900,676 464,2,10,766,443,7 449 967,158 669 221,43 226 617,4,5,mistral_table,mistral_table,no
60,BORRACHA,3,38,29,1 725,24 072,9 062,4,4,45,33,225 819,11 463 685,1 897 011,4,5,mistral_table,mistral_table,no
61,COUROS E PELES,8,236,199,16 809,141 684,61 814,16,16,63,43,506 201,11 786 722,3 771 382,4,5,mistral_table,mistral_table,no
62,QUIMICA,7,183,107,21 872,84 845,20 513,6,15,1 065,517,28 675 109,669 400 090,226 050 720,4,5,mistral_table,mistral_table,no
63,FARMACÊUTICA,5,374,276,40 404,171 353,47 210,5,5,360,262,4 727 819,43 456 279,26 883 822,4,5,mistral_table,mistral_table,no
64,PERFUMÁRIA,36,434,216,65 409,994 245,278 179,20,22,304,180,2 870 345,90 376 359,37 103 792,4,5,mistral_table,mistral_table,no
65,MATS. PLASTICAS,2,(D),(D),(X),(E),(X),3,3,119,86,892 601,6 081 954,2 776 554,4,5,mistral_table,mistral_table,no
66,TEXTIL,20,215,168,11 282,182 781,85 828,25,25,134,86,434 946,10 089 546,5 012 093,4,5,mistral_table,mistral_table,no
67,VESTUÁRIO,79,451,327,22 895,103 032,39 291,73,73,453,347,2 288 284,16 149 254,9 147 443,4,5,mistral_table,mistral_table,no
68,ALIMENTARES,1 352,7 755,4 462,542 075,10 462 608,2 371 865,974,1 026,6 456,4 046,44 616 045,856 867 180,303 699 970,4,5,mistral_table,mistral_table,no
69,BEBIDAS,20,762,290,96 236,612 997,431 954,21,27,1 250,859,14 456 003,62 081 523,46 330 855,4,5,mistral_table,mistral_table,no
70,FUMO,10,94,57,18 731,39 300,35 217,8,8,118,41,1 663 300,3 717 799,2 241 096,4,5,mistral_table,mistral_table,no
71,GRAFICA,61,771,494,63 415,395 941,276 412,66,70,886,663,8 911 272,43 317 835,26 603 605,4,5,mistral_table,mistral_table,no
72,DIVERSAS,24,115,72,7 505,37 606,24 628,13,14,82,57,429 762,2 440 661,1 857 256,4,5,mistral_table,mistral_table,no
73,SÃO LUIS,361,6 033,3 839,600 475,5 625 662,2 581 914,340,396,8 301,5 615,113 126 164,2 290 504 936,624 701 044,4,5,mistral_table,mistral_table,no
74,EXTRATIVA MINERAL,2,(C),(A),(X),(A),(X),,,,,,,,4,5,mistral_table,pdf_text_layout_partial,yes
75,TRANSFORMAÇÃO,359,(F),(F),(X),(G),(X),340,395,(F),(F),(X),(G),(X),4,5,mistral_table,pdf_text_tokens,no
76,NAO METALICOS,28,817,683,49 324,225 087,159 405,28,36,1 043,828,4 867 209,65 422 244,37 180 776,4,5,mistral_table,mistral_table,no
77,METALURGICA,13,148,116,13 588,54 258,27 752,60,70,1 246,1 076,21 658 705,1 075 855 613,332 351 677,6,7,mistral_table,mistral_table,no
78,MECHANICA,1,(A),(A),(A),(A),(A),,,,,,,,6,7,mistral_table,missing,yes
79,MATERIAL ELETRICO,2,(C),(B),(A),(C),(A),4,7,73,57,467 836,9 555 774,8 828 960,6,7,mistral_table,mistral_table,no
80,TRANSPORTE,2,(C),(B),(A),(C),(A),,,,,,,,6,7,mistral_table,pdf_text_layout_partial,yes
81,MADEIRA,51,326,217,26 498,138 476,73 237,40,41,264,177,2 273 942,11 457 875,5 992 392,6,7,mistral_table,mistral_table,no
82,MOBILIARIO,15,219,133,19 687,112 137,70 841,17,19,280,210,1 803 931,16 243 134,10 304 993,6,7,mistral_table,mistral_table,no
83,PAPEL E PAPELÃO,3,(C),(C),(A),(B),(A),1,3,19,12,127 056,253 828,133 516,6,7,mistral_table,mistral_table,no
84,BORRACHA,3,38,29,1 725,24 072,9 062,2,2,(0),(0),(X),( F),(XI,6,7,mistral_table,pdf_text_layout,no
85,COUROS E PELES,3,220,187,16 108,139 269,60 547,-,1,(A),(A),(K),(D),(K),6,7,mistral_table,mistral_table,no
86,QUÍMICA,2,(F),(E),(A),(D),(A),4,9,836,322,27 326 673,616 805 852,197 872 631,6,7,mistral_table,mistral_table,no
87,FARMACÊUTICA,4,233,173,24 184,99 880,34 989,4,4,265,184,4 082 550,38 760 691,23 836 779,6,7,mistral_table,mistral_table,no
88,PERFUMÁRIA,14,335,170,58 606,846 180,245 779,4,6,198,113,2 347 027,83 512 658,34 918 313,6,7,mistral_table,mistral_table,no
89,MATS. PLASTICAS,1,(D),(D),(A),(D),(A),1,2,(E),(D),(K),(D),(K),6,7,mistral_table,mistral_table,no
90,TEXTIL,4,132,112,7 263,80 050,25 591,1,1,(D),(C),(K),(F),(K),6,7,mistral_table,mistral_table,no
91,VESTUÁRIO,24,261,204,13 639,63 623,39 219,26,26,230,184,1 279 329,12 225 753,7 167 279,6,7,mistral_table,mistral_table,no
92,ALIMENTARES,105,1 451,838,157 595,2 716 581,1 057 607,101,111,1 832,1 131,14 284 791,223 685 604,87 493 135,6,7,mistral_table,mistral_table,no
93,BEBIDAS,6,630,195,88 583,588 396,414 583,2,4,839,557,10 974 161,67 009 939,37 966 345,6,7,mistral_table,mistral_table,no
94,FUMO,2,(E),(D),(A),(D),(A),-,2,(E),(A),(K),(C),(K),6,7,mistral_table,mistral_table,no
95,GRAFICA,30,543,342,51 807,334 854,236 843,34,37,689,507,5 907 969,38 490 395,23 738 908,6,7,mistral_table,mistral_table,no
96,DIVERSAS,9,61,36,3 547,26 321,18 867,5,6,58,45,303 054,2 089 485,1 660 182,6,7,mistral_table,mistral_table,no
97,CAXIAS,118,778,481,54 753,1 056 959,285 606,74,75,583,441,3 627 862,67 341 792,23 157 997,6,7,mistral_table,mistral_table,no
98,NÃO METALICOS,44,153,101,5 036,11 325,8 920,8,8,55,41,271 344,1 385 033,845 048,6,7,mistral_table,mistral_table,no
99,MADEIRA,9,75,49,3 833,24 204,12 969,6,9,66,50,340 222,1 996 444,1 014 492,6,7,mistral_table,mistral_table,no
100,MATS. PLASTICAS,1,(C),(B),(A),(B),(A),1,1,(E),(D),(K),(E),(K),6,7,mistral_table,mistral_table,no
101,ALIMENTARES,42,425,249,37 105,973 540,248 843,26,26,254,189,1 931 426,56 256 327,17 787 513,6,7,mistral_table,mistral_table,no
102,GRAFICA,2,(D),(C),(A),(B),(A),3,3,(D),(D),(K),(D),(K),6,7,mistral_table,mistral_table,no
103,DEMAIS GÉNEROS,20,91,61,6 676,40 830,10 696,28,26,134,98,702 027,2 130 671,879 393,6,7,mistral_table,mistral_table,no
104,CODO,67,686,359,67 542,1 562 216,802 356,52,62,598,382,5 762 495,99 337 994,67 005 580,6,7,mistral_table,mistral_table,no
105,NÃO METALICOS,17,415,165,43 957,1 329 342,735 906,7,11,279,147,3 680 353,86 213 203,61 433 840,6,7,mistral_table,mistral_table,no
106,MECHANICA,1,(D),(D),(A),(E),(A),-,1,(F),(F),(K),(D),(K),6,7,mistral_table,mistral_table,no
107,MADEIRA,8,30,21,1 677,5 910,2 498,13,14,56,37,337 680,907 993,409 216,6,7,mistral_table,mistral_table,no
108,ALIMENTARES,28,126,72,7 319,166 939,35 257,23,26,108,58,524 206,9 046 650,2 967 462,6,7,mistral_table,mistral_table,no
109,FUMO,1,(A),(A),(A),(C),(A),-,1,(A),(A),(K),(B),(K),6,7,mistral_table,mistral_table,no
110,DEMAIS GÉNEROS,12,71,57,6 882,16 238,10 823,9,9,25,13,189 925,549 040,290 824,6,7,mistral_table,mistral_table,no
111,IMPERATRIZ,311,4 084,3 246,302 257,4 015 743,1 857 134,230,244,2 963,2 396,17 933 432,274 044 517,101 807 563,6,7,mistral_table,mistral_table,no
112,MADEIRA,120,2 741,2 298,205 472,2 208 140,1 312 249,65,67,1 269,1 078,7 435 589,75 064 179,41 702 099,6,7,mistral_table,mistral_table,no
113,MOBILIARIO,21,106,73,7 555,50 674,23 341,,,,,,,,6,7,mistral_table,mistral_table_partial,yes
114,COUROS E PELES,1,(A),(A),(A),(A),(A),1,2,(D),(D),(K),(F),(K),6,7,mistral_table,mistral_table,no
115,ALIMENTARES,87,609,432,47 169,1 569 521,393 410,66,70,561,420,3 832 407,147 891 560,32 834 159,6,7,mistral_table,mistral_table,no
116,BEBIDAS,3,(E),(D),(A),(D),(A),2,3,209,165,1 905 869,9 603 966,4 124 750,6,7,mistral_table,mistral_table,no
117,DEMAIS GÉNEROS,79,571,394,37 877,174 074,119 667,73,78,736,583,3 584 347,24 435 494,16 560 271,6,7,mistral_table,mistral_table,no
118,SANTA LUZIA,52,450,350,28 593,215 044,137 063,46,46,280,192,2 221 376,17 460 146,11 118 180,6,7,mistral_table,mistral_table,no
119,METALURGICA,1,(A),(A),(A),(A),(A),3,3,(B),(B),(K),(B),(K),6,7,mistral_table,mistral_table,no
120,MADEIRA,13,329,284,21 919,170 444,119 549,8,6,157,131,1 064 071,13 458 346,9 039 560,6,7,mistral_table,mistral_table,no
121,MOBILIARIO,3,-,-,-,-,-,1,1,(A),(A),(K),(A),(K),6,7,mistral_table,mistral_table,no
122,ALIMENTARES,31,93,47,5 426,42 092,15 739,34,34,112,54,1 076 105,3 705 300,1 914 100,6,7,mistral_table,mistral_table,no
123,DEMAIS GÉNEROS,7,(D),(C),(A),(9),(A),-,-,-,-,-,-,-,6,7,mistral_table,mistral_table,no
124,ACAILANDIA,-,-,-,-,-,-,83,87,2 110,1 824,8 994 465,135 516 140,66 166 852,6,7,mistral_table,mistral_table,no
125,AFONSO CUNHA,5,16,10,948,2 966,1 811,-,-,-,-,-,-,-,6,7,mistral_table,mistral_table,no
126,ALCANTARA,9,24,11,1 541,4 626,2 116,3,3,11,8,69 600,107 000,107 000,6,7,mistral_table,mistral_table,no
127,ALDEIAS ALTAS,11,115,55,11 210,38 128,10 743,3,4,202,163,1 026 164,34 390 237,18 601 259,6,7,mistral_table,mistral_table,no
128,ALTAMIRA DO MARANHÃO,4,10,3,295,2 446,405,8,8,21,9,147 000,1 384 960,749 960,6,7,mistral_table,mistral_table,no
129,ALTO PARNAIBA,3,9,5,760,3 878,2 531,2,3,3,3,130 470,1 091 726,391 623,6,7,mistral_table,mistral_table,no
130,AMARANTE DO MARANHÃO,9,26,13,973,5 437,1 926,4,4,40,34,145 735,860 965,301 360,6,7,mistral_table,mistral_table,no
131,ANAJATUBA,5,25,16,1 254,7 208,3 622,3,4,19,11,117 200,1 287 530,295 913,6,7,mistral_table,mistral_table,no
132,ANAPURUS,3,22,12,1 113,6 157,3 536,5,5,22,14,130 315,657 867,99 950,6,7,mistral_table,mistral_table,no
133,ARAIOSES,20,63,34,2 775,8 091,5 046,6,6,15,9,181 800,268 000,178 500,6,7,mistral_table,mistral_table,no
134,ARARI,18,76,45,2 731,11 448,6 678,21,21,101,74,520 701,1 141 949,809 712,6,7,mistral_table,mistral_table,no
135,AXIRA,22,85,56,2 974,9 751,6 086,6,6,24,15,90 850,431 500,281 068,6,7,mistral_table,mistral_table,no
136,BACABAL,67,767,544,58 519,1 101 112,342 053,78,82,520,378,2 675 642,74 689 665,21 075 376,6,7,mistral_table,mistral_table,no
137,BACURI,22,101,83,1 675,6 921,4 634,8,6,57,44,337 000,619 000,418 200,6,7,mistral_table,mistral_table,no
138,BALSAS,12,70,47,5 300,100 063,45 862,24,25,116,78,612 861,10 091 789,5 062 159,6,7,mistral_table,mistral_table,no
139,BARÃO DE GRAJAU,18,106,68,5 955,241 805,90 903,5,6,76,67,357 399,7 692 849,3 269 763,6,7,mistral_table,mistral_table,no
140,BARRA DO CORDA,60,264,143,16 081,187 108,79 276,48,49,189,126,1 034 011,9 878 669,3 380 303,6,7,mistral_table,mistral_table,no
141,BARREIRINHAS,16,82,49,3 844,10 110,6 456,13,13,45,31,235 824,953 450,502 985,6,7,mistral_table,mistral_table,no
142,BENEDITO LEITE,9,18,7,1 178,3 108,2 066,6,6,13,7,77 478,287 450,116 600,6,7,mistral_table,mistral_table,no
143,BEQUIMÃO,18,53,25,977,5 785,2 886,4,4,13,7,45 600,300 600,133 200,6,7,mistral_table,mistral_table,no
144,BOM JARDIM,17,106,80,7 695,44 447,15 024,20,20,90,56,557 500,2 602 187,1 394 295,6,7,mistral_table,mistral_table,no
145,BREJO,15,54,24,2 473,12 309,6 561,15,17,60,32,121 496,1 323 792,451 566,6,7,mistral_table,mistral_table,no
146,BURITI,6,26,14,710,4 450,1 905,5,5,20,13,151 900,575 250,318 150,8,9,mistral_table,mistral_table,no
147,BURITI BRAVO,16,54,32,4 146,32 183,14 606,20,20,74,45,576 884,3 223 590,1 639 605,8,9,mistral_table,mistral_table,no
148,CAJAPIO,141,536,280,4 728,10 810,9 576,3,3,10,3,16 700,225 600,83 400,8,9,mistral_table,mistral_table,no
149,CAJARI,13,40,24,1 128,3 341,1 739,3,3,6,4,42 000,185 800,50 800,8,9,mistral_table,mistral_table,no
150,CANDIDO MENDES,6,91,71,4 009,17 430,11 368,16,17,117,88,752 760,3 043 856,1 815 144,8,9,mistral_table,mistral_table,no
151,CANTANHEDE,4,14,6,1 208,16 924,7 995,3,3,19,13,119 400,350 000,160 000,8,9,mistral_table,mistral_table,no
152,CAROLINA,24,94,56,6 611,38 910,24 635,7,8,41,29,140 050,1 073 800,425 227,8,9,mistral_table,mistral_table,no
153,CARUTAPERA,11,64,65,3 454,15 898,7 713,6,6,26,10,133 200,681 350,241 350,8,9,mistral_table,mistral_table,no
154,CEDRAL,25,119,86,2 948,7 877,4 855,1,1,(A),(A),(X),(A),(X),8,9,mistral_table,mistral_table,no
155,CHAPADINHA,50,200,121,8 649,41 324,22 723,32,34,139,86,421 592,3 911 537,1 108 915,8,9,mistral_table,mistral_table,no
156,COELHO NETO,21,1 380,1 080,136 598,2 436 345,778 681,5,17,1 612,1 134,17 007 794,287 920 117,104 650 076,8,9,mistral_table,mistral_table,no
157,COLINAS,26,122,72,5 946,33 651,13 616,29,33,136,94,1 537 050,7 014 565,2 894 611,8,9,mistral_table,mistral_table,no
158,CORDATA,48,257,148,17 039,203 261,75 393,23,23,117,79,701 469,2 984 201,1 503 305,8,9,mistral_table,mistral_table,no
159,CURURUPU,66,335,247,8 007,31 130,18 534,11,11,70,63,764 936,1 945 416,1 566 889,8,9,mistral_table,mistral_table,no
160,DOM PEDRO,36,146,77,9 686,81 821,35 402,12,14,63,32,396 464,2 115 661,772 460,8,9,mistral_table,mistral_table,no
161,DUQUE BACELAR,5,15,14,683,3 941,1 663,3,3,18,11,34 500,374 300,154 800,8,9,mistral_table,mistral_table,no
162,ESPERANTINOPOLIS,20,79,38,3 619,22 745,9 757,18,18,55,26,378 377,3 203 873,1 316 660,8,9,mistral_table,mistral_table,no
163,ESTREITO,-,-,-,-,-,-,13,13,58,42,419 181,1 637 114,1 100 331,8,9,mistral_table,mistral_table,no
164,FORTALEZA DOS NOGUEIRAS,8,22,11,1 013,9 040,4 288,5,5,15,8,80 000,455 000,308 000,8,9,mistral_table,mistral_table,no
165,FORTUNA,11,34,17,1 955,14 176,6 174,11,11,67,56,494 800,2 541 686,1 370 729,8,9,mistral_table,mistral_table,no
166,GOODFREDO VIANA,4,96,74,5 710,27 724,19 169,18,18,101,79,358 995,2 370 990,1 191 587,8,9,mistral_table,mistral_table,no
167,GONÇALVES DIAS,15,46,12,3 583,26 607,12 244,2,3,8,3,67 600,622 400,287 420,8,9,mistral_table,mistral_table,no
168,GOVERNADOR ARCHER,7,21,3,1 603,20 872,6 253,7,7,21,8,75 528,1 236 000,460 400,8,9,mistral_table,mistral_table,no
169,GOVERNADOR EUGENIO BARROS,20,59,31,2 811,18 158,8 514,4,4,11,1,27 498,411 998,97 461,8,9,mistral_table,mistral_table,no
170,GRAÇA ARANHA,7,23,6,1 152,10 798,3 339,4,4,9,4,71 400,273 825,32 609,8,9,mistral_table,mistral_table,no
171,GRAJAU,15,69,33,5 341,23 385,13 449,22,22,124,84,1 014 752,8 419 620,2 926 642,8,9,mistral_table,mistral_table,no
172,GUIMARÃES,18,121,61,2 884,6 118,4 929,3,3,11,6,40 340,129 540,79 790,8,9,mistral_table,mistral_table,no
173,HUMBERTO DE CAMPOS,45,132,45,5 562,9 336,4 836,16,16,83,65,133 500,264 839,224 839,8,9,mistral_table,mistral_table,no
174,ICATU,8,41,26,2 098,5 558,3 030,1,1,(B),(A),(X),(A),(X),8,9,mistral_table,mistral_table,no
175,IGARAPE GRANDE,8,30,15,1 381,13 066,4 229,10,10,41,28,533 780,1 705 840,967 500,8,9,mistral_table,mistral_table,no
176,ITAPECURU MIRIM,24,113,65,7 867,86 746,34 586,19,19,101,70,497 302,3 499 089,1 319 494,8,9,mistral_table,mistral_table,no
177,JOÃO LISBOA,28,193,152,10 470,108 609,52 223,32,33,304,243,1 618 548,13 708 421,7 051 655,8,9,mistral_table,mistral_table,no
178,JOSELANDIA,13,62,32,1 983,9 196,4 583,4,4,9,4,131 800,920 900,454 300,8,9,mistral_table,mistral_table,no
179,LAGO DA PEDRA,18,61,25,2 013,54 460,15 189,18,18,56,28,183 521,1 286 544,564 276,8,9,mistral_table,mistral_table,no
180,LAGO DO JUNCO,4,17,9,592,17 341,2 794,6,6,31,17,171 193,1 471 962,580 832,8,9,mistral_table,mistral_table,no
181,LAGO VERDE,2,(B),(A),(X),(A),(X),3,3,14,6,143 500,417 000,270 907,8,9,mistral_table,mistral_table,no
182,LIMA CAMPOS,4,18,9,920,16 730,6 299,6,6,20,12,117 860,1 793 430,339 181,8,9,mistral_table,mistral_table,no
183,LORETO,7,20,5,1 094,6 926,2 157,4,4,11,6,113 450,1 312 000,90 401,8,9,mistral_table,mistral_table,no
184,LUIS DOMINGUES,8,27,18,1 812,5 506,3 236,-,-,-,-,-,-,-,8,9,mistral_table,mistral_table,no
185,MAGALHÃES DE ALMEIDA,2,(B),(B),(X),(A),(X),2,2,(C),(C),(X),(B),(X),8,9,mistral_table,mistral_table,no
186,MATA ROMA,11,46,15,2 144,25 981,10 138,4,5,19,8,90 895,2 320 116,664 368,8,9,mistral_table,mistral_table,no
187,MATINHA,17,48,25,1 226,4 163,2 278,6,6,20,11,237 500,610 960,98 244,8,9,mistral_table,mistral_table,no
188,MATÕES,5,12,6,470,3 951,1 952,7,7,18,11,128 000,438 600,238 800,8,9,mistral_table,mistral_table,no
189,MIRADOR,8,34,19,1 390,9 717,3 856,4,4,27,21,160 000,713 000,215 000,8,9,mistral_table,mistral_table,no
190,MIRINZAL,35,306,237,5 139,12 260,9 076,3,3,10,4,20 500,42 000,21 500,8,9,mistral_table,mistral_table,no
191,MONÇÃO,79,413,252,20 820,218 511,103 713,51,51,226,140,1 123 066,8 386 162,3 207 558,8,9,mistral_table,mistral_table,no
192,MONTES ALTOS,3,17,12,2 275,7 091,2 835,7,7,26,16,148 700,380 050,206 850,8,9,mistral_table,mistral_table,no
193,MORROS,14,56,29,2 103,8 440,6 724,6,6,19,13,110 245,577 400,332 169,10,11,mistral_table,mistral_table,no
194,NINA RODRIGUES,1,(A),(A),(X),(A),(X),-,-,-,-,-,-,-,10,11,mistral_table,mistral_table,no
195,NOVA IORQUE,1,(A),(A),(X),(A),(X),-,-,-,-,-,-,-,10,11,mistral_table,mistral_table,no
196,OLHO D'AQUA DAS CUNHÃS,3,17,7,1 276,18 877,6 801,4,4,12,4,50 957,376 298,183 235,10,11,mistral_table,mistral_table,no
197,PAÇO DO LUMIAR,6,35,25,1 700,5 595,2 941,10,12,52,40,503 781,7 786 032,2 664 219,10,11,mistral_table,mistral_table,no
198,PALMEIRANDIA,5,30,21,596,2 731,1 922,1,1,(A),(A),(X),(A),(X),10,11,mistral_table,mistral_table,no
199,PARAIBANO,23,128,60,7 816,121 146,55 198,21,23,146,116,689 534,6 057 808,2 128 479,10,11,mistral_table,mistral_table,no
200,PARNARAMA,18,71,33,2 466,9 007,5 253,12,12,34,20,294 200,1 770 164,1 173 972,10,11,mistral_table,mistral_table,no
201,PASSAGE FRANCA,12,43,26,3 010,14 217,9 266,14,14,68,56,440 630,1 332 756,807 735,10,11,mistral_table,mistral_table,no
202,PASTOS BONS,14,47,27,2 063,22 074,9 131,7,8,25,13,180 980,592 150,274 798,10,11,mistral_table,mistral_table,no
203,PAULO RAMOS,6,15,5,717,1 500,1 019,2,2,(B),(A),(X),(A),(X),10,11,mistral_table,mistral_table,no
204,PEDREIRAS,67,584,421,38 830,677 384,250 808,44,45,319,251,1 987 540,46 387 094,29 264 639,10,11,mistral_table,mistral_table,no
205,PENALVA,19,62,35,3 015,16 287,5 796,13,13,47,28,308 420,1 104 200,547 200,10,11,mistral_table,mistral_table,no
206,PERI MIRIM,15,55,36,2 201,5 052,3 201,-,-,-,-,-,-,-,10,11,mistral_table,mistral_table,no
207,PINDARE MIRIM,43,247,176,14 594,188 216,76 366,28,28,148,105,1 048 444,11 717 334,3 419 527,10,11,mistral_table,mistral_table,no
208,PINMEIRO,49,193,131,10 508,83 495,32 379,41,42,175,120,502 942,5 578 398,2 417 195,10,11,mistral_table,mistral_table,no
209,PIO XII,8,24,8,2 358,18 073,9 592,6,6,19,12,62 790,563 002,219 984,10,11,mistral_table,mistral_table,no
210,PIRAPEMAS,7,24,16,1 068,3 304,2 084,3,3,16,7,62 400,422 000,150 000,10,11,mistral_table,mistral_table,no
211,POÇÃO DE PEDRAS,14,48,22,2 876,25 553,9 791,4,4,12,5,49 372,282 809,101 106,10,11,mistral_table,mistral_table,no
212,PORTO FRANCO,14,42,21,2 368,15 269,6 023,16,17,57,35,400 761,2 906 620,1 334 954,10,11,mistral_table,mistral_table,no
213,PRESIDENTE DUTRA,48,219,118,13 898,155 958,65 117,33,34,149,94,1 228 709,7 827 180,3 191 586,10,11,mistral_table,mistral_table,no
214,PRESIDENTE JUSCELINO,7,18,10,584,1 402,787,8,8,44,28,79 830,176 900,139 120,10,11,mistral_table,mistral_table,no
215,PRESIDENTE VARGAS,3,10,7,462,1 056,631,-,-,-,-,-,-,-,10,11,mistral_table,mistral_table,no
216,PRIMEIRA CRUZ,34,118,77,4 205,14 197,9 493,11,11,60,45,167 960,396 800,310 900,10,11,mistral_table,mistral_table,no
217,RIACHÃO,7,21,9,859,12 596,1 995,13,13,33,17,144 800,1 379 900,673 300,10,11,mistral_table,mistral_table,no
218,ROSARIO,49,346,268,16 844,72 517,49 244,53,56,472,380,2 421 901,15 217 828,8 253 693,10,11,mistral_table,mistral_table,no
219,SANTA HELENA,3,8,2,358,1 790,674,6,6,22,14,154 400,2 152 000,854 900,10,11,mistral_table,mistral_table,no
220,SANTA INES,57,337,190,24 297,617 150,174 927,73,76,355,242,2 444 729,"28 62, 133",11 072 582,10,11,mistral_table,mistral_table,no
221,SANTA QUITERIA DO MARANHÃO,13,36,22,1 784,12 705,5 543,10,10,41,28,161 200,1 834 500,616 910,10,11,mistral_table,mistral_table,no
222,SANTA RITA,11,109,78,8 370,82 445,7 935,7,7,25,18,79 626,282 855,160 251,10,11,mistral_table,mistral_table,no
223,SANTO ANTONIO DOS LOPES,15,67,31,3 963,63 928,19 737,4,4,22,13,77 070,402 150,217 648,10,11,mistral_table,mistral_table,no
224,SÃO BENEDITO DO RIO PRETO,6,18,13,1 254,2 715,1 625,1,1,(B),(B),(X),(A),(X),10,11,mistral_table,mistral_table,no
225,SÃO BENTO,38,150,96,4 513,21 800,12 961,13,13,96,73,1 081 840,2 132 162,1 309 848,10,11,mistral_table,mistral_table,no
226,SÃO BERNARDO,7,21,14,912,2 117,1 187,2,2,(B),(A),(X),(B),(X),10,11,mistral_table,mistral_table,no
227,SÃO DOMINGOS DO MARANHÃO,15,48,20,5 074,47 229,23 581,12,12,83,67,452 920,7 112 619,2 644 317,10,11,mistral_table,mistral_table,no
228,SÃO FELIX DE BALSAS,1,(A),(A),(X),(A),(X),-,-,-,-,-,-,-,10,11,mistral_table,mistral_table,no
229,SÃO FRANCISCO DO MARANHÃO,10,30,18,302,974,561,2,2,(A),(A),(X),(A),(X),10,11,mistral_table,mistral_table,no
230,SÃO JOÃO BATISTA,45,245,171,9 634,22 376,13 653,3,3,4,4,22 500,178 760,158 885,10,11,mistral_table,mistral_table,no
231,SÃO JOÃO DOS PATOS,47,189,109,8 790,116 960-,53 586,29,33,153,106,774 175,17 315 355,5 636 107,10,11,mistral_table,mistral_table,no
232,SÃO JOSE DE RIBAMAR,16,240,155,21 770,94 568,22 869,16,18,276,210,2 262 628,13 764 438,7 640 209,10,11,mistral_table,mistral_table,no
233,SÃO LUIS GONZAGA DO MARANHÃO,5,21,14,1 051,23 634,3 660,4,4,11,6,70 552,410 250,76 750,10,11,mistral_table,mistral_table,no
234,SÃO MATEUS DO MARANHÃO,14,53,19,1 810,45 506,11 761,15,15,45,18,239 018,2 121 592,362 170,10,11,mistral_table,mistral_table,no
235,SÃO RAIMUNDO DAS MANGABEIRAS,20,59,34,2 002,9 401,4 513,6,6,17,6,143 826,813 100,212 848,10,11,mistral_table,mistral_table,no
236,SÃO VICENTE FERRER,6,24,13,1 206,1 350,1 230,1,1,(A),(A),(X),(A),(X),10,11,mistral_table,mistral_table,no
237,SITIO NOVO,-,-,-,-,-,-,1,1,(B),(B),(X),(D),(X),10,11,mistral_table,mistral_table,no
238,SUCUPIRA DO NORTE,5,23,15,466,1 847,868,-,-,-,-,-,-,-,10,11,mistral_table,mistral_table,no
239,TASSO FRAGOSO,-,-,-,-,-,-,1,1,(A),(A),(X),(A),(X),10,11,mistral_table,mistral_table,no
240,TIMBIRAS,11,82,61,3 368,43 261,20 580,3,3,23,19,54 305,96 809,77 796,12,13,mistral_table,mistral_table,no
241,TIMON,72,419,269,19 527,258 698,87 529,57,62,296,203,1 324 845,25 653 950,6 451 968,12,13,mistral_table,mistral_table,no
242,TUNTUM,17,72,36,8 204,198 571,70 168,18,19,87,64,936 090,14 816 473,6 172 563,12,13,mistral_table,mistral_table,no
243,TURIAÇU,29,183,135,9 558,49 686,21 009,27,26,163,123,893 126,5 225 691,2 137 450,12,13,mistral_table,mistral_table,no
244,TUTOIA,30,922,866,24 896,68 528,54 312,8,9,1 127,1 099,2 310 699,9 301 315,6 601 924,12,13,mistral_table,mistral_table,no
245,URBANO SANTOS,9,27,15,1 040,3 397,2 175,-,-,-,-,-,-,-,12,13,mistral_table,mistral_table,no
246,VARGEM GRANDE,14,76,39,3 297,54 548,17 331,12,12,50,30,382 575,2 362 107,1 070 364,12,13,mistral_table,mistral_table,no
247,VIANA,63,205,102,8 275,40 417,14 083,23,23,92,55,1 031 320,3 904 858,1 486 723,12,13,mistral_table,mistral_table,no
248,VITORIA DO MEARIM,16,56,24,2 474,18 413,8 064,16,16,75,44,299 600,795 860,514 390,12,13,mistral_table,mistral_table,no
249,VITORINO FREIRE,22,63,25,2 586,49 812,15 454,19,19,57,32,453 370,3 219 858,913 372,12,13,mistral_table,mistral_table,no
250,PIAUI,2 245,15 664,10 764,948 145,10 406 677,4 614 876,2 524,2 721,18 337,13 550,103 687 614,1 308 226 908,709 006 881,12,13,mistral_table,mistral_table,no
251,EXTRATIVA MINERAL,45,405,322,16 157,66 122,48 324,66,80,627,563,1 275 373,4 290 493,3 985 714,12,13,mistral_table,mistral_table,no
252,TRANSFORMAÇÃO,2 200,15 259,10 462,931 988,10 338 555,4 566 552,2 458,2 641,17 710,12 987,102 412 241,1 303 936 415,705 021 167,12,13,mistral_table,mistral_table,no
253,HÃO METALICOS,1 068,4 784,3 304,234 763,812 203,581 112,1 229,1 245,5 121,3 726,22 549 465,100 576 254,72 336 789,12,13,mistral_table,mistral_table,no
254,METALURGICA,65,406,282,23 857,167 538,74 451,103,105,542,361,4 071 390,27 253 235,16 070 168,12,13,mistral_table,mistral_table,no
255,MECANICA,20,209,132,17 371,56 466,49 616,10,12,66,42,520 101,3 367 610,2 776 033,12,13,mistral_table,mistral_table,no
256,MATERIAL ELÉTRICO,5,5,5,1 222,11 801,10 134,3,5,13,8,220 927,1 426 480,1 308 973,12,13,mistral_table,mistral_table,no
257,TRANSPORTE,5,62,42,4 849,22 959,15 822,11,13,142,104,508 096,5 443 680,3 304 344,12,13,mistral_table,mistral_table,no
258,MADEIRA,237,1 150,785,66 961,244 743,141 971,250,259,1 070,736,6 761 934,29 468 994,14 592 401,12,13,mistral_table,mistral_table,no
259,MOBILIÁRIO,78,708,546,42 365,490 048,259 579,132,132,1 317,1 086,7 388 815,83 220 722,59 881 103,12,13,mistral_table,mistral_table,no
260,PAPEL E PAPELÃO,2,(B),(B),(X),(C),(X),1,2,(C),(A),(X),(B),(X),12,13,mistral_table,mistral_table,no
261,BORRACHA,4,55,38,3 717,32 061,16 628,6,6,80,64,470 572,6 613 707,2 866 917,12,13,mistral_table,mistral_table,no
262,COUROS E PELES,3,(I),92,10 143,10 565,61 212,21,1,310,152,1 666 081,88 784 053,39 129 683,12,13,mistral_table,mistral_table,no
263,QUÍMICA,16,285,201,35 282,521 001,280 868,11,21,619,441,4 140 068,55 987 302,35 224 918,12,13,mistral_table,mistral_table,no
264,FARMACÊUTICA,2,(F),(E),(X),(G),(X),1,3,158,81,2 345 047,55 945 876,37 678 122,12,13,mistral_table,mistral_table,no
265,PERFUMÁRIA,7,82,52,6 168,58 181,11 513,2,4,47,33,254 158,4 602 792,1 686 915,12,13,mistral_table,mistral_table,no
266,MATS. PLÁSTICAS,3,61,48,3 613,28 410,11 279,2,3,87,64,394 814,5 971 477,2 705 837,12,13,mistral_table,mistral_table,no
267,TEXTIL,16,1 025,904,65 159,2 055 429,836 784,8,18,956,850,8 065 659,176 224 149,81 590 089,12,13,mistral_table,mistral_table,no
268,VESTUÁRIO,69,1 391,1 154,68 999,616 006,478 028,80,83,2 382,2 096,11 041 141,214 867 493,151 163 973,12,13,mistral_table,mistral_table,no
269,ALIMENTARES,513,3 723,2 223,226 356,4 025 240,1 153 863,499,803,3 511,2 175,21 371 462,327 326 064,122 682 440,12,13,mistral_table,mistral_table,no
270,BEBIDAS,15,428,146,31 676,272 776,163 521,22,26,777,545,6 388 334,94 303 990,49 777 434,12,13,mistral_table,mistral_table,no
271,"FUMO . • • • . . • . . • . • . . • . . • . • . . . ,,, ..•. ,, • • . • . . . . . . . s",57,50,1A,240,35 266,35 266,-,13,(D),(A),(X),(B),(X),12,13,pdf_text_tokens,mistral_table,no
272,GRAFICA,48,467,317,29 115,121 253,74 142,51,54,457,369,2 516 358,15 292 568,8 176 604,12,13,mistral_table,mistral_table,no
273,DIVERSAS,10,69,48,3 422,19 043,11 687,14,17,96,50,636 408,2 383 213,1 526 199,12,13,mistral_table,mistral_table,no
274,TERESINA,407,7 116,5 257,428 711,4 877 067,2 212 509,368,421,8 298,6 559,48 214 157,680 211 445,397 705 213,12,13,mistral_table,mistral_table,no
275,EXTRATIVA MINERAL,2,(C),(C),(X),(C),(X),-,-,-,-,-,-,-,12,13,mistral_table,mistral_table,no
276,TRANSFORMAÇÃO,405,(F),(F),(X),(G),(X),368,421,8 298,6 559,48 214 157,680 211 445,397 705 213,12,13,mistral_table,mistral_table,no
277,NÃO METALICOS,119,2 120,1 800,104 383,546 720,379 168,113,120,1 965,1 648,9 294 266,66 473 177,48 576 886,12,13,mistral_table,mistral_table,no
278,METALURGICA,35,300,218,17 743,149 787,64 848,53,54,385,272,2 935 626,16 262 227,10 361 594,12,13,mistral_table,mistral_table,no
279,MECANICA,14,165,95,13 207,47 001,42 258,6,7,40,20,271 036,2 861 333,2 399 800,12,13,mistral_table,mistral_table,no
280,MATERIAL ELÉTRICO,4,6,5,1 126,11 629,9 993,2,4,10,6,183 927,1 305 480,1 265 973,12,13,mistral_table,mistral_table,no
281,TRANSPORTE,4,53,36,3 809,17 174,14 237,2,4,103,77,268 954,4 285 474,2 773 311,12,13,mistral_table,mistral_table,no
282,MADEIRA,34,153,103,9 363,37 519,17 825,21,23,77,51,578 053,2 800 766,1 071 466,12,13,mistral_table,mistral_table,no
283,MOBILIÁRIO,26,470,386,29 103,426 741,230 240,27,28,934,834,5 161 709,74 212 730,55 272 006,12,13,mistral_table,mistral_table,no
284,PAPEL E PAPELÃO,2,(B),(B),(X),(C),(X),1,2,(C),(A),(X),(B),(X),12,13,mistral_table,mistral_table,no
285,BORRACHA,3,46,33,3 211,27 326,12 838,2,3,58,48,390 909,6 081 262,2 679 352,12,13,mistral_table,mistral_table,no
286,COUROS E PELES,1,(D),(D),(X),(F),(X),2,3,43,33,154 063,11 370 060,7 047 516,12,13,mistral_table,mistral_table,no
287,QUÍMICA,4,58,24,9 701,114 186,60 052,1,3,48,23,774 175,3 333 088,2 951 763,12,13,mistral_table,mistral_table,no
288,PERFUMÁRIA,3,24,15,2 071,15 593,4 636,2,1,(D),(B),(X),(E),(X),12,13,mistral_table,mistral_table,no
289,MATS. PLÁSTICAS,3,61,48,3 613,28 410,11 279,1,1,(E),(D),(X),(E),(X),12,13,mistral_table,mistral_table,no
290,TEXTIL,1,(B),(A),(X),(A),(X),1,2,(B),(A),(X),(B),(X),12,13,mistral_table,mistral_table,no
291,VESTUÁRIO,29,1 180,1 002,58 926,771 088,457 692,23,24,2 068,1 853,9 564 466,203 997 694,147 329 432,12,13,mistral_table,mistral_table,no
292,ALIMENTARES,80,1 581,1 016,104 610,2 161 954,626 202,72,95,1 384,882,8 999 638,176 224 977,58 960 666,12,13,mistral_table,mistral_table,no
293,BEBIDAS,4,357,99,27 913,264 519,158 647,3,5,619,421,5 696 972,89 812 316,47 296 593,12,13,mistral_table,mistral_table,no
294,FUMO,1,(D),(D),(X),(C),(X),-,1,(D),(A),(X),(A),(X),12,13,mistral_table,mistral_table,no
295,GRAFICA,32,372,255,22 713,97 623,59 003,28,30,350,293,2 040 073,10 883 367,6 213 980,12,13,mistral_table,mistral_table,no
296,DIVERSAS,6,57,41,2 845,17 467,10 362,8,10,74,40,412 509,1 794 415,1 165 870,12,13,mistral_table,mistral_table,no
297,PARNAIBA,137,1 401,1 028,108 828,1 231 592,684 836,170,191,1 484,1 016,10 570 940,195 494 229,95 821 485,12,13,mistral_table,mistral_table,no
298,COUROS E PELES,3,(D),(D),(X),(E),(X),3,4,97,79,1 087 896,75 438 396,31 059 773,12,13,mistral_table,mistral_table,no
299,QUÍMICA,4,185,147,21 355,344 217,199 786,2,4,182,119,1 660 176,23 805 202,13 722 523,12,13,mistral_table,mistral_table,no
300,FARMACÊUTICA,1,(F),(E),(X),(G),(X),1,1,(F),(E),(X),(G),(X),12,13,mistral_table,mistral_table,no
301,MATS. PLÁSTICAS,4,460,342,26 555,346 404,97 644,1,2,(D),(D),(X),(E),(X),12,13,mistral_table,mistral_table,no
302,ALIMENTARES,86,613,456,38 021,164 679,97 597,47,57,348,209,2 137 144,27 309 999,7 362 005,12,13,mistral_table,mistral_table,no
303,DEMAIS GÉNEROS,86,613,456,38 021,164 679,97 597,116,123,689,518,3 301 933,13 584 088,6 704 008,12,13,mistral_table,mistral_table,no
304,AGRICOLÂNDIA,4,6,-,322,1 387,523,5,5,13,7,86 000,977 500,257 500,12,13,mistral_table,mistral_table,no
305,ÁGUA BRANCA,29,92,44,3 321,20 154,8 839,28,29,76,44,527 885,2 932 590,911 937,12,13,mistral_table,mistral_table,no
306,ALTO LONGA,10,35,18,1 413,7 073,3 489,11,11,38,26,103 600,306 880,191 306,12,13,mistral_table,mistral_table,no
307,ALTOS,24,80,35,3 082,13 610,8 058,34,34,126,80,658 900,1 294 730,816 056,12,13,mistral_table,mistral_table,no
308,AMARANTE,13,28,10,1 587,5 745,2 397,50,50,60,9,576 483,790 037,622 326,12,13,mistral_table,mistral_table,no
309,ANQICAL DO PIAUI,27,60,30,1 212,3 754,2 394,37,38,59,16,255 848,696 470,518 401,14,15,mistral_markdown,mistral_table,no
310,ANISIO DE ABREU,21,27,6,2 034,2 914,2 389,18,18,23,9,157 500,472 130,315 630,14,15,mistral_markdown,mistral_table,no
311,ANTONIO ALMEIDA,-,-,-,-,-,-,4,4,10,8,143 500,258 380,177 340,14,15,mistral_markdown,mistral_table,no
312,AROAZES,1,(A),(A),(X),(A),(X),-,1,(A),(A),(X),(A),(X),14,15,mistral_markdown,mistral_table,no
313,ARRAIAL,2,(A),(A),(X),(A),(X),10,10,22,12,39 960,175 020,66 170,14,15,mistral_markdown,mistral_table,no
314,AVELINO LOPES,7,14,6,731,2 030,1 077,3,4,10,4,83 301,589 340,289 160,14,15,mistral_markdown,mistral_table,no
315,BARRAS,28,133,96,5 460,34 677,14 267,56,62,233,169,1 032 912,3 226 460,1 790 769,14,15,mistral_markdown,mistral_table,no
316,BARREIRAS DO PIAUI,10,11,1,537,723,596,8,8,2,1,131 770,355 320,296 935,14,15,mistral_markdown,mistral_table,no
317,BARRO DURO,11,71,44,2 209,15 076,9 294,19,22,141,118,457 809,1 273 025,757 654,14,15,mistral_markdown,mistral_table,no
318,BATALHA,26,66,39,2 462,4 696,3 651,61,62,143,81,672 900,1 132 175,713 813,14,15,mistral_markdown,mistral_table,no
319,BENEDITINOS,2,(B),(A),(X),(A),(X),4,5,26,21,177 172,586 470,264 231,14,15,mistral_markdown,mistral_table,no
320,BERTOLINIA,8,8,-,270,373,315,8,8,15,7,123 960,341 374,231 214,14,15,mistral_markdown,mistral_table,no
321,BOCAINA,-,-,-,-,-,-,1,1,(A),(A),(X),(A),(X),14,15,mistral_markdown,mistral_table,no
322,BOM JESUS,14,21,6,1 394,3 489,1 927,20,20,42,24,364 054,1 382 554,738 824,14,15,mistral_markdown,mistral_table,no
323,BURITI DOS LOPES,17,76,57,2 222,8 220,3 323,103,107,290,189,1 067 066,6 576 455,2 947 880,14,15,mistral_markdown,mistral_table,no
324,CAMPINAS DO PIAUI,1,(A),(A),(X),(A),(X),-,-,-,-,-,-,-,14,15,mistral_markdown,mistral_table,no
325,CAMPO MAIOR,60,416,298,23 043,337 430,102 850,96,102,543,397,2 766 219,15 152 192,5 817 300,14,15,mistral_markdown,mistral_table,no
326,CANTO DO BURITI,40,78,33,5 459,18 267,10 014,19,19,72,51,555 807,2 621 167,947 054,14,15,mistral_markdown,mistral_table,no
327,CAPITÃO DE CAMPOS,36,110,64,5 520,11 633,7 302,9,9,20,12,36 597,111 000,65 221,14,15,mistral_markdown,mistral_table,no
328,CARACOL,8,9,1,546,799,600,10,10,9,1,72 050,224 400,79 450,14,15,mistral_markdown,mistral_table,no
329,CASTELO DO PIAUI,28,109,57,4 970,18 115,12 105,12,13,59,38,328 209,1 804 629,1 081 193,14,15,mistral_markdown,mistral_table,no
330,COCAL,13,44,25,2 229,8 174,4 122,35,35,108,72,294 072,877 715,601 320,14,15,mistral_markdown,mistral_table,no
331,CONCEIÇÃO DO CANINDE,-,-,-,-,-,-,4,4,32,27,73 700,208 000,80 000,14,15,mistral_markdown,mistral_table,no
332,CORRENTE,23,61,27,3 595,10 435,5 324,14,16,69,42,323 401,1 569 092,746 057,14,15,mistral_markdown,mistral_table,no
333,CRISTALANDIA DO PIAUI,14,20,3,1 094,2 054,1 283,7,7,29,15,146 991,1 053 287,628 717,14,15,mistral_markdown,mistral_table,no
334,CRISTINO CASTRO,14,31,15,2 317,25 086,16 700,10,13,29,16,248 810,1 648 170,727 150,14,15,mistral_markdown,mistral_table,no
335,CURIMA TA,5,17,8,472,1,391 800,8,8,29,20,219 300,579 030,297 536,14,15,mistral_markdown,mistral_table,no
336,DEMERVAL LOBÃO,24,90,59,5 533,17 081,7 713,18,18,78,51,187 548,1 255 279,522 258,14,15,mistral_markdown,mistral_table,no
337,DIRCEU ARCOVERDE,-,-,-,-,-,-,1,1,(A),(A),(X),(A),(X),14,15,mistral_markdown,mistral_table,no
338,DOM EXPEDITO LOPES,13,18,4,346,1,554 852,18,18,74,45,297 676,1 633 280,971 725,14,15,mistral_markdown,mistral_table,no
339,DOMINGOS MOURÃO,-,-,-,-,-,-,7,7,-,-,37 423,50 900,42 132,14,15,mistral_markdown,mistral_table,no
340,ELESBÃO VELOSO,29,93,55,4 780,23 493,7 639,25,26,81,46,402 369,1 597 637,717 770,14,15,mistral_markdown,mistral_table,no
341,ELISEU MARTINS,4,4,-,322,651,528,2,5,8,5,48 400,123 000,83 200,14,15,mistral_markdown,mistral_table,no
342,ESPERANTINA,30,187,132,16 557,98 964,48 177,78,86,277,175,1 345 737,6 942 565,3 781 420,14,15,mistral_markdown,mistral_table,no
343,FLORES DO PIAUI,4,4,-,110,133,128,1,2,(A),(A),(X),(A),(X),14,15,mistral_markdown,mistral_table,no
344,FLORIANO,74,486,319,30 828,354 837,146 286,53,56,304,224,2 042 136,29 307 334,14 479 074,14,15,mistral_markdown,mistral_table,no
345,FRANCINOPOLIS,3,7,1,119,597,244,14,14,17,2,85 580,238 934,152 997,14,15,mistral_markdown,mistral_table,no
346,FRANCISCO AYRES,2,(A),(A),(X),(A),(X),31,31,31,-,53 410,80 710,72 360,14,15,mistral_markdown,mistral_table,no
347,FRANCISCO SANTOS,7,11,1,1 482,3 350,2 033,3,4,12,7,120 410,327 657,152 374,14,15,mistral_markdown,mistral_table,no
348,FRONTEIRAS,7,73,50,3 902,134 859,31 772,9,9,96,74,594 962,45 690 898,20 600 903,14,15,mistral_markdown,mistral_table,no
349,GILBUES,6,12,4,1 108,2 201,1 504,10,10,2,1,91 100,130 250,89 784,14,15,mistral_markdown,mistral_table,no
350,GUADALUPE,4,7,2,298,3,042 981,13,14,67,48,257 600,910 240,398 172,14,15,mistral_markdown,mistral_table,no
351,HUGO NAPOLEÃO,2,(B),(A),(X),(A),(X),2,3,9,6,63 800,189 300,74 580,14,15,mistral_markdown,mistral_table,no
352,INHUMA,12,20,7,1 775,5 252,2 012,3,3,9,6,81 000,250 000,160 000,14,15,mistral_markdown,mistral_table,no
353,IPIRANGA DO PIAUI,5,10,2,1 480,5 671,3 659,2,2,(B),(A),(X),(C),(X),14,15,mistral_markdown,mistral_table,no
354,ISAIAS COELHO,8,15,6,421,877,666,2,2,(A),(A),(X),(A),(X),14,15,mistral_markdown,mistral_table,no
355,ITAINOPOLIS,8,12,4,751,1 798,1 486,5,5,6,-,25 300,55 560,38 630,14,15,mistral_markdown,mistral_table,no
356,ITAUEIRA,28,59,26,1 534,5 115,2 399,15,15,44,28,137 164,357 069,193 508,16,17,mistral_table,mistral_table,no
357,JAICOS,11,55,32,2 507,12 948,4 549,4,4,30,20,164 496,1 115 800,720 964,16,17,mistral_table,mistral_table,no
358,JERUMENHA,18,24,2,1 874,2 364,1 951,6,6,25,19,54 050,219 000,79 800,16,17,mistral_table,mistral_table,no
359,JOAQUIM PIRES,13,76,32,3 018,9 105,6 816,17,17,80,61,439 230,1 045 344,608 095,16,17,mistral_table,mistral_table,no
360,JOSE DE FREITAS,24,93,61,7 178,26 355,16 643,33,36,86,64,645 144,1 404 360,910 474,16,17,mistral_table,mistral_table,no
361,LANDRI SALES,3,5,2,495,1 585,705,12,12,37,26,185 680,752 200,321 300,16,17,mistral_table,mistral_table,no
362,LUIS CORREIA,39,409,338,10 486,108 239,27 699,24,36,723,662,2 211 524,14 985 846,9 353 920,16,17,mistral_table,mistral_table,no
363,LUZILANDIA,46,201,140,8 920,31 799,15 194,21,25,163,139,526 017,2 446 610,1 080 719,16,17,mistral_table,mistral_table,no
364,MANOEL EMIDIO,3,5,2,758,1 107,917,9,9,19,8,132 900,220 220,164 560,16,17,mistral_table,mistral_table,no
365,MARCOS PARENTE,4,12,7,626,2 807,1 072,2,2,(A),(A),(X),(A),(X),16,17,mistral_table,mistral_table,no
366,MATIAS OLIMPIO,5,16,11,505,2 334,1 311,21,21,58,27,133 430,278 680,173 080,16,17,mistral_table,mistral_table,no
367,MIGUEL ALVES,15,52,34,2 296,9 482,4 961,13,14,54,42,338 728,1 630 160,784 663,16,17,mistral_table,mistral_table,no
368,MIGUEL LEÃO,-,-,-,-,-,-,4,4,36,28,76 000,179 900,119 900,16,17,mistral_table,mistral_table,no
369,MONSENHOR GIL,8,35,24,1 883,8 736,3 250,16,18,49,29,188 500,876 144,335 462,16,17,mistral_table,mistral_table,no
370,MONSENHOR HIPOLITO,6,6,-,439,751,598,2,2,(A),(A),(X),(A),(X),16,17,mistral_table,mistral_table,no
371,MONTE ALEGRE DO PIAUI,2,(B),(A),(X),(A),(X),6,6,8,6,31 700,122 150,103 150,16,17,mistral_table,mistral_table,no
372,NAZARE DO PIAUI,7,16,8,525,1 662,779,2,2,(A),(A),(X),(B),(X),16,17,mistral_table,mistral_table,no
373,NOSSA SENHORA DOS REMEDIOS,10,30,19,822,2 165,1 389,23,25,29,5,122 230,234 160,122 770,16,17,mistral_table,mistral_table,no
374,NOVO ORIENTE DO PIAUI,11,48,32,1 035,5 808,3 504,5,5,6,1,103 848,397 647,191 062,16,17,mistral_table,mistral_table,no
375,OEIRAS,38,149,81,7 658,54 304,23 344,33,36,142,95,662 271,5 590 644,3 085 719,16,17,mistral_table,mistral_table,no
376,PADRE MARCOS,15,27,13,1 340,8 446,6 355,3,3,11,3,136 800,269 000,137 506,16,17,mistral_table,mistral_table,no
377,PAES LANDIM,-,-,-,-,-,-,1,1,(B),(B),(X),(A),(X),16,17,mistral_table,mistral_table,no
378,PALMEIRA DO PIAUI,1,(B),(A),(X),(A),(X),4,4,5,3,40 825,75 175,53 125,16,17,mistral_table,mistral_table,no
379,PALMEIRAIS,21,72,45,4 440,12 670,7 487,10,10,40,30,451 000,1 250 590,918 790,16,17,mistral_table,mistral_table,no
380,PARNAGUA,8,18,10,1 047,1 783,953,6,6,12,5,99 400,199 780,137 446,16,17,mistral_table,mistral_table,no
381,PAULISTANA,5,87,58,6 672,31 094,13 358,14,14,110,68,947 581,7 402 704,4 915 068,16,17,mistral_table,mistral_table,no
382,PEDRO II,30,123,78,7 004,20 450,11 592,18,17,36,19,310 671,1 197 782,591 732,16,17,mistral_table,mistral_table,no
383,PICOS,68,1 120,939,87 128,1 616 912,672 927,55,69,1 158,966,8 548 851,138 026 632,70 319 764,16,17,mistral_table,mistral_table,no
384,PIMENTEIRAS,1,(A),(A),(X),(A),(X),-,1,(A),(A),(X),(A),(X),16,17,mistral_table,mistral_table,no
385,PIO IX,18,59,38,3 595,4 989,2 798,78,78,243,139,314 549,2 031 967,843 138,16,17,mistral_table,mistral_table,no
386,PIRACURUCA,39,217,155,9 915,49 895,29 221,45,47,238,179,743 465,3 844 528,2 322 662,16,17,mistral_table,mistral_table,no
387,PIRIPIRI,75,341,235,16 547,75 887,35 044,94,101,341,277,1 715 535,13 514 304,4 537 238,16,17,mistral_table,mistral_table,no
388,PORTO,9,26,15,1 045,2 679,1 596,9,11,19,14,144 979,373 445,228 347,16,17,mistral_table,mistral_table,no
389,PRATA DO PIAUI,1,(A),(A),(X),(A),(X),11,11,24,13,55 520,115 520,45 480,16,17,mistral_table,mistral_table,no
390,REDENÇÃO DO GURGUEIA,6,18,9,636,2 405,1 448,12,13,14,8,212 950,632 680,451 980,16,17,mistral_table,mistral_table,no
391,REGENERAÇÃO,12,41,19,1 594,6 776,3 423,18,18,55,35,512 700,2 008 582,1 137 274,16,17,mistral_table,mistral_table,no
392,RIBEIRO GONÇALVES,9,28,14,1 460,7 724,5 923,3,3,9,5,38 900,205 975,149 175,16,17,mistral_table,mistral_table,no
393,RIO GRANDE DO PIAUI,8,10,2,485,1 225,492,26,29,10,5,152 526,335 090,166 576,16,17,mistral_table,mistral_table,no
394,SANTA CRUZ DO PIAUI,3,9,3,649,1 040,814,8,9,24,10,177 178,626 313,243 032,16,17,mistral_table,mistral_table,no
395,SANTA FILOMENA,2,(C),(B),(X),(A),(X),2,2,(B),(A),(X),(B),(X),16,17,mistral_table,mistral_table,no
396,SANTA LUZ,2,(A),(A),(X),(A),(X),1,2,(D),(D),(X),(D),(X),16,17,mistral_table,mistral_table,no
397,SANTO ANTONIO DE LISBOA,26,82,45,3 074,8 696,7 392,23,23,50,26,522 552,886 725,654 155,16,17,mistral_table,mistral_table,no
398,SANTO INACIO DO PIAUI,3,7,2,688,2 080,1 527,3,3,10,6,116 600,305 000,150 600,16,17,mistral_table,mistral_table,no
399,SÃO FELIX DO PIAUI,4,5,2,186,552,271,18,18,23,5,66 938,89 600,69 495,16,17,mistral_table,mistral_table,no
400,SÃO FRANCISCO DO PIAUI,8,11,2,820,1 536,1 070,1,1,(A),(A),(X),(A),(X),16,17,mistral_table,mistral_table,no
401,SÃO GONÇALO DO PIAUI,2,(A),(A),(X),(A),(X),7,7,24,16,120 740,1 122 200,423 611,16,17,mistral_table,mistral_table,no
402,SÃO JOÃO DA SERRA,12,15,-,1 179,1 734,1 327,4,4,33,27,64 125,7 114 498,3 852 377,16,17,mistral_table,mistral_table,no
403,SÃO JOÃO DO PIAUÍ,24,96,58,9 154,14 301,6 515,,,,,,,,18,19,mistral_markdown,pdf_text_layout_partial,yes
404,SÃO JOSE DO PEIXE,11,30,16,1 225,2 207,1 601,,,,,,,,18,19,mistral_markdown,pdf_text_layout_partial,yes
405,SÃO JOSE DO PIAUÍ,-,-,-,-,-,-,,,,,,,,18,19,tesseract_por_review,pdf_text_layout_partial,yes
406,SÃO JULIÃO,3,11,7,854,2 910,1 168,,,,,,,,18,19,mistral_markdown,pdf_text_layout_partial,yes
407,SÃO MIGUEL DO TAPUÍO,9,25,9,1 435,6 007,2 276,,,,,,,,18,19,mistral_markdown,pdf_text_layout_partial,yes
408,SÃO PEDRO DO PIAUÍ,2,181,1A1,1A1,(A),(A),23,40,165,700,470,613,246 863,18,19,mistral_markdown,pdf_text_tokens,no
409,SÃO RAIMUNDO NONATO,131,229,79,14 011,91 289,26 848,,,,,,,,18,19,mistral_markdown,pdf_text_layout_partial,yes
410,SIMÕES,7,89,65,6 134,317 417,124 563,7,82,67,446 774,9,264 825,477 527,18,19,mistral_markdown,pdf_text_tokens,no
411,SIMPLICIO MENDES,5,11,4,743,3 071,1 693,3,(A),13,3,40 210,516 350,159 998,18,19,mistral_markdown,pdf_text_tokens,no
412,SOCORRO DO PIAUÍ,10,14,3,641,2 158,1 468,-,-,-,-,-,-,-,18,19,mistral_markdown,tesseract_por_review,no
413,UNIÃO,27,193,73,17 364,461 831,125 430,,,,,,,,18,19,mistral_markdown,missing,yes
414,URUÇUÍ,7,16,8,1 175,1 690,1 476,,,,,,,,18,19,mistral_markdown,pdf_text_layout_partial,yes
415,VALENÇA DO PIAUÍ,18,38,17,1 999,15 922,8 710,25,26,36,10,163 630,570 036,233 147,18,19,mistral_markdown,pdf_text_tokens,no
416,VARZEA GRANDE,30,50,22,3 271,9 421,5 357,12,13,63,39,266 380,1,161 592,18,19,mistral_markdown,mistral_table,no
417,CEARA,659,103 723,78 929,132 152,82 614 991,36 275 630,604,6 '65,110 769,87 929,843 526 912,9 335 622 833,4 792 611 434,18,19,pdf_text_layout,pdf_text_layout,no
418,EXTRATIVA MINERAL,126,1 777,1 470,90 627,308 815,271 887,38,63,1 122,1 039,6 015 549,43 328 165,35 519 263,18,19,mistral_markdown,pdf_text_layout,no
419,TRANSFORMAÇÃO,,,,,,,5 566,102,109 647,86 890,837 511 363,9 292 294 668,4 757 092 171,18,19,mistral_markdown_partial,pdf_text_layout,yes
420,NÃO METALICOS,,,,,,,1 678,720,12 697,9 969,68 574 416,408 428 021,243 433 963,18,19,mistral_markdown_partial,pdf_text_layout,yes
421,METALURGICA,,,,,,,250,272,5 347,4 329,41 830 571,537 623 069,248 708 757,18,19,mistral_markdown_partial,pdf_text_layout,yes
422,MECANICA,,,,,,,88,119,2 467,1 970,29 509 096,", 62 398 1 94",105 138 749,18,19,mistral_markdown_partial,pdf_text_layout,yes
423,MATERIAL ELÉTRICO,,,,,,,15,30,1 668,l 292,20 343 848,127 567 347,79 432 511,18,19,mistral_markdown_partial,pdf_text_layout,yes
424,TRANSPORTE,,,,,,,45,56,1 927,1 67Z,32 669 583,222 039 803,157 169 354,18,19,mistral_markdown_partial,pdf_text_layout,yes
425,MADEIRA,422,2 503,1 695,156 415,872 901,428 633,,,,,,,,18,19,mistral_markdown,missing,yes
426,MOBILIÁRIO,,,,,,,287,300,2 479,1 889,17 253 810,100 06• 564,so 284 654,18,19,mistral_markdown_partial,pdf_text_layout,yes
427,PAPEL E PAPELAO,17,527,411,36 775,307 625,146 157,19,22,488,405,3 562 661,24 107 704,12 147 369,18,19,pdf_text_layout,pdf_text_layout,no
428,BORRACHA,21,882,994,70 950,126 858,380 703,14,19,336,258,3 770 885,24 523 893,14 362 712,18,19,mistral_markdown,pdf_text_layout,no
429,COUROS E PELES,40,953,733,90 609,663 686,307 758,57,57,080,885,7 337 354,129 888 662,72 326 989,18,19,pdf_text_layout,pdf_text_layout,no
430,OU!MICA,82,1,522 676,363 986,475 778,003 415,39,67,790,l 094,39 444 877,395 213 127,129 345 054,18,19,pdf_text_tokens,pdf_text_layout,no
431,FARMACÊUTICA,40,770,272,223 899,567 334,392 243,9,31,843,448,1 5 547 710,56 035 776,42 214 152,18,19,mistral_markdown,pdf_text_layout,no
432,PERFUMÁRIA,30,422,289,32 862,726 200,247 817,26,32,4\8,342,4 586 353,67 248 164,34 053 203,18,19,mistral_markdown,pdf_text_layout,no
433,"MATS, PLASTICAS",,,,,,,15,24,1 741,1 316,13 679 730,128 659 303,69 285 460,18,19,mistral_markdown_partial,pdf_text_layout,yes
434,TEXTIL,,,,,,,312,358.,13 563,11 209,110 713 609,2 244 897 318,1 oas 768 os1,18,19,mistral_markdown_partial,pdf_text_layout,yes
435,VESTUÁRIO,,,,,,,817,850,21 084,17 777,123 809 969,1 354 904 281,802 557 423,18,19,mistral_markdown_partial,pdf_text_layout,yes
436,ALIMENTARES,,,,,,,274,1 4A9,33 294,26 683,212 171 805,2 897 802 774,1 393 873 469,18,19,mistral_markdown_partial,pdf_text_layout,yes
437,BEBIDAS,,,,,,,~2,8f,2 143,1 564,21 06S 222,19S 303 876,95 232 181,18,19,mistral_markdown_partial,pdf_text_layout,yes
438,FUMO,10,180,123,54 369,57 246,55 779,.6,10,238,33,5 935 132,4 803 772,3 190 362,18,19,mistral_markdown,pdf_text_layout,no
439,GRAFICA,139,2 347,1 465,263 744,990 839,644 931,1 .. 0,158,3 280,! 870,44 678 480,126 734 798,76 402 228,18,19,mistral_markdown,pdf_text_layout,no
440,DIVERSAS,105,977,753,75 598,325 052,194 255,72,89,907,591,8 425 755,25 201 427,13 334 257,18,19,mistral_markdown,pdf_text_layout,no
441,REGIÃO METROPOLITANA,1 911,67 528,52 390,169 102,55 261 638,26 726 991,1 657,2 010,69 536,55 126,595 503 660,6 008 1123 632,3 262 666 667,18,19,pdf_text_layout,pdf_text_layout,no
442,EXTRATIVA MINERAL,40,423,250,43 843,62 204,55 002,10,10,51,35,414 870,1141 153,523 029,18,19,mistral_markdown,pdf_text_tokens,no
443,MANSFORMAÇÃO,,,,,,,,,,,,,,18,19,mistral_markdown_partial,missing,yes
444,NÃO METALICOS,,,,,,,,,,,,,,18,19,mistral_markdown_partial,missing,yes
445,METALURGICA,,,,,,,,,,,,,,18,19,mistral_markdown_partial,missing,yes
446,MECANICA,,,,,,,,,,,,,,18,19,mistral_markdown_partial,pdf_text_tokens_partial,yes
447,MATERIAL ELÉTRICO,,,,,,,,,,,,,,18,19,mistral_markdown_partial,pdf_text_tokens_partial,yes
448,TRANSPORTE,27,1131 953,138 287,1,058 360,569 883,,,,,,,,18,19,tesseract_por_review,pdf_text_layout_partial,yes
449,MADEIRA,103,7,129 794,71 169,576 838,265 218,49,52,547 394,3 617 132,21 479 656,9,800 686,18,19,mistral_markdown,pdf_text_layout,no
450,MOBILIÁRIO,,,,,,,85,96,601,1 306,11 410 378,61 390 S26,3:1 416 039,18,19,mistral_markdown_partial,pdf_text_layout,yes
451,PAPEL E PAPELAO,13,433,337,28675,260 357,111 313,15,18,399,328,3 130 945,20 382 962,9 388 595,18,19,pdf_text_layout,pdf_text_layout,no
452,BORRACHA,12,283,214,35 647,318 002,200 107,9,13,179,119,3 004 161,16 977 145,10 259 279,18,19,mistral_markdown,pdf_text_layout,no
453,COUROS E PELES,8,496,386,60489,298 424,121 720,6,6,439,392,3 197 147,46 194 580,25 696 .203,18,19,pdf_text_layout,pdf_text_layout,no
454,GUIMICA,,,,,,,24,44,1 023,557,30 326 669,291 737 473,12 127 620,18,19,mistral_markdown_partial,pdf_text_layout,yes
455,FARMACÊUTICA,36,767,270,223 793,566 714,391 761,6,27,805,424,15 164 871,57 210 376,41 890 852,18,19,mistral_markdown,pdf_text_layout,no
456,PERFUMÁRIA,19,350,240,29 179,666 775,233 466,1!1,24,352,289,4 246 634,61 '831 958,32 639 794,18,19,mistral_markdown,pdf_text_layout,no
457,"MATS, PLASTICAS",,,,,,,13,21,1 639,1 237,12 645 486,",, 5 222 738",64 081 893,18,19,mistral_markdown_partial,pdf_text_layout,yes
458,TEXTIL,,,,,,,86,114·,7 362,6 090,69 932 3S2,000 291 086,563 892 280,18,19,mistral_markdown_partial,pdf_text_layout,yes
459,VESTUÁRIO,,,,,,,504,532,17 895,15 372,109 216 770,216 996 332,748 417 901,18,19,mistral_markdown_partial,pdf_text_layout,yes
460,ALIMENTARES,,,,,,,319,404,19 591,15 472,129 684 760,828 767 377,878 257 577,18,19,mistral_markdown_partial,pdf_text_layout,yes
461,BEBIDAS,,,,,,,9,31,i,303 917,15 916 973,141 754 175,78 434 900,18,19,mistral_markdown_partial,pdf_text_layout,yes
462,FUMO,5,125,80,44 340,50 970,50 970,4 194,5,652 490,2,737 642,2,737 642,18,19,mistral_markdown,pdf_text_tokens,no
463,GRAFICA,104,2 108,1 296,248 148,927 424,606 831,107,121,3 037,686,43 260 302,121 371 610,73 473 821,18,19,mistral_markdown,pdf_text_layout,no
464,DIVERSAS,66,725,561,63 158,286 738,168 477,41,56,739,478,7 399 164,21 367 689,11 392 533,18,19,mistral_markdown,pdf_text_layout,no
465,FORTALEZA,1 427,56 705,43 776,425 340,48 970 959,23 662 106,,,,,,,,18,19,pdf_text_layout,pdf_text_layout_partial,yes
466,EXTRATIVA MINERAL,13,210,88,27 103,19 461,18 148,3,3,1,3,56 645,19 900,4 954,18,19,mistral_markdown,pdf_text_tokens,no
467,TRANSFORMAÇÃO,,,,,,,,,,,,,,18,19,mistral_markdown_partial,pdf_text_layout_partial,yes
468,NÃO METALICOS,,,,,,,46,58,1 341,962,11 416 523,75 938 375,52 876 502,18,19,mistral_markdown_partial,pdf_text_layout,yes
469,METALURGICA,,,,,,,107,123,4 488,71S,32 681 386,376 529 303,197 326 267,18,19,mistral_markdown_partial,pdf_text_layout,yes
470,MECANICA,,,,,,,63,87,2 036,581,23 S99 618,149 077 682,96 055 087,18,19,mistral_markdown_partial,pdf_text_layout,yes
471,MATERIAL ELÉTRICO,,,,,,,1A,28,1 623,263,19 574 941,122 792 562,76 496 479,18,19,mistral_markdown_partial,pdf_text_layout,yes
472,TRANSPORTE,,,,,,,,,,,,,,20,21,mistral_table_partial,mistral_table_partial,yes
473,MADEIRA,92,1,034 721,67 159,548 697,250 740,46,49,''2,374,3 446 031,21 088 499,9 661 867,20,21,mistral_table,pdf_text_layout,no
474,MOBILIARIO,82,2 155,1 497,168 611,1 385,970 678,86,562,280,10 673 828,S9 732,926,32 317 329,20,21,mistral_table,pdf_text_layout,no
475,PAPEL E PAPELÃO,13,433,337,28,975 260,357 111,17,370,303,2 914 39~,1 6 834,7BE,7 636 S37,20,21,mistral_table,pdf_text_layout,no
476,BORRACHA,11,275,209,34,826 311,567 197,e,12 174,11E,2 344 16~,13 628,2BE,6 90S 720,20,21,mistral_table,pdf_text_layout,no
477,COUROS E PELES,6,496,366,60,489 298,424 121,6,6,435 392,3 1S7 147,46 194,seo,zs 696 203,20,21,mistral_table,pdf_text_layout,no
478,QUÍMICA,48,1,130 438,312 204,3 051,001 762,21,39,949 497,29 886 146,277 S03,S3S,64 S29 397,20,21,mistral_table,pdf_text_layout,no
479,FARMACÊUTICA,39,767,270,223,793 566,714 391,,,,,,,,20,21,mistral_table,mistral_table_partial,yes
480,PERFUMARIA,17,262,159,25,609 624,611 216,19,24,352 289,4 246 63•,61 831,9S6,32 639 794,20,21,mistral_table,pdf_text_layout,no
481,MATS. PLÁSTICAS,25,1 624,1 195,191 364,1 333,511 592,,,,,,,,20,21,mistral_table,mistral_table_partial,yes
482,TEXTIL,,,,,,,,,,,,,,20,21,mistral_table_partial,mistral_table_partial,yes
483,VESTUÁRIO,1,(E),(ES,tx3,tG),AX),,,,,,,,20,21,tesseract_por_review,mistral_table_partial,yes
484,ALIMENTARES,,,,,,,274,3S4,1S 564,12 232 106,761 124,471 225 936,71S 909 357,20,21,mistral_table_partial,pdf_text_layout,yes
485,BERIDAS,42,1,262 809,132 334,1 357,597 593,,,,,,,,20,21,mistral_table,mistral_table_partial,yes
486,FUMO,1,125,80,44 340,50 970,50,105 119,3 029,1 680,43,178 202,2 737 642,2 737 642,20,21,mistral_table,mistral_table,no
487,GRAFICA,103,2 101,1,290 247,404 925,073 605,,,,,,,,20,21,mistral_table,missing,yes
488,DIVERSAS,13,668,526,61,053 266,710 157,40,ss,737 477,7 391 964,21 352 689,",,",382 5:33,20,21,mistral_table,pdf_text_layout,no
489,CAUCAIA,74,3 143,2 620,143 636,1 789,974 814,60,63,724,319,17 061 6S2,216 739 020,110 22.A 304,20,21,mistral_table,pdf_text_layout,no
490,NAD METÁLICOS,35,759,562,32,627 332,860 254,,,,,,,,20,21,mistral_table,mistral_table_partial,yes
491,PAPEL E PAPELÃO,,,,,,,1,1,(0),(0),(X),<E),(X),20,21,mistral_table_partial,pdf_text_layout,yes
492,QUÍMICA,2,(D),(D),(X),(D),(X),3,3,69,60,293 se 1,13 105 542,469 727,20,21,mistral_table,pdf_text_layout,no
493,TEXTIL,1,(E),(E),(X),(E),(X),,,,,,,,20,21,mistral_table,pdf_text_layout_partial,yes
494,ALIMENTARES,17,1 968,1 678,93,420 822,893 430,1s,16,"2 , 91",1 ase,12 648 03S,168 164 479,as 257 849,20,21,mistral_table,pdf_text_layout,no
495,DEMAIS GÉNEROS,19,287,247,11 776,75 214,40,,,,,,,,20,21,mistral_table,mistral_table_partial,yes
496,JUAZEIRO DO NORTE,,,,,,,272,279,3 102,2 442,16 496 3SS,204 128 023,83 e1s 650,20,21,mistral_table_partial,pdf_text_layout,yes
497,COUROS E PELES,4,(F),(F),(X),(F),(X),(E),(E),(F),(F),(X),(F),(X),20,21,mistral_table,pdf_text_tokens,no
498,MATS. PLÁSTICAS,2,(F),(E),(X),(F),(X),2,2,(E),(E),(X),(F),(X),20,21,mistral_table,pdf_text_tokens,no
499,TEXTIL,6,141,91,13,486 368,971 132,,,,,,,,20,21,mistral_table,mistral_table_partial,yes
500,VESTUÁRIO,31,978,935,41 240,1 105,805 313,,,,,,,,20,21,mistral_table,mistral_table_partial,yes
501,ALIMENTARES,45,431,302,21,748 681,756 254,,,,,,,,20,21,mistral_table,mistral_table_partial,yes
502,DEMAIS GÉNEROS,134,1 485,1 110,83 360,1 010,007 271,,,,,,,,20,21,mistral_table,mistral_table_partial,yes
503,SOBRAL,,,,,,,,,,,,,,20,21,mistral_table_partial,mistral_table_partial,yes
504,NAD METÁLICOS,34,556,386,39 607,1 249,175 495,,,,,,,,20,21,mistral_table,mistral_table_partial,yes
505,COUROS E PELES,2,(F),(F),(X),(F),(X),1,1,(F),1,(F),(X),(G),20,21,mistral_table,mistral_table,no
506,TEXTIL,5,549,453,32,936 480,764 206,,,,,,,,20,21,mistral_table,mistral_table_partial,yes
507,VESTUÁRIO,16,(F),(F),(X),(F),(X),42,43,sse,486,428 614,28 215 622,e s1s os9,20,21,mistral_table,pdf_text_layout,no
508,ALIMENTARES,40,1 499,1 290,67 778,1 063,138 431,,,,,,,,20,21,mistral_table,mistral_table_partial,yes
509,DEMAIS GÉNEROS,56,561,447,58,158 257,462 181,35,43,(F),1,(F),(X),(F),20,21,mistral_table,mistral_table,no
510,ABAIARA,2,(C),(B),(X),(B),(X),4,20,13,86,294,251 737,124 583,20,21,mistral_table,pdf_text_tokens,no
511,ACARAU,38,266,182,12 456,56 087,28,,,,,,,,20,21,mistral_table,missing,yes
512,ACOPIARA,39,209,132,16,742 757,321 253,30,33 274,206 227,772 131,186 298,44,639 168,20,21,mistral_table,pdf_text_tokens,no
513,AIUABA,4,13,6,433,743,533,3,3,10,5,13 900,55 500,24 700,20,21,pdf_text_tokens,tesseract_por_review,no
514,ALCANTARAS,8,33,24,1 342,4 390,2,3,3,16,12,97 000,36E 000,114 000,20,21,mistral_table,pdf_text_layout,no
515,ALTANEIRA,5,20,9,401,1,366,31,3í,57,31,80 690,148 550,115 480,20,21,mistral_table,pdf_text_layout,no
516,ALTO SANTO,6,43,36,1 327,6 161,2,52,41,385,890,1,237 763,890 646,20,21,mistral_table,pdf_text_tokens,no
517,ANTONINA DO NORTE,4,10,5,1 190,3 810,2,6,6,34,24,206 070,595 360,296 360,20,21,mistral_table,tesseract_por_review,no
518,APUIARES,30,108,64,4 089,8 392,6,4,4,13,5,87 700,537 600,394 900,20,21,mistral_table,tesseract_por_review,no
519,AQUIRAZ,147,2 118,1,593 138,458 594,603 333,49,55,078,586,12 492 813,178 257 130,80 995 273,20,21,mistral_table,pdf_text_layout,no
520,ARACATI,79,1 779,1 462,91 047,1 082,193 449,36,50,1 690,1 523,13 834 oso,169 352 221,99 173 761,20,21,mistral_table,pdf_text_layout,no
521,ARACOIABA,18,83,53,4 034,23 460,13,22,23 100,1,64,445 830,1 494 461,1 262 457,20,21,mistral_table,mistral_table,no
522,ARARIPE,15,108,84,5 330,28 089,15,31,31,21S,175,1 068 884,3 147 470,1 sss 722,20,21,mistral_table,pdf_text_layout,no
523,ARATUBA,5,58,48,2 175,8 874,5,5,5,47,37,151 820,644 220,336 098,20,21,mistral_table,tesseract_por_review,no
524,ARNEIROZ,6,22,11,760,2 070,1,22,22,78,S2,112 800,290 600,180 850,20,21,mistral_table,pdf_text_layout,no
525,ASSARE,12,39,24,1 951,7 067,3,9,9,32,15,156 946,635 382,216 002,20,21,mistral_table,tesseract_por_review,no
526,AURORA,12,89,33,13,670 329,432 157,21,23,170,93,7S3 660,20 696 909,968 434,20,21,mistral_table,pdf_text_layout,no
527,BAIXIO,3,13,10,2 338,7 160,2,2,2,(B),(A),(X),(A),(X),20,21,mistral_table,pdf_text_tokens,no
528,BARBALHA,47,1 471,1 114,147 486,1 025,032 568,se,66,1 235,1 043,842 909,100 594 601,40 780 643,20,21,mistral_table,pdf_text_layout,no
529,BARRO,12,35,19,2 357,14 567,7,22,23 103,1,78,420 486,1 656 647,862 695,20,21,mistral_table,mistral_table,no
530,BATURITE,30,146,99,8 081,34 369,15,31,34 174,1 112,1,014 339,3 869 265,2 597 405,20,21,mistral_table,mistral_table,no
531,BEBERIBE,64,287,218,8 262,21 654,13,92,93 443,1 347,1,434 274,3 847 554,2 444 067,20,21,mistral_table,mistral_table,no
532,BELA CRUZ,28,722,683,25 357,191 300,76,8,8 806,1 762,1,798 344,14 536 395,7 666 024,20,21,mistral_table,mistral_table,no
533,BOA VIAGEM,25,140,88,9 933,32 984,15,26,26,141,1 101,553 079,3 063 050,1 454 422,20,21,mistral_table,mistral_table,no
534,BREJO SANTO,21,181,127,11,713 456,753 181,37,39 196,1 138,1,271 923,12 367 288,7 313 487,20,21,mistral_table,mistral_table,no
535,CAMOCIM,76,1 376,1 196,58,678 576,512 214,76,91 481,1 301,3,258 131,17 144 375,8 635 745,20,21,mistral_table,mistral_table,no
536,CAMPOS SALES,16,99,71,5 421,150 428,60,13,13,60,30,414 171,19 234 647,3 450 209,20,21,mistral_table,pdf_text_layout,no
537,CANINDE,52,362,259,24 816,321 352,188 130,36,41,297,235,1 865 888,21 646 913,9 787 061,22,23,mistral_table,mistral_table,no
538,CAPISTRANO,7,28,18,1 360,2 970,1 975,10,10,47,33,207 425,1 106 953,688 897,22,23,mistral_table,mistral_table,no
539,CARIDADE,13,75,49,2 800,14 609,11 706,5,5,45,40,318 400,1 151 050,1 009 350,22,23,mistral_table,mistral_table,no
540,CARIRE,15,65,42,2 376,10 323,4 616,8,8,29,21,155 980,708 700,236 280,22,23,mistral_table,mistral_table,no
541,CARIRIAÇU,11,39,9,2 000,11 737,7 284,8,8,30,21,221 920,1 325 122,827 705,22,23,mistral_table,mistral_table,no
542,CARIUS,9,49,34,2 150,126 945,64 577,7,8,42,25,509 321,15 607 095,7 496 463,22,23,mistral_table,mistral_table,no
543,CARNAUBA,65,245,157,13 450,42 975,34 947,5,5,22,16,249 000,921 900,509 418,22,23,mistral_table,mistral_table,no
544,CASCAVEL,83,1 175,1 033,46 352,333 125,168 933,52,55,2 696,2 559,11 633 071,130 431 674,63 288 363,22,23,mistral_table,mistral_table,no
545,CATARINA,1,(A),(A),(X),(A),(X),4,4,13,8,160 000,462 000,242 000,22,23,mistral_table,mistral_table,no
546,CEDRO,16,212,141,17 458,634 187,290 492,33,36,263,186,1 950 439,36 249 791,14 308 696,22,23,mistral_table,mistral_table,no
547,CHAVAL,33,330,289,6 440,37 647,19 077,25,30,130,96,1 357 996,5 455 053,2 775 584,22,23,mistral_table,mistral_table,no
548,COREAU,12,62,45,2 749,19 249,16 638,59,63,257,177,789 000,4 474 695,1 687 388,22,23,mistral_table,mistral_table,no
549,CRATEUS,64,317,221,18 245,279 794,74 849,39,40,230,155,1 418 793,12 697 277,6 791 758,22,23,mistral_table,mistral_table,no
550,CRATO,135,1 753,1 316,119 783,1 429 652,672 926,206,209,1 367,1 055,8 941 585,92 881 980,45 889 809,22,23,mistral_table,mistral_table,no
551,FARIAS BRITO,25,86,45,5 136,14 605,8 686,49,49,147,95,463 540,1 636 650,1 036 100,22,23,mistral_table,mistral_table,no
552,FRECHEIRINHA,13,72,56,4 065,12 666,6 165,17,17,108,91,590 300,1 473 700,1 010 330,22,23,mistral_table,mistral_table,no
553,GENERAL SAMPAIO,8,29,12,1 475,8 328,4 235,5,5,16,7,44 650,193 828,64 347,22,23,mistral_table,mistral_table,no
554,GRANJA,29,103,60,3 704,16 883,8 620,47,50,132,88,614 350,2 362 051,1 594 253,22,23,mistral_table,mistral_table,no
555,GRANJEIRO,1,(A),(A),(X),(A),(X),3,3,11,7,33 300,194 000,154 000,22,23,mistral_table,mistral_table,no
556,GROAIRAS,7,30,22,2 320,9 128,5 278,8,8,44,33,195 720,2 539 360,1 315 610,22,23,mistral_table,mistral_table,no
557,GUARACIABA DO NORTE,18,49,21,1 275,7 345,2 677,11,12,58,35,538 380,2 049 400,837 880,22,23,mistral_table,mistral_table,no
558,GUARAMIRANGA,3,26,19,1 276,3 281,2 497,2,3,25,16,86 473,135 865,94 446,22,23,mistral_table,mistral_table,no
559,HIDROLANDIA,12,61,45,2 176,6 545,4 496,14,15,61,46,239 345,862 274,536 214,22,23,mistral_table,mistral_table,no
560,IBIAPINA,3,13,9,776,3 960,2 493,7,7,293,269,2 272 389,26 892 290,9 590 910,22,23,mistral_table,mistral_table,no
561,ICO,27,230,153,12 336,162 967,57 741,25,29,191,131,1 618 056,19 924 001,6 783 198,22,23,mistral_table,mistral_table,no
562,IGUATU,128,1 187,912,81 937,1 661 921,843 782,75,86,969,824,3 894 419,66 441 145,27 240 444,22,23,mistral_table,mistral_table,no
563,INDEPENDENCIA,20,92,60,4 980,15 650,9 361,9,10,43,22,115 788,554 502,195 130,22,23,mistral_table,mistral_table,no
564,IPAUMIRIM,5,44,29,2 807,101 961,22 927,,,,,,,,22,23,mistral_table,missing,yes
565,IPU,48,210,142,5 955,31 612,20 539,34,34,151,100,1 233 018,3 735 738,2 300 867,22,23,mistral_table,mistral_table,no
566,IPUEIRAS,13,46,23,1 259,7 750,4 683,42,42,176,112,356 735,2 116 602,1 039 447,22,23,mistral_table,mistral_table,no
567,IRACEMA,14,94,60,7 254,229 790,90 743,14,16,135,95,634 536,8 940 178,1 658 768,22,23,mistral_table,mistral_table,no
568,IRAUQUBA,10,52,38,2 338,11 962,5 975,15,16,60,41,175 440,907 206,493 779,22,23,mistral_table,mistral_table,no
569,ITAICABA,24,118,89,2 925,7 768,3 346,33,33,143,93,481 947,1 699 148,800 967,22,23,mistral_table,mistral_table,no
570,ITAPAGE,30,298,206,19 812,872 563,365 105,85,90,474,341,1 846 088,39 794 453,17 699 029,22,23,mistral_table,mistral_table,no
571,ITAPIPOCA,69,307,221,13 763,98 199,41 865,22,22,150,118,922 300,17 245 412,8 593 459,22,23,mistral_table,mistral_table,no
572,ITAPIUNA,13,54,30,2 557,15 520,6 220,7,7,38,26,215 391,2 616 297,1 474 650,22,23,mistral_table,mistral_table,no
573,ITATIRA,6,27,21,2 757,5 817,4 529,2,2,(C),(C),(X),(A),(X),22,23,mistral_table,mistral_table,no
574,JAGUARETAMA,20,57,27,3 034,9 208,5 444,12,12,61,42,329 800,1 085 840,499 900,22,23,mistral_table,mistral_table,no
575,JAGUARIBARA,4,15,7,944,4 328,1 686,7,7,45,30,194 860,555 980,296 480,22,23,mistral_table,mistral_table,no
576,JAGUARIBE,40,259,172,13 685,73 839,29 136,45,46,268,185,1 351 295,14 546 527,5 253 309,22,23,mistral_table,mistral_table,no
577,JAGUARUANA,98,726,568,36 543,297 583,106 197,168,169,1 027,727,5 078 108,53 997 683,21 326 894,22,23,mistral_table,mistral_table,no
578,JARDIM,10,30,9,1 178,4 697,1 701,14,14,53,33,244 600,1 213 000,418 000,22,23,mistral_table,mistral_table,no
579,JATI,2,(B),(B),(X),(D),(X),5,5,17,11,163 800,816 600,274 500,22,23,mistral_table,mistral_table,no
580,JUCAS,8,147,121,6 648,177 071,71 275,6,7,60,30,552 015,6 844 200,2 662 701,22,23,mistral_table,mistral_table,no
581,LAVRAS DA MANGABEIRA,34,210,140,13 256,298 865,127 585,22,23,134,91,635 337,9 110 591,5 493 700,22,23,mistral_table,mistral_table,no
582,LIMOEIRO DO NORTE,76,532,384,28 652,124 897,82 806,31,35,477,395,2 428 842,20 215 608,15 812 179,22,23,mistral_table,mistral_table,no
583,MARACANAU,-,-,-,-,-,-,42,60,5 715,4 678,49 253 942,852 831 409,399 575 864,22,23,mistral_table,mistral_table,no
584,MARANGUAPE,212,4 711,797,405 010,3 656 003,1 768 178,256,261,2 124,1 686,14 063 384,156 319 456,65 472 597,24,25,pdf_text_layout,mistral_table,no
585,MARCO,38,169,102,13 249,72 411,21 856,9,10,131,112,1 007 594,7 168 836,4 335 535,24,25,pdf_text_tokens,mistral_table,no
586,'MARTINOPOLE,11,40,28,051,271,3 817,18,19,67,45,380 620,1 278 425,955 570,24,25,pdf_text_tokens,mistral_table,no
587,"MAS SAPE. , •• '""",16,60,39,432,11,717 889,17,17,75,54,223 600,795 125,337 420,24,25,pdf_text_tokens,mistral_table,no
588,MAURITI,28,142,91,10 899,112 035,27 475,27,26,162,130,890 100,4 703 820,2 647 620,24,25,pdf_text_tokens,mistral_table,no
589,MERUOCA... ..iiccsecera cera raras ro err rrcaras,4,26,12,3 005,10 433,3 945,3,3,12,8,44 600,292 850,121 000,24,25,tesseract_por_review,mistral_table,no
590,MILAGRES,14,120,93,553,33 407,24 044,29,28,124,77,702 562,4 107 462,2 061 125,24,25,pdf_text_tokens,mistral_table,no
591,MISSÃO VELHA,15,98,60,7 219,188 952,82 356,18,18,140,93,879 515,25 132 876,15 647 526,24,25,pdf_text_tokens,mistral_table,no
592,,,,,,,,20,21,144,106,935 795,15 186 282,4 371 176,24,25,missing,mistral_table,yes
593,MONSENHOR TABOSA........ccrccccrrcrcrrercr sacra,5,16,5,566,1497,682,6,7,25,17,207 800,823 118,420 764,24,25,tesseract_por_review,mistral_table,no
594,MORADA NOVA,53,336,250,20 538,161 528,59 786,62,65,362,273,2 262 211,23 255 329,10 613 886,24,25,pdf_text_tokens,mistral_table,no
595,"MORAU.JO. , •• , ••••••••••••.•••..••••• , ..••• , •••••• IA) IA) IX)",1,(A),(A),(X),(A),(XxX),37,37,28,18,96 144,398 330,278 852,24,25,tesseract_por_review,mistral_table,no
596,MORRINHOS,13,50,30,1,454 546,2 919,4,4,14,9,61 200,480 400,156 400,24,25,pdf_text_tokens,mistral_table,no
597,,,,,,,,23,23,70,47,206 340,1 065 920,362 465,24,25,missing,mistral_table,yes
598,MULUNGU,16,1,461,282,3,740,9,10,51,24,270 500,1 256 260,759 770,24,25,pdf_text_tokens,mistral_table,no
599,NOVA OLINDA,66,58,3,804,18 275,15 325,10,10,92,78,440 348,2 556 149,1 598 583,24,25,pdf_text_tokens,mistral_table,no
600,NOVA RUSSAS,38,198,139,10 824,123 900,22 000,34,34,210,136,1 335 825,6 562 742,4 665 875,24,25,pdf_text_tokens,mistral_table,no
601,NOVO ORIENTE,12,41,29,2,097 193,6 372,6,6,20,13,117 600,413 600,224 600,24,25,pdf_text_tokens,mistral_table,no
602,OROS,21,298,207,17 524,019 057,256 254,8,12,206,165,1 087 335,65 677 661,15 449 861,24,25,pdf_text_tokens,mistral_table,no
603,PACA.JUS,142,1 445,1 227,90 230,1 292 393,587 850,173,177,1 728,1 467,7 842 749,124 945 877,59 961 837,24,25,pdf_text_layout,mistral_table,no
604,PACATUBA,51,851,604,56 658,248 099,149 162,36,42,397,332,2 669 866,14 012 975,9 524 332,24,25,pdf_text_tokens,mistral_table,no
605,PACOTI,3,20,11,1 040,3 285,1 913,8,8,24,13,113 111,326 950,168 130,24,25,pdf_text_tokens,mistral_table,no
606,PACU.JA,13,41,23,2,109 926,3 201,12,12,65,50,551 030,2 774 040,792 540,24,25,pdf_text_tokens,mistral_table,no
607,PALHANO,6 106,94,4 016,10,77S,7 485,10,10,88,77,383 040,1 919 200,1 051 281,24,25,pdf_text_tokens,mistral_table,no
608,PALMACIA,33,88,46,2 876,10,515 057,4,4,15,10,98 400,356 228,181 528,24,25,pdf_text_tokens,mistral_table,no
609,PARACURU,13,2,338 793,59 864,498 596,204 416,14,14,528,486,3 051 133,70 498 371,35 448 853,24,25,pdf_text_tokens,mistral_table,no
610,PARAMBU......cicccrcrcrcer acerca ro sra rercortresa,13,39,19,2 643,7 560,3 415,26,26,84,49,321 200,1 124 900,574 900,24,25,tesseract_por_review,mistral_table,no
611,PARAMOTI,4,46,39,2 464,13 936,9 834,3,4,37,32,215 000,712 518,539 018,24,25,pdf_text_tokens,mistral_table,no
612,PEDRA BRANCA,16,63,38,3 160,11,834 522,14,14,71,40,218 940,1 061 230,319 598,24,25,pdf_text_tokens,mistral_table,no
613,PENAFORTE.....crcerrrecercreresnenearerererraraa,,,,,,,2,3,11,4,38 588,313 167,207 478,24,25,tesseract_por_review_partial,mistral_table,yes
614,"PENTECOSTE, •••••• , ••• """,30,114,69,4 782,13,071 361,18,18,110,86,615 505,2 282 778,1 331 963,24,25,pdf_text_tokens,mistral_table,no
615,PEREIRO,8,26,6,1 895,6 689,2 833,5,5,13,7,122 360,725 150,348 940,24,25,tesseract_por_review,mistral_table,no
616,PIQUET CARNEIRO,6,<15,25,3 053,176 844,47 378,6,6,30,10,189 450,829 420,302 578,24,25,pdf_text_tokens,mistral_table,no
617,PORANGA,3,14,9,424,7 000,4 609,3,3,11,7,128 328,372 400,223 600,24,25,tesseract_por_review,mistral_table,no
618,PORTEIRAS,2,IC),IA),(X),IB),(X),7,7,35,19,85 560,525 600,260 166,24,25,pdf_text_tokens,mistral_table,no
619,POTENGI,5,15,5,754,2 130,1158,17,17,56,45,442 404,804 450,579 340,24,25,tesseract_por_review,mistral_table,no
620,QUIXAOA,62,557,407,27 685,541 102,216 464,88,91,690,526,3 661 908,78 208 165,25 628 705,24,25,pdf_text_tokens,mistral_table,no
621,QUIXERAMOBIM,40,346 253,16 770,1,063 433,432 567,28,32,252,192,1 167 077,62 134 473,16 832 287,24,25,pdf_text_tokens,mistral_table,no
622,QUlXERE,39,3<10,272,995,16 242,10 636,46,46,307,251,729 510,2 646 790,1 881 293,24,25,pdf_text_tokens,mistral_table,no
623,REDENÇÃO,56,654,518,32 906,244 051,144 703,45,51,632,502,10 831 809,74 708 690,50 076 097,24,25,pdf_text_tokens,mistral_table,no
624,RERIUTABA,67,36,3,087,17 028,9 687,39,39,168,95,901 220,1 942 845,984 205,24,25,tesseract_por_review,mistral_table,no
625,"RUSSAS •••• , , . , ••• , , , . , . , , . , , . , , , , . , ••••••••• , , , . 13'1",016,765,38,865,277 086,158 741,137,140,1 015,774,4 688 305,26 730 498,18 415 070,24,25,pdf_text_tokens,mistral_table,no
626,"SABOEIRO. , •• , , """,9,29,17,644,2 619,1 444,5,5,13,7,25 700,153 000,42 500,24,25,pdf_text_tokens,mistral_table,no
627,SANTANA 00 ACARAU,26,89,54,4 178,12 760,146,58,59,187,103,533 628,2 403 747,1 087 822,24,25,pdf_text_layout,mistral_table,no
628,SANTANA 00 CARIRI,29,87,34,1 945,9 526,306,52,52,151,100,204 710,1 208 368,619 166,24,25,pdf_text_layout,mistral_table,no
629,SANTA OU1TER1A,12,117,75,236,80 501,18 090,20,21,131,91,1 053 609,10 089 620,4 355 872,24,25,pdf_text_tokens,mistral_table,no
630,SÃO BENEDITO,18,78,43,940,43 568,24 528,20,20,87,57,714 900,2 458 800,1 162 994,24,25,pdf_text_tokens,mistral_table,no
631,SÃO GONÇALO DO AMARANTE,46,354,278,20 149,61 037,39 847,14,14,250,232,1 764 196,7 076 807,3 446 492,26,27,mistral_table,mistral_table,no
632,SÃO JOÃO DO JAGUARIBE,15,81,56,2 102,10 880,6 021,9,9,56,43,296 808,915 743,449 421,26,27,mistral_table,mistral_table,no
633,SÃO LUIS DO CURU,29,111,79,8 224,47 750,16 699,4,5,14,7,168 762,610 000,310 000,26,27,mistral_table,mistral_table,no
634,SENADOR POMPEU,23,124,58,8 032,259 150,91 360,15,15,116,90,373 522,33 910 521,13 013 159,26,27,mistral_table,mistral_table,no
635,SENADOR SA,2,(C),(B),(K),(B),(K),2,2,(C),(A),(X),(B),(X),26,27,mistral_table,mistral_table,no
636,SOLONOPOLE,20,105,69,7 887,29 613,27 723,4,4,15,10,83 200,550 952,188 691,26,27,mistral_table,mistral_table,no
637,TABULEIRO DO NORTE,55,285,191,15 953,117 178,60 088,68,68,376,261,1 422 077,10 306 735,5 235 045,26,27,mistral_table,mistral_table,no
638,TAMBORIL,7,23,5,1 413,10 969,4 261,9,9,30,20,209 400,564 830,359 770,26,27,mistral_table,mistral_table,no
639,TAUA,19,112,84,4 875,95 875,40 174,26,26,90,54,603 325,2 001 379,1 181 394,26,27,mistral_table,mistral_table,no
640,TIANGUA,19,124,78,9 623,43 403,17 517,31,32,150,98,1 334 655,5 774 789,3 202 734,26,27,mistral_table,mistral_table,no
641,TRAIRI,19,98,75,3 888,12 291,6 687,13,14,142,113,757 479,1 715 698,1 040 198,26,27,mistral_table,mistral_table,no
642,UBAJARA,24,137,93,12 152,83 441,27 547,17,17,124,79,667 836,5 086 484,2 831 017,26,27,mistral_table,mistral_table,no
643,UMARI,5,14,7,921,2 692,1 037,2,2,(B),(A),(X),(A),(X),26,27,mistral_table,mistral_table,no
644,URUBURETAMA,52,445,339,23 703,503 392,304 481,40,45,304,235,1 191 744,22 290 992,9 419 392,26,27,mistral_table,mistral_table,no
645,URUOCA,15,35,18,1 057,3 101,1 713,15,15,35,22,74 210,364 940,274 890,26,27,mistral_table,mistral_table,no
646,VARZEA ALEGRE,26,182,127,11 191,250 293,123 738,36,38,199,146,1 569 366,18 712 690,10 881 947,26,27,mistral_table,mistral_table,no
647,VIÇOSA DO CEARA,3,13,9,542,2 184,267,13,13,284,247,1 958 242,7 262 643,4 571 932,26,27,mistral_table,mistral_table,no
648,RIO GRANDE DO NORTE,2 600,45 344,35 907,3 536 054,31 957 365,16 219 637,2 707,2 903,43 734,35 023,302 189 241,3 707 452 658,2 096 425 753,26,27,mistral_table,mistral_table,no
649,EXTRATIVA MINERAL,238,5 207,4 015,533 324,2 755 513,2 407 620,180,206,4 625,3 854,33 566 310,380 783 199,340 508 288,26,27,mistral_table,mistral_table,no
650,TRANSFORMAÇÃO,2 361,40 118,31 873,2 997 976,29 194 044,13 805 119,2 527,2 697,39 109,31 159,268 622 931,3 325 669 459,1 755 917 465,26,27,mistral_table,mistral_table,no
651,NÃO METÁLICOS,876,7 571,5 706,430 692,2 736 544,1 730 640,788,809,6 897,5 542,34 381 579,276 694 510,204 909 669,26,27,mistral_table,mistral_table,no
652,METALURGICA,64,803,606,80 561,569 841,289 424,108,110,626,440,5 014 610,45 288 199,19 866 691,26,27,mistral_table,mistral_table,no
653,MECANICA,37,693,619,84 101,226 873,156 929,39,52,1 123,1 000,10 398 401,50 811 450,34 609 320,26,27,mistral_table,mistral_table,no
654,MATERIAL ELETRICO,12,(E),(E),(K),(E),(K),10,11,155,136,1 269 897,8 934 967,6 898 985,26,27,mistral_table,mistral_table,no
655,TRANSPORTE,14,2 259,210,23 631,148 736,101 731,19,22,254,198,2 115 893,13 393 821,6 024 829,26,27,mistral_table,mistral_table,no
656,MADEIRA,185,937,617,61 518,222 403,121 848,176,180,800,539,5 282 602,20 561 991,10 582 607,26,27,mistral_table,mistral_table,no
657,MOBILIÁRIO,114,765,545,51 870,269 282,152 757,178,183,1 360,950,11 269 138,61 949 562,35 611 602,26,27,mistral_table,mistral_table,no
658,PAPEL E PAPELÃO,9,237,182,18 850,145 010,84 137,2,3,175,135,907 204,14 256 944,10 206 379,26,27,mistral_table,mistral_table,no
659,BORRACHA,5,52,34,5 545,53 861,26 233,5,15,43,32,465 595,4 300 815,3 094 895,26,27,mistral_table,mistral_table,no
660,COUROS E PELES,11,326,265,32 640,342 778,171 770,18,18,362,229,2 831 498,43 755 063,19 111 736,26,27,mistral_table,mistral_table,no
661,QUÍMICA,33,612,463,76 397,238 522,486 305,13,19,1 501,1 144,11 490 039,304 513 164,155 453 099,26,27,mistral_table,mistral_table,no
662,FARMACÉUTICA,3,116,82,24 412,60 701,40 131,3,3,81,67,401 732,7 248 775,2 244 695,26,27,mistral_table,mistral_table,no
663,PERFUMÁRIA,20,124,61,12 542,64 439,23 526,19,22,173,103,1 266 720,19 165 413,7 621 122,26,27,mistral_table,mistral_table,no
664,MATS. PLÁSTICAS,5,367,282,22 872,294 307,149 199,2,2,(E),(D),(X),(E),(X),26,27,mistral_table,mistral_table,no
665,TEXTIL,113,5 159,4 197,467 987,8 267 576,3 225 643,238,254,6 080,5 029,44 387 947,764 582 443,340 937 070,26,27,mistral_table,mistral_table,no
666,VESTUÁRIO,93,10 553,9 521,701 630,6 142 353,3 685 203,64,90,8 410,7 514,64 199 802,796 672 681,451 945 065,26,27,mistral_table,mistral_table,no
667,ALIMENTARES,668,9 954,7 334,724 779,7 438 639,2 714 918,730,808,9 465,6 911,59 075 339,814 466 453,396 001 075,26,27,mistral_table,mistral_table,no
668,BEBIDAS,13,245,189,17 195,132 202,46 683,10,15,262,225,1 659 954,14 244 325,6 104 492,26,27,mistral_table,mistral_table,no
669,FUMO,2,(E),(D),(K),(A),(K),,,,,,,,26,27,mistral_table,mistral_table_partial,yes
670,GRAFICA,53,796,966,93 514,363 234,257 662,54,56,779,565,7 842 405,31 368 555,21 454 448,26,27,mistral_table,mistral_table,no
671,DIVERSAS,24,405,294,40 893,448 025,314 753,34,34,453,371,2 920 705,30 275 101,18 470 877,26,27,mistral_table,mistral_table,no
672,NATAL,459,15 617,12 687,1 356 503,10 529 318,5 873 003,435,504,13 543,11 290,108 239 731,1 066 747 060,609 914 673,26,27,mistral_table,mistral_table,no
673,EXTRATIVA MINERAL,7,204,-,96 675,-,-,,,,,,,,26,27,mistral_table,mistral_table_partial,yes
674,TRANSFORMAÇÃO,452,15 413,12 687,1 259 828,10 529 318,5 873 003,432,498,13 469,11 290,106 064 269,1 066 747 060,609 914 673,26,27,mistral_table,mistral_table,no
675,NÃO METÁLICOS,45,703,498,63 036,225 574,126 730,18,24,332,259,2 772 961,11 382 658,7 218 471,26,27,mistral_table,mistral_table,no
676,METALURGICA,27,420,343,40 969,425 630,213 999,47,48,429,326,3 462 387,40 983 032,17 637 836,26,27,mistral_table,mistral_table,no
677,MECANICA,21,120,76,13 125,53 815,43 293,28,34,572,483,5 399 634,31 866 016,25 365 588,26,27,mistral_table,mistral_table,no
678,MATERIAL ELETRICO,9,53,25,9 080,22 197,17 838,6,7,83,72,627 719,6 142 093,4 807 765,26,27,mistral_table,mistral_table,no
679,TRANSPORTE,9,93,73,10 308,39 986,29 754,4,7,116,101,823 847,5 705 747,3 598 939,26,27,mistral_table,mistral_table,no
680,MADEIRA,30,218,150,14 012,61 563,34 450,22,24,165,129,1 022 823,4 219 046,2 300 098,26,27,mistral_table,mistral_table,no
681,MOBILIÁRIO,29,222,163,16 483,72 227,41 175,48,50,310,222,1 989 609,11 986 570,6 230 050,26,27,mistral_table,mistral_table,no
682,PAPEL E PAPELÃO,3,5,-,484,-,-,-,1,(A),(A),(X),(A),(X),26,27,mistral_table,tesseract_por_review,no
683,BORRACHA,4,33,22,3 858,39 426,19 710,3,3,35,26,238 998,2 263 495,1 257 137,26,27,mistral_table,mistral_table,no
684,COUROS E PELES,1,(F),(F),(K),(G),(K),2,2,(F),(F),(X),(G),(X),26,27,mistral_table,mistral_table,no
685,QUÍMICA,4,37,-,6 997,-,-,2,15,26,17,150 641,2 092 765,1 085 333,26,27,mistral_table,mistral_table,no
686,FARMACÉUTICA,2,(E),(E),(K),(E),(K),1,1,(B),(B),(X),(B),(X),26,27,mistral_table,mistral_table,no
687,PERFUMÁRIA,2,(D),(A),(K),(D),(K),-,-,-,-,-,-,-,26,27,mistral_table,tesseract_por_review,no
688,MATS. PLÁSTICAS,2,(C),(B),(K),(C),(K),1,-,-,-,-,-,-,26,27,mistral_table,tesseract_por_review,no
689,TEXTIL,10,741,610,76 811,722 424,303 812,7,11,1 166,1 000,10 881 309,79 489 504,39 736 123,26,27,mistral_table,mistral_table,no
690,VESTUÁRIO,140,8 356,7 493,565 409,5 410 913,3 297 637,34,39,6 955,6 416,52 651 623,627 869 193,374 878 157,26,27,mistral_table,mistral_table,no
691,ALIMENTARES,149,2 926,2 110,248 342,2 277 029,1 018 256,150,179,1 978,1 338,14 131 931,159 453 317,82 195 514,26,27,mistral_table,mistral_table,no
692,BEBIDAS,5,114,90,8 184,82 546,20 176,1,4,39,23,209 384,1 012 452,735 016,26,27,mistral_table,mistral_table,no
693,FUMO,1,(D),(D),(K),(A),(K),-,1,(D),(A),(X),(A),(X),26,27,mistral_table,tesseract_por_review,no
694,GRAFICA,34,635,454,81 937,320 754,229 364,34,36,664,480,7 213 355,28 587 448,20 106 722,26,27,mistral_table,mistral_table,no
695,DIVERSAS,18,304,250,31 888,390 567,273 268,24,24,256,206,1 148 688,13 235 086,5 207 991,26,27,mistral_table,mistral_table,no
696,MOSSORO,310,6 140,4 685,442 515,4 529 378,2 513 370,254,279,4 893,3 654,35 070 664,552 787 136,347 407 083,26,27,mistral_table,mistral_table,no
697,NÃO METÁLICOS,85,958,605,70 529,1 515 466,683 710,36,41,431,274,5 017 008,134 362 408,102 262 920,26,27,mistral_table,mistral_table,no
698,MOBILIÁRIO,25,287,222,17 421,117 073,69 817,24,24,237,175,1 418 810,8 769 029,5 893 065,26,27,mistral_table,mistral_table,no
699,TEXTIL,7,162,123,14 870,288 561,100 175,4,4,168,141,1 216 924,25 342 503,8 237 274,28,29,mistral_table,mistral_table,no
700,ALIMENTARES,87,2 229,1 716,153 621,1 154 395,445 254,91,104,2 470,2 027,16 520 884,246 257 555,113 897 476,28,29,mistral_table,mistral_table,no
701,DEMAIS GENEROS,97,1 937,1 626,145 246,838 485,416 126,88,93,1 018,667,6 852 325,29 731 014,13 415 278,28,29,mistral_table,mistral_table,no
702,ACARI,13,79,62,5 217,21 450,12 088,21,23,281,239,1 690 640,19 360 188,8 757 391,28,29,mistral_table,mistral_table,no
703,ACU,27,448,344,27 417,139 276,89 851,51,51,355,262,1 272 367,17 289 418,13 096 630,28,29,mistral_table,mistral_table,no
704,AFONSO BEZERRA,11,56,36,1 494,9 862,6 004,11,11,50,33,156 750,696 000,260 500,28,29,mistral_table,mistral_table,no
705,ALEXANDRIA,7,27,12,2 208,20 428,7 349,18,18,71,44,250 397,1 145 410,495 756,28,29,mistral_table,mistral_table,no
706,ALMINO AFONSO,23,91,52,4 001,9 759,5 675,37,37,149,92,391 360,1 208 460,640 705,28,29,mistral_table,mistral_table,no
707,ALTO DO RODRIGUES,6,97,84,2 518,33 030,18 949,10,12,124,93,628 236,2 623 971,2 473 572,28,29,mistral_table,mistral_table,no
708,ANGICOS,6,150,117,9 712,203 404,95 619,8,10,162,132,1 043 587,12 339 917,4 533 940,28,29,mistral_table,mistral_table,no
709,ANTONIO MARTINS,3,12,6,366,1 560,731,2,2,(B),(A),(X),(A),(X),28,29,mistral_table,mistral_table,no
710,APODI,77,554,397,28 986,214 966,90 500,60,61,545,427,2 742 107,27 583 501,10 444 451,28,29,mistral_table,mistral_table,no
711,AREIA BRANCA,18,275,199,20 506,166 527,119 365,13,20,607,503,3 435 510,38 569 906,32 299 133,28,29,mistral_table,mistral_table,no
712,ARES,9,366,271,59 626,1 340 184,444 933,4,7,333,272,3 131 397,164 033 294,82 748 210,28,29,mistral_table,mistral_table,no
713,AUGUSTO SEVERO,41,126,72,4 180,12 234,6 067,64,64,226,128,638 380,1 152 890,886 465,28,29,mistral_table,mistral_table,no
714,BAIA FORMOSA,5,279,219,38 120,583 611,202 818,4,5,566,348,5 718 479,149 250 348,96 878 663,28,29,mistral_table,mistral_table,no
715,BARAUNA,-,-,-,-,-,-,26,26,152,104,641 260,2 267 533,1 229 067,28,29,mistral_table,mistral_table,no
716,BARCELONA,1,(B),(B),(X),(B),(X),7,7,26,17,64 900,176 400,88 100,28,29,mistral_table,mistral_table,no
717,BENTO FERNANDES,1,(A),(A),(X),(A),(X),3,3,46,41,50 125,231 294,152 443,28,29,mistral_table,mistral_table,no
718,BOM JESUS,2,(B),(A),(X),(A),(X),7,1,(A),(A),(X),(A),(X),28,29,mistral_table,mistral_table,no
719,BREJINHO,9,113,94,4 846,21 948,12 084,7,7,99,88,447 666,1 369 201,765 901,28,29,mistral_table,mistral_table,no
720,CAICO,137,819,535,40 634,426 469,142 598,151,153,864,596,6 147 422,71 308 746,25 821 409,28,29,mistral_table,mistral_table,no
721,CAMPO REDONDO,3,12,7,802,3 407,1 054,3,3,15,6,42 600,124 489,2 509,28,29,mistral_table,mistral_table,no
722,CANQUARETAMA,16,104,73,4 302,13 757,10 312,22,23,354,269,1 546 685,56 017 819,20 735 748,28,29,mistral_table,mistral_table,no
723,CARAUBAS,24,133,97,9 061,50 109,24 810,18,19,125,98,578 878,6 797 340,3 017 823,28,29,mistral_table,mistral_table,no
724,CARNAUBA DOS DANTAS,8,63,47,2 143,6 059,2 924,15,15,81,57,415 825,1 117 462,605 813,28,29,mistral_table,mistral_table,no
725,CARNAUBAIS,11,37,25,1 533,4 825,3 779,14,14,38,21,102 150,407 380,213 940,28,29,mistral_table,mistral_table,no
726,CEARA-MIRIM,45,709,512,81 131,984 067,169 962,36,40,1 449,097,6 364 168,109 294 094,45 356 789,28,29,mistral_table,mistral_table,no
727,CERRO CORA,5,21,17,1 094,5 892,1 713,4,6,31,22,134 700,552 045,185 042,28,29,mistral_table,mistral_table,no
728,CORONEL EZEQUIEL,-,-,-,-,-,-,2,2,(B),(A),(X),(B),(X),28,29,mistral_table,mistral_table,no
729,CORONEL JOÃO PESSOA,1,(B),(A),(X),(B),(X),3,3,4,2,59 957,374 000,192 833,28,29,mistral_table,mistral_table,no
730,CRUZETA,6,41,28,2 215,5 696,3 329,8,8,87,78,371 815,1 679 790,876 538,28,29,mistral_table,mistral_table,no
731,CURRAIS NOVOS,50,2 563,2 264,265 920,1 216 935,895 022,42,49,1 992,1 807,15 908 902,104 457 448,65 258 229,28,29,mistral_table,mistral_table,no
732,DOUTOR SEVERIANO,4,12,6,362,1 708,833,4,4,11,6,60 400,485 000,301 209,28,29,mistral_table,mistral_table,no
733,EDUARDO GOMES,38,2 729,2 201,243 022,3 057 688,1 232 139,33,38,3 582,2 955,33 229 815,483 712 462,243 508 691,28,29,mistral_table,mistral_table,no
734,ENCANTO,14,58,43,2 497,4 352,3 420,8,8,31,20,55 000,226 000,133 000,28,29,mistral_table,mistral_table,no
735,EQUADOR,30,148,112,7 972,15 481,10 447,17,17,122,101,610 050,2 003 200,1 705 322,28,29,mistral_table,mistral_table,no
736,ESPIRITO SANTO,2,(C),(C),(X),(C),(X),1,1,(B),(B),(X),(B),(X),28,29,mistral_table,mistral_table,no
737,EXTREMOZ,3,29,17,1 528,6 603,3 689,3,3,24,22,121 644,209 438,110 941,28,29,mistral_table,mistral_table,no
738,FELIPE GUERRA,7,33,17,1 842,6 944,4 259,8,8,40,24,174 520,550 228,293 160,28,29,mistral_table,mistral_table,no
739,FLORANIA,7,26,17,1 361,4 144,2 477,11,11,46,29,141 593,652 307,221 267,28,29,mistral_table,mistral_table,no
740,FRANCISCO DANTAS,1,(B),(A),(X),(A),(X),8,9,29,17,48 874,253 300,190 928,28,29,mistral_table,mistral_table,no
741,FRUTUOSO GOMES,8,29,14,1 007,2 500,1 535,10,10,42,22,235 600,1 802 000,923 350,28,29,mistral_table,mistral_table,no
742,GALINHOS,1,(F),(F),(X),(D),(X),-,1,(F),(F),(X),(F),(X),28,29,mistral_table,mistral_table,no
743,GOIANINHA,10,217,186,13 871,63 781,54 012,10,11,138,122,620 629,1 745 040,1 417 770,28,29,mistral_table,mistral_table,no
744,GOVERNADOR DIX-SEPT ROSADO,27,221,193,15 095,56 130,40 694,15,15,159,137,801 753,2 495 907,1 645 102,28,29,mistral_table,mistral_table,no
745,GROSSOS,180,910,641,26 892,114 968,81 692,157,161,790,607,3 175 330,21 834 104,16 081 991,28,29,mistral_table,mistral_table,no
746,GUAMARE,4,54,52,1 447,7 503,6 628,2,4,56,54,124 073,1 223 844,767 552,28,29,mistral_table,mistral_table,no
747,IELMO MARINHO,6,70,59,3 836,19 569,12 868,2,2,(C),(B),(X),(A),(X),28,29,mistral_table,mistral_table,no
748,IPANGUAÇU,14,340,290,18 279,85 158,63 472,19,15,432,395,1 177 924,20 729 425,19 629 519,30,31,mistral_table,mistral_table,no
749,IPUEIRA,7,31,22,1 155,1 815,1 357,2,2,(C),(B),(X),(C),(X),30,31,mistral_table,mistral_table,no
750,ITAU,7,230,215,5 783,43 933,14 789,4,5,36,29,165 943,782 608,413 570,30,31,mistral_table,mistral_table,no
751,JAÇANA,1,(C),(B),(X),(B),(X),4,5,21,12,168 480,2 855 615,1 085 690,30,31,mistral_table,mistral_table,no
752,JANDAIRA,5,30,24,3 226,8 540,5 004,5,5,39,33,237 091,1 016 402,811 320,30,31,mistral_table,mistral_table,no
753,JANDUIS,2,(B),(A),(X),(A),(X),4,4,14,5,74 300,586 920,166 920,30,31,mistral_table,mistral_table,no
754,JANUARIO CICCO,13,67,37,1 179,4 267,3 421,10,11,64,51,138 260,516 632,230 908,30,31,mistral_table,mistral_table,no
755,JAPI,3,11,6,480,1 658,609,1,1,(A),(A),(X),(A),(X),30,31,mistral_table,mistral_table,no
756,JARDIM DE PIRANHAS,37,210,142,10 639,82 162,29 723,173,174,849,643,6 105 183,59 446 161,15 729 890,30,31,mistral_table,mistral_table,no
757,JARDIM DO SERIDO,52,1 019,920,56 189,443 892,152 251,52,59,532,434,3 949 260,33 779 218,15 495 645,30,31,mistral_table,mistral_table,no
758,JOÃO CAMARA,24,165,111,11 658,131 996,19 790,9,11,120,94,575 023,14 821 587,2 203 807,30,31,mistral_table,mistral_table,no
759,JOÃO DIAS,-,-,-,-,-,-,3,3,15,10,18 960,38 150,36 350,30,31,mistral_table,mistral_table,no
760,JOSE DA PENHA,6,17,10,543,1 881,1 017,16,16,44,24,81 850,552 400,394 320,30,31,mistral_table,mistral_table,no
761,JUCURUTU,18,251,205,16 412,62 609,30 423,14,14,62,47,376 520,1 386 200,581 276,30,31,mistral_table,mistral_table,no
762,LAGOA D'ANTA,3,47,40,1 092,14 945,6 646,6,6,221,209,956 726,3 556 500,1 337 300,30,31,mistral_table,mistral_table,no
763,LAGOA DE PEDRAS,4,47,39,1 935,9 626,3 852,-,-,-,-,-,-,-,30,31,mistral_table,mistral_table,no
764,LAGOA DE VELHOS,-,-,-,-,-,-,2,2,(D),(D),(X),(B),(X),30,31,mistral_table,mistral_table,no
765,LAGOA NOVA,4,97,92,5 551,34 777,16 745,12,12,104,95,501 200,3 035 374,1 087 336,30,31,mistral_table,mistral_table,no
766,LAGOA SALGADA,10,39,23,1 682,5 510,3 550,10,10,36,21,48 550,326 680,-85 794,30,31,mistral_table,mistral_table,no
767,LAJES,12,47,30,1 760,5 981,3 522,9,9,40,32,93 922,402 630,219 240,30,31,mistral_table,mistral_table,no
768,LAJES PINTADAS,1,(A),(A),(X),(A),(X),1,1,(B),(B),(X),(A),(X),30,31,mistral_table,mistral_table,no
769,LUCRECIA,13,49,33,957,2 246,1 094,19,19,72,42,133 200,376 400,225 040,30,31,mistral_table,mistral_table,no
770,LUIS GOMES,8,30,13,988,3 382,1 401,15,15,50,32,110 063,643 669,339 912,30,31,mistral_table,mistral_table,no
771,MACAIBA,20,662,586,37 819,491 448,227 904,35,37,440,1 202,9 215 369,109 613 638,50 071 381,30,31,mistral_table,mistral_table,no
772,MACAU,25,1 065,706,134 748,1 167 470,906 214,13,18,992,692,8 570 919,215 584 446,184 096 057,30,31,mistral_table,mistral_table,no
773,MARCELINO VIEIRA,10,48,35,2 641,7 131,4 029,14,14,108,92,187 710,861 584,611 858,30,31,mistral_table,mistral_table,no
774,MARTINS,4,14,8,1 399,5 207,3 083,5,5,22,7,133 193,633 791,319 925,30,31,mistral_table,mistral_table,no
775,MAXARANGUAPE,3,19,12,1 291,38 352,31 785,6,6,109,92,220 876,5 475 450,3 490 770,30,31,mistral_table,mistral_table,no
776,MESSIAS TARGINO,10,51,33,1 436,13 173,2 330,6,6,62,52,382 500,1 198 760,826 260,30,31,mistral_table,mistral_table,no
777,MONTANHAS,4,21,12,1 331,4 679,3 090,2,3,16,13,75 535,503 244,246 995,30,31,mistral_table,mistral_table,no
778,MONTE ALEGRE,12,43,30,2 433,5 574,4 484,9,9,29,20,72 654,246 835,144 845,30,31,mistral_table,mistral_table,no
779,MONTE DAS GAMELEIRAS,2,(B),(A),(X),(A),(X),1,1,(B),(B),(X),(A),(X),30,31,mistral_table,mistral_table,no
780,NISIA FLORESTA,5,59,46,3 697,15 539,11 598,3,4,50,45,214 834,787 479,395 501,30,31,mistral_table,mistral_table,no
781,NOVA CRUZ,38,282,201,11 857,147 242,52 951,34,37,188,123,1 440 409,22 335 620,8 570-164,30,31,mistral_table,mistral_table,no
782,OLHO-O'AQUA DO BORGES,1,(A),(A),(X),(C),(X),14,14,48,32,109 300,396 310,322 880,30,31,mistral_table,mistral_table,no
783,OURO BRANCO,11,106,92,5 182,9 121,7 926,8,8,56,47,225 674,572 900,405 752,30,31,mistral_table,mistral_table,no
784,PARANA,-,-,-,-,-,-,1,1,(A),(A),(X),(A),(X),30,31,mistral_table,mistral_table,no
785,PARAU,3,10,7,775,3 020,1 661,1,1,(B),(B),(X),(A),(X),30,31,mistral_table,mistral_table,no
786,PARAZINHO,2,(B),(A),(X),(B),(X),1,1,(A),(A),(X),(A),(X),30,31,mistral_table,mistral_table,no
787,PARELHAS,50,446,360,22 346,235 781,134 286,61,65,567,485,4 767 865,44 018 346,19 399 124,30,31,mistral_table,mistral_table,no
788,PASSA E FICA,9,254,226,3 930,94 225,54 937,12,12,325,290,1 552 440,7 503 607,3 683 721,30,31,mistral_table,mistral_table,no
789,PASSAGEM,2,(E),(E),(X),(D),(X),3,3,10,6,9 970,24 600,16 220,30,31,mistral_table,mistral_table,no
790,PATU,12,64,45,3 460,12 095,6 728,19,19,93,63,228 392,832 792,403 229,30,31,mistral_table,mistral_table,no
791,PAU DOS FERROS,20,119,75,6 665,43 524,19 748,30,30,101,58,482 356,3 071 968,1 444 512,30,31,mistral_table,mistral_table,no
792,PEDRA PRETA,-,-,-,-,-,-,3,3,12,8,28 900,82 740,44 250,30,31,mistral_table,mistral_table,no
793,PEDRO AVELINO,15,89,69,4 384,60 683,24 333,11,12,85,67,457 036,4 396 012,918 319,30,31,mistral_table,mistral_table,no
794,PEDRO VELHO,11,52,31,3 660,11 462,7 323,4,4,39,32,172 387,359 750,285 810,30,31,mistral_table,mistral_table,no
795,PENDENCIAS,15,96,66,7 031,23 793,17 762,11,12,208,194,798 635,14 887 773,5 734 670,32,33,mistral_table,mistral_table,no
796,PILÕES,1,(A),(A),(X),(A),(X),1,1,(A),(A),(X),(A),(X),32,33,mistral_table,mistral_table,no
797,POÇO BRANCO,5,40,33,1 511,3 241,1 757,2,2,(C),(B),(X),(A),(X),32,33,mistral_table,mistral_table,no
798,PORTALEGRE,1,(A),(A),(X),(A),(X),-,-,-,-,-,-,-,32,33,mistral_table,mistral_table,no
799,PRESIDENTE JUSCELINO,6,52,38,1 751,36 808,15 336,4,4,23,16,164 500,676 075,235 575,32,33,mistral_table,mistral_table,no
800,PUREZA,1,(A),(A),(X),(A),(X),1,1,(B),(A),(X),(A),(X),32,33,mistral_table,mistral_table,no
801,RAFAEL FERNANDES,-,-,-,-,-,-,4,4,17,13,300 000,611 000,504 200,32,33,mistral_table,mistral_table,no
802,RAFAEL GODEIRO,3,11,7,313,807,368,6,6,19,10,35 700,187 700,89 300,32,33,mistral_table,mistral_table,no
803,RIACHO DA CRUZ,4,13,7,857,2 049,1 404,3,3,8,2,33 490,145 280,44 874,32,33,mistral_table,mistral_table,no
804,RIACHO DE SANTANA,3,8,4,191,741,407,3,3,8,4,45 200,87 500,19 000,32,33,mistral_table,mistral_table,no
805,RIACHUELO,3,9,5,634,5 868,3 031,3,3,8,3,55 200,280 192,92 112,32,33,mistral_table,mistral_table,no
806,RODOLFO FERNANDES,3,9,6,1 267,9 700,2 586,2,2,(B),(A),(X),(A),(X),32,33,mistral_table,mistral_table,no
807,RUY BARBOSA,1,(A),(A),(X),(A),(X),3,3,17,12,28 400,61 500,38 500,32,33,mistral_table,mistral_table,no
808,SANTA CRUZ,16,91,54,5 374,94 298,29 467,21,23,126,94,557 230,3 388 744,1 139 811,32,33,mistral_table,mistral_table,no
809,SANTANA DO MATOS,14,98,78,8 052,28 482,17 267,7,9,242,224,693 306,2 512 569,1 067 842,32,33,mistral_table,mistral_table,no
810,SANTANA DO SERIDO,19,287,250,14 560,27 399,20 447,16,16,114,98,584 560,1 201 540,993 610,32,33,mistral_table,mistral_table,no
811,SANTO ANTONIO,23,104,55,5 247,19 666,9 598,18,19,82,56,697 094,2 598 853,1 122 388,32,33,mistral_table,mistral_table,no
812,SÃO BENTO DO NORTE,9,36,23,2 777,14 653,9 034,1,1,(B),(A),(X),(A),(X),32,33,mistral_table,mistral_table,no
813,SÃO BENTO DO TRAIRI,1,(A),(A),(X),(A),(X),1,1,(A),(A),(X),(A),(X),32,33,mistral_table,mistral_table,no
814,SÃO FERNANDO,4,12,7,756,2 409,1 190,3,3,17,9,335 800,906 952,561 310,32,33,mistral_table,mistral_table,no
815,SÃO FRANCISCO DO OESTE,-,-,-,-,-,-,8,8,17,9,113 600,391 960,266 602,32,33,mistral_table,mistral_table,no
816,SÃO GONÇALO DO AMARANTE,46,2 775,2 406,247 740,2 979 493,1 432 713,30,37,1 416,1 202,7 055 408,105 498 614,61 007 900,32,33,mistral_table,mistral_table,no
817,SÃO JOÃO DO SABUGI,11,59,44,2 464,8 021,2 896,15,15,55,39,298 540,847 465,333 065,32,33,mistral_table,mistral_table,no
818,SÃO JOSE DE MIPIBU,24,258,194,12 052,66 053,34 853,19,21,160,99,823 466,2 871 962,1 691 347,32,33,mistral_table,mistral_table,no
819,SÃO JOSE DO CAMPESTRE,19,86,59,6 227,18 576,10 177,18,18,85,66,480 860,1 725 660,980 537,32,33,mistral_table,mistral_table,no
820,SÃO JOSE DO SERIDO,7,31,16,1 336,3 959,2 630,4,4,23,19,100 392,259 873,150 980,32,33,mistral_table,mistral_table,no
821,SÃO MIGUEL,10,47,25,3 080,85 902,20 298,14,17,86,49,428 700,3 285 684,1 383 067,32,33,mistral_table,mistral_table,no
822,SÃO PAULO DO POTENO,24,109,82,6 082,30 920,15 631,27,28,121,89,370 045,2 497 203,1 022 562,32,33,mistral_table,mistral_table,no
823,SÃO PEDRO,5,26,20,1 300,3 920,2 498,8,8,29,18,87 600,326 420,238 900,32,33,mistral_table,mistral_table,no
824,SÃO RAFAEL,7,63,48,3 900,20 685,8 100,3,3,14,9,44 296,384 860,101 430,32,33,mistral_table,mistral_table,no
825,SÃO TOME,11,107,90,6 886,121 278,45 086,13,14,117,79,627 802,29 090 396,15 069 204,32,33,mistral_table,mistral_table,no
826,SÃO VICENTE,3,15,8,728,2 621,901,6,6,28,15,194 400,612 000,336 400,32,33,mistral_table,mistral_table,no
827,SENADOR GEORGINO AVELINO,-,-,-,-,-,-,1,1,(A),(A),(X),(A),(X),32,33,mistral_table,mistral_table,no
828,SERRA DE SÃO BENTO,1,(B),(A),(X),(B),(X),3,3,17,12,62 840,200 640,84 340,32,33,mistral_table,mistral_table,no
829,SERRA NEGRA DO NORTE,14,59,39,2 308,13 968,8 558,9,9,66,55,331 156,4 091 829,1 960 736,32,33,mistral_table,mistral_table,no
830,SERRINHA,2,(E),(E),(X),(C),(X),7,7,98,88,375 760,1 058 789,630 010,32,33,mistral_table,mistral_table,no
831,SEVERIANO MELO,3,12,8,1 026,2 133,1 434,8,8,43,34,234 500,664 000,294 310,32,33,mistral_table,mistral_table,no
832,SITIO NOVO,1,(A),(A),(X),(A),(X),2,2,(C),(B),(X),(B),(X),32,33,mistral_table,mistral_table,no
833,TABOLEIRO GRANDE,1,(A),(A),(X),(A),(X),3,3,10,7,24 980,37 800,34 920,32,33,mistral_table,mistral_table,no
834,TAIPU,16,127,75,11 058,31 267,23 450,6,6,50,44,188 000,577 400,293 000,32,33,mistral_table,mistral_table,no
835,TANGARA,5,113,87,9 366,482 118,122 818,3,4,20,13,233 273,1 383 692,403 889,32,33,mistral_table,mistral_table,no
836,TENENTE ANANIAS,5,54,42,2 780,220 871,139 038,8,8,57,43,309 039,3 496 338,1 178 415,32,33,mistral_table,mistral_table,no
837,TIBAU DO SUL,1,(A),(A),(X),(A),(X),2,2,(B),(A),(X),(A),(X),32,33,mistral_table,mistral_table,no
838,TIMBAUBA DOS BATISTAS,2,(B),(B),(X),(A),(X),1,1,(A),(A),(X),(A),(X),32,33,mistral_table,mistral_table,no
839,TOUROS,5,137,122,6 959,103 123,32 948,9,9,281,271,2 151 986,8 171 752,4 977 865,32,33,mistral_table,mistral_table,no
840,UMARIZAL,26,150,80,7 422,144 814,44 340,13,14,117,68,499 335,3 384 743,1 107 873,32,33,mistral_table,mistral_table,no
841,UPANEMA,14,138,113,5 826,31 605,20 734,7,7,38,25,200 855,645 546,384 449,32,33,mistral_table,mistral_table,no
842,VARZEA,3,25,16,600,3 363,1 583,6,6,19,11,126 060,516 070,182 570,34,35,mistral_table,mistral_table,no
843,VERA CRUZ,10,75,39,3 426,10 200,6 581,12,12,53,38,183 800,720 220,306 326,34,35,mistral_table,mistral_table,no
844,VIÇOSA,1,(A),(A),(X),(A),(X),2,2,(B),(A),(X),(A),(X),34,35,mistral_table,mistral_table,no
845,VILA FLOR,2,(B),(A),(X),(A),(X),1,1,(B),(A),(X),(A),(X),34,35,mistral_table,mistral_table,no
846,PARAIBA,3 113,43 557,33 339,3 329 870,40 378 957,16 956 378,2 791,3 005,40 422,30 719,292 462 634,3 867 827 224,1 792 202 172,34,35,mistral_table,mistral_table,no
847,EXTRATIVA MINERAL,43,572,440,36 937,189 917,161 755,32,39,472,410,3 701 777,36 020 469,31 180 171,34,35,mistral_table,mistral_table,no
848,TRANSFORMAÇÃO,3 089,42 975,32 889,3 291 144,40 185 824,16 793 642,2 759,2 966,39 950,30 309,288 760 857,3 831 806 755,1 761 022 001,34,35,mistral_table,mistral_table,no
849,NAO METALICOS,640,6 069,4 472,456 400,4 886 006,2 735 069,581,504,5 492,4 222,36 828 752,292 227 289,205 653 357,34,35,mistral_table,mistral_table,no
850,METALURGICA,117,1 352,960,53 694,646 238,397 768,152,155,1 170,891,6 673 282,60 678 950,32 784 170,34,35,mistral_table,mistral_table,no
851,MECANICA,43,1 075,985,121 229,467 871,219 851,34,49,1 058,988,10 370 105,39 957 113,19 115 137,34,35,mistral_table,mistral_table,no
852,MATERIAL ELÉTRICO,16,390,296,47 070,209 327,105 424,7,10,259,217,2 071 367,12 449 730,9 489 450,34,35,mistral_table,mistral_table,no
853,TRANSPORTE,28,268,182,25 308,147 771,86 952,21,21,185,135,1 246 059,5 015 452,3 128 998,34,35,mistral_table,mistral_table,no
854,MADEIRA,165,1 059,718,64 984,305 482,155 186,173,176,835,564,5 204 146,22 216 231,12 138 508,34,35,mistral_table,mistral_table,no
855,MOBILIÁRIO,170,1 400,1 054,90 856,508 396,262 159,238,241,1 227,870,6 386 654,29 031 906,15 984 967,34,35,mistral_table,mistral_table,no
856,PAPEL E PAPELÃO,14,524,415,62 929,1 568 299,360 544,10,14,705,604,8 394 461,160 557 625,35 159 854,34,35,mistral_table,mistral_table,no
857,BORRACHA,14,482,407,31 766,390 263,115 606,12,15,400,361,2 826 195,41 418 075,12 339 226,34,35,mistral_table,mistral_table,no
858,COUROS E PELES,25,532,418,39 243,395 541,166 760,25,25,382,477,4 383 460,85 757 949,39 696 836,34,35,mistral_table,mistral_table,no
859,QUÍMICA,34,1 658,1 368,190 290,3 729 210,1 099 818,29,37,2 539,1 692,21 827 166,470 823 721,150 615 486,34,35,mistral_table,mistral_table,no
860,FARMACÊUTICA,2,(D),(C),(E),(D),(E),5,5,30,14,187 018,857 493,601 493,34,35,mistral_table,mistral_table,no
861,PERFUMÁRIA,1,329,181,34 163,252 212,116 743,17,17,252,191,1 829 275,33 424 610,10 257 254,34,35,mistral_table,mistral_table,no
862,MATS. PLASTICAS,22,1 744,1 209,182 962,2 416 782,1 233 841,12,18,1 351,987,12 282 623,213 061 685,124 792 733,34,35,mistral_table,mistral_table,no
863,TEXTIL,155,10 360,8 771,780 334,13 386 814,5 175 329,238,281,7 810,6 396,57 490 127,1 162 091 181,532 645 312,34,35,mistral_table,mistral_table,no
864,VESTUÁRIO,157,2 614,2 148,164 404,1 490 251,796 035,175,178,3 807,3 129,22 181 383,182 688 799,103 509 454,34,35,mistral_table,mistral_table,no
865,ALIMENTARES,1 084,9 976,6 906,622 250,7 673 557,2 806 313,879,948,9 538,6 693,62 554 040,863 965 515,355 248 487,34,35,mistral_table,mistral_table,no
866,BEBIDAS,53,901,740,62 359,532 122,322 703,32,35,803,631,5 014 483,39 915 608,20 529 448,34,35,mistral_table,mistral_table,no
867,FUMO,8,(F),(F),(X),(E),(E),4,7,67,49,1 444 612,4 397 227,2 343 112,34,35,mistral_table,mistral_table,no
868,GRAFICA,90,1 142,805,119 538,418 314,284 932,71,77,1 299,772,9 343 334,55 352 524,39 717 968,34,35,mistral_table,mistral_table,no
869,DIVERSAS,42,934,735,77 033,541 193,287 898,44,49,561,426,4 222 311,55 918 070,35 270 739,34,35,mistral_table,mistral_table,no
870,JOÃO PESSOA,306,10 188,7 950,1 090 260,12 876 581,5 591 121,304,353,10 295,7 808,89 132 161,1 099 258 167,615 102 211,34,35,mistral_table,mistral_table,no
871,EXTRATIVA MINERAL,4,64,43,4 085,12 296,10 001,4,3,70,48,1 208 207,4 846 426,4 360 959,34,35,mistral_table,mistral_table,no
872,TRANSFORMAÇÃO,301,10 114,7 897,1 084 386,12 861 069,5 578 139,300,350,10 225,7 760,87 923 954,1 094 411 741,610 741 252,34,35,mistral_table,mistral_table,no
873,NAO METALICOS,28,856,596,142 010,2 804 561,1 300 759,17,24,934,651,12 353 441,133 211 302,85 553 064,34,35,mistral_table,mistral_table,no
874,METALURGICA,17,394,293,26 173,164 073,113 561,29,30,201,150,1 598 344,16 734 345,11 050 765,34,35,mistral_table,mistral_table,no
875,MECANICA,11,220,202,40 741,127 081,56 993,5,8,151,136,1 731 929,8 664 897,3 597 788,34,35,mistral_table,mistral_table,no
876,MATERIAL ELÉTRICO,6,189,171,26 837,77 060,41 518,2,3,33,29,95 013,900 342,955 306,34,35,mistral_table,mistral_table,no
877,TRANSPORTE,6,109,82,14 973,86 017,42 985,4,3,35,21,203 910,1 080 951,404 214,34,35,mistral_table,mistral_table,no
878,MADEIRA,24,247,162,15 189,65 941,43 845,18,19,163,128,1 010 792,5 796 788,3 163 341,34,35,mistral_table,mistral_table,no
879,MOBILIÁRIO,14,307,241,21 535,155 867,65 439,24,24,334,266,1 355 503,8 903 770,5 198 201,34,35,mistral_table,mistral_table,no
880,PAPEL E PAPELÃO,5,57,44,8 135,31 830,12 752,1,1,(E),(E),(X),(F),(X),34,35,mistral_table,mistral_table,no
881,BORRACHA,5,183,144,15 276,115 732,35 985,1,1,(F),(F),(X),(F),(X),34,35,mistral_table,mistral_table,no
882,COUROS E PELES,1,(D),(D),(X),(E),(X),4,4,186,157,1 620 356,36 825 160,18 560 203,34,35,mistral_table,mistral_table,no
883,QUÍMICA,9,479,364,72 370,1 863 102,356 705,4,6,35,2,429 062,184 251,72 337,34,35,mistral_table,mistral_table,no
884,FARMACÊUTICA,1,1,1,1,1,1,1,-,-,-,-,-,-,34,35,mistral_table,tesseract_por_review,no
885,PERFUMÁRIA,2,57,69,9 853,145 464,44 489,1,1,98,70,974 705,11 349 132,4 835 399,34,35,mistral_table,mistral_table,no
886,MATS. PLASTICAS,8,969,639,106 729,1 384 209,755 092,3,7,852,597,7 359 810,130 625 323,77 472 498,34,35,mistral_table,mistral_table,no
887,TEXTIL,17,2 132,1 958,220 716,3 890 811,1 630 081,7,15,2 561,2 132,25 185 302,480 956 679,257 343 817,34,35,mistral_table,mistral_table,no
888,VESTUÁRIO,19,1 278,1 111,88 417,553 991,378 842,15,16,1 648,1 393,10 181 331,39 862 138,28 837 621,34,35,mistral_table,mistral_table,no
889,ALIMENTARES,6,1 075,676,100 675,462 285,181 169,109,126,1 359,757,9 154 296,88 706 773,34 415 970,34,35,mistral_table,mistral_table,no
890,BEBIDAS,6,118,94,10 368,38 990,26 847,6,6,215,187,1 713 728,10 904 825,2 630 106,34,35,mistral_table,mistral_table,no
891,FUMO,1,(D),(D),(X),(D),(X),-,1,(A),(A),(X),(A),(X),34,35,mistral_table,mistral_table,no
892,GRAFICA,24,763,553,97 060,298 541,205 331,33,34,889,555,7 007 152,42 824 063,32 429 214,34,35,mistral_table,mistral_table,no
893,DIVERSAS,13,576,441,58 577,477 206,251 081,12,15,330,253,3 275 624,48 968 163,30 390 983,34,35,mistral_table,mistral_table,no
894,CAMPINA GRANDE,420,8 612,6 554,697 839,9 707 764,4 092 363,360,420,8 043,6 004,56 165 378,814 603 933,394 562 540,34,35,mistral_table,mistral_table,no
895,NAO METALICOS,65,1 165,904,128 774,1 414 872,975 697,34,82,951,780,7 961 353,96 010 535,74 965 522,34,35,mistral_table,mistral_table,no
896,MATS. PLASTICAS,11,534,347,66 470,772 756,363 758,6,9,346,239,4 016 536,44 313 443,21 397 515,34,35,mistral_table,mistral_table,no
897,TEXTIL,31,1 593,1 371,118 297,2 613 397,684 355,8,21,966,811,5 849 351,131 956 107,41 238 811,34,35,mistral_table,mistral_table,no
898,VESTUÁRIO,26,641,530,38 614,731 401,316 206,58,59,1 441,1 180,7 558 018,120 928 062,65 887 976,34,35,mistral_table,mistral_table,no
899,ALIMENTARES,102,1 361,878,93 564,2 098 643,667 183,95,111,1 729,997,13 679 780,246 289 517,111 944 254,34,35,mistral_table,mistral_table,no
900,DEMAIS GÉNEROS,185,3 318,2 524,252 120,2 076 695,1 085 194,159,178,2 610,2 017,17 100 340,175 106 269,79 128 462,34,35,mistral_table,mistral_table,no
901,AQUA BRANCA,6,24,15,1 724,7 486,5 494,4,4,16,10,93 650,353 120,111 780,34,35,mistral_table,mistral_table,no
902,AQUIAR,2,(B),(A),(X),(A),(X),1,1,(A),(A),(X),(A),(X),34,35,mistral_table,mistral_table,no
903,ALAGOA GRANDE,50,377,246,16 573,166 850,55 096,38,39,360,294,2 005 374,19 233 993,8 658 450,34,35,mistral_table,mistral_table,no
904,ALAGOA NOVA,22,167,125,10 808,36 899,22 313,15,15,176,150,1 356 848,7 353 713,2 725 027,34,35,mistral_table,mistral_table,no
905,ALAGOINHA,3,24,19,1 069,5 038,1 207,6,6,36,21,197 452,1 432 804,645 942,34,35,mistral_table,mistral_table,no
906,ALHANDRA,5,98,69,7 263,42 072,24 845,5,6,118,106,485 171,10 973 379,5 111 646,34,35,mistral_table,mistral_table,no
907,ANTENOR NAVARRO,18,53,24,3 264,30 779,14 259,15,15,52,27,226 600,1 861 484,1 015 000,34,35,mistral_table,mistral_table,no
908,ARAÇAÇI,7,37,24,1 612,10 926,4 995,-,-,-,-,-,-,-,34,35,mistral_table,mistral_table,no
909,ARARA,8,53,31,2 975,16 663,12 270,7,7,31,13,136 561,1 155 632,471 059,34,35,mistral_table,mistral_table,no
910,ARARUHA,2,(C),(B),(X),(C),(X),10,10,52,29,234 925,1 248 928,604 988,34,35,mistral_table,mistral_table,no
911,AREIA,57,1 061,917,41 095,475 540,240 719,31,35,595,522,3 703 083,37 701 385,13 224 394,34,35,mistral_table,mistral_table,no
912,AREIAL,3,11,5,443,1 350,1 104,,,,,,,,36,37,mistral_table,pdf_text_layout_partial,yes
913,ARDEIRAS,13,62,46,2 750,11 740,4 553,8,30,16,109,096,744 276,329 963,36,37,mistral_table,pdf_text_tokens,no
914,BAIA DA TRAIÇÃO,6,25,17,1 434,6 034,2 501,4,17,12,136,013,495 800,309 154,36,37,mistral_table,pdf_text_tokens,no
915,BANANEIRAS,22,233,195,8 526,31 895,21 755,23,23,119,82,582 104,1 937 060,1 189 689,36,37,mistral_table,pdf_text_layout,no
916,BARRA DE SANTA ROSA,22,79,48,2 972,9 495,6 162,19,19 112,80,1,58 354,658 566,221 633,36,37,mistral_table,pdf_text_tokens,no
917,BARRA DE SÃO MIGUEL,4,20,15,699,1 600,1 307,40,33,162,200,400,000,265 680,36,37,mistral_table,pdf_text_tokens,no
918,BAYEUX,48,2 948,2 751,233 905,2 888 007,1 615 833,,,,,,,,36,37,mistral_table,pdf_text_layout_partial,yes
919,BELEM,15,88,59,7 041,51 067,21 431,21,22,149,112,"1 076 S,98",10 487 037,268 128,36,37,mistral_table,pdf_text_layout,no
920,BELEM DO BREJO DO CRUZ,3,10,5,487,1 475,528,,,,,,,,36,37,mistral_table,pdf_text_layout_partial,yes
921,BOA VENTURA,2,(B),(A),(X),(A),(X),5,5,24,19,308 200,494 550,352 290,36,37,mistral_table,tesseract_por_review,no
922,BOM JESUS,2,(A),(A),(X),(A),(X),,,,,,,,36,37,mistral_table,pdf_text_layout_partial,yes
923,BOM SUCESSO,-,-,-,-,-,-,,,,,,,,36,37,mistral_table,pdf_text_layout_partial,yes
924,BONITO DE SANTA FE,4,13,5,919,8 666,3 424,3,3,13,5,28 800,260 380,134 641,36,37,mistral_table,tesseract_por_review,no
925,BOQUEIRÃO,37,168,98,8 668,31 271,17 016,26,27,129,95,748 972,4 271 191,2 039 747,36,37,mistral_table,pdf_text_layout,no
926,BOQUEIRÃO DOS COCHOS,2,(B),(A),(X),(B),(X),-,-,-,-,-,-,-,36,37,mistral_table,tesseract_por_review,no
927,BORBOREMA,8,143,132,3 674,14 108,6 067,4,26,17,249,200,648 000,487 000,36,37,mistral_table,pdf_text_tokens,no
928,BREJO DO CRUZ,36,295,188,21 351,73 458,18 884,23,25,163,121,947 309,9 515 068,3 383 564,36,37,mistral_table,pdf_text_layout,no
929,BREJO DOS SANTOS,9,50,39,1 225,3 131,2 002,7,27,17,91,610,392 250,225 625,36,37,mistral_table,pdf_text_tokens,no
930,CAAPORA,10,504,456,32 084,339 247,68 093,9,10,870,367,8 032 394,98 119 132,40 142 939,36,37,mistral_table,pdf_text_layout,no
931,CABACEIRAS,9,29,17,2 295,7 161,3 698,7,34,17,241,870,893 559,474 759,36,37,mistral_table,pdf_text_tokens,no
932,CABEDELO,23,602,407,46 839,881 515,381 649,14,18,474,339,4 113 602,126 813 218,45 .. 625 329,36,37,mistral_table,pdf_text_layout,no
933,CACHOEIRA DOS INDIOS,2,(A),(A),(X),(A),(X),3,15,11,53,500,173 000,101 000,36,37,mistral_table,pdf_text_tokens,no
934,CACIMBA DE AREIA,-,-,-,-,-,-,2,2,(A),(A),(X),(A),CX),36,37,mistral_table,pdf_text_layout,no
935,CACIMBA DE DENTRO,7,37,21,1 131,7 854,3 075,8,34,21,248 541,1,040 445,488 788,36,37,mistral_table,pdf_text_tokens,no
936,CAIÇARA,6,26,16,2 900,8 020,3 119,,,,,,,,36,37,mistral_table,pdf_text_layout_partial,yes
937,CAJAZEIRAS,77,407,277,23 363,327 573,135 015,82,85,46S,332,2 332 279,51 180 603,20 806 800,36,37,mistral_table,pdf_text_layout,no
938,CALDAS BRANDÃO,3,23,19,922,4 415,3 528,,,,,,,,36,37,mistral_table,pdf_text_layout_partial,yes
939,CAMALAU,1,(A),(A),(X),(A),(X),7,23,11,62,soo,171 303,99 672,36,37,mistral_table,pdf_text_layout,no
940,CATINGUEIRA,5,28,18,628,2 018,1 521,3,4,9,078,40,270,13 381,36,37,mistral_table,pdf_text_tokens,no
941,CATOLE DO ROCHA,43,270,190,14 827,199 091,91 280,32,33,238,184,1 078 117,6 584 389,2 838 631,36,37,mistral_table,pdf_text_layout,no
942,CONCEIÇÃO,21,83,57,4 707,24 600,13 291,39,28,278,600,1,512 000,761 900,36,37,mistral_table,pdf_text_tokens,no
943,CONDADO,3,16,7,620,4 563,1 797,,,,,,,,36,37,mistral_table,pdf_text_layout_partial,yes
944,CONDE,6,389,324,50 897,1 428 494,310 989,2,481 413,7 192,980 130,329 763,22,312 293,36,37,mistral_table,pdf_text_tokens,no
945,CONGO,14,38,14,1 030,2 740,1 043,15,1s,63,44,169 700,388 200,223 200,36,37,mistral_table,pdf_text_layout,no
946,COREMAS,16,47,19,3 267,16 590,10 086,11,11,37,21,179 336,1 068 298,408 168,36,37,mistral_table,pdf_text_layout,no
947,CRUZ DO ESPIRITO SANTO,9,75,51,3 637,25 009,10 660,,,,,,,,36,37,mistral_table,pdf_text_layout_partial,yes
948,CUBATI,4,23,15,3 839,7 293,4 397,,,,,,,,36,37,mistral_table,pdf_text_layout_partial,yes
949,CUITE,23,107,59,7 252,73 306,12 308,36,37,233 184,787 288,902 131,3,538 258,36,37,mistral_table,pdf_text_tokens,no
950,CUITEGI,31,161,91,6 790,24 598,20 869,16,16,98,62,236 531,579 872,316 206,36,37,mistral_table,pdf_text_tokens,no
951,DESTERRO,3,26,17,1 442,12 084,4 991,8,26,15,87,140,387 300,150 000,36,37,mistral_table,pdf_text_tokens,no
952,DIAMANTE,7,25,14,1 396,4 940,2 890,,,,,,,,36,37,mistral_table,pdf_text_layout_partial,yes
953,DONA INES,4,22,11,1 235,11 282,7 166,6,100,93,661 912,1,351 880,132 880,36,37,mistral_table,pdf_text_tokens,no
954,DUAS ESTRADAS,5,27,11,1 360,4 985,2 080,,,,,,,,36,37,mistral_table,pdf_text_layout_partial,yes
955,EMAS,3,10,5,602,1 782,1 103,4,4,22,17,250 800,688 520,486 420,36,37,mistral_table,pdf_text_tokens,no
956,ESPERANÇA,26,151,104,7 503,48 481,25 755,18,19 119,88,503 052,2,795 011,135 321,36,37,mistral_table,pdf_text_tokens,no
957,FAGUNDES,4,37,28,2 063,4 560,2 488,,,,,,,,36,37,mistral_table,pdf_text_layout_partial,yes
958,FREI MARTINHO,-,-,-,-,-,-,,,,,,,,36,37,mistral_table,pdf_text_layout_partial,yes
959,GUARABIRA,74,635,436,27 870,229 169,99 025,69,72,423,302,2 570 342,13 093 691,6 187 904,38,39,mistral_table,mistral_table,no
960,GURINHEM,4,32,27,876,10 127,3 707,7,7,47,31,193 803,1 173 012,512 099,38,39,mistral_table,mistral_table,no
961,GURJÃO,5,15,10,637,3 702,1 230,5,5,16,4,59 800,508 655,150 805,38,39,mistral_table,mistral_table,no
962,IBIARA,4,26,20,1 487,4 991,2 722,3,3,12,3,82 400,328 000,121 400,38,39,mistral_table,mistral_table,no
963,IMACULADA,5,24,17,2 318,4 431,3 311,3,3,15,12,71 730,356 134,104 781,38,39,mistral_table,mistral_table,no
964,INGA,12,48,25,1 822,7 840,2 862,11,11,46,35,182 831,1 021 590,380 315,38,39,mistral_table,mistral_table,no
965,ITABAIANA,42,345,251,16 311,197 960,67 786,31,31,353,252,1 633 673,30 376 146,10 295 550,38,39,mistral_table,mistral_table,no
966,ITAPORANGA,19,63,28,4 618,21 501,8 927,17,17,65,45,357 673,1 371 079,792 191,38,39,mistral_table,mistral_table,no
967,ITAPOROROCA,8,43,32,2 905,9 142,4 895,-,-,-,-,-,-,-,38,39,mistral_table,mistral_table,no
968,ITATUBA,1,(B),(A),(X),(A),(X),2,3,7,5,20 500,188 180,94 059,38,39,mistral_table,mistral_table,no
969,JACARAU,13,54,37,4 078,20 269,7 493,9,9,41,23,164 005,1 481 890,824 884,38,39,mistral_table,mistral_table,no
970,JERICO,6,27,15,824,2 149,1 495,2,2,(B),(A),(X),(A),(X),38,39,mistral_table,mistral_table,no
971,JUAREZ TÁVORA,8,31,12,1 662,15 455,5 148,6,6,33,14,92 434,323 678,166 634,38,39,mistral_table,mistral_table,no
972,JUAZEIRINHO,19,212,160,6 637,39 773,23 425,30,30,152,104,703 309,2 766 638,1 455 282,38,39,mistral_table,mistral_table,no
973,JUNCO DO SERIDO,17,127,97,6 066,34 337,31 821,34,38,208,163,479 739,1 230 004,768 086,38,39,mistral_table,mistral_table,no
974,JURIFIRANGA,4,18,9,453,1 575,543,9,9,44,35,72 620,821 820,318 420,38,39,mistral_table,mistral_table,no
975,JURU,4,14,7,509,2 861,1 510,11,11,33,21,63 200,307 650,100 750,38,39,mistral_table,mistral_table,no
976,LAGOA,4,14,10,350,721,697,-,-,-,-,-,-,-,38,39,mistral_table,mistral_table,no
977,LAGOA DE DENTRO,3,49,36,5 255,19 780,13 025,3,3,13,5,51 800,460 000,215 400,38,39,mistral_table,mistral_table,no
978,LAGOA SECA,8,72,58,2 735,15 292,6 229,5,5,57,44,248 682,1 026 363,462 865,38,39,mistral_table,mistral_table,no
979,LASTRO,15,34,7,4 361,7 596,5 140,-,-,-,-,-,-,-,38,39,mistral_table,mistral_table,no
980,LIVRAMENTO,3,10,6,163,936,337,1,1,(B),(A),(X),(A),(X),38,39,mistral_table,mistral_table,no
981,LUCENA,4,303,299,42 155,260 627,71 786,1,3,102,87,2 418 330,40 971 836,34 663 154,38,39,mistral_table,mistral_table,no
982,MÃE D'AQUA,1,(A),(A),(X),(A),(X),1,1,(A),(A),(X),(A),(X),38,39,mistral_table,mistral_table,no
983,MALTA,3,10,7,456,1 800,952,2,2,(B),(A),(X),(B),(X),38,39,mistral_table,mistral_table,no
984,MAMANQUAPE,32,496,416,17 063,232 496,85 733,21,26,479,442,1 693 457,17 776 513,9 148 034,38,39,mistral_table,mistral_table,no
985,MANAIRA,4,14,7,440,1 372,376,2,2,(C),(B),(X),(A),(X),38,39,mistral_table,mistral_table,no
986,MARI,10,59,39,3 830,26 796,7 320,7,7,65,45,297 071,3 678 972,1 548 201,38,39,mistral_table,mistral_table,no
987,MASSARANDUBA,4,35,21,2 280,5 854,3 536,3,3,10,5,42 400,153 280,95 707,38,39,mistral_table,mistral_table,no
988,MATARACA,2,(B),(B),(X),(A),(X),3,4,99,96,1 506 214,25 646 942,22 658 563,38,39,mistral_table,mistral_table,no
989,MOGEIRO,7,25,6,561,1 918,813,11,11,46,35,97 631,827 381,374 484,38,39,mistral_table,mistral_table,no
990,MONTADAS,1,(A),(A),(X),(A),(X),2,2,(C),(B),(X),(A),(X),38,39,mistral_table,mistral_table,no
991,MONTE HOREBE,2,(B),(A),(X),(B),(X),1,1,(B),(B),(X),(A),(X),38,39,mistral_table,mistral_table,no
992,MONTEIRO,35,204,135,17 403,61 392,34 397,56,56,251,174,1 231 563,6 552 801,2 880 786,38,39,mistral_table,mistral_table,no
993,MULUNOU,6,99,80,4 929,58 787,11 408,4,5,101,85,679 307,2 516 479,1 789 408,38,39,mistral_table,mistral_table,no
994,NATUBA,2,(B),(A),(X),(A),(X),3,3,10,3,57 195,224 500,118 830,38,39,mistral_table,mistral_table,no
995,NAZAREZINHO,14,62,36,2 415,7 066,4 826,1,1,(B),(A),(X),(A),(X),38,39,mistral_table,mistral_table,no
996,NOVA FLORESTA,8,34,14,2 256,11 358,3 504,7,7,32,24,172 896,1 112 288,472 102,38,39,mistral_table,mistral_table,no
997,NOVA OLINDA,3,6,1,325,2 090,990,4,4,11,4,74 600,211 122,122 170,38,39,mistral_table,mistral_table,no
998,NOVA PALMEIRA,1,(B),(A),(X),(A),(X),5,5,24,17,158 000,523 000,369 000,38,39,mistral_table,mistral_table,no
999,OLHO D'AQUA,4,21,14,901,3 298,1 652,4,4,28,11,224 000,396 000,284 000,38,39,mistral_table,mistral_table,no
1000,OLIVEDOS,1,(C),(B),(X),(D),(X),2,2,(B),(B),(X),(B),(X),38,39,mistral_table,mistral_table,no
1001,OURO VELHO,7,34,24,854,2 846,1 587,3,3,13,7,33 900,74 700,43 600,38,39,mistral_table,mistral_table,no
1002,PASSAGEM,1,(A),(A),(X),(A),(X),-,-,-,-,-,-,-,38,39,mistral_table,mistral_table,no
1003,PATOS,159,1 138,811,65 938,759 521,305 331,193,204,1 305,948,7 953 546,87 072 477,34 033 484,38,39,mistral_table,mistral_table,no
1004,PAULISTA,9,59,43,2 695,5 582,3 879,12,12,59,39,325 725,2 036 901,698 342,38,39,mistral_table,mistral_table,no
1005,PEDRA BRANCA,3,8,2,207,856,579,4,4,8,4,100 890,303 350,60 150,38,39,mistral_table,mistral_table,no
1006,PEDRA LAVRADA,12,90,65,6 360,11 034,8 600,11,11,65,47,446 200,1 135 000,1 012 000,40,41,mistral_table,mistral_table,no
1007,PEDRAS DE FOGO,2,(F),(F),(X),(G),(X),15,15,226,203,1 136 675,80 442 503,30 474 491,40,41,mistral_table,mistral_table,no
1008,PIANCO,10,57,29,4 508,154 608,59 373,6,8,92,74,953 420,38 709 991,6 853 046,40,41,mistral_table,mistral_table,no
1009,PICUI,18,61,39,2 933,12 766,5 718,31,3,162,116,1 055 277,2 995 848,2 026 029,40,41,mistral_table,mistral_table,no
1010,PILAR,4,31,16,928,10 194,7 414,6,6,23,9,53 713,442 560,192 042,40,41,mistral_table,mistral_table,no
1011,PILÕES,13,102,84,4 921,16 807,13 881,8,8,92,81,429 709,786 992,610 999,40,41,mistral_table,mistral_table,no
1012,PILÕEZINHOS,9,46,13,650,2 120,1 164,13,13,67,54,103 000,188 000,128 000,40,41,mistral_table,mistral_table,no
1013,PIRPIRITUBA,8,129,103,4 746,34 316,15 274,11,12,143,125,1 563 892,8 708 610,1 676 219,40,41,mistral_table,mistral_table,no
1014,PITIMBU,2,(C),(B),(X),(B),(X),3,4,15,14,108 200,755 830,329 305,40,41,mistral_table,mistral_table,no
1015,POCINHOS,10,152,126,10 346,147 056,30 885,15,17,166,127,837 695,4 819 005,2 015 585,40,41,mistral_table,mistral_table,no
1016,POMBAL,32,166,109,9 232,129 858,47 155,31,32,246,165,2 111 682,20 235 971,9 727 351,40,41,mistral_table,mistral_table,no
1017,PRATA,3,8,3,388,1 033,649,2,2,(B),(A),(X),(A),(X),40,41,mistral_table,mistral_table,no
1018,PRINCESA ISABEL,7,21,8,1 365,8 858,4 778,10,10,33,12,282 950,965 297,594 881,40,41,mistral_table,mistral_table,no
1019,PUXINANA,4,16,11,1 123,10 529,2 094,2,2,(B),(A),(X),(B),(X),40,41,mistral_table,mistral_table,no
1020,QUEIMADAS,11,322,253,24 621,252 154,142 103,9,11,296,258,2 197 247,24 088 712,15 043 334,40,41,mistral_table,mistral_table,no
1021,QUIXABA,2,(B),(A),(X),(A),(X),-,-,-,-,-,-,-,40,41,mistral_table,mistral_table,no
1022,REMIGIO,85,948,800,17 487,74 228,42 525,22,22,131,99,861 067,2 713 140,1 302 535,40,41,mistral_table,mistral_table,no
1023,RIACHO DOS CAVALOS,3,8,-,93,831,185,7,7,22,11,78 524,358 737,172 086,40,41,mistral_table,mistral_table,no
1024,RIO TINTO,25,1 560,1 366,142 126,2 304 806,978 776,8,11,1 239,946,6 937 460,105 056 531,36 820 798,40,41,mistral_table,mistral_table,no
1025,SALGADINHO,2,(B),(A),(X),(A),(X),-,-,-,-,-,-,-,40,41,mistral_table,mistral_table,no
1026,SALGADO DE SÃO FELIX,6,34,11,1 689,18 658,7 354,4,4,32,18,170 142,2 563 421,917 722,40,41,mistral_table,mistral_table,no
1027,SANTA CRUZ,24,73,35,4 602,28 636,14 761,5,5,24,16,100 159,1 598 856,726 577,40,41,mistral_table,mistral_table,no
1028,SANTA HELENA,6,27,17,419,2 134,1 700,3,3,13,8,26 000,82 600,67 960,40,41,mistral_table,mistral_table,no
1029,SANTA LUZIA,11,101,71,5 535,19 621,9 777,22,22,158,125,721 147,3 814 586,1 700 156,40,41,mistral_table,mistral_table,no
1030,SANTANA DE MANGUEIRA,1,(B),(A),(X),(A),(X),1,1,(A),(A),(X),(A),(X),40,41,mistral_table,mistral_table,no
1031,SANTANA DOS GARROTES,3,6,1,502,2 260,1 080,2,2,(B),(A),(X),(A),(X),40,41,mistral_table,mistral_table,no
1032,SANTA RITA,61,2 247,1 873,146 751,1 927 044,658 319,73,87,2 938,2 499,28 379 207,394 454 004,121 313 841,40,41,mistral_table,mistral_table,no
1033,SANTA TERESINHA,4,16,12,352,660,525,4,4,19,13,13 550,26 400,20 300,40,41,mistral_table,mistral_table,no
1034,SÃO BENTO,137,982,533,42 561,225 521,79 559,154,154,720,508,4 192 764,36 126 300,11 923 568,40,41,mistral_table,mistral_table,no
1035,SÃO JOÃO DO CARIRI,3,9,5,424,1 746,689,1,1,(A),(A),(X),(A),(X),40,41,mistral_table,mistral_table,no
1036,SÃO JOÃO DO TIGRE,2,(C),(B),(X),(A),(X),3,3,10,7,46 000,195 000,135 000,40,41,mistral_table,mistral_table,no
1037,SÃO JOSE DA LAGOA TAPADA,24,64,31,5 390,18 654,10 898,7,7,32,14,183 814,718 606,550 401,40,41,mistral_table,mistral_table,no
1038,SÃO JOSE DE CAIANA,4,7,4,600,4 160,1 945,1,1,(A),(A),(X),(A),(X),40,41,mistral_table,mistral_table,no
1039,SÃO JOSE DE ESPINHARAS,2,(C),(C),(X),(A),(X),16,16,43,27,308 900,1 763 860,518 460,40,41,mistral_table,mistral_table,no
1040,SÃO JOSE DE PIRANHAS,9,49,37,2 106,8 490,3 565,6,7,23,13,99 312,405 981,230 278,40,41,mistral_table,mistral_table,no
1041,SÃO JOSE DO BONFIM,-,-,-,-,-,-,4,4,12,9,20 400,90 300,65 600,40,41,mistral_table,mistral_table,no
1042,SÃO JOSE DO SABUGI,5,156,149,4 530,7 627,5 442,9,9,98,87,467 740,1 271 580,918 270,40,41,mistral_table,mistral_table,no
1043,SÃO JOSE DOS CORDEIROS,2,(B),(A),(X),(A),(X),-,-,-,-,-,-,-,40,41,mistral_table,mistral_table,no
1044,SÃO MAMEDE,20,101,59,7 777,338 352,141 112,19,21,181,135,1 633 012,50 556 188,21 444 987,40,41,mistral_table,mistral_table,no
1045,SÃO MIGUEL DE TAIPU,2,(A),(A),(X),(A),(X),3,3,17,8,47 700,318 000,120 000,40,41,mistral_table,mistral_table,no
1046,SÃO SEBASTIÃO DE LAGOA DE ROÇA,-,-,-,-,-,-,3,3,19,16,63 753,265 197,159 146,40,41,mistral_table,mistral_table,no
1047,SÃO SEBASTIÃO DO UMBUZEIRO,17,49,23,879,1 635,1 073,38,38,148,96,566 170,1 011 320,644 516,40,41,mistral_table,mistral_table,no
1048,SAPE,55,600,418,44 315,751 699,234 265,18,24,396,329,2 986 854,52 405 080,12 058 555,40,41,mistral_table,mistral_table,no
1049,SERIDO,2,(E),(D),(X),(E),(X),10,10,184,157,538 364,5 228 587,2 051 682,40,41,mistral_table,mistral_table,no
1050,SERRA BRANCA,11,52,22,2 461,9 545,6 109,13,13,44,27,340 890,1 304 648,821 336,40,41,mistral_table,mistral_table,no
1051,SERRA DA RAIZ,1,(B),(A),(X),(A),(X),1,1,(A),(A),(X),(A),(X),40,41,mistral_table,mistral_table,no
1052,SERRA GRANDE,2,(B),(A),(X),(A),(X),-,-,-,-,-,-,-,40,41,mistral_table,tesseract_por_review,no
1053,SERRA REDONDA,16,84,38,1 602,6 276,2 618,6,6,22,9,105 200,537 465,228 901,42,43,mistral_table,mistral_table,no
1054,SERRA RIA,23,184,136,5 662,31 085,13 848,5,5,30,23,163 840,506 960,275 814,42,43,mistral_table,mistral_table,no
1055,SOLANEA,24,142,104,7 440,67 950,36 550,35,35,216,157,1 306 364,6 116 953,2 731 899,42,43,mistral_table,mistral_table,no
1056,SOLEDADDE,4,13,8,987,6 488,2 774,4,6,69,61,466 340,3 995 705,2 246 285,42,43,mistral_table,mistral_table,no
1057,SOUSA,135,1 022,669,53 324,1 028 430,393 341,80,86,642,470,3 230 814,51 968 107,20 144 532,42,43,mistral_table,mistral_table,no
1058,SUME,14,57,31,3 352,11 132,4 595,30,30,115,72,514 700,1 444 546,643 807,42,43,mistral_table,mistral_table,no
1059,TACIMA,2,(B),(A),(X),(A),(X),-,-,-,-,-,-,-,42,43,mistral_table,mistral_table,no
1060,TAPERDA,18,150,112,5 835,14 752,8 565,11,11,74,59,388 043,1 868 314,1 135 432,42,43,mistral_table,mistral_table,no
1061,TAVARES,9,40,19,1 514,8 148,4 493,9,9,31,17,195 700,746 000,363 800,42,43,mistral_table,mistral_table,no
1062,TEIXEIRA,9,104,86,4 596,73 588,49 622,8,8,74,59,305 535,4 940 773,1 842 125,42,43,mistral_table,mistral_table,no
1063,TRIUNFO,4,30,26,358,1 103,365,3,3,8,5,58 800,190 570,115 887,42,43,mistral_table,mistral_table,no
1064,UIRAUNA,64,158,80,9 985,103 014,52 625,11,11,62,28,306 403,5 168 081,1 863 169,42,43,mistral_table,mistral_table,no
1065,UMBUZEIRO,3,11,6,834,2 815,1 350,24,24,143,110,348 076,1 756 218,1 265 327,42,43,mistral_table,mistral_table,no
1066,VARZEA,4,172,154,7 064,13 164,6 564,1,2,(F),(F),(X),(E),(X),42,43,mistral_table,mistral_table,no
1067,PERNAMBUCO,7 222,153 126,110 994,18 233 596,197 254 024,79 484 194,,,,,,,,42,43,mistral_table,mistral_table_partial,yes
1068,EXTRATIVA MINERAL,59,749,560,65 698,433 681,322 577,,,,,,,,42,43,mistral_table,mistral_table_partial,yes
1069,TRANSFORMAÇÃO,7 130,151 715,109 796,18 076 840,196 651 174,79 022 340,246,8 350,150 861,109 060,1 755 708 304,21 105 697 888,323 848 942,42,43,mistral_table,pdf_text_layout,no
1070,NAD METALICOS,211,16 695,12 249,1 607 607,12 832 103,6 944 314,156,1 223,14 376,10 710,125 674 064,955 1 ss 102,595 967 837,42,43,mistral_table,pdf_text_layout,no
1071,METALURGICA,473,9 299,6 362,1 273 456,22 004 531,5 589 048,599,656,8 888,6 286,141 685 713,2 180 226 575,550 345 433,42,43,mistral_table,pdf_text_layout,no
1072,MECANICA,226,9 804,8 630,1 511 660,5 795 667,3 301 793,144,253,9 453,8 376,140 028 322,768 253 207,417 659 965,42,43,mistral_table,pdf_text_layout,no
1073,MATERIAL ELETRICO,111,5 523,3 750,992 237,9 042 337,4 622 090,49,114,5 885,3 930,134 066 617,1 389 895 162,923 700 721,42,43,mistral_table,pdf_text_layout,no
1074,TRANSPORTE,94,2 603,1 801,419 206,1 829 212,1 038 713,70,93,2 347,1 666,48 977 730,202 432 040,131 804 596,42,43,mistral_table,pdf_text_layout,no
1075,MODERA,446,3 243,2 254,268 587,1 189 202,626 739,512,520,2 533,1 774,18 359 475,85 218 795,42 131 936,42,43,mistral_table,pdf_text_layout,no
1076,MOBILIANO,465,4 836,3 489,394 271,3 197 326,1 628 028,640,652,4 458,3 197,33 995 757,251 990 910,136 072 526,42,43,mistral_table,pdf_text_layout,no
1077,PAPEL E PAPELÃO,76,3 836,2 668,499 732,6 538 098,2 548 060,48,75,3 414,2 376,43 888 221,643 468 899,238 466 081,42,43,mistral_table,pdf_text_layout,no
1078,BORRACHA,39,836,587,124 850,698 827,424 178,3S,42,791,460,12 120 221,62 232 241,36 113 759,42,43,mistral_table,pdf_text_layout,no
1079,COUROS E PELES,70,1 016,699,96 878,915 483,324 345,117 123,040 707,6 937,888 133,610 988,61,442 947,42,43,mistral_table,pdf_text_tokens,no
1080,QUINICA,182,6 532,3 896,1 404 944,23 627 615,8 626 549,79,209,531,197,146 556 945,2 857 685 332,1 113 099 906,42,43,mistral_table,pdf_text_layout,no
1081,FARMACÉUTICA,63,1 367,527,370 986,566 243,215 814,14,55,957,160,33 019 030,34 139 559,21 296 489,42,43,mistral_table,pdf_text_layout,no
1082,PERFUMARIA,37,886,528,150 021,2 397 673,1 103 921,20,39,1 003,576,14 750 865,269 120 653,120 221 428,42,43,mistral_table,pdf_text_layout,no
1083,MATS. PLASTICAS,70,3 869,2 779,499 476,7 114 886,3 707 758,46,69,3 195,2 366,34 745 990,529 762 641,278 193 580,42,43,mistral_table,pdf_text_layout,no
1084,TEXTIL,203,18 906,14 549,2 303 149,25 416 630,8 110 813,,,,,,,,42,43,mistral_table,pdf_text_layout_partial,yes
1085,VESTUARIO,712,10 049,11 052,832 405,9 332 075,4 873 012,946,980,16 310,13 660,132 262 606,1 423 203 141,752 505 514,42,43,mistral_table,pdf_text_layout,no
1086,ALIMENTARES,2 179,38 681,26 716,3 693 828,51 480 975,16 588 948,2 280,2 596,43 825,29 340,428 612 135,6 080 499 828,274 207 934,42,43,mistral_table,pdf_text_layout,no
1087,BEBIDAS,105,3 675,2 988,654 836,8 533 716,2 581 539,62,79,3 810,2 805,50 819 678,656 428 729,325 036 758,42,43,mistral_table,pdf_text_layout,no
1088,FUMO,9,1 091,948,268 830,2 592 116,1 364 736,1,10,1 224,798,29 765 276,240 088 026,147 961 441,42,43,mistral_table,pdf_text_layout,no
1089,GRAFICA,220,3 515,2 203,467 542,3 131 426,2 297 280,211,245,3 485,2 407,40 449 315,245 745 813,169 893 095,42,43,mistral_table,pdf_text_layout,no
1090,DIVERSAS,139,1 645,1 121,242 339,895 033,504 662,132,164,1 815,1 248,19 730 009,83 176 315,36 222 982,42,43,mistral_table,pdf_text_layout,no
1091,REGIÃO METROPOLITANA,2 875,96 723,68 210,13 960 144,147 386 071,59 276 108,2 002,2 820,86 095,59 728,1 204 457 246,13 588 506 973,464 523 413,42,43,mistral_table,pdf_text_layout,no
1092,EXTRATIVA MINERAL,20,124,83,19 120,131 078,105 012,11,144 136,1,836 721,11,223 671,228 012,42,43,mistral_table,pdf_text_tokens,no
1093,TRANSFORMAÇÃO,2 839,96 232,67 777,13 881 823,147 144 886,59 079 451,,,,,,,,42,43,mistral_table,pdf_text_tokens_partial,yes
1094,NAD METALICOS,215,7 338,5 271,960 399,8 120 046,4 062 092,125 172,6 248,4 446,72 353 630,sso 827,718 330,121 324,42,43,mistral_table,pdf_text_layout,no
1095,METALURGICA,255,6 079,5 507,1 176 261,21 507 760,5 372 766,212 264,s 541,3 849,94 186 169,1 090 756,264 340,757 935,42,43,mistral_table,pdf_text_layout,no
1096,MECANICA,172,6 858,5 771,1 160 025,4 886 844,2 755 226,107 186,6 150,s 214,99 416 627,654 751,136 350,010 278,42,43,mistral_table,pdf_text_layout,no
1097,MATERIAL ELETRICO,101,4 951,3 265,931 582,8 501 369,4 414 915,37 100,5 170,3 383,125 731 362,1 310 464,403 896,182 045,42,43,mistral_table,pdf_text_layout,no
1098,TRANSPORTE,57,2 305,1 619,395 861,1 738 599,991 746,,,,,,,,42,43,mistral_table,pdf_text_tokens_partial,yes
1099,MADEIRA,138,1 354,924,123 752,511 961,256 553,94,100,CFl,(F I,(X),CF),(X),42,43,mistral_table,pdf_text_layout,no
1100,MOBILIANO,176,2 936,2 138,283 733,2 343 461,1 159 018,140,150,2 417,1 822,19 085 009,167 258 462,96 335 592,42,43,mistral_table,pdf_text_layout,no
1101,PAPEL E PAPELÃO,52,3 190,2 226,405 642,4 481 503,1 719 700,30,so,2 898,2 019,36 109 722,473 265 482,193 919 672,42,43,mistral_table,pdf_text_layout,no
1102,BORRACHA,25,692,476,113 718,666 562,367 235,14,21,673,380,11 016 293,S4 711 423,32 521 720,42,43,mistral_table,pdf_text_layout,no
1103,COUROS E PELES,5,109,26,13 882,4 966,2 169,1,2,(A),CA),(X),(A),(X),42,43,mistral_table,pdf_text_layout,no
1104,QUINICA,132,5 745,3 316,1 308 961,19 947 993,7 050 058,38,138,642,2 911,117 941 973,2 048 262 294,856 404 106,42,43,mistral_table,pdf_text_layout,no
1105,FARMACÉUTICA,62,1 367,527,370 986,566 243,215 814,,,,,,,,42,43,mistral_table,missing,yes
1106,PERFUMARIA,25,696,391,136 651,2 066 275,991 666,25,63,8 774,7 355,79 829 037,1 360 260 216,669 711 047,42,43,mistral_table,pdf_text_layout,no
1107,MATS. PLASTICAS,58,3 526,2 486,477 098,6 726 188,2 524 070,36.,58,2 734,1 972,31 874 099,494 459 105,265 077 ·113,42,43,mistral_table,pdf_text_layout,no
1108,TEXTIL,114,15 244,11 731,1 989 576,20 958 381,6 553 324,,,,,,,,42,43,mistral_table,missing,yes
1109,VESTUARIO,170,8 045,7 070,587 133,6 531 656,3 720 457,148,178,10 11.8,8 888,85 521 621,1 023 325 302,583 921 104,42,43,mistral_table,pdf_text_layout,no
1110,ALIMENTARES,782,15 890,9 926,2 063 512,27 199 090,9 949 413,757,937,17 861,9 872,222 205 231,3 048 779 354,1 105 396 506,42,43,mistral_table,pdf_text_layout,no
1111,BEBIDAS,39,2 564,1 479,463 447,1 751 029,1 983 776,6,18,2 053,1 393,34 836 557,404 315 612,220 982 918,42,43,mistral_table,pdf_text_layout,no
1112,FUMO,57,1 079,933,265 839,2 591 326,1 364 409,7,1 218,797,29 643 530,240 082,026,147 956 941,42,43,mistral_table,pdf_text_layout,no
1113,GRAFICA,165,3 080,1 895,440 789,2 996 497,2 217 069,138,168,2 732,1 908,29 602 318,138 781 461,95 322 081,42,43,mistral_table,pdf_text_layout,no
1114,DIVERSAS,86,1 184,801,212 976,705 037,407 971,41,72,1 197,782,15 234 854,63 730 668,25 843 917,42,43,mistral_table,pdf_text_layout,no
1115,RECIFE,1 895,52 489,34 804,8 087 145,68 523 389,28 798 705,,,,,,,,42,43,mistral_table,pdf_text_layout_partial,yes
1116,EXTRATIVA MINERAL,12,70,33,13 777,34 256,21 867,,,,,,,,42,43,mistral_table,pdf_text_layout_partial,yes
1117,TRANSFORMAÇÃO,1 877,52 279,34 631,8 044 994,68 442 086,28 735 430,,,,,,,,42,43,mistral_table,pdf_text_tokens_partial,yes
1118,NAD METALICOS,114,5 115,3 513,709 593,3 633 518,2 122 279,,,,,,,,42,43,mistral_table,pdf_text_layout_partial,yes
1119,METALURGICA,156,4 642,3 227,714 156,12 782 922,3 779 479,89 132,3 247,2 131,63 919,766 754,811 647 226,791 023,42,43,mistral_table,pdf_text_layout,no
1120,MECANICA,121,3 416,2 583,609 686,3 591 732,1 436 064,72 126,2 654,1 996,43 538,144 196,427 020 127,787 340,42,43,mistral_table,pdf_text_layout,no
1121,MATERIAL ELETRICO,78,2 385,1 540,542 001,4 649 024,2 250 683,,,,,,,,42,43,mistral_table,pdf_text_tokens_partial,yes
1122,TRANSPORTE,45,914,555,174 697,553 797,437 364,,,,,,,,44,45,mistral_table,missing,yes
1123,MADEIRA,70,846,582,85 339,341 738,175 631,,,,,,,,44,45,mistral_table,missing,yes
1124,MOBILIARIO,114,1 850,1 328,172 740,1 334 109,625 741,63,93,415,056,11 701 802,106 16:1. 330,62 096 22S,44,45,mistral_table,pdf_text_layout,no
1125,PAPEL E PAPELÃO,37,1 866,1 249,244 557,2 137 570,879 537,20,34,667,067,24 232 390,252 304 100,"124 021"" 861",44,45,mistral_table,pdf_text_layout,no
1126,BORRACHA,17,289,170,65 599,345 820,227 922,7,12,232,105,•. 989 166,·23 932 31S,14 soo 926,44,45,mistral_table,pdf_text_layout,no
1127,COUROS E PELES,5,109,26,13 882,4 966,2 169,1,2,(A),(A),(X),(A),(X),44,45,mistral_table,pdf_text_tokens,no
1128,QUIMICA,66,1 383,466,461 096,3 164 112,1 238 326,13,77,467,316,49 736. OS6,396 324 929,217 216 S41,44,45,mistral_table,pdf_text_layout,no
1129,FARMACÉUTICA,56,1 196,404,353 989,310 493,87 642,8,47,<F),<E l,(X),(F),(X),44,45,mistral_table,pdf_text_layout,no
1130,PERFUMARIA,18,511,303,92 092,564 729,562 582,,,,,,,,44,45,mistral_table,pdf_text_layout_partial,yes
1131,MATS. PLASTICAS,32,1 442,875,228 324,3 128 103,1 626 422,23,36,1 024 734,11 628 807,11S 3DE 203,57,384 776,44,45,mistral_table,pdf_text_layout,no
1132,TEXTIL,63,5 581,4 071,719 923,4 710 932,1 307 693,,,,,,,,44,45,mistral_table,pdf_text_layout_partial,yes
1133,VESTUARIO,141,4 348,2 735,347 853,3 231 097,1 759 919,,,,,,,,44,45,mistral_table,pdf_text_layout_partial,yes
1134,ALIMENTARES,486,10 505,6 113,1 495 639,17 737 372,6 687 526,,,,,,,,44,45,mistral_table,pdf_text_layout_partial,yes
1135,BERIDAS,26,1 033,546,177 529,1 264 663,776 460,,,,,,,,44,45,mistral_table,pdf_text_layout_partial,yes
1136,FUMO,7,1 079,933,265 839,2 591 326,1 364 409,7,1 218,797,29 643,S30,240 082 026 147,956 941,44,45,mistral_table,pdf_text_layout,no
1137,GRAFICA,148,2 748,1 753,370 931,1 485 601,947 263,123,1 S1,2 631 842,2a ase 220,136 140 322,93,782 322,44,45,mistral_table,pdf_text_layout,no
1138,DIVERSAS,75,1 019,659,198 529,663 462,387 319,37,64 836,U2,13 S44 690,S1 643 277,16,727 160,44,45,mistral_table,pdf_text_layout,no
1139,CABO,143,6 545,5 131,1 083 152,14 768 125,5 250 426,,,,,,,,44,45,mistral_table,pdf_text_layout_partial,yes
1140,METALURGICA,19,634,511,49 441,177 885,88 763,,,,,,,,44,45,mistral_table,pdf_text_layout_partial,yes
1141,MECANICA,12,868,839,124 562,436 376,297 931,,,,,,,,44,45,mistral_table,missing,yes
1142,QUIMICA,17,1 764,1 176,499 245,9 759 788,3 311 068,,,,,,,,44,45,mistral_table,pdf_text_layout_partial,yes
1143,ALIMENTARES,38,779,632,67 281,1 005 575,359 453,,,,,,,,44,45,mistral_table,pdf_text_layout_partial,yes
1144,BERIDAS,4,801,569,144 461,1 573 242,473 179,,,,,,,,44,45,mistral_table,pdf_text_layout_partial,yes
1145,DEMAIS GENEROS,53,1 699,1 402,198 062,1 815 255,720 032,,,,,,,,44,45,mistral_table,missing,yes
1146,CAMARAGINE,-,-,-,-,-,-,•3,S1,1 647,1 209,13 94S 141,20D 888 810,90 643 077,44,45,mistral_table,pdf_text_layout,no
1147,METALURGICA,-,-,-,-,-,-,7,7,75,55,746 823,.6 OS3 179,3 SS3 D27,44,45,mistral_table,pdf_text_layout,no
1148,MECANICA,-,-,-,-,-,-,-,1,(E),(E),(X),(E),(X),44,45,mistral_table,tesseract_por_review,no
1149,QUIMICA,-,-,-,-,-,-,2,3,163,161,352 217,34 S10 212,8 033 064,44,45,mistral_table,pdf_text_layout,no
1150,TEXTIL,-,-,-,-,-,-,1,6,1 OS7,726,639 924,146 S81 709,73 786 333,44,45,mistral_table,pdf_text_layout,no
1151,ALIMENTARES,-,-,-,-,-,-,20,21,(F),(F),(X),(E),(X),44,45,mistral_table,tesseract_por_review,no
1152,DEMAIS GENEROS,-,-,-,-,-,-,13,13,13S,113,798 570,S94 805,2 602 036,44,45,mistral_table,pdf_text_layout,no
1153,CABUARU,510,4 686,3 549,241 406,2 854 522,1 365 913,676,696,015,4 689,42 364 086,39S 037 873,196 805 237,44,45,mistral_table,pdf_text_layout,no
1154,NAO METALICOS,88,766,587,36 359,170 392,110 798,133,136,847,649,6 045 237,21 146 SS2,16 177 6S1,44,45,mistral_table,pdf_text_layout,no
1155,COUROS E PELES,15,269,210,17 241,232 033,96 430,,,,,,,,44,45,mistral_table,missing,yes
1156,TEXTIL,4,54,34,4 560,307 589,165 388,,,,,,,,44,45,mistral_table,missing,yes
1157,VESTUARIO,140,1 493,1 241,67 835,776 333,322 912,,,,,,,,44,45,mistral_table,missing,yes
1158,ALIMENTARES,74,750,491,41 974,661 982,337 211,86,94,843,578,6 33S 209,63 068 088,30 560 S78,44,45,mistral_table,pdf_text_layout,no
1159,DEMAIS GENEROS,189,1 354,986,73 837,706 193,333 174,,,,,,,,44,45,mistral_table,missing,yes
1160,JABUATÃO,283,13 813,10 638,1 731 491,19 069 488,9 571 310,,,,,,,,44,45,mistral_table,pdf_text_layout_partial,yes
1161,MATERIAL ELETRICO,8,1 796,1 192,276 629,2 874 291,1 872 388,,,,,,,,44,45,mistral_table,pdf_text_layout_partial,yes
1162,PAPEL E PAPELÃO,9,733,472,95 494,1 655 034,672 746,,,,,,,,44,45,mistral_table,pdf_text_layout_partial,yes
1163,TEXTIL,8,1 775,1 621,198 010,1 463 235,693 111,,,,,,,,44,45,mistral_table,pdf_text_layout_partial,yes
1164,VESTUARIO,10,1 941,1 775,135 741,2 586 747,1 564 338,,,,,,,,44,45,mistral_table,pdf_text_layout_partial,yes
1165,ALIMENTARES,81,2 006,1 460,228 806,2 907 047,1 223 264,,,,,,,,44,45,mistral_table,pdf_text_layout_partial,yes
1166,DEMAIS GENEROS,167,3 562,4 118,798 711,7 583 134,3 545 463,180 211,4 7SS,3 S76,63 637 177,627 857,944 367,631 482,44,45,mistral_table,pdf_text_layout,no
1167,OLINDA,220,4 727,3 344,542 981,5 427 159,2 571 978,,,,,,,,44,45,mistral_table,pdf_text_layout_partial,yes
1168,METALURGICA,27,609,411,61 877,259 501,146 771,,,,,,,,44,45,mistral_table,pdf_text_layout_partial,yes
1169,QUIMICA,9,563,479,53 489,1 405 182,653 115,,,,,,,,44,45,mistral_table,pdf_text_layout_partial,yes
1170,MATS. PLASTICAS,12,512,467,33 434,535 394,231 709,,,,,,,,44,45,mistral_table,pdf_text_layout_partial,yes
1171,ALIMENTARES,79,974,686,92 964,1 284 065,543 510,103 108,1 011 670,8 834 871 131,S92,9S9,46,S87 868,44,45,mistral_table,pdf_text_layout,no
1172,BERIDAS,6,644,301,126 930,1 186 986,601 033,,,,,,,,44,45,mistral_table,pdf_text_layout_partial,yes
1173,DEMAIS GENEROS,87,1 425,1 000,174 287,756 031,396 840,,,,,,,,44,45,mistral_table,pdf_text_layout_partial,yes
1174,PAULISTA,134,9 880,7 575,1 235 737,19 250 635,8 131 962,101,141,12 131,10 276,112 948 029 147,460 813,06D 4S7 142,44,45,mistral_table,pdf_text_layout,no
1175,NAO METALICOS,8,454,322,66 627,3 220 612,1 310 607,,,,,,,,44,45,mistral_table,missing,yes
1176,MECANICA,10,767,742,136 593,926 795,480 988,6,1 160,1 136,13 694 3S7,218,424 S87,101 940 196,44,45,mistral_table,pdf_text_layout,no
1177,TEXTIL,19,4 201,3 097,546 459,9 429 831,3 098 976,,,,,,,,44,45,mistral_table,pdf_text_layout_partial,yes
1178,VESTUARIO,7,1 645,1 479,94 375,504 879,297 860,,,,,,,,44,45,mistral_table,pdf_text_layout_partial,yes
1179,ALIMENTARES,34,372,262,25 606,311 277,61 901,,,,,,,,44,45,mistral_table,pdf_text_layout_partial,yes
1180,DEMAIS GENEROS,56,2 441,1 663,365 077,4 857 241,2 881 630,,,,,,,,44,45,mistral_table,pdf_text_layout_partial,yes
1181,PETROLINA,92,1 956,1 308,229 012,3 174 642,1 381 169,129,147,2 7S9,1 802,27 907 424,423 188 009,186 092 730,44,45,mistral_table,pdf_text_layout,no
1182,COUROS E PELES,4,186,112,24 185,298 597,117 704,1,3,331·,207,3 837 813,72 741 161,27 810 403,44,45,mistral_table,pdf_text_layout,no
1183,QUIMICA,4,77,60,6 491,156 051,62 375,1,2,(F),(F),(X),(G),(X),44,45,mistral_table,pdf_text_tokens,no
1184,PERFUMARIA,2,1 (D),(D),(E),(E),(E),1,4,(F),(F),(X),IG),(X),44,45,mistral_table,pdf_text_layout,no
1185,TEXTIL,5,638,354,80 553,648 247,348 935,2,4,621,323,41D 737,79 058 144,39 963 813,44,45,mistral_table,pdf_text_layout,no
1186,ALIMENTARES,19,425,334,40 535,1 536 564,653 716,28,35,580,320,83S 639,82 8S3 940,32 44S 947,44,45,mistral_table,pdf_text_layout,no
1187,DEMAIS GENEROS,60,630,448,77 248,335 183,198 437,96,99,847,607,067 428,37 193 374,19 213 760,44,45,mistral_table,pdf_text_layout,no
1188,VITORIA DE SANTO ANTÃO,82,2 053,1 689,171 443,1 431 584,575 597,120 120,2 708,2 182,21 946 684,3S4 292,sso,154 518 542,44,45,mistral_table,pdf_text_layout,no
1189,NAO METALICOS,12,585,487,45 574,330 669,131 034,26,26,661,56S,s 000 426,66 s1s· 043,38 378 08'4,44,45,mistral_table,pdf_text_layout,no
1190,METALURGICA,7,(D),(D),(E),(E),(E),,,,,,,,44,45,mistral_table,pdf_text_layout_partial,yes
1191,QUIMICA,1,(A),(A),(E),(A),(E),3,3,249 230,1 047 117,29,377 220,9 983 2414,44,45,mistral_table,pdf_text_layout,no
1192,ALIMENTARES,33,444,350,20 730,311 301,153 632,,,,,,,,44,45,mistral_table,pdf_text_layout_partial,yes
1193,BERIDAS,9,651,721,93 545,705 047,257 336,5,s,865 701,9 837 9S7,192,703 967,7S .159 546,44,45,mistral_table,pdf_text_layout,no
1194,DEMAIS GENEROS,20,129,98,8 140,53 539,17 399,35,3S,236 175,1 086 094,9,299 760,5 568 292,44,45,mistral_table,pdf_text_layout,no
1195,ABREU E LIMA,-,-,-,-,-,-,,,,,,,,44,45,mistral_table,missing,yes
1196,AFOGADOS DA INGAZEIRA,51,286,184,15 630,113 111,50 652,S2,S2,227,149,989 231,748 866,2 333 344,44,45,mistral_table,pdf_text_layout,no
1197,AFRANIO,3,6,3,1 254,5 855,3 049,,,,,,,,44,45,mistral_table,pdf_text_layout_partial,yes
1198,AGRESTINA,28,136,80,2 122,79 220,33 245,37,37,218,123,SOS 299,466 654,2 D94 938,44,45,mistral_table,pdf_text_layout,no
1199,AGUA PRETA,42,438,310,55 554,524 214,212 762,21,22,138,99,787 843,S1 S 194,2 349 636,44,45,mistral_table,pdf_text_layout,no
1200,AGUAS BELAS,21,106,70,6 751,29 595,12 937,26,27,76,824,os 1,19 261 301,728 S27,44,45,mistral_table,pdf_text_layout,no
1201,ALAGOINHA,10,68,53,2 233,13 155,5 838,,,,,,,,44,45,mistral_table,pdf_text_layout_partial,yes
1202,ALIANCA,22,562,462,48 664,725 996,92 863,19,24,694,574,6 664 742,127 597 076,49 740 576,46,47,mistral_table,mistral_table,no
1203,ALTINHO,21,109,74,3 556,33 347,19 376,51,51,165,89,827 176,3 516 654,1 751 818,46,47,mistral_table,mistral_table,no
1204,AMARAJI,8,30,18,3 129,16 975,11 501,4,4,14,7,157 720,458 290,300 610,46,47,mistral_table,mistral_table,no
1205,ANGELIM,8,44,23,2 104,8 783,3 407,5,5,19,12,86 350,404 660,176 974,46,47,mistral_table,mistral_table,no
1206,ARARIPINA,53,1 019,846,52 871,831 662,321 685,52,55,1 075,970,5 243 215,124 489 040,63 220 471,46,47,mistral_table,mistral_table,no
1207,ARCOVERDE,63,494,337,32 742,347 180,135 414,44,49,305,206,1 664 601,13 926 442,5 395 440,46,47,mistral_table,mistral_table,no
1208,BARRA DE GUABIRABA,2,(C),(C),(X),(B),(X),4,4,13,9,192 400,939 706,472 353,46,47,mistral_table,mistral_table,no
1209,BARREIROS,40,862,503,76 019,750 884,199 457,35,41,456,356,6 085 968,72 672 472,1 139 244,46,47,mistral_table,mistral_table,no
1210,BELEM DE MARIA,18,77,45,4 000,12 884,10 315,24,24,81,56,436 512,1 243 430,867 774,46,47,mistral_table,mistral_table,no
1211,BELEM DE SÃO FRANCISCO,6,26,6,1 059,12 616,6 422,10,9,36,18,137 324,1 418 517,393 990,46,47,mistral_table,mistral_table,no
1212,BELO JARDIM,94,1 733,1 415,146 280,2 006 693,802 754,101,108,2 358,1 876,20 907 700,231 539 674,105 676 510,46,47,mistral_table,mistral_table,no
1213,BETANIA,4,15,6,882,3 718,1 999,4,4,19,4,46 540,403 360,123 060,46,47,mistral_table,mistral_table,no
1214,BEZERROS,122,960,721,58 287,236 682,138 963,139,140,815,609,7 187 489,31 231 593,16 857 770,46,47,mistral_table,mistral_table,no
1215,BODOCO,26,204,137,13 095,137 469,73 779,19,21,119,94,997 622,7 395 692,6 383 576,46,47,mistral_table,mistral_table,no
1216,BOM CONSELHO,33,212,152,13 137,102 875,10 513,32,34,244,182,1 054 966,26 690 683,8 130 140,46,47,mistral_table,mistral_table,no
1217,BOM JARDIM,12,58,35,3 648,17 748,8 880,57,57,242,165,1 186 521,5 620 554,2 698 100,46,47,mistral_table,mistral_table,no
1218,BONITO,24,1 128,1 057,80 599,1 530 457,735 523,20,25,964,896,8 175 425,214 765 593,140 623 008,46,47,mistral_table,mistral_table,no
1219,BREJÃO,5,14,7,1 489,13 147,3 070,3,3,12,6,94 000,736 040,206 040,46,47,mistral_table,mistral_table,no
1220,BREJINHO,3,15,7,646,3 750,1 132,5,5,16,9,117 480,562 160,229 542,46,47,mistral_table,mistral_table,no
1221,BREJO DA MADRE DE DEUS,29,157,111,5 911,48 854,28 959,74,75,244,145,1 198 790,3 164 223,2 090 111,46,47,mistral_table,mistral_table,no
1222,BUENOS AIRES,5,48,33,4 952,24 976,17 807,5,5,21,15,320 136,1 377 090,767 488,46,47,mistral_table,mistral_table,no
1223,BUIQUE,12,64,46,3 612,26 879,16 888,12,13,52,34,357 029,1 569 185,727 086,46,47,mistral_table,mistral_table,no
1224,CABROBO,8,41,28,3 857,45 541,23 365,11,12,52,28,203 904,2 794 238,1 108 977,46,47,mistral_table,mistral_table,no
1225,CACHOEIRINHA,26,117,61,8 659,61 982,15 575,196,196,682,431,3 667 893,16 704 460,9 118 244,46,47,mistral_table,mistral_table,no
1226,CAETES,7,50,27,2 688,12 899,4 816,14,14,49,22,193 960,995 457,423 843,46,47,mistral_table,mistral_table,no
1227,CALCADO,4,45,36,1 833,9 216,3 496,3,3,35,23,86 859,363 126,108 282,46,47,mistral_table,mistral_table,no
1228,CALUMBI,4,16,5,920,2 500,2 040,8,8,24,15,63 114,310 670,261 320,46,47,mistral_table,mistral_table,no
1229,CAMOCIM DE SÃO FELI,12,65,49,3 152,12 774,6 275,32,32,190,152,1 353 743,15 813 017,6 472 487,46,47,mistral_table,mistral_table,no
1230,CAMUTANGA,9,475,383,49 467,1 013 165,388 435,7,10,833,523,10 350 468,177 416 749,76 893 375,46,47,mistral_table,mistral_table,no
1231,CANMOTINHO,10,82,48,5 191,44 854,17 378,18,19,110,82,753 722,10 972 300,3 036 862,46,47,mistral_table,mistral_table,no
1232,CAPOEIRAS,6,25,13,1 640,4 931,1 814,7,7,24,12,107 091,679 331,242 648,46,47,mistral_table,mistral_table,no
1233,CARNAIBA,22,91,54,3 374,15 818,10 120,22,22,87,52,396 655,1 342 742,649 493,46,47,mistral_table,mistral_table,no
1234,CARPINA,77,1 332,1 004,116 990,1 034 936,469 163,74,74,829,608,5 236 652,66 807 595,31 812 232,46,47,mistral_table,mistral_table,no
1235,CATENDE,29,912,742,101 083,1 089 019,251 418,25,29,823,627,5 768 450,89 376 219,28 328 278,46,47,mistral_table,mistral_table,no
1236,CEDRO,5,41,31,1 857,10 769,6 798,11,11,45,27,260 925,2 164 676,1 024 090,46,47,mistral_table,mistral_table,no
1237,CHÃ DE ALEGRIA,8,163,103,24 337,815 433,238 810,7,7,236,202,1 231 830,38 423 482,10 171 747,46,47,mistral_table,mistral_table,no
1238,CHÃ GRANDE,6,37,25,1 851,10 840,6 998,11,11,53,31,375 485,2 145 710,1 129 965,46,47,mistral_table,mistral_table,no
1239,CONDADO,14,58,38,4 254,35 018,15 340,12,12,61,34,627 957,2 843 149,1 764 464,46,47,mistral_table,mistral_table,no
1240,CORRENTES,12,120,77,6 785,279 295,147 102,11,12,124,93,459 320,13 153 492,3 800 421,46,47,mistral_table,mistral_table,no
1241,CORTES,13,212,186,18 635,339 445,92 980,10,15,242,211,3 047 285,81 323 389,29 189 823,46,47,mistral_table,mistral_table,no
1242,CUMARU,4,13,6,705,2 903,1 479,5,5,18,10,136 400,915 000,235 000,46,47,mistral_table,mistral_table,no
1243,CUPINA,45,357,258,24 699,73 972,43 773,28,28,134,92,1 090 233,3 618 337,1 231 707,46,47,mistral_table,mistral_table,no
1244,CUSTODIA,15,128,98,5 514,34 822,13 454,38,39,158,93,990 412,6 075 659,2 923 616,46,47,mistral_table,mistral_table,no
1245,ESCADA,58,2 275,1 871,237 270,2 539 655,956 875,38,53,2 739,2 225,38 469 546,269 798 484,69 118 020,46,47,mistral_table,mistral_table,no
1246,EXU,26,155,102,7 214,28 700,15 455,26,26,91,52,591 920,1 642 666,984 698,46,47,mistral_table,mistral_table,no
1247,FEIRA NOVA,42,1 108,1 028,44 137,323 842,70 066,44,44,978,903,2 944 377,30 160 537,7 172 087,46,47,mistral_table,mistral_table,no
1248,FERREIROS,5,40,26,2 592,13 821,6 433,6,6,54,35,425 389,2 008 863,873 844,46,47,mistral_table,mistral_table,no
1249,FLORES,17,68,41,4 811,11 502,7 100,10,10,28,14,156 38E,519 622,213 002,48,49,mistral_table,pdf_text_layout,no
1250,FLORESTA,14,59,37,7 559,36 057,24 450,17,17,101,71,865 90•,562 036,911 691,48,49,mistral_table,pdf_text_layout,no
1251,FREI MIGUELINHO,13,55,35,2 998,8 450,5 164,23,23 100,65,522 210,2,502 317,792 334,48,49,mistral_table,tesseract_por_review,no
1252,GAMELEIRA,5,55,32,2 938,36 472,18 103,10,10,30,17,16•6 350,1 289 786,811 966,48,49,mistral_table,pdf_text_layout,no
1253,GARANHUNS,128,2 091,1 583,141 445,1 051 529,468 230,116,127,533,1 191,338 106,126 783 409,41 362 618,48,49,mistral_table,pdf_text_layout,no
1254,GLORIA DO GOITA,16,110,83,5 404,22 487,9 102,,,,,,,,48,49,mistral_table,missing,yes
1255,GOIANA,77,2 868,2 107,392 157,6 357 746,2 803 520,68,89 222,2 640,34 66• 310,515,491 116,225 516 774,48,49,mistral_table,pdf_text_layout,no
1256,GRANITO,-,-,-,-,-,-,,,,,,,,48,49,mistral_table,missing,yes
1257,GRAVATA,115,1 120,860,57 685,366 830,210 071,160,162,1 2oe,920,7 467 250,49 294 229,21 262 264,48,49,mistral_table,pdf_text_layout,no
1258,IATI,3,8,5,498,3 054,1 750,20,13,75,569,467,851,215 091,48,49,mistral_table,pdf_text_tokens,no
1259,IBIMIRIM,4,21,12,1 263,5 890,3 366,19,20,86,53,349 955,1 066 488,761 521,48,49,mistral_table,pdf_text_layout,no
1260,IBIRAJUBA,3,17,12,712,2 974,1 713,2,2,18),IAl,(X),IBl,(X),48,49,mistral_table,pdf_text_layout,no
1261,IGARASSU,71,4 098,2 798,590 325,11 276 982,2 399 490,48,68,2 820,122,"39 392 ""71",546 826 404,279 867 786,48,49,mistral_table,pdf_text_layout,no
1262,IGUARACI,6,20,11,824,5 370,3 836,10,10,27,15,296 760,986 540,479 772,48,49,mistral_table,pdf_text_tokens,no
1263,INAJA,7,30,13,1 619,9 568,4 671,9,48,30,135,059,641 123,309 868,48,49,mistral_table,pdf_text_tokens,no
1264,INGAZEIRA,-,-,-,-,-,-,,,,,,,,48,49,mistral_table,pdf_text_layout_partial,yes
1265,IPOJUCA,37,966,842,67 364,1 068 398,371 712,29,38 847,609 113,014 130,804 188,75,574 924,48,49,mistral_table,pdf_text_tokens,no
1266,IPUBI,25,405,358,18 168,108 379,76 575,19,24,331,301,1 041 639,201 450,4 908 985,48,49,mistral_table,pdf_text_layout,no
1267,ITACURUBA,2,(B),(A),(X),(A),(X),,,,,,,,48,49,mistral_table,pdf_text_layout_partial,yes
1268,ITAIBA,15,61,41,6 379,21 414,10 365,11,12,60,40,594 262,10 664 192,2 864 586,48,49,mistral_table,pdf_text_layout,no
1269,ITAMARACA,3,48,38,3 425,9 277,3 842,3,4,18,11,89 232,511 842,178 058,48,49,mistral_table,pdf_text_tokens,no
1270,ITAMBE,25,312,261,17 291,102 145,54 570,40,41,418,338,3 829 058,2 1 765 085,346 759,48,49,mistral_table,pdf_text_layout,no
1271,ITAPETIM,11,77,58,4 294,23 141,8 988,17,18 120,97,378 349,2,631 023,775 351,48,49,mistral_table,pdf_text_tokens,no
1272,ITAPISSUMA,-,-,-,-,-,-,8,13,1,156 868,32 710 444,934 204 054,124 048 030,48,49,mistral_table,pdf_text_layout,no
1273,ITAQUITINGA,6,29,19,2 261,14 115,5 618,8,9,41,26,466 723,1 899 812,1 043 101,48,49,mistral_table,pdf_text_layout,no
1274,JATAUBA,14,61,35,1 171,7 216,4 602,9,9,26,162,340,452 980,209 790,48,49,mistral_table,pdf_text_tokens,no
1275,JOÃO ALFREDO,26,170,126,9 865,50 417,26 650,18,19,153,116,1 011 878,6 750 220,2 412 241,48,49,mistral_table,pdf_text_layout,no
1276,JOAQUIM NABUCO,8,810,445,82 991,1 058 030,526 918,6,10,1 120,446,16 239 451,172 129 747,65 702 133,48,49,mistral_table,pdf_text_layout,no
1277,JUPI,17,295,254,16 358,64 542,24 780,27,27,657,588,2 102 923,9 913 981,4 335 925,48,49,mistral_table,pdf_text_layout,no
1278,JUREMA,7,25,7,1 836,13 905,10 382,14,14,93,72,279 112,2 741 060,496 880,48,49,mistral_table,pdf_text_layout,no
1279,LAGOA DO ITAENGA,21,411,336,44 085,936 646,342 139,13,17,567,446,387 494,173 000 125,27 635 959,48,49,mistral_table,pdf_text_layout,no
1280,LAGOA DO OURO,5,21,12,2 126,8 581,3 880,,,,,,,,48,49,mistral_table,pdf_text_layout_partial,yes
1281,LAGOA DOS GATOS,13,79,55,3 839,29 153,12 121,17,18,82,59,549 844,281 623,1 157 212,48,49,mistral_table,pdf_text_layout,no
1282,LAJEDO,24,137,84,11 715,54 729,23 345,39,39,158,99,918 599,4 530 441,2 218 244,48,49,mistral_table,pdf_text_layout,no
1283,LIMOEIRO,85,1 095,837,66 648,856 762,362 577,,,,,,,,48,49,mistral_table,pdf_text_layout_partial,yes
1284,MACAPARANA,17,349,318,14 739,301 662,84 635,11,16,280,250,2 722 114,56 102 574,2 755 610,48,49,mistral_table,pdf_text_layout,no
1285,MACHADOS,8,51,30,2 169,8 463,5 453,24,117,811,452,600,196,000,48,49,mistral_table,pdf_text_tokens,no
1286,MARAIAL,16,473,382,20 188,290 449,71 013,12,16,655,soo,10 425 986,76 721 419,1 2 1 68 412,48,49,mistral_table,pdf_text_layout,no
1287,MIRANDIBA,17,77,50,4 709,180 247,66 977,s,32,22,171,444,1 1 99 496,659 418,48,49,mistral_table,pdf_text_layout,no
1288,MORENO,26,1 259,1 054,118 515,1 181 111,553 198,25,30,977,855,4 635 591,53 856 739,28 788 986,48,49,mistral_table,pdf_text_layout,no
1289,NAZARE DA MATA,29,676,559,61 066,861 790,355 378,29,36 727,599 883,306 117,083 928,68,510 065,48,49,mistral_table,pdf_text_tokens,no
1290,OROBO,14,66,30,3 027,13 303,6 546,21,21,88,se,618 840,2 998 320,1 044 360,48,49,mistral_table,pdf_text_layout,no
1291,OROCO,3,8,4,212,917,458,,,,,,,,48,49,mistral_table,pdf_text_layout_partial,yes
1292,OURICURI,38,265,180,16 259,89 060,68 762,39,45,208,134,1 033 656,566 406,2 595 793,48,49,mistral_table,pdf_text_layout,no
1293,PALMARES,78,1 112,841,79 073,426 153,173 344,66,70,432,296,2 737 142,10 583 768,223 769,48,49,mistral_table,pdf_text_layout,no
1294,PALMEIRINA,4,19,8,1 279,7 326,4 298,,,,,,,,48,49,mistral_table,missing,yes
1295,PANELAS,21,99,44,8 513,34 013,20 192,27,27 129,64,571 440,2,276 128,886 703,48,49,mistral_table,pdf_text_tokens,no
1296,PARANATAMA,11,61,48,5 192,11 110,8 724,-,-,-,-,-,-,-,50,51,mistral_table,tesseract_por_review,no
1297,PARNAMIRIM,17,84,54,3 607,10 007,7 068,18,18,92,72,437 918,1 904 418,1 459 787,50,51,mistral_table,mistral_table,no
1298,PASSIRA,12,53,30,3 218,10 369,5 438,14,14,61,37,414 364,2 206 665,1 044 326,50,51,mistral_table,mistral_table,no
1299,PAUDALHO,67,1 356,1 104,129 074,662 484,372 230,45,50,1 302,1 078,7 320 945,143 671 659,47 519 448,50,51,mistral_table,mistral_table,no
1300,PEDRA,13,60,34,2 390,64 122,18 063,7,7,34,22,99 424,3 662 670,225 391,50,51,mistral_table,mistral_table,no
1301,PESQUEIRA,73,1 710,1 339,133 006,1 294 892,595 967,83,87,1 498,1 273,11 427 641,131 663 257,45 975 644,50,51,mistral_table,mistral_table,no
1302,PETROLANDIA,22,192,152,9 110,32 680,19 587,21,21,147,115,1 267 482,4 605 284,2 620 978,50,51,mistral_table,mistral_table,no
1303,POÇÃO,2,(D),(D),(X),(D),(X),4,4,13,6,55 799,415 113,198 949,50,51,mistral_table,mistral_table,no
1304,POMBOS,28,878,775,59 408,791 335,281 119,37,43,1 026,863,7 489 623,91 135 755,32 148 230,50,51,mistral_table,mistral_table,no
1305,PRIMAVERA,10,46,30,2 172,21 232,12 698,7,7,28,17,171 119,760 326,365 118,50,51,mistral_table,mistral_table,no
1306,QUIPAPA,40,446,336,29 929,275 010,93 306,21,24,453,265,4 255 422,86 336 569,30 727 987,50,51,mistral_table,mistral_table,no
1307,RIACHO DAS ALMAS,16,94,54,936,8 447,5 741,6,6,35,27,104 760,450 150,187 571,50,51,mistral_table,mistral_table,no
1308,RIBEIRÃO,40,1 148,922,93 102,1 107 866,294 609,29,38,1 132,1 041,10 623 564,99 866 453,25 615 286,50,51,mistral_table,mistral_table,no
1309,RIO FORMOSO,19,817,631,66 578,1 254 856,522 817,10,17,965,843,8 747 609,155 575 625,81 961 421,50,51,mistral_table,mistral_table,no
1310,SAIRE,18,105,66,3 901,10 911,7 216,16,16,136,113,1 365 576,15 216 100,11 628 920,50,51,mistral_table,mistral_table,no
1311,SALGADINHO,1,(A),(A),(X),(A),(X),3,3,7,3,44 511,250 240,60 234,50,51,mistral_table,mistral_table,no
1312,SALGUEIRO,44,483,348,42 841,428 037,132 198,36,42,262,182,1 283 875,24 096 579,9 869 939,50,51,mistral_table,mistral_table,no
1313,SALOA,8,28,13,1 753,7 756,3 486,6,6,30,13,183 954,928 200,446 810,50,51,mistral_table,mistral_table,no
1314,SANHARO,7,59,45,4 626,13 524,7 270,31,32,185,135,1 107 928,8 881 127,1 537 943,50,51,mistral_table,mistral_table,no
1315,SANTA CRUZ DO CAPIBARIBE,185,1 019,677,43 731,763 036,315 683,315,315,1 281,804,9 599 328,88 938 820,35 069 306,50,51,mistral_table,mistral_table,no
1316,SANTA MARIA DA BOA VISTA,8,29,13,2 131,6 885,4 404,7,7,29,19,105 083,426 275,176 775,50,51,mistral_table,mistral_table,no
1317,SANTA MARIA DO CAMBUCA,21,175,121,8 990,21 762,11 463,33,33,284,228,998 149,6 001 370,2 085 795,50,51,mistral_table,mistral_table,no
1318,SANTA TEREZINHA,5,51,24,3 154,42 191,8 807,11,11,62,39,344 652,8 254 688,2 473 952,50,51,mistral_table,mistral_table,no
1319,SÃO BENEDITO DO SUL,15,71,47,8 329,20 638,11 818,12,12,67,46,369 240,1 349 628,931 662,50,51,mistral_table,mistral_table,no
1320,SÃO BENTO DO UNA,17,150,110,10 274,443 716,67 935,16,18,120,78,752 927,36 629 782,4 190 636,50,51,mistral_table,mistral_table,no
1321,SÃO CAITANO,25,223,155,11 178,50 887,34 596,29,30,127,88,567 424,5 980 564,1 940 493,50,51,mistral_table,mistral_table,no
1322,SÃO JOÃO,8,38,23,2 926,12 216,5 285,5,5,27,18,107 182,730 345,269 229,50,51,mistral_table,mistral_table,no
1323,SÃO JOAQUIM DO MONTE,4,17,8,875,3 118,995,17,17,38,21,299 440,937 243,503 245,50,51,mistral_table,mistral_table,no
1324,SÃO JOSE DA COROA GRANDE,8,117,106,8 242,37 622,29 222,6,8,103,90,633 894,2 761 646,1 679 157,50,51,mistral_table,mistral_table,no
1325,SÃO JOSE DO BELMONTE,27,79,37,3 880,22 727,14 175,12,12,108,82,1 056 405,4 815 732,3 561 098,50,51,mistral_table,mistral_table,no
1326,SÃO JOSE DO EGITO,26,208,147,9 002,56 751,24 287,65,65,309,222,1 299 824,5 010 955,2 859 494,50,51,mistral_table,mistral_table,no
1327,SÃO LOURENÇO DA MATA,98,3 864,2 828,567 373,7 879 905,1 995 197,47,51,1 491,1 105,17 058 988,254 570 457,111 511 723,50,51,mistral_table,mistral_table,no
1328,SÃO VICENTE FERRER,8,33,22,3 184,14 853,10 490,12,13,60,38,403 304,2 382 911,1 354 965,50,51,mistral_table,mistral_table,no
1329,SERRA TALHADA,80,479,300,26 570,313 209,81 447,70,72,477,335,2 784 684,22 617 052,8 942 885,50,51,mistral_table,mistral_table,no
1330,SERRITA,3,8,5,270,1 557,1 064,3,4,14,9,91 100,462 201,293 504,50,51,mistral_table,mistral_table,no
1331,SERTANIA,21,205,157,11 396,310 792,121 995,13,17,238,192,1 225 029,30 158 324,11 692 510,50,51,mistral_table,mistral_table,no
1332,SIRINHAEM,15,390,245,38 765,723 337,312 042,10,16,455,371,5 130 060,100 882 649,50 123 992,50,51,mistral_table,mistral_table,no
1333,SITIO DOS MOREIRAS,12,69,44,1 606,5 268,2 467,6,6,24,15,230 280,739 100,382 825,50,51,mistral_table,mistral_table,no
1334,SOLIDÃO,2,(B),(A),(X),(A),(X),7,7,21,12,167 600,437 400,291 600,50,51,mistral_table,mistral_table,no
1335,SURUBIM,53,449,295,30 035,168 127,65 323,92,95,540,388,2 774 831,24 714 768,12 278 911,50,51,mistral_table,mistral_table,no
1336,TABIRA,33,176,112,7 505,20 217,10 599,47,47,186,118,1 202 425,3 784 950,1 898 982,50,51,mistral_table,mistral_table,no
1337,TACAIMBO,8,274,236,16 210,51 835,37 234,8,8,144,119,312 258,2 400 669,1 300 758,50,51,mistral_table,mistral_table,no
1338,TACARATU,5,17,12,1 041,4 815,1 637,-,-,-,-,-,-,-,50,51,mistral_table,mistral_table,no
1339,TAQUARITINGA DO NORTE,18,171,119,14 636,116 922,35 149,72,74,555,413,5 449 967,62 485 372,22 051 349,50,51,mistral_table,mistral_table,no
1340,TEREZINHA,2,(B),(B),(X),(B),(X),1,1,(B),(B),(X),(A),(X),50,51,mistral_table,mistral_table,no
1341,TERRA NOVA,1,(A),(A),(X),(A),(X),2,2,(C),(A),(X),(A),(X),50,51,mistral_table,mistral_table,no
1342,TIMBAUBA,116,1 886,1 512,121 699,1 475 031,579 578,90,97,1 870,1 588,14 357 942,212 053 425,88 835 701,50,51,mistral_table,mistral_table,no
1343,TORITAMA,116,648,480,28 473,365 396,150 117,133,133,756,562,9 551 132,73 110 433,26 284 909,52,53,mistral_table,mistral_table,no
1344,TRACUNHAEM,23,149,115,15 943,46 270,35 503,39,39,204,141,1 100 945,4 476 758,2 941 490,52,53,mistral_table,mistral_table,no
1345,TRINDADE,28,237,144,15 627,105 011,65 807,10,11,53,41,528 655,15 604 292,835 216,52,53,mistral_table,mistral_table,no
1346,TRIUNFO,16,75,52,3 428,22 209,10 058,12,13,86,60,562 614,2 208 007,1 061 792,52,53,mistral_table,mistral_table,no
1347,TUPANATINGA,5,21,12,596,4 077,2 414,14,14,43,29,292 358,1 290 068,456 705,52,53,mistral_table,mistral_table,no
1348,TUPARETAMA,8,44,27,1 526,7 357,3 022,15,15,41,21,112 495,642 890,353 109,52,53,mistral_table,mistral_table,no
1349,VENTUROSA,10,60,40,2 292,13 315,6 536,,,,,,,,52,53,mistral_table,missing,yes
1350,VERDEJANTE,16,30,8,753,2 984,2 480,9,9,42,29,189 132,843 250,603 152,52,53,mistral_table,mistral_table,no
1351,VERTENTES,16,84,54,4 386,15 844,9 400,18,18,65,33,241 000,856 240,281 706,52,53,mistral_table,mistral_table,no
1352,VICENCIA,19,832,661,71 881,1 024 666,362 920,19,23,978,730,5 325 296,124 393 829,64 632 618,52,53,mistral_table,mistral_table,no
1353,ALAGOAS,1 572,41 801,31 746,4 026 112,36 968 176,13 567 602,1 305,1 491,41 631,32 519,358 399 908,4 482 015 162,2 039 001 940,52,53,mistral_table,mistral_table,no
1354,EXTRATIVA MINERAL,15,130,85,15 368,122 288,56 355,5,10,49,43,753 288,15 499 149,12 100 086,52,53,mistral_table,mistral_table,no
1355,TRANSFORMAÇÃO,1 557,41 671,31 661,4 010 744,36 845 890,13 511 247,1 300,1 481,41 582,32 476,357 646 620,4 466 516 013,2 026 901 854,52,53,mistral_table,mistral_table,no
1356,NAD METALICOS,323,3 745,2 794,290 409,2 478 683,1 344 603,206,219,2 492,2 053,18 779 163,156 122 397,104 890 867,52,53,mistral_table,mistral_table,no
1357,METALURGICA,68,628,414,84 882,788 207,310 015,94,97,654,470,9 310 503,115 456 113,40 756 359,52,53,mistral_table,mistral_table,no
1358,MECANICA,27,1 075,841,139 912,817 154,431 077,13,21,1 242,997,14 036 498,115 320 326,71 555 715,52,53,mistral_table,mistral_table,no
1359,MATERIAL ELETRICO,4,(D),(B),(X),(C),(X),17,17,164,120,1 144 650,7 754 143,5 201 876,52,53,mistral_table,mistral_table,no
1360,TRANSPORTE,27,423,323,36 295,232 743,128 773,17,17,164 120,144 650,7,754 143,s 201 676,52,53,mistral_table,pdf_text_layout,no
1361,MADEIRA,147,881,443,42 597,261 622,151 758,133,135,584,380,4 014 870,14 966 699,7 243 334,52,53,mistral_table,mistral_table,no
1362,MOBILIARIO,110,650,440,45 499,192 204,123 012,113,113,613,449,5 052 941,19 688 984,9 728 374,52,53,mistral_table,mistral_table,no
1363,PAPEL E PAPELÃO,3,53,44,3 863,41 147,17 435,2,3,43,34,345 069,3 430 199,1 877 898,52,53,mistral_table,mistral_table,no
1364,BORRACHA,4,69,50,6 525,134 293,117 216,2,3,14,9,117 600,1 197 399,655 191,52,53,mistral_table,mistral_table,no
1365,COUROS E PELES,11,77,53,5 200,88 751,27 054,10,10,66,46,372 395,8 574 936,1 778 124,52,53,mistral_table,mistral_table,no
1366,QUIMICA,46,4 089,2 652,742 463,9 949 281,3 051 516,28,63,5 628,4 447,72 706 524,1 813 090 281,853 564 082,52,53,mistral_table,mistral_table,no
1367,FARMACÊUTICA,3,90,64,7 657,79 783,18 349,2,2,(F),(E),(X),(F),(X),52,53,mistral_table,mistral_table,no
1368,PERFUMARIA,1,(C),(C),(X),(D),(X),1,2,(B),(B),(X),(B),(X),52,53,mistral_table,mistral_table,no
1369,MATS. PLASTICAS,6,249,211,15 191,179 169,90 829,6,7,136,110,934 381,13 207 740,4 722 197,52,53,mistral_table,mistral_table,no
1370,TEXTIL,29,2 789,2 487,252 541,2 492 308,813 320,8,15,1 637,1 473,11 556 646,212 688 171,102 667 772,52,53,mistral_table,mistral_table,no
1371,VESTUARIO,48,1 083,990,67 331,932 772,330 689,16,18,424,390,2 371 396,19 975 092,8 403 306,52,53,mistral_table,mistral_table,no
1372,ALIMENTARES,617,21 690,16 354,989 816,16 456 550,5 644 951,580,667,23 759,17 922,191 691 168,1 688 133 768,685 336 102,52,53,mistral_table,mistral_table,no
1373,BEBIDAS,14,261,191,27 395,155 342,70 511,8,12,393,331,2 481 218,24 195 623,14 053 344,52,53,mistral_table,mistral_table,no
1374,FUMO,22,2 858,2 578,114 764,1 107 135,535 274,8,20,2 852,2 717,13 748 661,203 791 500,87 901 846,52,53,mistral_table,mistral_table,no
1375,GRAFICA,38,888,538,107 834,360 107,239 370,40,44,667,371,7 774 648,32 339 978,18 915 026,52,53,mistral_table,mistral_table,no
1376,DIVERSAS,15,218,176,26 241,79 303,55 959,13,13,98,74,727 607,2 738 651,1 498 303,52,53,mistral_table,mistral_table,no
1377,MACEIO,438,11 250,6 995,1 627 992,11 457 990,4 650 206,348,405,9 795,6 112,125 953 907,1 733 706 670,895 639 926,52,53,mistral_table,mistral_table,no
1378,EXTRATIVA MINERAL,1,(A),(A),(X),(E),(X),1,1,(B),(B),(X),(F),(X),52,53,mistral_table,mistral_table,no
1379,TRANSFORMAÇÃO,437,(F),(F),(X),(D),(X),347,404,(F),(F),(X),(G),(X),52,53,mistral_table,mistral_table,no
1380,NAD METALICOS,51,990,661,91 622,371 326,222 792,24,31,586,471,4 731 722,34 657 593,21 942 529,52,53,mistral_table,mistral_table,no
1381,METALURGICA,30,261,131,28 565,100 464,51 596,35,36,214,140,1 584 149,9 452 366,4 540 368,52,53,mistral_table,mistral_table,no
1382,MECANICA,22,809,598,113 957,702 540,378 684,9,13,871,652,10 227 600,92 691 319,52 285 289,52,53,mistral_table,mistral_table,no
1383,MATERIAL ELETRICO,4,23,6,2 673,16 386,4 085,-,-,-,-,-,-,-,52,53,mistral_table,mistral_table,no
1384,TRANSPORTE,10,285,222,27 561,193 231,102 795,3,3,115,88,714 657,5 953 143,4 135 841,52,53,mistral_table,mistral_table,no
1385,MADEIRA,30,194,137,11 262,96 215,77 882,22,22,135,93,726 194,2 791 670,1 141 820,52,53,mistral_table,mistral_table,no
1386,MOBILIARIO,20,292,214,23 290,116 667,85 806,14,14,261,226,1 775 553,9 184 520,4 367 581,52,53,mistral_table,mistral_table,no
1387,PAPEL E PAPELÃO,2,(D),(C),(X),(D),(X),1,12,(E),(B),(X),(D),(X),52,53,mistral_table,mistral_table,no
1388,BORRACHA,3,56,39,5 621,132 093,117 496,1,1,(B),(A),(X),(B),(X),52,53,mistral_table,mistral_table,no
1389,QUIMICA,13,1 220,458,476 671,5 322 880,1 503 126,13,23,1 183,651,36 741 804,1 027 010 150,529 291 938,52,53,mistral_table,mistral_table,no
1390,FARMACÊUTICA,2,(E),(E),(X),(E),(X),1,1,(F),(E),(X),(F),(X),52,53,mistral_table,mistral_table,no
1391,PERFUMARIA,1,(E),(E),(X),(E),(X),1,1,(B),(A),(X),(A),(X),52,53,mistral_table,mistral_table,no
1392,MATS. PLASTICAS,4,149,118,9 926,116 340,54 263,6,6,110,87,780 655,9 695 304,3 881 389,52,53,mistral_table,mistral_table,no
1393,TEXTIL,11,1 077,934,86 134,703 064,255 081,3,6,559,423,4 059 327,50 193 628,27 084 307,52,53,mistral_table,mistral_table,no
1394,VESTUARIO,1,144,106,8 942,50 869,25 095,5,5,46,36,206 671,1 288 767,578 487,52,53,mistral_table,mistral_table,no
1395,ALIMENTARES,171,4 444,2 520,583 670,2 873 106,1 413 053,175,200,4 711,2 597,53 593 483,414 824 272,202 429 687,52,53,mistral_table,mistral_table,no
1396,BEBIDAS,6,190,137,24 051,125 128,56 439,2,1,196,162,1 751 446,20 357 838,12 804 309,52,53,mistral_table,mistral_table,no
1397,FUMO,1,(D),(D),(X),(B),(X),-,1,(B),(A),(X),(A),(X),52,53,mistral_table,mistral_table,no
1398,GRAFICA,28,822,492,103 690,342 757,233 237,22,24,978,322,7 070 021,30 137 390,17 768 885,52,53,mistral_table,mistral_table,no
1399,DIVERSAS,11,159,123,9 705,53 940,31 303,10,10,89,69,623 387,2 424 151,1 352 453,52,53,mistral_table,mistral_table,no
1400,ARAPIRACA,163,3 558,2 988,174 704,1 555 558,708 713,136,161,3 618,3 235,18 183 711,230 573 117,97 052 620,52,53,mistral_table,mistral_table,no
1401,NAD METALICOS,11,(F),(F),(X),(E),(X),6,7,127,111,724 522,4 546 531,2 761 957,52,53,mistral_table,mistral_table,no
1402,QUIMICA,1,(E),(E),(X),(E),(X),-,1,(D),(D),(X),(F),(X),52,53,mistral_table,mistral_table,no
1403,MATS. PLASTICAS,1,(E),(E),(X),(E),(X),-,1,(D),(D),(X),(E),(X),52,53,mistral_table,mistral_table,no
1404,ALIMENTARES,53,442,340,26 066,220 668,62 114,46,53,362,240,2 044 125,18 683 075,6 477 750,52,53,mistral_table,mistral_table,no
1405,FUMO,20,2 311,2 040,91 796,909 032,449 137,8,18,2 623,2 513,12 123 146,182 917 794,78 124 562,52,53,mistral_table,mistral_table,no
1406,DEMAIS GENEROS,78,562,407,40 206,279 420,102 293,76,81,455,327,2 921 493,12 889 160,6 151 722,52,53,mistral_table,mistral_table,no
1407,AGUA BRANCA,23,101,53,11 233,23 335,13 508,12,12,54,29,630 262,1 556 001,805 365,52,53,mistral_table,mistral_table,no
1408,AMADIA,9,46,25,2 054,6 552,4 132,7,7,36,14,171 150,634 527,306 484,52,53,mistral_table,mistral_table,no
1409,ATALAIA,28,1 429,1 209,143 131,2 048 677,664 300,25,32,1 725,1 413,14 897 587,250 655 420,71 883 907,52,53,mistral_table,mistral_table,no
1410,BARRA DE SANTO ANTONIO,11,55,29,2 754,16 191,6 715,3,3,11,7,84 885,396 400,233 900,52,53,mistral_table,mistral_table,no
1411,BARRA DE SÃO MIGUEL,-,-,-,-,-,-,1,1,(B),(A),(X),(B),(X),52,53,mistral_table,mistral_table,no
1412,BATALHA,17,98,55,8 581,274 414,76 493,4,7,96,70,895 236,42 240 616,12 765 138,54,55,mistral_table,mistral_table,no
1413,BELEM,1,(A),(A),(X),(A),(X),2,2,(B),(A),(X),(B),(X),54,55,mistral_table,mistral_table,no
1414,BELO MONTE,5,19,9,469,2 126,1 582,-,2,(D),(D),(X),(F),(X),54,55,mistral_table,mistral_table,no
1415,BOCA DA MATA,10,999,904,90 332,952 131,455 204,12,15,1 192,1 168,2 717 700,105 715 381,37 784 976,54,55,mistral_table,mistral_table,no
1416,BRANQUINHA,7,26,18,4 060,6 010,4 434,4,4,19,14,61 000,443 145,268 578,54,55,mistral_table,mistral_table,no
1417,CACIMBINHAS,9,33,26,3 117,12 367,4 156,8,8,44,34,198 700,640 600,447 500,54,55,mistral_table,mistral_table,no
1418,CAJUEIRO,9,588,399,52 590,387 242,87 371,9,10,530,270,3 959 374,31 115 815,7 379 300,54,55,mistral_table,mistral_table,no
1419,CAMPO ALEGRE,12,957,458,135 456,839 898,202 576,5,8,1 374,801,9 095 198,54 867 418,22 859 033,54,55,mistral_table,mistral_table,no
1420,CAMPO GRANDE,1,(A),(A),(X),(A),(X),5,5,13,6,43 080,165 600,101 050,54,55,mistral_table,mistral_table,no
1421,CANAPI,10,47,23,1 513,5 692,2 721,1,1,(A),(A),(X),(A),(X),54,55,mistral_table,mistral_table,no
1422,CAPELA,13,507,456,46 860,326 437,6 406,9,10,562,484,4 577 846,50 600 725,10 739 837,54,55,mistral_table,mistral_table,no
1423,CARNEIROS,3,11,5,194,575,312,3,3,12,6,31 763,325 280,44 459,54,55,mistral_table,mistral_table,no
1424,CHÂ PRETA,2,(B),(A),(X),(B),(X),1,1,(A),(A),(X),(A),(X),54,55,mistral_table,mistral_table,no
1425,COITE DO NOIA,1,(A),(A),(X),(A),(X),1,1,(A),(A),(X),(A),(X),54,55,mistral_table,mistral_table,no
1426,COLONIA LEOPOLDINA,25,603,366,46 223,500 606,101 235,12,12,963,772,4 912 906,49 653 913,-13 463 557,54,55,mistral_table,mistral_table,no
1427,COQUEIRO SECO,2,(C),(B),(X),(B),(X),3,3,14,7,85 800,393 338,189 201,54,55,mistral_table,mistral_table,no
1428,CORURIPE,16,2 003,1 928,54 854,1 465 727,534 845,15,23,2 620,2 183,30 006 901,219 128 577,91 980 662,54,55,mistral_table,mistral_table,no
1429,CRAIBAS,-,-,-,-,-,-,4,4,15,5,45 757,571 600,279 274,54,55,mistral_table,mistral_table,no
1430,DELMIRO GOUVEIA,24,1 525,1 448,149 943,1 952 222,602 182,61,66,1 173,1 073,8 820 680,137 118 182,56 272 448,54,55,mistral_table,mistral_table,no
1431,DOIS RIACHOS,10,52,37,1 810,7 797,4 397,4,4,19,5,20 400,618 322,314 793,54,55,mistral_table,mistral_table,no
1432,FEIRA GRANDE,2,(B),(A),(X),(A),(X),3,3,20,10,144 600,455 402,173 346,54,55,mistral_table,mistral_table,no
1433,FELIZ DESERTO,2,(B),(A),(X),(A),(X),1,1,(A),(A),(X),(A),(X),54,55,mistral_table,mistral_table,no
1434,FLEXEIRAS,6,573,329,39 423,286 244,59 455,8,10,467,403,2 356 529,63 976 829,33 638 293,54,55,mistral_table,mistral_table,no
1435,GIRAU DO PONCIANO,7,20,10,1 168,10 056,3 230,2,2,(B),(A),(X),(A),(X),54,55,mistral_table,mistral_table,no
1436,IBATEGUARA,13,59,39,3 492,10 791,6 793,10,10,38,26,250 617,1 260 760,658 228,54,55,mistral_table,mistral_table,no
1437,IGACI,6,38,28,2 717,12 592,5 407,8,8,46,35,221 355,767 000,613 450,54,55,mistral_table,mistral_table,no
1438,IGREJA NOVA,-,-,-,-,-,-,4,4,665,638,2 909 255,29 837 691,12 137 085,54,55,mistral_table,mistral_table,no
1439,INHAPI,3,18,6,536,5 520,2 365,1,1,(A),(A),(X),(A),(X),54,55,mistral_table,mistral_table,no
1440,JACARE DOS HOMENS,7,27,18,1 125,18 000,5 273,5,5,24,17,388 116,803 504,588 515,54,55,mistral_table,mistral_table,no
1441,JACUIPE,2,(C),(A),(X),(B),(X),1,1,(A),(A),(X),(B),(X),54,55,mistral_table,mistral_table,no
1442,JAPARATINGA,2,(F),(F),(X),(F),(X),3,3,495,385,9 045 419,60 937 532,30 988 718,54,55,mistral_table,mistral_table,no
1443,JARAMATAIA,4,86,73,6 112,46 162,25 024,1,1,(A),(A),(X),(A),(X),54,55,mistral_table,mistral_table,no
1444,JOAQUIM GOMES,9,567,395,53 364,759 958,435 209,18,21,1 172,1 131,5 473 246,103 279 849,61 820 552,54,55,mistral_table,mistral_table,no
1445,JUNDIA,5,145,122,12 324,42 146,29 631,6,6,65,50,182 751,2 499 719,883 412,54,55,mistral_table,mistral_table,no
1446,JUNQUEIRO,5,877,734,33 470,604 109,209 422,11,13,498,331,4 683 459,37 463 351,1 634 985,54,55,mistral_table,mistral_table,no
1447,LAGOA DA CANOA,4,525,513,15 097,199 027,84 988,7,8,251,224,1 882 180,21 756 773,10 317 851,54,55,mistral_table,mistral_table,no
1448,LIMOEIRO DE ANADIA,5,19,14,2 352,4 900,2 951,1,1,(B),(A),(X),(A),(X),54,55,mistral_table,mistral_table,no
1449,MAJOR ISIDORO,27,170,119,11 571,35 066,20 031,21,23,180,143,1 192 202,20 424 947,10 314 984,54,55,mistral_table,mistral_table,no
1450,MARAGOGI,2,(C),(B),(X),(C),(X),2,2,(C),(B),(X),(B),(X),54,55,mistral_table,mistral_table,no
1451,MARAVILHA,4,14,8,1 227,4 046,1 474,3,3,19,14,22 082,245 196,79 810,54,55,mistral_table,mistral_table,no
1452,MARECHAL DEODORO,10,591,390,52 141,429 881,105 409,2,5,721,686,4 654 082,36 580 447,14 304 612,54,55,mistral_table,mistral_table,no
1453,MARIBONDO,16,88,57,5 093,21 417,9 303,21,21,94,60,1 062 020,4 856 581,2 686 759,54,55,mistral_table,mistral_table,no
1454,MAR VERMELHO,1,(A),(A),(X),(A),(X),-,-,-,-,-,-,-,54,55,mistral_table,mistral_table,no
1455,MATA GRANDE,6,26,14,2 086,10 237,4 845,2,2,(B),(B),(X),(C),(X),54,55,mistral_table,mistral_table,no
1456,MATRIZ DE CAMARAGIBE,29,386,235,39 067,163 482,52 112,28,30,469,274,2 856 312,36 200 280,13 426 931,54,55,mistral_table,mistral_table,no
1457,MESSIAS,4,269,235,32 930,422 202,138 335,1,2,(F),(F),(X),(G),(X),54,55,mistral_table,mistral_table,no
1458,MINADOR DO NEGRÃO,4,15,7,1 439,4 900,2 718,5,5,18,9,147 873,628 207,210 423,54,55,mistral_table,mistral_table,no
1459,MONTEIROPOLIS,5,18,10,668,50 331,13 363,2,2,(B),(A),(X),(B),(X),56,57,mistral_table,mistral_table,no
1460,MURICI,34,589,487,71,414 388,111 124,15,15,75,42,355 983,1 788 716,972 435,56,57,mistral_table,mistral_table,no
1461,NOVO LINO,5,27,13,1 549,9 995,5,3,3,12,8,96 020,511 466,303 215,56,57,mistral_table,mistral_table,no
1462,OLHO D'AQUA DAS FLORES,13,75,45,4 058,52 774,29,6,6,76,57,317 854,7 610 755,3 171 830,56,57,mistral_table,mistral_table,no
1463,OLIVENCA,5,17,10,696,2 254,1 172,8,8,30,18,141 500,745 600,353 392,56,57,mistral_table,mistral_table,no
1464,OURO BRANCO,4,17,9,438,3 870,1 331,5,5,17,11,57 400,590 973,363 984,56,57,mistral_table,mistral_table,no
1465,PALESTINA,17,54,35,1 025,5 304,3,1,1,(A),(A),(X),(A),(X),56,57,mistral_table,mistral_table,no
1466,PALMEIRA DOS INDIOS,69,544,415,26 493,230 201,98,84,90,479,350,5 174 769,15 525 518,8 492 243,56,57,mistral_table,mistral_table,no
1467,PÃO DE AÇUCAR,17,78,37,4 442,21 511,9,9,10,33,19,203 014,1 224 114,834 579,56,57,mistral_table,mistral_table,no
1468,PASSO DE CAMARAGIBE,9,67,45,2 797,23 842,18,6,6,73,56,352 961,2 537 374,2 140 742,56,57,mistral_table,mistral_table,no
1469,PAULO JACINTO,4,11,4,2 076,13 440,3,8,8,43,27,102 132,495 542,236 764,56,57,mistral_table,mistral_table,no
1470,PENEDO,27,642,558,61,635 256,616 111,19,23,599,492,2 231 886,26 284 156,9 736 667,56,57,mistral_table,mistral_table,no
1471,PIAÇABUÇU,9,54,37,2 562,13 882,4,12,12,49,27,270 951,2 072 768,796 039,56,57,mistral_table,mistral_table,no
1472,PILAR,24,999,922,51,202 639,816 296,24,27,1 058,992,9 426 970,47 464 571,16 736 106,56,57,mistral_table,mistral_table,no
1473,PINDOBA,1,(A),(A),(X),(A),(X),1,1,(A),(A),(X),(A),(X),56,57,mistral_table,mistral_table,no
1474,PIRANHAS,-,-,-,-,-,-,3,3,12,7,102 000,181 540,101 540,56,57,mistral_table,mistral_table,no
1475,POÇO DAS TRINCHEIRAS,4,20,13,772,6 677,3 470,2,2,(B),(A),(X),(A),(X),56,57,mistral_table,mistral_table,no
1476,PORTO CALVO,11,669,525,97,137 701,284 234,20,23,694,498,7 493 600,92 634 925,40 072 029,56,57,mistral_table,mistral_table,no
1477,PORTO DE PEDRAS,2,(C),(B),(X),(B),(X),2,2,(B),(A),(X),(B),(X),56,57,mistral_table,mistral_table,no
1478,PORTO REAL DO COLEGIO,3,19,10,779,1 655,1 026,1,1,(A),(A),(X),(A),(X),56,57,mistral_table,mistral_table,no
1479,QUEBRANGULO,6,27,18,1 337,11 973,7,17,17,49,30,674 280,1 964 650,745 150,56,57,mistral_table,mistral_table,no
1480,RIO LARGO,36,2 014,1 910,214 194,1 710,407 747,20,29,1 336,1 215,14 988 759,137 503 435,76 915 724,56,57,mistral_table,mistral_table,no
1481,ROTEIRO,1,(F),(F),(X),(G),(X),1,1,(F),(F),(X),(G),(X),56,57,mistral_table,mistral_table,no
1482,SANTA LUZIA DO NORTE,11,184,112,22 267,263 904,17,6,8,190,117,2 343 611,51 887 709,20 497 266,56,57,mistral_table,mistral_table,no
1483,SANTANA DO IPANEMA,23,120,67,12 549,69 653,29,17,20,92,62,590 488,9 016 015,4 598 947,56,57,mistral_table,mistral_table,no
1484,SANTANA DO MUNDAU,16,78,58,4 913,10 529,8,10,10,32,19,160 830,717 656,442 641,56,57,mistral_table,mistral_table,no
1485,SÃO BRAS,4,14,10,1 612,4 903,2,4,4,14,10,211 600,578 720,270 040,56,57,mistral_table,mistral_table,no
1486,SÃO JOSE DA LAJE,24,1 187,1 017,131,754 855,248 460,7,8,927,743,7 915 949,51 673 966,27 959 931,56,57,mistral_table,mistral_table,no
1487,SÃO JOSE DA TAPERA,13,55,31,2 051,12 718,7,7,7,28,13,141 369,1 134 100,707 661,56,57,mistral_table,mistral_table,no
1488,SÃO LUIS DO QUITUNDE,9,1 577,1 214,160 775,1 043,597 398,10,13,891,777,5 066 497,101 404 526,33 587 432,56,57,mistral_table,mistral_table,no
1489,SÃO MIGUEL DOS CAMPOS,43,2 661,2 175,167 270,4 456 481,1 351,26,40,3 496,3 028,21 571 049,428 158 975,224 969 879,56,57,mistral_table,mistral_table,no
1490,SÃO MIGUEL DOS MILAGRES,1,(A),(A),(X),(A),(X),1,1,(A),(A),(X),(A),(X),56,57,mistral_table,mistral_table,no
1491,SÃO SEBASTIÃO,4,25,21,2 206,10 949,6,8,8,29,13,126 989,566 211,310 736,56,57,mistral_table,mistral_table,no
1492,SATUBA,12,371,304,19,594 226,093 125,10,10,333,291,2 393 839,7 716 436,5 665 380,56,57,mistral_table,mistral_table,no
1493,SENADOR RUI PALMEIRA,-,-,-,-,-,-,2,2,(B),(A),(X),(B),(X),56,57,mistral_table,mistral_table,no
1494,TANQUE D'ARCA,3,12,2,489,1 545,1 044,8,8,28,15,176 800,504 150,293 177,56,57,mistral_table,mistral_table,no
1495,TAQUARANA,2,(B),(A),(X),(A),(X),6,6,42,24,148 913,564 846,277 134,56,57,mistral_table,mistral_table,no
1496,TRAIPU,10,45,32,2 229,12 585,6,4,4,18,10,128 975,694 582,262 591,56,57,mistral_table,mistral_table,no
1497,UNIÃO DOS PALMARES,38,610,480,50 453,380 316,22,25,29,1 027,854,8 910 327,68 067 371,35 055 622,56,57,mistral_table,mistral_table,no
1498,VIÇOSA,19,97,65,4 171,26 145,16,15,17,83,54,300 062,1 430 807,533 652,56,57,mistral_table,mistral_table,no
1499,SERGIPE,1 918,23 170,17 026,2 658 115,16 529 066,7 482 673,1 817,1 989,24 532,19 219,198 823 480,2 724 928 842,1 254 552 650,56,57,mistral_table,mistral_table,no
1500,EXTRATIVA MINERAL,43,1 303,152,606 099,50 648,38 045,27,35,256,218,2 061 328,9 528 394,6 223 858,56,57,mistral_table,mistral_table,no
1501,TRANSFORMAÇÃO,1 873,21 821,16 828,2 045 497,16 468 675,7 435 296,1 790,1 954,24 276,19 001,196 762 152,2 715 400 248,1 248 328 792,56,57,mistral_table,mistral_table,no
1502,NÃO METÁLICOS,826,5 491,3 931,355 270,2 209 552,1 117 190,816,837,5 640,4 098,35 633 891,277 633 056,170 422 837,56,57,mistral_table,mistral_table,no
1503,METALÚRGICA,67,634,476,61 514,479 706,300 917,80,85,442,325,3 291 050,30 177 163,9 856 227,56,57,mistral_table,mistral_table,no
1504,MECANICA,7,676,582,70 763,206 028,156 957,16,32,637,530,12 760 340,36 208 794,27 668 391,56,57,mistral_table,mistral_table,no
1505,MATERIAL ELÉTRICO,7,(E),(E),(X),(E),(X),4,8,241,200,1 557 304,8 712 652,5 481 197,56,57,mistral_table,mistral_table,no
1506,TRANSPORTE,17,188,142,11 576,51 278,39 165,22,8,291,244,1 483 726,7 276 470,1 291 917,56,57,mistral_table,mistral_table,no
1507,MADEIRA,113,635,424,40 296,165 880,90 902,123,127,567,376,3 978 418,21 888 570,8 331 786,56,57,mistral_table,mistral_table,no
1508,MOBILIÁRIO,100,545,387,34 272,128 710,65 136,120,120,572,394,3 847 637,20 538 869,8 299 447,58,59,mistral_table,mistral_table,no
1509,PAPEL E PAPELÃO,4,133,122,10 641,83 844,34 715,2,4,87,73,941 644,5 448 129,2 726 139,58,59,mistral_table,mistral_table,no
1510,BORRACHA,6,134,92,20 098,117 599,84 870,,,,,,,,58,59,mistral_table,pdf_text_layout_partial,yes
1511,COUROS E PELES,14,182,122,18 984,129 946,45 160,6,8,165,146,1 529 331,21 430 391,8 225 700,58,59,mistral_table,mistral_table,no
1512,QUÍMICA,13,235,209,19 506,216 428,77 023,4,19,750,520,16 234 277,455 753 919,151 015 331,58,59,mistral_table,mistral_table,no
1513,FARMACÊUTICA,2,(D),(D),(X),(D),(X),2,2,(D),10),(X 1,IDI,IX I,58,59,mistral_table,pdf_text_layout,no
1514,PERFUMÁRIA,5,80,64,5 188,145 145,25 616,3,4,30,21,239 271,2 301 257,511 341,58,59,mistral_table,mistral_table,no
1515,MATS. PLASTICAS,5,93,55,6 935,167 677,65 557,6,8,209,155,1 569 435,15 492 408,5 799 016,58,59,mistral_table,mistral_table,no
1516,TEXTIL,64,4 839,4 244,467 949,5 783 546,2 076 423,17,55,4 860,4 335,46 471 036,943 006 749,499 719 199,58,59,mistral_table,mistral_table,no
1517,VESTUÁRIO,47,1 024,876,61 944,968 516,593 510,37,39,1 149,918,6 512 027,73 256 076,52 540 169,58,59,mistral_table,mistral_table,no
1518,ALIMENTARES,453,5 241,3 739,388 454,4 265 208,1 722 373,457,495,7 259,5 591,49 960 718,718 010 026,261 690 144,58,59,mistral_table,mistral_table,no
1519,BEBIDAS,26,216,142,26 446,176 438,120 572,10,156,210,152,1 645 075,13 857 826,5 921 241,58,59,mistral_table,mistral_table,no
1520,FUMO,13,165,144,12 051,245 053,103 476,11,13,198,165,1 665 679,17 842 157,4 164 016,58,59,mistral_table,mistral_table,no
1521,GRAFICA,30,448,315,40 893,167 395,103 235,35,38,492,371,3 735 356,25 625 517,13 343 819,58,59,mistral_table,mistral_table,no
1522,DIVERSAS,23,731,660,374 509,777 070,578 819,19,20,417,340,2 821 073,14 750 031,8 295 721,58,59,mistral_table,mistral_table,no
1523,ARACAJU,383,9 766,6 880,1 725 266,8 372 153,3 852 213,332,409,9 260,7 420,77 391 606,975 074 985,504 219 722,58,59,mistral_table,mistral_table,no
1524,EXTRATIVA MINERAL,10,1 096,12,571 864,14 039,13 728,2,2,(C),(A),(X),(B),(X),58,59,mistral_table,mistral_table,no
1525,TRANSFORMAÇÃO,372,8 651,6 849,1 148 325,8 350 797,3 831 231,330,407,(F),(F),(X),(G),(X),58,59,mistral_table,mistral_table,no
1526,NÃO METÁLICOS,51,849,555,107 519,1 276 671,537 654,29,40,857,622,7 284 628,57 433 386,29 448 158,58,59,mistral_table,mistral_table,no
1527,METALÚRGICA,32,511,397,53 541,446 647,281 877,43,48,330,253,2 509 018,28 161 787,8 264 713,58,59,mistral_table,mistral_table,no
1528,MECÂNICA,28,421,370,50 872,154 372,126 862,11,21,287,225,2 953 812,18 178 081,12 861 011,58,59,mistral_table,mistral_table,no
1529,MATERIAL ELÉTRICO,6,83,67,10 251,37 092,22 640,3,6,196,157,1 282 885,5 571 991,4 099 116,58,59,mistral_table,mistral_table,no
1530,TRANSPORTE,4,83,64,7 059,33 996,30 590,6,7,164,139,785 988,3 521 926,-40 094,58,59,mistral_table,mistral_table,no
1531,MADEIRA,13,116,84,7 091,35 291,21 533,15,16,103,73,548 395,1 697 892,874 309,58,59,mistral_table,mistral_table,no
1532,MOBILIÁRIO,17,182,138,13 491,47 514,27 916,31,31,233,180,1 392 786,7 023 221,3 094 080,58,59,mistral_table,mistral_table,no
1533,PAPEL E PAPELÃO,4,133,122,10 641,83 844,34 715,2,4,87,73,941 644,5 448 129,2 726 139,58,59,mistral_table,mistral_table,no
1534,BORRACHA,3,95,63,14 036,69 461,52 683,-,-,-,-,-,-,-,58,59,mistral_table,mistral_table,no
1535,COUROS E PELES,2,(D),(D),(X),(E),(X),-,-,-,-,-,-,-,58,59,mistral_table,tesseract_por_review,no
1536,QUÍMICA,7,196,182,17 068,146 812,57 174,3,6,109,88,1 570 569,33 224 380,11 226 127,58,59,mistral_table,mistral_table,no
1537,FARMACÊUTICA,2,(D),(D),(X),(D),(X),2,2,IDI,IDI,(X 1,(O),IX l,58,59,mistral_table,pdf_text_layout,no
1538,PERFUMÁRIA,5,80,61,5 291,1 421,24 982,2,3,28,20,226 771,2 251 257,486 341,58,59,mistral_table,mistral_table,no
1539,MATS. PLASTICAS,2,(D),(C),(X),(D),(X),5,6,148,106,984 397,9 720 759,3 336 179,58,59,mistral_table,mistral_table,no
1540,TEXTIL,28,2 109,1 845,190 905,2 212 429,705 690,10,24,2 343,2 088,22 441 991,479 411 260,260 748 932,58,59,mistral_table,mistral_table,no
1541,VESTUÁRIO,25,878,765,54 048,632 791,371 529,13,15,994,800,5 543 782,66 777 349,48 822 669,58,59,mistral_table,mistral_table,no
1542,ALIMENTARES,99,1 563,1 027,156 259,1 903 953,711 478,116,132,2 463,1 897,21 442 746,213 770 490,95 316 386,58,59,mistral_table,mistral_table,no
1543,BEBIDAS,7,146,105,23 956,155 073,108 441,3,5,105,76,1 106 425,10 801 639,3 997 905,58,59,mistral_table,mistral_table,no
1544,FUMO,1,(C),(C),(X),(A),(X),-,1,(C),(A),(X),(A),(X),58,59,mistral_table,mistral_table,no
1545,GRAFICA,23,407,284,38 765,157 291,100 589,24,27,446,339,3 479 515,20 747 712,11 473 139,58,59,mistral_table,mistral_table,no
1546,DIVERSAS,13,682,636,371 890,768 541,572 479,12,13,305,254,2 054 426,11 171 695,6 313 732,58,59,mistral_table,mistral_table,no
1547,AMPARO DE SÃO FRANCISCO,1,(A),(A),(X),(A),(X),2,2,(B),(A),(X),(A),(X),58,59,mistral_table,mistral_table,no
1548,AQUIDABÁ,17,57,35,4 548,12 650,7 452,10,11,44,27,249 799,7 212 620,551 133,58,59,mistral_table,mistral_table,no
1549,ARAÚA,6,75,60,3 291,259 028,67 953,6,7,77,54,433 319,12 756 598,1 447 428,58,59,mistral_table,mistral_table,no
1550,AREIA BRANCA,16,67,30,3 528,11 144,4 910,15,15,70,33,397 920,1 007 030,457 430,58,59,mistral_table,mistral_table,no
1551,BARRA DOS COQUEIROS,3,14,8,716,8 661,3 695,5,7,49,40,354 267,1 559 010,637 091,58,59,mistral_table,mistral_table,no
1552,BOQUIM,12,86,64,4 221,16 249,9 645,11,13,64,48,1 448 524,8 197 899,3 380 590,58,59,mistral_table,mistral_table,no
1553,BREJO GRANDE,12,40,20,1 570,8 593,3 103,9,9,34,21,178 479,1 110 125,372 581,58,59,mistral_table,mistral_table,no
1554,CAMPO DO BRITO,6,34,27,1 928,10 997,3 821,7,7,21,11,174 280,555 243,324 058,58,59,mistral_table,mistral_table,no
1555,CANHOBA,-,-,-,-,-,-,2,2,(B),(A),(X),(A),(X),58,59,mistral_table,mistral_table,no
1556,CANINDE DE SÃO FRANCISCO,1,(A),(A),(X),(A),(X),3,3,10,7,21 800,152 450,44 450,58,59,mistral_table,mistral_table,no
1557,CAPELA,16,874,792,52 748,522 651,257 941,5,10,800,775,4 055 425,28 515 898,16 061 552,58,59,mistral_table,mistral_table,no
1558,CARIRA,28,103,64,3 734,17 742,7 460,35,35,178,107,693 830,3 053 564,2 061 188,58,59,mistral_table,mistral_table,no
1559,CARMÓPOLIS,7,41,27,1 591,7 339,3 938,3,4,101,77,749 043,4 311 237,3 010 795,58,59,mistral_table,mistral_table,no
1560,CEDRO DE SÃO JOÃO,4,21,14,955,6 900,2 718,10,10,47,28,192 600,1 280 400,365 400,58,59,mistral_table,mistral_table,no
1561,CRISTINAPOLIS,4,22,14,1 389,10 046,4 346,3,3,6,4,31 515,287 914,175 814,58,59,mistral_table,mistral_table,no
1562,CUMBE,1,(A),(A),(X),(A),(X),2,2,(B),(A),(X),(A),(X),58,59,mistral_table,mistral_table,no
1563,DIVINA PASTORA,3,25,15,2 514,28 632,15 614,3,3,28,19,126 434,777 659,235 867,58,59,mistral_table,mistral_table,no
1564,ESTÂNCIA,66,2 263,1 924,225 940,2 279 571,917 063,40,58,3 002,2 475,27 422 613,410 022 220,197 238 170,58,59,mistral_table,mistral_table,no
1565,FEIRA NOVA,4,20,12,1 302,15 510,3 578,3,3,10,5,29 680,175 684,66 644,58,59,mistral_table,mistral_table,no
1566,FREI PAULO,14,71,36,5 158,70 057,24 251,14,16,146,108,1 071 720,42 399 346,15 086 834,58,59,mistral_table,mistral_table,no
1567,GARARU,10,29,16,1 005,8 588,2 544,9,9,28,15,76 825,778 335,171 435,58,59,mistral_table,mistral_table,no
1568,GENERAL MAYMARD,1,(A),(A),(X),(A),(X),-,1,(A),(A),(X),(D),(X),58,59,mistral_table,mistral_table,no
1569,GRACHO CARDOSO,12,38,20,1 798,26 340,4 326,4,4,10,6,33 700,284 900,64 380,58,59,mistral_table,mistral_table,no
1570,ILHA DAS FLORES,8,33,17,1 514,16 316,8 140,9,10,63,42,398 700,3 002 816,1 805 013,58,59,mistral_table,mistral_table,no
1571,INDIAROBA,8,29,21,1 432,5 477,2 981,11,11,46,25,217 300,506 089,261 473,58,59,mistral_table,mistral_table,no
1572,ITABAIANA,126,799,566,42 433,336 162,183 470,128,132,818,602,6 467 363,38 408 481,22 330 740,58,59,mistral_table,mistral_table,no
1573,ITABAIANINHA,327,2 249,1 717,109 360,255 570,179 523,348,349,2 092,1 547,9 023 939,20 479 915,14 068 092,60,61,mistral_table,mistral_table,no
1574,ITABI,13,46,20,1 629,10 188,3 694,9,9,25,12,54 895,464 724,184 204,60,61,mistral_table,mistral_table,no
1575,ITAPORANGA D'AJUDA,6,207,166,20 276,90 073,53 672,5,5,176,160,1 518 137,21 790 877,8 754 202,60,61,mistral_table,mistral_table,no
1576,JAPARATUBA,34,165,102,5 996,13 186,8 644,25,25,131,91,520 762,1 507 550,816 522,60,61,mistral_table,mistral_table,no
1577,JAPOATÁ,6,22,9,1 974,4 750,3 672,8,8,26,13,80 978,554 131,220 576,60,61,mistral_table,mistral_table,no
1578,LAGARTO,103,652,454,35 530,524 816,229 500,124,126,965,725,6 440 165,73 978 771,26 407 597,60,61,mistral_table,mistral_table,no
1579,LARANJEIRAS,14,845,751,84 456,702 064,346 604,27,38,1 656,1 361,28 941 944,609 841 511,242 279 952,60,61,mistral_table,mistral_table,no
1580,MACAMBIRA,3,8,3,277,1 102,309,1,1,(B),(A),(X),(A),(X),60,61,mistral_table,mistral_table,no
1581,MALHADA DOS BOIS,3,16,8,488,1 577,701,5,5,22,16,100 000,408 000,331 200,60,61,mistral_table,mistral_table,no
1582,MALHADOR,16,77,36,1 690,11 133,4 669,13,14,54,33,607 038,2 513 352,796 599,60,61,mistral_table,mistral_table,no
1583,MARUIM,14,285,232,29 195,273 521,117 501,7,14,358,253,3 605 464,62 638 832,29 155 803,60,61,mistral_table,mistral_table,no
1584,MOITA BONITA,26,98,52,3 538,11 468,6 859,27,27,105,60,558 000,1 631 117,1 001 937,60,61,mistral_table,mistral_table,no
1585,MONTE ALEGRE DE SERGIPE,10,23,13,1 558,14 296,5 573,8,9,42,24,260 480,2 894 020,614 210,60,61,mistral_table,mistral_table,no
1586,MURIBECA,6,19,11,934,4 096,2 560,11,11,39,24,190 859,1 185 750,554 797,60,61,mistral_table,mistral_table,no
1587,NEOPOLIS,26,857,717,66 836,625 495,215 692,21,30,803,659,4 039 241,82 993 969,23 203 365,60,61,mistral_table,mistral_table,no
1588,NOSSA SENHORA APARECIDA,4,14,9,1 026,2 364,1 452,7,7,23,15,433 436,1 150 640,561 221,60,61,mistral_table,mistral_table,no
1589,NOSSA SENHORA DA GLORIA,18,79,50,5 952,48 347,13 280,25,25,90,56,599 584,3 885 192,2 117 433,60,61,mistral_table,mistral_table,no
1590,NOSSA SENHORA DAS DORES,49,163,99,9 955,35 604,23 328,36,36,115,72,814 181,4 346 763,2 213 041,60,61,mistral_table,mistral_table,no
1591,NOSSA SENHORA DE LOURDES,4,11,4,456,1 558,604,5,5,14,6,41 580,349 720,172 370,60,61,mistral_table,mistral_table,no
1592,NOSSA SENHORA DO SOCORRO,20,235,186,32 099,157 341,87 088,2,7,158,138,1 558 788,26 125 009,15 674 553,60,61,mistral_table,mistral_table,no
1593,PACATUBA,6,18,5,895,2 452,1 647,2,2,(F),(F),(X),(F),(X),60,61,mistral_table,mistral_table,no
1594,PEDRA MOLE,1,(A),(A),(X),(A),(X),1,1,(A),(A),(X),(B),(X),60,61,mistral_table,mistral_table,no
1595,PEDRINHAS,9,53,29,2 988,12 865,5 257,9,9,30,21,247 500,1 397 015,393 736,60,61,mistral_table,mistral_table,no
1596,PINHÃO,2,(B),(A),(X),(A),(X),3,3,12,5,74 960,636 000,391 960,60,61,mistral_table,mistral_table,no
1597,PIRAMBU,3,11,7,577,2 602,1 210,2,2,(B),(A),(X),(A),(X),60,61,mistral_table,mistral_table,no
1598,POÇO REDONDO,13,43,27,1 553,12 939,5 114,23,23,75,43,228 500,1 571 800,392 703,60,61,mistral_table,mistral_table,no
1599,POÇO VERDE,8,35,14,940,7 316,2 424,10,11,46,16,149 240,492 790,246 290,60,61,mistral_table,mistral_table,no
1600,PORTO DA FOLHA,53,157,91,6 276,34 222,15 576,62,62,216,125,973 498,5 563 005,2 219 505,60,61,mistral_table,mistral_table,no
1601,PROPRIA,45,262,161,15 252,211 962,69 093,42,49,478,385,3 373 615,104 932 296,30 861 467,60,61,mistral_table,mistral_table,no
1602,RIACHÃO DO DANTAS,6,20,6,606,3 274,1 294,3,3,13,7,72 463,335 402,113 540,60,61,mistral_table,mistral_table,no
1603,RIACHUELO,10,196,175,17 662,744 789,389 862,1,3,261,260,1 862 861,85 181 922,41 785 894,60,61,mistral_table,mistral_table,no
1604,RIBEIROPOLIS,17,62,34,4 606,43 985,15 619,16,16,71,36,433 219,7 375 687,2 808 614,60,61,mistral_table,mistral_table,no
1605,ROSARIO DO CATETE,1,(B),(B),(X),(B),(X),-,-,-,-,-,-,-,60,61,mistral_table,mistral_table,no
1606,SALGADO,31,162,75,11 985,49 721,30 594,27,27,134,73,895 068,3 372 326,1 800 849,60,61,mistral_table,mistral_table,no
1607,SANTA LUZIA DO ITANHY,2,(C),(B),(X),(A),(X),1,1,(B),(A),(X),(A),(X),60,61,mistral_table,mistral_table,no
1608,SANTA ROSA DE LIMA,1,(A),(A),(X),(A),(X),1,1,(A),(A),(X),(A),(X),60,61,mistral_table,mistral_table,no
1609,SANTO AMARO DAS BROTAS,16,88,70,3 087,11 547,6 387,2,2,(B),(B),(X),(B),(X),60,61,mistral_table,mistral_table,no
1610,SÃO CRISTOVÃO,25,430,360,30 369,268 969,74 558,14,15,134,99,889 500,5 547 799,3 818 433,60,61,mistral_table,mistral_table,no
1611,SÃO DOMINGOS,6,23,10,621,3 410,1 166,9,9,33,14,104 100,398 594,143 594,60,61,mistral_table,mistral_table,no
1612,SÃO FRANCISCO,3,12,3,269,1 303,670,2,2,(B),(A),(X),(A),(X),60,61,mistral_table,mistral_table,no
1613,SÃO MIGUEL DO ALEIXO,1,(A),(A),(X),(A),(X),3,3,12,9,53 565,222 080,183 099,60,61,mistral_table,mistral_table,no
1614,SIMÃO DIAS,38,367,241,25 974,169 600,103 736,19,23,197,158,1 794 100,24 676 917,15 707 933,60,61,mistral_table,mistral_table,no
1615,SIRIRI,13,51,32,2 935,10 352,6 218,6,6,29,16,78 392,713 880,276 386,60,61,mistral_table,mistral_table,no
1616,TOBIAS BARRETO,45,134,72,7 780,29 755,11 579,25,28,107,66,546 405,4 801 056,1 990 929,60,61,mistral_table,mistral_table,no
1617,TOMAR DO GERU,66,291,209,10 995,20 129,15 582,105,105,472,358,2 834 460,4 807 800,4 268 200,60,61,mistral_table,mistral_table,no
1618,UMBAUBA,24,113,75,8 776,36 109,23 587,34,36,156,105,792 263,2 766 707,1 162 733,60,61,mistral_table,mistral_table,no
1619,BAHIA,,,,,,,10 568,11 690,147 913,104 583,2 583 740 525,47 622 112 042,18 719 460 159,62,63,mistral_table_partial,mistral_table,yes
1620,EXTRATIVA MINERAL,135,10 921,4 993,3 898 306,2s2 a19,2 915 039,63,141,6 985,5 960,122 653 040,878 144 698,544 728 034,62,63,pdf_text_layout,mistral_table,no
1621,TRANSFORMAÇÃO,,,,,,,10 505,11 549,140 928,98 623,2 461 087 485,46 743 967 344,18 174 732 125,62,63,mistral_table_partial,mistral_table,yes
1622,NÃO METALICOS,,,,,,,3 698,3 790,21 628,15 091,172 351 050,963 653 924,595 146 266,62,63,mistral_table_partial,mistral_table,yes
1623,METALURGICA,,,,,,,556,611,11 065,6 729,284 958 485,74 739 726 174,1 909 101 500,62,63,mistral_table_partial,mistral_table,yes
1624,MECANICA,166,12 071,10 104,3 422 564,13 836 202,9 696 989,107,188,11 818,9 824,322 234 033,260 196 583,849 309 445,62,63,pdf_text_layout,mistral_table,no
1625,MATERIAL ELETRICO,,,,,,,28,80,2 665,1 805,74 699 152,808 680 250,410 820 914,62,63,mistral_table_partial,mistral_table,yes
1626,TRANSPORTE,106,1 461,1 070,210 678,746 945,521 941,107,125,2 070,1 625,21 906 699,95 815 085,67 082 083,62,63,mistral_table,mistral_table,no
1627,MADEIRA,,,,,,,967,994,6 817,5 265,42 887 880,233 747 405,123 763 343,62,63,mistral_table_partial,mistral_table,yes
1628,MOBILIARIO,,,,,,,691,705,4 149,2 933,35 593 000,214 725 967,108 051 675,62,63,mistral_table_partial,mistral_table,yes
1629,PAPEL E PAPELAO,29,1 616,9.SS,186 510,2 135 356,1 003 054,20,37,2 339,1 669,32 152 652,398 694 361,143 046 564,62,63,pdf_text_layout,mistral_table,no
1630,BORRACHA,51,1,316 869,246 811,"2 774 33""'",880 979,36,53,1 150,778,19 818 545,233 926 362,100 984 363,62,63,pdf_text_layout,mistral_table,no
1631,COUROS E PELES,101,900 555,94 566,1,180 955,529 227,150,159,1 304,957,12 385 960,213 535 121,97 247 949,62,63,mistral_table,mistral_table,no
1632,OUIMICA,186,14,972 117,572 903,1 97 069 936,53 325 597,76,217,17 745,10 669,849 742 781,27 941 309 127,9 886 589 218,62,63,pdf_text_layout,mistral_table,no
1633,FARMACÊUTICA,146,545,75,214 055,1 139,69 305,33,33,437,98,14 052 508,28 530 080,17 349 017,62,63,mistral_table,mistral_table,no
1634,PERFUMARIA,63,970 684,115 742,1,786 275,888 123,52,62,1 144,810,11 894 938,243 308 289,121 381 634,62,63,mistral_table,mistral_table,no
1635,MATS. PLASTICAS,,,,,,,37,50,2 403,1 873,33 548 326,368 737 590,196 516 295,62,63,mistral_table_partial,mistral_table,yes
1636,TEXTIL,,,,,,,134,191,7 947,6 756,100 474 669,1 613 868 719,706 292 444,62,63,mistral_table_partial,mistral_table,yes
1637,VESTUARIO,,,,,,,303,317,5 586,4 579,40 040 054,270 691 287,175 546 501,62,63,mistral_table_partial,mistral_table,yes
1638,ALIMENTARES,2 413,23 932,15 938,2 303 842,37 937 724,14 352 479,3 038,3 318,29 009,19 310,242 209 084,6 257 363 656,2 177 880 030,62,63,pdf_text_layout,mistral_table,no
1639,BEBI DAS,110,3 644,2 017,687 901,6 873 639,3 012 310,81,103,2 834,1 820,43 595 786,321 792 252,165 245 166,62,63,pdf_text_layout,mistral_table,no
1640,PUEB,,,,,,,21,74,2 956,2 223,34 494 553,216 689 278,105 408 119,62,63,mistral_table_partial,mistral_table,yes
1641,GRAFICA,,,,,,,260,289,4 161,2 493,53 232 497,223 002 812,154 477 771,62,63,mistral_table_partial,mistral_table,yes
1642,DIVERSAS,,,,,,,135,153,1 705,1 302,18 814 833,95 969 062,63 089 828,62,63,mistral_table_partial,mistral_table,yes
1643,REGIÃO METROPOLITANA,1 825,76 222,49 548,22 359 178 308,941 664,106 354 162,1 420,1 979,70 773,47 400,1 907 382 437,36 042 885 580,14 867 967 579,62,63,pdf_text_layout,mistral_table,no
1644,EXTRATIVA MINERAL,25,•,998 178,2 829 697,275 268,208 590,7,15,59,19,1 889 003,4 514 993,3 108 986,62,63,pdf_text_layout,mistral_table,no
1645,TRANSFORMAÇÃO,,,,,,,1 413,1 964,70 714,47 381,1 905 493 434,38 038 370 587,14 864 858 593,62,63,mistral_table_partial,mistral_table,yes
1646,NÃO METALICOS,,,,,,,89,126,5 035,3 837,64 524 834,538 832 656,311 785 506,62,63,mistral_table_partial,mistral_table,yes
1647,METALURGICA,,,,,,,163,205,7 891,4 596,235 492 881,4 058 257 720,1 702 081 872,62,63,mistral_table_partial,mistral_table,yes
1648,MECANICA,,,,,,,73,136,10 164,8 270,293 996 795,142 112 375,766 003 268,62,63,mistral_table_partial,mistral_table,yes
1649,MATERIAL ELETRICO,,,,,,,16,64,2 187,498,68 080 917,743 591 625,378 683 047,62,63,mistral_table_partial,mistral_table,yes
1650,TRANSPORTE,110,720,483,126 737,390 154,267 135,9,22,219,674,7 403 626,44 083 449,34 055 281,62,63,mistral_table,mistral_table,no
1651,MADEIRA,59,1,002 669,111 721,766 422,482 412,41,46,380,257,3 984 955,14 845 406,8 059 290,62,63,mistral_table,mistral_table,no
1652,MOBI LIARIO,94,449 948,190 475,1,061 575,477 651,102,112,1 383,974,16 943 826,139 549 008,68 530 234,62,63,pdf_text_tokens,mistral_table,no
1653,PAPEL E PAPELÃO,13,396,192,55 801,194 954,80 714,6,12,811,547,13 422 077,97 187 987,45 030 481,62,63,mistral_table,mistral_table,no
1654,BORRACHA,21,366,210,68 189,310 815,193 066,19,26,377,234,5 477 751,33 063 761,18 170 948,62,63,mistral_table,mistral_table,no
1655,COUROS E PELES,1,50,38,1 161,125 739,10 921,4,4,130,54,2 596 528,17 229 404,6 923 186,62,63,mistral_table,mistral_table,no
1656,QUÍMICA,,,,,,,52,166,16 269,9 427,833 269 030,27 680 591 629,9 751 565 713,62,63,mistral_table_partial,mistral_table,yes
1657,FARMACÊUTICA,41,508,61,210 432,58 233,35 139,3,28,408,1 87,13 302 871,26 457 472,15 611 389,62,63,mistral_table,mistral_table,no
1658,PERFUMARIA,28,461,314,62 500,836 427,452 420,17,25,445,267,5 286 292,69 782 332,45 544 642,62,63,mistral_table,mistral_table,no
1659,MATS. PLASTICAS,,,,,,,31,42,2 086,1 607,32 286 532,349 716 851,187 619 870,62,63,mistral_table_partial,mistral_table,yes
1660,TEXTIL,,,,,,,14,28,3 340,2 672,71 963 553,976 017 992,510 922 904,62,63,mistral_table_partial,mistral_table,yes
1661,VESTUARIO,,,,,,,113,126,3 140,2 576,24 681 602,152 870 031,97 677 570,62,63,mistral_table_partial,mistral_table,yes
1662,ALIMENTARES,,,,,,,500,579,8 731,5 522,97 568 395,1 332 213 150,548 390 322,62,63,mistral_table_partial,mistral_table,yes
1663,BEBIDAS,,,,,,,8,20,2 229,1 380,39 980 922,298 804 757,153 677 373,62,63,mistral_table_partial,mistral_table,yes
1664,FUMIL,111,517 376,188 263,13,845 843,703 930,8,13,679,326,14 345 901,69 192 583,39 017 623,62,63,mistral_table,mistral_table,no
1665,GRÍFICA,,,,,,,111,133,3 049,1 658,45 861 395,182 769 788,130 842 875,62,63,mistral_table_partial,mistral_table,yes
1666,DIVERSAS,,,,,,,32,48,1 161,918,15 022 551,71 199 611,44 318 199,62,63,mistral_table_partial,mistral_table,yes
1667,SALVADOR,1 457,37 518,21 950,9 157 472,43 784 266,22 331 339,1 157,1 567,30 293,18 748,511 492 083,3 289 434 375,1 732 421 633,62,63,pdf_text_layout,mistral_table,no
1668,EXTRATIVA MINERAL,20,3,915 145,2 091,301 227,632 171,,,,,,,,62,63,mistral_table,pdf_text_layout_partial,yes
1669,TRANSFORMAÇÃO,,,,,,,1 153,1 562,30 258,18 748,509 915 139,3 289 434 375,1 732 421 633,62,63,mistral_table_partial,mistral_table,yes
1670,NÃO METALICOS,,,,,,,49,78,2 468,1 694,39 450 235,287 589 635,160 613 261,62,63,mistral_table_partial,mistral_table,yes
1671,METALURGICA,130,2 252,1 374,407 899,1 270,789 866,138,166,1 268,678,23 327 866,76 962 123,57 476 432,62,63,mistral_table,mistral_table,no
1672,MECANICA,,,,,,,61,110,3 906,2 639,91 713 429,367 804 810,236 363 813,62,63,mistral_table_partial,mistral_table,yes
1673,MATERIAL ELETRICO,40,731,436,156,435 367,157 339,11,52,608,267,23 260 326,42 104 332,39 818 818,62,63,mistral_table,mistral_table,no
1674,TRANSPORTE,28,864,442,117,818 324,351 217,9,81,819,674,7 403 626,44 083 449,34 055 281,62,63,mistral_table,mistral_table,no
1675,MADEIRA,52,606,349,75,787 396,297 242,34,38,243,147,3 092 815,7 163 603,3 545 141,62,63,mistral_table,mistral_table,no
1676,MOBILIARIO,18,1,361,888,182 218,995 675,83,91,1 215,850,15 521 755,132 743 030,64 315 716,62,63,mistral_table,mistral_table,no
1677,PAPEL E PAPELÃO,13,396,192,55 801,194 954,80,5,11,197,128,2 453 585,15 856 469,9 615 249,62,63,mistral_table,mistral_table,no
1678,BORRACHA,18,293,157,54,821 225,556 135,14,21,271,150,4 184 618,20 812 750,8 916 713,62,63,mistral_table,mistral_table,no
1679,COUROS E PELES,6,80,38,11 665,127 352,44,4,7,130,54,2 596 528,17 229 404,6 923 186,62,63,mistral_table,mistral_table,no
1680,QUÍMICA,73,1,356 343,674 608,2,113 770,11,58,1 771,525,68 170 059,359 222 527,169 294 445,62,63,mistral_table,mistral_table,no
1681,FARMACÊUTICA,4,508,51,210 432,58 233,35,11,28,297,18,9 062 657,1 203 389,616 672,62,63,mistral_table,mistral_table,no
1682,PERFUMARIA,26,445,305,61,053 813,966 437,16,23,341,208,3 908 218,53 828 101,33 364 426,62,63,mistral_table,mistral_table,no
1683,MATS. PLASTICAS,29,1,244,950,139 011,229 833,20,80,700,519,9 761 566,49 556 780,24 991 206,62,63,mistral_table,mistral_table,no
1684,TEXTIL,31,1,149 878,149 904,1,039 243,9,21,892,674,12 635 189,113 933 208,77 264 309,62,63,mistral_table,mistral_table,no
1685,VESTUARIO,103,2 250,1 821,215 186,1,081 951,96,109,477,1 951,21 884 221,136 195 280,88 960 277,62,63,mistral_table,mistral_table,no
1686,ALIMENTARES,,,,,,,441,510,7 864,4 770,91 793 916,1 233 484 426,522 158 594,62,63,mistral_table_partial,mistral_table,yes
1687,BEBIDAS,18,1,491 646,344 147,1,170 741,6,12,883,407,15 024 435,52 372 027,14 249 339,62,63,mistral_table,mistral_table,no
1688,FUMO,23,617,376,188 263,1,447 643,8,13,679,326,14 345 901,69 192 583,39 017 623,62,63,mistral_table,mistral_table,no
1689,GRAFICA,119,2 850,1 495,590 207,1,738 886,108,130,3 024,1 639,45 692 639,181 709 823,130 219 870,62,63,mistral_table,mistral_table,no
1690,DIVERSAS,,,,,,,27,38,645,430,7 631 555,26 408 626,10 611 262,62,63,mistral_table_partial,mistral_table,yes
1691,ALAGOINHAS,89,1,262 962,161 507,1,126 433,102,113,1 146,869,14 045 963,137 689 655,70 097 070,62,63,mistral_table,mistral_table,no
1692,NÃO METALICOS,26,216,171,19 920,108 436,68,17,18,200,154,1 698 064,8 597 721,6 193 297,62,63,mistral_table,mistral_table,no
1693,TRANSPORTE,,,,,,,54,56,262,158,1 502 049,14 150 864,5 978 127,62,63,mistral_table_partial,mistral_table,yes
1694,COUROS E PELES,2,(F),(F),!X),<G>,<X>,,,,,,,,62,63,pdf_text_layout,pdf_text_layout_partial,yes
1695,ALIMENTARES,39,221,123,15 694,297 879,135 160,54,56,262,156,1 502 049,14 150 864,5 978 127,62,63,pdf_text_tokens,pdf_text_layout,no
1696,FUMO,1,(F),(F),(X),(E),(X),-,1,(D),(D),(X),(F),(X),62,63,pdf_text_tokens,tesseract_por_review,no
1697,OEMA 1 S GENEROS,21,470,384,84 927,155 920,133 809,31,34,149,109,1 030 048,5 242 288,2 723 877,62,63,pdf_text_layout,mistral_table,no
1698,FEIRA DE SANTANA,525,s 892,6 511,985 667,649 424,13D 762,531,583,8 183,6 138,80 894 345,990 655 111,479 944 275,62,63,pdf_text_layout,mistral_table,no
1699,METALURGICA,51,1 063,773,113 213,11D 674,462 382,58,63,740,524,6 429 229,121 504 456,84 702 097,62,63,pdf_text_layout,mistral_table,no
1700,BORRACHA,11,733,476,154 515,1 775 730,354 018,6,11,536,356,11 159 695,155 669 454,61 921 271,64,65,mistral_table,mistral_table,no
1701,QUÍMICA,6,368,155,57 360,637 416,280 911,5,9,339,240,5 381 697,85 280 255,45 675 576,64,65,mistral_table,mistral_table,no
1702,PERFUMARIA,9,317,232,36 720,724 682,192 406,12,156,514,407,4 865 261,120 082 966,48 580 437,64,65,mistral_table,mistral_table,no
1703,ALIMENTARES,69,1 090,816,103 031,1 443 585,504 855,120,129,1 271,850,11 226 449,165 787 140,55 583 341,64,65,mistral_table,mistral_table,no
1704,DEMAIS GÉNEROS,379,5 321,4 053,520 828,3 957 353,2 218 190,330,357,4 783,3 761,41 832 014,342 330 840,183 179 553,64,65,mistral_table,mistral_table,no
1705,ILHEUS,105,2 509,1 991,284 008,9 357 873,3 371 342,78,97,3 006,2 452,36 246 543,2 700 784 946,1 085 283 447,64,65,mistral_table,mistral_table,no
1706,NAO METÁLICOS,26,132,87,10 977,31 988,21 494,20,22,137,95,1 054 008,8 764 623,5 015 806,64,65,mistral_table,mistral_table,no
1707,MADEIRA,13,129,107,11 970,107 333,82 127,15,15,87,58,1 265 049,4 521 963,1 901 453,64,65,mistral_table,mistral_table,no
1708,QUÍMICA,4,77,59,9 848,220 623,93 288,2,5,105,86,1 939 153,84 929 290,30 485 773,64,65,mistral_table,mistral_table,no
1709,VESTUARIO,5,537,489,43 022,448 188,322 643,2,3,686,616,3 532 543,45 722 161,31 565 393,64,65,mistral_table,mistral_table,no
1710,ALIMENTARES,27,757,531,103 820,4 923 275,1 437 500,19,21,1 697,1 327,26 646 488,2 570 092 276,1 013 245 516,64,65,mistral_table,mistral_table,no
1711,DEMAIS GÉNEROS,30,877,718,104 371,3 626 466,1 414 290,20,21,314,270,1 807 302,6 754 435,3 069 506,64,65,mistral_table,mistral_table,no
1712,ITABUNA,177,1 543,1 065,185 049,2 311 210,604 414,124,154,1 707,1 255,18 127 345,869 104 226,144 413 143,64,65,mistral_table,mistral_table,no
1713,NAO METÁLICOS,31,259,177,28 820,136 585,92 276,16,23,282,222,2 443 401,15 853 315,11 635 829,64,65,mistral_table,mistral_table,no
1714,MECANICA,11,176,136,30 937,210 925,143 892,4,6,83,73,2 013 088,11 157 369,4 248 504,64,65,mistral_table,mistral_table,no
1715,MATS. PLASTICAS,1,(E),(E),(X),(E),(X),1,1,(F),(F),(X),(F),(X),64,65,mistral_table,mistral_table,no
1716,ALIMENTARES,43,429,270,57 851,1 693 245,208 383,39,54,645,438,9 335 412,815 154 473,112 558 113,64,65,mistral_table,mistral_table,no
1717,GRAFICA,11,(E),(E),(X),(D),(X),16,17,(F),(F),(X),(E),(X),64,65,mistral_table,mistral_table,no
1718,DEMAIS GÉNEROS,80,512,357,54 498,196 125,119 572,48,53,354,231,3 142 242,10 976 942,7 576 607,64,65,mistral_table,mistral_table,no
1719,JEQUÍE,171,1 634,1 156,119 491,1 194 406,568 547,163,172,2 241,1 770,14 168 906,164 040 735,72 296 076,64,65,mistral_table,mistral_table,no
1720,NAO METÁLICOS,81,427,293,21 698,86 838,52 433,74,75,500,373,3 150 993,7 042 966,5 708 403,64,65,mistral_table,mistral_table,no
1721,METALURGICA,4,(D),(D),(X),(E),(X),19,19,(F),(E),(X),(E),(X),64,65,mistral_table,mistral_table,no
1722,COUROS E PELES,2,(D),(D),(X),(E),(X),2,2,(F),(F),(X),(F),(X),64,65,mistral_table,mistral_table,no
1723,VESTUARIO,7,587,435,51 926,375 496,232 784,7,7,850,711,5 264 089,41 086 862,30 859 223,64,65,mistral_table,mistral_table,no
1724,ALIMENTARES,18,194,137,11 645,497 303,145 589,21,26,303,210,1 714 232,86 537 335,23 219 002,64,65,mistral_table,mistral_table,no
1725,DEMAIS GÉNEROS,59,350,230,27 607,174 738,101 096,40,43,273,209,1 741 747,7 399 456,3 839 693,64,65,mistral_table,mistral_table,no
1726,JUAZEIRO,299,1 725,1 089,174 586,1 025 715,555 518,120,137,2 346,1 797,20 087 055,349 765 909,201 526 828,64,65,mistral_table,mistral_table,no
1727,NAO METÁLICOS,153,638,379,54 148,187 212,132 551,56,80,206,123,1 112 652,11 071 118,10 104 112,64,65,mistral_table,mistral_table,no
1728,COUROS E PELES,4,235,153,23 915,400 526,160 971,2,3,351,342,2 673 332,82 309 169,39 293 753,64,65,mistral_table,mistral_table,no
1729,QUÍMICA,-,-,-,-,-,-,-,1,(C),(C),(X),(F),(X),64,65,mistral_table,mistral_table,no
1730,TEXTIL,-,-,-,-,-,-,-,2,(E),(D),(X),(F),(X),64,65,mistral_table,mistral_table,no
1731,ALIMENTARES,22,312,202,23 366,228 205,107 514,26,31,1 476,1 118,12 720 056,227 341 925,134 670 938,64,65,mistral_table,mistral_table,no
1732,DEMAIS GÉNEROS,120,540,355,73 157,209 772,154 482,36,40,239,154,2 088 123,7 732 546,4 169 923,64,65,mistral_table,mistral_table,no
1733,VITORIA DA CONQUISTA,212,1 920,1 341,132 359,1 374 154,490 965,569,581,3 556,2 227,20 564 754,121 775 539,65 739 222,64,65,mistral_table,mistral_table,no
1734,NAO METÁLICOS,61,375,266,26 776,96 849,65 303,213,218,991,591,10 187 056,34 662 034,22 645 479,64,65,mistral_table,mistral_table,no
1735,METALURGICA,15,125,85,6 548,59 514,25 628,19,19,133,94,694 782,4 700 358,2 625 633,64,65,mistral_table,mistral_table,no
1736,PERFUMARIA,2,(E),(D),(X),(F),(X),3,3,72,45,875 393,16 822 446,8 552 199,64,65,mistral_table,mistral_table,no
1737,ALIMENTARES,70,766,547,45 970,846 988,202 756,243,244,1 554,885,3 352 420,40 787 639,18 150 747,64,65,mistral_table,mistral_table,no
1738,BEBIDAS,2,(F),(E),(X),(E),(X),5,5,77,57,441 977,4 098 964,1 997 443,64,65,mistral_table,mistral_table,no
1739,DEMAIS GÉNEROS,62,451,334,35 123,176 405,114 722,86,92,729,555,5 013 126,20 704 098,11 767 721,64,65,mistral_table,mistral_table,no
1740,ABAÍRA,7,18,5,461,979,405,6,6,18,9,52 840,289 340,87 340,64,65,mistral_table,mistral_table,no
1741,ABARE,4,16,10,1 042,4 380,1 469,5,5,10,5,162 000,482 000,291 000,64,65,mistral_table,mistral_table,no
1742,ACAJUTIBA,39,106,44,6 895,15 407,8 188,27,28,113,70,775 234,2 066 824,993 002,64,65,mistral_table,mistral_table,no
1743,AQUA FRIA,11,24,11,1 227,6 575,5 322,8,10,208,155,788 490,1 962 824,1 535 776,64,65,mistral_table,mistral_table,no
1744,AQUA QUENTE,2,(A),(A),(X),(A),(X),2,2,(A),(A),(X),(A),(X),64,65,mistral_table,mistral_table,no
1745,AIQUARA,1,(A),(A),(X),(A),(X),2,2,(B),(B),(X),(A),(X),64,65,mistral_table,mistral_table,no
1746,ALCOBAÇA,67,672,504,39 499,307 099,129 044,56,61,500,366,2 434 212,15 342 947,8 089 722,64,65,mistral_table,mistral_table,no
1747,ALMADINA,6,28,17,1 765,12 320,4 877,9,9,39,29,289 901,774 273,361 000,64,65,mistral_table,mistral_table,no
1748,AMARGOSA,26,129,64,7 717,50 984,20 701,25,28,131,92,1 163 959,8 320 645,2 273 967,64,65,mistral_table,mistral_table,no
1749,AMELIA RODRIGUES,15,778,555,50 132,390 315,179 751,9,13,1 076,871,4 298 370,39 122 846,16 436 925,64,65,mistral_table,mistral_table,no
1750,ANAGE,-,-,-,-,-,-,12,12,41,19,167 080,1 088 800,407 700,64,65,mistral_table,mistral_table,no
1751,ANDARAI,23,93,58,3 874,19 190,11 009,30,32,171,133,1 179 242,3 856 053,2 505 349,64,65,mistral_table,mistral_table,no
1752,ANGICAL,7,17,10,1 852,4 489,3 096,4,4,15,10,64 420,328 761,172 261,64,65,mistral_table,mistral_table,no
1753,ANGUERA,2,(B),(A),(X),(A),(X),3,3,17,9,59 384,244 040,53 401,64,65,mistral_table,mistral_table,no
1754,ANTAS,52,246,139,11 299,31 476,14 325,19,20,99,76,1 095 220,3 261 200,1 815 285,64,65,mistral_table,mistral_table,no
1755,ANTONIO CARDOSO,1,(A),(A),(X),(A),(X),1,1,(A),(A),(X),(A),(X),64,65,mistral_table,mistral_table,no
1756,ANTONIO GONÇALVES,3,8,4,212,930,292,4,4,16,10,138 940,419 400,223 880,64,65,mistral_table,mistral_table,no
1757,APORA,23,74,28,3 918,7 213,3 951,29,29,83,53,1 055 156,2 156 368,1 470 907,64,65,mistral_table,mistral_table,no
1758,ARACATU,2,(B),(A),(X),(A),(X),3,3,12,9,45 800,174 700,77 100,64,65,mistral_table,mistral_table,no
1759,ARACI,75,233,133,7 760,65 674,21 753,92,92,260,160,1 165 574,3 408 031,2 003 248,64,65,mistral_table,mistral_table,no
1760,ARAMARI,8,81,69,6 599,6 526,5 292,1,1,(A),(A),(X),(A),(X),64,65,mistral_table,mistral_table,no
1761,ARATUIPE,6,43,30,3 461,7 042,6 183,11,11,54,44,304 400,925 000,729 000,64,65,mistral_table,mistral_table,no
1762,AURELINO LEAL,10,33,20,2 431,8 330,4 519,12,12,33,20,306 820,716 638,501 918,64,65,mistral_table,mistral_table,no
1763,BAIANOPOLIS,12,22,16,1 882,3 777,3 150,4,4,3,1,122 050,445 500,221 300,64,65,mistral_table,mistral_table,no
1764,BAIXA GRANDE,26,89,49,5 318,21 656,11 875,17,17,63,45,445 232,1 191 103,719 688,64,65,mistral_table,mistral_table,no
1765,BARRA,30,71,38,4 410,18 253,6 494,9,10,28,15,106 471,762 568,264 385,66,67,mistral_table,mistral_table,no
1766,BARRA DA ESTIVA,4,13,9,536,37 430,2 650,9,9,34,23,315 500,631 500,327 500,66,67,mistral_table,mistral_table,no
1767,BARRA DO CHOÇA,5,14,5,433,2 430,1 560,56,56,199,118,485 960,1 349 100,643 200,66,67,mistral_table,mistral_table,no
1768,BARRA DO MENDES,5,20,12,1 512,7 265,3 146,5,5,18,10,145 650,1 296 588,417 660,66,67,mistral_table,mistral_table,no
1769,BARRA DO ROCHA,4,13,9,887,2 234,1 350,-,-,-,-,-,-,-,66,67,mistral_table,mistral_table,no
1770,BARREIRAS,46,303,186,21 206,152 520,83 520,61,71,382,255,2 857 062,15 111 420,7 440 439,66,67,mistral_table,mistral_table,no
1771,BARRO PRETO,4,12,6,675,2 175,1 265,6,6,16,7,106 710,172 440,114 010,66,67,mistral_table,mistral_table,no
1772,BELMONTE,39,197,143,13 923,121 602,63 305,47,48,271,199,2 023 973,9 114 429,4 625 715,66,67,mistral_table,mistral_table,no
1773,BELO CAMPO,4,14,6,1 323,3 918,2 715,16,16,67,51,835 956,1 270 630,858 386,66,67,mistral_table,mistral_table,no
1774,BIRITINGA,4,14,6,836,2 082,1 088,3,3,8,5,74 300,300 000,210 000,66,67,mistral_table,mistral_table,no
1775,BOA NOVA,9,27,16,1 197,3 760,2 852,11,11,44,26,207 610,600 272,468 169,66,67,mistral_table,mistral_table,no
1776,BOA VISTA DO TUPIM,8,78,57,3 641,9 203,6 263,13,13,50,35,197 310,676 450,487 780,66,67,mistral_table,mistral_table,no
1777,BOM JESUS DA LAPA,62,225,149,18 685,145 716,79 456,53,53,219,141,1 362 131,5 212 070,3 057 628,66,67,mistral_table,mistral_table,no
1778,BONINAL,1,(A),(A),(X),(B),(X),6,6,11,4,58 056,175 347,96 194,66,67,mistral_table,mistral_table,no
1779,BOQUIRA,15,691,519,118 720,585 454,471 257,20,21,578,466,9 208 198,41 835 461,31 040 424,66,67,mistral_table,mistral_table,no
1780,BOTUPORA,7,15,10,586,3 366,2 402,33,33,47,31,294 460,673 093,516 685,66,67,mistral_table,mistral_table,no
1781,BREJÕES,9,275,230,20 026,135 278,53 627,4,6,53,31,99 170,96 268 625,52 101 135,66,67,mistral_table,mistral_table,no
1782,BREJOLANDIA,6,-,-,684,814,689,5,5,21,9,27 350,109 100,74 750,66,67,mistral_table,mistral_table,no
1783,BROTAS DE MACAUBAS,7,6,3,873,4 602,4 083,10,10,60,43,689 900,1 279 900,805 958,66,67,mistral_table,mistral_table,no
1784,BRUMADO,37,1 753,1 654,341 275,2 325 753,1 568 150,78,88,1 843,1 658,33 893 847,161 967 458,70 782 721,66,67,mistral_table,mistral_table,no
1785,BUERAREMA,14,119,81,6 488,47 547,31 296,23,24,165,124,896 129,4 497 400,2 791 992,66,67,mistral_table,mistral_table,no
1786,CAATIBA,2,(B),(A),(X),(A),(X),2,2,(9),(A),(X),(A),(X),66,67,mistral_table,mistral_table,no
1787,CACHOEIRA,33,947,749,55 895,325 769,215 640,24,26,518,419,4 332 834,33 442 889,20 307 229,66,67,mistral_table,mistral_table,no
1788,CACULE,13,41,19,2 847,26 592,4 474,42,42,98,62,475 735,1 222 771,745 934,66,67,mistral_table,mistral_table,no
1789,CAEM,6,16,6,860,2 395,724,4,4,17,11,153 200,400 600,189 880,66,67,mistral_table,mistral_table,no
1790,CAETITE,59,379,297,16 060,79 697,67 255,99,104,600,338,2 139 533,6 365 786,4 119 281,66,67,mistral_table,mistral_table,no
1791,CAFARNAUM,11,26,8,2 262,10 325,7 102,8,8,21,13,73 300,329 820,214 220,66,67,mistral_table,mistral_table,no
1792,CAIRU,11,46,28,3 992,15 857,10 366,12,14,39,19,435 600,1 086 640,616 640,66,67,mistral_table,mistral_table,no
1793,CALDEIRÃO GRANDE,11,48,31,2 709,21 438,4 527,24,24,65,32,209 580,917 150,429 330,66,67,mistral_table,mistral_table,no
1794,CAMACAN,36,168,107,10 217,55 719,27 090,68,71,332,212,2 873 942,11 818 633,6 304 389,66,67,mistral_table,mistral_table,no
1795,CAMACARI,106,15 855,10 834,6 913 973,131 939 613,50 747 093,90,155,20 415,13 399,850 686 758,19 722 679 394,8 246 657 858,66,67,mistral_table,mistral_table,no
1796,CAMAMU,58,429,340,63 824,463 936,332 797,66,67,284,188,1 876 270,11 194 703,8 028 286,66,67,mistral_table,mistral_table,no
1797,CAMPO ALEGRE DE LOURDES,8,23,10,1 022,3 033,1 356,5,5,14,8,195 800,401 800,263 300,66,67,mistral_table,mistral_table,no
1798,CAMPO FORMOSO,28,1 058,707,213 494,1 631 882,610 183,96,112,1 286,888,18 690 580,186 984 638,91 856 081,66,67,mistral_table,mistral_table,no
1799,CANAPOLIS,4,2,1,660,903,741,25,25,10,3,185 550,333 347,241 322,66,67,mistral_table,mistral_table,no
1800,CANARANA,2,(A),(A),(X),(B),(X),9,9,25,12,182 130,554 308,417 098,66,67,mistral_table,mistral_table,no
1801,CANAVIEIRAS,45,212,143,12 492,54 013,30 234,42,44,198,124,1 924 773,5 842 284,2 515 278,66,67,mistral_table,mistral_table,no
1802,CANDEAL,5,19,10,1 704,10 126,8 167,3,3,11,6,66 660,374 000,246 300,66,67,mistral_table,mistral_table,no
1803,CANDEIAS,60,3 498,2 557,1 414 157,24 206 714,7 581 955,27,54,4 148,3 080,165 417 948,3 270 651 146,1 208 197 554,66,67,mistral_table,mistral_table,no
1804,CANDIBA,3,5,4,515,62 952,20 331,10,11,36,22,126 112,14 094 943,5 432 990,66,67,mistral_table,mistral_table,no
1805,CANDIDO SALES,11,70,55,3 531,8 567,4 179,24,24,149,119,804 415,4 053 572,2 444 695,66,67,mistral_table,mistral_table,no
1806,CANSANÇÃO,22,124,78,8 473,59 432,20 113,16,17,71,48,379 488,1 394 158,451 433,66,67,mistral_table,mistral_table,no
1807,CARAVELAS,33,222,167,15 702,106 122,47 610,26,26,155,120,995 840,8 401 287,4 896 623,66,67,mistral_table,mistral_table,no
1808,CARDEAL DA SILVA,19,69,52,3 535,12 302,5 808,11,11,41,26,121 000,467 286,283 936,66,67,mistral_table,mistral_table,no
1809,CARINHANNA,9,15,10,535,4 405,1 656,9,9,26,16,208 500,1 168 180,408 292,66,67,mistral_table,mistral_table,no
1810,CASA NOVA,6,29,17,1 259,3 578,2 505,7,7,25,15,283 396,825 000,391 700,66,67,mistral_table,mistral_table,no
1811,CASTRO ALVES,20,574,519,19 145,52 493,23 460,13,18,423,366,2 349 449,7 461 073,3 223 975,66,67,mistral_table,mistral_table,no
1812,CATOLANDIA,3,9,4,211,607,531,-,-,-,-,-,-,-,68,69,mistral_table,mistral_table,no
1813,CATU,20,161,131,11 195,101 512,61 444,25,28,173,118,2 060 827,26 593 729,22 342 188,68,69,mistral_table,mistral_table,no
1814,CENTRAL,20,73,48,3 745,29 423,12 144,7,7,44,31,201 562,1 524 732,383 254,68,69,mistral_table,mistral_table,no
1815,CHORROCHO,2,(C),(B),(X),(A),(X),-,-,-,-,-,-,-,68,69,mistral_table,mistral_table,no
1816,CICERO DANTAS,47,219,138,13 979,41 788,22 222,69,69,275,190,862 574,2 645 825,1 497 717,68,69,mistral_table,mistral_table,no
1817,CIPO,36,157,60,5 671,16 768,9 919,41,42,157,77,1 187 640,4 356 500,2 239 245,68,69,mistral_table,mistral_table,no
1818,COARACI,27,142,75,12 501,51 396,24 006,26,29,154,101,1 371 506,3 964 110,2 979 349,68,69,mistral_table,mistral_table,no
1819,COCOS,4,8,5,640,2 338,895,5,5,18,12,159 880,489 389,194 387,68,69,mistral_table,mistral_table,no
1820,CONCEIÇÃO DA FEIRA,4,78,65,3 514,70 577,35 731,8,10,86,52,1 024 167,15 892 682,6 853 117,68,69,mistral_table,mistral_table,no
1821,CONCEIÇÃO DO ALMEIDA,16,136,56,15 888,76 441,30 007,13,18,109,76,848 772,4 716 692,1 716 956,68,69,mistral_table,mistral_table,no
1822,CONCEIÇÃO DO COITE,83,673,538,38 095,864 502,308 804,90,94,771,606,4 547 666,63 000 719,17 934 638,68,69,mistral_table,mistral_table,no
1823,CONCEIÇÃO DO JACUIPE,18,388,328,26 073,319 346,173 981,19,23,527,468,2 296 808,37 099 743,7 319 232,68,69,mistral_table,mistral_table,no
1824,CONDE,9,34,17,1 701,5 004,2 138,11,12,129,109,549 936,3 247 269,1 660 433,68,69,mistral_table,mistral_table,no
1825,CONDEUBA,5,14,6,1 148,2 068,1 439,10,10,25,13,102 300,662 060,333 676,68,69,mistral_table,mistral_table,no
1826,CONTENDAS DO SINCORA,4,12,6,388,2 120,1 685,5,5,25,8,65 198,435 000,197 700,68,69,mistral_table,mistral_table,no
1827,CORAÇÃO DE MARIA,11,46,27,2 810,9 727,5 647,7,8,29,17,345 660,4 316 292,2 997 856,68,69,mistral_table,mistral_table,no
1828,CORDEIROS,6,23,9,1 050,4 061,2 292,6,6,28,17,136 100,430 690,200 190,68,69,mistral_table,mistral_table,no
1829,CORIBE,8,26,20,2 768,15 227,10 649,9,9,39,29,402 483,1 345 000,455 000,68,69,mistral_table,mistral_table,no
1830,CORONEL JOÃO SA,14,47,30,2 295,13 142,9 698,12,12,19,6,336 500,1 382 000,486 000,68,69,mistral_table,mistral_table,no
1831,CORRENTINA,6,26,11,808,5 913,2 681,8,8,33,23,97 232,408 533,110 115,68,69,mistral_table,mistral_table,no
1832,COTEGIPE,54,35,16,13 430,20 195,15 850,23,23,33,19,237 056,633 608,407 574,68,69,mistral_table,mistral_table,no
1833,CRAVOLANDIA,4,43,38,2 788,11 173,6 795,4,4,17,10,57 720,175 900,97 117,68,69,mistral_table,mistral_table,no
1834,CRISOPOLIS,44,133,82,3 851,6 278,4 924,26,26,128,102,130 230,550 150,521 750,68,69,mistral_table,mistral_table,no
1835,CRISTOPOLIS,3,5,3,270,1 370,630,9,9,31,21,165 022,255 454,223 854,68,69,mistral_table,mistral_table,no
1836,CRUZ DAS ALMAS,48,1 056,794,65 565,357 087,130 143,42,52,741,560,5 791 981,26 883 393,11 353 434,68,69,mistral_table,mistral_table,no
1837,CURAÇA,32,88,52,3 734,11 549,8 422,24,24,76,49,267 622,681 120,501 890,68,69,mistral_table,mistral_table,no
1838,DARIO MEIRA,5,19,5,908,3 095,1 402,8,8,29,18,225 500,791 000,307 000,68,69,mistral_table,mistral_table,no
1839,DOM BASILIO,2,(B),(A),(X),(A),(X),-,-,-,-,-,-,-,68,69,mistral_table,mistral_table,no
1840,DOM MACEDO COSTA,2,(B),(B),(X),(A),(X),2,2,(C),(C),(X),(A),(X),68,69,mistral_table,mistral_table,no
1841,ELISIO MEDRADO,3,10,4,428,1 967,910,1,1,(A),(A),(X),(A),(X),68,69,mistral_table,mistral_table,no
1842,ENCRUZILHADA,11,43,26,2 522,5 751,3 696,3,3,13,9,125 600,1 036 150,614 150,68,69,mistral_table,mistral_table,no
1843,ENTRE RIOS,18,243,209,14 914,64 860,24 715,17,17,78,50,304 073,1 770 560,780 839,68,69,mistral_table,mistral_table,no
1844,ESPLANADA,18,137,114,10 518,30 138,13 486,13,13,39,23,217 547,887 639,360 175,68,69,mistral_table,mistral_table,no
1845,EUCLIDES DA CUNHA,83,589,379,32 487,105 241,51 502,142,146,808,480,5 133 251,22 585 901,16 453 249,68,69,mistral_table,mistral_table,no
1846,FIRMINO ALVES,5,19,11,768,1 970,1 392,11,11,55,45,362 200,1 184 860,559 620,68,69,mistral_table,mistral_table,no
1847,FLORESTA AZUL,11,35,19,2 489,8 038,5 948,22,23,92,67,783 096,2 755 118,1 413 183,68,69,mistral_table,mistral_table,no
1848,FORMOSA DO RIO PRETO,6,34,21,2 384,26 012,14 409,8,8,29,21,168 240,1 240 763,958 576,68,69,mistral_table,mistral_table,no
1849,GANDU,31,189,132,11 844,518 874,91 507,20,27,172,124,1 544 209,39 042 021,2 785 204,68,69,mistral_table,mistral_table,no
1850,GENTIO DO OURO,-,-,-,-,-,-,12,12,99,89,1 047 800,2 455 000,1 129 000,68,69,mistral_table,mistral_table,no
1851,GLORIA,-,-,-,-,-,-,8,8,23,13,97 600,187 000,132 482,68,69,mistral_table,mistral_table,no
1852,GONGOGI,3,8,5,540,1 911,1 023,4,4,18,8,52 000,208 000,139 390,68,69,mistral_table,mistral_table,no
1853,GOVERNADOR MANGABEIRA,49,163,106,11 385,87 278,54 103,21,22,120,94,630 925,2 037 817,1 521 864,68,69,mistral_table,mistral_table,no
1854,GUAMAMBI,77,369,203,55 466,812 513,376 546,63,73,424,256,3 677 970,221 220 742,59 134 868,68,69,mistral_table,mistral_table,no
1855,GUARATINGA,6,21,9,1 358,4 539,2 657,19,20,112,83,1 012 550,4 592 191,2 446 426,68,69,mistral_table,mistral_table,no
1856,IAÇU,31,241,162,27 055,49 077,43 349,43,44,367,305,1 743 275,5 120 993,3 392 667,68,69,mistral_table,mistral_table,no
1857,IBIASSUCE,1,(A),(A),(X),(A),(X),10,10,37,25,195 080,528 225,318 595,68,69,mistral_table,mistral_table,no
1858,IBICARAI,60,398,247,33 765,231 307,87 963,67,70,303,208,2 887 183,17 384 985,7 534 104,68,69,mistral_table,mistral_table,no
1859,IBICOARA,4,12,6,1 018,1 304,399,2,2,(B),(A),(X),(A),(X),70,71,mistral_table,mistral_table,no
1860,IBICUI,14,50,33,8 320,79 262,71 426,12,14,66,46,871 543,11 737 729,1 835 780,70,71,mistral_table,mistral_table,no
1861,IBIPEBA,5,17,10,541,2 000,1 644,2,2,(B),(A),(X),(A),(X),70,71,mistral_table,mistral_table,no
1862,IBIPITANGA,2,(B),(B),(X),(A),(X),21,21,81,22,233 000,627 040,332 810,70,71,mistral_table,mistral_table,no
1863,IBIQUERA,1,(A),(A),(X),(A),(X),-,-,-,-,-,-,-,70,71,mistral_table,mistral_table,no
1864,IBIRAPITANGA,20,74,44,6 205,268 789,58 902,5,8,52,36,415 336,37 341 096,1 073 830,70,71,mistral_table,mistral_table,no
1865,IBIRAPUÁ,9,45,35,2 669,10 712,6 394,7,8,51,44,558 344,6 360 473,663 309,70,71,mistral_table,mistral_table,no
1866,IBIRATAIA,10,70,48,7 493,366 820,59 572,7,10,61,37,702 309,51 768 882,639 521,70,71,mistral_table,mistral_table,no
1867,IBITIARA,2,(D),(C),(X),(D),(X),6,9,177,165,1 013 611,11 985 959,7 376 367,70,71,mistral_table,mistral_table,no
1868,IBITITA,15,72,36,4 559,17 471,10 783,-,-,-,-,-,-,-,70,71,mistral_table,mistral_table,no
1869,IBOTIRAMA,14,42,18,2 949,27 457,15 270,51,52,111,67,893 143,2 693 426,1 370 452,70,71,mistral_table,mistral_table,no
1870,ICHU,6,26,14,1 720,14 060,11 328,12,12,45,32,290 856,2 701 390,1 289 043,70,71,mistral_table,mistral_table,no
1871,IGAPORÁ,11,35,16,1 554,4 571,3 490,89,89,308,219,1 833 295,40 596 191,15 256 127,70,71,mistral_table,mistral_table,no
1872,IGUAI,19,103,66,7 792,55 159,19 930,21,22,121,95,961 425,7 006 921,2 483 125,70,71,mistral_table,mistral_table,no
1873,INHAMBUPE,13,38,18,1 858,9 449,4 914,28,28,75,33,485 264,1 264 131,669 771,70,71,mistral_table,mistral_table,no
1874,IPECAETA,1,(A),(A),(X),(A),(X),1,1,(A),(A),(X),(A),(X),70,71,mistral_table,mistral_table,no
1875,IPIAU,38,314,224,24 653,478 329,113 977,64,75,493,356,3 475 503,41 425 787,5 877 839,70,71,mistral_table,mistral_table,no
1876,IPIRA,36,130,72,10 090,24 684,14 334,38,39,160,101,908 408,6 550 081,1 426 179,70,71,mistral_table,mistral_table,no
1877,IPUPIARA,4,34,30,3 055,23 147,14 028,11,11,33,23,189 300,663 200,326 970,70,71,mistral_table,mistral_table,no
1878,IRAJUBA,9,56,35,3 537,35 952,12 589,3,3,11,8,45 800,170 160,59 160,70,71,mistral_table,mistral_table,no
1879,IRAMAIA,2,(B),(A),(X),(B),(X),14,14,45,29,179 500,593 300,339 800,70,71,mistral_table,mistral_table,no
1880,IRAGUARA,11,37,21,2 762,7 270,5 782,45,45,138,84,896 082,2 613 035,2 028 830,70,71,mistral_table,mistral_table,no
1881,IRARA,21,103,58,5 819,64 553,29 309,18,18,105,75,546 499,3 122 258,1 081 464,70,71,mistral_table,mistral_table,no
1882,IRECE,54,243,137,17 779,179 037,106 588,77,87,351,170,2 753 648,9 974 872,6 789 047,70,71,mistral_table,mistral_table,no
1883,ITABERABA,46,274,177,13 350,104 552,51 236,57,62,296,181,1 416 056,5 869 682,3 553 870,70,71,mistral_table,mistral_table,no
1884,ITACARE,7,16,11,752,2 020,1 373,-,-,-,-,-,-,-,70,71,mistral_table,mistral_table,no
1885,ITAETE,10,21,6,619,2 312,1 597,22,22,70,45,441 000,1 961 000,1 397 360,70,71,mistral_table,mistral_table,no
1886,ITAGI,5,40,33,1 694,36 351,28 217,6,6,18,7,75 800,436 400,434 700,70,71,mistral_table,mistral_table,no
1887,ITAGIBA,10,40,28,2 400,7 150,4 301,21,21,65,43,467 166,1 676 400,907 600,70,71,mistral_table,mistral_table,no
1888,ITAGIMIRIM,4,33,25,2 026,13 052,9 471,5,5,40,30,160 471,1 389 123,972 080,70,71,mistral_table,mistral_table,no
1889,ITAJU DO COLONIA,7,34,23,2 489,22 114,12 984,6,7,22,16,177 665,3 521 418,400 632,70,71,mistral_table,mistral_table,no
1890,ITAJUIPE,14,63,40,4 893,16 437,5 578,10,13,71,38,1 259 115,1 962 621,1 011 688,70,71,mistral_table,mistral_table,no
1891,ITAMARAJU,92,808,567,52 151,466 610,221 099,86,94,741,582,4 924 963,32 062 584,13 844 560,70,71,mistral_table,mistral_table,no
1892,ITAMARI,10,46,33,3 267,126 763,24 369,5,6,85,77,480 121,17 319 260,911 876,70,71,mistral_table,mistral_table,no
1893,ITAMBE,27,152,109,10 586,64 429,45 583,30,31,197,144,971 106,7 876 415,3 479 436,70,71,mistral_table,mistral_table,no
1894,ITAMAGRA,4,73,62,5 576,23 401,6 473,1,1,(A),(A),(X),(A),(X),70,71,mistral_table,mistral_table,no
1895,ITANHEM,43,195,137,10 254,42 732,27 538,47,49,185,115,1 353 576,5 021 472,1 784 624,70,71,mistral_table,mistral_table,no
1896,ITAPARICA,4,83,70,3 293,23 183,13 755,3,4,16,12,42 506,195 017,- 109 335,70,71,mistral_table,mistral_table,no
1897,ITAPE,16,83,53,4 172,32 904,23 948,18,20,95,64,442 991,7 243 100,2 191 440,70,71,mistral_table,mistral_table,no
1898,ITAPEBI,9,55,30,5 885,17 696,9 332,5,7,70,58,488 975,11 691 028,893 588,70,71,mistral_table,mistral_table,no
1899,ITAPETINGA,84,715,525,62 084,1 076 075,427 131,82,87,640,662,4 884 837,125 618 549,28 556 131,70,71,mistral_table,mistral_table,no
1900,ITAPICURU,17,85,40,3 476,15 571,5 717,27,27,76,35,785 920,2 051 900,1 014 060,70,71,mistral_table,mistral_table,no
1901,ITAPITANGA,9,26,15,1 810,6 180,4 029,2,2,(C),(C),(X),(A),(X),70,71,mistral_table,mistral_table,no
1902,ITAQUARA,3,10,7,684,4 763,1 928,5,5,26,20,261 800,781 037,454 879,70,71,mistral_table,mistral_table,no
1903,ITARANTIM,21,78,50,4 841,25 745,14 523,17,18,82,61,524 715,13 116 399,1 094 631,70,71,mistral_table,mistral_table,no
1904,ITIRUÇU,8,52,29,4 066,66 653,27 984,1,2,(C),(C),(X),(G),(X),70,71,mistral_table,mistral_table,no
1905,ITIUBA,65,305,202,6 638,22 540,14 540,118,119,479,276,1 962 344,42 136 506,39 686 633,70,71,mistral_table,mistral_table,no
1906,ITORRO,47,252,158,21 274,211 591,64 213,29,30,197,149,1 976 708,21 984 533,4 957 474,72,73,mistral_table,mistral_table,no
1907,ITUAÇU,33,114,54,4 193,19 853,11 474,22,22,81,49,689 700,1 249 500,747 700,72,73,mistral_table,mistral_table,no
1908,ITUBERA,21,171,120,22 491,479 247,183 242,25,28,225,164,2 524 436,37 040 940,16 916 134,72,73,mistral_table,mistral_table,no
1909,JACARACI,11,169,153,16 550,70 662,66 477,23,26,200,180,1 053 738,4 330 159,3 952 820,72,73,mistral_table,mistral_table,no
1910,JACOBINA,136,1 035,778,58 548,646 324,142 588,248,272,2 956,2 283,24 632 033,135 325 021,36 725 078,72,73,mistral_table,mistral_table,no
1911,JAGUAQUARA,15,98,68,5 495,34 981,12 367,20,20,95,65,708 982,4 981 315,2 253 174,72,73,mistral_table,mistral_table,no
1912,JAGUARARI,37,1 703,942,416 503,579 572,62 238,31,36,1 642,1 110,43 806 793,288 780 059,193 702 986,72,73,mistral_table,mistral_table,no
1913,JAGUARIPE,5,16,8,828,3 585,2 579,1,1,(B),(B),(X),(D),(X),72,73,mistral_table,mistral_table,no
1914,JANDAIRA,21,63,34,3 296,10 479,5 754,2,2,(B),(B),(X),(A),(X),72,73,mistral_table,mistral_table,no
1915,JEREMOABO,24,81,33,4 502,39 266,15 401,37,37,148,88,806 550,2 854 258,1 446 060,72,73,mistral_table,mistral_table,no
1916,JIQUIRIÇA,7,39,23,1 486,7 502,3 602,4,4,14,8,69 600,464 000,287 500,72,73,mistral_table,mistral_table,no
1917,JITAUNA,12,58,35,5 769,24 069,11 704,8,9,44,29,483 226,1 201 856,870 662,72,73,mistral_table,mistral_table,no
1918,JUSSARA,5,11,6,738,3 000,1 404,3,3,10,4,109 819,354 000,269 100,72,73,mistral_table,mistral_table,no
1919,JUSSIAPE,5,13,6,551,1 720,914,24,24,69,31,162 246,880 600,381 135,72,73,mistral_table,mistral_table,no
1920,LAFAIETE COUTINHO,-,-,-,-,-,-,1,1,(A),(A),(X),(A),(X),72,73,mistral_table,mistral_table,no
1921,LAJE,6,26,16,1 397,8 467,5 912,23,23,146,90,519 370,1 923 886,812 690,72,73,mistral_table,mistral_table,no
1922,LAJEDÃO,3,26,15,2 471,8 841,8 685,3,3,32,22,87 000,292 000,166 000,72,73,mistral_table,mistral_table,no
1923,LAJEDINHO,2,(B),(A),(X),(A),(X),1,1,(A),(A),(X),(A),(X),72,73,mistral_table,mistral_table,no
1924,LAMARÃO,9,23,13,1 185,64 379,60 485,7,7,19,8,33 660,158 622,90 286,72,73,mistral_table,mistral_table,no
1925,LAURO DE FREITAS,45,1 008,774,89 309,713 579,322 304,55,61,858,675,6 236 290,43 556 145,25 158 548,72,73,mistral_table,mistral_table,no
1926,LENÇOS,3,9,4,342,1 119,833,3,3,16,11,77 700,310 900,167 495,72,73,mistral_table,mistral_table,no
1927,LICINIO DE ALMEIDA,11,396,394,24 142,94 347,93 243,8,16,224,202,2 238 954,7 750 756,7 199 379,72,73,mistral_table,mistral_table,no
1928,LIVRAMENTO DO BRUMADO,27,66,31,3 939,21 108,8 542,12,12,31,15,183 743,1 031 772,447 114,72,73,mistral_table,mistral_table,no
1929,MACAJUBA,4,12,6,463,2 652,1 493,7,7,31,23,96 700,566 150,480 930,72,73,mistral_table,mistral_table,no
1930,MACARANI,5,17,10,736,3 093,1 872,5,6,42,34,158 436,8 299 786,289 581,72,73,mistral_table,mistral_table,no
1931,MACAUBAS,14,33,12,2 367,9 047,3 119,31,31,49,29,498 285,1 689 669,739 535,72,73,mistral_table,mistral_table,no
1932,MACURURE,-,-,-,-,-,-,7,7,18,8,139 780,404 800,180 760,72,73,mistral_table,mistral_table,no
1933,MAIQUINIQUE,8,32,23,2 326,6 533,4 646,10,11,49,32,211 822,9 576 216,921 400,72,73,mistral_table,mistral_table,no
1934,MAIRI,16,53,24,2 241,32 434,9 863,40,40,150,101,805 102,2 325 254,1 656 531,72,73,mistral_table,mistral_table,no
1935,MALHADA,6,23,9,1 528,4 417,3 066,13,13,45,25,392 831,5 236 198,1 535 059,72,73,mistral_table,mistral_table,no
1936,MALHADA DE PEDRAS,1,(C),(A),(X),(A),(X),8,8,16,6,86 092,185 790,103 909,72,73,mistral_table,mistral_table,no
1937,MANOEL VITORINO,12,50,17,2 440,6 070,4 128,-,-,-,-,-,-,-,72,73,mistral_table,mistral_table,no
1938,MARACAS,10,51,30,3 443,13 842,5 540,17,19,79,49,574 326,3 230 420,905 659,72,73,mistral_table,mistral_table,no
1939,MARAGOGIPE,26,787,732,39 586,117 148,41 737,45,46,689,546,3 683 251,11 218 631,4 967 855,72,73,mistral_table,mistral_table,no
1940,MARAU,9,30,26,1 706,14 532,11 351,1,1,(A),(A),(X),(C),(X),72,73,mistral_table,mistral_table,no
1941,MARCIONILIO SOUZA,8,23,11,605,1 270,796,15,15,57,23,474 800,918 200,720 460,72,73,mistral_table,mistral_table,no
1942,MASCOTE,8,37,21,1 915,14 248,8 215,25,25,152,116,1 026 024,5 254 218,2 464 068,72,73,mistral_table,mistral_table,no
1943,MATA DE SÃO JOÃO,28,327,250,30 422,210 723,133 891,19,20,218,187,1 342 751,9 334 032,4 579 886,72,73,mistral_table,mistral_table,no
1944,MEDEIROS NETO,37,281,151,14 597,184 165,27 545,28,29,264,216,1 864 702,13 408 355,2 942 233,72,73,mistral_table,mistral_table,no
1945,MIGUEL CALMON,24,138,100,7 739,24 923,17 344,31,34,230,178,1 123 626,5 398 883,4 234 819,72,73,mistral_table,mistral_table,no
1946,MILAGRES,33,105,50,6 070,18 744,11 361,28,29,193,111,781 042,2 267 902,1 534 536,72,73,mistral_table,mistral_table,no
1947,MIRANGABA,7,15,8,355,1 720,933,7,7,27,11,143 440,438 700,172 224,72,73,mistral_table,mistral_table,no
1948,MONTE SANTO,53,150,75,7 418,14 328,9 160,75,77,255,149,1 429 498,5 757 211,4 637 612,72,73,mistral_table,mistral_table,no
1949,MORPARA,12,7,2,457,1 288,1 020,13,13,28,18,145 300,473 800,209 400,72,73,mistral_table,mistral_table,no
1950,MORRO DO CHAPEU,12,100,67,2 705,17 117,5 837,46,48,237,167,1 058 231,5 013 550,3 260 433,72,73,mistral_table,mistral_table,no
1951,MORTUGABA,1,(A),(A),(X),(A),(X),18,18,23,14,104 800,870 000,296 000,72,73,mistral_table,mistral_table,no
1952,MUCUGE,3,35,31,2 201,1 845,369,1,4,14,13,76 925,510 962,295 172,72,73,mistral_table,mistral_table,no
1953,MUCURI,10,94,69,6 138,15 094,9 041,6,7,28,21,149 725,6 098 237,499 750,74,75,mistral_table,mistral_table,no
1954,MUNDO NOVO,21,78,41,3 452,13 982,8 205,21,22,84,58,377 627,4 701 583,700 362,74,75,mistral_table,mistral_table,no
1955,MUNIZ FERREIRA,4,21,13,1 276,4 432,2 900,2,2,(B),(B),(X),(B),(X),74,75,mistral_table,mistral_table,no
1956,MURITIBA,29,424,351,17 391,132 664,61 547,9,12,205,176,1 194 003,9 849 250,4 018 765,74,75,mistral_table,mistral_table,no
1957,MUTUIPE,15,54,32,1 814,11 145,3 166,5,5,33,22,158 063,2 187 660,681 054,74,75,mistral_table,mistral_table,no
1958,NAZARE,26,466,343,41 382,336 806,185 776,22,24,513,423,4 235 094,55 818 142,25 865 567,74,75,mistral_table,mistral_table,no
1959,NILO PEÇANHA,18,134,99,11 936,51 454,35 496,6,6,17,11,85 000,1 588 040,1 278 040,74,75,mistral_table,mistral_table,no
1960,NOVA CANAÃ,6,32,19,2 290,20 532,5 858,6,6,29,19,215 400,896 616,532 616,74,75,mistral_table,mistral_table,no
1961,NOVA ITARANA,5,19,11,2 303,28 926,3 467,-,-,-,-,-,-,-,74,75,mistral_table,mistral_table,no
1962,NOVA SOURE,20,68,37,2 160,7 579,3 857,25,26,438,376,1 503 986,12 899 937,5 350 124,74,75,mistral_table,mistral_table,no
1963,NOVA VIÇOSA,9,339,320,14 880,88 040,53 185,1,1,(F),(F),(X),(D),(X),74,75,mistral_table,mistral_table,no
1964,OLINDINA,17,64,30,2 564,14 659,4 371,7,7,26,12,120 506,778 175,276 252,74,75,mistral_table,mistral_table,no
1965,OLIVEIRA DOS BREJINHOS,12,58,46,4 055,8 365,7 223,13,13,33,24,273 292,655 220,354 489,74,75,mistral_table,mistral_table,no
1966,OURIZÂNGAS,1,(A),(A),(X),(B),(X),2,2,(B),(A),(X),(A),(X),74,75,mistral_table,mistral_table,no
1967,PALMAS DE MONTE ALTO,29,61,35,2 829,32 681,13 345,13,13,45,31,232 284,8 440 963,2 416 350,74,75,mistral_table,mistral_table,no
1968,PALMEIRAS,6,19,10,1 434,6 165,4 010,7,7,21,17,89 224,517 879,379 826,74,75,mistral_table,mistral_table,no
1969,PARAMÍRIM,15,36,12,5 037,20 006,9 121,13,13,31,18,241 747,741 296,310 403,74,75,mistral_table,mistral_table,no
1970,PARATINGA,5,7,5,721,2 290,1 526,6,6,20,14,89 000,405 000,275 300,74,75,mistral_table,mistral_table,no
1971,PARIPIRANGA,23,88,46,4 193,23 243,9 088,44,44,160,86,934 414,4 734 322,2 233 042,74,75,mistral_table,mistral_table,no
1972,PAU BRASIL,23,79,53,4 675,16 557,7 818,36,38,125,85,1 611 820,4 699 337,2 808 786,74,75,mistral_table,mistral_table,no
1973,PAULO AFONSO,43,237,166,12 326,85 014,39 629,110,114,454,317,4 001 942,19 758 866,10 658 232,74,75,mistral_table,mistral_table,no
1974,PEDRÃO,3,9,1,173,3 485,2 573,4,4,10,3,69 558,410 538,263 511,74,75,mistral_table,mistral_table,no
1975,PEDRO ALEXANDRE,4,14,4,586,2 004,1 135,6,6,27,17,153 360,853 000,267 850,74,75,mistral_table,mistral_table,no
1976,PIATÃ,1,(A),(A),(X),(A),(X),5,5,16,10,104 900,414 500,192 580,74,75,mistral_table,mistral_table,no
1977,PILÃO ARCADO,18,19,6,2 100,6 350,4 733,5,5,21,13,136 080,829 700,460 900,74,75,mistral_table,mistral_table,no
1978,PINDAI,4,25,14,1 127,2 006,1 476,2,2,(B),(A),(X),(F),(X),74,75,mistral_table,mistral_table,no
1979,PINDOBAÇU,30,96,55,6 684,11 943,8 371,20,20,65,43,255 927,1 595 009,680 571,74,75,mistral_table,mistral_table,no
1980,PIRIPA,-,-,-,-,-,-,5,5,16,9,112 230,263 440,133 597,74,75,mistral_table,mistral_table,no
1981,PIRITIBA,19,98,64,6 213,51 792,20 538,33,33,165,124,945 534,2 622 040,1 245 780,74,75,mistral_table,mistral_table,no
1982,PLANALTINO,-,-,-,-,-,-,6,6,28,18,251 350,803 450,360 300,74,75,mistral_table,mistral_table,no
1983,PLANALTO,8,40,7,1 309,4 392,1 555,4,4,19,7,42 600,114 300,79 200,74,75,mistral_table,mistral_table,no
1984,POÇÕES,41,128,48,4 397,19 265,7 491,65,65,222,126,1 163 223,3 080 163,1 621 022,74,75,mistral_table,mistral_table,no
1985,POJUCA,11,815,650,292 869,3 137 450,957 341,8,12,811,653,32 965 533,379 844 968,65 559 992,74,75,mistral_table,mistral_table,no
1986,PORTO SEGURO,73,1 251,1 012,87 590,896 911,491 184,67,68,861,732,4 054 539,43 069 057,22 836 615,74,75,mistral_table,mistral_table,no
1987,POTIRAQUA,6,28,21,1 989,7 329,3 919,6,7,32,24,157 056,4 838 751,420 117,74,75,mistral_table,mistral_table,no
1988,PRADO,23,661,543,47 077,343 256,268 779,14,16,446,401,2 749 205,18 917 402,13 489 794,74,75,mistral_table,mistral_table,no
1989,PRESIDENTE DUTRA,4,7,4,492,3 560,777,16,16,43,24,189 280,1 111 670,696 228,74,75,mistral_table,mistral_table,no
1990,QUEIMADAS,31,245,199,11 606,100 074,23 080,36,37,161,95,547 417,3 095 272,1 373 949,74,75,mistral_table,mistral_table,no
1991,QUIJINGUE,24,105,58,2 902,9 071,5 116,44,44,156,72,1 011 240,2 739 790,2 172 883,74,75,mistral_table,mistral_table,no
1992,REMANSO,20,120,72,6 943,38 458,9 081,38,38,160,93,1 330 237,3 155 100,2 200 552,74,75,mistral_table,mistral_table,no
1993,RETIROLANDIA,12,123,90,6 088,102 384,19 859,9,10,75,61,295 160,5 924 308,1 550 059,74,75,mistral_table,mistral_table,no
1994,RIACHÃO DAS NEVES,15,19,8,2 480,4 712,2 568,15,15,44,21,368 000,815 240,438 346,74,75,mistral_table,mistral_table,no
1995,RIACHÃO DO JACUIPE,101,814,604,55 484,695 236,234 933,132,138,850,635,6 096 630,51 659 949,14 970 274,74,75,mistral_table,mistral_table,no
1996,RIACHO DE SANTANA,20,30,13,2 384,9 786,6 530,39,39,171,123,835 510,9 333 658,4 721 912,74,75,mistral_table,mistral_table,no
1997,RIBEIRA DO AMPARO,20,71,29,2 420,7 223,4 837,56,56,170,100,773 200,1 881 753,1 013 653,74,75,mistral_table,mistral_table,no
1998,RIBEIRA DO POMBAL,143,698,430,24 227,107 004,56 911,145,146,593,404,3 337 012,10 411 029,4 806 507,74,75,mistral_table,mistral_table,no
1999,RIO DE CONTAS,4,11,3,311,815,602,12,12,34,22,102 756,445 900,193 075,74,75,mistral_table,mistral_table,no
2000,RIO DO ANTONIO,9,29,18,1 257,2 753,2 227,19,19,15,8,81 124,252 070,186 876,76,77,mistral_table,mistral_table,no
2001,RIO DO PIRES,4,28,21,1 239,4 615,2 869,16,16,19,9,148 542,334 752,257 175,76,77,mistral_table,mistral_table,no
2002,RIO REAL,23,151,102,7 213,27 271,16 509,58,58,364,282,1 442 566,5 793 213,2 543 499,76,77,mistral_table,mistral_table,no
2003,RODELAS,5,19,13,529,2 390,1 373,4,4,19,15,62 713,718 000,550 444,76,77,mistral_table,mistral_table,no
2004,RUY BARBOSA,25,89,53,5 588,27 748,17 842,31,33,163,96,682 973,4 749 405,2 326 277,76,77,mistral_table,mistral_table,no
2005,SALINAS DA MARGARIDA,2,(B),(B),(X),(C),(X),3,3,47,32,136 576,978 428,424 209,76,77,mistral_table,mistral_table,no
2006,SANTA BARBARA,5,16,8,1 239,6 936,4 276,7,7,17,6,155 800,454 800,202 200,76,77,mistral_table,mistral_table,no
2007,SANTA BRIGIDA,4,12,5,694,2 355,1 208,8,8,31,20,270 360,712 950,302 850,76,77,mistral_table,mistral_table,no
2008,SANTA CRUZ CABRALIA,69,650,434,51 327,444 387,269 624,76,80,848,714,7 805 798,81 784 242,40 551 778,76,77,mistral_table,mistral_table,no
2009,SANTA CRUZ DA VITORIA,4,18,13,608,29 188,3 381,15,16,55,36,466 622,3 135 586,612 260,76,77,mistral_table,mistral_table,no
2010,SANTA INES,14,90,70,6 121,160 060,17 754,8,8,41,27,233 569,1 625 481,679 410,76,77,mistral_table,mistral_table,no
2011,SANTALUZ,33,234,175,10 609,190 388,46 280,80,83,1 503,1 367,9 833 082,16 958 127,13 722 615,76,77,mistral_table,mistral_table,no
2012,SANTA MARIA DA VITORIA,27,96,66,9 640,55 761,22 488,52,55,201,117,1 544 965,8 651 812,2 493 781,76,77,mistral_table,mistral_table,no
2013,SANTANA,38,65,34,6 399,19 604,9 262,102,102,197,97,821 197,2 721 860,1 462 125,76,77,mistral_table,mistral_table,no
2014,SANTANOPOLIS,1,(A),(A),(X),(A),(X),-,-,-,-,-,-,-,76,77,mistral_table,mistral_table,no
2015,SANTA RITA DE CASSIA,11,21,10,2 580,9 275,5 338,26,26,114,78,290 350,2 446 210,1 222 764,76,77,mistral_table,mistral_table,no
2016,SANTA TERESINHA,18,68,44,4 471,10 244,7 599,8,8,38,25,139 076,663 636,207 558,76,77,mistral_table,mistral_table,no
2017,SANTO AMARO,85,1 829,1 326,209 887,4 961 754,1 167 287,51,71,2 082,1 613,24 011 816,401 510 346,122 405 701,76,77,mistral_table,mistral_table,no
2018,SANTO ANTONIO DE JESUS,62,615,435,40 217,223 716,105 001,52,60,570,448,3 033 692,37 447 912,16 570 801,76,77,mistral_table,mistral_table,no
2019,SANTO ESTEVÃO,37,241,155,14 259,62 588,30 695,32,34,186,150,1 789 404,13 026 036,6 969 370,76,77,mistral_table,mistral_table,no
2020,SÃO DESIDERIO,13,18,8,1 942,5 198,3 359,11,12,85,69,810 647,3 340 963,2 752 213,76,77,mistral_table,mistral_table,no
2021,SÃO FELIX,18,145,105,7 638,40 555,26 891,10,11,43,31,202 157,2 610 660,1 917 552,76,77,mistral_table,mistral_table,no
2022,SÃO FELIPE,9,79,47,7 527,21 668,13 032,12,15,87,56,422 502,1 521 351,663 185,76,77,mistral_table,mistral_table,no
2023,SÃO FRANCISCO DO CONDE,16,2 720,1 610,1 849 801,70 195 902,9 150 619,4,12,2 354,1 927,128 937 022,8 624 469 640,2 214 138 430,76,77,mistral_table,mistral_table,no
2024,SÃO GONÇALO DOS CAMPOS,26,460,396,27 142,153 194,42 551,18,21,419,359,5 414 529,42 068 247,24 272 397,76,77,mistral_table,mistral_table,no
2025,SÃO MIGUEL DAS MATAS,3,9,5,658,13 517,9 912,4,4,17,11,64 204,478 527,213 784,76,77,mistral_table,mistral_table,no
2026,SÃO SEBASTIÃO DO PASSE,11,544,469,34 379,104 294,39 279,12,13,525,495,3 239 538,9 887 416,3 971 951,76,77,mistral_table,mistral_table,no
2027,SAPEA TU,14,180,16,7 245,7 992,3 933,7,9,46,25,297 017,1 579 020,531 114,76,77,mistral_table,mistral_table,no
2028,SATIRO DIAS,15,47,28,2 758,4 407,3 374,8,8,23,12,158 460,377 810,244 810,76,77,mistral_table,mistral_table,no
2029,SAUDE,11,32,13,1 285,4 291,2 862,7,7,40,20,214 607,586 548,307 850,76,77,mistral_table,mistral_table,no
2030,SEABRA,24,183,144,11 718,61 756,38 173,16,18,111,92,540 237,3 758 571,2 217 309,76,77,mistral_table,mistral_table,no
2031,SEBASTIÃO LARANJEIRAS,15,4,2,877,1 713,1 394,7,7,22,14,46 000,200 850,113 910,76,77,mistral_table,mistral_table,no
2032,SENHOR DO BONFIM,80,1 501,1 213,134 826,1 049 199,680 123,92,103,1 000,728,8 471 829,80 224 661,50 287 609,76,77,mistral_table,mistral_table,no
2033,SENTO SE,25,70,45,3 152,12 612,7 861,4,4,12,5,48 600,289 000,61 000,76,77,mistral_table,mistral_table,no
2034,SERRA DOURADA,17,10,2,1 872,3 214,1 837,44,44,46,25,422 700,996 206,712 489,76,77,mistral_table,mistral_table,no
2035,SERRA PRETA,18,67,34,2 029,9 259,5 523,18,18,83,31,182 866,546 550,320 070,76,77,mistral_table,mistral_table,no
2036,SERRINHA,87,467,342,20 882,133 765,51 943,100,105,632,491,5 182 970,42 014 706,28 233 823,76,77,mistral_table,mistral_table,no
2037,SERROLANDIA,35,103,52,4 331,16 214,6 665,62,62,180,117,1 136 060,2 254 950,1 695 060,76,77,mistral_table,mistral_table,no
2038,SIMÕES FILHO,132,15 509,11 731,2 928 825,38 070 203,16 202 204,80,122,12 659,9 537,244 387 546,3 091 151 138,1 441 155 486,76,77,mistral_table,mistral_table,no
2039,SOUTO SOARES,3,9,4,315,1 105,489,4,4,13,4,161 000,455 000,303 000,76,77,mistral_table,mistral_table,no
2040,TABOCAS DO BREJO VELHO,10,-,-,393,571,396,16,16,10,3,82 300,200 650,140 100,76,77,mistral_table,mistral_table,no
2041,TAHNAÇU,20,79,37,4 389,122 036,60 675,17,20,141,105,606 002,8 881 561,3 045 555,76,77,mistral_table,mistral_table,no
2042,TANGUINHO,10,42,24,3 729,16 315,8 950,6,6,16,6,100 264,557 487,237 394,76,77,mistral_table,mistral_table,no
2043,TAPEROA,21,409,265,27 497,152 998,68 752,11,13,336,277,1 671 112,22 961 577,13 370 537,76,77,mistral_table,mistral_table,no
2044,TAPIRAMUTA,18,115,78,3 592,17 012,10 164,7,7,24,16,216 475,1 092 511,562 095,76,77,mistral_table,mistral_table,no
2045,TEODORO SAMPAIO,7,64,43,6 700,94 573,19 518,3,5,31,24,221 248,3 206 223,231 812,76,77,mistral_table,mistral_table,no
2046,TEOFILANDIA,9,41,29,6 498,10 877,7 345,10,11,61,32,679 036,74 910 021,57 931 245,76,77,mistral_table,mistral_table,no
2047,TEOLANDIA,2,(C),(A),(X),(A),(X),4,4,19,10,523 265,3 126 563,566 135,78,79,mistral_table,mistral_table,no
2048,TERRA NOVA,5,132,115,9 109,12 832,1 800,4,4,14,10,135 600,379 000,173 000,78,79,mistral_table,mistral_table,no
2049,TREMEDAL,1,(A),(A),(X),(A),(X),3,3,8,4,34 000,110 650,61 050,78,79,mistral_table,mistral_table,no
2050,TUCANO,160,874,538,19 883,74 036,34 594,173,173,562,360,3 587 412,7 486 206,4 685 406,78,79,mistral_table,mistral_table,no
2051,UAUA,8,26,11,1 032,5 082,3 079,24,27,198,160,2 006 135,15 854 421,12 249 063,78,79,mistral_table,mistral_table,no
2052,UBAIRA,9,117,86,7 332,56 436,26 336,3,4,93,88,694 060,2 577 892,668 499,78,79,mistral_table,mistral_table,no
2053,UBAITABA,19,95,55,7 524,39 093,21 346,7,12,62,33,686 883,37 229 257,640 787,78,79,mistral_table,mistral_table,no
2054,UBATÁ,17,52,32,5 739,20 450,9 700,16,17,73,46,750 625,1 895 376,1 203 367,78,79,mistral_table,mistral_table,no
2055,UIBAI,2,(A),(A),(X),(B),(X),6,6,16,5,327 960,891 360,802 900,78,79,mistral_table,mistral_table,no
2056,UNA,9,77,44,5 488,36 120,18 637,56,58,307,217,1 767 112,8 568 302,4 109 686,78,79,mistral_table,mistral_table,no
2057,URANDI,2,(A),(A),(X),(B),(X),2,3,32,29,124 869,342 855,185 465,78,79,mistral_table,mistral_table,no
2058,URUQUCA,7,27,16,2 050,9 738,5 062,9,10,72,50,226 764,1 208 233,505 087,78,79,mistral_table,mistral_table,no
2059,UTINGA,17,51,30,1 779,11 652,7 195,59,59,241,166,967 284,2 630 829,1 994 289,78,79,mistral_table,mistral_table,no
2060,VALENÇA,87,1 269,956,141 282,1 402 162,613 524,81,91,1 431,1 249,11 344 783,106 948 150,48 550 254,78,79,mistral_table,mistral_table,no
2061,VALENTE,61,582,471,29 762,821 629,189 640,37,38,411,359,2 060 341,52 763 375,13 219 553,78,79,mistral_table,mistral_table,no
2062,VARZEA DO POÇO,2,(B),(A),(X),(C),(X),12,12,48,26,323 600,735 450,502 450,78,79,mistral_table,mistral_table,no
2063,VERA CRUZ,5,31,22,2 348,8 204,4 893,4,4,30,22,182 284,746 725,347 405,78,79,mistral_table,mistral_table,no
2064,WAGNER,8,22,15,1 368,4 775,3 674,11,11,45,21,141 591,725 190,554 020,78,79,mistral_table,mistral_table,no
2065,WENCESLAU GUIMARÃES,11,42,22,2 042,5 622,3 470,7,7,40,29,176 882,548 320,335 400,78,79,mistral_table,mistral_table,no
2066,XIQUE-XIQUE,16,73,51,4 631,20 059,13 843,18,20,86,57,526 489,2 235 506,1 175 180,78,79,mistral_table,mistral_table,no
