order_number,entry,establishments_1980,personnel_total_1980,personnel_linked_to_service_activity_1980,salaries_withdrawals_1980_mil_cruzeiros,total_revenue_1980_mil_cruzeiros,companies_headquartered_in_municipality_1985,establishments_1985,personnel_total_1985,personnel_linked_to_service_activity_1985,salaries_withdrawals_1985_mil_cruzeiros,total_revenue_1985_mil_cruzeiros,source_page_1980,source_page_1985,left_extraction_method,right_extraction_method,needs_review
1,BRASIL,395 797,2 211 783,1 403 971,280 393 481,1 140 225 587,432 342,448 702,2 583 183,1 772 247,77 706 582 122,106 895 088 261,172,173,mistral_table,mistral_table,no
2,ALOJAMENTO E ALIMENTAÇÃO,193 646,665 805,318 154,46 296 556,283 052 684,215 570,219 353,783 553,417 959,4 765 334 543,26 502 365 187,172,173,mistral_table,mistral_table,no
3,ALOJAMENTO,15 207,124 214,80 774,10 706 778,45 958 354,14 591,15 212,147 604,113 085,1 176 006 032,5 351 981 782,172,173,mistral_table,mistral_table,no
4,ALIMENTAÇÃO,178 439,541 591,237 380,35 589 778,237 094 310,200 979,204 141,635 949,304 870,3 589 328 511,21 150 383 405,172,173,mistral_table,mistral_table,no
5,"REPARAÇÃO, MANUTENÇÃO E INSTALAÇÃO",81 353,313 707,182 682,31 963 426,100 259 147,95 868,97 715,329 065,188 249,2 658 713 520,8 498 123 049,172,173,mistral_table,mistral_table,no
6,"REPARAÇÃO, MANUTENÇÃO E INSTALAÇÃO",81 353,313 707,182 682,31 963 426,100 259 147,95 868,97 715,329 065,186 249,2 658 7i3 520,8 498 123 049,172,173,mistral_table,pdf_text_layout,no
7,"PESSOAIS, DE HIGIENE E ESTÉTICA PESSOAL",25 887,86 910,49 001,7 466 095,21 487 674,26 597,27 536,93 538,55 223,630 335 408,1 803 070 259,172,173,mistral_table,mistral_table,no
8,PESSOAIS,9 354,35 887,20 365,3 032 078,11 699 168,8 953,9 748,34 031,19 703,228 563 002,834 399 911,172,173,mistral_table,mistral_table,no
9,HIGIENE E DE ESTÉTICA PESSOAL,16 533,51 043,28 836,4 434 017,9 788 506,17 544,17 788,59 507,35 520,401 772 406,988 670 348,172,173,mistral_table,mistral_table,no
10,"RADIOIDIFUSÃO, TELEVISÃO E DIVERSÕES",7 101,67 169,44 700,10 475 977,51 607 590,6 076,7 168,75 763,55 694,404 306 551,5 980 623 389,172,173,mistral_table,mistral_table,no
11,RADIOIDIFUSÃO E TELEVISÃO,1 484,38 842,26 363,7 672 816,37 996 335,1 224,1 498,48 420,37 140,1 194 584 410,4 707 066 590,172,173,mistral_table,mistral_table,no
12,DIVERSÕES,5 617,28 327,18 337,2 803 161,13 611 255,4 852,5 670,27 343,18 554,209 722 141,1 273 556 799,172,173,mistral_table,mistral_table,no
13,AUXILIARES DIVERSOS,74 512,993 654,763 469,170 933 010,606 107 958,77 435,85 785,1 234 983,1 012 962,17 490 327 257,60 551 009 729,172,173,mistral_table,mistral_table,no
14,AUX. DA AGROPECUARIA E REFLORESTAMENTO,3 046,59 496,40 744,10 280 038,29 092 093,1 550,1 988,80 286,65 742,1 275 850 148,2 721 230 782,172,173,mistral_table,mistral_table,no
15,"AUX. COMÉRCIO, LOCAÇÃO DE BENS E SERVIÇOS",11 182,82 825,50 791,16 981 326,125 969 772,15 100,16 873,118 778,81 727,2 292 221 794,13 018 820 244,172,173,mistral_table,mistral_table,no
16,"AUX. FINANC., SEGUROS E CAPITALIZAÇÃO",1 866,18 424,12 061,4 287 167,19 075 271,1 503,1 731,19 209,13 860,428 011 363,2 307 092 508,172,173,mistral_table,mistral_table,no
17,AUXILIARES DOS TRANSPORTES,7 157,83 844,58 430,16 414 800,89 433 768,4 682,7 006,108 114,88 950,2 440 552 118,9 374 032 489,172,173,mistral_table,mistral_table,no
18,"AUX. CONSTRUÇÃO, OBRAS, GEOGESIA, ETC",4 464,80 902,56 343,27 692 252,85 731 097,3 831,4 197,80 481,63 076,1 930 277 140,6 478 506 320,172,173,mistral_table,mistral_table,no
19,"AUX. DE LIMPEZA, HIGIENIZAÇÃO, ETC",2 789,160 906,150 380,10 128 024,25 491 050,2 889,3 168,200 922,188 311,992 588 312,2 365 090 853,172,173,mistral_table,mistral_table,no
20,AUX. PRESTADOS A EMPRESAS E PESSOAS,38 640,476 120,375 864,81 075 064,218 815 284,42 081,44 777,593 244,488 289,7 813 506 990,23 146 767 656,172,173,mistral_table,mistral_table,no
21,AUXILIARES DA SAÚDE,5 348,31 137,18 856,4 074 339,12 501 623,5 719,6 045,33 949,23 027,316 919 422,1 139 368 877,172,173,mistral_table,mistral_table,no
22,"COMPRA, VENDA, ADMINISTRAÇÃO BENS IMOVEIS",13 298,84 538,45 965,13 258 417,77 710 554,10 796,11 145,66 281,42 160,757 564 843,3 559 896 648,172,173,mistral_table,mistral_table,no
23,COMPRA E VENDA DE BENS IMOVEIS,8 113,42 753,19 913,7 228 498,51 183 919,4 135,4 260,17 728,9 802,196 029 654,1 176 344 861,172,173,mistral_table,mistral_table,no
24,"ADMINISTRAÇÃO, LOCAÇÃO, ETC",5 185,41 785,26 052,6 029 919,26 526 735,6 661,6 885,48 553,32 358,561 535 189,2 363 551 767,172,173,mistral_table,mistral_table,no
25,REGIÃO NORDESTE,47 913,263 441,169 065,27 180 705,116 710 587,77 255,79 507,385 143,258 037,3 369 509 556,12 286 412 414,172,173,mistral_table,mistral_table,no
26,ALOJAMENTO E ALIMENTAÇÃO,22 173,84 279,43 709,5 432 956,28 443 945,40 073,40 677,145 212,82 401,865 323 756,4 165 504 112,172,173,mistral_table,mistral_table,no
27,ALOJAMENTO,2 727,20 646,12 935,1 557 253,6 963 460,2 968,3 088,27 128,20 601,184 262 135,900 597 321,172,173,mistral_table,mistral_table,no
28,ALIMENTAÇÃO,19 446,63 633,30 774,3 875 703,21 480 486,37 105,37 589,118 084,61 800,681 061 621,3 264 906 791,172,173,mistral_table,mistral_table,no
29,"REPARAÇÃO, MANUTENÇÃO E INSTALAÇÃO",12 259,47 984,29 863,4 339 273,11 360 704,21 051,21 268,72 531,45 809,586 453 354,1 572 666 962,172,173,mistral_table,mistral_table,no
30,"REPARAÇÃO, MANUTENÇÃO E INSTALAÇÃO",12 259,47 984,29 863,4 339 273,11 360 704,21 051,21 268,72 531,45 809,586 453 354,1 572 666 962,172,173,mistral_table,mistral_table,no
31,"PESSOAIS, DE HIGIENE E ESTÉTICA PESSOAL",3 171,10 186,5 974,790 202,2 033 372,5 066,5 165,15 518,9 139,104 602 426,286 067 226,172,173,mistral_table,mistral_table,no
32,PESSOAIS,993,3 507,1 944,254 196,936 213,1 539,1 622,4 798,2 634,32 868 756,117 120 240,172,173,mistral_table,mistral_table,no
33,HIGIENE E DE ESTÉTICA PESSOAL,2 178,6 679,4 030,536 006,1 097 159,3 517,3 543,10 720,6 505,71 733 670,168 946 986,172,173,mistral_table,mistral_table,no
34,"RADIOIDIFUSÃO, TELEVISÃO E DIVERSÕES",1 222,10 470,6 620,1 085 810,5 185 725,1 408,1 530,11 381,8 422,113 232 353,637 321 418,172,173,mistral_table,mistral_table,no
35,RADIOIDIFUSÃO E TELEVISÃO,182,6 106,3 964,774 388,3 613 546,208,234,6 499,5 224,80 410 655,493 568 880,172,173,mistral_table,mistral_table,no
36,DIVERSÕES,1 040,4 364,2 656,311 422,1 572 179,1 200,1 296,4 882,3 198,32 821 698,143 752 538,172,173,mistral_table,mistral_table,no
37,AUXILIARES DIVERSOS,8 265,104 149,79 517,14 527 550,63 731 377,8 958,10 143,135 789,108 965,1 648 964 951,5 343 954 075,172,173,mistral_table,mistral_table,no
38,AUX. DA AGROPECUARIA E REFLORESTAMENTO,415,11 646,7 316,2 528 400,7 215 995,132,211,12 592,6 458,315 919 637,587 837 761,172,173,mistral_table,mistral_table,no
39,"AUX. COMÉRCIO, LOCAÇÃO DE BENS E SERVIÇOS",1 766,11 194,6 947,1 775 641,9 622 626,1 799,2 111,15 817,11 871,216 135 928,1 222 377 759,172,173,mistral_table,mistral_table,no
40,"AUX. FINANC., SEGUROS E CAPITALIZAÇÃO",1 168,746,452,127 218,649 651,78,126,718,483,12 154 937,98 005 625,172,173,mistral_table,mistral_table,no
41,AUXILIARES DOS TRANSPORTES,697,9 418,7 055,1 795 698,21 891 090,365,692,11 036,9 212,214 739 701,883 932 176,172,173,mistral_table,mistral_table,no
42,"AUX. CONSTRUÇÃO, OBRAS, GEOGESIA, ETC",349,6 704,4 964,1 698 929,7 330 243,385,452,9 204,7 589,166 373 783,633 047 429,172,173,mistral_table,mistral_table,no
43,"AUX. DE LIMPEZA, HIGIENIZAÇÃO, ETC",292,15 051,13 843,835 709,2 262 047,339,370,18 720,17 817,89 398 649,222 423 740,172,173,mistral_table,mistral_table,no
44,AUX. PRESTADOS A EMPRESAS E PESSOAS,3 718,45 141,36 488,5 258 979,13 257 380,4 814,5 114,63 236,52 723,597 088 303,1 567 849 310,172,173,mistral_table,mistral_table,no
45,AUXILIARES DA SAÚDE,860,4 249,2 452,505 976,1 502 345,1 046,1 067,4 466,2 812,37 154 113,128 436 275,172,173,mistral_table,mistral_table,no
46,"COMPRA, VENDA, ADMINISTRAÇÃO BENS IMOVEIS",823,6 373,3 382,1 004 914,5 955 463,709,724,4 712,3 301,50 932 716,280 898 621,172,173,mistral_table,mistral_table,no
47,COMPRA E VENDA DE BENS IMOVEIS,611,4 006,1 893,650 013,4 037 180,357,361,1 393,776,13 456 885,55 259 163,172,173,mistral_table,mistral_table,no
48,"ADMINISTRAÇÃO, LOCAÇÃO, ETC",212,2 367,1 489,354 901,1 918 283,352,363,3 319,2 525,37 476 031,225 639 458,172,173,mistral_table,mistral_table,no
49,MARANHÃO,3 079,15 759,9 820,1 283 768,4 517 256,5 053,5 179,27 754,18 950,211 738 429,807 977 844,172,173,mistral_table,mistral_table,no
50,ALOJAMENTO E ALIMENTAÇÃO,1 450,5 634,2 961,305 977,1 762 577,2 285,2 304,8 737,4 946,44 745 989,237 352 796,172,173,mistral_table,mistral_table,no
51,ALOJAMENTO,338,1 778,1 029,111 142,559 765,342,347,2 199,1 478,12 166 976,74 791 250,172,173,mistral_table,mistral_table,no
52,ALIMENTAÇÃO,1 112,3 856,1 932,194 835,1 202 812,1 943,1 957,6 538,3 468,32 579 310,162 561 546,172,173,mistral_table,mistral_table,no
53,"REPARAÇÃO, MANUTENÇÃO E INSTALAÇÃO",853,3 080,1 855,239 784,706 129,1 657,1 662,6 007,3 848,36 824 531,115 812 701,172,173,mistral_table,mistral_table,no
54,"REPARAÇÃO, MANUTENÇÃO E INSTALAÇÃO",853,3 080,1 855,239 784,706 129,1 657,1 662,6 007,3 848,36 824 531,115 812 701,172,173,mistral_table,mistral_table,no
55,"PESSOAIS, DE HIGIENE E ESTÉTICA PESSOAL",240,791,479,56 363,192 864,414,417,1 363,840,7 049 632,20 630 765,172,173,mistral_table,mistral_table,no
56,PESSOAIS,97,340,202,19 519,114 376,125,128,417,232,2 418 586,8 887 312,172,173,mistral_table,mistral_table,no
57,HIGIENE E DE ESTÉTICA PESSOAL,143,451,277,36 844,78 488,289,289,946,608,4 631 046,11 743 453,172,173,mistral_table,mistral_table,no
58,"RADIOIDIFUSÃO, TELEVISÃO E DIVERSÕES",107,689,444,45 215,270 583,160,166,818,519,5 614 934,39 100 447,172,173,mistral_table,mistral_table,no
59,RADIOIDIFUSÃO E TELEVISÃO,10,329,239,25 397,170 283,12,13,298,211,2 615 317,25 805 711,172,173,mistral_table,mistral_table,no
60,DIVERSÕES,97,360,205,19 818,100 300,148,153,520,308,2 999 617,13 294 736,172,173,mistral_table,mistral_table,no
61,AUXILIARES DIVERSOS,395,5 322,3 972,596 525,1 423 425,512,603,10 697,8 710,116 488 882,383 297 797,172,173,mistral_table,mistral_table,no
62,AUX. DA AGROPECUARIA E REFLORESTAMENTO,27,1 191,569,225 467,382 218,7,12,1 714,773,26 494 986,54 938 318,172,173,mistral_table,mistral_table,no
63,"AUX. COMÉRCIO, LOCAÇÃO DE BENS E SERVIÇOS",56,351,181,48 762,238 286,106,124,1 190,994,12 007 191,77 810 558,172,173,mistral_table,mistral_table,no
64,"AUX. FINANC., SEGUROS E CAPITALIZAÇÃO",2,(A),(A),(X),(B),2,4,11,8,85 016,652 364,172,173,mistral_table,mistral_table,no
65,AUXILIARES DOS TRANSPORTES,57,506,402,60 286,154 502,22,63,732,583,12 425 475,97 559 451,172,173,mistral_table,mistral_table,no
66,"AUX. CONSTRUÇÃO, OBRAS, GEOGESIA, ETC",23,578,538,70 518,189 832,26,37,1 239,1 174,30 639 443,63 281 461,172,173,mistral_table,mistral_table,no
67,"AUX. DE LIMPEZA, HIGIENIZAÇÃO, ETC",12,(F),(F),(X),(E),14,15,569,545,3 489 701,6 928 751,172,173,mistral_table,mistral_table,no
68,AUX. PRESTADOS A EMPRESAS E PESSOAS,182,2 188,1 882,162 586,369 192,270,283,5 000,4 490,29 540 829,76 136 783,172,173,mistral_table,mistral_table,no
69,A_UXILIARES DA SAUDE,,,,,,,,,,,,174,175,pdf_text_layout_partial,missing,yes
70,"COMPRA, VENDA, ADMINISTRAÇÃO BENS IMÓVEIS",34,243,109,39,904,25,27,132,87,1 014 461,11 783 338,174,175,mistral_table,mistral_table,no
71,COMPRA E VENDA DE BENS IMÓVEIS,30,180,79,27,125,13,14,81,55,480 626,3 486 572,174,175,mistral_table,mistral_table,no
72,"ADMINISTRAÇÃO, LOCAÇÃO, ETC",4,63,30,12,776,12,13,51,32,533 633,8 296 765,174,175,mistral_table,mistral_table,no
73,SÃO LUIS,955,8 152,5 639,814,642,2 049,2 122,16 801,12 436,147 253 087,550 392 609,174,175,mistral_table,mistral_table,no
74,ALOJAMENTO E ALIMENTAÇÃO,389,2 167,1 404,151,114,815,830,3 622,2 282,20 222 412,112 869 644,174,175,mistral_table,mistral_table,no
75,ALOJAMENTO,55,702,539,61,390,44,46,859,783,6 772 081,47 587 649,174,175,mistral_table,mistral_table,no
76,ALIMENTAÇÃO,334,1 455,865,89,721,771,784,2 663,1 499,13 450 331,65 281 795,174,175,mistral_table,mistral_table,no
77,"REPARAÇÃO, MANUTENÇÃO E INSTALAÇÃO",277,1 195,731,104,309,674,676,2 455,1 533,14 828 123,51 807 247,174,175,mistral_table,mistral_table,no
78,"REPARAÇÃO, MANUTENÇÃO E INSTALAÇÃO",277,1 195,731,104,309,674,678,2 455,1 533,14 828 123,51 807 247,174,175,mistral_table,mistral_table,no
79,"PESSOAIS, DE HIGIENE E ESTÉTICA PESSOAL",103,420,276,30,396,763,263,921,583,4 516 788,12 697 695,174,175,mistral_table,mistral_table,no
80,PESSOAIS,38,164,132,10,946,49,49,212,131,1 296 840,4 330 258,174,175,mistral_table,mistral_table,no
81,HIGIENE E DE ESTÉTICA PESSOAL,65,236,144,19,453,214,214,709,452,3 219 948,8 357 437,174,175,mistral_table,mistral_table,no
82,"RADIODIFUSÃO, TELEVISÃO E DIVERSÕES",18,356,256,28,484,48,50,370,238,2 889 883,27 063 877,174,175,mistral_table,mistral_table,no
83,RADIODIFUSÃO E TELEVISÃO,5,290,206,24,123,5,5,226,149,2 139 344,24 129 526,174,175,mistral_table,mistral_table,no
84,DIVERSÕES,12,66,50,4,361,43,45,144,89,750 539,2 934 351,174,175,mistral_table,mistral_table,no
85,AUXILIARES DIVERSOS,145,3 825,2 882,464,587,232,282,9 331,7 725,104 069 225,335 634 179,174,175,mistral_table,mistral_table,no
86,AUX. DA AGROPECUARIA E REFLORESTAMENTO,3,889,394,198,964,-,4,1 671,749,26 323 450,41 780 517,174,175,mistral_table,mistral_table,no
87,"AUX. COMÉRCIO, LOCAÇÃO DE BENS E SERVIÇOS",12,263,143,40,071,89,105,1 106,930,10 717 883,72 334 026,174,175,mistral_table,mistral_table,no
88,"AUX. FINANC., SEGUROS E CAPITALIZAÇÃO",2,(A),(A),(A),(B),2,4,11,8,85 016,652 364,174,175,mistral_table,mistral_table,no
89,AUXILIARES DOS TRANSPORTES,12,263,161,35,318,11,19,501,367,9 470 723,90 717 948,174,175,mistral_table,mistral_table,no
90,"AUX. CONSTRUÇÃO, OBRAS, DEODÉSIA, ETC",9,286,271,49,273,12,20,1 086,1 044,28 693 313,58 767 071,174,175,mistral_table,mistral_table,no
91,"AUX. DE LIMPEZA, HIGIENIZAÇÃO, ETC",4,(F),(F),(F),(D),5,6,519,507,3 177 508,5 260 884,174,175,mistral_table,mistral_table,no
92,AUX. PRESTADOS À EMPRESAS E PESSOAS,60,1 723,1 574,119,972,87,96,4 302,4 036,24 541 497,92 606 361,174,175,mistral_table,mistral_table,no
93,AUXILIARES DA SAÚDE,13,110,68,10,552,26,26,135,84,1 059 835,3 524 986,174,175,mistral_table,mistral_table,no
94,"COMPRA, VENDA, ADMINISTRAÇÃO BENS IMÓVEIS",23,189,80,35,749,17,19,102,75,726 656,10 319 967,174,175,mistral_table,mistral_table,no
95,COMPRA E VENDA DE BENS IMÓVEIS,20,140,59,24,096,8,9,61,45,290 323,2 316 579,174,175,mistral_table,mistral_table,no
96,"ADMINISTRAÇÃO, LOCAÇÃO, ETC",3,49,21,11,653,9,10,41,30,436 333,8 003 388,174,175,mistral_table,mistral_table,no
97,CAXIAS,134,501,284,30,476,174,175,696,453,3 050 253,12 636 280,174,175,mistral_table,mistral_table,no
98,ALOJAMENTO,3,26,13,984,8,10,10,35,21,110 182,989 119,174,175,mistral_table,mistral_table,no
99,ALIMENTAÇÃO,50,162,80,6,742,58,58,209,106,758 971,4 874 054,174,175,mistral_table,mistral_table,no
100,"REPARAÇÃO, MANUTENÇÃO E INSTALAÇÃO",44,176,110,9,988,77,77,353,262,1 560 946,4 472 064,174,175,mistral_table,mistral_table,no
101,DEMAIS GÊNEROS,33,137,81,12,762,29,30,99,64,620 154,2 301 043,174,175,mistral_table,mistral_table,no
102,CEDO,79,283,177,16,922,98,98,379,230,2 161 163,7 300 661,174,175,mistral_table,mistral_table,no
103,ALOJAMENTO,8,40,20,2,423,7,7,42,30,143 497,1 127 854,174,175,mistral_table,mistral_table,no
104,ALIMENTAÇÃO,25,76,39,14,31,31,31,115,64,506 713,2 698 776,174,175,mistral_table,mistral_table,no
105,"REPARAÇÃO, MANUTENÇÃO E INSTALAÇÃO",25,62,57,5,908,43,43,156,98,1 028 482,2 477 174,174,175,mistral_table,mistral_table,no
106,DEMAIS GÊNEROS,21,86,61,5,477,17,18,66,38,482 471,996 857,174,175,mistral_table,mistral_table,no
107,IMPERATRIZ,356,1 423,895,113,011,454,466,2 131,1 499,13 225 217,49 002 036,174,175,mistral_table,mistral_table,no
108,ALOJAMENTO,35,154,67,8,922,44,46,242,176,1 515 351,7 903 319,174,175,mistral_table,mistral_table,no
109,ALIMENTAÇÃO,84,278,135,17,060,91,91,408,267,1 568 479,8 269 289,174,175,mistral_table,mistral_table,no
110,"REPARAÇÃO, MANUTENÇÃO E INSTALAÇÃO",123,387,232,35,145,171,171,703,482,3 513 156,12 977 731,174,175,mistral_table,mistral_table,no
111,DEMAIS GÊNEROS,114,604,441,51,884,148,158,778,574,6 632 231,19 851 727,174,175,mistral_table,mistral_table,no
112,SANTA LUZIA,51,169,85,8,293,113,115,439,238,2 249 551,6 441 531,174,175,mistral_table,mistral_table,no
113,ALOJAMENTO,15,63,27,1,822,8,8,30,13,176 000,803 000,174,175,mistral_table,mistral_table,no
114,ALIMENTAÇÃO,24,67,35,3,665,80,80,309,160,1 598 524,4 691 524,174,175,mistral_table,mistral_table,no
115,"REPARAÇÃO, MANUTENÇÃO E INSTALAÇÃO",6,14,8,657,1,21,21,77,50,310 300,807 000,174,175,mistral_table,mistral_table,no
116,DEMAIS GÊNEROS,6,25,15,2,149,4,6,23,15,164 727,344 007,174,175,mistral_table,mistral_table,no
117,ACAILANDIA,-,-,-,-,-,75,75,254,152,1 146 755,6 329 162,174,175,mistral_table,mistral_table,no
118,AFONSO CUNHA,2,(B),(A),(X),(A),-,-,-,-,-,-,174,175,mistral_table,mistral_table,no
119,ALCANTARA,6,16,6,759,3,15,15,44,18,593 500,2 677 000,174,175,mistral_table,mistral_table,no
120,ALDEIAS ALTAS,5,21,12,865,3,-,-,-,-,-,-,174,175,mistral_table,mistral_table,no
121,ALTAMIRA DO MARANHÃO,2,(A),(A),(X),(A),1,1,(A),(A),(X),(A),174,175,mistral_table,mistral_table,no
122,ALTO PARNAIBA,15,45,17,5,343,10,11,45,28,320 190,1 188 400,174,175,mistral_table,mistral_table,no
123,AMARANTE DO MARANHÃO,2,(B),(A),(X),(A),4,4,8,3,38 064,124 548,174,175,mistral_table,mistral_table,no
124,ANAJATUBA,4,11,6,421,1,3,3,11,7,50 400,136 000,174,175,mistral_table,mistral_table,no
125,ANAPURUS,2,(A),(A),(X),(A),3,3,7,4,50 400,158 000,174,175,mistral_table,mistral_table,no
126,ARAIOSES,2,(B),(A),(X),(A),11,11,37,19,245 980,642 800,174,175,mistral_table,mistral_table,no
127,ARARI,4,17,10,1,025,25,25,88,59,834 060,1 607 500,174,175,mistral_table,mistral_table,no
128,AXIXA,2,(B),(A),(X),(A),3,3,10,3,23 300,249 335,174,175,mistral_table,mistral_table,no
129,BACABAL,84,347,215,18,359,111,114,454,279,2 578 758,10 766 168,174,175,mistral_table,mistral_table,no
130,BACURI,2,(B),(A),(X),(A),2,2,(B),(A),(X),(A),174,175,mistral_table,mistral_table,no
131,BALSAS,29,139,85,9,930,83,84,329,181,2 146 959,6 788 483,174,175,mistral_table,mistral_table,no
132,BARÃO DE GRAJAU,4,10,2,665,2,-,-,-,-,-,-,174,175,mistral_table,mistral_table,no
133,BARRA DO CORDA,49,186,104,12,662,63,64,205,112,1 332 657,4 388 621,174,175,mistral_table,mistral_table,no
134,BARREIRINHAS,7,21,11,1 608,7 822,6,6,16,6,58 764,514 470,176,177,mistral_table,mistral_table,no
135,BENEDITO LEITE,5,21,6,363,2 439,3,3,10,6,27 800,94 960,176,177,mistral_table,mistral_table,no
136,BEQUIMÃO,4,6,2,144,1 378,4,4,14,6,40 500,323 050,176,177,mistral_table,mistral_table,no
137,BOM JARDIM,11,25,11,771,4 741,24,24,99,43,489 720,1 171 612,176,177,mistral_table,mistral_table,no
138,BREJO,19,75,32,5 310,15 086,16,17,69,40,216 299,581 125,176,177,mistral_table,mistral_table,no
139,BURITI,2,(B),(A),(X),(A),3,3,9,4,40 680,282 800,176,177,mistral_table,mistral_table,no
140,BURITI BRAVO,17,38,19,2 392,7 130,30,31,88,37,832 612,4 077 880,176,177,mistral_table,mistral_table,no
141,CAJAPIO,-,-,-,-,-,1,1,(A),(A),(X),(A),176,177,mistral_table,mistral_table,no
142,CAJARI,-,-,-,-,-,4,4,11,5,26 600,117 000,176,177,mistral_table,mistral_table,no
143,CANDIDO MENDES,3,15,11,934,3 794,13,14,52,39,191 768,751 397,176,177,mistral_table,mistral_table,no
144,CANTANHEDE,2,(B),(A),(X),(A),4,4,11,6,39 000,211 200,176,177,mistral_table,mistral_table,no
145,CAROLINA,51,197,115,9 909,48 227,35,36,130,69,529 436,2 827 512,176,177,mistral_table,mistral_table,no
146,CARUTAPERA,13,46,22,1 639,12 250,6,6,22,11,84 200,742 400,176,177,mistral_table,mistral_table,no
147,CHAPADINHA,44,133,69,6 180,21 459,40,42,118,76,513 617,2 387 404,176,177,mistral_table,mistral_table,no
148,COELHO NETO,15,56,31,6 897,20 962,6,6,30,25,202 500,963 600,176,177,mistral_table,mistral_table,no
149,COLINAS,30,78,42,5 059,23 116,47,48,148,76,1 315 032,3 672 540,176,177,mistral_table,mistral_table,no
150,COROATA,59,241,145,12 029,48 901,75,76,247,141,1 170 946,4 096 209,176,177,mistral_table,mistral_table,no
151,CURURUPU,13,59,34,2 551,9 027,6,6,23,16,256 800,804 000,176,177,mistral_table,mistral_table,no
152,DOM PEDRO,26,81,47,4 468,9 255,25,26,81,39,365 392,924 932,176,177,mistral_table,mistral_table,no
153,ESPERANTINOPOLIS,3,12,2,177,2 703,21,21,58,28,354 491,1 765 064,176,177,mistral_table,mistral_table,no
154,ESTREITO,-,-,-,-,-,13,13,42,23,219 792,518 534,176,177,mistral_table,mistral_table,no
155,FORTALEZA DOS NOGUEIRAS,4,10,4,285,1 898,3,3,11,5,26 600,96 000,176,177,mistral_table,mistral_table,no
156,FORTUNA,1,(A),(A),(X),(A),6,8,28,17,179 338,7 147 435,176,177,mistral_table,mistral_table,no
157,GODOFREDO VIANA,1,(A),(A),(X),(A),14,14,42,24,140 600,562 600,176,177,mistral_table,mistral_table,no
158,GONÇALVES DIAS,6,15,8,950,3 296,2,3,7,4,55 889,165 723,176,177,mistral_table,mistral_table,no
159,GOVERNADOR ARCHER,3,5,-,144,1 103,5,5,11,6,23 000,128 200,176,177,mistral_table,mistral_table,no
160,GOVERNADOR EUGENIO BARROS,5,11,1,491,2 120,-,-,-,-,-,-,176,177,mistral_table,mistral_table,no
161,GRAÇA ARANHA,3,7,2,296,1 077,-,-,-,-,-,-,176,177,mistral_table,mistral_table,no
162,GRAJAU,39,133,68,6 221,31 804,40,41,140,86,793 786,3 336 824,176,177,mistral_table,mistral_table,no
163,GUIMARÃES,2,(C),(A),(X),(A),1,1,(A),(A),(X),(A),176,177,mistral_table,mistral_table,no
164,HUMBERTO DE CAMPOS,2,(A),(A),(X),(A),-,-,-,-,-,-,176,177,mistral_table,mistral_table,no
165,ICATU,1,(B),(A),(X),(A),-,-,-,-,-,-,176,177,mistral_table,mistral_table,no
166,IGARAPE GRANDE,1,(A),(A),(X),(A),5,5,13,6,196 800,482 000,176,177,mistral_table,mistral_table,no
167,ITAPECURU MIRIM,47,197,115,12 684,44 612,63,65,242,141,1 592 306,7 695 156,176,177,mistral_table,mistral_table,no
168,JOÃO LISBOA,15,37,9,1 324,7 369,15,15,45,23,211 228,793 798,176,177,mistral_table,mistral_table,no
169,JOSELANDIA,5,20,3,513,3 176,4,4,12,6,30 149,188 563,176,177,mistral_table,mistral_table,no
170,LAGO DA PEDRA,19,60,26,1 904,13 758,42,43,128,66,564 989,2 772 983,176,177,mistral_table,mistral_table,no
171,LAGO DO JUNCO,-,-,-,-,-,3,3,12,3,83 600,155 000,176,177,mistral_table,mistral_table,no
172,LIMA CAMPOS,3,9,3,226,1 297,5,5,15,6,57 172,378 400,176,177,mistral_table,mistral_table,no
173,LORETO,4,15,4,345,1 379,3,3,10,5,19 200,146 000,176,177,mistral_table,mistral_table,no
174,LUIS DOMINGUES,-,-,-,-,-,1,1,(A),(A),(X),(A),176,177,mistral_table,mistral_table,no
175,MAGALHÃES DE ALMEIDA,3,8,3,740,1 660,2,2,(B),(A),(X),(A),176,177,mistral_table,mistral_table,no
176,MATA ROMA,5,11,1,342,1 537,2,2,(B),(A),(X),(A),176,177,mistral_table,mistral_table,no
177,MATINHA,1,(A),(A),(X),(A),2,2,(B),(A),(X),(B),176,177,mistral_table,mistral_table,no
178,MATÕES,1,(A),(A),(X),(A),4,4,9,5,69 000,190 000,176,177,mistral_table,mistral_table,no
179,MIRADOR,1,(A),(A),(X),(A),2,2,(B),(A),(X),(C),176,177,mistral_table,mistral_table,no
180,MIRINZAL,5,24,16,673,2 828,2,2,(B),(A),(X),(A),176,177,mistral_table,mistral_table,no
181,MONÇÃO,48,146,79,7 979,38 080,45,46,166,112,1 317 449,4 276 424,178,179,mistral_table,mistral_table,no
182,MONTES ALTOS,13,51,26,1 603,9 653,15,15,46,16,345 130,1 110 700,178,179,mistral_table,mistral_table,no
183,MORROS,1,(A),(A),(X),(A),1,1,(A),(A),(X),(A),178,179,mistral_table,mistral_table,no
184,OLHO D'AQUA DAS CUNHÃS,2,(B),(A),(X),(A),4,4,9,4,44 081,194 000,178,179,mistral_table,mistral_table,no
185,PAÇO DO LUMIAR,15,89,45,4 044,20 202,21,21,54,32,234 540,1 326 900,178,179,mistral_table,mistral_table,no
186,PARAIBANO,11,33,14,1 596,6 311,15,15,45,27,345 200,1 155 400,178,179,mistral_table,mistral_table,no
187,PARNARANA,10,29,11,800,4 341,11,11,29,12,143 840,431 240,178,179,mistral_table,mistral_table,no
188,PASSAGEM FRANCA,5,11,6,580,2 210,6,6,18,8,106 640,404 078,178,179,mistral_table,mistral_table,no
189,PASTOS BONS,7,23,8,1 286,4 229,6,6,17,8,178 100,432 800,178,179,mistral_table,mistral_table,no
190,PAULO RAMOS,6,17,5,862,2 660,8,8,24,8,22 500,122 000,178,179,mistral_table,mistral_table,no
191,PEDREIRAS,74,253,125,15 146,63 945,73,74,271,157,1 943 509,7 700 074,178,179,mistral_table,mistral_table,no
192,PENALVA,-,-,-,-,-,4,4,13,8,53 000,165 000,178,179,mistral_table,mistral_table,no
193,PERI MIRIM,1,(A),(A),(X),(A),-,-,-,-,-,-,178,179,mistral_table,mistral_table,no
194,PINDARE MIRIM,13,48,30,4 205,14 996,32,34,122,73,755 339,2 049 471,178,179,mistral_table,mistral_table,no
195,PINHEIRO,64,218,105,12 990,49 168,79,81,251,156,1 005 778,3 569 039,178,179,mistral_table,mistral_table,no
196,PIO XII,3,11,7,639,2 103,10,11,43,23,247 535,805 791,178,179,mistral_table,mistral_table,no
197,PIRAPEMAS,-,-,-,-,-,1,1,(A),(A),(X),(A),178,179,mistral_table,mistral_table,no
198,POÇÃO DE PEDRAS,10,31,15,2 505,10 306,2,2,(B),(A),(X),(B),178,179,mistral_table,mistral_table,no
199,PORTO FRANCO,24,67,31,4 562,22 690,34,35,121,64,926 483,3 914 883,178,179,mistral_table,mistral_table,no
200,PRESIDENTE DUTRA,40,262,198,19 703,59 805,45,46,161,96,1 151 650,5 680 426,178,179,mistral_table,mistral_table,no
201,PRESIDENTE VARGAS,1,(A),(A),(X),(A),2,2,(B),(A),(X),(A),178,179,mistral_table,mistral_table,no
202,PRIMEIRA CRUZ,4,10,6,785,2 523,-,-,-,-,-,-,178,179,mistral_table,mistral_table,no
203,RIACHÃO,11,31,17,1 046,6 156,13,13,42,26,117 160,680 800,178,179,mistral_table,mistral_table,no
204,ROSARIO,16,49,22,3 012,11 580,24,24,93,48,499 192,1 366 305,178,179,mistral_table,mistral_table,no
205,SAMBAIBA,3,6,3,237,790,2,2,(A),(A),(X),(A),178,179,mistral_table,mistral_table,no
206,SANTA HELENA,9,21,7,1 312,7 597,14,14,37,17,130 800,645 300,178,179,mistral_table,mistral_table,no
207,SANTA INES,95,318,169,22 516,95 292,247,247,761,436,5 447 001,22 904 431,178,179,mistral_table,mistral_table,no
208,SANTA QUITERIA DO MARANHÃO,6,18,7,714,6 665,11,11,40,24,166 320,937 940,178,179,mistral_table,mistral_table,no
209,SANTA RITA,7,25,13,884,3 481,14,14,44,25,134 186,412 683,178,179,mistral_table,mistral_table,no
210,SANTO ANTONIO DOS LOPES,4,13,8,887,2 427,-,1,(A),(A),(X),(A),178,179,mistral_table,mistral_table,no
211,SÃO BENEDITO DO RIO PRETO,6,11,-,538,4 695,7,7,18,10,45 720,1 082 000,178,179,mistral_table,mistral_table,no
212,SÃO BENTO,7,18,10,1 261,4 046,10,10,46,29,315 000,894 455,178,179,mistral_table,mistral_table,no
213,SÃO BERNARDO,6,13,8,746,1 878,7,7,28,8,123 300,884 000,178,179,mistral_table,mistral_table,no
214,SÃO DOMINGOS DO MARANHÃO,7,18,10,1 470,4 840,7,7,18,8,55 210,483 900,178,179,mistral_table,mistral_table,no
215,SÃO FELIX DE BALSAS,3,9,2,86,450,4,4,13,2,17 120,121 500,178,179,mistral_table,mistral_table,no
216,SÃO FRANCISCO DO MARANHÃO,3,4,1,90,400,-,-,-,-,-,-,178,179,mistral_table,mistral_table,no
217,SÃO JOÃO BATISTA,2,(A),(A),(X),(A),4,4,13,6,42 100,187 600,178,179,mistral_table,mistral_table,no
218,SÃO JOÃO DOS PATOS,51,175,103,10 207,34 512,47,48,150,91,1 028 788,3 178 290,178,179,mistral_table,mistral_table,no
219,SÃO JOSE DE RIBAMAR,16,49,16,2 302,12 055,35,35,127,71,709 748,3 088 493,178,179,mistral_table,mistral_table,no
220,SÃO LUIS GONZAGA DO MARANHÃO,1,(A),(A),(X),(A),2,2,(B),(A),(X),(A),178,179,mistral_table,mistral_table,no
221,SÃO MATEUS DO MARANHÃO,5,16,9,826,3 343,4,5,23,17,131 861,408 619,178,179,mistral_table,mistral_table,no
222,SÃO RAIMUNDO DAS MANGABEIRAS,20,69,31,1 748,6 246,11,11,34,16,88 400,425 580,178,179,mistral_table,mistral_table,no
223,SÃO VICENTE FERRER,-,-,-,-,-,1,1,(A),(A),(X),(A),178,179,mistral_table,mistral_table,no
224,SITIO NOVO,4,13,6,1 197,7 006,6,6,12,6,67 800,555 000,178,179,mistral_table,mistral_table,no
225,SUCUPIRA DO NORTE,2,(B),(A),(X),(A),-,-,-,-,-,-,178,179,mistral_table,mistral_table,no
226,TASSO FRAGOSO,2,(A),(A),(X),(A),5,5,18,4,83 000,229 000,178,179,mistral_table,mistral_table,no
227,TIMBIRAS,3,8,1,398,1 559,4,4,12,6,21 640,57 040,178,179,mistral_table,mistral_table,no
228,TIMON,46,142,79,7 049,28 452,39,39,121,76,487 934,2 616 613,180,181,mistral_table,mistral_table,no
229,TUNTUM,5,15,5,1 770,6 290,24,24,67,40,368 780,5 888 420,180,181,mistral_table,mistral_table,no
230,TURIACU,25,74,30,5 067,21 764,46,46,148,80,660 700,3 215 300,180,181,mistral_table,mistral_table,no
231,TUTOIA,10,29,13,1 359,6 299,9,10,32,19,187 575,643 200,180,181,mistral_table,mistral_table,no
232,URBANO SANTOS,6,17,5,421,2 774,2,2,(A),(A),(X),(A),180,181,mistral_table,mistral_table,no
233,VARGEM GRANDE,9,27,10,1 542,5 699,54,54,178,76,1 435 300,4 841 520,180,181,mistral_table,mistral_table,no
234,VIANA,13,38,15,3 686,8 243,25,25,60,26,582 000,1 796 000,180,181,mistral_table,mistral_table,no
235,VITORIA DO MEARIM,14,54,37,2 340,10 799,32,33,119,84,618 509,1 434 725,180,181,mistral_table,mistral_table,no
236,VITORINO FREIRE,20,63,34,4 474,16 733,24,25,77,41,433 353,919 031,180,181,mistral_table,mistral_table,no
237,PIAUI,2 408,11 352,6 886,862 809,3 014 958,3 994,4 145,17 230,10 717,113 119 401,412 342 450,180,181,mistral_table,mistral_table,no
238,ALOJAMENTO E ALIMENTAÇÃO,1 329,3 873,1 481,197 081,1 153 575,2 382,2 447,7 035,3 167,33 543 306,188 379 042,180,181,mistral_table,mistral_table,no
239,ALOJAMENTO,207,1 033,535,45 027,287 629,203,211,1 061,638,4 997 955,25 654 809,180,181,mistral_table,mistral_table,no
240,ALIMENTAÇÃO,1 122,2 840,942,152 054,885 946,2 179,2 236,5 974,2 529,28 545 351,162 724 233,180,181,mistral_table,mistral_table,no
241,"REPARAÇÃO, MANUTENÇÃO E INSTALAÇÃO",536,2 088,1 346,155 429,417 120,827,944,3 541,2 329,24 789 449,68 680 610,180,181,mistral_table,mistral_table,no
242,"REPARAÇÃO, MANUTENÇÃO E INSTALAÇÃO",536,2 088,1 346,155 429,417 120,827,944,3 541,2 329,24 789 449,68 680 610,180,181,mistral_table,mistral_table,no
243,"PESSOAIS, DE HIGIENE E ESTÉTICA PESSOAL",156,438,203,29 695,80 755,193,207,560,308,3 416 634,11 343 061,180,181,mistral_table,mistral_table,no
244,PESSOAIS,63,204,76,11 828,36 105,75,89,211,110,1 466 361,5 956 466,180,181,mistral_table,mistral_table,no
245,HIGIENE E DE ESTÉTICA PESSOAL,93,234,127,17 867,44 650,118,118,349,198,1 950 273,5 366 595,180,181,mistral_table,mistral_table,no
246,"RADIODIFUSÃO, TELEVISÃO E DIVERSÕES",31,277,199,21 788,54 389,72,75,597,446,4 797 378,20 259 481,180,181,mistral_table,mistral_table,no
247,RADIODIFUSÃO E TELEVISÃO,5,130,96,9 013,18 497,17,17,284,206,2 268 400,12 205 281,180,181,mistral_table,mistral_table,no
248,DIVERSÕES,26,147,103,12 775,35 892,55,58,313,240,2 528 976,8 064 200,180,181,mistral_table,mistral_table,no
249,AUXILIARES DIVERSOS,334,4 582,3 618,450 472,1 222 502,398,449,5 428,4 435,46 137 338,121 681 750,180,181,mistral_table,mistral_table,no
250,AUX. DA AGROPECUARIA E REFLORESTAMENTO,19,739,542,169 445,423 975,9,15,899,580,15 473 376,26 678 420,180,181,mistral_table,mistral_table,no
251,"AUX. COMÉRCIO, LOCAÇÃO DE BENS E SERVIÇOS",81,285,117,35 044,237 818,95,102,343,189,3 853 004,16 114 549,180,181,mistral_table,mistral_table,no
252,"AUX. FINANC., SEGUROS E CAPITALIZAÇÃO",13,13,8,1 928,8 889,3,4,9,4,46 745,174 084,180,181,mistral_table,mistral_table,no
253,AUXILIARES DOS TRANSPORTES,43,263,206,28 144,103 949,9,30,210,175,2 952 198,5 701 688,180,181,mistral_table,mistral_table,no
254,"AUX. CONSTRUÇÃO, OBRAS, GEOGESIA, ETC",11,116,82,14 992,56 382,14,17,270,218,3 509 651,20 709 369,180,181,mistral_table,mistral_table,no
255,"AUX. DE LIMPEZA, HIGIENIZAÇÃO, ETC",14,966,863,39 207,124 345,15,19,658,1 600,6 569 534,18 230 271,180,181,mistral_table,mistral_table,no
256,AUX. PRESTADOS A EMPRESAS E PESSOAS,120,2 030,699,146 226,218 426,191,203,1 795,1 517,11 737 785,27 373 771,180,181,mistral_table,mistral_table,no
257,AUXILIARES DA SAÚDE,41,170,101,15 486,48 718,61,62,244,146,1 995 045,6 699 574,180,181,mistral_table,mistral_table,no
258,"COMPRA, VENDA, ADMINISTRAÇÃO BENS IMÓVEIS",22,94,39,8 344,86 617,22,23,69,32,435 296,1 988 516,180,181,mistral_table,mistral_table,no
259,COMPRA E VENDA DE BENS IMÓVEIS,21,(E),(D),(X),(E),13,13,44,18,255 941,1 114 997,180,181,mistral_table,mistral_table,no
260,"ADMINISTRAÇÃO, LOCAÇÃO, ETC",1,(B),(B),(X),(A),9,10,25,14,179 355,873 519,180,181,mistral_table,mistral_table,no
261,TERESINA,865,6 611,4 629,550 643,1 859 324,1 099,1 157,8 803,6 627,67 039 783,213 573 724,180,181,mistral_table,mistral_table,no
262,ALOJAMENTO E ALIMENTAÇÃO,349,1 324,674,75 757,448 254,415,432,1 770,1 046,10 165 511,53 506 049,180,181,mistral_table,mistral_table,no
263,ALOJAMENTO,40,337,219,16 996,100 288,43,45,425,336,2 494 187,12 120 088,180,181,mistral_table,mistral_table,no
264,ALIMENTAÇÃO,309,987,455,58 761,347 966,372,387,1 325,710,7 671 324,41 385 961,180,181,mistral_table,mistral_table,no
265,"REPARAÇÃO, MANUTENÇÃO E INSTALAÇÃO",225,1 085,733,83 124,256 188,310,320,1 645,1 185,11 918 850,34 533 114,180,181,mistral_table,mistral_table,no
266,"REPARAÇÃO, MANUTENÇÃO E INSTALAÇÃO",225,1 085,733,83 124,256 188,310,320,1 645,1 185,11 918 850,34 533 114,180,181,mistral_table,mistral_table,no
267,"PESSOAIS, DE HIGIENE E ESTÉTICA PESSOAL",76,238,97,16 664,54 952,99,101,330,188,2 021 902,6 103 073,180,181,mistral_table,mistral_table,no
268,PESSOAIS,37,150,61,8 015,25 290,30,32,105,57,707 446,2 449 928,180,181,mistral_table,mistral_table,no
269,HIGIENE E DE ESTÉTICA PESSOAL,39,88,36,8 649,29 662,69,69,225,131,1 314 456,3 653 135,180,181,mistral_table,mistral_table,no
270,"RADIODIFUSÃO, TELEVISÃO E DIVERSÕES",4,116,85,9 621,26 830,20,20,249,180,2 460 490,13 223 129,180,181,mistral_table,mistral_table,no
271,RADIODIFUSÃO E TELEVISÃO,2,(E),(E),(X),(D),4,4,162,107,1 552 362,10 487 436,180,181,mistral_table,mistral_table,no
272,DIVERSÕES,2,(D),(D),(X),(D),16,16,87,73,908 128,2 735 693,180,181,mistral_table,mistral_table,no
273,AUXILIARES DIVERSOS,193,3 775,3 016,358 019,990 030,235,263,4 768,4 001,40 135 980,104 542 181,180,181,mistral_table,mistral_table,no
274,AUX. DA AGROPECUARIA E REFLORESTAMENTO,5,634,469,161 538,388 414,5,7,834,531,14 654 759,23 780 404,180,181,mistral_table,mistral_table,no
275,"AUX. COMÉRCIO, LOCAÇÃO DE BENS E SERVIÇOS",71,263,110,32 095,225 058,7,94,329,185,3 739 752,15 831 014,180,181,mistral_table,mistral_table,no
276,"AUX. FINANC., SEGUROS E CAPITALIZAÇÃO",4,10,7,1 898,8 799,3,4,9,4,46 745,174 084,180,181,mistral_table,mistral_table,no
277,AUXILIARES DOS TRANSPORTES,15,147,108,14 931,55 448,5,10,106,77,1 726 791,2 173 545,180,181,mistral_table,mistral_table,no
278,"AUX. CONSTRUÇÃO, OBRAS, GEOGESIA, ETC",11,59,30,4 162,23 272,11,14,259,212,3 446 618,20 418 854,180,181,mistral_table,mistral_table,no
279,"AUX. DE LIMPEZA, HIGIENIZAÇÃO, ETC",11,953,836,36 901,123 295,11,6,1 601,1 562,6 383 142,17 645 601,180,181,mistral_table,mistral_table,no
280,AUX. PRESTADOS A EMPRESAS E PESSOAS,65,1 619,1 375,95 980,141 973,91,100,1 488,1 336,8 912 782,20 864 023,180,181,mistral_table,mistral_table,no
281,AUXILIARES DA SAÚDE,15,90,61,8 914,23 771,27,28,142,94,1 225 391,3 654 656,180,181,mistral_table,mistral_table,no
282,"COMPRA, VENDA, ADMINISTRAÇÃO BENS IMÓVEIS",18,73,24,7 458,83 070,20,21,61,27,337 050,1 666 178,180,181,mistral_table,mistral_table,no
283,COMPRA E VENDA DE BENS IMÓVEIS,18,73,24,7 458,83 070,12,12,40,16,222 941,1 014 997,180,181,mistral_table,mistral_table,no
284,"ADMINISTRAÇÃO, LOCAÇÃO, ETC",-,-,-,-,-,8,9,21,11,114 109,851 181,180,181,mistral_table,mistral_table,no
285,PARNAIBA,220,719,413,47 803,184 211,328,341,1 022,578,5 151 871,24 644 578,180,181,mistral_table,mistral_table,no
286,ALIMENTAÇÃO,88,224,82,12 957,69 899,157,162,440,206,2 051 257,13 173 723,180,181,mistral_table,mistral_table,no
287,"REPARAÇÃO, MANUTENÇÃO E INSTALAÇÃO",69,211,137,13 806,37 695,105,108,319,200,1 767 630,5 439 854,180,181,mistral_table,mistral_table,no
288,AUXILIARES DOS TRANSPORTES,3,31,28,4 387,21 619,3,4,29,25,305 564,1 192 885,180,181,mistral_table,mistral_table,no
289,DEMAIS GÉNEROS,58,253,166,16 653,54 998,63,67,234,147,1 027 420,4 838 116,180,181,mistral_table,mistral_table,no
290,AGRICOLANDIA,-,-,-,-,-,1,1,(A),(A),(X),(A),180,181,mistral_table,mistral_table,no
291,AGUA BRANCA,12,42,14,1 702,6 967,22,22,65,30,352 818,1 507 162,180,181,mistral_table,mistral_table,no
292,ALTO LONGA,2,(B),(A),(X),(A),4,4,12,3,40 400,192 100,180,181,mistral_table,mistral_table,no
293,ALTOS,19,54,14,1 905,12 454,88,89,215,114,657 460,1 991 572,182,183,mistral_table,mistral_table,no
294,AMARANTE,6,22,13,2 098,4 600,21,21,100,63,834 873,2 075 178,182,183,mistral_table,mistral_table,no
295,ANGICAL DO PIAUI,6,10,3,427,2 259,6,6,17,9,32 200,166 800,182,183,mistral_table,mistral_table,no
296,ANÉSIO DE ABREU,8,14,1,637,3 921,38,39,97,38,277 360,1 253 280,182,183,mistral_table,mistral_table,no
297,ANTÔNIO ALMEIDA,-,-,-,-,-,3,3,5,1,52 400,199 280,182,183,mistral_table,mistral_table,no
298,AROAZES,-,-,-,-,-,2,2,(B),(A),(X),(B),182,183,mistral_table,mistral_table,no
299,ARRAIAL,-,-,-,-,-,4,4,6,2,30 200,166 600,182,183,mistral_table,mistral_table,no
300,AVELINO LOPES,6,15,4,1 172,6 053,9,11,28,13,172 600,769 200,182,183,mistral_table,mistral_table,no
301,BARRAS,16,43,18,2 631,9 245,38,43,167,89,902 433,4 908 798,182,183,mistral_table,mistral_table,no
302,BARREIRAS DO PIAUI,1,(A),(A),(X),(A),8,8,21,2,218 583,748 899,182,183,mistral_table,mistral_table,no
303,BARRO DURO,8,24,6,695,4 508,16,16,43,18,240 670,943 320,182,183,mistral_table,mistral_table,no
304,BATALHA,8,28,18,1 236,6 933,12,13,41,24,284 500,762 260,182,183,mistral_table,mistral_table,no
305,BENEDITINOS,2,(A),(A),(X),(A),9,10,23,11,243 152,994 250,182,183,mistral_table,mistral_table,no
306,BERTOLINIA,6,13,2,424,1 413,18,18,41,12,265 700,1 025 728,182,183,mistral_table,mistral_table,no
307,BOCAINA,-,-,-,-,-,6,8,29,14,205 100,705 530,182,183,mistral_table,mistral_table,no
308,BOM JESUS,23,100,69,11 723,38 263,26,30,98,61,704 236,2 256 176,182,183,mistral_table,mistral_table,no
309,BURITI DOS LOPES,3,89,86,8 059,11 664,18,18,51,14,144 874,1 997 946,182,183,mistral_table,mistral_table,no
310,CAMPINAS DO PIAUI,5,9,-,122,2 152,11,11,16,-,44 300,292 180,182,183,mistral_table,mistral_table,no
311,CAMPO MAIOR,71,199,87,13 187,53 393,114,115,330,160,1 946 968,9 435 452,182,183,mistral_table,mistral_table,no
312,CANTO DO BURITI,29,72,31,4 392,14 976,40,41,110,52,827 896,2 762 096,182,183,mistral_table,mistral_table,no
313,CAPITÃO DE CAMPOS,3,5,-,195,1 109,6,6,14,5,34 240,316 890,182,183,mistral_table,mistral_table,no
314,CARACOL,3,10,2,308,1 865,24,24,57,15,230 400,1 357 550,182,183,mistral_table,mistral_table,no
315,CASTELO DO PIAUI,3,4,-,344,2 845,17,18,37,15,197 940,1 422 500,182,183,mistral_table,mistral_table,no
316,COCAL,11,25,13,1 815,6 386,15,17,39,23,172 680,986 974,182,183,mistral_table,mistral_table,no
317,CONCEIÇÃO DO CANINDE,7,26,8,310,1 727,22,22,64,21,147 900,1 203 000,182,183,mistral_table,mistral_table,no
318,CORRENTE,35,103,45,7 363,30 714,57,64,203,92,1 363 003,4 713 848,182,183,mistral_table,mistral_table,no
319,CRISTALANDIA DO PIAUI,1,(A),(A),(X),(A),5,5,11,2,137 150,930 300,182,183,mistral_table,mistral_table,no
320,CRISTINO CASTRO,11,28,13,919,4 705,32,32,85,30,558 560,1 792 787,182,183,mistral_table,mistral_table,no
321,CURIMATA,7,22,8,895,2 418,22,24,56,24,272 410,1 202 940,182,183,mistral_table,mistral_table,no
322,DEMERVAL LOBÃO,5,19,6,1 069,3 618,5,7,23,13,159 602,720 800,182,183,mistral_table,mistral_table,no
323,DIRCEU ARCOVERDE,-,-,-,-,-,14,14,30,14,129 100,665 600,182,183,mistral_table,mistral_table,no
324,DOM EXPEDITO LOPES,2,(B),(A),(X),(A),16,16,52,24,149 800,579 820,182,183,mistral_table,mistral_table,no
325,DOMINGOS MOURÃO,-,-,-,-,-,2,2,(A),(A),(X),(A),182,183,mistral_table,mistral_table,no
326,ELESBÃO VELOSO,25,86,45,3 705,18 660,18,19,66,42,387 334,2 340 807,182,183,mistral_table,mistral_table,no
327,ELISEU MARTINS,6,15,7,806,5 715,6,6,25,9,100 550,740 000,182,183,mistral_table,mistral_table,no
328,ESPERANTINA,21,72,46,5 047,17 055,72,75,243,140,1 230 756,3 375 072,182,183,mistral_table,mistral_table,no
329,FLORES DO PIAUI,5,10,1,800,2 120,15,15,18,-,60 300,350 378,182,183,mistral_table,mistral_table,no
330,FLORIANO,164,601,328,43 528,146 803,196,199,678,400,4 708 179,17 854 532,182,183,mistral_table,mistral_table,no
331,FRANCINÓPOLIS,-,-,-,-,-,1,1,(A),(A),(X),(A),182,183,mistral_table,mistral_table,no
332,FRANCISCO AYRES,-,-,-,-,-,7,7,13,-,58 000,248 000,182,183,mistral_table,mistral_table,no
333,FRANCISCO SANTOS,3,5,1,197,769,14,14,41,17,158 432,548 340,182,183,mistral_table,mistral_table,no
334,FRONTEIRAS,3,47,43,8 504,11 400,35,35,92,38,496 500,1 715 500,182,183,mistral_table,mistral_table,no
335,GILBUÉS,6,17,4,698,4 747,16,16,56,25,374 950,1 223 180,182,183,mistral_table,mistral_table,no
336,QUADALUPE,8,27,11,2 554,6 041,9,10,42,22,224 350,1 412 220,182,183,mistral_table,mistral_table,no
337,HUGO NAPOLEÃO,-,-,-,-,-,2,3,6,-,35 000,113 000,182,183,mistral_table,mistral_table,no
338,INHUMA,16,53,35,2 280,7 148,8,8,31,16,125 079,642 074,182,183,mistral_table,mistral_table,no
339,IPIRANGA DO PIAUI,-,-,-,-,-,2,2,(A),(A),(X),(A),182,183,mistral_table,mistral_table,no
340,ISAIAS COELHO,3,9,-,240,1 050,7,7,14,-,32 800,160 265,184,185,mistral_table,mistral_table,no
341,ITAINÓPOLIS,2,(B),(A),(X),(A),6,6,18,7,51 430,209 400,184,185,mistral_table,mistral_table,no
342,ITAUERIA,18,33,6,1 206,5 962,21,21,45,17,192 800,890 500,184,185,mistral_table,mistral_table,no
343,JAICOS,20,46,9,3 310,9 402,22,22,62,25,356 660,1 527 225,184,185,mistral_table,mistral_table,no
344,JERUMENHA,10,26,11,2 259,4 422,48,48,111,40,301 640,1 139 106,184,185,mistral_table,mistral_table,no
345,JOAQUIM PIRES,1,(A),(A)*,(X),(A),9,9,20,8,40 840,153 760,184,185,mistral_table,mistral_table,no
346,JOSÉ DE FREITAS,14,38,17,3 267,20 516,20,21,51,22,462 130,1 931 432,184,185,mistral_table,mistral_table,no
347,LANDRI SALES,3,14,4,279,2 057,11,11,23,5,100 000,743 500,184,185,mistral_table,mistral_table,no
348,LUIS CORREIA,16,58,5,970,12 383,31,32,102,52,244 469,2 035 182,184,185,mistral_table,mistral_table,no
349,LUZILANDIA,29,70,35,3 888,12 779,53,56,133,61,778 133,3 176 291,184,185,mistral_table,mistral_table,no
350,MANOEL EMÍDIO,-,-,-,-,-,10,10,18,6,76 800,630 100,184,185,mistral_table,mistral_table,no
351,MARCOS PARENTE,4,10,2,292,1 188,9,10,21,4,88 200,364 450,184,185,mistral_table,mistral_table,no
352,MATIAS OLIMPIO,3,8,5,505,2 864,12,14,38,21,187 560,780 500,184,185,mistral_table,mistral_table,no
353,MIGUEL ALVES,11,28,16,1 536,4 181,16,17,36,15,296 840,1 204 015,184,185,mistral_table,mistral_table,no
354,MONSENHOR GIL,6,15,5,863,2 116,13,13,34,17,55 860,279 820,184,185,mistral_table,mistral_table,no
355,MONSENHOR HIPOLITO,3,7,2,131,507,21,21,47,24,326 400,1 063 000,184,185,mistral_table,mistral_table,no
356,MONTE ALEGRE DO PIAUÍ,5,13,2,701,1 890,6,6,19,5,21 800,180 300,184,185,mistral_table,mistral_table,no
357,NAZARE DO PIAUÍ,11,25,1,738,3 389,14,14,26,4,143 100,463 600,184,185,mistral_table,mistral_table,no
358,NOSSA SENHORA DOS REMEDIOS,4,10,3,348,3 068,2,3,6,4,20 970,64 780,184,185,mistral_table,mistral_table,no
359,NOVO ORIENTE DO PIAUÍ,-,-,-,-,-,2,2,(A),(A),(X),(A),184,185,mistral_table,mistral_table,no
360,OEIRAS,55,145,58,8 947,34 309,74,77,237,118,2 033 686,7 896 814,184,185,mistral_table,mistral_table,no
361,PADRE MARCOS,6,17,9,815,1 396,17,17,43,19,177 931,499 550,184,185,mistral_table,mistral_table,no
362,PAES LANDIM,7,13,-,488,2 214,10,10,21,4,38 840,899 120,184,185,mistral_table,mistral_table,no
363,PALMEIRA DO PIAUÍ,1,(A),(A),(X),(A),3,3,3,-,44 000,288 480,184,185,mistral_table,mistral_table,no
364,PALMEIRAIS,2,(A),(A),(X),(A),5,5,6,1,50 000,295 900,184,185,mistral_table,mistral_table,no
365,PARNAGUA,6,6,1,313,1 309,17,18,30,4,107 600,722 242,184,185,mistral_table,mistral_table,no
366,PAULISTANA,38,98,26,3 782,24 627,53,53,133,49,640 275,3 675 668,184,185,mistral_table,mistral_table,no
367,PEDRO II,21,54,31,6 141,19 385,19,20,58,21,363 300,1 327 000,184,185,mistral_table,mistral_table,no
368,PICOS,100,385,190,24 798,105 034,189,197,677,379,4 280 926,17 088 087,184,185,mistral_table,mistral_table,no
369,PIMENTEIRAS,2,(A),(A),(X),(A),2,2,(A),(A),(X),(B),184,185,mistral_table,mistral_table,no
370,PIO IX,10,30,15,849,2 979,99,99,244,126,527 674,3 500 700,184,185,mistral_table,mistral_table,no
371,PIRACURUCA,11,25,9,1 664,6 620,50,50,129,74,628 680,3 990 043,184,185,mistral_table,mistral_table,no
372,PIRIPIRI,80,251,127,22 598,68 395,82,89,262,151,1 362 025,6 670 395,184,185,mistral_table,mistral_table,no
373,PORTO,2,(A),(A),(X),(A),5,5,8,--,49 500,256 760,184,185,mistral_table,mistral_table,no
374,PRATA DO PIAUÍ,3,4,1,600,1 140,5,5,12,3,58 400,280 300,184,185,mistral_table,mistral_table,no
375,REDENÇÃO DO GURGUEIA,2,(B),(A),(X),(B),13,13,35,15,87 000,320 776,184,185,mistral_table,mistral_table,no
376,REGENERAÇÃO,8,22,7,1 793,7 020,41,43,120,58,594 777,2 983 050,184,185,mistral_table,mistral_table,no
377,RIBEIRO GONÇALVES,2,(B),(A),(X),(A),7,7,16,6,126 960,623 200,184,185,mistral_table,mistral_table,no
378,RIO GRANDE DO PIAUÍ,13,21,6,873,2 437,17,18,37,9,168 740,631 534,184,185,mistral_table,mistral_table,no
379,SANTA CRUZ DO PIAUÍ,3,9,5,500,1 000,8,8,22,13,159 800,396 000,184,185,mistral_table,mistral_table,no
380,SANTA FILOMENA,-,-,-,-,-,-,1,(A),(A),(X),(A),184,185,mistral_table,mistral_table,no
381,SANTA LUZ,-,-,-,-,-,3,3,3,-,22 600,81 942,184,185,mistral_table,mistral_table,no
382,SANTO ANTONIO DE LISBOA,2,(B),(A),(X),(A),4,4,15,7,47 200,284 300,184,185,mistral_table,mistral_table,no
383,SANTO INACIO DO PIAUÍ,-,-,-,-,-,1,1,(A),(A),(X),(A),184,185,mistral_table,mistral_table,no
384,SÃO FELIX DO PIAUÍ,-,-,-,-,-,2,2,(A),(A),(X),(A),184,185,mistral_table,mistral_table,no
385,SÃO FRANCISCO DO PIAUÍ,1,(A),(A),(X),(A),1,1,(A),(A),(X),(A),184,185,mistral_table,mistral_table,no
386,SÃO GONÇALO DO PIAUÍ,-,-,-,-,-,3,3,7,3,19 800,313 700,184,185,mistral_table,mistral_table,no
387,SÃO JOÃO DA SERRA,,,,,,10,10,24,9,85 150,565 300,186,187,mistral_table_partial,mistral_table,yes
388,SÃO JOÃO DO PIAUÍ,21,63,17,3 314,13 688,25,26,68,19,258 415,1 935 821,186,187,mistral_table,mistral_table,no
389,SÃO JOÃO DO PEIXE,8,13,3,633,2 360,4,4,7,-,80 000,227 500,186,187,mistral_table,mistral_table,no
390,SÃO JOÃO DO PIAUÍ,-,-,-,-,-,25,25,73,31,124 215,921 160,186,187,mistral_table,mistral_table,no
391,SÃO JULIÃO,6,19,7,1 193,4 155,17,17,47,16,185 440,641 000,186,187,mistral_table,mistral_table,no
392,SÃO MIGUEL DO TAPUÍ,7,14,3,438,2 857,11,11,31,14,103 960,584 900,186,187,mistral_table,mistral_table,no
393,SÃO PEDRO DO PIAUÍ,6,30,18,1 863,14 102,14,16,50,26,353 622,765 481,186,187,mistral_table,mistral_table,no
394,SÃO RAIMUNDO NONATO,57,136,55,7 704,32 661,108,111,284,141,2 015 190,7 197 790,186,187,mistral_table,mistral_table,no
395,SIMÕES,13,29,12,977,3 038,11,11,28,16,70 700,165 500,186,187,mistral_table,mistral_table,no
396,SIMPLICIO MENDES,29,99,52,11 241,32 824,43,43,106,10,271 764,1 756 934,186,187,mistral_table,mistral_table,no
397,SOCORRO DO PIAUÍ,10,18,-,347,2 072,9,9,15,4,41 840,722 000,186,187,mistral_table,mistral_table,no
398,UNIÃO,10,22,4,1 360,4 798,7,8,18,9,164 486,608 655,186,187,mistral_table,mistral_table,no
399,URUQUI,8,18,9,1 581,4 299,17,18,45,24,391 077,866 060,186,187,mistral_table,mistral_table,no
400,VALENÇA DO PIAUÍ,31,96,56,4 313,23 541,41,41,120,58,1 005 732,3 622 500,186,187,mistral_table,mistral_table,no
401,VARZEA GRANDE,3,5,-,30,435,6,6,10,5,52 000,305 000,186,187,mistral_table,mistral_table,no
402,CEARA,6 880,40 676,27 040,3 942 034,13 986 387,9 856,10 180,53 162,36 491,450 505 357,1 556 448 664,186,187,mistral_table,mistral_table,no
403,ALOJAMENTO E ALIMENTAÇÃO,3 312,12 018,6 390,752 102,3 984 669,4 747,4 841,17 812,10 277,100 510 093,500 268 712,186,187,mistral_table,mistral_table,no
404,ALOJAMENTO,302,2 516,1 633,201 507,945 123,350,363,3 474,2 726,21 382 438,129 612 353,186,187,mistral_table,mistral_table,no
405,ALIMENTAÇÃO,3 010,9 502,4 757,550 595,3 039 546,4 397,4 478,14 338,7 551,79 127 655,370 656 359,186,187,mistral_table,mistral_table,no
406,"REPARAÇÃO, MANUTENÇÃO E INSTALAÇÃO",1 540,6 003,3 699,501 089,1 373 992,2 778,2 809,9 840,6 376,77 807 367,205 376 031,186,187,mistral_table,mistral_table,no
407,"REPARAÇÃO, MANUTENÇÃO E INSTALAÇÃO",1 540,6 003,3 699,501 089,1 373 992,2 776,2 809,9 840,6 376,77 807 367,205 376 031,186,187,mistral_table,mistral_table,no
408,"PESSOAIS, DE HIGIENE E ESTÉTICA PESSOAL",426,1 527,939,114 143,310 549,501,514,1 653,1 003,11 987 978,34 013 398,186,187,mistral_table,mistral_table,no
409,PESSOAIS,139,632,376,39 688,155 036,182,190,693,435,4 811 489,17 677 227,186,187,mistral_table,mistral_table,no
410,HIGIENE E DE ESTÉTICA PESSOAL,287,895,563,74 455,155 513,319,324,960,568,7 176 489,16 336 171,186,187,mistral_table,mistral_table,no
411,"RADIOFUSÃO, TELEVISÃO E DIVERSÕES",140,1 634,1 044,166 208,760 901,126,142,1 626,1 189,16 674 583,97 395 871,186,187,mistral_table,mistral_table,no
412,RADIOFUSÃO E TELEVISÃO,42,1 271,820,141 229,586 936,39,47,1 204,897,14 125 500,83 116 628,186,187,mistral_table,mistral_table,no
413,DIVERSÕES,98,363,224,24 979,172 965,87,95,422,282,2 845 083,14 279 245,186,187,mistral_table,mistral_table,no
414,AUXILIARES DIVERSOS,1 323,18 628,14 558,2 282 496,6 627 834,1 558,1 726,20 846,16 616,231 322 882,657 798 519,186,187,mistral_table,mistral_table,no
415,AUX. DA AGROPECUÁRIA E REFLORESTAMENTO,16,2 022,1 080,608 239,814 965,10,13,2 275,1 444,55 030 770,97 593 783,186,187,mistral_table,mistral_table,no
416,"AUX. COMÉRCIO, LOCAÇÃO DE BENS E SERVIÇOS",346,2 108,1 350,297 411,1 691 497,365,408,2 580,1 780,35 053 148,187 818 722,186,187,mistral_table,mistral_table,no
417,"AUX. FINANC., SEGUROS E CAPITALIZAÇÃO",35,139,88,15 009,87 675,73,28,151,89,3 006 249,17 525 078,186,187,mistral_table,mistral_table,no
418,AUXILIARES DOS TRANSPORTES,36,1 332,1 037,213 974,750 694,73,116,1 685,1 403,27 277 033,78 944 045,186,187,mistral_table,mistral_table,no
419,"AUX. CONSTRUÇÃO, OBRAS, GEOGESIA, ETC",55,763,597,134 137,512 052,97,64,555,433,7 611 665,26 666 580,186,187,mistral_table,mistral_table,no
420,"AUX. DE LIMPEZA, HIGIENIZAÇÃO, ETC",36,2 144,1 891,115 805,328 867,56,62,4 076,3 875,20 906 181,53 874 188,186,187,mistral_table,mistral_table,no
421,AUX. PRESTADOS À EMPRESAS E PESSOAS,576,9 394,8 078,828 513,2 225 619,835,889,8 795,7 095,76 955 257,177 184 356,186,187,mistral_table,mistral_table,no
422,AUXILIARES DA SAÚDE,110,726,467,65 409,216 265,144,146,729,513,5 482 579,18 187 767,186,187,mistral_table,mistral_table,no
423,"COMPRA, VENDA, ADMINISTRAÇÃO BENS IMOVEIS",139,866,410,125 996,928 442,146,148,1 385,1 030,11 902 454,61 596 133,186,187,mistral_table,mistral_table,no
424,COMPRA E VENDA DE BENS IMOVEIS,100,568,269,87 475,687 853,68,69,234,111,2 336 014,8 994 423,186,187,mistral_table,mistral_table,no
425,"ADMINISTRAÇÃO, LOCAÇÃO, ETC",39,298,141,38 521,240 589,78,79,1 151,919,9 566 440,52 601 710,186,187,mistral_table,mistral_table,no
426,REGIÃO METROPOLITANA,3 764,30 752,21 849,3 267 676,11 514 603,4 238,4 492,36 090,27 168,337 276 769,1 162 865 842,186,187,mistral_table,mistral_table,no
427,ALOJAMENTO E ALIMENTAÇÃO,1 652,7 418,4 567,503 844,2 653 490,1 614,1 682,8 974,6 146,51 712 106,273 521 779,186,187,mistral_table,mistral_table,no
428,ALOJAMENTO,115,1 684,1 225,154 372,728 869,127,132,2 519,2 140,16 054 204,107 247 297,186,187,mistral_table,mistral_table,no
429,ALIMENTAÇÃO,1 537,5 734,3 342,349 472,1 924 621,1 487,1 550,6 455,4 006,35 657 902,166 274 482,186,187,mistral_table,mistral_table,no
430,"REPARAÇÃO, MANUTENÇÃO E INSTALAÇÃO",706,3 442,2 199,313 301,918 988,1 073,1 095,4 693,3 229,37 118 401,101 978 702,186,187,mistral_table,mistral_table,no
431,"REPARAÇÃO, MANUTENÇÃO E INSTALAÇÃO",706,3 442,2 199,313 301,918 988,1 073,1 095,4 693,3 229,37 118 401,101 978 702,186,187,mistral_table,mistral_table,no
432,"PESSOAIS, DE HIGIENE E ESTÉTICA PESSOAL",263,1 104,725,85 034,244 169,275,286,1 105,722,7 776 524,21 689 676,186,187,mistral_table,mistral_table,no
433,PESSOAIS,85,506,336,31 950,130 241,78,84,456,332,2 940 473,10 654 350,186,187,mistral_table,mistral_table,no
434,HIGIENE E DE ESTÉTICA PESSOAL,178,598,389,53 084,113 928,197,202,649,390,4 836 051,11 035 328,186,187,mistral_table,mistral_table,no
435,"RADIOFUSÃO, TELEVISÃO E DIVERSÕES",48,1 026,645,127 698,632 580,26,35,974,670,13 239 441,86 899 295,186,187,mistral_table,mistral_table,no
436,RADIOFUSÃO E TELEVISÃO,15,912,556,119 209,516 970,9,11,837,564,12 151 615,78 168 819,186,187,mistral_table,mistral_table,no
437,DIVERSÕES,33,114,89,8 490,115 610,17,24,137,106,1 087 626,8 730 476,186,187,mistral_table,mistral_table,no
438,AUXILIARES DIVERSOS,866,16 926,13 311,2 117 733,6 152 962,1 112,1 254,18 980,15 382,215 779 646,617 668 931,186,187,mistral_table,mistral_table,no
439,AUX. DA AGROPECUÁRIA E REFLORESTAMENTO,15,2 019,1 078,607 739,812 965,4,7,2 249,1 433,54 801 849,96 282 676,186,187,mistral_table,mistral_table,no
440,"AUX. COMÉRCIO, LOCAÇÃO DE BENS E SERVIÇOS",312,1 836,1 113,274 446,1 555 819,347,388,2 497,1 707,34 433 282,165 137 334,186,187,mistral_table,mistral_table,no
441,"AUX. FINANC., SEGUROS E CAPITALIZAÇÃO",13,122,1 131,16 111,86 350,16,26,145,92,2 976 427,16 821 478,186,187,mistral_table,mistral_table,no
442,AUXILIARES DOS TRANSPORTES,106,1 198,931,196 371,694 892,58,64,1 518,1 255,25 505 765,73 742 698,186,187,mistral_table,mistral_table,no
443,"AUX. CONSTRUÇÃO, OBRAS, GEOGESIA, ETC",52,738,551,132 073,508 403,50,57,529,420,7 489 357,26 295 281,186,187,mistral_table,mistral_table,no
444,"AUX. DE LIMPEZA, HIGIENIZAÇÃO, ETC",26,2 061,1 825,111 514,316 138,46,52,3 932,3 750,20 016 966,51 802 692,186,187,mistral_table,mistral_table,no
445,AUX. PRESTADOS À EMPRESAS E PESSOAS,360,8 391,7 368,729 391,2 014 722,530,577,7 661,6 378,67 307 164,155 701 958,186,187,mistral_table,mistral_table,no
446,AUXILIARES DA SAÚDE,63,550,360,48 088,163 573,61,63,449,347,3 448 836,11 882 514,186,187,mistral_table,mistral_table,no
447,"COMPRA, VENDA, ADMINISTRAÇÃO BENS IMOVEIS",129,836,402,120 066,912 514,138,140,1 364,1 019,11 650 651,61 109 759,186,187,mistral_table,mistral_table,no
448,COMPRA E VENDA DE BENS IMOVEIS,93,545,262,81 990,674 145,65,66,225,106,2 193 014,8 811 465,186,187,mistral_table,mistral_table,no
449,"ADMINISTRAÇÃO, LOCAÇÃO, ETC",36,291,140,38 076,238 369,73,74,1 139,913,9 457 637,52 298 294,186,187,mistral_table,mistral_table,no
450,FORTALEZA,3 505,29 916,21 407,3 212 374,11 274 212,3 844,4 092,33 582,25 194,322 217 473,1 109 178 923,188,189,mistral_table,mistral_table,no
451,ALOJAMENTO E ALIMENTAÇÃO,1 465,6 836,4 296,469 252,2 454 004,1 361,1 426,8 143,5 874,46 711 192,253 083 904,188,189,mistral_table,mistral_table,no
452,ALOJAMENTO,109,1 579,1 138,148 680,699 411,120,125,2 462,2 098,15 715 406,105 884 864,188,189,mistral_table,mistral_table,no
453,ALIMENTAÇÃO,1 360,5 257,3 158,320 572,1 754 593,1 241,1 301,5 681,3 576,30 995 786,147 199 040,188,189,mistral_table,mistral_table,no
454,"REPARAÇÃO, MANUTENÇÃO E INSTALAÇÃO",659,3 299,2 112,301 866,895 262,969,990,4 346,3 006,34 152 200,95 131 164,188,189,mistral_table,mistral_table,no
455,"REPARAÇÃO, MANUTENÇÃO E INSTALAÇÃO",659,3 299,2 112,301 866,895 262,969,990,4 346,3 006,34 152 200,95 131 164,188,189,mistral_table,mistral_table,no
456,"PESSOAIS, DE HIGIENE E ESTETICA PESSOAL",254,1 074,703,81 838,238 354,253,264,1 052,592,7 250 232,20 431 576,188,189,mistral_table,mistral_table,no
457,PESSOAIS,80,497,333,31 531,128 662,66,72,433,321,2 724 633,9 932 850,188,189,mistral_table,mistral_table,no
458,HIGIENE E DE ESTETICA PESSOAL,174,577,370,50 307,109 692,187,192,619,371,4 525 599,10 498 726,188,189,mistral_table,mistral_table,no
459,"RADIODIFUSÃO, TELEVISÃO E DIVERSÕES",43,1 013,637,126 474,629 991,25,34,972,670,13 235 576,86 877 295,188,189,mistral_table,mistral_table,no
460,RADIODIFUSÃO E TELEVISÃO,13,906,551,118 522,515 772,9,11,837,564,12 151 815,78 168 815,188,189,mistral_table,mistral_table,no
461,DIVERSÕES,30,107,86,7 952,114 219,16,23,135,106,1 083 761,8 708 476,188,189,mistral_table,mistral_table,no
462,AUXILIARES DIVERSOS,951,16 860,13 257,2 112 878,6 144 087,1 099,1 239,17 707,14 134,209 244 722,592 580 225,188,189,mistral_table,mistral_table,no
463,AUX. DA AGROPECUARIA E REFLORESTAMENTO,15,2 019,1 078,607 739,812 965,4,7,2 249,1 433,54 601 849,96 282 676,188,189,mistral_table,mistral_table,no
464,"AUX. COMÉRCIO, LOCAÇÃO DE BENS E SERVIÇOS",312,1 836,1 113,274 449,1 555 819,347,388,2 497,1 707,34 433 282,185 137 334,188,189,mistral_table,mistral_table,no
465,"AUX. FINANC., SEGUROS E CAPITALIZAÇÃO",32,133,85,18 111,86 350,15,25,143,91,2 950 495,15 767 308,188,189,mistral_table,mistral_table,no
466,AUXILIARES DOS TRANSPORTES,104,1 194,928,195 699,693 286,58,84,518,1 255,25 505 765,73 742 698,188,189,mistral_table,mistral_table,no
467,"AUX. CONSTRUÇÃO, OBRAS, GEODESIA, ETC",52,738,551,132 073,508 403,49,56,527,419,7 476 637,26 272 281,188,189,mistral_table,mistral_table,no
468,"AUX. DE LIMPEZA, HIGIENIZAÇÃO, ETC",26,2 061,1 825,111 514,316 138,45,50,3 115,2 944,16 499 008,43 123 399,188,189,mistral_table,mistral_table,no
469,AUX. PRESTADOS A EMPRESAS E PESSOAS,348,8 331,7 318,725 376,2 008 638,523,569,7 216,5 941,64 384 950,139 582 015,188,189,mistral_table,mistral_table,no
470,AUXILIARES DA SAÚDE,62,548,359,47 920,162 488,58,60,442,344,3 392 736,11 672 514,188,189,mistral_table,mistral_table,no
471,"COMPRA, VENDA, ADMINISTRAÇÃO BENS IMOVEIS",129,836,402,120 066,912 514,137,139,1 362,1 018,11 623 561,61 074 759,188,189,mistral_table,mistral_table,no
472,COMPRA E VENDA DE BENS IMOVEIS,93,545,262,81 990,674 145,64,65,223,105,2 195 914,8 776 465,188,189,mistral_table,mistral_table,no
473,"ADMINISTRAÇÃO, LOCAÇÃO, ETC",36,291,140,38 076,238 369,73,74,1 139,913,9 457 637,52 298 294,188,189,mistral_table,mistral_table,no
474,CAUCAIA,79,219,78,11 499,60 926,196,196,663,408,4 492 694,14 775 847,188,189,mistral_table,mistral_table,no
475,ALIMENTAÇÃO,59,157,37,5 961,49 390,123,123,410,244,2 579 345,9 760 782,188,189,mistral_table,mistral_table,no
476,"REPARAÇÃO, MANUTENÇÃO E INSTALAÇÃO",14,40,25,2 905,7 011,50,50,177,117,1 359 888,3 660 160,188,189,mistral_table,mistral_table,no
477,PESSOAIS,3,5,1,119,859,6,6,13,7,93 140,409 800,188,189,mistral_table,mistral_table,no
478,DEMAIS GÊNEROS,3,17,15,2 514,3 666,17,17,63,40,460 321,1 045 105,188,189,mistral_table,mistral_table,no
479,JUAZEIRO DO NORTE,239,940,561,61 409,207 698,420,435,1 583,982,9 919 226,34 091 223,188,189,mistral_table,mistral_table,no
480,ALOJAMENTO,13,76,39,2 759,13 596,21,24,173,136,735 105,3 644 297,188,189,mistral_table,mistral_table,no
481,ALIMENTAÇÃO,86,189,80,8 442,39 148,134,137,389,178,1 873 076,10 387 994,188,189,mistral_table,mistral_table,no
482,"REPARAÇÃO, MANUTENÇÃO E INSTALAÇÃO",85,348,240,22 985,49 891,157,159,495,308,3 592 273,8 981 068,188,189,mistral_table,mistral_table,no
483,DEMAIS GÊNEROS,75,327,202,27 223,105 063,108,115,526,360,3 718 772,11 077 864,188,189,mistral_table,mistral_table,no
484,SOBRAL,192,852,558,64 496,230 933,206,211,808,523,5 586 586,17 289 589,188,189,mistral_table,mistral_table,no
485,ALIMENTAÇÃO,67,268,163,15 803,88 019,67,67,212,111,1 333 834,5 541 796,188,189,mistral_table,mistral_table,no
486,"REPARAÇÃO, MANUTENÇÃO E INSTALAÇÃO",64,220,137,17 072,42 634,67,69,285,203,2 106 633,5 631 450,188,189,mistral_table,mistral_table,no
487,AUX. PRESTADOS A EMPRESAS E PESSOAS,23,163,132,17 280,44 676,32,33,133,90,974 736,2 122 059,188,189,mistral_table,mistral_table,no
488,DEMAIS GÊNEROS,38,201,126,14 344,55 604,40,42,178,119,1 171 383,3 994 284,188,189,mistral_table,mistral_table,no
489,ABAIARA,-,-,-,-,-,25,25,57,25,235 635,774 500,188,189,mistral_table,mistral_table,no
490,ACARAU,19,45,16,2 923,11 076,52,52,157,96,1 677 000,6 326 655,188,189,mistral_table,mistral_table,no
491,ACOPIARA,55,142,62,11 238,52 894,91,91,243,113,903 252,4 377 082,188,189,mistral_table,mistral_table,no
492,AIUABA,9,25,6,683,3 667,8,8,25,9,31 250,236 000,188,189,mistral_table,mistral_table,no
493,ALCANTARAS,-,-,-,-,-,1,1,(A),(A),(X),(A),188,189,mistral_table,mistral_table,no
494,ALTANEIRA,4,11,4,472,1 149,23,23,51,25,109 019,236 382,188,189,mistral_table,mistral_table,no
495,ALTO SANTO,8,32,14,1 483,6 048,17,17,61,27,454 484,1 814 363,188,189,mistral_table,mistral_table,no
496,ANTONINA DO NORTE,-,-,-,-,-,15,15,43,22,154 220,734 600,188,189,mistral_table,mistral_table,no
497,APUIARES,3,6,3,322,610,1,1,(A),(A),(X),(A),188,189,mistral_table,mistral_table,no
498,AQUIRAZ,29,163,109,8 312,54 763,60,61,235,124,1 069 954,5 620 812,188,189,mistral_table,mistral_table,no
499,ARACATI,49,186,104,10 599,40 009,95,95,331,190,2 325 856,6 844 948,188,189,mistral_table,mistral_table,no
500,ARACOIABA,19,39,16,2 361,11 289,23,26,74,48,649 285,1 959 719,188,189,mistral_table,mistral_table,no
501,ARARIPE,2,(A),(A),(A),(A),13,13,37,18,75 483,355 852,188,189,mistral_table,mistral_table,no
502,ARATUBA,5,14,4,696,2 986,15,15,39,18,113 023,380 358,188,189,mistral_table,mistral_table,no
503,ARNEIROZ,5,12,-,62,1 229,2,2,(A),(A),(X),(A),188,189,mistral_table,mistral_table,no
504,ASSARE,19,48,14,2 164,7 007,31,31,96,48,710 797,1 385 280,188,189,mistral_table,mistral_table,no
505,AURORA,13,24,7,1 017,3 719,26,26,61,26,274 988,645 400,188,189,mistral_table,mistral_table,no
506,BAIXIO,3,4,2,220,1 000,11,11,25,9,62 600,234 000,188,189,mistral_table,mistral_table,no
507,BARBALHA,39,126,71,6 876,23 042,134,134,355,204,2 929 300,8 790 800,188,189,mistral_table,mistral_table,no
508,BARRO,15,52,32,3 215,12 715,39,40,100,54,379 900,1 727 300,188,189,mistral_table,mistral_table,no
509,BATURITE,50,164,88,13 330,42 254,84,86,262,159,2 171 710,6 754 067,188,189,mistral_table,mistral_table,no
510,BEBERIBE,10,33,20,1 333,4 848,35,35,106,54,487 540,2 162 579,188,189,mistral_table,mistral_table,no
511,BELA CRUZ,12,22,11,2 176,6 482,41,41,95,41,497 780,2 272 249,188,189,mistral_table,mistral_table,no
512,,,,,,,56,56,172,101,1 130 018,4 332 401,190,191,missing,mistral_table,yes
513,BREJO SANTO,35,118,53,8 476,22 849,89,91,237,118,1 558 698,4 022 481,190,191,mistral_table,mistral_table,no
514,CAMOCIM,34,89,33,7 399,29 232,87,88,269,173,1 619 327,5 042 017,190,191,mistral_table,mistral_table,no
515,CAMPOS SALES,29,82,24,4 947,16 933,55,56,142,71,634 744,4 193 118,190,191,mistral_table,mistral_table,no
516,CANINDE,88,304,161,21 678,94 725,100,100,343,196,2 925 166,8 882 430,190,191,mistral_table,mistral_table,no
517,CAPISTRANO,9,17,8,916,2 770,11,11,33,14,239 980,656 880,190,191,mistral_table,mistral_table,no
518,CARIDADE,3,8,1,492,2 115,7,7,14,6,74 000,422 200,190,191,mistral_table,mistral_table,no
519,CARIRE,3,5,2,121,310,2,2,(A),(A),(X),(A),190,191,mistral_table,mistral_table,no
520,CARIRIAÇU,7,20,2,1 134,3 209,35,35,81,45,156 850,810 200,190,191,mistral_table,mistral_table,no
521,CARIUS,9,25,6,951,2 496,12,12,33,15,308 000,1 073 000,190,191,mistral_table,mistral_table,no
522,CARNAUBAL,-,-,-,-,-,10,10,26,13,122 800,547 000,190,191,mistral_table,mistral_table,no
523,CASCAVEL,32,78,39,4 319,17 542,39,39,119,60,1 106 496,3 710 359,190,191,mistral_table,mistral_table,no
524,CATARINA,6,10,-,210,1 398,25,25,62,32,429 300,1 336 000,190,191,mistral_table,mistral_table,no
525,CEDRO,19,45,16,2 485,9 828,48,48,109,53,517 890,1 661 320,190,191,mistral_table,mistral_table,no
526,CHAVAL,1,(A),(A),(X),(A),13,13,32,14,219 400,561 000,190,191,mistral_table,mistral_table,no
527,COREAU,4,7,3,328,1 910,22,22,67,37,312 030,1 207 048,190,191,mistral_table,mistral_table,no
528,CRATEUS,94,325,185,18 248,75 055,124,128,367,220,3 332 464,12 484 461,190,191,mistral_table,mistral_table,no
529,CRATO,191,724,414,56 433,186 907,351,354,1 200,717,7 795 871,21 495 161,190,191,mistral_table,mistral_table,no
530,FARIAS BRITO,7,21,9,1 477,6 846,10,10,35,15,239 600,884 000,190,191,mistral_table,mistral_table,no
531,FRECHEIRINHA,5,9,4,576,2 145,8,9,20,10,137 850,494 000,190,191,mistral_table,mistral_table,no
532,GENERAL SAMPAIO,2,(B),(B),(X),(A),2,2,(B),(A),(X),(A),190,191,mistral_table,mistral_table,no
533,GRANJA,11,26,7,2 002,5 522,24,24,58,19,269 130,1 245 579,190,191,mistral_table,mistral_table,no
534,GRANJEIRO,1,(A),(A),(X),(A),6,6,14,6,93 600,270 200,190,191,mistral_table,mistral_table,no
535,GROAIRAS,6,14,3,909,2 070,6,6,27,18,276 920,771 300,190,191,mistral_table,mistral_table,no
536,GUARACIABA DO NORTE,3,7,1,163,3 092,13,13,48,29,462 300,2 090 500,190,191,mistral_table,mistral_table,no
537,GUARAMIRANGA,4,15,6,1 264,4 295,6,7,34,25,357 134,1 396 292,190,191,mistral_table,mistral_table,no
538,HIDROLANDIA,5,9,2,284,1 179,9,9,19,10,136 980,235 360,190,191,mistral_table,mistral_table,no
539,IBIAPINA,3,3,-,150,1 100,23,23,59,29,353 650,1 109 780,190,191,mistral_table,mistral_table,no
540,ICO,40,145,92,12 710,29 041,62,63,202,93,1 415 454,4 521 547,190,191,mistral_table,mistral_table,no
541,IGUATU,208,657,347,42 241,163 198,185,190,579,325,3 413 930,12 849 361,190,191,mistral_table,mistral_table,no
542,INDEPENDENCIA,21,48,17,3 005,12 554,29,29,71,32,320 100,1 281 770,190,191,mistral_table,mistral_table,no
543,IPAUMIRIM,11,26,9,1 956,4 503,26,26,70,35,499 100,1 031 200,190,191,mistral_table,mistral_table,no
544,IPU,34,88,40,4 745,25 902,48,48,146,73,1 595 122,4 683 744,190,191,mistral_table,mistral_table,no
545,IPUEIRAS,16,31,11,1 914,13 621,31,31,87,36,317 851,2 797 256,190,191,mistral_table,mistral_table,no
546,IRACEMA,13,29,9,1 530,6 204,21,22,58,21,245 606,1 230 932,190,191,mistral_table,mistral_table,no
547,IRAUÇUBA,18,57,26,2 869,14 867,50,51,134,64,349 300,1 757 089,190,191,mistral_table,mistral_table,no
548,ITAIÇABA,6,13,7,516,1 062,9,9,26,14,165 660,366 200,190,191,mistral_table,mistral_table,no
549,ITAPAGE,55,144,72,10 211,33 758,79,79,245,131,1 285 233,3 824 143,190,191,mistral_table,mistral_table,no
550,ITAPIPOCA,57,152,70,8 722,29 788,72,73,226,127,2 070 176,5 361 588,190,191,mistral_table,mistral_table,no
551,ITAPIUNA,4,7,4,320,1 084,3,3,8,5,129 300,275 160,190,191,mistral_table,mistral_table,no
552,ITATIRA,8,18,9,2 190,5 283,3,3,9,3,19 700,159 900,190,191,mistral_table,mistral_table,no
553,JAGUARETAMA,15,35,15,2 433,7 323,16,16,51,23,197 286,882 532,190,191,mistral_table,mistral_table,no
554,JAGUARIBARA,3,6,3,477,1 285,8,8,22,10,185 800,1 138 000,190,191,mistral_table,mistral_table,no
555,JAGUARIBE,43,189,113,9 411,49 071,66,67,222,119,1 350 331,5 737 098,190,191,mistral_table,mistral_table,no
556,JAGUARUANA,11,26,13,2 187,7 493,17,18,48,21,506 926,2 110 426,190,191,mistral_table,mistral_table,no
557,JARDIM,18,53,19,1 898,9 093,34,34,94,51,445 120,1 714 980,190,191,mistral_table,mistral_table,no
558,JATI,3,9,4,82,1 200,3,3,8,4,46 000,106 000,190,191,mistral_table,mistral_table,no
559,JUCAS,12,26,8,1 486,9 562,20,20,36,13,226 960,987 900,192,193,mistral_table,mistral_table,no
560,LAVRAS DA MANGABEIRA,17,53,24,2 663,10 022,15,15,57,34,452 206,1 602 400,192,193,mistral_table,mistral_table,no
561,LIMOEIRO DO NORTE,29,92,40,4 909,18 675,43,43,124,62,761 896,2 863 448,192,193,mistral_table,mistral_table,no
562,MARACANAU,-,-,-,-,-,77,76,264,140,2 178 275,7 899 019,192,193,mistral_table,mistral_table,no
563,MARANGUAPE,137,424,242,33 856,119 478,112,115,729,599,5 229 090,22 405 068,192,193,mistral_table,mistral_table,no
564,MARCO,4,7,4,467,953,20,21,59,33,539 283,2 148 961,192,193,mistral_table,mistral_table,no
565,MARTINOPOLE,3,6,2,360,1 106,15,15,40,19,449 028,1 887 963,192,193,mistral_table,mistral_table,no
566,MASSAPÉ,5,10,7,1 000,5 100,10,10,27,15,115 420,490 120,192,193,mistral_table,mistral_table,no
567,MAURITI,19,50,17,2 340,10 486,74,74,174,96,744 207,3 848 510,192,193,mistral_table,mistral_table,no
568,MERUOCA,2,(C),(B),(X),(B),1,1,(A),(A),(X),(A),192,193,mistral_table,mistral_table,no
569,MILAGRES,24,76,46,5 485,15 186,70,72,201,108,1 214 991,4 521 969,192,193,mistral_table,mistral_table,no
570,MISSÃO VELHA,16,39,10,1 778,6 499,53,53,151,80,760 220,2 809 440,192,193,mistral_table,mistral_table,no
571,MOMBAÇA,48,173,100,11 197,42 418,39,39,184,132,1 351 563,4 930 577,192,193,mistral_table,mistral_table,no
572,MONSENHOR TABOSA,10,21,5,1 833,4 819,23,23,71,32,530 000,2 143 499,192,193,mistral_table,mistral_table,no
573,MORADA NOVA,62,213,128,14 951,65 889,108,108,311,162,2 213 504,5 461 657,192,193,mistral_table,mistral_table,no
574,MORAÚJO,1,(A),(A),(X),(A),4,4,10,5,35 210,131 200,192,193,mistral_table,mistral_table,no
575,MORRINHOS,3,6,3,367,970,13,13,34,14,52 300,529 000,192,193,mistral_table,mistral_table,no
576,MUCAMBO,2,(A),(A),(X),(A),4,4,9,5,32 000,127 800,192,193,mistral_table,mistral_table,no
577,MULUNGU,4,12,6,577,2 198,20,22,65,25,422 000,3 573 435,192,193,mistral_table,mistral_table,no
578,NOVA OLINDA,1,(A),(A),(X),(A),22,22,64,34,345 600,1 474 200,192,193,mistral_table,mistral_table,no
579,NOVA RUSSAS,16,40,6,2 694,12 674,78,78,207,105,2 058 148,8 037 761,192,193,mistral_table,mistral_table,no
580,NOVO ORIENTE,12,35,20,1 563,8 446,9,9,18,8,158 800,426 500,192,193,mistral_table,mistral_table,no
581,OROS,23,82,46,4 255,14 874,17,17,45,14,212 075,607 704,192,193,mistral_table,mistral_table,no
582,PACAJUS,42,124,98,8 690,64 457,63,63,202,118,1 642 167,5 431 491,192,193,mistral_table,mistral_table,no
583,PACATUBA,14,28,13,1 635,5 224,26,28,881,843,4 267 558,10 895 192,192,193,mistral_table,mistral_table,no
584,PACOTI,11,25,7,834,4 680,20,21,55,21,237 534,911 252,192,193,mistral_table,mistral_table,no
585,PACUJA,2,(A),(A),(X),(A),1,1,(A),(A),(X),(A),192,193,mistral_table,mistral_table,no
586,PALHANO,1,(A),(A),(X),(A),6,6,15,9,145 800,402 000,192,193,mistral_table,mistral_table,no
587,PALMACIA,7,18,3,949,3 388,3,4,7,3,33 200,171 400,192,193,mistral_table,mistral_table,no
588,PARACURU,19,47,21,3 135,17 557,65,65,203,110,1 874 680,8 204 340,192,193,mistral_table,mistral_table,no
589,PARAMBU,22,47,18,5 099,16 750,49,49,91,29,518 200,2 426 278,192,193,mistral_table,mistral_table,no
590,PARAMOTI,2,(A),(A),(X),(A),2,2,(A),(A),(X),(A),192,193,mistral_table,mistral_table,no
591,PEDRA BRANCA,37,86,31,4 834,21 603,20,20,62,28,261 850,872 597,192,193,mistral_table,mistral_table,no
592,PENAFORTE,-,-,-,-,-,10,10,28,12,94 950,447 780,192,193,mistral_table,mistral_table,no
593,PENTECOSTE,13,31,13,1 083,4 220,39,40,124,58,951 380,3 133 420,192,193,mistral_table,mistral_table,no
594,PEREIRO,3,7,2,686,2 476,10,10,24,11,275 400,917 270,192,193,mistral_table,mistral_table,no
595,PIQUET CARNEIRO,8,11,2,510,1 442,25,25,55,25,222 740,807 670,192,193,mistral_table,mistral_table,no
596,PORANGA,2,(B),(A),(X),(A),3,3,7,3,47 064,159 312,192,193,mistral_table,mistral_table,no
597,PORTEIRAS,1,(A),(A),(X),(A),32,33,99,31,126 720,702 540,192,193,mistral_table,mistral_table,no
598,POTENGI,4,8,2,520,1 980,8,8,26,11,120 000,497 600,192,193,mistral_table,mistral_table,no
599,QUIXADA,114,370,213,24 757,82 694,184,186,524,287,2 549 394,9 132 819,192,193,mistral_table,mistral_table,no
600,QUIXERAMOBIM,44,121,58,7 672,25 043,133,134,332,164,1 474 851,5 929 966,192,193,mistral_table,mistral_table,no
601,QUIXERE,8,24,16,1 360,3 931,7,7,22,12,127 520,353 200,192,193,mistral_table,mistral_table,no
602,REDENÇÃO,24,60,31,2 676,11 191,45,45,133,82,1 010 960,5 452 719,192,193,mistral_table,mistral_table,no
603,RERIUTABA,7,17,9,503,2 033,16,16,47,20,599 236,1 575 760,192,193,mistral_table,mistral_table,no
604,RUSSAS,55,192,111,17 756,45 256,66,68,201,117,1 104 088,4 027 688,192,193,mistral_table,mistral_table,no
605,SABOEIRO,8,12,1,736,5 460,12,12,27,8,72 700,559 600,192,193,mistral_table,mistral_table,no
606,SANTANA DO ACARAU,16,37,19,2 920,7 169,40,41,122,54,833 660,4 844 850,194,195,mistral_table,mistral_table,no
607,SANTANA DO CARIRI,2,(B),(A),(X),(B),19,19,40,19,73 430,436 300,194,195,mistral_table,mistral_table,no
608,SANTA QUITERIA,5,10,3,490,2 864,56,56,188,73,1 320 900,5 157 330,194,195,mistral_table,mistral_table,no
609,SÃO BENEDITO,21,78,38,5 574,35 188,57,57,177,104,1 912 264,5 809 900,194,195,mistral_table,mistral_table,no
610,SÃO GONÇALO DO AMARANTE,15,44,22,3 111,11 167,15,15,50,29,735 880,4 145 100,194,195,mistral_table,mistral_table,no
611,SÃO JOÃO DO JAGUARIBE,3,10,4,546,3 837,4,4,12,5,148 600,449 800,194,195,mistral_table,mistral_table,no
612,SÃO LUIS DO CURU,10,21,11,2 339,4 334,8,8,20,8,188 000,918 000,194,195,mistral_table,mistral_table,no
613,SENADOR POMPEU,58,160,91,15 941,43 904,55,56,146,66,832 109,2 492 101,194,195,mistral_table,mistral_table,no
614,SENADOR SA,-,-,-,-,-,1,1,(A),(A),(A),(A),194,195,mistral_table,mistral_table,no
615,SOLONOPOLE,32,66,22,2 572,8 699,12,12,28,10,61 000,287 011,194,195,mistral_table,mistral_table,no
616,TABULEIRO DO NORTE,29,87,51,5 661,18 759,71,71,230,132,1 636 965,4 153 279,194,195,mistral_table,mistral_table,no
617,TAMBORIL,5,8,-,626,5 396,4,4,11,4,128 700,464 400,194,195,mistral_table,mistral_table,no
618,TAUA,59,192,110,19 275,43 312,71,73,213,121,1 176 646,3 764 683,194,195,mistral_table,mistral_table,no
619,TIANGUA,26,94,47,9 566,32 474,87,88,292,178,2 618 201,6 326 972,194,195,mistral_table,mistral_table,no
620,TRAIRI,1,(A),(A),(X),(A),19,19,52,23,551 700,1 730 000,194,195,mistral_table,mistral_table,no
621,UBAJARA,27,114,67,7 434,26 117,36,36,90,53,839 604,1 805 037,194,195,mistral_table,mistral_table,no
622,UMARI,6,13,-,259,1 801,7,7,12,5,32 200,113 800,194,195,mistral_table,mistral_table,no
623,URUBURETAMA,11,31,9,1 707,10 315,44,44,110,53,826 899,2 767 940,194,195,mistral_table,mistral_table,no
624,URUOCA,1,(A),(A),(X),(A),15,15,34,18,28 950,153 317,194,195,mistral_table,mistral_table,no
625,VARZEA ALEGRE,28,102,56,8 032,24 988,59,59,176,102,1 289 803,4 035 380,194,195,mistral_table,mistral_table,no
626,VIÇOSA DO CEARA,5,13,9,381,3 967,21,21,71,34,356 950,2 267 100,194,195,mistral_table,mistral_table,no
627,RIO GRANDE DO NORTE,2 777,15 655,9 918,1 645 431,5 565 972,4 145,4 280,21 193,14 118,183 234 995,733 619 267,194,195,mistral_table,mistral_table,no
628,ALOJAMENTO E ALIMENTAÇÃO,1 177,4 838,2 466,334 718,1 650 621,2 219,2 263,8 225,4 659,48 278 350,269 656 313,194,195,mistral_table,mistral_table,no
629,ALOJAMENTO,120,1 243,850,90 843,386 795,117,131,1 603,1 292,10 896 902,47 758 183,194,195,mistral_table,mistral_table,no
630,ALIMENTAÇÃO,1 057,3 595,1 616,243 875,1 263 826,2 102,2 132,6 622,3 367,37 381 448,221 898 130,194,195,mistral_table,mistral_table,no
631,"REPARAÇÃO, MANUTENÇÃO E INSTALAÇÃO",747,2 874,1 811,261 334,658 997,1 177,1 190,3 840,2 350,32 422 949,79 902 958,194,195,mistral_table,mistral_table,no
632,"REPARAÇÃO, MANUTENÇÃO E INSTALAÇÃO",747,2 874,1 811,261 334,658 997,1 177,1 190,3 840,2 350,32 422 949,79 902 958,194,195,mistral_table,mistral_table,no
633,"PESSOAIS, DE HIGIENE E ESTÉTICA PESSOAL",136,445,269,40 433,104 550,167,170,520,303,3 385 517,9 166 105,194,195,mistral_table,mistral_table,no
634,PESSOAIS,57,185,102,14 502,56 190,90,93,270,148,1 842 729,5 109 830,194,195,mistral_table,mistral_table,no
635,HIGIENE E DE ESTÉTICA PESSOAL,79,280,167,25 931,48 360,77,77,250,155,1 542 788,4 056 275,194,195,mistral_table,mistral_table,no
636,"RADIODIFUSÃO, TELEVISÃO E DIVERSÕES",110,860,551,75 929,205 427,129,137,756,562,5 344 523,15 985 156,194,195,mistral_table,mistral_table,no
637,RADIODIFUSÃO E TELEVISÃO,14,485,331,47 740,98 317,16,17,400,350,3 252 290,8 503 647,194,195,mistral_table,mistral_table,no
638,DIVERSÕES,96,375,220,28 189,107 110,113,120,359,212,2 082 233,7 481 509,194,195,mistral_table,mistral_table,no
639,AUXILIARES DIVERSOS,562,6 327,4 686,896 876,2 829 959,411,478,7 584,6 091,91 651 577,351 028 160,194,195,mistral_table,mistral_table,no
640,AUX. DA AGROPECUARIA E REFLORESTAMENTO,114,1 091,682,260 135,509 842,5,8,881,574,22 703 210,38 910 693,194,195,mistral_table,mistral_table,no
641,"AUX. COMÉRCIO, LOCAÇÃO DE BENS E SERVIÇOS",105,395,178,53 734,241 412,85,98,789,600,9 223 797,76 813 808,194,195,mistral_table,mistral_table,no
642,"AUX. FINANC., SEGUROS E CAPITALIZAÇÃO",9,28,11,2 046,10 207,1,3,7,4,57 820,249 186,194,195,mistral_table,mistral_table,no
643,AUXILIARES DOS TRANSPORTES,40,806,377,100 729,378 263,14,37,1 014,926,20 458 842,127 826 021,194,195,mistral_table,mistral_table,no
644,"AUX. CONSTRUÇÃO, OBRAS, GEODÉSIA, ETC",25,461,323,116 345,904 573,15,21,589,269,6 709 082,34 742 605,194,195,mistral_table,mistral_table,no
645,"AUX. DE LIMPEZA, HIGIENIZAÇÃO, ETC",17,1 903,1 818,117 948,223 709,20,23,1 245,1 197,5 922 452,17 107 555,194,195,mistral_table,mistral_table,no
646,AUX. PRESTADOS A EMPRESAS E PESSOAS,185,1 583,1 169,192 537,417 570,212,228,2 859,2 415,24 412 216,48 788 420,194,195,mistral_table,mistral_table,no
647,AUXILIARES DA SAÚDE,67,280,128,53 402,144 383,59,60,200,116,2 164 158,6 589 872,194,195,mistral_table,mistral_table,no
648,"COMPRA, VENDA, ADMINISTRAÇÃO BENS IMÓVEIS",45,311,135,36 141,116 418,42,42,265,153,2 152 079,7 880 575,194,195,mistral_table,mistral_table,no
649,COMPRA E VENDA DE BENS IMÓVEIS,36,217,88,25 152,91 007,25,25,125,73,929 336,2 790 622,194,195,mistral_table,mistral_table,no
650,"ADMINISTRAÇÃO, LOCAÇÃO, ETC",9,94,47,10 989,26 411,17,17,140,80,1 222 743,5 089 953,194,195,mistral_table,mistral_table,no
651,NATAL,1 196,9 425,6 326,1 030 597,3 541 286,1 405,1 480,12 116,8 985,118 275 108,459 538 186,194,195,mistral_table,mistral_table,no
652,ALOJAMENTO E ALIMENTAÇÃO,415,2 257,1 374,181 665,864 140,599,618,3 378,2 298,23 455 813,150 644 251,194,195,mistral_table,mistral_table,no
653,ALOJAMENTO,47,748,532,59 165,245 606,49,55,1 125,943,8 317 855,35 298 488,194,195,mistral_table,mistral_table,no
654,ALIMENTAÇÃO,368,1 509,842,122 500,618 534,550,563,2 253,1 355,15 137 958,115 345 763,194,195,mistral_table,mistral_table,no
655,"REPARAÇÃO, MANUTENÇÃO E INSTALAÇÃO",344,1 557,1 018,145 483,388 389,407,414,1 550,1 009,15 273 835,37 868 428,194,195,mistral_table,mistral_table,no
656,"REPARAÇÃO, MANUTENÇÃO E INSTALAÇÃO",344,1 557,1 018,145 483,388 389,407,414,1 550,1 009,15 273 835,37 868 428,194,195,mistral_table,mistral_table,no
657,"PESSOAIS, DE HIGIENE E ESTÉTICA PESSOAL",64,232,142,19 012,56 788,81,83,297,192,2 024 712,5 317 501,194,195,mistral_table,mistral_table,no
658,PESSOAIS,29,117,73,8 872,34 558,37,39,149,98,1 073 010,2 806 150,194,195,mistral_table,mistral_table,no
659,HIGIENE E DE ESTÉTICA PESSOAL,35,115,69,10 140,22 230,44,44,148,94,951 702,2 511 351,194,195,mistral_table,mistral_table,no
660,"RADIODIFUSÃO, TELEVISÃO E DIVERSÕES",30,546,352,53 453,135 347,22,27,316,264,3 072 177,9 169 438,194,195,mistral_table,mistral_table,no
661,RADIODIFUSÃO E TELEVISÃO,9,397,258,40 249,78 986,6,7,228,203,2 522 298,6 456 375,194,195,mistral_table,mistral_table,no
662,DIVERSÕES,21,149,94,13 204,56 361,16,20,88,61,549 879,2 713 063,194,195,mistral_table,mistral_table,no
663,AUXILIARES DIVERSOS,303,4 571,3 328,598 465,1 991 012,256,298,6 329,5 085,72 421 275,248 648 258,196,197,mistral_table,mistral_table,no
664,AUX. DA AGROPECUARIA E REFLORESTAMENTO,10,384,88,93 229,62 412,1,2,(F),(F),(X),(G),196,197,mistral_table,mistral_table,no
665,"AUX. COMERCIO, LOCAÇÃO DE BENS E SERVIÇOS",88,340,151,49 118,220 466,75,87,655,493,6 832 511,45 082 190,196,197,mistral_table,mistral_table,no
666,"AUX. FINANC., SEGUROS E CAPITALIZAÇÃO",8,26,11,2 046,10 207,1,3,(B),(A),(X),(B),196,197,mistral_table,mistral_table,no
667,AUXILIARES DOS TRANSPORTES,19,326,176,60 476,173 755,10,17,476,386,8 852 249,82 648 719,196,197,mistral_table,mistral_table,no
668,"AUX. CONSTRUÇÃO, OBRAS, GEODESIA, ETC",20,404,281,110 366,883 543,11,15,496,183,5 673 513,19 213 241,196,197,mistral_table,mistral_table,no
669,"AUX. DE LIMPEZA, HIGIENIZAÇÃO, ETC",14,1 799,1 719,111 841,206 473,13,16,217,1 177,5 747 125,16 650 855,196,197,mistral_table,mistral_table,no
670,AUX. PRESTADOS A EMPRESAS E PESSOAS,108,1 122,818,131 776,324 313,117,129,2 497,2 199,21 356 617,42 368 369,196,197,mistral_table,mistral_table,no
671,AUXILIARES DA SAÚDE,35,168,84,39 610,109 843,28,29,115,75,1 328 964,4 316 001,196,197,mistral_table,mistral_table,no
672,"COMPRA, VENDA, ADMINISTRAÇÃO BENS INDÍCEIS",40,262,172,32 519,105 610,40,40,246,137,2 027 296,7 590 310,196,197,mistral_table,mistral_table,no
673,COMPRA E VENDA DE BENS INDÍCEIS,33,162,74,22 857,81 674,23,23,106,57,804 553,2 500 357,196,197,mistral_table,mistral_table,no
674,"ADMINISTRAÇÃO, LOCAÇÃO, ETC",7,80,38,9 862,23 936,17,17,140,80,1 222 743,5 089 953,196,197,mistral_table,mistral_table,no
675,MOSSORO,312,1 664,1 052,151 670,481 885,463,475,1 988,1 302,13 964 892,58 964 005,196,197,mistral_table,mistral_table,no
676,ALIMENTAÇÃO,99,387,188,26 081,131 304,179,181,583,318,3 449 161,14 161 409,196,197,mistral_table,mistral_table,no
677,"REFARAÇÃO, MANUTENÇÃO E INSTALAÇÃO",108,430,291,38 874,90 410,190,192,595,366,4 712 892,10 763 146,196,197,mistral_table,mistral_table,no
678,"AUX. CONSTRUÇÃO, OBRAS, GEODESIA, ETC",4,55,42,5 979,21 030,2,4,88,85,1 010 546,15 461 597,196,197,mistral_table,mistral_table,no
679,DEMAIS GÉNEROS,101,792,531,80 736,239 141,93,98,722,533,4 792 293,18 547 853,196,197,mistral_table,mistral_table,no
680,ACARI,22,112,86,16 333,32 891,21,21,68,38,344 430,981 320,196,197,mistral_table,mistral_table,no
681,AÇU,48,191,125,25 861,56 247,39,40,117,57,1 051 908,2 567 732,196,197,mistral_table,mistral_table,no
682,AFONSO BEZERRA,8,20,6,1 713,6 279,19,19,46,24,273 610,997 000,196,197,mistral_table,mistral_table,no
683,AQUA NOVA,-,-,-,-,-,1,1,(A),(A),(X),(A),196,197,mistral_table,mistral_table,no
684,ALEXANDRIA,7,20,11,3 354,8 362,13,13,40,21,361 880,1 152 200,196,197,mistral_table,mistral_table,no
685,ALMINO AFONSO,5,16,7,1 972,5 111,7,7,24,9,104 860,413 000,196,197,mistral_table,mistral_table,no
686,ALTO DO RODRIGUES,-,-,-,-,-,8,8,34,16,70 300,323 600,196,197,mistral_table,mistral_table,no
687,ANGICOS,18,66,39,6 934,23 875,29,29,86,38,581 380,2 605 276,196,197,mistral_table,mistral_table,no
688,ANTONIO MARTINS,1,(B),(B),(X),(B),1,1,(A),(A),(X),(A),196,197,mistral_table,mistral_table,no
689,APODI,28,100,58,10 842,31 962,44,45,130,62,796 137,2 882 263,196,197,mistral_table,mistral_table,no
690,AREIA BRANCA,23,261,150,38 235,192 831,44,47,549,461,10 117 664,40 107 344,196,197,mistral_table,mistral_table,no
691,ARES,2,(B),(A),(X),(A),-,-,-,-,-,-,196,197,mistral_table,mistral_table,no
692,AUGUSTO SEVERO,13,33,13,2 009,6 641,29,29,78,41,269 000,1 101 000,196,197,mistral_table,mistral_table,no
693,BAIA FORMOSA,4,6,-,436,1 819,3,3,14,2,21 158,109 210,196,197,mistral_table,mistral_table,no
694,BARAUNA,-,-,-,-,-,9,9,34,20,159 340,592 663,196,197,mistral_table,mistral_table,no
695,BARCELONA,6,12,4,1 052,4 221,7,7,21,9,142 038,328 880,196,197,mistral_table,mistral_table,no
696,BOM JESUS,5,13,6,580,2 126,4,4,11,3,91 200,215 720,196,197,mistral_table,mistral_table,no
697,BREJINHO,1,(A),(A),(X),(B),-,-,-,-,-,-,196,197,mistral_table,mistral_table,no
698,CAICO,83,446,304,44 034,109 193,156,158,521,341,3 687 090,11 838 894,196,197,mistral_table,mistral_table,no
699,CAMPO REDONDO,5,12,6,2 355,4 570,11,11,28,10,98 400,643 100,196,197,mistral_table,mistral_table,no
700,CANQUARETAMA,12,42,21,3 733,10 558,17,17,69,37,214 871,982 616,196,197,mistral_table,mistral_table,no
701,CARAÚBAS,15,63,41,4 446,23 421,34,34,95,49,744 940,1 998 900,196,197,mistral_table,mistral_table,no
702,CARNAUBA DOS DANTAS,5,12,6,1 118,2 880,20,20,58,27,346 544,820 380,196,197,mistral_table,mistral_table,no
703,CARNAUBAIS,-,-,-,-,-,5,5,15,7,51 600,164 370,196,197,mistral_table,mistral_table,no
704,CEARA-MIRIM,27,89,39,7 084,26 880,40,40,106,55,612 895,2 999 102,196,197,mistral_table,mistral_table,no
705,CERRO CORA,4,13,5,1 388,5 348,3,3,8,3,59 200,208 680,196,197,mistral_table,mistral_table,no
706,CORONEL EZEQUIEL,2,(B),(A),(X),(B),10,10,20,10,137 600,560 900,196,197,mistral_table,mistral_table,no
707,CORONEL JOÃO PESSOA,1,(A),(A),(X),(B),1,1,(A),(A),(X),(A),196,197,mistral_table,mistral_table,no
708,CRUZETA,10,29,19,3 599,10 714,20,21,50,24,465 548,1 335 923,196,197,mistral_table,mistral_table,no
709,CURRAIS NOVOS,82,272,156,25 659,86 323,87,89,295,164,1 846 266,7 630 789,196,197,mistral_table,mistral_table,no
710,DOUTOR SEVERIANO,1,(A),(A),(X),(B),2,2,(B),(A),(X),(A),196,197,mistral_table,mistral_table,no
711,EDUARDO GOMES,52,348,234,37 314,167 518,56,63,348,260,4 403 693,36 747 472,196,197,mistral_table,mistral_table,no
712,ENCANTO,-,-,-,-,-,3,3,16,12,32 245,209 800,196,197,mistral_table,mistral_table,no
713,EQUADOR,2,(A),(A),(X),(A),7,7,21,8,59 860,179 200,196,197,mistral_table,mistral_table,no
714,ESPIRITO SANTO,2,(B),(A),(X),(A),3,3,6,3,8 400,43 000,196,197,mistral_table,mistral_table,no
715,EXTREMOZ,2,(C),(B),(X),(B),1,1,(C),(C),(X),(B),196,197,mistral_table,mistral_table,no
716,FELIPE QUERRA,1,(A),(A),(X),(A),3,3,8,1,33 860,159 528,196,197,mistral_table,mistral_table,no
717,FLORANIA,13,24,11,3 297,9 954,15,15,36,12,197 660,589 620,198,199,mistral_table,mistral_table,no
718,FRANCISCO DANTAS,2,(B),(A),(X),(B),3,3,6,3,62 460,229 800,198,199,mistral_table,mistral_table,no
719,FRUTUOSO GOMES,6,11,4,909,3 281,7,7,15,7,17 600,126 000,198,199,mistral_table,mistral_table,no
720,GOIANINHA,9,23,9,2 120,9 272,16,16,57,32,509 022,1 284 057,198,199,mistral_table,mistral_table,no
721,GOVERNADOR DIX-SEPT ROSADO,7,15,3,1 582,6 499,8,8,21,10,216 400,918 400,198,199,mistral_table,mistral_table,no
722,GROSSOS,8,17,1,704,4 036,5,5,19,11,65 279,249 955,198,199,mistral_table,mistral_table,no
723,GUANARE,2,(A),(A),(X),(A),11,11,22,11,103 400,878 680,198,199,mistral_table,mistral_table,no
724,IELMO MARINHO,-,-,-,-,-,4,4,16,4,95 440,659 530,198,199,mistral_table,mistral_table,no
725,IPANGUACU,5,16,7,1 310,6 661,29,29,62,25,130 911,726 191,198,199,mistral_table,mistral_table,no
726,IPUEIRA,-,-,-,-,-,2,2,(A),(A),(X),(A),198,199,mistral_table,mistral_table,no
727,ITAU,4,12,7,2 161,8 307,16,16,34,16,135 760,472 600,198,199,mistral_table,mistral_table,no
728,JAÇANÁ,5,9,4,932,2 867,17,17,36,17,152 850,679 600,198,199,mistral_table,mistral_table,no
729,JARDÁIRA,2,(B),(B),(X),(B),-,-,-,-,-,-,198,199,mistral_table,mistral_table,no
730,JANDUIS,2,(B),(A),(X),(A),19,19,33,20,183 200,805 300,198,199,mistral_table,mistral_table,no
731,JANUÁRIO CICCO,6,20,10,466,2 018,5,5,11,6,63 800,205 800,198,199,mistral_table,mistral_table,no
732,JAPI,2,(B),(A),(X),(A),6,6,13,7,98 200,280 060,198,199,mistral_table,mistral_table,no
733,JARDIM DE ANGICOS,1,(A),(A),(X),(A),-,-,-,-,-,-,198,199,mistral_table,mistral_table,no
734,JARDIM DE PIRANHAS,7,24,15,2 636,8 966,26,26,92,62,669 760,2 955 400,198,199,mistral_table,mistral_table,no
735,JARDIM DO SERIDO,21,63,28,4 275,16 168,30,34,91,44,481 293,1 157 517,198,199,mistral_table,mistral_table,no
736,JOÃO CAMARA,30,86,49,13 377,33 760,15,16,56,24,168 981,1 279 861,198,199,mistral_table,mistral_table,no
737,JOÃO DIAS,2,(B),(A),(X),(A),-,-,-,-,-,-,198,199,mistral_table,mistral_table,no
738,JOSE DA PENHA,4,9,3,410,2 115,9,9,25,9,73 300,285 000,198,199,mistral_table,mistral_table,no
739,JUCURUTU,15,63,29,4 056,14 562,85,85,199,107,1 118 515,4 369 814,198,199,mistral_table,mistral_table,no
740,LAGOA DE PEDRAS,3,8,3,284,1 008,-,-,-,-,-,-,198,199,mistral_table,mistral_table,no
741,LAGOA DE VELHOS,-,-,-,-,-,6,6,16,7,56 578,168 651,198,199,mistral_table,mistral_table,no
742,LAGOA NOVA,5,15,7,1 593,5 735,1,1,(A),(A),(X),(A),198,199,mistral_table,mistral_table,no
743,LAGOA SALGADA,7,15,3,405,1 111,2,2,(A),(A),(X),(A),198,199,mistral_table,mistral_table,no
744,LAJES,16,49,28,3 890,14 563,16,16,44,18,120 195,478 171,198,199,mistral_table,mistral_table,no
745,LAJES PINTADAS,4,7,3,913,3 502,5,5,11,6,99 900,420 448,198,199,mistral_table,mistral_table,no
746,LUCRECIA,1,(A),(A),(X),(A),15,15,39,15,97 100,335 000,198,199,mistral_table,mistral_table,no
747,LUIS GOMES,5,13,6,1 657,5 831,8,8,18,10,28 240,146 800,198,199,mistral_table,mistral_table,no
748,MACAIBA,41,108,42,6 700,18 558,77,79,246,91,1 339 818,5 037 480,198,199,mistral_table,mistral_table,no
749,MACAU,38,151,83,11 436,47 925,32,33,86,45,679 484,2 651 943,198,199,mistral_table,mistral_table,no
750,MARCELINO VIEIRA,8,15,6,1 059,3 055,7,7,14,5,57 100,211 300,198,199,mistral_table,mistral_table,no
751,MARTINS,9,23,14,4 512,12 996,9,9,23,10,195 438,486 126,198,199,mistral_table,mistral_table,no
752,MAXARANQUAPE,-,-,-,-,-,12,12,27,13,133 350,606 618,198,199,mistral_table,mistral_table,no
753,MESSIAS TARGINO,4,14,4,123,767,5,5,13,4,113 000,282 800,198,199,mistral_table,mistral_table,no
754,MONTANHAS,5,12,4,811,2 784,2,2,(A),(A),(X),(A),198,199,mistral_table,mistral_table,no
755,MONTE ALEGRE,3,7,2,714,2 399,6,6,17,5,111 500,539 087,198,199,mistral_table,mistral_table,no
756,NISCA FLORESTA,4,20,7,685,8 164,7,7,23,3,131 296,1 148 670,198,199,mistral_table,mistral_table,no
757,NOVA CRUZ,36,100,41,8 762,22 497,52,54,148,73,1 012 566,2 932 239,198,199,mistral_table,mistral_table,no
758,OLHO-D'AGUA DO BORGES,1,(A),(A),(X),(B),22,22,62,26,256 950,918 210,198,199,mistral_table,mistral_table,no
759,OURO BRANCO,6,14,7,1 394,3 716,6,6,16,9,164 900,449 000,198,199,mistral_table,mistral_table,no
760,PARAU,4,10,5,668,3 594,12,12,33,13,180 300,919 900,198,199,mistral_table,mistral_table,no
761,PARAZINHO,2,(B),(A),(X),(B),1,1,(A),(A),(X),(A),198,199,mistral_table,mistral_table,no
762,PARELHAS,22,80,46,6 716,18 898,58,59,169,80,1 359 997,3 862 066,198,199,mistral_table,mistral_table,no
763,PASSA E FICA,2,(A),(A),(X),(A),,,,,,,198,199,mistral_table,missing,yes
764,PATU,14,40,26,3 974,8 484,25,25,85,48,529 430,1 923 100,200,201,mistral_table,mistral_table,no
765,PAU DOS FERROS,56,242,139,27 276,63 656,111,112,293,153,1 911 798,6 993 269,200,201,mistral_table,mistral_table,no
766,PEDRA GRANDE,-,-,-,-,-,2,2,(A),(A),(X),(A),200,201,mistral_table,mistral_table,no
767,PEDRA PRETA,1,(A),(A),(X),(A),-,-,-,-,-,-,200,201,mistral_table,mistral_table,no
768,PEDRO AVELINO,7,20,15,2 517,7 223,36,36,95,44,479 020,1 820 600,200,201,mistral_table,mistral_table,no
769,PEDRO VELHO,5,17,4,838,2 472,3,3,4,1,19 500,92 700,200,201,mistral_table,mistral_table,no
770,PENDENCIAS,5,18,7,1 589,8 935,39,39,116,59,564 900,3 348 680,200,201,mistral_table,mistral_table,no
771,PILÕES,-,-,-,-,-,1,1,(A),(A),(X),(A),200,201,mistral_table,mistral_table,no
772,POÇO BRANCO,1,(A),(A),(X),(A),20,20,45,25,293 020,1 618 900,200,201,mistral_table,mistral_table,no
773,PORTALEGRE,5,11,7,1 649,4 201,3,3,5,2,25 156,66 297,200,201,mistral_table,mistral_table,no
774,PRESIDENTE JUSCELINO,4,7,4,1 895,3 139,2,2,(B),(A),(X),(A),200,201,mistral_table,mistral_table,no
775,PUREZA,1,(A),(A),(X),(A),2,2,(A),(A),(X),(A),200,201,mistral_table,mistral_table,no
776,RAFAEL FERNANDES,-,-,-,-,-,7,7,16,9,172 810,329 500,200,201,mistral_table,mistral_table,no
777,RAFAEL GODEIRO,4,6,4,1 337,2 573,4,4,12,6,31 100,200 100,200,201,mistral_table,mistral_table,no
778,RIACHO DA CRUZ,-,-,-,-,-,2,2,(A),(A),(X),(B),200,201,mistral_table,mistral_table,no
779,RIACHO DE SANTANA,-,-,-,-,-,6,6,12,6,16 100,107 000,200,201,mistral_table,mistral_table,no
780,RIACHUELO,3,7,2,330,3 335,3,3,8,3,28 200,104 740,200,201,mistral_table,mistral_table,no
781,RODOLFO FERNANDES,2,(A),(A),(X),(A),4,4,8,4,77 460,240 965,200,201,mistral_table,mistral_table,no
782,RUY BARBOSA,2,(B),(A),(X),(A),7,7,17,8,35 200,146 000,200,201,mistral_table,mistral_table,no
783,SANTA CRUZ,35,115,56,9 836,31 744,90,93,239,119,1 283 117,3 491 459,200,201,mistral_table,mistral_table,no
784,SANTANA DO MATOS,12,38,25,3 444,14 405,28,30,82,37,358 800,1 814 000,200,201,mistral_table,mistral_table,no
785,SANTANA DO SERIDO,1,(A),(A),(X),(A),3,3,6,2,48 000,150 460,200,201,mistral_table,mistral_table,no
786,SANTO ANTONIO,24,90,49,7 371,29 170,26,30,90,49,771 093,1 995 039,200,201,mistral_table,mistral_table,no
787,SÃO BENTO DO NORTE,1,(A),(A),(X),(A),4,4,13,4,26 600,167 860,200,201,mistral_table,mistral_table,no
788,SÃO BENTO DO TRAIRI,4,10,5,552,1 911,4,4,10,6,64 920,221 750,200,201,mistral_table,mistral_table,no
789,SÃO FERNANDO,1,(A),(A),(X),(B),-,-,-,-,-,-,200,201,mistral_table,mistral_table,no
790,SÃO FRANCISCO DO OESTE,-,-,-,-,-,11,11,21,10,230 420,505 320,200,201,mistral_table,mistral_table,no
791,SÃO GONÇALO DO AMARANTE,10,50,33,4 415,27 302,9,9,28,13,129 632,968 900,200,201,mistral_table,mistral_table,no
792,SÃO JOÃO DO SABUGI,9,24,10,1 830,6 955,22,22,51,26,282 900,958 600,200,201,mistral_table,mistral_table,no
793,SÃO JOSE DE MIPIBU,31,81,32,6 007,23 478,32,33,100,47,643 463,3 193 862,200,201,mistral_table,mistral_table,no
794,SÃO JOSE DO CAMPESTRE,21,58,31,3 482,12 834,18,19,50,31,467 080,1 418 290,200,201,mistral_table,mistral_table,no
795,SÃO JOSE DO SERIDO,6,14,7,1 106,4 821,8,8,18,10,181 300,789 900,200,201,mistral_table,mistral_table,no
796,SÃO MIGUEL,10,38,20,4 225,12 963,52,54,150,60,791 184,3 110 615,200,201,mistral_table,mistral_table,no
797,SÃO PAULO DO POTENDO,24,81,44,5 044,17 517,58,56,162,85,459 233,2 689 250,200,201,mistral_table,mistral_table,no
798,SÃO PEDRO,4,9,5,306,916,6,6,17,6,61 200,196 000,200,201,mistral_table,mistral_table,no
799,SÃO RAFAEL,5,9,1,659,2 081,5,5,14,2,33 840,293 740,200,201,mistral_table,mistral_table,no
800,SÃO TOMÉ,13,35,17,3 053,9 947,16,16,45,18,175 400,775 620,200,201,mistral_table,mistral_table,no
801,SÃO VICENTE,7,11,3,930,3 191,12,13,27,9,154 085,553 220,200,201,mistral_table,mistral_table,no
802,SERRA DE SÃO BENTO,-,-,-,-,-,2,2,(B),(A),(X),(A),200,201,mistral_table,mistral_table,no
803,SERRA NEGRA DO NORTE,5,17,13,2 393,6 837,12,12,30,15,101 550,417 602,200,201,mistral_table,mistral_table,no
804,SERRINHA,-,-,-,-,-,1,1,(A),(A),(X),(A),200,201,mistral_table,mistral_table,no
805,SEVERIANO MELO,5,10,6,1 323,3 069,9,9,24,13,286 450,614 600,200,201,mistral_table,mistral_table,no
806,SITIO NOVO,1,(A),(A),(X),(B),23,24,76,30,330 340,1 521 289,200,201,mistral_table,mistral_table,no
807,TAIPU,2,(B),(A),(X),(A),31,31,67,32,499 000,2 844 000,200,201,mistral_table,mistral_table,no
808,TANGARA,9,36,10,5 122,12 584,17,17,60,33,225 750,1 606 600,200,201,mistral_table,mistral_table,no
809,TENENTE ANANIAS,8,18,6,1 298,4 140,7,7,24,7,238 200,929 300,200,201,mistral_table,mistral_table,no
810,TIBAU DO SUL,-,-,-,-,-,1,1,(A),(A),(X),(A),200,201,mistral_table,mistral_table,no
811,TOUROS,2,(A),(A),(X),(A),17,17,40,16,144 600,1 345 000,202,203,mistral_table,mistral_table,no
812,UMARIZAL,18,65,40,5 665,22 705,21,23,66,37,347 331,2 348 331,202,203,mistral_table,mistral_table,no
813,UPANEMA,8,17,8,3 171,8 427,2,2,(B),(A),(X),(A),202,203,mistral_table,mistral_table,no
814,VARZEA,2,(B),(A),(X),(A),2,2,(B),(A),(X),(A),202,203,mistral_table,mistral_table,no
815,VERA CRUZ,5,10,-,208,1 062,5,5,9,2,44 160,235 120,202,203,mistral_table,mistral_table,no
816,PARAIBA,3 456,16 142,5 252,1 358 806,4 734 392,4 039,4 161,19 376,12 800,144 153 901,462 771 044,202,203,mistral_table,mistral_table,no
817,ALOJAMENTO E ALIMENTAÇÃO,1 688,5 513,2 165,284 420,1 378 454,1 834,1 862,6 951,3 573,34 552 418,158 970 721,202,203,mistral_table,mistral_table,no
818,ALOJAMENTO,142,1 004,567,62 286,257 912,123,128,1 290,977,8 731 005,34 772 132,202,203,mistral_table,mistral_table,no
819,ALIMENTAÇÃO,1 546,4 509,1 598,222 134,1 120 542,1 711,1 734,5 661,2 596,25 821 413,124 198 589,202,203,mistral_table,mistral_table,no
820,"REPARAÇÃO, MANUTENÇÃO E INSTALAÇÃO",841,2 963,1 729,248 831,600 406,1 302,1 316,4 258,2 601,31 383 564,81 751 392,202,203,mistral_table,mistral_table,no
821,"REPARAÇÃO, MANUTENÇÃO E INSTALAÇÃO",841,2 963,1 729,248 831,600 406,1 302,1 316,4 258,2 601,31 383 564,81 751 392,202,203,mistral_table,mistral_table,no
822,"PESSOAIS, DE HIGIENE E ESTETICA PESSOAL",167,505,278,42 045,90 232,260,261,726,396,4 660 796,12 906 922,202,203,mistral_table,mistral_table,no
823,PESSOAIS,59,171,80,12 181,36 405,108,108,292,146,1 788 442,6 532 343,202,203,mistral_table,mistral_table,no
824,HIGIENE E DE ESTETICA PESSOAL,108,334,198,29 864,53 827,152,153,434,250,2 872 354,6 374 979,202,203,mistral_table,mistral_table,no
825,"RADIODIFUSÃO, TELEVISÃO, E DIVERSÕES",144,857,509,60 902,201 452,139,149,1 024,796,5 818 621,24 728 671,202,203,mistral_table,mistral_table,no
826,RADIODIFUSÃO E TELEVISÃO,17,416,253,30 673,92 676,24,25,609,534,3 341 210,16 008 102,202,203,mistral_table,mistral_table,no
827,DIVERSÕES,127,441,256,30 229,108 776,115,124,415,262,2 477 411,8 720 569,202,203,mistral_table,mistral_table,no
828,AUXILIARES DIVERSOS,558,5 772,4 290,656 515,1 675 302,455,523,8 193,5 303,66 246 587,178 617 831,202,203,mistral_table,mistral_table,no
829,AUX. DA AGROPECUÁRIA E REFLORESTAMENTO,21,1 130,683,211 578,418 582,8,17,973,952,30 284 419,63 705 434,202,203,mistral_table,mistral_table,no
830,"AUX. COMÉRCIO, LOCAÇÃO DE BENS E SERVIÇOS",69,541,380,57 858,262 569,80,104,696,525,6 766 990,26 914 345,202,203,mistral_table,mistral_table,no
831,"AUX. FINANC., SEGUROS E CAPITALIZAÇÃO",5,10,4,869,11 521,4,6,50,30,495 453,4 022 074,202,203,mistral_table,mistral_table,no
832,AUXILIARES DOS TRANSPORTES,53,450,288,83 943,330 992,22,39,414,358,6 663 262,15 356 253,202,203,mistral_table,mistral_table,no
833,"AUX. CONSTRUÇÃO, OBRAS, GELÉVIA, ETC",17,53,35,8 218,43 001,14,16,108,64,1 243 633,4 882 339,202,203,mistral_table,mistral_table,no
834,"AUX. DE LIMPEZA, HIGIENIZAÇÃO, ETC",19,699,639,31 610,78 427,19,21,1 068,1 024,6 126 641,15 865 582,202,203,mistral_table,mistral_table,no
835,AUX. PRESTADOS A EMPRESAS E PESSOAS,274,2 517,2 088,218 973,412 078,221,234,2 531,2 144,11 806 332,37 854 999,202,203,mistral_table,mistral_table,no
836,AUXILIARES DA SAÚDE,86,363,173,43 766,118 132,86,86,355,206,2 861 857,10 019 785,202,203,mistral_table,mistral_table,no
837,"COMPRA, VENDA, ADMINISTRAÇÃO BENS IMÓVEIS",58,532,281,66 093,788 546,49,50,224,131,1 491 915,5 795 507,202,203,mistral_table,mistral_table,no
838,COMPRA E VENDA DE BENS IMÓVEIS,36,165,70,22 367,137 892,25,25,77,35,644 574,3 566 719,202,203,mistral_table,mistral_table,no
839,"ADMINISTRAÇÃO, LOCAÇÃO, ETC",22,367,211,43 726,650 654,24,25,147,96,847 341,2 228 788,202,203,mistral_table,mistral_table,no
840,JOÃO PESSOA,775,5 946,4 161,480 565,2 004 256,722,775,6 807,5 289,39 813 127,155 520 610,202,203,mistral_table,mistral_table,no
841,ALOJAMENTO E ALIMENTAÇÃO,294,1 573,904,97 705,461 748,269,278,1 824,1 217,11 134 067,52 230 516,202,203,mistral_table,mistral_table,no
842,ALOJAMENTO,29,423,240,32 552,121 806,28,29,705,568,5 957 342,23 804 657,202,203,mistral_table,mistral_table,no
843,ALIMENTAÇÃO,265,1 150,664,65 153,339 942,241,249,1 119,649,5 276 725,28 415 859,202,203,mistral_table,mistral_table,no
844,"REPARAÇÃO, MANUTENÇÃO E INSTALAÇÃO",177,707,424,63 432,170 328,212,218,876,558,5 911 511,18 023 714,202,203,mistral_table,mistral_table,no
845,"REPARAÇÃO, MANUTENÇÃO E INSTALAÇÃO",177,707,424,63 432,170 328,212,218,876,558,5 911 511,18 023 714,202,203,mistral_table,mistral_table,no
846,"PESSOAIS, DE HIGIENE E ESTETICA PESSOAL",45,151,84,13 407,29 724,68,69,235,120,1 464 272,4 205 128,202,203,mistral_table,mistral_table,no
847,PESSOAIS,18,63,35,4 870,11 169,25,25,87,42,487 663,2 138 86,202,203,mistral_table,mistral_table,no
848,HIGIENE E DE ESTETICA PESSOAL,27,88,49,8 537,18 555,43,44,148,78,976 609,2 086 266,202,203,mistral_table,mistral_table,no
849,"RADIODIFUSÃO, TELEVISÃO, E DIVERSÕES",13,208,121,19 518,53 335,13,15,248,221,1 475 465,6 179 545,202,203,mistral_table,mistral_table,no
850,RADIODIFUSÃO E TELEVISÃO,4,142,89,11 413,26 363,4,5,184,170,1 033 747,4 067 884,202,203,mistral_table,mistral_table,no
851,DIVERSÕES,9,66,32,8 105,26 972,9,10,64,51,441 718,2 111 661,202,203,mistral_table,mistral_table,no
852,AUXILIARES DIVERSOS,218,2 923,2 434,235 397,599 165,135,169,3 484,3 088,18 975 616,71 606 473,202,203,mistral_table,mistral_table,no
853,AUX. DA AGROPECUÁRIA E REFLORESTAMENTO,6,55,37,2 666,7 837,1,3,16,13,44 710,228 591,202,203,mistral_table,mistral_table,no
854,"AUX. COMÉRCIO, LOCAÇÃO DE BENS E SERVIÇOS",45,300,225,31 094,142 353,36,52,503,421,4 928 833,21 062 414,202,203,mistral_table,mistral_table,no
855,"AUX. FINANC., SEGUROS E CAPITALIZAÇÃO",3,5,2,471,10 772,3,4,10,5,48 312,884 840,202,203,mistral_table,mistral_table,no
856,AUXILIARES DOS TRANSPORTES,22,138,87,21 140,61 526,11,15,93,52,1 201 194,4 833 476,202,203,mistral_table,mistral_table,no
857,"AUX. CONSTRUÇÃO, OBRAS, GEODESIA, ETC",8,49,28,6 648,17 621,8,10,87,51,1 073 045,4 309 503,202,203,mistral_table,mistral_table,no
858,"AUX. DE LIMPEZA, HIGIENIZAÇÃO, ETC",12,455,418,19 809,45 499,10,11,770,744,4 384 762,11 025 299,202,203,mistral_table,mistral_table,no
859,AUX. PRESTADOS A EMPRESAS E PESSOAS,97,1 755,1 562,132 555,258 081,53,61,1 887,1 725,6 288 673,25 519 529,202,203,mistral_table,mistral_table,no
860,AUXILIARES DA SAÚDE,25,166,75,21 014,55 276,13,13,118,77,1 006 087,3 942 821,202,203,mistral_table,mistral_table,no
861,"COMPRA, VENDA, ADMINISTRAÇÃO BENS IMÓVEIS",28,384,194,51 106,689 956,25,26,140,85,852 196,3 285 234,202,203,mistral_table,mistral_table,no
862,COMPRA E VENDA DE BENS IMÓVEIS,20,102,39,14 805,68 329,15,15,53,24,396 319,2 134 956,202,203,mistral_table,mistral_table,no
863,"ADMINISTRAÇÃO, LOCAÇÃO, ETC",8,282,155,36 301,621 627,10,11,87,61,455 877,1 150 276,202,203,mistral_table,mistral_table,no
864,CAMPINA GRANDE,662,2 816,1 687,255 145,966 759,852,879,3 635,2 322,25 936 221,81 307 526,202,203,mistral_table,mistral_table,no
865,ALIMENTAÇÃO,160,617,315,35 323,161 585,234,235,869,456,3 867 112,16 388 573,202,203,mistral_table,mistral_table,no
866,"REPARAÇÃO, MANUTENÇÃO E INSTALAÇÃO",227,948,616,94 077,202 912,349,352,1 276,833,10 200 212,23 587 936,202,203,mistral_table,mistral_table,no
867,RADIODIFUSÃO E TELEVISÃO,6,151,87,10 426,43 190,6,6,211,183,1 166 370,8 674 350,202,203,mistral_table,mistral_table,no
868,DEMAIS GÉNEROS,269,1 100,669,115 319,559 072,263,286,1 279,850,10 702 527,32 656 667,202,203,mistral_table,mistral_table,no
869,AGUA BRANCA,4,10,1,484,1 648,2,2,(B),(A),(X),(A),202,203,mistral_table,mistral_table,no
870,AGUIAR,2,(A),(A),(X),(B),-,-,-,-,-,-,202,203,mistral_table,mistral_table,no
871,ALAGOA GRANDE,15,39,12,1 775,6 385,38,38,95,38,446 682,1 185 173,202,203,mistral_table,mistral_table,no
872,ALAGOA NOVA,6,13,3,862,1 945,6,6,22,8,101 040,351 800,202,203,mistral_table,mistral_table,no
873,ALAGOINHA,7,10,1,626,3 065,9,9,22,6,135 500,381 700,202,203,mistral_table,mistral_table,no
874,ALHANDRA,5,8,2,375,2 305,2,2,(B),(A),(X),(A),202,203,mistral_table,mistral_table,no
875,ANTENOR HAVARRO,27,107,43,4 626,22 501,31,31,85,33,265 250,813 700,202,203,mistral_table,mistral_table,no
876,ARACAGI,7,13,3,284,1 600,2,2,(A),(A),(X),(B),204,205,mistral_table,mistral_table,no
877,ARARA,10,23,-,966,1 706,17,17,43,17,270 100,962 000,204,205,mistral_table,mistral_table,no
878,ARARUNA,4,7,-,306,1 020,16,16,49,19,147 300,636 580,204,205,mistral_table,mistral_table,no
879,AREIA,23,72,35,4 562,13 073,30,30,84,39,587 269,1 996 498,204,205,mistral_table,mistral_table,no
880,AREIAL,4,10,-,77,1 340,4,4,12,2,62 160,248 000,204,205,mistral_table,mistral_table,no
881,AROEIRAS,8,22,12,873,2 450,3,3,9,2,23 500,149 950,204,205,mistral_table,mistral_table,no
882,BAIA DA TRAIÇÃO,2,(A),(A),(X),(A),2,2,(B),(A),(X),(C),204,205,mistral_table,mistral_table,no
883,BANANEIRAS,9,30,16,2 310,8 576,14,14,44,21,339 548,1 194 415,204,205,mistral_table,mistral_table,no
884,BARRA DE SANTA ROSA,6,13,-,262,866,7,7,19,7,20 725,123 600,204,205,mistral_table,mistral_table,no
885,BARRA DE SÃO MIGUEL,4,10,4,995,3 752,1,1,(A),(A),(X),(A),204,205,mistral_table,mistral_table,no
886,BAYEUX,50,262,172,17 997,90 350,63,69,324,237,2 245 488,7 968 157,204,205,mistral_table,mistral_table,no
887,BELEM,23,62,14,3 582,12 100,45,45,122,72,892 868,2 756 565,204,205,mistral_table,mistral_table,no
888,BELEM DO BREJO DO CRUZ,8,16,1,1 476,5 740,8,8,19,6,182 000,1 410 000,204,205,mistral_table,mistral_table,no
889,BOA VENTURA,-,-,-,-,-,4,4,7,3,24 360,280 880,204,205,mistral_table,mistral_table,no
890,BOM SUCESSO,4,7,3,264,2 566,4,4,11,5,59 200,179 850,204,205,mistral_table,mistral_table,no
891,BONITO DE SANTA FE,14,29,4,1 543,5 364,11,11,37,8,138 400,540 000,204,205,mistral_table,mistral_table,no
892,BOQUEIRÃO,14,38,6,1 925,11 103,9,10,22,8,111 724,535 000,204,205,mistral_table,mistral_table,no
893,BOQUEIRÃO DOS COCHOS,3,5,-,328,2 390,-,-,-,-,-,-,204,205,mistral_table,mistral_table,no
894,BORBOREMA,2,(A),(A),(X),(A),2,2,(B),(A),(X),(A),204,205,mistral_table,mistral_table,no
895,BREJO DO CRUZ,8,18,7,2 380,6 310,15,15,45,22,256 580,1 315 400,204,205,mistral_table,mistral_table,no
896,BREJO DOS SANTOS,2,(A),(A),(X),(A),1,1,(A),(A),(X),(A),204,205,mistral_table,mistral_table,no
897,CAAPORA,2,(B),(A),(X),(A),5,5,21,14,138 960,502 300,204,205,mistral_table,mistral_table,no
898,CABACEIRAS,3,7,2,420,1 327,7,7,14,2,103 630,364 000,204,205,mistral_table,mistral_table,no
899,CABEDELO,36,1 292,752,249 216,488 410,28,29,1 226,1 165,33 971 126,69 708 832,204,205,mistral_table,mistral_table,no
900,CACHOEIRA DOS INDIOS,3,4,-,117,804,2,2,(B),(A),(X),(A),204,205,mistral_table,mistral_table,no
901,CACIMBA DE AREIA,2,(A),(A),(X),(A),1,1,(A),(A),(X),(A),204,205,mistral_table,mistral_table,no
902,CACIMBA DE DENTRO,2,(B),(A),(X),(A),6,6,30,11,166 900,908 887,204,205,mistral_table,mistral_table,no
903,CAIÇARA,3,7,2,530,1 348,4,4,10,5,41 000,68 000,204,205,mistral_table,mistral_table,no
904,CAJAZEIRAS,109,543,373,37 766,109 487,140,145,696,505,3 480 776,10 787 658,204,205,mistral_table,mistral_table,no
905,CALDAS BRANDÃO,4,15,6,497,2 640,1,1,(A),(A),(X),(A),204,205,mistral_table,mistral_table,no
906,CAMALAU,4,9,4,468,740,6,6,21,7,33 800,192 800,204,205,mistral_table,mistral_table,no
907,CATINQUEIRA,4,9,1,411,1 648,2,2,(A),(A),(X),(A),204,205,mistral_table,mistral_table,no
908,CATOLE DO ROCHA,41,106,44,7 069,14 770,56,56,172,102,483 214,2 193 695,204,205,mistral_table,mistral_table,no
909,CONCEIÇÃO,32,67,27,4 179,29 213,37,38,112,57,927 100,3 142 400,204,205,mistral_table,mistral_table,no
910,CONDADO,7,21,3,1 334,5 092,3,3,4,-,35 600,98 400,204,205,mistral_table,mistral_table,no
911,CONDE,6,50,37,1 844,11 599,3,4,18,15,132 547,811 993,204,205,mistral_table,mistral_table,no
912,CONGO,1,(A),(A),(X),(A),3,3,8,4,15 000,67 000,204,205,mistral_table,mistral_table,no
913,COREMAS,13,52,37,8 350,18 399,28,28,73,37,497 000,2 134 420,204,205,mistral_table,mistral_table,no
914,CRUZ DO ESPIRITO SANTO,9,17,-,228,1 386,5,5,14,3,52 600,375 100,204,205,mistral_table,mistral_table,no
915,CUBATI,4,7,1,238,1 040,15,15,34,15,190 260,647 920,204,205,mistral_table,mistral_table,no
916,CUITE,15,44,22,2 061,4 309,32,33,93,45,485 011,1 749 325,204,205,mistral_table,mistral_table,no
917,CUITEGI,1,(A),(A),(X),(A),-,-,-,-,-,-,204,205,mistral_table,mistral_table,no
918,CURRAL VELHO,-,-,-,-,-,1,1,(A),(A),(X),(A),204,205,mistral_table,mistral_table,no
919,DESTERRO,8,18,6,483,2 680,24,24,63,36,110 780,723 260,204,205,mistral_table,mistral_table,no
920,DESTERRO DE MALTA,1,(A),(A),(X),(A),2,2,(B),(A),(X),(A),204,205,mistral_table,mistral_table,no
921,DIAMANTE,2,(A),(A),(X),(A),4,4,8,4,20 700,100 500,204,205,mistral_table,mistral_table,no
922,DONA INES,-,-,-,-,-,2,2,(A),(A),(X),(B),204,205,mistral_table,mistral_table,no
923,DUAS ESTRADAS,4,8,-,270,1 020,7,7,17,7,56 400,235 300,206,207,mistral_table,mistral_table,no
924,EMAS,1,(A),(A),(X),(A),2,2,(A),(A),(X),(A),206,207,mistral_table,mistral_table,no
925,ESPERANÇA,22,63,28,3 589,11 189,17,18,63,34,554 614,1 535 425,206,207,mistral_table,mistral_table,no
926,FAGUNDES,1,(A),(A),(X),(A),3,3,8,3,16 800,76 420,206,207,mistral_table,mistral_table,no
927,FREI MARTINHO,5,11,-,280,703,1,1,(A),(A),(X),(A),206,207,mistral_table,mistral_table,no
928,GUARABIRA,100,371,183,20 018,76 074,109,110,346,188,2 696 191,6 862 704,206,207,mistral_table,mistral_table,no
929,GURINHEM,4,7,-,132,1 042,9,9,21,7,86 368,645 550,206,207,mistral_table,mistral_table,no
930,GURJÃO,3,3,-,206,540,16,16,37,15,102 500,649 600,206,207,mistral_table,mistral_table,no
931,IBIARA,10,15,3,706,5 286,12,12,29,8,153 400,913 800,206,207,mistral_table,mistral_table,no
932,IMACULADA,3,8,3,557,1 532,1,1,(A),(A),(X),(A),206,207,mistral_table,mistral_table,no
933,INGA,8,25,1,470,2 454,5,5,20,7,82 500,411 000,206,207,mistral_table,mistral_table,no
934,ITABAIANA,51,147,51,6 953,20 111,36,36,101,44,410 480,1 507 003,206,207,mistral_table,mistral_table,no
935,ITAPORANGA,29,62,15,4 353,17 734,31,32,96,44,649 956,1 969 350,206,207,mistral_table,mistral_table,no
936,ITAPORROCA,5,14,6,171,635,1,1,(A),(A),(X),(A),206,207,mistral_table,mistral_table,no
937,ITATUBA,-,-,-,-,-,4,4,12,4,26 750,246 400,206,207,mistral_table,mistral_table,no
938,JACARAU,10,28,15,1 615,3 738,6,6,14,8,34 540,190 000,206,207,mistral_table,mistral_table,no
939,JERICO,7,11,-,167,1 649,2,2,(A),(A),(X),(A),206,207,mistral_table,mistral_table,no
940,JUÁREZ TÁVORA,5,14,1,718,1 434,8,8,28,8,61 400,206 100,206,207,mistral_table,mistral_table,no
941,JUAZEIRINHO,25,63,9,2 881,9 201,27,28,94,44,369 600,1 352 246,206,207,mistral_table,mistral_table,no
942,JUNCO DO SERIDO,11,23,4,406,2 201,3,3,6,1,22 800,142 045,206,207,mistral_table,mistral_table,no
943,JURIPIRANGA,4,11,7,798,1 380,21,21,49,27,53 600,855 685,206,207,mistral_table,mistral_table,no
944,JURU,1,(A),(A),(X),(A),3,3,10,3,15 920,68 400,206,207,mistral_table,mistral_table,no
945,LAGOA,1,(A),(A),(X),(A),-,-,-,-,-,-,206,207,mistral_table,mistral_table,no
946,LAGOA DE DENTRO,5,10,1,125,719,2,2,(B),(A),(X),(A),206,207,mistral_table,mistral_table,no
947,LAGOA SECA,1,(A),(A),(X),(A),8,8,40,11,229 371,770 795,206,207,mistral_table,mistral_table,no
948,LIVRAMENTO,3,5,-,58,350,5,5,13,5,58 700,298 000,206,207,mistral_table,mistral_table,no
949,LUCENA,1,(A),(A),(X),(A),3,3,9,5,41 800,133 400,206,207,mistral_table,mistral_table,no
950,MÃE D'AGUA,1,(A),(A),(X),(A),-,-,-,-,-,-,206,207,mistral_table,mistral_table,no
951,MALTA,6,8,-,366,2 280,4,4,7,3,51 500,244 200,206,207,mistral_table,mistral_table,no
952,MAMANGUAPE,45,145,81,11 720,33 826,85,86,213,119,1 616 215,7 037 072,206,207,mistral_table,mistral_table,no
953,MANAIRA,6,10,1,382,1 940,12,12,34,14,312 000,813 500,206,207,mistral_table,mistral_table,no
954,MARI,15,30,8,2 590,8 702,23,23,59,30,336 810,1 507 146,206,207,mistral_table,mistral_table,no
955,MASSARANDUBA,3,5,-,182,2 476,2,2,(B),(A),(X),(A),206,207,mistral_table,mistral_table,no
956,MATARACA,-,-,-,-,-,3,3,8,-,73 000,368 000,206,207,mistral_table,mistral_table,no
957,MOGEIRO,2,(B),(A),(X),(A),8,8,19,9,30 556,95 192,206,207,mistral_table,mistral_table,no
958,MONTADAS,-,-,-,-,-,3,3,6,3,13 480,81 788,206,207,mistral_table,mistral_table,no
959,MONTE HOREBE,4,9,3,486,1 891,2,2,(B),(A),(X),(A),206,207,mistral_table,mistral_table,no
960,MONTEIRO,55,160,80,15 537,42 708,93,94,283,145,1 442 747,6 464 682,206,207,mistral_table,mistral_table,no
961,MULUNGU,1,(A),(A),(X),(A),4,4,9,4,64 020,121 000,206,207,mistral_table,mistral_table,no
962,NATUBA,3,3,-,117,288,1,1,(A),(A),(X),(A),206,207,mistral_table,mistral_table,no
963,NAZAREZINHO,3,5,-,220,2 184,4,4,7,-,10 800,57 490,206,207,mistral_table,mistral_table,no
964,NOVA FLORESTA,7,16,1,1 094,4 345,14,14,40,19,185 920,384 000,206,207,mistral_table,mistral_table,no
965,NOVA OLINDA,-,-,-,-,-,1,1,(A),(A),(X),(A),206,207,mistral_table,mistral_table,no
966,NOVA PALMEIRA,4,9,-,167,715,3,3,7,2,34 000,142 500,206,207,mistral_table,mistral_table,no
967,OLHO D'AGUA,3,7,-,216,1 835,3,3,10,2,64 800,186 000,206,207,mistral_table,mistral_table,no
968,OLIVEDOS,1,(A),(A),(X),(A),-,-,-,-,-,-,206,207,mistral_table,mistral_table,no
969,OURO VELHO,4,6,1,208,629,4,4,9,4,49 500,185 000,206,207,mistral_table,mistral_table,no
970,PASSAGEM,2,(A),(A),(X),(A),-,-,-,-,-,-,208,209,mistral_table,mistral_table,no
971,PATOS,161,630,328,43 227,110 292,248,253,822,472,4 616 847,15 508 571,208,209,mistral_table,mistral_table,no
972,PAULISTA,3,4,-,144,769,5,5,21,4,129 100,530 000,208,209,mistral_table,mistral_table,no
973,PEDRA BRANCA,-,-,-,-,-,1,1,(A),(A),(X),(A),208,209,mistral_table,mistral_table,no
974,PEDRA LAVRADA,5,13,1,310,2 221,4,4,16,7,59 960,202 000,208,209,mistral_table,mistral_table,no
975,PEDRAS DE FOGO,9,23,12,918,3 216,23,23,86,42,228 460,1 292 827,208,209,mistral_table,mistral_table,no
976,PIANCO,22,61,12,2 262,8 241,25,25,70,28,433 799,1 843 023,208,209,mistral_table,mistral_table,no
977,PIQUI,28,82,16,6 576,14 175,31,31,86,37,538 976,1 572 582,208,209,mistral_table,mistral_table,no
978,PILAR,4,8,4,385,827,4,4,8,2,22 400,118 900,208,209,mistral_table,mistral_table,no
979,PILÕES,5,11,3,235,948,2,2,(B),(A),(X),(A),208,209,mistral_table,mistral_table,no
980,PIRPIRITUBA,10,34,12,4 990,12 322,12,12,37,24,235 720,771 400,208,209,mistral_table,mistral_table,no
981,PITIMBU,2,(B),(A),(X),(A),3,3,7,2,45 000,307 000,208,209,mistral_table,mistral_table,no
982,POCINHOS,9,31,9,1 243,5 499,22,22,74,34,279 150,890 555,208,209,mistral_table,mistral_table,no
983,POMBAL,43,140,66,7 805,26 429,54,56,179,102,1 154 896,3 317 207,208,209,mistral_table,mistral_table,no
984,PRATA,4,10,1,120,493,8,8,19,8,23 720,160 286,208,209,mistral_table,mistral_table,no
985,PRINCESA ISABEL,15,34,10,2 079,4 387,12,13,44,24,219 180,555 537,208,209,mistral_table,mistral_table,no
986,PUXINANA,7,20,-,1 152,5 230,4,4,9,5,72 700,131 000,208,209,mistral_table,mistral_table,no
987,QUEIMADAS,12,27,-,1 042,4 086,8,8,20,5,49 582,164 132,208,209,mistral_table,mistral_table,no
988,REMIGIO,17,47,14,3 891,8 841,16,16,37,14,213 781,405 815,208,209,mistral_table,mistral_table,no
989,RIACHO DOS CAVALOS,2,(A),(A),(X),(A),2,2,(A),(A),(X),(A),208,209,mistral_table,mistral_table,no
990,RIO TINTO,32,83,26,3 825,15 145,16,16,42,21,323 932,1 837 664,208,209,mistral_table,mistral_table,no
991,SALGADO DE SÃO FELIX,1,(A),(A),(X),(A),3,3,7,4,37 800,120 000,208,209,mistral_table,mistral_table,no
992,SANTA CRUZ,8,14,3,548,1 997,4,4,4,-,19 900,45 000,208,209,mistral_table,mistral_table,no
993,SANTA HELENA,7,8,-,260,3 544,1,1,(A),(A),(X),(A),208,209,mistral_table,mistral_table,no
994,SANTA LUZIA,29,78,32,4 029,21 869,28,28,86,47,454 490,1 817 022,208,209,mistral_table,mistral_table,no
995,SANTANA DE MANQUEIRA,6,13,4,504,2 335,-,-,-,-,-,-,208,209,mistral_table,mistral_table,no
996,SANTANA DOS GARROTES,6,7,-,338,2 254,1,1,(A),(A),(X),(A),208,209,mistral_table,mistral_table,no
997,SANTA RITA,47,175,102,9 851,37 145,93,95,301,158,1 866 303,4 869 556,208,209,mistral_table,mistral_table,no
998,SANTA TERESINHA,-,-,-,-,-,1,1,(A),(A),(X),(A),208,209,mistral_table,mistral_table,no
999,SÃO BENTO,8,17,7,777,3 781,12,12,39,22,207 357,1 316 278,208,209,mistral_table,mistral_table,no
1000,SÃO JOÃO DO CARIRI,4,8,-,280,1 200,15,15,29,6,300 280,820 643,208,209,mistral_table,mistral_table,no
1001,SÃO JOÃO DO TIGRE,-,-,-,-,-,6,6,15,6,92 000,290 000,208,209,mistral_table,mistral_table,no
1002,SÃO JOSE DA LAGOA TAPADA,6,13,4,772,3 412,16,16,44,16,160 540,537 232,208,209,mistral_table,mistral_table,no
1003,SÃO JOSE DE CAIANA,4,10,1,552,2 178,-,-,-,-,-,-,208,209,mistral_table,mistral_table,no
1004,SÃO JOSE DE PIRANHAS,11,22,1,1 240,4 936,7,7,14,4,61 000,145 128,208,209,mistral_table,mistral_table,no
1005,SÃO JOSE DO BONFIM,1,(A),(A),(X),(A),-,-,-,-,-,-,208,209,mistral_table,mistral_table,no
1006,SÃO JOSE DO SABUGI,4,8,-,151,611,1,1,(A),(A),(X),(A),208,209,mistral_table,mistral_table,no
1007,SÃO JOSE DOS CORDEIROS,7,26,10,604,2 223,7,7,22,7,150 000,1 082 000,208,209,mistral_table,mistral_table,no
1008,SÃO MAMEDE,7,19,8,568,2 652,36,36,97,47,241 446,1 156 717,208,209,mistral_table,mistral_table,no
1009,SÃO MIGUEL DE TAIPU,-,-,-,-,-,4,4,11,4,19 500,94 600,208,209,mistral_table,mistral_table,no
1010,SÃO SEBASTIÃO DE LAGOA DE ROÇA,-,-,-,-,-,4,4,11,6,38 700,103 800,208,209,mistral_table,mistral_table,no
1011,SÃO SEBASTIÃO DO UMBUZEIRO,2,(B),(A),(X),(A),2,2,(B),(A),(X),(A),208,209,mistral_table,mistral_table,no
1012,SAPE,53,157,55,7 736,30 431,35,36,123,71,1 145 760,4 091 060,208,209,mistral_table,mistral_table,no
1013,SERIDO,5,10,1,440,857,1,1,(B),(A),(X),(A),208,209,mistral_table,mistral_table,no
1014,SERRA BRANCA,17,42,9,2 065,6 867,22,22,54,29,620 528,1 639 980,208,209,mistral_table,mistral_table,no
1015,SERRA DA RAIZ,-,-,-,-,-,4,4,9,4,37 000,89 600,208,209,mistral_table,mistral_table,no
1016,SERRA GRANDE,2,(A),(A),(X),(A),-,-,-,-,-,-,208,209,mistral_table,mistral_table,no
1017,SERRA REDONDA,2,(A),(A),(X),(A),4,4,6,1,30 100,131 000,210,211,mistral_table,mistral_table,no
1018,SERRARIA,8,16,2,348,2 935,3,3,6,-,41 600,176 700,210,211,mistral_table,mistral_table,no
1019,SOLANEA,30,84,37,3 804,13 883,49,49,143,69,1 374 791,3 423 576,210,211,mistral_table,mistral_table,no
1020,SOLEDADE,23,63,22,2 371,10 914,19,20,64,25,356 940,1 344 660,210,211,mistral_table,mistral_table,no
1021,SOUSA,129,557,291,38 407,148 873,131,135,452,252,2 956 640,9 477 950,210,211,mistral_table,mistral_table,no
1022,SUME,29,110,74,13 678,25 360,39,40,101,50,383 220,1 244 518,210,211,mistral_table,mistral_table,no
1023,TACIMA,1,(A),(A),(X),(A),1,1,(A),(A),(A),(A),210,211,mistral_table,mistral_table,no
1024,TAPERGA,13,32,16,1 785,4 700,18,19,52,22,450 519,1 604 540,210,211,mistral_table,mistral_table,no
1025,TAVARES,12,30,9,1 287,4 565,8,8,25,10,127 400,584 200,210,211,mistral_table,mistral_table,no
1026,TEIXEIRA,8,20,3,1 124,5 597,13,13,34,17,141 840,627 000,210,211,mistral_table,mistral_table,no
1027,TRIUNFO,5,5,-,243,1 815,3,3,8,4,16 320,78 000,210,211,mistral_table,mistral_table,no
1028,UIRAUNA,33,66,13,3 260,11 783,12,12,33,10,164 600,928 600,210,211,mistral_table,mistral_table,no
1029,UMBUZEIRO,2,(B),(A),(X),(A),4,4,11,5,57 560,513 182,210,211,mistral_table,mistral_table,no
1030,VARZEA,7,9,2,291,1 092,6,6,12,6,31 660,129 800,210,211,mistral_table,mistral_table,no
1031,PERNAMBUCO,10 238,61 514,40 206,7 360 227,36 226 817,15 958,16 420,83 454,56 270,795 086 600,2 919 666 485,210,211,mistral_table,mistral_table,no
1032,ALOJAMENTO E ALIMENTAÇÃO,4 324,17 815,9 550,1 296 185,6 534 577,7 590,7 696,28 539,15 794,174 640 248,884 397 062,210,211,mistral_table,mistral_table,no
1033,ALOJAMENTO,416,2 719,2 378,325 099,1 339 299,394,416,5 026,4 089,34 939 141,162 916 127,210,211,mistral_table,mistral_table,no
1034,ALIMENTAÇÃO,3 908,14 096,7 172,971 090,5 195 278,7 196,7 280,23 513,11 705,139 701 107,721 480 935,210,211,mistral_table,mistral_table,no
1035,"REPARAÇÃO, MANUTENÇÃO E INSTALAÇÃO",2 773,11 084,6 848,1 084 719,2 893 512,4 666,4 709,15 283,9 313,138 911 678,368 967 402,210,211,mistral_table,mistral_table,no
1036,"REPARAÇÃO, MANUTENÇÃO E INSTALAÇÃO",2 773,11 084,6 848,1 084 719,2 893 512,4 666,4 709,15 283,9 313,138 911 678,368 967 402,210,211,mistral_table,mistral_table,no
1037,"PESSOAIS, DE HIGIENE E ESTÉTICA PESSOAL",769,2 530,1 470,195 772,529 223,1 252,1 287,3 821,2 180,26 496 492,74 640 935,210,211,mistral_table,mistral_table,no
1038,PESSOAIS,271,908,493,75 877,263 364,379,410,1 250,687,9 017 997,32 488 509,210,211,mistral_table,mistral_table,no
1039,HIGIENE E DE ESTÉTICA PESSOAL,498,1 622,977,115 895,265 859,873,877,2 571,1 493,17 478 495,42 152 426,210,211,mistral_table,mistral_table,no
1040,"RADIODIFUSÃO, TELEVISÃO E DIVERSÕES",233,1 941,1 204,231 861,1 482 477,259,296,2 314,1 606,29 785 835,180 784 764,210,211,mistral_table,mistral_table,no
1041,RADIODIFUSÃO E TELEVISÃO,33,1 061,724,174 905,1 116 817,32,42,1 383,1 001,23 765 817,146 301 398,210,211,mistral_table,mistral_table,no
1042,DIVERSÕES,200,880,480,56 556,363 690,227,254,931,605,6 020 018,34 483 368,210,211,mistral_table,mistral_table,no
1043,AUXILIARES DIVERSOS,934,26 138,19 955,4 217 199,23 257 810,2 018,2 257,32 620,26 840,415 215 406,1 349 001 408,210,211,mistral_table,mistral_table,no
1044,AUX. DA AGROPECUÁRIA E REFLORESTAMENTO,48,1 197,637,423 248,3 274 613,27,40,1 673,891,44 973 488,108 611 122,210,211,mistral_table,mistral_table,no
1045,"AUX. COMÉRCIO, LOCAÇÃO DE BENS E SERVIÇOS",472,3 021,1 897,502 368,2 773 994,433,502,3 541,2 531,57 676 971,318 045 582,210,211,mistral_table,mistral_table,no
1046,"AUX. FINANÇA, SEGUROS E CAPITALIZAÇÃO",49,241,155,38 375,194 330,26,38,258,188,4 191 575,32 544 427,210,211,mistral_table,mistral_table,no
1047,AUXILIARES DOS TRANSPORTES,149,2 819,2 112,551 397,10 227 453,67,128,2 610,2 294,50 229 698,231 993 587,210,211,mistral_table,mistral_table,no
1048,"AUX. CONSTRUÇÃO, OBRAS, GEOGESIA, ETC",84,1 44,982,390 600,1 012 517,57,106,2 257,1 899,39 563 823,130 404 125,210,211,mistral_table,mistral_table,no
1049,"AUX. DE LIMPEZA, HIGIENIZAÇÃO, ETC",64,3 169,2 961,199 097,459 636,53,59,4 964,4 811,19 836 026,41 509 878,210,211,mistral_table,mistral_table,no
1050,AUX. PRESTADOS A EMPRESAS E PESSOAS,834,13 169,10 923,2 015 942,4 902 714,1 047,1 108,16 156,12 512,189 562 491,451 045 394,210,211,mistral_table,mistral_table,no
1051,AUXILIARES DA SAÚDE,234,1 081,588,136 172,412 653,268,276,1 161,714,9 179 334,34 847 323,210,211,mistral_table,mistral_table,no
1052,"COMPRA, VENDA, ADMINISTRAÇÃO BENS IMÓVEIS",205,2 006,1 179,334 491,1 529 218,173,175,877,537,10 036 941,61 874 914,210,211,mistral_table,mistral_table,no
1053,COMPRA E VENDA DE BENS IMÓVEIS,143,1 419,782,245 869,1 190 764,82,84,340,199,3 847 778,12 198 019,210,211,mistral_table,mistral_table,no
1054,"ADMINISTRAÇÃO, LOCAÇÃO, ETC",62,587,397,88 622,368 454,91,91,537,338,6 189 163,49 676 895,210,211,mistral_table,mistral_table,no
1055,REGIÃO METROPOLITANA,5 799,46 393,32 379,6 274 614,31 839 083,6 638,7 005,55 274,41 331,600 322 067,2 140 755 377,210,211,mistral_table,mistral_table,no
1056,ALOJAMENTO E ALIMENTAÇÃO,2 188,11 105,6 840,928 540,4 345 585,2 735,2 814,14 353,9 209,98 160 625,475 611 343,210,211,mistral_table,mistral_table,no
1057,ALOJAMENTO,161,2 280,1 603,239 730,929 288,153,166,3 637,3 141,27 146 695,126 284 351,210,211,mistral_table,mistral_table,no
1058,ALIMENTAÇÃO,2 027,8 825,5 237,688 810,3 416 297,2 582,2 648,10 718,6 068,71 013 930,349 326 992,210,211,mistral_table,mistral_table,no
1059,"REPARAÇÃO, MANUTENÇÃO E INSTALAÇÃO",1 382,6 557,4 186,713 269,1 875 999,1 683,1 713,6 768,4 326,66 780 148,174 742 981,210,211,mistral_table,mistral_table,no
1060,"REPARAÇÃO, MANUTENÇÃO E INSTALAÇÃO",1 382,6 557,4 186,713 269,1 875 999,1 683,1 713,6 768,4 326,66 780 148,174 742 981,210,211,mistral_table,mistral_table,no
1061,"PESSOAIS, DE HIGIENE E ESTÉTICA PESSOAL",542,1 944,1 175,154 540,400 432,599,633,2 596,1 428,15 439 742,41 634 598,210,211,mistral_table,mistral_table,no
1062,PESSOAIS,179,692,414,59 067,202 072,157,187,718,459,4 929 081,17 659 999,210,211,mistral_table,mistral_table,no
1063,HIGIENE E DE ESTÉTICA PESSOAL,363,1 252,761,95 473,198 360,442,446,1 568,969,10 506 661,23 374 599,210,211,mistral_table,mistral_table,no
1064,"RADIODIFUSÃO, TELEVISÃO E DIVERSÕES",75,1 179,753,179 132,1 293 610,65,92,1 355,936,23 446 730,159 204 391,210,211,mistral_table,mistral_table,no
1065,RADIODIFUSÃO E TELEVISÃO,15,816,561,153 476,1 062 898,10,15,1 012,684,21 267 851,139 972 685,210,211,mistral_table,mistral_table,no
1066,DIVERSÕES,50,363,192,25 658,230 714,55,77,343,252,2 178 879,19 231 706,210,211,mistral_table,mistral_table,no
1067,AUXILIARES DIVERSOS,1 427,23 691,18 292,3 973 461,22 540 127,1 416,1 611,29 741,24 948,387 231 344,1 230 283 757,210,211,mistral_table,mistral_table,no
1068,AUX. DA AGROPECUÁRIA E REFLORESTAMENTO,28,1 090,563,414 776,3 290 518,9,9,1 149,525,38 695 542,57 806 718,210,211,mistral_table,mistral_table,no
1069,"AUX. COMÉRCIO, LOCAÇÃO DE BENS E SERVIÇOS",451,2 817,1 740,477 629,2 621 705,412,475,3 261,2 322,53 021 196,300 291 942,210,211,mistral_table,mistral_table,no
1070,"AUX. FINANÇA, SEGUROS E CAPITALIZAÇÃO",45,232,152,37 490,190 881,23,35,243,176,4 029 645,31 788 903,210,211,mistral_table,mistral_table,no
1071,AUXILIARES DOS TRANSPORTES,106,2 665,1 983,535 636,10 178 657,48,86,2 451,2 158,48 557 917,227 247 726,210,211,mistral_table,mistral_table,no
1072,"AUX. CONSTRUÇÃO, OBRAS, GEOGESIA, ETC",68,1 392,962,345 867,999 724,75,84,2 194,1 866,38 853 749,128 880 900,210,211,mistral_table,mistral_table,no
1073,"AUX. DE LIMPEZA, HIGIENIZAÇÃO, ETC",53,2 994,2 807,190 276,441 898,42,48,4 803,4 669,19 034 164,40 013 395,210,211,mistral_table,mistral_table,no
1074,AUX. PRESTADOS A EMPRESAS E PESSOAS,535,11 743,9 660,871 375,4 576 336,673,730,14 883,12 754,178 901 533,420 855 633,210,211,mistral_table,mistral_table,no
1075,AUXILIARES DA SAÚDE,141,758,425,100 412,300 608,137,144,757,498,6 137 598,23 418 540,210,211,mistral_table,mistral_table,no
1076,"COMPRA, VENDA, ADMINISTRAÇÃO BENS IMÓVEIS",185,1 917,1 133,325 672,1 383 330,140,142,771,484,9 267 476,59 278 307,210,211,mistral_table,mistral_table,no
1077,COMPRA E VENDA DE BENS IMÓVEIS,130,1 364,762,240 195,1 022 084,61,63,284,174,3 355 507,10 810 445,210,211,mistral_table,mistral_table,no
1078,"ADMINISTRAÇÃO, LOCAÇÃO, ETC",55,553,371,85 477,361 236,79,79,467,310,5 907 971,48 467 892,210,211,mistral_table,mistral_table,no
1079,RECIFE,4 447,40 708,29 053,5 698 914,25 184 998,4 698,5 022,45 666,34 941,518 630 500,1 748 948 716,210,211,mistral_table,mistral_table,no
1080,ALOJAMENTO E ALIMENTAÇÃO,1 468,6 286,5 442,674 755,3 174 043,1 698,", 753",10 066,750,66 436 116,32 1 527 505,212,213,mistral_table,pdf_text_layout,no
1081,ALOJAMENTO,129,1 954,1 420,210 466,846 976,110,120,767,451,20 144 108,86 722 607,212,213,mistral_table,pdf_text_layout,no
1082,ALIMENTAÇÃO,339,6 332,4 022,464 289,2 327 067,1 588,1 633,7 27S,299,46 292 008,234 804 898,212,213,mistral_table,pdf_text_layout,no
1083,"REPARAÇÃO, MANUTENÇÃO E INSTALAÇÃO",1 021,5 327,3 463,592 637,1 568 130,U7,", 7~",952,186,49 148 143,134 204 796,212,213,mistral_table,pdf_text_layout,no
1084,"REPARAÇÃO, MANUTENÇÃO E INSTALAÇÃO",1 021,5 327,3 463,592 637,1 568 130,147,173,952,186,49 148 143,134 204 796,212,213,mistral_table,pdf_text_layout,no
1085,"PESSOAIS, DE HIGIENE E ESTÉTICA PESSOAL",425,1 645,1 022,127 618,338 474,,,,,,,212,213,mistral_table,pdf_text_layout_partial,yes
1086,PESSOAIS,143,607,378,51 844,171 814,116,1U,606,403,• 218 7;7,",.. 905 183",212,213,mistral_table,pdf_text_layout,no
1087,HIGIENE E DE ESTÉTICA PESSOAL,282,1 038,644,76 074,166 680,306 312,",",", 91",763,7 422 603,17 728 017,212,213,mistral_table,pdf_text_layout,no
1088,"RADIODIFUSÃO, TELEVISÃO E DIVERSÕES",48,863,493,128 092,501 380,45,68,952,670,14 890 480,39 559 775,212,213,mistral_table,pdf_text_layout,no
1089,RADIODIFUSÃO E TELEVISÃO,11,583,342,109 528,290 450,9,12,664,449,13 037 038,21 564 757,212,213,mistral_table,pdf_text_layout,no
1090,DIVERSÕES,37,280,151,18 564,210 330,36,56,266,221,1 853 442,17 995 018,212,213,mistral_table,pdf_text_layout,no
1091,AUXILIARES DIVERSOS,314,22 732,17 526,3 862 279,22 281 560,,,,,,,212,213,mistral_table,pdf_text_layout_partial,yes
1092,AUX. DA AGROPECUÁRIA E REFLORESTAMENTO,27,1 089,562,414 701,3 230 140,,,,,,,212,213,mistral_table,pdf_text_layout_partial,yes
1093,"AUX. COMÉRCIO, LOCAÇÃO DE BENS E SERVIÇOS",445,2 793,1 730,473 855,2 608 798,396 457,3 033,2 1 39,51 595,846 286,170 010,212,213,mistral_table,pdf_text_layout,no
1094,"AUX. FINANCIA, SEGUROS E CAPITALIZAÇÃO",45,232,152,37 490,190 861,,,,,,,212,213,mistral_table,pdf_text_layout_partial,yes
1095,AUXILIARES DOS TRANSPORTES,101,2 633,1 854,531 287,10 187 479,,,,,,,212,213,mistral_table,pdf_text_layout_partial,yes
1096,"AUX. CONSTRUÇÃO, OBRAS, GEDOSIAS, ETC",64,1 365,948,340 908,990 893,,,,,,,212,213,mistral_table,pdf_text_layout_partial,yes
1097,"AUX. DE LIMPEZA, HIGIENIZAÇÃO, ETC",51,2 617,2 440,168 556,400 327,,,,,,,212,213,mistral_table,pdf_text_layout_partial,yes
1098,AUX. PRESTADOS A EMPRESAS E PESSOAS,465,11 324,9 355,1 802 366,4 426 336,575,631,13 345,11 361 166,984 679,392 532 154,212,213,mistral_table,pdf_text_layout,no
1099,AUXILIARES DA SAÚDE,116,675,385,93 116,278 706,,,,,,,212,213,mistral_table,pdf_text_layout_partial,yes
1100,"COMPRA, VENDA, ADMINISTRAÇÃO BENS IMÓVEIS",171,1 855,1 107,313 233,1 321 411,122,123,705 450,384 043,57,570 529,212,213,mistral_table,mistral_table,no
1101,COMPRA E VENDA DE BENS IMÓVEIS,117,1 307,740,228 806,972 309,49,5~,233,145,2 756 439,9 610 703,212,213,mistral_table,pdf_text_layout,no
1102,"ADMINISTRAÇÃO, LOCAÇÃO, ETC",54,548,367,84 427,349 102,73,73,472,305,5 627 604,47 959 826,212,213,mistral_table,pdf_text_layout,no
1103,CABO,148,552,308,47 167,162 758,,,,,,,212,213,mistral_table,pdf_text_layout_partial,yes
1104,ALIMENTAÇÃO,77,277,135,24 729,116 483,185,188,598,315,5 010 410,20 145 420,212,213,mistral_table,pdf_text_layout,no
1105,"REPARAÇÃO, MANUTENÇÃO E INSTALAÇÃO",42,187,131,13 012,25 481,94,94,276,159,3 051 405,7 063 638,212,213,mistral_table,pdf_text_layout,no
1106,AUXILIARES DOS TRANSPORTES,1,(B),(B),(X),(B),1,2,CCI,(8),CX},<El,212,213,mistral_table,pdf_text_layout,no
1107,DEMAIS GÉNEROS,28,(E),(D),(X),(D),55,55,(F},!El,(X},<El,212,213,mistral_table,pdf_text_layout,no
1108,CAMARAGIBE,-,-,-,-,-,as,86,296,152,2 003 576,7 120 086,212,213,mistral_table,pdf_text_layout,no
1109,ALOJAMENTO,-,-,-,-,-,3,3,35,28,228 617,864 026,212,213,mistral_table,mistral_table,no
1110,ALIMENTAÇÃO,-,-,-,-,-,36,37,120,41,578 369,942 395,212,213,mistral_table,pdf_text_layout,no
1111,"REPARAÇÃO, MANUTENÇÃO E INSTALAÇÃO",-,-,-,-,-,,,,,,,212,213,mistral_table,missing,yes
1112,DEMAIS GÉNEROS,-,-,-,-,-,,,,,,,212,213,mistral_table,missing,yes
1113,CARUARU,455,1 756,1 021,88 585,514 584,,,,,,,212,213,mistral_table,pdf_text_layout_partial,yes
1114,ALOJAMENTO,17,164,108,11 722,62 715,,,,,,,212,213,mistral_table,missing,yes
1115,ALIMENTAÇÃO,125,424,180,10 999,114 826,255 255,816 387,4,799 010,25,688 561,212,213,mistral_table,pdf_text_layout,no
1116,"REPARAÇÃO, MANUTENÇÃO E INSTALAÇÃO",151,537,342,28 455,112 821,393 398,1 188 702,",,",178 180,28,005 011,212,213,mistral_table,pdf_text_layout,no
1117,DEMAIS GÉNEROS,162,831,391,39 409,224 222,,,,,,,212,213,mistral_table,missing,yes
1118,JABOATÃO,377,1 391,762,149 054,465 442,607,620 276,1 354,18 722 619,68,669 717,212,213,mistral_table,pdf_text_layout,no
1119,ALIMENTAÇÃO,160,614,309,68 068,278 448,,,,,,,212,213,mistral_table,missing,yes
1120,"REPARAÇÃO, MANUTENÇÃO E INSTALAÇÃO",122,378,209,41 853,88 829,187,187,613 376,6 124 157,12,772 527,212,213,mistral_table,pdf_text_layout,no
1121,"AUX. COMÉRCIO, LOCAÇÃO DE BENS E SERVIÇOS",95,399,244,39 133,98 165,6,6,174 152,728 762,9,630 363,212,213,mistral_table,mistral_table,no
1122,DEMAIS GÉNEROS,95,399,244,39 133,98 165,141,145,595 387,s 365 026,18,176 903,212,213,mistral_table,pdf_text_layout,no
1123,OLINDA,382,2 141,1 430,201 494,1 287 058,421,441,4 415,3 473,39 658 918,232 415 219,212,213,mistral_table,pdf_text_layout,no
1124,ALOJAMENTO,5,142,58,15 715,40 888,14,17,640,531,5 749 273,35 400 575,212,213,mistral_table,pdf_text_layout,no
1125,ALIMENTAÇÃO,199,711,367,57 628,248 714,186,191,782,433,5 733 553,26 357 909,212,213,mistral_table,pdf_text_layout,no
1126,RADIODIFUSÃO E TELEVISÃO,3,224,211,43 784,770 059,1,3,348,235,8 230 813,118 407 928,212,213,mistral_table,pdf_text_layout,no
1127,DEMAIS GÉNEROS,175,1 064,794,84 367,239 397,220 230,2. 64S,r,z 274,19 945 279,52 248 807,212,213,mistral_table,pdf_text_layout,no
1128,PAULISTA,192,739,376,70 607,379 624,214,219,799,464,6 248 985,27 701 532,212,213,mistral_table,pdf_text_layout,no
1129,ALOJAMENTO,6,34,21,1 731,12 720,2,2,CD!,!Ol,CXl,CC},212,213,mistral_table,pdf_text_layout,no
1130,ALIMENTAÇÃO,119,480,227,39 237,256 650,130,134,512,292,3 531 066,21 567 9•3,212,213,mistral_table,pdf_text_layout,no
1131,"REPARAÇÃO, MANUTENÇÃO E INSTALAÇÃO",32,112,67,15 546,38 588,40,40,143,94,1 267 731,2 837 985,212,213,mistral_table,pdf_text_layout,no
1132,DEMAIS GÉNEROS,35,113,61,14 093,71 666,42,43,·(F},(E),(X l,<E>,212,213,mistral_table,pdf_text_layout,no
1133,PETROLINA,259,1 334,839,122 544,521 440,353,369,1 674,1 054,14 134 679,54 086 059,212,213,mistral_table,pdf_text_layout,no
1134,ALIMENTAÇÃO,104,369,154,22 381,115 278,153,156,525,235,2 810 263,13 883 037,212,213,mistral_table,pdf_text_layout,no
1135,"REPARAÇÃO, MANUTENÇÃO E INSTALAÇÃO",85,397,279,42 090,126 337,119,122,450,306,3 389 576,9 264 093,212,213,mistral_table,pdf_text_layout,no
1136,"AUX. COMÉRCIO, LOCAÇÃO DE BENS E SERVIÇOS",6,100,78,15 413,118 611,8,12,232 183,4 269 128,16 292,! 67,212,213,mistral_table,pdf_text_layout,no
1137,DEMAIS GÉNEROS,64,468,328,42 690,161 214,73,79,467,330,3 665 712,14 646 762,212,213,mistral_table,pdf_text_layout,no
1138,VITORIA DE SANTO ANTÃO,196,756,444,55 791,170 123,411,414,1 209,692,8 716 108,24 784 578,212,213,mistral_table,pdf_text_layout,no
1139,ALIMENTAÇÃO,46,172,81,6 466,42 775,154,154,432,224,2 011 861,9 052 816,212,213,mistral_table,pdf_text_layout,no
1140,"REPARAÇÃO, MANUTENÇÃO E INSTALAÇÃO",101,431,275,35 515,93 342,183,183,541,336,5 147 853,11 726 196,212,213,mistral_table,pdf_text_layout,no
1141,AUX. PRESTADOS A EMPRESAS E PESSOAS,20,58,27,4 703,10 663,20,20,57,30,417 724,915 328,212,213,mistral_table,mistral_table,no
1142,DEMAIS GÉNEROS,29,95,80,7 007,23 342,54,57,179,102,1 138 670,3 090 238,212,213,mistral_table,pdf_text_layout,no
1143,ABREU E LIMA,-,-,-,-,-,77,78,268,127,2 052 896,5 774 710,212,213,mistral_table,pdf_text_layout,no
1144,AFOGADOS DA INGAZEIRA,49,182,104,11 774,33 440,70,71,246,125,1 109 993,4 799 561,212,213,mistral_table,pdf_text_layout,no
1145,AFRANIO,7,18,5,952,4 764,22,22,55,23,680 soo,334 005,212,213,mistral_table,pdf_text_layout,no
1146,AGRESTINA,10,33,6,340,5 250,25,25,72,31,236 414,2 182 560,212,213,mistral_table,pdf_text_layout,no
1147,AGUA PRETA,25,57,23,2 485,9 590,72,72,198,103,1 391 215,19 993 616,212,213,mistral_table,pdf_text_layout,no
1148,AGUAS BELAS,29,70,21,5 788,15 411,52,53 142,65,711 367,2,710 189,212,213,mistral_table,mistral_table,no
1149,ALAGOINHA,4,9,3,463,3 010,11,11,30,14,247 300,823 200,212,213,mistral_table,mistral_table,no
1150,ALIANÇA,31,108,46,10 842,40 056,34,34,88,42,874 494,3 748 628,212,213,mistral_table,pdf_text_layout,no
1151,ALTINHO,18,44,18,651,10 688,43,43 111,47,490 616,2,389 205,212,213,mistral_table,mistral_table,no
1152,AMARAJI,21,47,17,2 667,12 375,9,9,22,5,113 712,656 743,214,215,mistral_table,mistral_table,no
1153,ANGELIM,5,16,7,733,2 537,5,5,11,2,39 100,151 775,214,215,mistral_table,mistral_table,no
1154,ARARIFINA,79,204,95,10 636,40 725,139,140,418,228,2 055 636,13 742 760,214,215,mistral_table,mistral_table,no
1155,ARCOVERDE,143,498,296,36 707,116 651,226,231,721,399,5 079 811,15 244 392,214,215,mistral_table,mistral_table,no
1156,BARRA DE GUABIRABA,3,6,2,89,405,40,40,84,44,530 900,1 799 700,214,215,mistral_table,mistral_table,no
1157,BARREIROS,50,161,94,14 264,61 729,84,85,240,134,1 659 453,8 372 632,214,215,mistral_table,mistral_table,no
1158,BELEM DE MARIA,4,11,2,294,1 570,45,45,112,99,288 100,1 285 000,214,215,mistral_table,mistral_table,no
1159,BELEM DE SÃO FRANCISCO,25,57,22,4 329,19 659,109,110,295,145,893 996,5 244 148,214,215,mistral_table,mistral_table,no
1160,BELO JARDIM,47,142,64,10 890,33 962,104,105,349,195,2 410 514,9 124 993,214,215,mistral_table,mistral_table,no
1161,BETANIA,3,5,1,196,664,10,10,19,1,80 700,284 400,214,215,mistral_table,mistral_table,no
1162,BEZERROS,73,234,119,16 066,58 196,158,159,446,245,3 875 024,14 373 364,214,215,mistral_table,mistral_table,no
1163,BODOCO,28,79,37,4 740,15 338,22,22,60,29,510 400,2 038 800,214,215,mistral_table,mistral_table,no
1164,BOM CONSELHO,30,91,45,10 703,34 390,41,41,131,71,756 772,2 701 952,214,215,mistral_table,mistral_table,no
1165,BOM JARDIM,11,24,11,1 441,7 187,44,44,111,56,496 660,2 135 700,214,215,mistral_table,mistral_table,no
1166,BONITO,26,56,18,1 248,15 169,101,102,240,124,1 426 077,6 165 746,214,215,mistral_table,mistral_table,no
1167,BREJÃO,-,-,-,-,-,2,2,(9),(4),(X),(4),214,215,mistral_table,mistral_table,no
1168,BREJINHO,10,24,2,435,3 700,29,29,67,28,220 488,526 500,214,215,mistral_table,mistral_table,no
1169,BREJO DA MADRE DE DEUS,17,72,38,3 515,30 097,96,96,290,155,1 719 830,6 295 609,214,215,mistral_table,mistral_table,no
1170,BUENOS AIRES,2,(A),(A),(X),(A),8,8,16,7,165 100,326 000,214,215,mistral_table,mistral_table,no
1171,BUIQUE,8,22,4,1 402,5 487,50,50,109,47,538 210,2 169 060,214,215,mistral_table,mistral_table,no
1172,CABROBO,35,108,51,6 797,37 486,32,32,113,55,520 145,3 068 092,214,215,mistral_table,mistral_table,no
1173,CACHOEIRINHA,18,52,19,3 169,18 834,53,53,153,80,548 120,3 336 549,214,215,mistral_table,mistral_table,no
1174,CAETES,3,8,2,537,1 279,12,12,26,12,128 000,589 400,214,215,mistral_table,mistral_table,no
1175,CALCADO,1,(A),(A),(X),(A),5,5,11,5,53 000,176 155,214,215,mistral_table,mistral_table,no
1176,CALUMBI,3,9,2,545,1 297,4,4,9,5,32 400,124 696,214,215,mistral_table,mistral_table,no
1177,CAMOCIM DE SÃO FELIX,10,34,14,766,5 462,24,24,69,41,291 900,1 903 000,214,215,mistral_table,mistral_table,no
1178,CAMUTANGA,1,(A),(A),(X),(A),18,18,48,21,341 780,1 697 100,214,215,mistral_table,mistral_table,no
1179,CANHOTINHO,9,24,4,1 940,10 018,22,22,52,22,394 200,1 474 174,214,215,mistral_table,mistral_table,no
1180,CAPOEIRAS,8,23,8,1 561,4 176,15,15,40,18,146 440,463 500,214,215,mistral_table,mistral_table,no
1181,CARNAIBA,10,23,9,698,2 734,4,4,8,2,99 600,323 400,214,215,mistral_table,mistral_table,no
1182,CARPINA,103,334,162,34 828,97 717,167,167,565,330,4 660 300,16 230 225,214,215,mistral_table,mistral_table,no
1183,CATENDE,52,140,54,9 729,34 244,70,70,195,106,1 121 883,4 448 885,214,215,mistral_table,mistral_table,no
1184,CEDRO,7,16,3,571,2 710,28,28,66,29,273 620,2 056 080,214,215,mistral_table,mistral_table,no
1185,CHÃ DE ALEGRIA,-,-,-,-,-,6,6,15,9,124 420,742 120,214,215,mistral_table,mistral_table,no
1186,CHÃ GRANDE,11,31,9,1 623,5 120,30,30,77,39,755 400,1 769 200,214,215,mistral_table,mistral_table,no
1187,CONDADO,22,68,34,3 688,28 529,111,111,265,135,2 035 837,10 213 556,214,215,mistral_table,mistral_table,no
1188,CORRENTES,7,17,2,1 207,7 553,18,18,69,23,179 494,1 302 913,214,215,mistral_table,mistral_table,no
1189,CORTES,10,18,7,2 279,11 879,72,72,153,75,856 688,4 576 174,214,215,mistral_table,mistral_table,no
1190,CUMARU,1,(A),(A),(X),(A),8,8,17,9,167 300,1 252 000,214,215,mistral_table,mistral_table,no
1191,CUPIRA,16,52,16,7 214,26 388,56,56,155,84,1 112 196,2 807 410,214,215,mistral_table,mistral_table,no
1192,CUSTODIA,40,175,119,14 420,37 605,82,84,222,108,1 148 405,3 291 727,214,215,mistral_table,mistral_table,no
1193,ESCADA,75,237,120,16 058,60 915,124,125,341,151,2 906 078,9 531 759,214,215,mistral_table,mistral_table,no
1194,EXU,29,71,27,3 523,13 336,43,43,123,58,792 289,2 725 860,214,215,mistral_table,mistral_table,no
1195,FEIRA NOVA,17,43,20,3 570,14 274,57,57,133,68,1 191 578,3 891 948,214,215,mistral_table,mistral_table,no
1196,FERREIROS,7,28,17,1 732,4 364,27,27,84,47,648 140,3 120 660,214,215,mistral_table,mistral_table,no
1197,FLORES,29,60,18,3 602,15 218,42,42,100,39,452 392,2 384 734,214,215,mistral_table,mistral_table,no
1198,FLORESTA,32,100,60,5 858,37 000,100,101,262,127,1 084 956,5 372 952,214,215,mistral_table,mistral_table,no
1199,FREI MIGUELINHO,-,-,-,-,-,3,3,10,4,20 500,264 000,216,217,mistral_table,mistral_table,no
1200,GAMELEIRA,7,20,6,1 260,4 592,58,58,124,63,644 200,3 757 682,216,217,mistral_table,mistral_table,no
1201,GARANHUNS,225,919,466,87 854,312 689,369,377,1 340,783,9 884 618,38 041 089,216,217,mistral_table,mistral_table,no
1202,GLORIA DO GOITA,9,19,7,1 382,7 500,26,26,68,31,264 420,1 241 950,216,217,mistral_table,mistral_table,no
1203,GOIANA,116,455,230,25 791,217 892,310,314,924,514,8 928 412,38 986 381,216,217,mistral_table,mistral_table,no
1204,GRANITO,-,-,-,-,-,2,2,(B),(A),(X),(A),216,217,mistral_table,mistral_table,no
1205,GRAVATA,67,249,141,15 454,55 335,187,188,518,282,3 352 318,11 714 027,216,217,mistral_table,mistral_table,no
1206,IATI,3,11,7,1 347,5 028,10,10,24,6,85 560,516 120,216,217,mistral_table,mistral_table,no
1207,IBIMIRIM,21,85,50,10 618,24 667,22,22,65,26,190 190,1 247 516,216,217,mistral_table,mistral_table,no
1208,IBIRAJUBA,1,(A),(A),(X),(A),1,1,(A),(A),(X),(A),216,217,mistral_table,mistral_table,no
1209,IGARASSU,64,295,185,51 556,142 836,143,144,429,244,3 281 689,12 056 097,216,217,mistral_table,mistral_table,no
1210,IGUARACI,8,25,5,456,4 492,17,17,42,18,376 840,1 327 300,216,217,mistral_table,mistral_table,no
1211,INAJA,11,24,6,1 211,3 922,18,19,51,15,303 162,1 347 114,216,217,mistral_table,mistral_table,no
1212,INGAZEIRA,1,(A),(A),(X),(A),-,-,-,-,-,-,216,217,mistral_table,mistral_table,no
1213,IPOJUCA,55,142,61,14 258,52 092,42,42,140,69,860 339,7 072 717,216,217,mistral_table,mistral_table,no
1214,IPUBI,10,20,7,1 231,5 804,29,29,76,40,297 080,1 387 980,216,217,mistral_table,mistral_table,no
1215,ITACURUBA,3,7,4,268,1 056,8,8,17,7,54 120,500 780,216,217,mistral_table,mistral_table,no
1216,ITAÍBA,25,53,9,2 885,15 747,15,15,42,20,449 460,1 239 200,216,217,mistral_table,mistral_table,no
1217,ITAMARACA,19,71,29,3 221,24 973,73,73,272,132,1 682 564,6 301 281,216,217,mistral_table,mistral_table,no
1218,ITAMBE,35,112,51,6 357,29 785,122,122,292,155,3 639 177,18 447 433,216,217,mistral_table,mistral_table,no
1219,ITAPETIM,14,39,11,1 348,6 000,46,46,108,53,628 120,2 208 200,216,217,mistral_table,mistral_table,no
1220,ITAPISSUMA,-,-,-,-,-,18,19,69,25,1 064 274,5 862 751,216,217,mistral_table,mistral_table,no
1221,ITAGUITINGA,10,23,11,1 001,8 771,29,29,66,32,559 620,3 290 413,216,217,mistral_table,mistral_table,no
1222,JATAUBA,10,33,13,136,4 198,37,37,84,37,491 720,2 016 140,216,217,mistral_table,mistral_table,no
1223,JOÃO ALFREDO,22,52,18,4 498,22 562,16,16,36,8,392 960,3 021 766,216,217,mistral_table,mistral_table,no
1224,JOAQUIM NABUCO,8,20,9,1 376,5 357,43,43,99,43,580 347,5 627 649,216,217,mistral_table,mistral_table,no
1225,JUPI,6,14,6,509,3 054,8,8,25,13,210 400,854 000,216,217,mistral_table,mistral_table,no
1226,JUREMA,4,6,-,230,1 133,5,5,10,3,44 200,270 686,216,217,mistral_table,mistral_table,no
1227,LAGOA DO ITAENGA,4,9,4,640,1 704,4,4,10,6,120 000,345 200,216,217,mistral_table,mistral_table,no
1228,LAGOA DO OURO,5,15,-,820,7 773,9,9,14,2,68 900,384 540,216,217,mistral_table,mistral_table,no
1229,LAGOA DOS GATOS,4,6,2,331,1 207,10,10,23,12,130 750,508 800,216,217,mistral_table,mistral_table,no
1230,LAJEDO,31,81,32,7 178,30 192,56,56,165,85,1 147 700,5 023 319,216,217,mistral_table,mistral_table,no
1231,LIMOEIRO,78,285,150,25 218,69 026,165,167,454,251,3 332 086,9 636 901,216,217,mistral_table,mistral_table,no
1232,MACAPARANA,8,20,8,2 038,5 481,36,36,94,45,838 160,3 300 400,216,217,mistral_table,mistral_table,no
1233,MACHADOS,1,(A),(A),(X),(A),4,4,11,5,73 400,380 400,216,217,mistral_table,mistral_table,no
1234,MARAIAL,11,23,7,3 021,8 178,24,24,50,24,357 000,1 452 100,216,217,mistral_table,mistral_table,no
1235,MIRANDIBA,11,22,6,867,3 975,23,23,61,18,213 224,1 209 978,216,217,mistral_table,mistral_table,no
1236,MORENO,40,106,39,12 016,33 336,90,90,232,104,1 260 741,5 698 398,216,217,mistral_table,mistral_table,no
1237,NAZARE DA MATA,23,48,9,4 639,16 928,49,49,128,53,878 300,4 389 631,216,217,mistral_table,mistral_table,no
1238,OROBO,4,8,2,876,2 570,22,22,65,35,721 320,2 884 140,216,217,mistral_table,mistral_table,no
1239,OROCO,9,21,10,1 195,4 683,10,10,39,15,96 010,447 500,216,217,mistral_table,mistral_table,no
1240,OURICURI,65,178,82,10 178,33 679,108,110,389,182,1 865 823,11 242 021,216,217,mistral_table,mistral_table,no
1241,PALMARES,162,592,331,46 476,147 720,288,289,825,457,6 274 992,23 511 122,216,217,mistral_table,mistral_table,no
1242,PALMEIRINA,4,10,3,610,2 919,3,3,7,2,18 200,163 550,216,217,mistral_table,mistral_table,no
1243,PANELAS,14,70,47,3 376,14 327,21,21,78,38,436 910,1 477 144,216,217,mistral_table,mistral_table,no
1244,PARNAMIRIM,7,168,149,23 171,94 380,25,25,79,26,235 338,1 293 658,216,217,mistral_table,mistral_table,no
1245,PASSIRA,6,19,8,738,1 509,11,11,32,15,254 200,860 000,216,217,mistral_table,mistral_table,no
1246,PAUDALHO,20,84,54,7 649,41 718,43,44,128,59,854 402,4 584 453,218,219,mistral_table,mistral_table,no
1247,PEDRA,6,15,8,917,3 340,8,8,23,13,91 797,337 602,218,219,mistral_table,mistral_table,no
1248,PESQUEIRA,73,229,126,17 350,51 287,110,112,337,188,2 175 930,7 560 453,218,219,mistral_table,mistral_table,no
1249,PETROLANDIA,38,150,55,5 064,36 790,108,108,320,174,2 336 864,8 184 807,218,219,mistral_table,mistral_table,no
1250,POÇÃO,5,7,2,503,2 281,7,7,16,7,120 100,556 600,218,219,mistral_table,mistral_table,no
1251,POMBOS,7,22,7,1 271,5 961,17,17,49,26,309 781,1 455 965,218,219,mistral_table,mistral_table,no
1252,PRIMAVERA,9,18,5,606,3 052,5,5,15,4,133 100,453 500,218,219,mistral_table,mistral_table,no
1253,QUIPAPA,12,32,13,2 120,3 865,47,47,117,57,519 830,1 474 440,218,219,mistral_table,mistral_table,no
1254,RIACHO DAS ALMAS,10,41,22,160,4 024,24,24,68,30,196 660,1 209 200,218,219,mistral_table,mistral_table,no
1255,RIBEIRÃO,57,153,67,10 634,63 245,145,146,369,182,2 107 045,9 496 309,218,219,mistral_table,mistral_table,no
1256,RIO FORMOSO,22,57,14,3 800,28 769,21,21,56,23,300 980,1 152 234,218,219,mistral_table,mistral_table,no
1257,SAIRE,1,(A),(A),(X),(A),12,12,29,12,216 040,809 500,218,219,mistral_table,mistral_table,no
1258,SALGADINHO,1,(B),(A),(X),(A),4,4,15,9,112 805,605 375,218,219,mistral_table,mistral_table,no
1259,SALGUEIRO,91,345,209,27 070,104 150,138,142,499,302,2 818 515,14 746 988,218,219,mistral_table,mistral_table,no
1260,SALOA,6,16,9,895,2 517,11,11,36,19,215 000,872 000,218,219,mistral_table,mistral_table,no
1261,SANHARO,8,18,8,1 363,4 803,23,23,67,28,439 704,1 529 590,218,219,mistral_table,mistral_table,no
1262,SANTA CRUZ DO CAPIBARIBE,44,118,46,3 076,35 140,151,151,419,234,3 206 047,11 852 138,218,219,mistral_table,mistral_table,no
1263,SANTA MARIA DA BOA VISTA,35,101,43,6 935,27 467,68,69,207,81,963 392,3 814 918,218,219,mistral_table,mistral_table,no
1264,SANTA MARIA DO CAMBUCA,4,10,3,808,2 468,3,3,10,4,28 600,296 500,218,219,mistral_table,mistral_table,no
1265,SANTA TEREZINHA,3,3,1,106,1 080,87,87,269,100,783 470,3 629 000,218,219,mistral_table,mistral_table,no
1266,SÃO BENEDITO DO SUL,6,10,4,535,1 519,22,22,46,23,72 400,580 207,218,219,mistral_table,mistral_table,no
1267,SÃO BENTO DO UNA,18,47,19,4 922,10 974,44,45,119,67,899 801,3 551 555,218,219,mistral_table,mistral_table,no
1268,SÃO CAITANO,16,52,27,1 131,13 804,77,77,187,95,1 078 022,4 023 152,218,219,mistral_table,mistral_table,no
1269,SÃO JOÃO,5,10,2,928,5 644,9,9,21,5,56 050,242 900,218,219,mistral_table,mistral_table,no
1270,SÃO JOAQUIM DO MONTE,4,11,-,111,782,14,14,24,10,226 000,657 000,218,219,mistral_table,mistral_table,no
1271,SÃO JOSE DA COROA GRANDE,14,67,30,3 247,21 884,17,17,115,49,532 871,3 564 672,218,219,mistral_table,mistral_table,no
1272,SÃO JOSE DO BELMONTE,24,51,14,4 286,21 945,24,24,63,28,395 090,2 117 717,218,219,mistral_table,mistral_table,no
1273,SÃO JOSE DO EGITO,22,64,28,2 983,12 174,184,186,462,227,2 113 391,6 072 697,218,219,mistral_table,mistral_table,no
1274,SÃO LOURENÇO DA MATA,130,390,197,40 585,148 058,57,57,141,55,1 063 189,4 041 843,218,219,mistral_table,mistral_table,no
1275,SÃO VICENTE FERRER,9,17,5,1 014,4 964,12,12,28,10,218 120,1 104 200,218,219,mistral_table,mistral_table,no
1276,SERRA TALHADA,112,409,219,31 985,86 975,154,156,561,313,4 302 882,14 521 511,218,219,mistral_table,mistral_table,no
1277,SERITTA,9,17,5,340,4 836,12,12,34,18,151 360,627 720,218,219,mistral_table,mistral_table,no
1278,SERTANIA,28,68,28,4 413,17 321,63,64,165,71,845 772,2 247 061,218,219,mistral_table,mistral_table,no
1279,SIRINHAEM,14,42,21,4 603,27 832,18,18,53,24,491 384,2 499 578,218,219,mistral_table,mistral_table,no
1280,SITIO DOS MOREIRAS,6,14,?,246,905,12,12,31,10,318 080,1 105 403,218,219,mistral_table,mistral_table,no
1281,SOLIDÃO,-,-,-,-,-,,,,,,,218,219,mistral_table,pdf_text_layout_partial,yes
1282,SURUBIM,63,206,94,14 138,41 478,103,103,320,160,2 303 728,8 124 071,218,219,mistral_table,mistral_table,no
1283,TABIRA,37,129,56,6 345,15 857,84,84,245,143,1 789 570,6 293 786,218,219,mistral_table,mistral_table,no
1284,TACAIMBO,4,9,4,908,3 290,18,18,47,22,225 792,1 567 055,218,219,mistral_table,mistral_table,no
1285,TACARATU,8,13,4,272,3 647,12,12,25,12,112 874,428 360,218,219,mistral_table,mistral_table,no
1286,TAQUARITINGA DO NORTE,13,60,34,5 009,18 980,19,21,95,65,837 047,3 399 378,218,219,mistral_table,mistral_table,no
1287,TEREZINHA,-,-,-,-,-,3,3,8,4,34 200,229 500,218,219,mistral_table,mistral_table,no
1288,TERRA NOVA,3,4,1,140,1 024,10,10,25,8,88 500,669 100,218,219,mistral_table,mistral_table,no
1289,TIMBAUBA,111,398,239,29 367,84 373,145,146,483,268,4 802 691,18 509 396,218,219,mistral_table,mistral_table,no
1290,TORITAMA,5,17,?,252,3 084,9,9,20,8,236 000,647 800,218,219,mistral_table,mistral_table,no
1291,TRACUNHAEM,3,7,-,361,2 507,7,7,15,7,103 400,819 400,218,219,mistral_table,mistral_table,no
1292,TRINDADE,21,59,32,2 204,10 184,84,84,226,111,743 025,3 472 092,218,219,mistral_table,mistral_table,no
1293,TRIUNFO,20,55,26,1 104,8 244,25,25,56,17,272 117,1 034 013,220,221,mistral_table,mistral_table,no
1294,TUPANATINGA,2,(B),(A),(X),(A),16,16,36,20,251 730,1 159 697,220,221,mistral_table,mistral_table,no
1295,TUPARETAMA,2,(A),(A),(X),(A),19,19,62,26,180 210,998 527,220,221,mistral_table,mistral_table,no
1296,VENTUROS,11,20,6,820,3 965,10,10,31,13,335 000,1 138 700,220,221,mistral_table,mistral_table,no
1297,VERDEJANTE,8,11,2,277,1 662,14,14,35,14,122 500,814 580,220,221,mistral_table,mistral_table,no
1298,VERTENTES,11,24,10,2 154,6 678,25,25,61,31,271 900,1 211 600,220,221,mistral_table,mistral_table,no
1299,VICENCIA,26,82,48,8 213,16 413,27,28,81,47,535 750,1 334 849,220,221,mistral_table,mistral_table,no
1300,ALAGOAS,2 412,13 870,5 270,1 086 166,11 227 535,3 807,3 888,18 578,11 995,162 862 629,547 389 722,220,221,mistral_table,mistral_table,no
1301,ALOJAMENTO E ALIMENTAÇÃO,1 075,4 187,2 118,239 451,1 251 900,1 922,1 936,7 575,4 408,45 610 249,218 604 242,220,221,mistral_table,mistral_table,no
1302,ALOJAMENTO,121,1 100,727,64 163,362 369,147,156,1 790,1 312,13 429 595,62 081 521,220,221,mistral_table,mistral_table,no
1303,ALIMENTAÇÃO,954,3 067,1 391,155 298,889 531,1 775,1 782,5 785,3 096,32 180 654,156 422 731,220,221,mistral_table,mistral_table,no
1304,"REPARAÇÃO, MANUTENÇÃO E INSTALAÇÃO",671,2 672,1 690,232 617,606 828,1 133,1 140,3 786,2 324,31 323 164,83 437 782,220,221,mistral_table,mistral_table,no
1305,"REPARAÇÃO, MANUTENÇÃO E INSTALAÇÃO",671,2 672,1 690,232 617,606 828,1 133,1 140,3 786,2 324,31 323 164,83 437 782,220,221,mistral_table,mistral_table,no
1306,"PESSOAIS, DE HIGIENE E ESTÉTICA PESSOAL",167,529,317,49 503,106 422,207,211,626,373,4 846 414,13 135 661,220,221,mistral_table,mistral_table,no
1307,PESSOAIS,42,123,57,8 792,25 928,82,62,171,90,1 206 588,4 740 277,220,221,mistral_table,mistral_table,no
1308,HIGIENE E DE ESTÉTICA PESSOAL,125,406,260,40 711,80 494,145,149,455,283,3 439 626,8 395 384,220,221,mistral_table,mistral_table,no
1309,"RADIODIFUSÃO, TELEVISÃO E DIVERSÕES",89,784,478,83 243,299 819,95,104,686,549,5 165 447,32 768 924,220,221,mistral_table,mistral_table,no
1310,RADIODIFUSÃO E TELEVISÃO,12,414,249,56 013,195 325,9,11,402,384,3 754 578,24 885 838,220,221,mistral_table,mistral_table,no
1311,DIVERSÕES,77,370,229,27 230,104 494,86,93,284,165,1 410 869,7 863 086,220,221,mistral_table,mistral_table,no
1312,AUXILIARES DIVERSOS,375,5 334,4 413,399 734,8 711 479,417,462,5 677,4 192,74 341 838,189 471 584,220,221,mistral_table,mistral_table,no
1313,AUX. DA AGROPECUÁRIA E REFLORESTAMENTO,17,627,598,31 001,53 733,3,9,802,95,31 866 986,50 041 525,220,221,mistral_table,mistral_table,no
1314,"AUX. COMÉRCIO, LOCAÇÃO DE BENS E SERVIÇOS",54,322,204,36 988,239 605,32,46,318,242,5 036 477,27 688 740,220,221,mistral_table,mistral_table,no
1315,"AUX. FINANC., SEGUROS E CAPITALIZAÇÃO",15,15,8,676,13 867,,,,,,,220,221,mistral_table,missing,yes
1316,AUXILIARES DOS TRANSPORTES,33,363,227,70 822,7 640 430,29,35,415,363,5 077 571,20 979 032,220,221,mistral_table,mistral_table,no
1317,"AUX. CONSTRUÇÃO, OBRAS, GEODÉSIA, ETC",16,330,284,41 554,156 890,13,17,288,260,3 019 053,11 228 865,220,221,mistral_table,mistral_table,no
1318,"AUX. DE LIMPEZA, HIGIENIZAÇÃO, ETC",23,1 686,1 596,59 130,216 275,15,15,IF l,(F),(X),(F),220,221,mistral_table,pdf_text_layout,no
1319,AUX. PRESTADOS A EMPRESAS E PESSOAS,194,1 776,1 400,130 563,306 701,266,280,3 275,2 789,24 006 982,66 239 255,220,221,mistral_table,mistral_table,no
1320,AUXILIARES DA SAÚDE,31,215,135,27 000,80 948,58,58,302,209,2 389 145,6 919 015,220,221,mistral_table,mistral_table,no
1321,"COMPRA, VENDA, ADMINISTRAÇÃO BENS IMOVEIS",35,364,254,64 608,249 087,33,33,228,149,1 775 517,10 071 529,220,221,mistral_table,mistral_table,no
1322,COMPRA E VENDA DE BENS IMOVEIS,26,160,79,20 791,149 347,23,23,137,64,1 158 489,6 640 586,220,221,mistral_table,mistral_table,no
1323,"ADMINISTRAÇÃO, LOCAÇÃO, ETC",9,204,175,43 817,99 740,10,10,91,65,617 028,3 430 941,220,221,mistral_table,mistral_table,no
1324,MACEIO,1 085,9 531,7 175,768 749,10 234 391,1 672,1 729,11 674,8 158,115 325 867,366 127 046,220,221,mistral_table,mistral_table,no
1325,ALOJAMENTO E ALIMENTAÇÃO,386,2 180,1 419,143 209,730 907,731,739,3 907,2 601,24 949 167,109 552 915,220,221,mistral_table,mistral_table,no
1326,ALOJAMENTO,50,734,522,64 944,265 590,80,87,1 490,1 152,11 765 121,55 054 706,220,221,mistral_table,mistral_table,no
1327,ALIMENTAÇÃO,336,1 446,897,78 265,465 317,651,652,2 417,1 449,13 184 046,54 498 209,220,221,mistral_table,mistral_table,no
1328,"REPARAÇÃO, MANUTENÇÃO E INSTALAÇÃO",287,1 359,919,125 427,360 844,459,473,1 663,1 023,13 039 984,39 245 244,220,221,mistral_table,mistral_table,no
1329,"REPARAÇÃO, MANUTENÇÃO E INSTALAÇÃO",287,1 359,919,125 427,360 844,469,473,1 663,1 023,13 039 984,39 245 244,220,221,mistral_table,mistral_table,no
1330,"PESSOAIS, DE HIGIENE E ESTÉTICA PESSOAL",76,269,169,23 495,57 999,134,138,461,292,3 388 373,9 221 384,220,221,mistral_table,mistral_table,no
1331,PESSOAIS,18,67,35,4 495,13 322,23,23,95,60,672 694,2 579 207,220,221,mistral_table,mistral_table,no
1332,HIGIENE E DE ESTÉTICA PESSOAL,58,202,134,19 000,44 677,111,115,368,232,2 715 679,6 642 177,220,221,mistral_table,mistral_table,no
1333,"RADIODIFUSÃO, TELEVISÃO E DIVERSÕES",31,514,338,64 666,244 580,25,31,386,345,3 784 303,27 576 571,220,221,mistral_table,mistral_table,no
1334,RADIODIFUSÃO E TELEVISÃO,7,327,199,46 804,175 894,4,5,316,301,3 272 313,22 866 136,220,221,mistral_table,mistral_table,no
1335,DIVERSÕES,24,187,139,17 862,68 686,21,26,70,44,511 990,4 710 435,220,221,mistral_table,mistral_table,no
1336,AUXILIARES DIVERSOS,275,4 866,4 087,349 144,8 598 522,285,320,5 043,3 753,68 459 386,170 703 215,220,221,mistral_table,mistral_table,no
1337,AUX. DA AGROPECUÁRIA E REFLORESTAMENTO,4,591,540,27 954,39 219,3,6,799,92,31 849 427,49 872 843,220,221,mistral_table,mistral_table,no
1338,"AUX. COMÉRCIO, LOCAÇÃO DE BENS E SERVIÇOS",54,322,204,36 988,239 605,31,43,306,232,4 924 860,25 875 422,220,221,mistral_table,mistral_table,no
1339,"AUX. FINANC., SEGUROS E CAPITALIZAÇÃO",7,15,6,2 676,13 867,1,2,IA),IA),IX),(8),220,221,mistral_table,pdf_text_layout,no
1340,AUXILIARES DOS TRANSPORTES,28,346,217,70 073,7 638 139,27,31,377,326,5 636 957,19 835 669,220,221,mistral_table,mistral_table,no
1341,"AUX. CONSTRUÇÃO, OBRAS, GEODÉSIA, ETC",14,290,245,26 243,137 212,12,13,275,250,2 798 296,8 510 940,220,221,mistral_table,mistral_table,no
1342,"AUX. DE LIMPEZA, HIGIENIZAÇÃO, ETC",20,1 671,1 586,58 264,214 631,12,12,236,202,1 661 305,5 549 868,220,221,mistral_table,mistral_table,no
1343,AUX. PRESTADOS A EMPRESAS E PESSOAS,127,1 464,1 181,94 768,251 482,163,175,2 832,2 486,19 933 740,55 849 429,220,221,mistral_table,mistral_table,no
1344,AUXILIARES DA SAÚDE,21,167,105,22 178,64 337,38,3S,(F),(F),(X),(E),220,221,mistral_table,pdf_text_layout,no
1345,"COMPRA, VENDA, ADMINISTRAÇÃO BENS IMOVEIS",30,343,243,62 808,241 539,28,29,214,144,1 704 654,9 827 717,220,221,mistral_table,mistral_table,no
1346,COMPRA E VENDA DE BENS IMOVEIS,21,139,68,18 991,141 799,18,18,123,79,1 067 626,6 396 776,220,221,mistral_table,mistral_table,no
1347,"ADMINISTRAÇÃO, LOCAÇÃO, ETC",9,204,175,43 817,99 740,10,10,91,65,617 028,3 430 941,220,221,mistral_table,mistral_table,no
1348,ARAPÍRACA,245,899,542,83 995,214 610,387,395,1 389,828,8 541 805,22 569 797,220,221,mistral_table,mistral_table,no
1349,ALIMENTAÇÃO,72,214,94,15 986,69 112,125,125,409,197,1 818 439,6 737 394,220,221,mistral_table,mistral_table,no
1350,"REPARAÇÃO, MANUTENÇÃO E INSTALAÇÃO",96,350,223,26 386,54 798,173,175,601,380,4 355 462,8 930 247,220,221,mistral_table,mistral_table,no
1351,AUX. PRESTADOS A EMPRESAS E PESSOAS,19,81,54,8 694,16 662,37,38,132,83,1 149 219,2 197 419,220,221,mistral_table,mistral_table,no
1352,DEMAIS GÉNEROS,58,254,171,30 929,74 038,52,57,247,168,1 218 685,4 704 737,220,221,mistral_table,mistral_table,no
1353,AGUA BRANCA,23,59,17,2 564,9 528,19,19,70,31,409 232,1 295 061,220,221,mistral_table,mistral_table,no
1354,ANADIA,13,34,18,2 571,5 712,22,22,75,41,431 450,1 784 123,220,221,mistral_table,mistral_table,no
1355,ATALAÍA,23,93,45,5 544,17 322,109,111,363,200,2 894 378,9 447 667,220,221,mistral_table,mistral_table,no
1356,BARRA DE SANTO ANTONIO,10,38,15,1 695,8 392,16,16,47,24,283 755,1 629 000,220,221,mistral_table,mistral_table,no
1357,BARRA DE SÃO MIGUEL,1,(A),(A),(X),(A),9,9,40,24,270 097,997 500,220,221,mistral_table,mistral_table,no
1358,BATALHA,16,54,22,2 248,9 787,17,17,51,30,844 656,1 660 514,222,223,mistral_table,mistral_table,no
1359,BELEM,2,(A),(A),(X),(A),-,-,-,-,-,-,222,223,mistral_table,mistral_table,no
1360,BELO MONTE,-,-,-,-,-,1,1,(A),(A),(X),(A),222,223,mistral_table,mistral_table,no
1361,BOCA DA MATA,10,27,8,1 021,9 604,19,19,44,21,290 963,758 476,222,223,mistral_table,mistral_table,no
1362,BRANGUINHA,2,(A),(A),(X),(A),-,-,-,-,-,-,222,223,mistral_table,mistral_table,no
1363,CACIMBINHAS,5,17,2,738,3 112,9,9,20,9,304 800,640 000,222,223,mistral_table,mistral_table,no
1364,CAJUEIRO,14,63,41,4 450,8 726,10,10,40,18,106 020,816 203,222,223,mistral_table,mistral_table,no
1365,CAMPO ALEGRE,26,85,41,10 664,26 422,18,18,48,27,732 700,4 129 200,222,223,mistral_table,mistral_table,no
1366,CAMPO GRANDE,1,(A),(A),(X),(A),7,7,15,6,135 700,721 896,222,223,mistral_table,mistral_table,no
1367,CANAPI,14,51,22,910,3 590,5,5,14,6,81 764,471 397,222,223,mistral_table,mistral_table,no
1368,CAPELA,15,43,17,3 011,7 671,47,47,125,67,752 532,3 288 164,222,223,mistral_table,mistral_table,no
1369,CARNEIROS,-,-,-,-,-,1,1,(B),(A),(X),(A),222,223,mistral_table,mistral_table,no
1370,CHÁ PRETA,1,(A),(A),(X),(A),-,-,-,-,-,-,222,223,mistral_table,mistral_table,no
1371,COLONIA LEOPOLDINA,15,52,12,1 256,4 889,16,16,53,28,289 980,797 002,222,223,mistral_table,mistral_table,no
1372,COQUEIRO SECO,-,-,-,-,-,2,2,(A),(A),(X),(A),222,223,mistral_table,mistral_table,no
1373,CORURIFE,26,80,25,2 295,14 082,43,43,134,71,1 066 420,4 222 557,222,223,mistral_table,mistral_table,no
1374,CRAIBAS,-,-,-,-,-,6,6,18,11,206 000,636 000,222,223,mistral_table,mistral_table,no
1375,DELMIRO GOUVEIA,40,98,35,7 136,21 055,115,119,311,161,1 622 758,4 709 109,222,223,mistral_table,mistral_table,no
1376,DOIS RIACHOS,6,13,2,668,3 371,-,-,-,-,-,-,222,223,mistral_table,mistral_table,no
1377,FEIRA GRANDE,1,(A),(A),(X),(A),6,6,17,6,108 100,629 717,222,223,mistral_table,mistral_table,no
1378,FELIZ DESERTO,2,(A),(A),(X),(A),-,-,-,-,-,-,222,223,mistral_table,mistral_table,no
1379,FLEXEIRAS,4,7,1,634,2 427,-,-,-,-,-,-,222,223,mistral_table,mistral_table,no
1380,GIRAU DO PONCIANO,3,10,4,620,3 141,14,14,39,17,246 940,1 600 525,222,223,mistral_table,mistral_table,no
1381,IBATEGUARA,10,36,21,3 875,7 110,3,3,21,15,327 600,767 100,222,223,mistral_table,mistral_table,no
1382,IGACI,5,13,4,395,2 650,7,7,16,9,127 064,137 500,222,223,mistral_table,mistral_table,no
1383,IGREJA NOVA,2,(A),(A),(X),(A),1,1,(B),(A),(X),(A),222,223,mistral_table,mistral_table,no
1384,INHAPI,5,12,-,193,1 870,1,1,(A),(A),(X),(A),222,223,mistral_table,mistral_table,no
1385,JACARE DOS HOMENS,2,(A),(A),(X),(A),1,1,(B),(B),(X),(A),222,223,mistral_table,mistral_table,no
1386,JACUIPE,1,(A),(A),(X),(A),1,1,(A),(A),(X),(A),222,223,mistral_table,mistral_table,no
1387,JAPARATINGA,2,(B),(A),(X),(A),4,4,12,7,35 600,488 300,222,223,mistral_table,mistral_table,no
1388,JOAQUIM GOMES,10,27,13,2 835,14 784,7,7,19,11,149 800,569 973,222,223,mistral_table,mistral_table,no
1389,JUNDIA,4,9,3,360,1 713,3,3,8,5,34 200,255 000,222,223,mistral_table,mistral_table,no
1390,JUNQUEIRO,5,16,8,933,4 537,32,32,100,56,729 899,2 374 380,222,223,mistral_table,mistral_table,no
1391,LAGOA DA CANDA,-,-,-,-,-,20,20,52,26,588 029,1 244 200,222,223,mistral_table,mistral_table,no
1392,LIMOEIRO DE AMADIA,-,-,-,-,-,2,2,(A),(A),(X),(A),222,223,mistral_table,mistral_table,no
1393,MAJOR ISIDORO,19,44,19,3 180,12 148,34,34,96,55,1 070 393,3 154 604,222,223,mistral_table,mistral_table,no
1394,MARAGOGI,6,15,6,580,4 149,26,26,71,34,464 160,3 339 150,222,223,mistral_table,mistral_table,no
1395,MARAVILHA,2,(B),(A),(X),(A),-,-,-,-,-,-,222,223,mistral_table,mistral_table,no
1396,MARECHAL DEODORO,12,48,14,459,3 571,94,94,242,138,1 158 173,19 675 580,222,223,mistral_table,mistral_table,no
1397,MARIBONDO,14,49,26,2 234,9 107,81,81,247,129,1 973 713,12 002 013,222,223,mistral_table,mistral_table,no
1398,MATA GRANDE,21,35,8,947,7 130,4,4,11,6,111 384,297 053,222,223,mistral_table,mistral_table,no
1399,MATRIZ DE CAMARAGIBE,15,39,9,1 382,3 905,28,28,58,29,405 600,1 101 500,222,223,mistral_table,mistral_table,no
1400,MESSIAS,5,28,18,1 538,5 474,2,2,(A),(A),(X),(A),222,223,mistral_table,mistral_table,no
1401,MINADOR DO NEGRÃO,2,(A),(A),(X),(B),3,3,9,4,35 400,153 000,222,223,mistral_table,mistral_table,no
1402,MURICI,30,57,12,4 450,14 089,31,31,79,38,341 480,1 719 030,222,223,mistral_table,mistral_table,no
1403,NOVO LINO,7,43,22,2 143,9 601,4,4,16,7,44 600,125 871,222,223,mistral_table,mistral_table,no
1404,OLHO D'AQUA DAS FLORES,21,53,17,1 878,10 150,26,26,70,42,411 764,851 890,222,223,mistral_table,mistral_table,no
1405,OLIVENÇA,1,(A),(A),(A),(A),5,5,11,5,30 640,313 000,224,225,mistral_table,mistral_table,no
1406,OURO BRANCO,3,7,4,358,1 175,2,2,(B),(A),(X),(A),224,225,mistral_table,mistral_table,no
1407,PALMEIRA DOS ÍNDIOS,94,381,247,39 757,98 224,174,174,548,333,5 378 692,13 302 837,224,225,mistral_table,mistral_table,no
1408,PÃO DE AÇÚCAR,18,57,29,2 874,7 967,18,18,52,17,159 744,1 186 382,224,225,mistral_table,mistral_table,no
1409,PASSO DE CAMARAGIBE,8,16,8,472,2 096,14,14,32,16,131 700,613 000,224,225,mistral_table,mistral_table,no
1410,PAULO JACINTO,1,(A),(A),(A),(A),1,1,(B),(A),(X),(A),224,225,mistral_table,mistral_table,no
1411,PENEDO,54,185,94,11 735,60 545,55,56,242,167,1 607 739,5 477 020,224,225,mistral_table,mistral_table,no
1412,PIAÇABUÇU,15,28,3,492,4 995,17,17,62,24,211 280,920 384,224,225,mistral_table,mistral_table,no
1413,PILAR,39,114,57,4 705,25 315,84,84,251,150,1 704 640,6 478 910,224,225,mistral_table,mistral_table,no
1414,PINDOBA,1,(A),(A),(A),(A),-,-,-,-,-,-,224,225,mistral_table,mistral_table,no
1415,PIRANHAS,-,-,-,-,-,2,2,(A),(A),(X),(A),224,225,mistral_table,mistral_table,no
1416,POÇO DAS TRINCHEIRAS,-,-,-,-,-,1,1,(A),(A),(X),(A),224,225,mistral_table,mistral_table,no
1417,PORTO CALVO,13,36,10,1 639,9 175,37,38,98,43,548 141,1 592 524,224,225,mistral_table,mistral_table,no
1418,PORTO DE PEDRAS,1,(C),(B),(A),(A),7,7,27,12,78 200,990 600,224,225,mistral_table,mistral_table,no
1419,PORTO REAL DO COLEGIO,3,7,4,1 014,3 592,4,4,14,6,56 000,364 600,224,225,mistral_table,mistral_table,no
1420,QUEBRANQUIL,4,8,2,908,1 986,15,15,42,21,282 180,1 044 600,224,225,mistral_table,mistral_table,no
1421,RIO LARGO,75,268,98,14 394,80 380,25,30,161,121,1 774 907,5 897 128,224,225,mistral_table,mistral_table,no
1422,SANTA LUZIA DO NORTE,1,(A),(A),(A),(A),3,3,9,2,33 300,135 260,224,225,mistral_table,mistral_table,no
1423,SANTANA DO IPANEMA,49,192,105,15 801,33 261,46,46,148,86,1 207 693,2 652 962,224,225,mistral_table,mistral_table,no
1424,SANTANA DO MUNDAU,8,25,10,1 158,3 840,17,17,40,21,220 100,708 500,224,225,mistral_table,mistral_table,no
1425,SÃO BRAS,-,-,-,-,-,2,2,(B),(A),(X),(B),224,225,mistral_table,mistral_table,no
1426,SÃO JOSE DA LAJE,15,47,20,2 777,9 405,20,20,69,35,179 115,2 307 900,224,225,mistral_table,mistral_table,no
1427,SÃO JOSE DA TAPERA,11,33,13,913,4 318,13,13,39,17,252 500,898 300,224,225,mistral_table,mistral_table,no
1428,SÃO LUIS DO QUITUNDE,27,67,17,2 877,13 532,22,22,51,22,294 600,1 642 000,224,225,mistral_table,mistral_table,no
1429,SÃO MIGUEL DOS CAMPOS,84,295,157,19 713,78 677,73,76,251,142,1 933 520,8 841 108,224,225,mistral_table,mistral_table,no
1430,SÃO MIGUEL DOS MILAGRES,-,-,-,-,-,2,2,(A),(A),(X),(A),224,225,mistral_table,mistral_table,no
1431,SÃO SEBASTIÃO,1,(A),(A),(A),(A),19,19,61,23,352 268,1 540 770,224,225,mistral_table,mistral_table,no
1432,SATUBA,1,(A),(A),(A),(B),18,18,148,109,1 143 652,3 714 862,224,225,mistral_table,mistral_table,no
1433,SENADOR RUI PALMEIRA,-,-,-,-,-,6,6,27,15,46 720,332 500,224,225,mistral_table,mistral_table,no
1434,TANQUE D'ARCA,-,-,-,-,-,9,9,26,9,147 140,617 440,224,225,mistral_table,mistral_table,no
1435,TAQUARANA,1,(A),(A),(A),(A),13,13,38,19,89 800,354 200,224,225,mistral_table,mistral_table,no
1436,TRAIPU,5,11,5,429,3 340,7,7,22,8,72 900,499 710,224,225,mistral_table,mistral_table,no
1437,UNIÃO DOS PALMARES,53,163,80,11 696,28 289,65,65,235,107,1 340 613,4 461 130,224,225,mistral_table,mistral_table,no
1438,VIÇOSA,23,77,42,3 920,21 172,26,26,91,43,235 294,1 398 766,224,225,mistral_table,mistral_table,no
1439,SERGIPE,1 804,9 491,5 761,855 845,3 653 690,2 673,2 765,12 652,7 951,97 714 351,391 386 501,224,225,mistral_table,mistral_table,no
1440,ALOJAMENTO E ALIMENTAÇÃO,794,3 117,1 593,170 123,934 241,1 401,1 417,5 204,2 828,26 798 365,132 887 215,224,225,mistral_table,mistral_table,no
1441,ALOJAMENTO,76,908,635,60 545,313 845,78,83,877,896,5 365 442,27 528 365,224,225,mistral_table,mistral_table,no
1442,ALIMENTAÇÃO,718,2 209,958,109 578,620 396,1 323,1 334,4 327,2 132,21 432 923,105 358 850,224,225,mistral_table,mistral_table,no
1443,"REPARAÇÃO, MANUTENÇÃO E INSTALAÇÃO",466,1 779,1 150,144 449,425 244,783,798,2 528,1 565,18 180 726,55 386 674,224,225,mistral_table,mistral_table,no
1444,"REPARAÇÃO, MANUTENÇÃO E INSTALAÇÃO",466,1 779,1 150,144 449,425 244,783,798,2 528,1 565,18 180 726,55 386 674,224,225,mistral_table,mistral_table,no
1445,"PESSOAIS, DE HIGIENE E ESTÉTICA PESSOAL",102,315,194,25 233,60 353,129,131,354,190,2 193 029,6 142 902,224,225,mistral_table,mistral_table,no
1446,PESSOAIS,17,55,27,4 187,19 473,58,60,161,84,1 113 644,3 393 592,224,225,mistral_table,mistral_table,no
1447,HIGIENE E DE ESTÉTICA PESSOAL,85,260,167,21 046,40 880,71,71,193,106,1 079 385,2 749 310,224,225,mistral_table,mistral_table,no
1448,"RADIODIFUSÃO, TELEVISÃO E DIVERSÕES",47,520,374,49 409,198 004,36,44,622,517,4 489 230,27 138 038,224,225,mistral_table,mistral_table,no
1449,RADIODIFUSÃO E TELEVISÃO,11,343,242,37 962,149 264,9,10,498,428,3 660 640,22 910 526,224,225,mistral_table,mistral_table,no
1450,DIVERSÕES,36,177,132,11 447,48 740,27,34,124,89,828 590,4 227 512,224,225,mistral_table,mistral_table,no
1451,AUXILIARES DIVERSOS,351,3 513,2 337,426 525,1 840 997,308,358,3 887,2 814,45 602 337,167 792 665,224,225,mistral_table,mistral_table,no
1452,AUX. DA AGROPECUÁRIA E REFLORESTAMENTO,47,561,52,55 238,269 610,9,12,622,169,14 248 776,29 667 593,224,225,mistral_table,mistral_table,no
1453,"AUX. COMÉRCIO, LOCAÇÃO DE BENS E SERVIÇOS",76,314,157,38 924,226 342,74,90,495,355,5 574 924,32 215 261,224,225,mistral_table,mistral_table,no
1454,"AUX. FINANC., SEGUROS E CAPITALIZAÇÃO",5,18,7,1 661,7 534,74,3,11,1,83 469,1 37 632,224,225,mistral_table,mistral_table,no
1455,AUXILIARES DOS TRANSPORTES,13,106,67,21 642,73 324,8,20,255,242,4 462 418,26 591 188,224,225,mistral_table,mistral_table,no
1456,"AUX. CONSTRUÇÃO, OBRAS, GEODESIA, ETC",9,562,507,163 505,939 355,9,12,187,134,4 828 046,39 853 102,224,225,mistral_table,mistral_table,no
1457,"AUX. DE LIMPEZA, HIGIENIZAÇÃO, ETC",13,872,826,46 388,102 154,17,·16,829,78S,3 S49 037,6 493 601,226,227,mistral_table,pdf_text_layout,no
1458,AUX. PRESTADOS A EMPRESAS E PESSOAS,156,943,645,86 525,187 721,,,,,,,226,227,mistral_table,missing,yes
1459,AUXILIARES DA SAÚDE,30,137,76,12 642,34 957,25,2S,96,64,832 887,2 253 016,226,227,mistral_table,pdf_text_layout,no
1460,"COMPRA, VENDA, ADMINISTRAÇÃO BENS IMÓVEIS",44,247,113,40 106,194 851,16,17,S7,37,4SO 664,2 039 007,226,227,mistral_table,pdf_text_layout,no
1461,COMPRA E VENDA DE BENS IMÓVEIS,36,196,88,36 126,179 877,12,12,34,19,260 136,1 228 879,226,227,mistral_table,pdf_text_layout,no
1462,"ADMINISTRAÇÃO, LOCAÇÃO, ETC",8,51,25,980,14 974,4,s,23,18,190 S28,810 128,226,227,mistral_table,pdf_text_layout,no
1463,ARACAJU,841,5 839,3 975,642 635,2 825 971,981,1 044,7 065,4 893,6S 41S S5S,2S4 608 716,226,227,mistral_table,pdf_text_layout,no
1464,ALOJAMENTO E ALIMENTAÇÃO,311,1 597,1 004,101 202,510 279,413,421,085,1 364,12 322 SOS,ss 320 788,226,227,mistral_table,pdf_text_layout,no
1465,ALOJAMENTO,31,639,491,44 573,224 319,72,74,223,127,1 399 793,3 764 131,226,227,mistral_table,pdf_text_layout,no
1466,ALIMENTAÇÃO,280,958,513,56 629,285 960,389,393,1 S22,675,8 S43 611,3S S7S 877,226,227,mistral_table,pdf_text_layout,no
1467,"REPARAÇÃO, MANUTENÇÃO E INSTALAÇÃO",178,828,566,74 742,247 445,262,2S9,905,S66,6 377 493,21 393· 729,226,227,mistral_table,pdf_text_layout,no
1468,"REPARAÇÃO, MANUTENÇÃO E INSTALAÇÃO",178,828,566,74 742,247 445,,,,,,,226,227,mistral_table,missing,yes
1469,"PESSOAIS, DE HIGIENE E ESTÉTICA PESSOAL",54,172,103,14 701,35 238,,,,,,,226,227,mistral_table,missing,yes
1470,PESSOAIS,12,40,21,3 261,9 499,33,3S,103,59,800 328,2 031 105,226,227,mistral_table,pdf_text_layout,no
1471,HIGIENE E DE ESTÉTICA PESSOAL,42,132,82,11 420,25 739,39,39,120,68,S99 465,.1 7S3 026,226,227,mistral_table,pdf_text_layout,no
1472,"RADIODIFUSÃO, TELEVISÃO E DIVERSÕES",19,372,261,40 778,173 652,,,,,,,226,227,mistral_table,pdf_text_layout_partial,yes
1473,RADIODIFUSÃO E TELEVISÃO,8,305,212,35 932,144 526,,,,,,,226,227,mistral_table,missing,yes
1474,DIVERSÕES,11,67,49,4 846,29 126,,,,,,,226,227,mistral_table,pdf_text_layout_partial,yes
1475,AUXILIARES DIVERSOS,237,2 629,1 930,371 517,1 665 256,220,261,343,2 414,41 S80 313,149 S63 186,226,227,mistral_table,pdf_text_layout,no
1476,AUX. DA AGROPECUARIA E REFLORESTAMENTO,7,153,21,50 705,237 696,1,2,(F),(F),(X l,(G),226,227,mistral_table,pdf_text_layout,no
1477,"AUX. COMÉRCIO, LOCAÇÃO DE BENS E SERVIÇOS",76,295,143,38 299,222 634,74,89 490,3S2,441,55S,26 597 917,226,227,mistral_table,pdf_text_layout,no
1478,"AUX. FINANCIA, SEGUROS E CAPITALIZAÇÃO",5,18,7,1 661,7 524,1,3,(C),(8),(X),<Cl,226,227,mistral_table,pdf_text_layout,no
1479,AUXILIARES DOS TRANSPORTES,9,88,49,79 534,68 527,7,1S,240 228,4,294 911,26 187 668,226,227,mistral_table,pdf_text_layout,no
1480,"AUX. CONSTRUÇÃO, OBRAS, GEODÉSIA, ETC",8,388,340,142 493,851 523,,,,,,,226,227,mistral_table,pdf_text_layout_partial,yes
1481,"AUX. DE LIMPEZA, HIGIENIZAÇÃO, ETC",8,859,811,45 047,98 372,12,13,747 711,3,129 440,s 776 829,226,227,mistral_table,pdf_text_layout,no
1482,AUX. PRESTADOS A EMPRESAS E PESSOAS,104,740,509,65 247,149 820,108 119,1 037 804,9,S1S,344,23 3SS 610,226,227,mistral_table,pdf_text_layout,no
1483,AUXILIARES DA SAÚDE,17,94,50,8 531,23 150,9,9,S2,37,342 196,1 083 116,226,227,mistral_table,pdf_text_layout,no
1484,"COMPRA, VENDA, ADMINISTRAÇÃO BENS IMÓVEIS",42,241,111,39 695,194 101,15,1S,42,23,329 217,382 silo,226,227,mistral_table,pdf_text_layout,no
1485,COMPRA E VENDA DE BENS IMÓVEIS,34,190,86,35 715,179 127,,,,,,,226,227,mistral_table,missing,yes
1486,"ADMINISTRAÇÃO, LOCAÇÃO, ETC",8,51,25,3 980,14 974,4,4,11,6,81 199,318 911,226,227,mistral_table,pdf_text_layout,no
1487,AMPARO DE SÃO FRANCISCO,-,-,-,-,-,,,,,,,226,227,mistral_table,pdf_text_layout_partial,yes
1488,AQUIDABA,10,47,8,1 013,2 896,,,,,,,226,227,mistral_table,pdf_text_layout_partial,yes
1489,ARAUA,4,12,3,611,1 734,,,,,,,226,227,mistral_table,pdf_text_layout_partial,yes
1490,AREIA BRANCA,3,8,-,145,738,,,,,,,226,227,mistral_table,pdf_text_layout_partial,yes
1491,BARRA DOS COQUEIROS,14,29,1,576,4 164,37,37,98,33,469 068,1 490 400,226,227,mistral_table,pdf_text_layout,no
1492,BOQUIM,20,66,27,1 895,16 309,27,27,91,S1,606 771,2 S60 342,226,227,mistral_table,pdf_text_layout,no
1493,BREJO GRANDE,1,(A),(A),(X),(A),,,,,,,226,227,mistral_table,pdf_text_layout_partial,yes
1494,CAMPO DO BRITO,4,9,2,408,3 239,,,,,,,226,227,mistral_table,pdf_text_layout_partial,yes
1495,CANHOBA,-,-,-,-,-,,,,,,,226,227,mistral_table,missing,yes
1496,CANINDE DE SÃO FRANCISCO,1,(B),(A),(X),(B),,,,,,,226,227,mistral_table,pdf_text_layout_partial,yes
1497,CAPELA,21,85,54,5 228,21 328,14,14,62,37,316 773,844 106,226,227,mistral_table,pdf_text_layout,no
1498,CARIRA,39,125,37,3 388,11 480,31,32,94,34,468 22S,1 608 800,226,227,mistral_table,pdf_text_layout,no
1499,CARMOPOLIS,8,39,21,2 370,14 272,8,8,19,5,41 851,276 77S,226,227,mistral_table,pdf_text_layout,no
1500,CEDRO DE SÃO JOÃO,4,7,2,330,830,20,20,61,29,197 900,227 900,226,227,mistral_table,pdf_text_layout,no
1501,CRISTINAPOLIS,7,18,9,940,5 233,11,12,36,24,214 860,S01 925,226,227,mistral_table,pdf_text_layout,no
1502,CUMBE,1,(A),(A),(X),(A),,,,,,,226,227,mistral_table,missing,yes
1503,DIVINA PASTORA,2,(B),(A),(X),(A),,,,,,,226,227,mistral_table,missing,yes
1504,ESTÂNCIA,85,292,169,19 533,67 144,116,120,409,261,3 164 103,9 156 738,226,227,mistral_table,pdf_text_layout,no
1505,FEIRA NOVA,1,(A),(A),(X),(A),,,,,,,226,227,mistral_table,missing,yes
1506,FREI PAULO,22,74,18,3 731,12 916,,,,,,,226,227,mistral_table,missing,yes
1507,GARARU,5,16,2,338,3 460,,,,,,,226,227,mistral_table,pdf_text_layout_partial,yes
1508,GRACHO CARDOSO,3,6,2,332,1 540,1S,1S,3S,19,69 860,S46 990,226,227,mistral_table,pdf_text_layout,no
1509,ILHA DAS FLORES,2,(B),(A),(X),(A),,,,,,,226,227,mistral_table,missing,yes
1510,IMDIAROBA,2,(B),(A),(X),(A),,,,,,,226,227,mistral_table,missing,yes
1511,ITABAIANA,124,478,268,32 117,112 667,,,,,,,226,227,mistral_table,missing,yes
1512,ITABAIANA,24,76,39,5 984,18 142,,,,,,,226,227,mistral_table,missing,yes
1513,ITABI,11,34,16,2 099,10 035,,,,,,,226,227,mistral_table,missing,yes
1514,ITAPORANGA D'AJUDA,6,28,12,701,3 599,9,9,20,8,48 800,202 700,226,227,mistral_table,pdf_text_layout,no
1515,JAPARATUBA,6,23,6,648,2 401,6,6,10,2,35 720,308 923,228,229,mistral_table,mistral_table,no
1516,JAPOATÁ,2,(A),(A),(X),(A),6,6,14,5,33 308,137 347,228,229,mistral_table,mistral_table,no
1517,LAGARTO,114,416,214,23 083,69 373,207,207,746,464,5 606 174,19 762 160,228,229,mistral_table,mistral_table,no
1518,LARANJEIRAS,7,18,5,1 528,6 519,59,59,187,81,908 880,3 072 094,228,229,mistral_table,mistral_table,no
1519,MACAMBIRA,4,9,3,718,2 404,1,2,(A),(A),(X),(A),228,229,mistral_table,mistral_table,no
1520,MALHADA DOS BOIS,1,(B),(B),(X),(C),14,14,50,31,211 360,610 000,228,229,mistral_table,mistral_table,no
1521,MALHADOR,5,11,4,622,3 000,10,10,29,9,168 200,1 758 040,228,229,mistral_table,mistral_table,no
1522,MARUIM,21,84,36,3 859,14 708,16,18,83,64,512 043,2 071 533,228,229,mistral_table,mistral_table,no
1523,MOITA BONITA,1,(A),(A),(X),(A),6,6,18,6,174 800,803 000,228,229,mistral_table,mistral_table,no
1524,MONTE ALEGRE DE SERGIPE,9,23,5,1 047,4 374,22,22,64,23,444 250,1 760 000,228,229,mistral_table,mistral_table,no
1525,MURIBECA,3,9,2,347,1 751,13,13,35,12,130 800,941 000,228,229,mistral_table,mistral_table,no
1526,NEOPOLIS,21,61,16,2 418,9 015,19,19,56,22,311 415,1 128 996,228,229,mistral_table,mistral_table,no
1527,NOSSA SENHORA APARECIDA,1,(A),(A),(X),(A),4,4,11,5,208 600,553 600,228,229,mistral_table,mistral_table,no
1528,NOSSA SENHORA DA GLORIA,29,145,80,11 195,21 652,87,88,230,109,1 274 073,7 963 156,228,229,mistral_table,mistral_table,no
1529,NOSSA SENHORA DAS DORES,28,83,36,5 022,22 906,36,36,79,34,307 225,2 673 320,228,229,mistral_table,mistral_table,no
1530,NOSSA SENHORA DE LOURDES,4,8,4,240,2 930,6,6,16,7,39 730,499 400,228,229,mistral_table,mistral_table,no
1531,NOSSA SENHORA DO SOCORRO,14,161,129,9 905,47 270,13,17,255,234,1 409 933,5 618 835,228,229,mistral_table,mistral_table,no
1532,PACATUBA,-,-,-,-,-,7,7,20,8,66 895,456 760,228,229,mistral_table,mistral_table,no
1533,PEDRINHAS,5,16,6,677,2 416,26,26,68,34,389 623,2 583 150,228,229,mistral_table,mistral_table,no
1534,PINHÃO,4,8,3,124,453,4,4,14,6,50 100,141 000,228,229,mistral_table,mistral_table,no
1535,PIRAMBU,7,15,2,372,2 526,13,13,30,14,61 060,578 480,228,229,mistral_table,mistral_table,no
1536,POÇO REDONDO,15,49,14,1 642,20 735,30,30,78,37,208 316,1 491 470,228,229,mistral_table,mistral_table,no
1537,POÇO VERDE,4,26,7,761,2 526,13,15,38,19,185 774,1 106 209,228,229,mistral_table,mistral_table,no
1538,PORTO DA FOLHA,21,71,21,2 242,11 386,45,45,113,46,404 340,2 729 214,228,229,mistral_table,mistral_table,no
1539,PROPRIA,77,285,145,19 649,75 722,201,202,633,281,3 265 750,15 997 975,228,229,mistral_table,mistral_table,no
1540,RIACHÃO DO DANTAS,1,(B),(A),(X),(A),5,5,15,6,27 700,106 250,228,229,mistral_table,mistral_table,no
1541,RIACHUELO,9,30,18,954,8 598,3,3,12,7,44 828,433 964,228,229,mistral_table,mistral_table,no
1542,RIBEIROPOLIS,9,31,14,1 881,7 063,22,23,59,28,511 573,1 650 236,228,229,mistral_table,mistral_table,no
1543,ROSARIO DO CATETE,3,7,1,148,767,3,3,6,1,5 540,48 143,228,229,mistral_table,mistral_table,no
1544,SALGADO,11,87,47,5 539,23 137,11,12,62,46,442 253,1 512 395,228,229,mistral_table,mistral_table,no
1545,SANTA LUZIA DO ITANHY,2,(A),(A),(X),(A),3,3,11,5,48 500,113 000,228,229,mistral_table,mistral_table,no
1546,SANTO AMARO DAS BROTAS,1,(A),(A),(X),(A),3,3,133,117,804 445,1 740 618,228,229,mistral_table,mistral_table,no
1547,SÃO CRISTOVÃO,30,242,177,23 224,95 444,39,40,114,61,739 703,9 329 292,228,229,mistral_table,mistral_table,no
1548,SÃO DOMINGOS,3,8,4,181,1 225,5,5,18,5,46 100,121 500,228,229,mistral_table,mistral_table,no
1549,SIMÃO DIAS,25,95,33,4 570,15 810,61,61,166,80,1 557 279,4 379 049,228,229,mistral_table,mistral_table,no
1550,SIRIRI,4,7,1,370,2 386,6,6,13,3,28 680,245 328,228,229,mistral_table,mistral_table,no
1551,TELHA,-,-,-,-,-,5,5,15,5,61 600,298 000,228,229,mistral_table,mistral_table,no
1552,TOBIAS BARRETO,24,66,21,3 666,8 952,40,40,103,45,627 240,2 286 380,228,229,mistral_table,mistral_table,no
1553,TOMAR DO GERU,5,11,3,518,2 119,1,1,(A),(A),(X),(A),228,229,mistral_table,mistral_table,no
1554,UMBAUBA,9,45,21,1 303,9 357,41,41,125,78,427 923,1 530 500,228,229,mistral_table,mistral_table,no
1555,BAHIA,14 859,78 982,50 912,8 802 619,33 763 580,27 730,28 489,131 744,88 745,1 211 093 893,4 454 810 427,228,229,mistral_table,mistral_table,no
1556,ALGJAMENTO E ALIMENTAÇÃO,7 024,27 284,14 985,1 852 889,9 793 332,15 693,15 909,55 134,32 749,356 644 738,1 575 088 009,228,229,mistral_table,mistral_table,no
1557,ALGJAMENTO,1 005,7 345,4 577,376 645,2 530 723,1 214,1 253,9 808,7 393,72 352 978,335 482 581,228,229,mistral_table,mistral_table,no
1558,ALIMENTAÇÃO,6 019,19 939,10 408,1 276 244,7 262 609,14 479,14 656,45 326,25 356,284 291 760,1 239 605 428,228,229,mistral_table,mistral_table,no
1559,"REPARAÇÃO, MANUTENÇÃO E INSTALAÇÃO",3 832,15 441,9 735,1 471 021,3 676 476,6 628,6 700,23 448,15 103,194 809 926,513 351 412,228,229,mistral_table,mistral_table,no
1560,"REPARAÇÃO, MANUTENÇÃO E INSTALAÇÃO",3 832,15 441,9 735,1 471 021,3 676 476,6 628,6 700,23 448,15 103,194 809 926,513 351 412,228,229,mistral_table,mistral_table,no
1561,"PESSOAIS, DE HIGIENE E ESTÉTICA PESSOAL",1 008,3 106,1 825,237 015,558 424,1 933,1 967,5 895,3 546,40 765 934,104 087 477,228,229,mistral_table,mistral_table,no
1562,PESSOAIS,248,889,531,67 622,229 336,460,482,1 333,702,9 202 920,32 334 684,228,229,mistral_table,mistral_table,no
1563,,,,,,,,,,,,,230,231,missing,missing,yes
1564,"RADIODIFUSÃO, TELEVISÃO E DIVERSÕES",321,2 908,1 817,351 255,1 712 673,,,,,,,230,231,mistral_table,missing,yes
1565,RADIODIFUSÃO E TELEVISÃO,36,1 657,1 010,251 456,1 183 431,,,,,,,230,231,mistral_table,missing,yes
1566,DIVERSÕES,283,1 251,807,99 799,529 242,,,,,,,230,231,mistral_table,missing,yes
1567,AUXILIARES DIVERSOS,2 433,28 533,21 686,4 601 208,16 142 069,,,,,,,230,231,mistral_table,missing,yes
1568,AUX. DA AGROPECUARIA E REFLORESTAMENTO,106,3 088,2 513,645 049,1 058 457,,,,,,,230,231,mistral_table,missing,yes
1569,"AUX. COMÉRCIO, LOCAÇÃO DE BENS E SERVIÇOS",485,3 657,2 483,704 552,3 711 103,,,,,,,230,231,mistral_table,missing,yes
1570,"AUX. FINANC., SEGUROS E CAPITALIZAÇÃO",51,280,169,60 345,313 184,,,,,,,230,231,mistral_table,missing,yes
1571,AUXILIARES DOS TRANSPORTES,160,2 973,2 339,664 761,2 231 483,,,,,,,230,231,mistral_table,missing,yes
1572,"AUX. CONSTRUÇÃO, OBRAS, GEODESIA, ETC",115,2 391,1 646,799 060,3 515 741,,,,,,,230,231,mistral_table,missing,yes
1573,"AUX. DE LIMPEZA, HIGIENIZAÇÃO, ETC",94,3 277,2 944,213 829,699 706,,,,,,,230,231,mistral_table,missing,yes
1574,AUX. PRESTADOS A EMPRESAS E PESSOAS,1 197,11 541,8 904,1 477 414,4 214 159,,,,,,,230,231,mistral_table,missing,yes
1575,AUXILIARES DA SAÚDE,225,1 126,690,136 198,388 236,,,,,,,230,231,mistral_table,missing,yes
1576,"COMPRA, VENDA, ADMINISTRAÇÃO BENS IMÓVEIS",241,1 710,862,289 231,1 900 606,,,,,,,230,231,mistral_table,missing,yes
1577,COMPRA E VENDA DE BENS IMÓVEIS,163,1 013,404,177 029,1 410 356,,,,,,,230,231,mistral_table,missing,yes
1578,"ADMINISTRAÇÃO, LOCAÇÃO, ETC",58,697,458,112 202,490 250,,,,,,,230,231,mistral_table,missing,yes
1579,REGIÃO METROPOLITANA,4 694,43 176,31 306,6 132 666,24 426 087,,,,,,,230,231,mistral_table,missing,yes
1580,ALGUAMENTO E ALIMENTAÇÃO,1 924,12 241,8 619,1 051 560,5 521 867,,,,,,,230,231,mistral_table,missing,yes
1581,ALGUAMENTO,208,3 545,2 586,375 707,1 585 971,,,,,,,230,231,mistral_table,missing,yes
1582,ALIMENTAÇÃO,716,8 696,6 033,675 853,3 936 296,,,,,,,230,231,mistral_table,missing,yes
1583,"REPARAÇÃO, MANUTENÇÃO E INSTALAÇÃO",945,5 201,3 479,630 272,1 612 790,,,,,,,230,231,mistral_table,missing,yes
1584,"REPARAÇÃO, MANUTENÇÃO E INSTALAÇÃO",945,5 201,3 479,630 272,1 612 790,,,,,,,230,231,mistral_table,missing,yes
1585,"PESSOAIS, DE HIGIENE E ESTÉTICA PESSOAL",362,1 444,932,122 226,288 916,,,,,,,230,231,mistral_table,missing,yes
1586,PESSOAIS,91,484,335,37 797,115 946,,,,,,,230,231,mistral_table,missing,yes
1587,HIGIENE E DE ESTÉTICA PESSOAL,271,960,597,84 429,172 970,,,,,,,230,231,mistral_table,missing,yes
1588,"RADIODIFUSÃO, TELEVISÃO E DIVERSÕES",66,1 794,1 176,269 036,1 412 988,,,,,,,230,231,mistral_table,missing,yes
1589,RADIODIFUSÃO E TELEVISÃO,15,1 363,804,223 546,1 105 296,,,,,,,230,231,mistral_table,missing,yes
1590,DIVERSÕES,51,431,372,45 490,307 692,,,,,,,230,231,mistral_table,missing,yes
1591,AUXILIARES DIVERSOS,1 248,21 152,16 421,3 614 945,13 973 194,,,,,,,230,231,mistral_table,missing,yes
1592,AUX. DA AGROPECUARIA E REFLORESTAMENTO,21,1 624,1 221,422 707,725 464,,,,,,,230,231,mistral_table,missing,yes
1593,"AUX. COMÉRCIO, LOCAÇÃO DE BENS E SERVIÇOS",393,3 332,2 181,641 342,3 421 394,,,,,,,230,231,mistral_table,missing,yes
1594,"AUX. FINANC., SEGUROS E CAPITALIZAÇÃO",50,277,169,60 343,313 184,,,,,,,230,231,mistral_table,missing,yes
1595,AUXILIARES DOS TRANSPORTES,54,2 487,1 931,681 702,2 089 532,,,,,,,230,231,mistral_table,missing,yes
1596,"AUX. CONSTRUÇÃO, OBRAS, GEODESIA, ETC",78,1 973,1 354,677 766,3 017 217,,,,,,,230,231,mistral_table,missing,yes
1597,"AUX. DE LIMPEZA, HIGIENIZAÇÃO, ETC",54,2 698,2 434,779 321,633 211,,,,,,,230,231,mistral_table,missing,yes
1598,AUX. PRESTADOS A EMPRESAS E PESSOAS,436,8 127,6 709,1 171 828,3 526 421,,,,,,,230,231,mistral_table,missing,yes
1599,AUXILIARES DA SAÚDE,107,634,415,76 636,246 771,,,,,,,230,231,mistral_table,missing,yes
1600,"COMPRA, VENDA, ADMINISTRAÇÃO BENS IMÓVEIS",149,1 344,679,244 627,1 616 332,,,,,,,230,231,mistral_table,missing,yes
1601,COMPRA E VENDA DE BENS IMÓVEIS,104,728,284,139 885,1 159 358,,,,,,,230,231,mistral_table,missing,yes
1602,"ADMINISTRAÇÃO, LOCAÇÃO, ETC",45,616,395,104 742,456 974,,,,,,,230,231,mistral_table,missing,yes
1603,SALVADOR,4 299,39 442,28 342,5 646 415,22 180 021,,,,,,,230,231,mistral_table,missing,yes
1604,ALGUAMENTO E ALIMENTAÇÃO,1 689,10 418,7 242,883 023,4 489 998,,,,,,,230,231,mistral_table,missing,yes
1605,ALGUAMENTO,162,2 976,2 167,308 069,1 341 334,,,,,,,230,231,mistral_table,missing,yes
1606,ALIMENTAÇÃO,1 507,7 442,5 075,574 954,3 148 664,,,,,,,230,231,mistral_table,missing,yes
1607,"REPARAÇÃO, MANUTENÇÃO E INSTALAÇÃO",857,4 842,3 251,586 603,1 467 573,,,,,,,230,231,mistral_table,missing,yes
1608,"REPARAÇÃO, MANUTENÇÃO E INSTALAÇÃO",857,4 842,3 251,586 603,1 467 573,,,,,,,230,231,mistral_table,missing,yes
1609,"PESSOAIS, DE HIGIENE E ESTÉTICA PESSOAL",341,1 378,888,115 741,275 289,,,,,,,230,231,mistral_table,missing,yes
1610,PESSOAIS,87,463,318,36 041,110 551,,,,,,,230,231,mistral_table,missing,yes
1611,HIGIENE E DE ESTÉTICA PESSOAL,254,915,570,79 700,164 738,,,,,,,230,231,mistral_table,missing,yes
1612,"RADIODIFUSÃO, TELEVISÃO E DIVERSÕES",60,1 768,1 168,265 478,1 407 603,,,,,,,230,231,mistral_table,missing,yes
1613,RADIODIFUSÃO E TELEVISÃO,14,1 354,804,221 759,1 105 296,,,,,,,230,231,mistral_table,missing,yes
1614,DIVERSÕES,46,414,364,43 719,302 307,,,,,,,230,231,mistral_table,missing,yes
1615,AUXILIARES DIVERSOS,1 203,19 692,15 114,3 550 943,12 923 226,,,,,,,230,231,mistral_table,missing,yes
1616,AUX. DA AGROPECUARIA E REFLORESTAMENTO,20,1 621,1 219,422 265,722 864,,,,,,,230,231,mistral_table,missing,yes
1617,"AUX. COMÉRCIO, LOCAÇÃO DE BENS E SERVIÇOS",388,3 146,2 038,617 647,3 349 947,,,,,,,230,231,mistral_table,missing,yes
1618,"AUX. FINANC., SEGUROS E CAPITALIZAÇÃO",50,277,169,60 343,313 184,,,,,,,230,231,mistral_table,missing,yes
1619,AUXILIARES DOS TRANSPORTES,104,2 116,1 616,494 589,1 421 815,,,,,,,230,231,mistral_table,missing,yes
1620,"AUX. CONSTRUÇÃO, OBRAS, GEODESIA, ETC",76,1 949,1 332,675 953,3 007 472,,,,,,,230,231,mistral_table,missing,yes
1621,"AUX. DE LIMPEZA, HIGIENIZAÇÃO, ETC",50,2 039,1 789,101 279,477 615,,,,,,,230,231,mistral_table,missing,yes
1622,AUX. PRESTADOS A EMPRESAS E PESSOAS,417,7 951,6 561,1 105 523,3 378 035,,,,,,,230,231,mistral_table,missing,yes
1623,AUXILIARES DA SAÚDE,98,593,390,73 344,232 294,,,,,,,230,231,mistral_table,missing,yes
1624,"COMPRA, VENDA, ADMINISTRAÇÃO BENS IMÓVEIS",149,1 344,679,244 627,1 616 332,,,,,,,230,231,mistral_table,missing,yes
1625,COMPRA E VENDA DE BENS IMÓVEIS,104,728,284,139 885,1 159 358,,,,,,,230,231,mistral_table,missing,yes
1626,"ADMINISTRAÇÃO, LOCAÇÃO, ETC",45,616,395,104 742,456 974,,,,,,,230,231,mistral_table,missing,yes
1627,ALAGOINHAS,249,707,351,52 092,183 965,,,,,,,230,231,mistral_table,missing,yes
1628,ALIMENTAÇÃO,139,284,73,14 256,82 860,,,,,,,230,231,mistral_table,missing,yes
1629,"REPARAÇÃO, MANUTENÇÃO E INSTALAÇÃO",51,176,111,15 804,37 042,,,,,,,230,231,mistral_table,missing,yes
1630,AUX. PRESTADOS A EMPRESAS E PESSOAS,19,92,66,5 946,12 084,,,,,,,230,231,mistral_table,missing,yes
1631,DEMAIS GÉNEROS,40,155,101,16 084,51 979,,,,,,,230,231,mistral_table,missing,yes
1632,FEIRA DE SANTANA,859,3 960,2 658,364 756,1 231 681,,,,,,,230,231,mistral_table,missing,yes
1633,ALIMENTAÇÃO,235,813,469,61 184,280 158,,,,,,,230,231,mistral_table,missing,yes
1634,"REPARAÇÃO, MANUTENÇÃO E INSTALAÇÃO",323,1 411,991,136 894,345 870,,,,,,,230,231,mistral_table,missing,yes
1635,AUX. PRESTADOS A EMPRESAS E PESSOAS,102,564,396,49 409,124 712,,,,,,,230,231,mistral_table,missing,yes
1636,DEMAIS GÉNEROS,199,1 172,802,115 269,480 941,,,,,,,230,231,mistral_table,pdf_text_layout_partial,yes
1637,,,,,,,401,413,1 649,1 256,19 250 895,67 186 533,230,231,missing,mistral_table,yes
1638,,,,,,,21,23,224,194,1 183 255,8 319 911,230,231,missing,mistral_table,yes
1639,,,,,,,214,215,695,379,4 143 662,19 185 587,230,231,missing,mistral_table,yes
1640,,,,,,,4,9,288,261,6 022 714,20 327 533,230,231,missing,mistral_table,yes
1641,,,,,,,162,166,658,422,5 901 264,19 353 502,230,231,missing,mistral_table,yes
1642,,,,,,,740,757,3 018,1 969,21 296 440,75 952 822,230,231,missing,mistral_table,yes
1643,,,,,,,301,303,990,585,5 973 526,25 974 706,230,231,missing,mistral_table,yes
1644,,,,,,,221,222,763,470,5 337 521,15 574 291,230,231,missing,mistral_table,yes
1645,,,,,,,56,62,336,238,3 264 555,9 795 382,230,231,missing,mistral_table,yes
1646,,,,,,,160,170,929,676,6 720 838,24 608 443,230,231,missing,mistral_table,yes
1647,,,,,,,673,679,2 246,1 383,14 248 284,39 312 249,230,231,missing,mistral_table,yes
1648,,,,,,,298,295,852,483,5 038 432,16 164 665,230,231,missing,mistral_table,yes
1649,,,,,,,219,220,749,470,4 980 866,11 467 458,230,231,missing,mistral_table,yes
1650,,,,,,,30,32,153,101,1 206 906,3 019 826,230,231,missing,mistral_table,yes
1651,,,,,,,126,128,492,329,3 022 080,8 660 300,230,231,missing,mistral_table,yes
1652,,,,,,,307,320,1 628,1 203,13 436 744,41 248 096,230,231,missing,mistral_table,yes
1653,,,,,,,125,128,394,215,2 068 342,10 349 948,230,231,missing,mistral_table,yes
1654,,,,,,,87,89,314,204,2 492 225,7 741 923,230,231,missing,mistral_table,yes
1655,,,,,,,31,33,502,458,5 597 649,8 746 059,230,231,missing,mistral_table,yes
1656,,,,,,,64,70,418,326,3 278 528,14 410 166,230,231,missing,mistral_table,yes
1657,,,,,,,173,1 198,3 837,2 393,22 295 276,70 413 843,230,231,missing,mistral_table,yes
1658,,,,,,,671,673,1 603,830,6 556 225,24 670 229,230,231,missing,mistral_table,yes
1659,,,,,,,219,229,1 021,742,6 338 952,21 507 928,230,231,missing,mistral_table,yes
1660,,,,,,,106,110,461,302,4 291 859,8 511 271,230,231,missing,mistral_table,yes
1661,,,,,,,177,186,752,519,5 109 240,15 624 415,230,231,missing,mistral_table,yes
1662,,,,,,,22,22,52,20,136 503,879 661,230,231,missing,mistral_table,yes
1663,,,,,,,-,-,-,-,-,-,230,231,missing,mistral_table,yes
1664,,,,,,,29,29,67,33,390 132,1 469 979,230,231,missing,mistral_table,yes
1665,,,,,,,2,2,(B),(A),(X),(A),230,231,missing,mistral_table,yes
1666,,,,,,,7,7,7,-,28 250,174 732,230,231,missing,mistral_table,yes
1667,,,,,,,5,5,13,4,24 300,237 912,230,231,missing,mistral_table,yes
1668,,,,,,,165,167,575,353,4 218 037,13 986 246,230,231,missing,mistral_table,yes
1669,,,,,,,27,27,84,46,987 900,2 598 300,230,231,missing,mistral_table,yes
1670,,,,,,,42,42,108,42,878 336,3 022 858,230,231,missing,mistral_table,yes
1671,,,,,,,52,52,155,92,1 211 651,3 102 101,230,231,missing,mistral_table,yes
1672,,,,,,,65,67,185,79,624 028,3 444 938,230,231,missing,mistral_table,yes
1673,,,,,,,31,33,81,36,603 400,1 793 924,230,231,missing,mistral_table,yes
1674,,,,,,,14,15,42,21,171 200,793 525,230,231,missing,mistral_table,yes
1675,,,,,,,5,5,13,5,40 468,229 000,230,231,missing,mistral_table,yes
1676,,,,,,,21,22,47,18,361 800,1 150 318,230,231,missing,mistral_table,yes
1677,,,,,,,1,1,(A),(A),(X),(A),230,231,missing,mistral_table,yes
1678,,,,,,,2,2,(B),(A),(X),(A),230,231,missing,mistral_table,yes
1679,,,,,,,18,18,38,20,394 390,1 155 570,230,231,missing,mistral_table,yes
1680,,,,,,,20,20,46,18,226 880,811 858,230,231,missing,mistral_table,yes
1681,,,,,,,346,347,862,510,4 324 652,16 859 642,230,231,missing,mistral_table,yes
1682,,,,,,,7,7,14,1,41 720,216 510,230,231,missing,mistral_table,yes
1683,,,,,,,1,1,(A),(A),(X),(A),230,231,missing,mistral_table,yes
1684,,,,,,,22,23,67,33,568 796,1 247 940,230,231,missing,mistral_table,yes
1685,,,,,,,2,2,(B),(A),(X),(A),230,231,missing,mistral_table,yes
1686,,,,,,,14,14,36,19,378 700,1 366 000,230,231,missing,mistral_table,yes
1687,,,,,,,24,24,81,55,558 109,9 707 459,230,231,missing,mistral_table,yes
1688,,,,,,,26,27,58,27,454 000,1 245 029,230,231,missing,mistral_table,yes
1689,,,,,,,130,130,247,110,1 321 314,4 480 542,230,231,missing,mistral_table,yes
1690,,,,,,,18,18,58,36,553 115,1 942 046,230,231,missing,mistral_table,yes
1691,,,,,,,6,6,16,8,70 220,468 735,230,231,missing,mistral_table,yes
1692,,,,,,,217,227,855,523,6 472 652,20 654 021,230,231,missing,mistral_table,yes
1693,,,,,,,42,42,112,46,338 850,741 862,230,231,missing,mistral_table,yes
1694,BELMONTE,20,71,38,3 419,13 322,46,46,123,60,837 288,2 980 484,232,233,mistral_table,mistral_table,no
1695,BELO CAMPO,15,22,1,1 683,6 514,35,35,63,28,363 410,1 524 880,232,233,mistral_table,mistral_table,no
1696,BIRITINGA,7,19,7,931,2 698,7,7,14,7,64 500,208 000,232,233,mistral_table,mistral_table,no
1697,BOA NOVA,1,(A),(A),(X),(A),39,39,90,45,352 590,1 031 620,232,233,mistral_table,mistral_table,no
1698,BOA VISTA DO TUPIM,7,26,13,995,3 345,25,25,53,28,218 800,762 720,232,233,mistral_table,mistral_table,no
1699,BOM JESUS DA LAPA,70,272,91,9 218,41 694,117,118,362,179,2 047 338,9 375 945,232,233,mistral_table,mistral_table,no
1700,BONINAL,3,6,2,125,197,11,12,28,13,110 980,408 739,232,233,mistral_table,mistral_table,no
1701,BOQUIRA,13,22,7,1 645,6 940,22,23,49,25,311 502,762 100,232,233,mistral_table,mistral_table,no
1702,BOTUPORA,15,37,8,1 101,3 771,35,36,93,47,279 178,1 208 005,232,233,mistral_table,mistral_table,no
1703,BREJÕES,22,70,43,5 159,15 747,22,22,79,51,357 330,1 318 977,232,233,mistral_table,mistral_table,no
1704,BREJOLANDIA,3,8,1,488,2 380,6,6,15,5,32 465,232 100,232,233,mistral_table,mistral_table,no
1705,BROTAS DE MACAUBAS,5,16,8,678,2 597,12,12,39,21,237 400,1 333 000,232,233,mistral_table,mistral_table,no
1706,BRUMADO,74,256,162,16 867,42 726,294,297,792,411,4 278 257,13 918 814,232,233,mistral_table,mistral_table,no
1707,BUERAREMA,27,64,28,5 432,24 031,43,44,126,80,626 238,4 563 873,232,233,mistral_table,mistral_table,no
1708,CAATIBA,3,4,-,310,1 423,2,2,(A),(A),(X),(A),232,233,mistral_table,mistral_table,no
1709,CACHOEIRA,45,296,172,14 796,38 172,83,85,572,464,2 625 800,7 878 172,232,233,mistral_table,mistral_table,no
1710,CACULE,18,47,16,3 656,11 605,53,53,129,65,417 899,1 487 582,232,233,mistral_table,mistral_table,no
1711,CAEM,1,(A),(A),(X),(A),21,21,51,21,437 100,1 833 400,232,233,mistral_table,mistral_table,no
1712,CAETITE,86,252,102,12 696,45 759,103,104,321,149,1 378 628,4 257 167,232,233,mistral_table,mistral_table,no
1713,CAFARNAUM,14,34,15,2 252,7 943,64,67,153,87,542 193,1 661 864,232,233,mistral_table,mistral_table,no
1714,CAIRU,3,8,2,588,2 828,26,26,77,36,699 600,2 497 200,232,233,mistral_table,mistral_table,no
1715,CALDEIRÃO GRANDE,20,47,15,1 958,7 380,10,10,24,12,136 264,808 789,232,233,mistral_table,mistral_table,no
1716,CAMACAN,91,434,298,19 518,72 756,311,313,804,447,6 317 246,19 725 046,232,233,mistral_table,mistral_table,no
1717,CAMACARI,144,1 604,1 402,229 659,840 565,344,375,4 372,3 844,36 613 485,127 027 104,232,233,mistral_table,mistral_table,no
1718,CAMAMU,27,116,61,11 861,33 662,25,25,93,84,562 499,2 684 000,232,233,mistral_table,mistral_table,no
1719,CAMPO ALEGRE DE LOURDES,7,17,5,1 152,4 693,21,21,52,23,441 400,1 312 600,232,233,mistral_table,mistral_table,no
1720,CAMPO FORMOSO,47,96,31,5 347,26 780,143,146,447,238,2 056 528,8 141 502,232,233,mistral_table,mistral_table,no
1721,CANAPOLIS,-,-,-,-,-,11,11,23,9,67 880,406 560,232,233,mistral_table,mistral_table,no
1722,CANARANA,3,12,5,510,960,59,59,168,81,1 196 480,4 291 840,232,233,mistral_table,mistral_table,no
1723,CANAVIEIRAS,57,157,86,7 883,27 864,215,215,554,295,3 655 310,13 322 359,232,233,mistral_table,mistral_table,no
1724,CANDEAL,-,-,-,-,-,14,14,39,20,256 000,1 360 450,232,233,mistral_table,mistral_table,no
1725,CANDEIAS,125,1 034,790,130 791,893 533,234,244,1 328,845,17 837 136,106 007 419,232,233,mistral_table,mistral_table,no
1726,CANDIBA,9,9,-,412,1 783,11,11,27,14,44 450,171 259,232,233,mistral_table,mistral_table,no
1727,CANDIDO SALES,26,54,14,2 698,9 238,132,132,289,139,1 769 173,5 823 095,232,233,mistral_table,mistral_table,no
1728,CANSANÇÃO,21,49,17,3 992,15 091,117,117,290,141,618 278,4 574 805,232,233,mistral_table,mistral_table,no
1729,CARAVELAS,23,81,53,6 253,24 688,72,72,203,118,1 722 558,6 085 432,232,233,mistral_table,mistral_table,no
1730,CARDEAL DA SILVA,-,-,-,-,-,5,5,14,7,77 400,320 800,232,233,mistral_table,mistral_table,no
1731,CARINHANHA,32,71,14,2 831,16 140,30,30,82,38,502 940,1 740 581,232,233,mistral_table,mistral_table,no
1732,CASA NOVA,8,25,12,1 545,3 315,100,100,241,141,2 240 000,4 800 301,232,233,mistral_table,mistral_table,no
1733,CASTRO ALVES,40,114,62,6 382,25 030,52,53,158,92,519 590,2 022 797,232,233,mistral_table,mistral_table,no
1734,CATOLANDIA,1,(A),(A),(X),(A),1,1,(A),(A),(X),(C),232,233,mistral_table,mistral_table,no
1735,CATU,61,310,219,51 935,263 988,71,73,229,136,1 234 838,5 491 070,232,233,mistral_table,mistral_table,no
1736,CENTRAL,11,24,9,1 228,6 109,12,14,46,30,399 040,1 363 734,232,233,mistral_table,mistral_table,no
1737,CICERO DANTAS,29,72,37,5 162,13 789,40,41,119,72,763 245,2 226 977,232,233,mistral_table,mistral_table,no
1738,CIPO,25,86,26,2 862,10 483,60,62,192,93,1 507 491,5 936 054,232,233,mistral_table,mistral_table,no
1739,COARACI,60,175,89,17 129,64 927,146,147,468,277,2 863 037,5 933 351,232,233,mistral_table,mistral_table,no
1740,COCOS,13,37,14,1 555,5 308,7,7,33,1,173 450,269 850,232,233,mistral_table,mistral_table,no
1741,CONCEIÇÃO DA FEIRA,10,33,19,1 914,6 184,17,17,54,26,264 710,1 226 764,234,235,mistral_table,mistral_table,no
1742,CONCEIÇÃO DO ALMEIDA,10,22,9,1 649,4 782,21,21,44,23,362 730,1 938 600,234,235,mistral_table,mistral_table,no
1743,CONCEIÇÃO DO COITE,70,216,127,16 613,35 782,100,100,319,201,3 261 599,7 850 385,234,235,mistral_table,mistral_table,no
1744,CONCEIÇÃO DO JACUIPE,24,123,87,8 607,35 876,42,44,187,140,1 185 217,4 069 174,234,235,mistral_table,mistral_table,no
1745,CONDE,11,36,16,1 321,6 102,42,42,108,57,315 570,1 148 529,234,235,mistral_table,mistral_table,no
1746,CONDEUBA,16,28,6,965,3 444,15,15,39,16,121 400,391 479,234,235,mistral_table,mistral_table,no
1747,CONTENDAS DO SINCORA,2,(A),(A),(X),(A),7,7,17,8,49 980,276 552,234,235,mistral_table,mistral_table,no
1748,CORAÇÃO DE MARIA,12,28,11,1 912,7 703,22,22,57,27,284 584,1 027 703,234,235,mistral_table,mistral_table,no
1749,CORDEIROS,2,(A),(A),(X),(A),13,13,31,15,130 700,454 960,234,235,mistral_table,mistral_table,no
1750,CORIBE,2,(B),(A),(X),(A),19,19,40,21,305 000,1 660 000,234,235,mistral_table,mistral_table,no
1751,CORONEL JOÃO SA,9,13,2,529,1 698,15,15,33,15,218 514,1 142 308,234,235,mistral_table,mistral_table,no
1752,CORRENTINA,14,23,2,50,2 431,40,40,91,49,168 393,653 513,234,235,mistral_table,mistral_table,no
1753,COTEGIPE,9,24,12,821,4 136,25,25,63,29,422 481,1 327 500,234,235,mistral_table,mistral_table,no
1754,CRAVOLANDIA,-,-,-,-,-,16,16,39,17,169 735,602 400,234,235,mistral_table,mistral_table,no
1755,CRISOPOLIS,3,5,-,116,510,1,1,(A),(A),(X),(A),234,235,mistral_table,mistral_table,no
1756,CRISTOPOLIS,4,11,5,427,1 755,19,19,61,29,580 000,3 100 000,234,235,mistral_table,mistral_table,no
1757,CRUZ DAS ALMAS,100,337,183,25 994,90 101,168,172,703,431,4 125 914,11 190 434,234,235,mistral_table,mistral_table,no
1758,CURAÇA,21,52,19,2 079,9 280,31,31,80,36,140 880,614 504,234,235,mistral_table,mistral_table,no
1759,DARIO MEIRA,4,10,4,670,2 062,23,23,62,35,467 600,2 092 800,234,235,mistral_table,mistral_table,no
1760,DOM BASÍLIO,-,-,-,-,-,1,1,(A),(A),(X),(A),234,235,mistral_table,mistral_table,no
1761,ENCRUZILHADA,12,37,14,2 056,8 081,85,85,154,67,1 410 100,5 912 850,234,235,mistral_table,mistral_table,no
1762,ENTRE RIOS,20,63,35,3 254,15 705,26,26,127,94,576 694,3 561 060,234,235,mistral_table,mistral_table,no
1763,ESPLANADA,37,502,429,37 271,98 014,41,41,126,78,648 131,2 704 023,234,235,mistral_table,mistral_table,no
1764,EUCLIDES DA CUNHA,90,250,94,14 654,55 174,125,128,336,190,2 517 705,6 428 405,234,235,mistral_table,mistral_table,no
1765,FIRMINO ALVES,3,9,3,402,2 103,47,47,106,58,613 050,2 219 880,234,235,mistral_table,mistral_table,no
1766,FLORESTA AZUL,12,33,21,1 164,6 366,87,87,233,140,2 454 124,9 515 902,234,235,mistral_table,mistral_table,no
1767,FORMOSA DO RIO PRETO,6,10,-,510,7 171,29,29,84,46,177 350,2 083 100,234,235,mistral_table,mistral_table,no
1768,GANDU,84,281,151,16 673,69 793,158,159,404,220,2 911 854,11 907 015,234,235,mistral_table,mistral_table,no
1769,GENTIO DO OURO,1,(A),(A),(X),(A),3,3,7,4,57 200,116 000,234,235,mistral_table,mistral_table,no
1770,GLORIA,-,-,-,-,-,49,49,141,55,442 250,1 857 900,234,235,mistral_table,mistral_table,no
1771,GONGOGI,3,8,4,408,576,26,26,59,29,238 800,1 004 027,234,235,mistral_table,mistral_table,no
1772,GOVERNADOR MANGABEIRA,9,32,20,2 099,15 458,14,14,44,30,189 978,972 580,234,235,mistral_table,mistral_table,no
1773,GUANAMBI,162,493,246,35 070,139 040,211,212,696,396,4 353 775,15 505 805,234,235,mistral_table,mistral_table,no
1774,GUARATINGA,18,55,28,1 938,12 724,58,58,164,91,1 558 500,5 886 235,234,235,mistral_table,mistral_table,no
1775,IAÇU,7,14,6,466,1 442,28,28,75,37,287 500,917 920,234,235,mistral_table,mistral_table,no
1776,IBIASSUCE,-,-,-,-,-,12,13,33,14,90 800,291 993,234,235,mistral_table,mistral_table,no
1777,IBICARAI,66,202,116,11 239,27 475,205,208,575,332,4 981 397,14 752 257,234,235,mistral_table,mistral_table,no
1778,IBICOARA,2,(B),(A),(X),(A),3,3,8,5,76 800,232 000,234,235,mistral_table,mistral_table,no
1779,IBICUI,10,27,12,2 089,4 679,50,50,122,62,1 313 700,3 411 400,234,235,mistral_table,mistral_table,no
1780,IBIPEBA,3,8,4,399,1 530,5,5,15,8,141 000,347 000,234,235,mistral_table,mistral_table,no
1781,IBIPITANGA,3,13,4,429,1 407,24,24,68,28,299 660,1 149 668,234,235,mistral_table,mistral_table,no
1782,IBIQUERA,7,12,4,382,1 768,4,4,6,2,10 550,46 611,234,235,mistral_table,mistral_table,no
1783,IBIRAPI TANGA,27,66,38,6 019,13 339,20,20,60,33,792 610,1 972 281,234,235,mistral_table,mistral_table,no
1784,IBIRAPUÃ,6,10,6,664,1 770,8,8,21,12,264 940,687 314,234,235,mistral_table,mistral_table,no
1785,IBIRATAIA,38,122,59,9 540,24 294,33,34,94,46,615 276,2 996 812,234,235,mistral_table,mistral_table,no
1786,IBITIARA,5,9,3,495,1 563,19,19,69,24,123 980,681 775,234,235,mistral_table,mistral_table,no
1787,IBITITA,29,54,11,4 877,19 143,-,1,(A),(A),(X),(A),234,235,mistral_table,mistral_table,no
1788,IBOTIRAMA,25,96,52,4 347,15 462,93,93,313,167,1 382 394,4 652 431,236,237,mistral_table,mistral_table,no
1789,ICHU,3,11,8,1 200,5 000,27,27,70,32,377 000,2 296 800,236,237,mistral_table,mistral_table,no
1790,IGAPORA,29,49,9,2 280,11 413,88,88,194,86,1 233 904,4 824 356,236,237,mistral_table,mistral_table,no
1791,IGUAI,32,75,32,4 083,12 136,44,44,127,60,1 061 500,3 149 841,236,237,mistral_table,mistral_table,no
1792,INHAMBUPE,19,61,35,4 123,27 168,65,66,174,94,1 150 952,2 740 224,236,237,mistral_table,mistral_table,no
1793,IPECAETA,3,7,3,146,394,1,1,(A),(A),(X),(A),236,237,mistral_table,mistral_table,no
1794,IPIAU,105,317,163,28 685,86 608,179,181,628,389,6 212 573,18 615 739,236,237,mistral_table,mistral_table,no
1795,IPIRA,55,177,87,12 372,35 735,54,57,190,114,1 085 915,3 161 457,236,237,mistral_table,mistral_table,no
1796,IPUPIARA,1,(A),(A),(X),(A),11,11,36,16,146 250,474 750,236,237,mistral_table,mistral_table,no
1797,IRAJUBA,6,20,1,819,2 723,18,18,64,31,176 400,1 406 600,236,237,mistral_table,mistral_table,no
1798,IRAMAIA,8,19,7,690,1 978,38,40,88,45,388 300,2 150 440,236,237,mistral_table,mistral_table,no
1799,IRAQUARA,11,25,11,1 412,11 543,11,13,37,24,309 075,732 027,236,237,mistral_table,mistral_table,no
1800,IRARA,16,44,23,3 514,10 860,39,39,127,69,991 575,3 038 303,236,237,mistral_table,mistral_table,no
1801,IRECE,158,499,252,35 345,164 214,226,230,844,551,6 651 531,19 071 501,236,237,mistral_table,mistral_table,no
1802,ITABERABA,60,185,98,12 636,47 349,154,158,432,243,1 794 306,5 270 297,236,237,mistral_table,mistral_table,no
1803,ITACARE,10,17,6,1 007,4 181,2,2,(A),(A),(X),(A),236,237,mistral_table,mistral_table,no
1804,ITAETE,18,45,64,1 425,8 915,30,30,72,37,316 100,1 344 810,236,237,mistral_table,mistral_table,no
1805,ITAGI,10,37,15,2 023,8 689,98,98,222,110,1 611 500,5 288 800,236,237,mistral_table,mistral_table,no
1806,ITAGIBA,4,10,5,907,1 554,36,36,91,49,886 995,3 453 000,236,237,mistral_table,mistral_table,no
1807,ITAGIMIRIM,2,(C),(C),(X),(C),13,14,44,30,225 508,1 491 304,236,237,mistral_table,mistral_table,no
1808,ITAJU DO COLONIA,6,16,6,745,2 862,25,25,57,32,831 289,2 118 177,236,237,mistral_table,mistral_table,no
1809,ITAJUIPE,34,84,36,6 026,21 112,100,101,318,176,2 362 489,4 796 274,236,237,mistral_table,mistral_table,no
1810,ITAMARAJU,138,527,321,33 320,98 335,114,119,473,295,4 145 590,11 862 532,236,237,mistral_table,mistral_table,no
1811,ITAMARI,11,28,15,1 111,2 974,29,29,68,36,480 700,1 181 781,236,237,mistral_table,mistral_table,no
1812,ITAMBE,34,97,55,5 109,17 756,56,56,182,95,532 205,4 211 747,236,237,mistral_table,mistral_table,no
1813,ITANAGRA,-,-,-,-,-,1,1,(A),(A),(X),(A),236,237,mistral_table,mistral_table,no
1814,ITANHEM,34,113,65,5 325,15 012,71,71,191,100,1 939 245,3 924 888,236,237,mistral_table,mistral_table,no
1815,ITAPARICA,10,118,103,10 214,40 765,50,51,243,170,1 457 064,6 667 403,236,237,mistral_table,mistral_table,no
1816,ITAPE,10,35,16,1 143,8 985,18,18,52,30,202 064,636 410,236,237,mistral_table,mistral_table,no
1817,ITAPEBI,18,43,22,1 983,12 259,3,3,4,2,26 800,81 900,236,237,mistral_table,mistral_table,no
1818,ITAPETINGA,145,486,284,27 846,99 505,259,261,788,448,2 988 615,12 222 576,236,237,mistral_table,mistral_table,no
1819,ITAPICURU,3,11,4,340,1 029,12,12,33,15,394 738,1 368 000,236,237,mistral_table,mistral_table,no
1820,ITAPITANGA,6,18,5,936,3 363,47,47,126,69,412 050,1 585 180,236,237,mistral_table,mistral_table,no
1821,ITAQUARA,1,(A),(A),(X),(A),10,10,32,16,175 600,588 000,236,237,mistral_table,mistral_table,no
1822,ITARANTIM,13,34,16,1 868,6 159,33,33,94,47,452 864,1 167 675,236,237,mistral_table,mistral_table,no
1823,ITIRUÇU,11,31,16,2 225,5 293,7,7,21,10,99 800,285 227,236,237,mistral_table,mistral_table,no
1824,ITIUBA,20,72,44,7 554,15 232,96,97,788,657,5 209 302,11 603 025,236,237,mistral_table,mistral_table,no
1825,ITORORO,52,178,91,11 359,37 295,111,111,277,153,2 504 523,6 112 875,236,237,mistral_table,mistral_table,no
1826,ITUACU,18,33,8,2 089,6 992,13,13,25,10,360 400,935 000,236,237,mistral_table,mistral_table,no
1827,ITUBERA,35,385,325,31 703,53 628,59,59,188,106,866 033,3 500 956,236,237,mistral_table,mistral_table,no
1828,JACARACI,8,16,4,870,3 236,26,26,59,29,349 988,847 026,236,237,mistral_table,mistral_table,no
1829,JACOBINA,213,698,391,76 825,195 605,412,418,362,802,11 806 317,33 537 059,236,237,mistral_table,mistral_table,no
1830,JAGUAQUARA,61,143,66,10 619,28 754,87,88,229,131,1 781 514,5 200 032,236,237,mistral_table,mistral_table,no
1831,JAGUARARI,74,305,127,57 717,177 568,41,44,536,474,3 012 210,11 817 868,236,237,mistral_table,mistral_table,no
1832,JAGUARIPE,-,-,-,-,-,1,1,(A),(A),(X),(A),236,237,mistral_table,mistral_table,no
1833,JANDAIRA,9,10,1,252,1 619,1,1,(A),(A),(X),(A),236,237,mistral_table,mistral_table,no
1834,JEREMOABO,13,36,22,2 341,13 528,32,33,103,52,565 074,1 396 999,236,237,mistral_table,mistral_table,no
1835,JIQUIRICA,5,11,4,365,1 655,12,12,38,18,115 300,843 500,238,239,mistral_table,mistral_table,no
1836,JITAUNA,29,52,18,3 700,14 890,71,72,184,93,1 338 730,3 881 279,238,239,mistral_table,mistral_table,no
1837,JUSSARA,3,9,3,172,1 400,-,-,-,-,-,-,238,239,mistral_table,mistral_table,no
1838,JUSSIAPE,-,-,-,-,-,16,16,31,13,84 358,670 080,238,239,mistral_table,mistral_table,no
1839,LAFAIETE COUTINHO,1,(A),(A),(X),(A),11,11,24,11,81 210,316 650,238,239,mistral_table,mistral_table,no
1840,LAJE,8,19,5,795,3 562,22,22,61,34,445 921,1 270 295,238,239,mistral_table,mistral_table,no
1841,LAJEDÃO,4,7,3,528,1 047,10,10,24,12,166 600,912 000,238,239,mistral_table,mistral_table,no
1842,LAJEDINHO,1,(B),(A),(X),(A),7,7,20,10,56 440,264 380,238,239,mistral_table,mistral_table,no
1843,LAMARÃO,4,8,4,320,676,10,10,23,11,27 700,93 600,238,239,mistral_table,mistral_table,no
1844,LAURO DE FREITAS,41,158,97,11 141,46 800,80,83,366,256,2 076 940,9 073 923,238,239,mistral_table,mistral_table,no
1845,LENÇOIS,11,40,20,1 912,7 610,16,16,43,23,212 800,1 106 000,238,239,mistral_table,mistral_table,no
1846,LICÍNIO DE ALMEIDA,1,(A),(A),(X),(A),9,9,22,12,88 580,398 350,238,239,mistral_table,mistral_table,no
1847,LIVRAMENTO DO BRUMADO,41,86,33,6 207,15 231,23,23,37,5,167 025,681 303,238,239,mistral_table,mistral_table,no
1848,MACAJUBA,-,-,-,-,-,20,20,49,23,99 880,841 757,238,239,mistral_table,mistral_table,no
1849,MACARANI,7,16,6,956,2 084,29,29,71,37,231 938,1 093 575,238,239,mistral_table,mistral_table,no
1850,MACAUBAS,34,51,9,2 478,10 119,43,44,108,57,1 088 926,2 965 729,238,239,mistral_table,mistral_table,no
1851,MACURURE,-,-,-,-,-,11,11,28,13,184 900,479 600,238,239,mistral_table,mistral_table,no
1852,MAIQUINIQUE,5,9,4,475,1 399,12,12,31,14,84 032,318 160,238,239,mistral_table,mistral_table,no
1853,MAIRI,30,71,35,3 911,13 712,41,44,106,55,489 404,1 861 145,238,239,mistral_table,mistral_table,no
1854,MALHADA,5,9,2,218,2 346,112,112,301,131,1 100 980,4 409 500,238,239,mistral_table,mistral_table,no
1855,MALHADA DE PEDRAS,-,-,-,-,-,9,9,21,12,135 090,295 710,238,239,mistral_table,mistral_table,no
1856,MANGEL VITORINO,26,71,39,5 470,12 860,30,30,73,37,278 200,1 051 600,238,239,mistral_table,mistral_table,no
1857,MARACAS,26,48,11,2 628,9 120,75,75,218,128,1 242 010,5 564 304,238,239,mistral_table,mistral_table,no
1858,MARAGOGIPE,27,58,26,2 795,10 543,37,37,94,42,503 037,1 924 197,238,239,mistral_table,mistral_table,no
1859,MARAU,5,10,1,333,2 035,-,-,-,-,-,-,238,239,mistral_table,mistral_table,no
1860,MARCIONÍLIO SOUZA,3,7,1,115,519,6,6,10,4,35 950,115 567,238,239,mistral_table,mistral_table,no
1861,MASCOTE,5,15,8,420,2 069,127,127,312,163,1 834 260,8 180 378,238,239,mistral_table,mistral_table,no
1862,MATA DE SÃO JOÃO,44,117,44,7 464,36 207,47,47,444,364,1 866 113,4 606 910,238,239,mistral_table,mistral_table,no
1863,MEDEIROS NETO,51,291,134,13 041,31 426,61,61,171,94,1 734 636,4 215 357,238,239,mistral_table,mistral_table,no
1864,MIQUEL CALMON,19,58,29,3 027,8 114,40,40,114,59,605 644,1 820 430,238,239,mistral_table,mistral_table,no
1865,MILAGRES,16,45,22,5 520,12 358,15,16,94,61,619 104,2 158 866,238,239,mistral_table,mistral_table,no
1866,MIRANGABA,5,13,3,138,840,2,2,(B),(A),(X),(A),238,239,mistral_table,mistral_table,no
1867,MONTE SANTO,22,64,20,4 119,14 103,143,143,338,166,1 677 576,7 956 340,238,239,mistral_table,mistral_table,no
1868,MORPARA,1,(B),(A),(X),(A),7,7,25,15,111 300,435 400,238,239,mistral_table,mistral_table,no
1869,MORRO DO CHAPEU,41,128,57,7 397,44 954,79,81,217,120,1 286 556,4 177 622,238,239,mistral_table,mistral_table,no
1870,MORTUGABA,-,-,-,-,-,6,6,17,5,22 100,296 400,238,239,mistral_table,mistral_table,no
1871,MUCUGE,-,-,-,-,-,7,7,15,7,62 932,241 210,238,239,mistral_table,mistral_table,no
1872,MUCURI,6,29,8,1 162,3 981,10,10,38,22,110 691,915 311,238,239,mistral_table,mistral_table,no
1873,MUNDO NOVO,25,75,35,4 658,18 437,50,51,125,65,791 630,2 289 711,238,239,mistral_table,mistral_table,no
1874,MUNIZ FERREIRA,1,(A),(A),(X),(A),2,2,(B),(A),(X),(A),238,239,mistral_table,mistral_table,no
1875,MURITIBA,20,50,23,3 508,10 295,61,61,165,86,1 027 693,2 905 709,238,239,mistral_table,mistral_table,no
1876,MUTUIPE,23,65,27,2 404,8 370,57,57,152,84,939 200,2 363 320,238,239,mistral_table,mistral_table,no
1877,NAZARE,59,171,74,13 552,42 944,59,59,197,127,1 134 299,3 926 879,238,239,mistral_table,mistral_table,no
1878,NILO PEÇANHA,7,17,5,960,4 268,-,-,-,-,-,-,238,239,mistral_table,mistral_table,no
1879,NOVA CANAÃ,11,30,8,1 626,6 818,14,14,33,18,326 529,1 009 100,238,239,mistral_table,mistral_table,no
1880,NOVA ITARANA,20,75,49,5 665,9 493,4,4,11,7,202 600,410 150,238,239,mistral_table,mistral_table,no
1881,NOVA SOURE,3,7,1,479,1 302,10,10,29,14,583 400,1 563 800,238,239,mistral_table,mistral_table,no
1882,NOVA VIÇOSA,16,46,22,3 831,11 579,29,29,94,50,604 689,1 796 250,240,241,mistral_table,mistral_table,no
1883,OLINDINA,11,24,8,1 579,4 679,33,34,85,38,567 300,2 119 586,240,241,mistral_table,mistral_table,no
1884,OLIVEIRA DOS BREJINHOS,6,17,5,643,3 957,23,23,87,47,401 439,1 202 130,240,241,mistral_table,mistral_table,no
1885,OURIÇANOAS,1,(A),(A),(X),(A),2,2,(B),(A),(X),(A),240,241,mistral_table,mistral_table,no
1886,PALMAS DE MONTE ALTO,13,31,11,1 059,5 902,28,28,74,27,425 198,1 570 470,240,241,mistral_table,mistral_table,no
1887,PALMEIRAS,8,21,9,1 346,3 327,15,15,42,22,188 550,574 500,240,241,mistral_table,mistral_table,no
1888,PARAMÍRIM,17,56,28,3 111,10 384,34,35,70,33,495 258,1 627 918,240,241,mistral_table,mistral_table,no
1889,PARATINGA,6,13,4,1 081,2 770,9,9,24,14,137 864,446 600,240,241,mistral_table,mistral_table,no
1890,PARIPIRANGA,22,67,30,3 038,10 732,42,43,127,60,768 712,2 860 257,240,241,mistral_table,mistral_table,no
1891,PAU BRASIL,29,88,55,4 405,11 345,145,146,333,184,3 909 426,14 582 957,240,241,mistral_table,mistral_table,no
1892,PAULO AFONSO,125,497,247,33 180,143 508,407,414,2 021,1 480,14 842 975,42 442 508,240,241,mistral_table,mistral_table,no
1893,PEDRÃO,-,-,-,-,-,1,1,(A),(A),(X),(A),240,241,mistral_table,mistral_table,no
1894,PEDRO ALEXANDRE,1,(A),(A),(X),(A),18,18,51,21,300 260,1 267 750,240,241,mistral_table,mistral_table,no
1895,PIATÃ,3,10,5,230,660,17,17,42,22,144 700,587 500,240,241,mistral_table,mistral_table,no
1896,PILÃO ARCADO,6,23,11,774,3 677,16,16,48,21,172 860,598 142,240,241,mistral_table,mistral_table,no
1897,PINDAI,24,42,4,2 019,9 114,42,42,111,46,256 065,937 219,240,241,mistral_table,mistral_table,no
1898,PINDOBACU,28,59,18,2 689,9 628,23,23,71,37,214 915,882 685,240,241,mistral_table,mistral_table,no
1899,PIRIPA,7,7,-,1 135,3 525,38,38,95,46,625 880,1 706 026,240,241,mistral_table,mistral_table,no
1900,PIRITIBA,20,52,28,2 222,11 304,81,82,196,99,1 103 780,3 220 890,240,241,mistral_table,mistral_table,no
1901,PLANALTINO,-,-,-,-,-,21,21,50,25,327 620,1 184 928,240,241,mistral_table,mistral_table,no
1902,PLANALTO,15,29,9,1 367,3 156,38,38,93,43,284 160,1 036 300,240,241,mistral_table,mistral_table,no
1903,POÇÕES,38,103,41,4 093,14 675,267,268,627,319,3 356 609,9 772 389,240,241,mistral_table,mistral_table,no
1904,POJUCA,33,98,43,9 127,35 583,27,29,114,79,1 839 679,25 149 633,240,241,mistral_table,mistral_table,no
1905,PORTO SEGURO,77,371,211,29 770,244 008,197,203,828,550,8 432 663,26 544 480,240,241,mistral_table,mistral_table,no
1906,POTIRAGUA,9,18,8,1 100,3 717,22,22,63,32,191 240,737 200,240,241,mistral_table,mistral_table,no
1907,PRADO,22,65,33,3 234,14 350,30,30,99,63,801 670,2 724 614,240,241,mistral_table,mistral_table,no
1908,PRESIDENTE DUTRA,4,5,2,226,922,19,19,54,33,458 404,1 552 700,240,241,mistral_table,mistral_table,no
1909,PRESIDENTE JANIO QUADROS,4,8,2,211,512,26,26,47,8,109 557,380 290,240,241,mistral_table,mistral_table,no
1910,QUEIMADAS,10,22,12,1 739,6 865,120,122,331,160,1 415 443,6 066 685,240,241,mistral_table,mistral_table,no
1911,QUIJINGUE,6,29,20,747,4 613,149,149,377,141,1 795 380,6 315 709,240,241,mistral_table,mistral_table,no
1912,REMANSO,66,215,104,8 426,32 867,129,129,407,213,3 120 429,8 637 270,240,241,mistral_table,mistral_table,no
1913,RETIROLANDIA,18,42,16,2 482,5 160,10,10,32,20,278 960,679 708,240,241,mistral_table,mistral_table,no
1914,RIACHÃO DAS NEVES,18,51,21,3 252,15 183,32,33,87,40,1 047 722,2 298 100,240,241,mistral_table,mistral_table,no
1915,RIACHÃO DO JACUIPE,80,243,134,22 888,165 731,280,280,676,344,4 764 039,22 605 197,240,241,mistral_table,mistral_table,no
1916,RIACHO DE SANTANA,7,16,3,647,1 995,103,103,214,105,410 916,3 817 616,240,241,mistral_table,mistral_table,no
1917,RIBEIRA DO AMPARO,4,7,1,260,1 615,12,12,34,22,337 800,826 000,240,241,mistral_table,mistral_table,no
1918,RIBEIRA DO POMBAL,41,126,72,13 034,41 773,80,83,252,145,1 789 887,7 391 345,240,241,mistral_table,mistral_table,no
1919,RIO DE CONTAS,5,10,3,704,2 855,15,16,31,12,107 300,1 140 213,240,241,mistral_table,mistral_table,no
1920,RIO DO ANTONIO,4,12,5,430,1 767,17,17,32,14,91 380,392 207,240,241,mistral_table,mistral_table,no
1921,RIO DO PIRES,6,26,7,576,2 080,31,31,74,32,423 890,1 035 578,240,241,mistral_table,mistral_table,no
1922,RIO REAL,12,84,58,4 171,20 797,47,47,133,78,627 899,2 306 278,240,241,mistral_table,mistral_table,no
1923,RODELAS,4,9,-,209,1 245,1,1,(A),(A),(X),(A),240,241,mistral_table,mistral_table,no
1924,RUY BARBOSA,41,114,53,7 718,20 851,110,112,290,157,1 170 219,5 841 020,240,241,mistral_table,mistral_table,no
1925,SALINAS DA MARGARIDA,2,(A),(A),(X),(A),5,5,12,5,136 000,607 200,240,241,mistral_table,mistral_table,no
1926,SANTA BARBARA,24,55,20,4 036,21 668,27,27,63,31,350 900,1 131 400,240,241,mistral_table,mistral_table,no
1927,SANTA BRIGIDA,5,13,7,1 067,3 171,15,15,37,20,239 046,950 500,240,241,mistral_table,mistral_table,no
1928,SANTA CRUZ CABRALIA,100,352,193,26 201,72 821,193,197,657,430,4 988 672,19 477 493,240,241,mistral_table,mistral_table,no
1929,SANTA CRUZ DA VITORIA,4,8,4,405,932,15,15,40,19,303 990,900 410,242,243,mistral_table,mistral_table,no
1930,SANTA INES,21,47,24,2 089,7 673,30,30,82,47,511 980,1 419 500,242,243,mistral_table,mistral_table,no
1931,SANTALUZ,13,34,16,2 153,9 342,87,87,240,118,750 830,3 818 023,242,243,mistral_table,mistral_table,no
1932,SANTA MARIA DA VITORIA,52,134,56,11 272,27 600,92,92,317,174,2 854 503,7 880 612,242,243,mistral_table,mistral_table,no
1933,SANTANA,42,97,29,4 709,19 378,78,79,207,79,758 217,3 981 313,242,243,mistral_table,mistral_table,no
1934,SANTANOPOLIS,2,(A),(A),(X),(A),-,-,-,-,-,-,242,243,mistral_table,mistral_table,no
1935,SANTA RITA DE CASSIA,10,24,10,1 402,7 028,64,65,167,79,544 960,3 916 900,242,243,mistral_table,mistral_table,no
1936,SANTA TERESINHA,14,38,22,2 169,6 954,16,17,50,25,205 246,858 844,242,243,mistral_table,mistral_table,no
1937,SANTO AMARO,131,442,231,31 614,105 616,225,230,702,390,5 451 381,16 024 507,242,243,mistral_table,mistral_table,no
1938,SANTO ANTONIO DE JESUS,94,356,204,28 411,85 827,150,157,636,404,3 741 358,14 662 367,242,243,mistral_table,mistral_table,no
1939,SANTO ESTEVÃO,42,133,74,7 042,30 008,21,21,58,30,340 400,1 235 711,242,243,mistral_table,mistral_table,no
1940,SÃO DESIDERIO,3,10,3,364,1 700,7,7,32,12,116 300,950 380,242,243,mistral_table,mistral_table,no
1941,SÃO FELIX,23,61,24,2 151,7 094,47,47,106,54,710 208,2 555 146,242,243,mistral_table,mistral_table,no
1942,SÃO FELIPE,2,(B),(A),(X),(A),34,35,107,50,637 250,1 946 948,242,243,mistral_table,mistral_table,no
1943,SÃO FRANCISCO DO CONDE,5,9,4,2 073,21 108,22,23,260,224,2 236 812,12 999 318,242,243,mistral_table,mistral_table,no
1944,SÃO GONÇALO DOS CAMPOS,19,45,20,2 800,9 750,56,56,130,73,869 355,2 532 187,242,243,mistral_table,mistral_table,no
1945,SÃO MIGUEL DAS MATAS,2,(A),(A),(X),(A),11,11,31,16,147 740,586 030,242,243,mistral_table,mistral_table,no
1946,SÃO SEBASTIÃO DO PASSE,19,57,33,3 266,11 488,112,114,879,697,5 544 869,34 712 378,242,243,mistral_table,mistral_table,no
1947,SAPEAÇU,6,15,9,809,3 582,38,39,114,70,588 469,1 025 800,242,243,mistral_table,mistral_table,no
1948,SATIRO DIAS,1,(A),(A),(X),(A),1,1,(A),(A),(X),(A),242,243,mistral_table,mistral_table,no
1949,SAUDE,2,(A),(A),(X),(A),5,5,17,7,95 060,227 069,242,243,mistral_table,mistral_table,no
1950,SEABRA,41,125,66,5 925,24 007,37,38,130,79,705 650,3 303 117,242,243,mistral_table,mistral_table,no
1951,SEBASTIÃO LARANJEIRAS,28,29,-,867,7 480,12,12,20,4,32 236,358 581,242,243,mistral_table,mistral_table,no
1952,SENHOR DO BONFIM,171,560,275,33 744,148 253,204,207,885,605,6 746 764,27 224 379,242,243,mistral_table,mistral_table,no
1953,SENTO SE,11,25,11,495,2 580,26,26,56,28,170 527,746 183,242,243,mistral_table,mistral_table,no
1954,SERRA DOURADA,9,13,2,499,1 420,31,32,76,37,355 308,2 027 198,242,243,mistral_table,mistral_table,no
1955,SERRA PRETA,11,24,12,711,3 569,10,10,30,15,134 130,569 894,242,243,mistral_table,mistral_table,no
1956,SERRINHA,90,342,213,25 686,56 649,165,168,685,485,7 658 492,16 871 407,242,243,mistral_table,mistral_table,no
1957,SERROLANDIA,14,34,14,1 482,7 289,24,24,50,25,293 700,669 886,242,243,mistral_table,mistral_table,no
1958,SIMÕES FILHO,66,482,341,52 166,246 155,67,73,620,449,6 127 518,31 053 348,242,243,mistral_table,mistral_table,no
1959,SOUTO SOARES,3,9,6,657,3 048,6,6,26,15,111 800,431 700,242,243,mistral_table,mistral_table,no
1960,TABOCAS DO BREJO VELHO,5,10,-,226,1 388,24,24,54,18,119 034,586 098,242,243,mistral_table,mistral_table,no
1961,TANHAÇU,17,31,5,1 432,4 048,60,61,141,66,543 160,2 561 132,242,243,mistral_table,mistral_table,no
1962,TANQUINHO,10,39,25,3 283,43 600,42,42,100,59,759 800,4 165 222,242,243,mistral_table,mistral_table,no
1963,TAPEROA,17,59,34,3 465,9 851,23,23,88,59,620 663,1 958 449,242,243,mistral_table,mistral_table,no
1964,TAPIRAMUTA,12,30,12,1 190,6 469,7,7,24,8,105 462,460 826,242,243,mistral_table,mistral_table,no
1965,TEODORO SAMPAIO,5,20,11,1 657,3 740,6,6,20,11,101 300,339 399,242,243,mistral_table,mistral_table,no
1966,TEOFILANDIA,5,19,10,963,2 264,7,7,17,9,163 800,572 000,242,243,mistral_table,mistral_table,no
1967,TEOLANDIA,4,11,4,427,1 854,21,21,43,22,244 600,970 710,242,243,mistral_table,mistral_table,no
1968,TERRA NOVA,3,5,2,121,441,24,24,59,33,474 840,1 040 560,242,243,mistral_table,mistral_table,no
1969,TREMEDAL,2,(B),(A),(X),(A),17,17,42,18,163 250,512 075,242,243,mistral_table,mistral_table,no
1970,TUCANO,27,101,48,5 444,20 996,69,71,242,103,901 273,2 858 053,242,243,mistral_table,mistral_table,no
1971,UAUA,21,36,-,813,6 272,123,123,338,165,2 427 546,8 379 420,242,243,mistral_table,mistral_table,no
1972,UBAIRA,10,19,7,857,3 162,40,40,102,51,530 758,1 818 475,242,243,mistral_table,mistral_table,no
1973,UBAITABA,41,107,45,9 912,31 354,14,15,38,17,271 322,1 342 323,242,243,mistral_table,mistral_table,no
1974,UBATÃ,42,170,120,9 682,20 065,31,31,95,53,861 800,2 810 126,242,243,mistral_table,mistral_table,no
1975,UIBAI,4,7,-,452,4 450,12,12,31,17,152 080,460 800,242,243,mistral_table,mistral_table,no
1976,UNA,27,57,28,4 163,13 458,93,93,290,126,1 410 753,6 254 513,244,245,mistral_table,mistral_table,no
1977,URANDI,,,,,,7,7,16,6,79 700,509 000,244,245,mistral_table_partial,mistral_table,yes
1978,URUÇUCA,26,63,27,6 405,26 522,46,46,122,65,719 017,3 853 010,244,245,mistral_table,mistral_table,no
1979,UTINGA,14,34,14,1 206,6 103,43,44,103,48,424 000,2 497 520,244,245,mistral_table,mistral_table,no
1980,VALENÇA,130,562,311,61 434,237 064,236,239,771,501,5 711 779,21 739 740,244,245,mistral_table,mistral_table,no
1981,VALENTE,55,157,46,7 906,23 680,45,45,135,83,1 096 243,3 150 699,244,245,mistral_table,mistral_table,no
1982,VARZEA DO POÇO,4,8,-,113,749,13,13,37,19,274 100,721 600,244,245,mistral_table,mistral_table,no
1983,VERA CRUZ,4,329,227,50 207,157 140,22,22,707,620,9 847 743,68 599 796,244,245,mistral_table,mistral_table,no
1984,WAGNER,2,(A),(A),(X),(A),8,8,28,8,86 240,681 660,244,245,mistral_table,mistral_table,no
1985,WENCESLAU GUIMARÃES,8,35,22,1 632,4 245,52,52,114,60,585 640,1 353 590,244,245,mistral_table,mistral_table,no
1986,XIQUE-XIQUE,34,102,55,6 977,21 651,58,59,187,106,1 488 588,3 942 943,244,245,mistral_table,mistral_table,no
