state,municipio,SALARIOS,rural_wage_clause,rural_wage_min_reis,rural_wage_max_reis,rural_wage_period,carpinteiro_wage_clause,carpinteiro_wage_min_reis,carpinteiro_wage_max_reis,carpinteiro_wage_period,JUROS,juros_lower_bound,juros_upper_bound,juros_period,TERRAS,land_price_text,land_price_lower_bound_reis,land_price_upper_bound_reis,land_price_unit,land_price_not_per_hectare
AL,Agua Branca,"Trabalhador rural, 18000 diarios; não ha administradores, nem escrivães de fazenda; carpinteiro, 38000 diarios; cosinheira, 88000 mensaes; lavadeira é paga por peça, à razão de 240 réis a duzia. Os salarios são pagos e os contractos cumpridos.","Trabalhador rural, 18000 diarios",1000,,daily,"carpinteiro, 38000 diarios",3000,,daily,Não há empréstimos.,,,,"Qualidades - As terras são bôas em sua maioria; as das serras são argillosas, desde o pé da serra até em cima; montanhosa só na parte serrana; o restante é plano. Há algumas terras pedregosas para o lado do rio S. Francisco, e em caminho para Piranhas, havendo também na catinga algumas arenosas, especialmente à margem das estradas de rodagem. Não ha mattas virgens, entretanto, encontram-se cerrados, e grande quantidade de capoeiras no caminho de Paulo Affonso, assim como alguns campos. "" Preços — Um hectare de terra, nas serras, custa 1008000.","Preços — Um hectare de terra, nas serras, custa 1008000.",100000,100000,hectare,0
AL,Alagoas,O trabalhador rural ganha de 1$000 a 1$200 por dia; cosinheira de 8$000 a 12$000 mensais; lavadeira 200 réis por duzia de peças; carpinteiro 2$500 por dia; não ha escrivães nem administradores de fazenda. Os salários são pagos e os contratos cumpridos., cosinheira de 8$000 a 12$000 mensais,1000,1200,daily,carpinteiro 2$500 por dia,2500,,daily,Não é comum o emprestimo agrícola.,,,,"Qualidades - As regiões banhadas pela lagoa Manguaba e pelo Oceano são planas e em grande parte baixas e sujeitas aos alagamentos nos invernos rigorosos; esses terrenos são na maioria arenosos e misturados; a parte central é, em algumas regiões, accidentada e os terrenos argillosos, misturados e geralmente bons e regulares. Existem alguns pantanos, principalmente à margem dos rios. São ainda abundantes as mattas existentes, muitas as capoeiras, cerrados e carrascaes e poucos os campos. Preços - E' muito variável.",Preços - E' muito variável.,,,,
AL,Anadia,"Trabalhador rural, 1$000 diários; não há administradores nem escrivães de fazenda; carpinteiro, 3$000 diários; cozinheira, 8$000 mensais; as lavadeiras são pagas por peça, à razão de 240 réis a duzia (sem sabão). Os salários são pagos e os contratos cumpridos.","Trabalhador rural, 1$000 diários",1000,,daily,"carpinteiro, 3$000 diários",3000,,daily,A taxa é de 24 % ao ano.,24,24,annual,"Qualidades - Há muitas bôas, regulares e algumas inferiores; muitas misturadas e argilhosas e algumas arenosas. Em sua maioria planas, havendo algumas montanhas e pedregosas. A vegetação é representada por muitas capoeiras, cerrados, campos e alguns carrascaes. H. 2 Preços - O hectare de terra boa custa, approximadamente, 28000, variando muito o preço conforme o logar.","Preços - O hectare de terra boa custa, approximadamente, 28000, variando muito o preço conforme o logar.",2000,2000,hectare,0
AL,Atalaia,"Cotinheiras, de 6$000 a 12$000 mensais; as lavadeiras ganham por peça; carpinteiro, de 2$000 a 3$500 diários; administrador de fazenda, 50$000 mensais; não há escrivães de fazenda; nas uzinas há guarda-livros; o salário do trabalhador rural, seja colono ou camarada é de 700 réis a 1$000 diários. Os salários são pagos e os contratos cumpridos.","o salário do trabalhador rural, seja colono ou camarada é de 700 réis a 1$000 diários",700,1000,daily,"carpinteiro, de 2$000 a 3$500 diários",2000,3500,daily,A taxa é de 12 e 18% ao anno.,12,18,annual,"Qualidades - No município predominam as terras bóas e regulares, havendo também inferiores; são argilosas e mais ou menos montanhosas e secas, existindo também arenosas, misturadas, pedregosas e pantanosas. A vegetação é representada por poucas matas virgens, algumas capoeiras e poucos cerrados e campos. Preços — Um hectare de terra boa custa approximadamente, 808000 a 1008000.","Preços — Um hectare de terra boa custa approximadamente, 808000 a 1008000.",80000,100000,hectare,0
AL,Bello Monte,"Cozinheira, 6$000 a 8$000 mensas; carpinteiros, 2$000 por dia; trabalhador rural, 1$000 diarios; lavadeira, 160 réis pela duzia de peças de roupa lavada. Não ha escrivães, nem administradores de fazenda. Os salarios são pagos e os contractos cumpridos.","trabalhador rural, 1$000 diarios",1000,,daily,"carpinteiros, 2$000 por dia",2000,,daily,24 % ao anno.,24,24,annual,"Qualidades - No geral bóas e regulares, havendo poucas inferiores. Em grande parte pedegrosas; há boa parte de terras misturadas e algumas arenosas e argilosas. A vegetação é representada por muitas capoeiras e campos e alguns cerrados e carrascaes. Preços - Variam segundo a qualidade das terras.",Preços - Variam segundo a qualidade das terras.,,,,
AL,Coruripe,"Trabalhador rural, 700 réis a 18000 diários; administrador de fazenda, 500000 a 800000 annuães; não há escrivães de fazenda; carpinteiro, 28000 a 38000 diários; cozinheiro, 158000 a 208000 mensões; lavadeiras ganham por peça. Os salários são pagos e os contratos cumpridos.","Trabalhador rural, 700 réis a 18000 diários",700,1000,daily,"carpinteiro, 28000 a 38000 diários",2000,3000,daily,A taxa é de 18 a 24 % ao anno.,18,24,annual,"Bôas e argilhosas em sua maior parte; há algumas regulares e poucas inferiores. São arenosas nos taboleiros. A sua maior parte é plana e menor parte montanhosa. A vegetação é representada por poucas matas virgens, muitas capoeiras, cerrados, carrascaes e campos. Preços — Variáveis com os logares, quantidade e qualidade das terras.","Preços — Variáveis com os logares, quantidade e qualidade das terras.",,,,
AL,Euclydes Malta,"Trabalhador rural 600 réis diários; não há cozinheiros; as lavadeiras cobram por peça; carpinteiro, 28000 a 38000 diários; administrador de fazenda, de 6008000 a 1:0008000 annuães; administrador de fazenda de criar ou vaqueiro, de 3608000 a 4808000 annuães, tendo mais 28000 na peça de cada rez, para o açougue; não há escrivães de fazenda. Os salários são pagos e os contratos cumpridos.",Trabalhador rural 600 réis diários,600,,daily,"carpinteiro, 28000 a 38000 diários",2000,3000,daily,18% ao anno.,18,18,annual,"Qualidades - Em sua maioria regulares, argilosas ou misturadas e planas, havendo em menor número boas, inferiores e arenosas. A vegetação é representada por muitas matas virgens, e capoeiras, alguns cerrados, carrascaes e campos. Preços — Um hectare de terra boa custa de 808000 a 1008000, mais ou menos.","Preços — Um hectare de terra boa custa de 808000 a 1008000, mais ou menos.",80000,100000,hectare,0
AL,Junqueiro,"Trabalhador rural, 800 réis a 1$000, por dia. Não há administradores de fazenda; estas são administradas por vaqueiros que têm interesse na produção do gado, representado por uma certa porcentagem ou percebem 25$000 mensais. Um carpinteiro, 2$000 a 3$000, por dia; cozinheira, 10$000 mensais; lavadeira, 8$000 mensais ou por peça. Os salários são pagos e os contratos cumpridos.","Trabalhador rural, 800 réis a 1$000, por dia",800,1000,daily,"Um carpinteiro, 2$000 a 3$000, por dia",2000,3000,daily,24% a 30 anos.,24,30,annual,"Qualidades - As terras do município são de qualidades diversas. Em geral argilosas e boas e regulares nas encostas dos morros; arenosas e inferiores nos planaltos; grande parte do município é montanhoso na serra do Junqueiro e suas ramificações. Inferiores nos planaltos e chapadas. nos planaltos e chapadas. Há terras pedregosas; e misturadas em grande quantidade. Existem alguns campos. Há poucas matas virgens. Preços - Uma boa propriedade com meia legua quadrada, pôde-se adquirir com 20:000$000 ou 50:000$000, mais ou menos.","Preços - Uma boa propriedade com meia legua quadrada, pôde-se adquirir com 20:000$000 ou 50:000$000, mais ou menos.",20000000,50000000,legua;property,1
AL,Leopoldina,"Um trabalhador rural ganha de 800 réis a 1$000 por dia; cosinheiro, 12$000 mensais; lavadeira, 3$000; carpinteiro, 3$000 por dia; administrador de fazenda, de 60$000 a 100$000 mensais; não há escrivães de fazendas. Os salários são pagos e os contratos cumpridos.",Um trabalhador rural ganha de 800 réis a 1$000 por dia,800,1000,daily,"carpinteiro, 3$000 por dia",3000,,daily,A taxa mais geral é de 24 a 36% a 36 a 36% a 36 a 36%.,24,36,annual,"Qualidades - Na maioria são bôas e regulares, misturadas e geralmente montanhosas. Existem algumas mattas virgens, capoeiras, poucos cerrados e campos. "" Preços — E' muito variável o preço. (Vide a nota).",Preços — E' muito variável o preço. (Vide a nota).,,,,
AL,Limoeiro,"Trabalhador rural, 500 réis a 1$000 por dia; não ha administradores nem escrivães de fazenda; carpinteiro, 3$000 diários; cozinheira, 8$000 mensajes; as lavadeiras são pagas por peça à razão de 240 réis a duzia. Os salários são pagos e os contratos cumpridos.","Trabalhador rural, 500 réis a 1$000 por dia",500,1000,daily,"carpinteiro, 3$000 diários",3000,,daily,A taxa é de 24 por cento ao anno.,24,24,annual,"Qualidades - No geral bóas, havendo algumas inferiores; há argilhosas e muitas arenosas. Existem também muitas terras planas, algumas misturadas, montanhosas e pedregosas. Possue capoeiras, cerrados, carrascaes e campos. Não há mattas virgens nem pantanos. Preços — Um hectare de terra pôde custar 20$000 mais ou menos.",Preços — Um hectare de terra pôde custar 20$000 mais ou menos.,20000,20000,hectare,0
AL,Maceió,"Cozinheiro, 50$00 mensais; as lavadeiras ganham por dúzia de peças, raramente por mez (10$000); carpinteiro, 3$000 a 6$000 diários; administrador de fazenda, 50$00 mensais; não há escrivães de fazenda; o salário do trabalhador seja morador ou camarada é de 600 a 800 réis diários. Os salários são pagos e os contratos cumpridos.",o salário do trabalhador seja morador ou camarada é de 600 a 800 réis diários,600,800,daily,"carpinteiro, 3$000 a 6$000 diários",3000,6000,daily,A taxa é de 12 a 18% annígaes.,12,18,annual,"Qualidades - O município possui terras bôas, regulares e inferiores; mais ou menos planas e seccas; havendo também terras argillosas, arenosas, misturadas, pedregosas e pantanosas. A vegetação é representada por boas mattas, grandes capoeiras, cerrados e carrascaes. Preços - Um hectare de terra boa custa 50$000, approximadamente.","Preços - Um hectare de terra boa custa 50$000, approximadamente.",50000,50000,hectare,0
AL,Maragogy,"Um trabalhador rural ganha 800 réis por dia; empregados domésticos, 10$000 mensais; carpinteiro, 3$000 por dia; administrador de fazenda, 60$000 mensais; não há escravos de fazenda. Os salários são pagos e os contratos cumpridos.",Um trabalhador rural ganha 800 réis por dia,800,,daily,"carpinteiro, 3$000 por dia",3000,,daily,A taxa mais comum é de 24% ao ano.,24,24,annual,"Qualidades - As terras são em grande parte bôas e regulares, silico-argilosas, principalmente para o centro do município. No litoral predominam as terras arenosas, que apezar disso são ferteis, produzindo bem, canha e cereais. Há muita terra montanhosa e alguma pantanosa. Existem muitas matas, capoeiras e cerrados; poucos carrascaes e campos. Preços - E’ muito variável o preço das terras.",Preços - E’ muito variável o preço das terras.,,,,
AL,Muricy,"Trabalhador rural, 600 a 700 réis diários; administradores de fazenda, 50$000 a 100$000 mensais; escrivães de fazenda não há; carpinteiro, 2$000 a 3$500 diários; lavadeiras, 6$000 mensais ou por peça de roupa. Não há cosinheiros. Os salários são pagos e os contratos cumpridos.","Trabalhador rural, 600 a 700 réis diários",600,700,daily,"carpinteiro, 2$000 a 3$500 diários",2000,3500,daily,"A taxa é de 12% a 18% ao ano, sendo esta última a mais usada.",12,18,annual,"Qualidades - Ha no município, bôas, regulares e inferiores; ora argillosas, ora arenosas, ora misturadas. Em algumas partes são planas, em outras montanhosas; umas são seccas, outras pantanosas. Sua vegetação é representada por mattas virgens, capoeiras, cerrados e alguns campos. Não há carrascaes. Preço das terras é muito variável.",,,,,
AL,Palmeira dos Indios,"Trabalhador rural 1$000 mais ou menos, diarios; administradores de fazenda e escrivães não ha; carpinteiro, de 2$000 a 3$000 diarios; as lavadeiras cobram por peça; cozinheiros, 8$000 mensaes.","Trabalhador rural 1$000 mais ou menos, diarios",1000,,daily,"carpinteiro, de 2$000 a 3$000 diarios",2000,3000,daily,A taxa é de 18 a 24 por cento ao anno.,18,24,annual,"Qualidades - Predominam as bôas e regulares; ha muitas seccas, algumas misturadas e argilosas; existem arenosas e pedregosas mas não patanosas. A vegetação é representada por capoeiras, cerrados, campos e alguns carrascaes; não ha mattas virgens. "" Preços — Um hectare de terra bôa custa mais ou menos 30$000.",Preços — Um hectare de terra bôa custa mais ou menos 30$000.,30000,30000,hectare,0
AL,Pão de Assucar,"Trabalhador rural, 1$000 diários; carpinteiro, 3$000; cozinheiro, 10$000 mensais; lavadeira, 10$000 mensais; não ha administrador nem escrivães de fazenda. Os salários são pagos e os contratos cumpridos.","Trabalhador rural, 1$000 diários",1000,,daily,"carpinteiro, 3$000",3000,,,"Taxa de 12 a 24ªjª annuâes, sendo esta última muito comum.",12,12,annual,"Qualidades - Ha bóas, regulares e inferiores, argillosas e arenosas, e outras misturadas; ha muitas planas; algumas montanhosas e pedregosas; muitas seccas e poucas pantanosas. Não ha mattas virgens, porém alguns cerrados e muitos carrascaes e campos. Preços — O preço das terras varia segundo a qualidade e outras circunstâncias especiais.",Preços — O preço das terras varia segundo a qualidade e outras circunstâncias especiais.,,,,
AL,Passo de Camaragibe,"O trabalhador rural ganha de 800 réis a 1$000 por dia; cozinheira, 10$000 mensais; lavadeira, 5$000 mensais; carpinteiro, 3$000 por dia; administrador de fazenda, 600$000 a 1.200$000 annuais. Não ha escrivães de fazenda. Os salários são pagos e os contratos cumpridos.",O trabalhador rural ganha de 800 réis a 1$000 por dia,800,1000,daily,"carpinteiro, 3$000 por dia",3000,,daily,A taxa geral é de 24 *J* ao anno.,24,24,annual,"Qualidades - São na maioria bôas, umas-argillosas e outras misturadas, sendo as do alto Camaragibe geralmente montanhosas, em contraste com as do baixo Camaragibe, que têm extensas varzeas. Existem algumas terras pantanosas, principalmente na cidade, à foz do rio. A vegetação é representada por algumas mattas, capoeiras, cerrados e muito poucos carrascaes e campos. “ Preços — São muito variáveis.",Preços — São muito variáveis.,,,,
AL,Paulo Affonso,"Trabalhador rural, 1$000 diários; não há escrivães nem administradores de fazenda, mas há, dirigindo as fazendas de criar, vaqueiros que ganham de cada quatro crias, uma; carpinteiro, 3$000 diários; cozinheiro, 8$000 mensais; lavadeira ganha por peça, a razão de 200 réis a dúzia. Os salários são pagos e os contratos cumpridos.","Trabalhador rural, 1$000 diários",1000,,daily,"carpinteiro, 3$000 diários",3000,,daily,Taxa de 24 *j* e mais ao ano.,24,24,annual,"Qualidades - Ha muitas terras bóas e regulares, e algumas inferiores; ha mais argilosas que arenosas e misturadas. Ha terras frescas e montanhosas. A vegetação é representada por capoeiras, cerrados, carrascaes e campos. Não ha matta virgem. Preços — É muito variável.",Preços — É muito variável.,,,,
AL,Penedo,"Trabalhador rural, 900 réis diários; administrador de fazenda, 840$000 annuais; carpinteiro, 3$000 diários; lavadeira, 200 réis por duzia de peças de roupa; cozinheira, 15$000 mensais. Não há escrivães de fazenda. Os salários são pagos e os contractos cumpridos.","Trabalhador rural, 900 réis diários",900,,daily,"carpinteiro, 3$000 diários",3000,,daily,O juro geralmente pago pelos agricultores aos prestamistas é de 12 por cento.,12,12,annual,"Qalidades - As terras em geral são regulares; algumas são argilosas, outras arenosas e misturadas. O sólo na maior parte é plano pedregoso; secco em vários pontos e pantanoso em outros. Os terrenos montanhosos são poucos. Preço - O preço do hectare de terra boa varia conforme a cultura a que é destinada. Assim, por exemplo, para o plantio do arroz compra-se uma tarefa de terra tendo 25 por 25 braças, desde 50$000 até 100$000.","Preço - O preço do hectare de terra boa varia conforme a cultura a que é destinada. Assim, por exemplo, para o plantio do arroz compra-se uma tarefa de terra tendo 25 por 25 braças, desde 50$000 até 100$000.",50000,100000,tarefa;braca,1
AL,Piassabussú,"Trabalhador rural 800 réis diários; administrador de fazenda, 600$000 por anno; não há escrivães de fazenda; carpinteiro, 3$000 diários; cozinheiro, 8$000 mensais, e lavadeira, 6$000. Os salários são pagos e os contratos cumpridos.",Trabalhador rural 800 réis diários,800,,daily,"carpinteiro, 3$000 diários",3000,,daily,"12*1, ao anno.",1,12,annual,"Qualidades - A maior parte, bôas e regulares, inferiores algumas. Em geral baixas, e em grande parte pantanosas, especialmente na margem dos rios e riachos, que facilmente ficam alagadas, no tempo das chuvas ou inverno. Argilosas e arenosas, muitas; misturadas, algumas; planas, a maior parte. Não há mattas virgens; existem muitas capoeiras, alguns cerrados e poucos carrascaes. Há muitos campos. Preços — Para o plantio do arroz, custa, em média, 100$000, uma tarefa de terra, ou um quadrado de 25 braças por 25. Há terrenos dos quais um hectare, custa, as vezes, 5$000 e menos. Para o plantio do coqueiro, um hectare, vale, em média, 80$000.","Preços — Para o plantio do arroz, custa, em média, 100$000, uma tarefa de terra, ou um quadrado de 25 braças por 25. Há terrenos dos quais um hectare, custa, as vezes, 5$000 e menos. Para o plantio do coqueiro, um hectare, vale, em média, 80$000.",5000,100000,hectare;tarefa;braca,1
AL,Pilar,"Trabalhador rural, de 800 réis a 18000 por dia; cozinheira, 88000 a 128000 mensais; as lavadeiras, cobram por peça a razão de 200 réis por dúzia, sem sabão, ou recebem 88000 mensalmente; carpinteiro, 28000 por dia, feitores dos engenhos, de 508000 a 608000 mensais com casa para morar. Não há escrivães de fazenda. Os salários são pagos e os contratos cumpridos.","Trabalhador rural, de 800 réis a 18000 por dia",800,1000,daily,"carpinteiro, 28000 por dia, feitores dos engenhos, de 508000 a 608000 mensais com casa para morar",2000,50000,daily,"2*|* ao mez e raramente 1½, no município; na Capital 1 a meio, com garantia.",1.5,2,monthly,"Qualidades - Há muitas terras boas e regulares e algumas inferiores; umas são argilhosas, outras arenosas, outras misturadas; umas planas e outras montanhosas e algumas pedregosas, secas e outras pantanosas. Não há matas virgens, existem muitas capoeiras e cerrados, havendo poucos carrascaes; existem campos. Preços — Os preços variam com as terras, extensões, regiões, etc.","Preços — Os preços variam com as terras, extensões, regiões, etc.",,,,
AL,Piranhas,"Trabalhador rural, 1$000 diários; não há administradores nem escrivães de fazenda; carpinteiro, 3$000 diários; cozinheira, 10$000 meneses; lavadeiras lavam por peça a razão de 240 réis a dúzia. Os salários são pagos e os contratos cumpridos.","Trabalhador rural, 1$000 diários",1000,,daily,"carpinteiro, 3$000 diários",3000,,daily,Taxa de 10 ª a 18 ª ao ano.,10,18,annual,"Qualidades - Há algumas terras bôas e regulares e muitas inferiores. Há muitas arenosas, algumas argilosas e misturadas. Há montanhosas, planas e pedregosas. A vegetação é representada por capoeiras, cerrados, carrascaes e campos; não há matas virgens. menos. "" Preços — Um hectare de terra bôa pôde se comprar por 20$000 e até",Preços — Um hectare de terra bôa pôde se comprar por 20$000 e até,20000,20000,hectare,0
AL,Porto Calvo,"Trabalhador rural de 700 réis a 1$000 por dia; empregados domésticos, de 5$000 a 10$000 mensais; carpinteiro, 3$000 diários; administradores de fazenda, de 600$000 a 1:000$000. Não há escrivães de fazenda. Os salários são pagos e os contratos cumpridos.",Trabalhador rural de 700 réis a 1$000 por dia,700,1000,daily,"carpinteiro, 3$000 diários",3000,,daily,Variável de 12 a 24 por cento ao ano.,12,24,annual,"Qualidades - Na maioria bôas e regulares; argilo-silicosas e geralmente montanhosas. Existem algumas mattas, muitas capoeiras, cerrados e poucos campos. "" Preços — Muito variável.",Preços — Muito variável.,,,,
AL,Porto de Pedras,"Trabalhador rural, de 600 a 800 réis diários; administrador de fazenda, de 70$000 a 100$000 mensais; não há escrivães de fazenda; carpinteiro, 3$000 diários; lavadeira, de 4$000 a 5$000 mensais; cozinheira, de 8$000 a 10$000 mensais. Os salários são pagos e os contratos cumpridos.","Trabalhador rural, de 600 a 800 réis diários",600,800,daily,"carpinteiro, 3$000 diários",3000,,daily,A taxa é de 18 a 24 *J* ao ano.,18,24,annual,"Qualidades - O município é no geral plano, possui terras bôas, regulares e inferiores, argilosas, arenosas e misturadas. A vegetação é representada quase que exclusivamente por capoeiras e carrascaes. "" Preços — Um hectare de terra bôa custa de 50$000 a 100$000,","Preços — Um hectare de terra bôa custa de 50$000 a 100$000,",50000,100000,hectare,0
AL,Porto Real do Collegio,"Um tarbalhador rural, ganha 1$000 e as mulheres 600 réis, nas culturas de arroz. Não ha administradores, nem escrivães de fazenda; carpinteiro, 1$500 a 3$000, diários; cozinheira, 10$000 mensais; lavadeira é paga por peça, a razão de 240 a 300 réis a duzia. Os salários são pagos e os contratos cumpridos.","Um tarbalhador rural, ganha 1$000 e as mulheres 600 réis, nas culturas de arroz",600,1000,,"carpinteiro, 1$500 a 3$000, diários",1500,3000,daily,"Taxa de 24 *J*, ao anno.",24,24,annual,"Qualidades - São boas em geral, quase em sua totalidade planas, havendo para o centro do município algumas elevações do terreno, alguns morros baixos, e todos eles de boas terras. Nos limites com o município de Triumpho, há a serra da Maraba, em cuja encosta se fazem plantações, por serem as terras ali muito boas. Preços — O preço da terra varia, conforme a espécie da cultura. Nas terras alagadas, nos lamaques, nas margens das lagoas, todos lugares próprios para o arroz, o preço de uma tarefa é 50$000. As terras secas são todas em comum; compra-se a posse de uma certa porção de terreno, que nem sempre se diz onde começa e acaba, porque a área não está determinada, e planta-se e solta-se gado à vontade. É o regime da terra indivisa, sujeito a tantos accidentes sanguinários.","Preços — O preço da terra varia, conforme a espécie da cultura. Nas terras alagadas, nos lamaques, nas margens das lagoas, todos lugares próprios para o arroz, o preço de uma tarefa é 50$000. As terras secas são todas em comum; compra-se a posse de uma certa porção de terreno, que nem sempre se diz onde começa e acaba, porque a área não está determinada, e planta-se e solta-se gado à vontade. É o regime da terra indivisa, sujeito a tantos accidentes sanguinários.",50000,50000,tarefa,1
AL,Sant'Anna de Ipanema,"Trabalhador rural, 1$000 por dia; não ha administradores, nem escrivães de fazenda. Carpinteiro, 3$000 diarios; cozinheira, 8$000 mensais; lavadeira é paga por peça, a razão de 300 a 400 réis a duzia. Os salarios são pagos e os contractos cumpridos.","Trabalhador rural, 1$000 por dia",1000,,daily,"Carpinteiro, 3$000 diarios",3000,,daily,Não ha emprestimos.,,,,"Qualidades - Na maioria boas; ha misturadas em grande quantidade, bem como argilhosas. Existem algumas arenosas, bem como pedregosas. Ha poucas montanhosas, sendo quase todas planas. Ha grande quantidade de capoeiras e alguns cerrados e carrascaes, não ha mattas virgens. ” Preços — O hectare de terra pôde custar em média, 20$000.","Preços — O hectare de terra pôde custar em média, 20$000.",20000,20000,hectare,0
AL,Santa Luzia do Norte,"Trabalha flor rural, 600 réis a 18000 diários; administrador de fazenda, 508000 a 1008000 mensões; escrivães de fazenda não ha, carpinteiro, 28000 a 58000 diários; cozinheira, 108000 a 158000 mensões e lavadeira, 88000 mensões, em média. Os salários são pagos e os contratos cumpridos.","Trabalha flor rural, 600 réis a 18000 diários",600,1000,daily,"escrivães de fazenda não ha, carpinteiro, 28000 a 58000 diários",2000,5000,daily,12º!ª é a taxa mínima usual.,,,,"Qualidades - As terras do município são de qualidades muito variadas; há boas, regulares e inferiores; algumas são argilosas, outras arenças e outras misturadas; ora são planas, ora accidentadas, algumas são pedregosas e secas, outras pantanosas. ” Preços — O preço das terras é muito variável.",Preços — O preço das terras é muito variável.,,,,
AL,São Braz,"Trabalhador rural, 1$000 a 1$200, por dia; não ha administradores, nem escrivães de fazenda; ha vaqueiros encarregados de administra-as, ganhando conforme o contracto feito; carpinteiro, 3$000, diarios; cosinheira, 10$000, mensaes; lavadeiras são pagas por peça à razão de 20 réis cada uma. Os salarios são pagos e os contractos cumpridos.","Trabalhador rural, 1$000 a 1$200, por dia",1000,1200,daily,"carpinteiro, 3$000, diarios",3000,,daily,A taxa de 24% ao anno.,24,24,annual,"Qualidades - Ha terras bóas e regulares, poucas inferiores; muitas argilosas, misturadas e pedregosas; poucas arenosas; mais planas do que montanhosas. Não ha mattas virgens, porém, muitas capoeiras, cerrados e campos. "" Preços — Os preços variam, conforme a plantação a que a terra é destinada; uma tarefa de 25X25 braças, para arroz, custa em média, 25$000. Terra sécca para algodão ou cereais, com 50 braças de frente e uma legua de fundo, custa em média, 200$000.","Preços — Os preços variam, conforme a plantação a que a terra é destinada; uma tarefa de 25X25 braças, para arroz, custa em média, 25$000. Terra sécca para algodão ou cereais, com 50 braças de frente e uma legua de fundo, custa em média, 200$000.",25000,200000,tarefa;braca;legua,1
AL,S. José da Lage,"Não há cozinheiro; as lavadeiras ganham por peça; um carpinteiro ganha de 28000 a 38000 diários; um vaqueiro, de 4808000 a 60080000 annuães; administrador de fazenda, de 6008000 a 85080000 annuães; não há escrivães de fazenda; o salário do trabalhador rural seja colono ou camarada é de 600 a 800 réis diários. Os salários são pagos e os contratos cumpridos.",o salário do trabalhador rural seja colono ou camarada é de 600 a 800 réis diários,600,800,daily,um carpinteiro ganha de 28000 a 38000 diários,2000,3000,daily,A taxa é de 18 a 25 % ao anno e às vezes mais.,18,25,annual,"Qualidades - No município predominam as bóas e regulares; são mais planas que montanhosas; há argilhosas, arenosas, misturadas, pedregosas, sécas e pantanosas. A vegetação é representada por mattas virgens, capoeiras, cerrados, carrascaes e campos. Preços — Um hectare de terra boa custa approximadamente 2008000.",Preços — Um hectare de terra boa custa approximadamente 2008000.,200000,200000,hectare,0
AL,São Luiz do Quitunde,"Trabalhador rural, de 800 réis a 1$200 por dia; não há escrivães de fazenda; administrador, de 30$000 a 100$000 por mez; carpinteiro, de 2$000 a 3$000 por dia; lavadeira, de 5$000 a 6$000 mensais; cozinheira, de 6$000 a 10$000 mensais. Os salários são pagos com regularidade.","Trabalhador rural, de 800 réis a 1$200 por dia",800,1200,daily,"carpinteiro, de 2$000 a 3$000 por dia",2000,3000,daily,"1½ a 2¾ ao mez, as vezes mais.",1.5,1.5,monthly,"Qualidades - Há boas, regulares e inferiores. As arenosas encontram-se em uma extensão de cerca de nove leguas, na parte do limite sul, e vão até a foz do rio Santo Antonio Grande, e dahi até o limite com Camaragibe. Há também argilosas e misturadas, planas, montanhosas e pedregosas. A vegetação é representada por boas mattas (não propriamente mattas virgens), capoeiras, cerrados e carrascaes. Não há campos. Preços - As terras são vendidas, mais cu menos a 38000 o hectare, quando devolutas.","Preços - As terras são vendidas, mais cu menos a 38000 o hectare, quando devolutas.",3000,3000,hectare,0
AL,S. Miguel de Campos,"Trabalhador rural, ganha de 600 réis a 900 réis, por dia; administrador, 50$000 a 80$000 mensais; não ha escrivães de fazendas; carpinteiro, 2$000 a 3$000 diarios; cosinheiro, 6$000 a 10$000 mensais; lavadeira, 7$000 mensais. Os salarios são pagos e os contractos cumpridos.","Trabalhador rural, ganha de 600 réis a 900 réis, por dia",600,900,daily,"carpinteiro, 2$000 a 3$000 diarios",2000,3000,daily,18 a 24 *|* annuaes.,18,24,annual,"Qualidades - Em geral bôas, especialmente nas varzeas e encostas dos morros; geralmente argillosas ou misturadas, quer no valle do rio S. Miguel, quer no do Jequiá; em sua maioria planas. A vegetação é representada por algumas mattas virgens, capoeiras, cerrados, carrascaes e campos.",,,,,
AL,Traipú,"Cozinheira ganha 10$000 mensas; lavadeiras, 200 réis, por duzia de peças lavadas; carpinteiro, 2$000 diarios; trabalhador rural, 1$000 diarios. Não ha administrador nem escrivães de fazenda. Os salarios são pagos e os contractos cumpridos.","trabalhador rural, 1$000 diarios",1000,,daily,"carpinteiro, 2$000 diarios",2000,,daily,"A taxa usual é de 1 e 1 ½ a 2 *¹⁰, ao mez.",1,1,monthly,"Qualidades - No geral boas, havendo algumas regulares e inferiores; a maior parte misturadas, boa parte argilosas, poucas arenosas. Mais montanhosas do que planas. Não tem mattas virgens, há muitas capoeiras e campos, alguns cerrados e carrascaes. Preços — O preço das terras é muito variável. (Vide nota).",Preços — O preço das terras é muito variável. (Vide nota).,,,,
AL,Triumpho,"Um trabalhador rural, ganha de 700 réis a 1$200 diários; uma carpinteiro, 2$500 diários; não há administradores nem escrivães; cozinheira, 6$000 mensais; lavadeira, 200 réis por dúzia de peças; de fazenda. Os salários são pagos e os contratos cumpridos.","Um trabalhador rural, ganha de 700 réis a 1$200 diários",700,1200,daily,"uma carpinteiro, 2$500 diários",2500,,daily,"Pagam 18 e 24 *¹/², ao anno.",18,24,annual,"Qualidades - Há terras bôas, regulares e algumas inferiores; muitas argilosas, poucas misturadas. Há muitas planas e poucas montanhosas e pedregosas; há muitas sécas e grande porção de alagadiços, junto ao canal de Bôa Sica, mamas virgens, muito poucas, já devastadas e longe da cidade; muitas capoeiras, alguns cerrados, carrascaes e campos. Preços — Uma tarefa para arroz custa 25$000.",Preços — Uma tarefa para arroz custa 25$000.,25000,25000,tarefa,1
AL,União,"Trabalhador rural, seja colono ou camarada, 700 a 800 réis diarios; administrador de fazenda, 480$000 a 600$000 annuées; escrivães de fazenda não ha; carpinteiro, 2$000 a 3$000 diarios; as lavadeiras cobram por peça; não ha cosinheiros. Os salarios são pagos e os contractos cumpridos.","Trabalhador rural, seja colono ou camarada, 700 a 800 réis diarios",700,800,daily,"carpinteiro, 2$000 a 3$000 diarios",2000,3000,daily,A taxa é de 20 a 25 % ao anno e as vezes mais.,20,25,annual,"Qualidades - No município predominam as bóas e regulares havendo poucas inferiores; algumas são planas, outras montanhoass e seccas, existindo em grande quantidade argilosas e misturadas e em pequena quantidade arenosas, pedregosas e pantanosas. A vegetação é representada por algumas mattas virgens, cerrados, carrascaes e campos. Preços — Um hectare de terra boa custa 200$000, aproximadamente.","Preços — Um hectare de terra boa custa 200$000, aproximadamente.",200000,200000,hectare,0
AL,Viçosa,"Trabalhador rural, seja colono ou camarada, 700 réis diários; administrador de fazenda, 480$000 a 700$000 annaes; escrivães de fazenda não ha; carpinteiro, 1$500 a 3$000 diários, não ha cozinheiras; as lavadeiras ganham por peças. Os salários são pagos e os contratos cumpridos.","Trabalhador rural, seja colono ou camarada, 700 réis diários",700,,daily,"carpinteiro, 1$500 a 3$000 diários, não ha cozinheiras",1500,3000,daily,A taxa é de 18 por cento ao anno.,18,18,annual,"Qualidades - No município predominam as terras bôas e regulares, havendo poucas inferiores; algumas montanhosas, outras planas e frescas; havendo em grande parte terras argillosas e misturadas; arenosas, pedregosas e pantanosas em pequena quantidade. A vegetação é representada por mattas virgens, capoeiras, cerrados, carrascaes e campos. Preços — Um hectare de terra bôa, em condições especiais, custa 300$000, approximadamente. Entretanto há preços bem inferiores.","Preços — Um hectare de terra bôa, em condições especiais, custa 300$000, approximadamente. Entretanto há preços bem inferiores.",300000,300000,hectare,0
AL,Victoria,"Cozinheira, 8$000 mensais; lavadeira, por peça; carpinteiro, 2$500 diários; trabalhador rural, 1$000; não há escrivães nem administradores de fazenda. Os salários são pagos e os contratos cumpridos.","trabalhador rural, 1$000",1000,,,"carpinteiro, 2$500 diários",2500,,daily,"Pagam 24°j ao anno, no mínimo.",24,24,annual,"Qualidades - Predominam as regulares, havendo boas e inferiores; há mais misturadas do que arenosas e argilosas; há plantas montanhosas e pedregosas. A vegetação é representada por muitas capoeiras, cerrados e alguns carrascaes e campos. "" Preços — O hectare de terra boa, custa 40$000, mais ou menos.","Preços — O hectare de terra boa, custa 40$000, mais ou menos.",40000,40000,hectare,0
CE,Acarahú,"Um trabalhador rural ganha diariamente, a sécco, 18000 a 18200; com comida 500 a 600 réis; uma cozinhéira 108000 mensais; as lavadeiras cobram 20 réis por peça; um carpinteiro ganha 28000 a 28500 diários; não há administradores, nem escrivães de fazendas. Os salários são pagos e os contratos cumpridos.","Um trabalhador rural ganha diariamente, a sécco, 18000 a 18200",1000,1200,daily,um carpinteiro ganha 28000 a 28500 diários,2000,2500,daily,Os agricultores não se oneram com juros; os criadores pagam de 1 a 1 ½ % ao mez.,1,1,monthly,"Qualidades - Ha terras bóas nas margens do rio Acarahú, nos baixios e vazantes de rios e riachos. Terras inferiores são encontradas geralmente no littoral; destas algumas ha, que podem ser cultivadas com vantagem, quando ha bons invernos. As terras, em geral planas, são, ora areposas, ora argillosas; poucas são pedregosas e muitas seccas. Não ha mattas, existe grande porção de capoeiras; na maioria dos campos ha bóa vegetação. Preços — Uma braça (10 palmos) de frente por meia legua de fundos custa 105000, mais ou menos.","Preços — Uma braça (10 palmos) de frente por meia legua de fundos custa 105000, mais ou menos.",10000,10000,braca;legua,1
CE,Aquiraz,"Um trabalhador rural ganha 1$000 diários, sem comida; não há administradores nem escrivães de fazenda; um carpinteiro ganha 3$000 diários; um cozinheiro, de 5$000 a 10$000 mensais; as lavadeiras cobram por peças. Os salários são pagos e os contratos cumpridos. Trabalhador rural, 2$000 diários; não há administradores nem escrivães de fazenda; carpinteiro, 5$000 diários; cozinheiro, 10$000 a 20$000 mensões; lavadeiras, lavam por peça, a razão de 20 réis. Os salários são pagos e os contratos cumpridos.","Um trabalhador rural ganha 1$000 diários, sem comida",1000,,daily,um carpinteiro ganha 3$000 diários,3000,,daily,"A taxa é de 18 a 24% ao anno. A taxa é de 1 a 1000000, arceira, pão ferro e pão d'arco, etc.",18,24,annual,"Qualidades - O município tem terras de toda a sorte, bóas, regulares e inferiores. Argilosas, areuosas, misturadas, pedregosas, pantanosas, seccas, etc.; predominando, porém, as terras arenosas e planas. A vegetação é representada por capoeiras, carrascaes e campos. "" Preços — O preço das terras é muito variável. (Vide nota). TRASPORTE — Pagam de transporte, para Fortaleza, capital do Estado, em tropas, 20 réis, por litro de cereal, numa distância de 4 leguas, e para o mercado local 22 réis, para uma distância de cinco leguas. Qualidades - Há boas em Cambé, Beirada, Corregos de Gravata, Jacurutá do Coronel, Retiro, distrito de Areias, etc.; regulares, na zona das catingas arenosas, vizinhas do município de Cascavel; inferiores, as de carnaúbas. Quasi todo o município é plano e secco, tendo partes arenosas, argilosas e misturadas; as terras são pedregosas em pequena quantidade, no Cabreiro. A vegetação é representada por muitas capoeiras e carrascaes, poucos cerrados, e campos nas margens do rio Jaguaribe e Pirangi. Não há mattas virgens. Há vastos carnaubaes nas terras do município representando grande fonte de renda. Preços - Uma braça de frente, por tantas braças de fundo, em sitios de canna custa mais ou menos 50$000; de outras terras, vende-se a braça por 2$000 e 10$000, quando tem carnaúbas e fundos de meia legua.",Preços — O preço das terras é muito variável. (Vide nota).,,,,
CE,Acaraty,"Trabalhador rural, 2$000 diários; não há administradores nem escrivães de fazenda; carpinteiro, 5$000 diários; cozinheiro, 10$000 a 20$000 mensões; lavadeiras, lavam por peça, a razão de 20 réis. Os salários são pagos e os contratos cumpridos.",,2000,,,"carpinteiro, 5$000 diários",5000,,daily,"A taxa é de 1 a 1000000, arceira, pão ferro e pão d'arco, etc.",1,1,monthly,"Qualidades - Há boas em Cambé, Beirada, Corregos de Gravata, Jacurutá do Coronel, Retiro, distrito de Areias, etc.; regulares, na zona das catingas arenosas, vizinhas do município de Cascavel; inferiores, as de carnaúbas. Quasi todo o município é plano e secco, tendo partes arenosas, argilosas e misturadas; as terras são pedregosas em pequena quantidade, no Cabreiro. A vegetação é representada por muitas capoeiras e carrascaes, poucos cerrados, e campos nas margens do rio Jaguaribe e Pirangi. Não há mattas virgens. Há vastos carnaubaes nas terras do município representando grande fonte de renda. Preços - Uma braça de frente, por tantas braças de fundo, em sitios de canna custa mais ou menos 50$000; de outras terras, vende-se a braça por 2$000 e 10$000, quando tem carnaúbas e fundos de meia legua.","Preços - Uma braça de frente, por tantas braças de fundo, em sitios de canna custa mais ou menos 50$000; de outras terras, vende-se a braça por 2$000 e 10$000, quando tem carnaúbas e fundos de meia legua.",2000,50000,braca;legua,1
CE,Aracoyaba,"Um trabalhador rural ganha 1$500 por dia. Não ha administradores nem escrivães de fazenda; um carpinteiro, 4$000 diarios; um cozinheiro, 4$000 mensaes; lavadeira, 200 réis por peça de roupa. Os salarios são pagos e os contractos cumpridos.",Um trabalhador rural ganha 1$500 por dia,1500,,daily,"um carpinteiro, 4$000 diarios",4000,,daily,"1 1/2 a 2 1/2 a/º, ao mez.",1.5,2.5,monthly,"Qualidades - Boas, principalmente nas margens do rio Aracoyaba; regulares, há em grande quantidade, em diversos pontos; inferiores, principalmente nas margens do rio Xoró. Argilosas, principalmente as do Serrote e parte da zona sertaneja; arenosas, em quase toda a zona sertaneja e nas margens dos rios Aracoyaba, Candeia e Xoró; misturadas, há muitas terras; planas, quase todas as terras que ficam à margem direita do rio Xoró e na chapada da lagoa de S. João; montanhosas nos seguintes pontos: Serrote Preto, junto à Pedra Aguda (monolinho de mais de 400 metros de altura, situado à margem direita do riacho da Pedra), Serrote do Tamanco e Serrote do Sereno; pedregosas, em grande parte, nas margens dos rios Aracoyaba e do Xoró; secas, em quase todo o município; não há pantanos; existe uma pequena parte em matas virgens nos lugares Barreiros de Baixo, Pedra Aguda e em terrenos devolutos; há grande parte em capoeiras, existindo poucos cerrados e muitos carrascaes. Não há campos propriamente ditos. Preços — Um hectare de terra boa, regula de 200$000 a 300$000, preço exagerado porque há preços muito inferiores a estes.","Preços — Um hectare de terra boa, regula de 200$000 a 300$000, preço exagerado porque há preços muito inferiores a estes.",200000,300000,hectare,0
CE,Araripe,"Lavadeira 38000 a 48000 mensais; carpinteiro 28500 a 38500 diarios; trabalhador rural 700 réis a 18500 diarios. Não ha cozinheiros, administradores, nem escrivães de fazenda. Os salarios são pagos e os contractos cumpridos.",trabalhador rural 700 réis a 18500 diarios,700,1500,daily,carpinteiro 28500 a 38500 diarios,2500,3500,daily,"Variam de 10 %, 12 % e até 18 % ao anno.",10,12,annual,"Qualidades - No geral bóas, havendo algumas regulares e poucas inferiores. Ha misturadas, argilosas e arenosas. O terreno é montanhoso e secco em geral, existindo, contudo, terras planas e algumas pedregosas e pantanosas. A vegetação é representada por muitas capoeiras, alguns carrascaes e poucos campos e mattas virgens. Não ha cerrados. Preços — Um hectare de terra boa custa 308000 a 508000, mais ou menos.","Preços — Um hectare de terra boa custa 308000 a 508000, mais ou menos.",30000,50000,hectare,0
CE,Arneiroz,"Trabalhador rural, 1$000 diários; cozinheira 6$000 mensais; lavadeira 20 réis por peça de roupa; carpinteiro 2$000 diários; não há administradores, nem escrivães de fazenda. Os salários são pagos e os contratos cumpridos.","Trabalhador rural, 1$000 diários",1000,,daily,carpinteiro 2$000 diários,2000,,daily,"2 ""j"" ao mez.",2,2,monthly,"Qualidades - Ha terras bóas na serra da Catharina; regulares, à beira dos rios, riachos e adjacências das lagóas e açudes; inferiores, na maior parte do município; quase todas são argilosas, havendo algumas arenosas. Misturadas, são as da serra da Catharina, as dos baixics e dos ribeirões. Há poucas planas e muitas montanhosas. Existem mattas só nas serras de Dentro, Araripe e Olhos d'Agua. Há muita capoeira e carrascaes; poucos cerrados e campos. Preços — Uma braça de frente, por 1/2 legua de fundo, 1$500.","Preços — Uma braça de frente, por 1/2 legua de fundo, 1$500.",1500,1500,braca;legua,1
CE,Assaré,"O trabalhador rural, 18000 diários; cozinheiro, 48000 mensajes, carpinteiro, 38000 diários, lavadeira, 20 réis por peça. Não há administradores nem escrivães de fazenda. Os salários são pagos e os contractos cumpridos.","O trabalhador rural, 18000 diários",1000,,daily,"cozinheiro, 48000 mensajes, carpinteiro, 38000 diários, lavadeira, 20 réis por peça",3000,4000,daily,A taxa usual é de 2% ao mez.,2,2,monthly,"Qualidades - O zólo é muito montanhoso, secco em boa extensão e em geral, argiloso e pedregoso. Não há pantanos. A maior parte do município é de terras inferiores, excepto as terras da serra do Quinconca, que são tidas como as melhores do Assaré, e as marginais aos rios, açudes e lagóas, que são consideradas como regulares. Os terrenos da serra dos Bastões também não são mãos. As ribeiras dos rios, e em parte, as terras que constituem a chapada das serras do Araçá, Mucunan e da Lagoa, são arenosas; as da serra do Quinconca e as adjacentes às lagóas e açudes, são misturadas. A vegetação é representada em grande parte por capociras, cerrados e carrascaes. Há também alguns campos na ribeira do rio São Miguel. Preços — Um hectare de terra boa custa 2508000, mas há preços bem inferiores a este.","Preços — Um hectare de terra boa custa 2508000, mas há preços bem inferiores a este.",250000,250000,hectare,0
CE,Aurora,"Trabalhador rural $500 a 28000 diários; não há administradores nem escrivães de fazenda; carpinteiro, de 28500 a 38500 diários; cozinheiro, não há; as donas de casa geralmente fazem a cozinha; lavadeira, de 38000 a 88000 meneses. Os salários são pagos e os contratos cumpridos.",Trabalhador rural $500 a 28000 diários,500,2000,daily,"carpinteiro, de 28500 a 38500 diários",2500,3500,daily,A taxa commun é de 2 *1/2 ao mez.,0.5,2,monthly,"qualidades - Em sua maioria bôas; e na maior parte misturadas, planas e seccas existindo em menor número, regulares e inferiores, argilosas e montanhosas e pedregosas. A vegetação é representada por capoeiras e campos. Preço — Um hectare de terra boa custa de 308000 a 508000, mais ou menos.","Preço — Um hectare de terra boa custa de 308000 a 508000, mais ou menos.",30000,50000,hectare,0
CE,Barbálha,"Um trabalhador rural ganha 700 réis diarios, com alimentação e 18200 sem alimentação; não há administradores nem escrivães de fazenda; um carpinteiro ganha 28000 a 38000 diarios; uma cozinheira, 38000 a 108000 mensajes; as lavadeiras cobram 40 réis por peça de roupa lavada, dando sabão. Os salarios são pagos e os contractos cumpridos.","Um trabalhador rural ganha 700 réis diarios, com alimentação e 18200 sem alimentação",700,1200,daily,um carpinteiro ganha 28000 a 38000 diarios,2000,3000,daily,"A taxa é de 1½ a 2% ao mez. MADEIRA de lei — Pão d'arco, aroeira, angico, cumarú, jatobá, etc.",1.5,2,monthly;annual,"Qualidades - Há terras boas, regulares e inferiores; argilosas, arenosas e misturadas; no geral são planas, excepto na serra do Araripe, onde são pedregosas. São seccas nas chapadas; os brejos desaparecem no verão. Não há matas virgens; um terço talvez, da área total é ocupado por capoeiras; são poucos os cerrados; não há carrascaes nem campos. As catingas ocupam talvez uma quinta parte da área total. Preços — Muito variáveis. No lugar denominado Brejão, os proprietários pedem por uma tarefa de 25 X 25 braças de terra superior, 5:0008000 a 6:0008000; em outras regiões mais seccas custam de 1:5008000 a 3:0008000. Estes preços são exagerados e muito excepcionais; os preços correntes são baixos. O que faz aqui o valor dessas terras, tão caras, é a água que não falta, fornecida pelas fontes perennes. Infelizmente as terras nessas condições ocupam áreas reduzidas.","Preços — Muito variáveis. No lugar denominado Brejão, os proprietários pedem por uma tarefa de 25 X 25 braças de terra superior, 5:0008000 a 6:0008000; em outras regiões mais seccas custam de 1:5008000 a 3:0008000. Estes preços são exagerados e muito excepcionais; os preços correntes são baixos. O que faz aqui o valor dessas terras, tão caras, é a água que não falta, fornecida pelas fontes perennes. Infelizmente as terras nessas condições ocupam áreas reduzidas.",1500000,6000000,tarefa;braca,1
CE,Baturité,,,1000,1200,,,,,,24 por cento ao anno.,24,24,annual,"Qualidades - Os terrenos são, em geral, constituídos de uma camada aravel, de natureza argillo-silicosa e de sub-sólo argilloso. O município divide-se em duas zonas perfeitamente caracterizadas: a zona do sertão ou pastoril, formada por terrenos planos e ondulados, cobertos pelas catingas; e a zona serrana ou agrícola, constituída pelos terrenos accidentados da serra de Baturité, que são revestidos de mattas ralas e capoeiras. Actualmente a vegetação dos mattos que formam as catingas, está em estado latente, completamente despida de verdura, as árvores parecendo, à primeira vista, completamente secas mas brotando rapidamente e cobrindo-se de verdura. Entre as catingas apparentemente secas, da zona sertaneja, encontram-se muitas árvores isoladas, que desde muitos anos resistem perfeitamente às secas, que assolam esta região, ostentando sempre com grande exuberância vasta copa de folhagem verde intenso. "" Preços — Custa um hectare de terra bôa, approximadamente, 30$000; plantada de maniçoba, café, canna e outras culturas, os preços variam de 100$000 a 200$000.","Preços — Custa um hectare de terra bôa, approximadamente, 30$000; plantada de maniçoba, café, canna e outras culturas, os preços variam de 100$000 a 200$000.",30000,200000,hectare,0
CE,Beberibe,"Trabalhador rural, 18000 diarios, sem alimentação; não ha administradores nem escrivães de fazenda; carpinteiro, 38000 diarios; lavadeira, 48000 mensaes; cozinheira, 58000 mensaes. Os salarios são pagos e os contractos cumpridos.","Trabalhador rural, 18000 diarios, sem alimentação",1000,,daily,"carpinteiro, 38000 diarios",3000,,daily,A taxa é de 24% ao anno.,24,24,annual,"Qualidades - No municipio predominam as terras inferiores, havendo, no entanto, algumas bóas; são na maior parte arenosas, planas e seccas, encontrando-se raros trechos pedregosos e pantanosos. A vegetação predominante, sobretudo nos taboleiros, é a de carrascaes, existindo também muitas capoeiras. (Vide nota). "" Preços — Uma braça de terra, na margem do rio, na direcção da corrente, comprehendendo uma faixa de terreno, cuja extensão, varia com a largura da vargem, custa de 108000 a 408000, approximadamente.","Preços — Uma braça de terra, na margem do rio, na direcção da corrente, comprehendendo uma faixa de terreno, cuja extensão, varia com a largura da vargem, custa de 108000 a 408000, approximadamente.",10000,40000,braca,1
CE,Benjamin Constant,"Cozinheiro, 10$000 mensões; carpinteiro, 4$000 por dia; trabalhador rural, 1$200; lavadeira, 20 réis por peça de roupa lavada. Não há escrivães nem administradores de fazenda. Os salarios são pagos e os contractos cumpridos.","trabalhador rural, 1$200",1200,,,"carpinteiro, 4$000 por dia",4000,,daily,2 *|* ao mez.,2,2,monthly,"Qualidades - As melhores terras do município são as que constituem os valles formados pelos riachos do Mosquito e João Alves; as regulares, as que ficam nas proximidades dos riachos Santa Barbara, Bom Jesus, S. Jeronymo, Fazenda Nova, Olho d'Agua e rio Banabuiú; e as inferiores, quase todas as restantes. O sólo é muito montanhoso, quase todo pedregoso e argiloso e secco em toda a sua extensão. A vegetação é representada por algumas mattas virgens, grande número de capoeiras, alguns cerrados, carrascaes e campos. Preços — Um terreno tendo uma braça de frente por meia legua de fundos custa 1$500, mais ou menos.","Preços — Um terreno tendo uma braça de frente por meia legua de fundos custa 1$500, mais ou menos.",1500,1500,braca;legua,1
CE,Bôa Viagem,"Carpinteiro, 48000 por dia; trabalhador rural, 18200; lavadeira, 20 réis por peça; não ha administradores nem escrivães de fazenda. Os salarios são pagos e os contractos cumpridos.","trabalhador rural, 18200",1200,,,"Carpinteiro, 48000 por dia",4000,,daily,"Taxa de 1½ "" - ao mez.",1.5,1.5,monthly,"Qualidades - O solo, em geral, é montanhoso, muito argiloso e um tanto pedregoso, em quase toda a sua extensão. As terras das serras Olinda e Calogy são muito bóas; as das margens dos rios Bôa Viagem, Ramadinha e Conceição, e dos riachos Capitão Mór, Santos Cosme, e Damião são regulares. Ha bastante terras inferiores. As terras misturadas são em grande número, pois, abrangem quase todos os terrenos bons e regulares do município; as arenosas são encontradas quase, somente, em alguns terrenos das ribeiras e dos logares agrestes. A vegetação é representada, em grande parte, por capoeiras, muitos carrascaes e alguns cerrados; ha também muitos campos nos logares: Pombos, Salgado e Olho d'Agua, e algumas mattas, nas serras de Calogy e Olinda. "" Preços — Um terreno, tendo uma braça de frente, por meia legua de fundo, custa mais ou menos, 38000.","Preços — Um terreno, tendo uma braça de frente, por meia legua de fundo, custa mais ou menos, 38000.",3000,3000,braca;legua,1
CE,Brejo dos Santos,"Um trabalhador rural ganha 800 réis a 1$200 diários; não há administradores nem escrivães de fazendas; um vaqueiro ganha 20 ª das crias; um carpinteiro, 3$000 diários; uma lavadeira, 2$000 mensais; não há cozinheiros, sendo a cozinha feita pelas donas de casa. Os salários são pagos e os contratos cumpridos.",Um trabalhador rural ganha 800 réis a 1$200 diários,800,1200,daily,"um carpinteiro, 3$000 diários",3000,,daily,A taxa é de 2% ao mez.,2,2,monthly,"Qualidades - As terras do município podem ser, mais ou menos assim divididas: bôas, poucas; regulares, a maior parte e inferiores, também poucas; argilosas, a maior parte; arenosas, mais que as misturadas. Mais planas que montanhosas. A vegetação é representada por poucas matas virgens, muitas capoeiras, alguns cerrados, carrascaes e campos. Preços — Uma braça de terra boa com uma legua de fundo, 100$000 a 200$000, approximadamente.","Preços — Uma braça de terra boa com uma legua de fundo, 100$000 a 200$000, approximadamente.",100000,200000,braca;legua,1
CE,Cachoeira,"Trabalhador rural, 1$500 diarios; cozinheiro, 5$000 a 7$000 mensas; lavadeiras cobram 20 réis por peça; capinteiro, 2$000 a 3$000 diarios; não ha administradores nem escrivães de fazenda. Os salarios são pagos e os contractos cumpridos.","Trabalhador rural, 1$500 diarios",1500,,daily,"capinteiro, 2$000 a 3$000 diarios",2000,3000,daily,A taxa é de 1 ½ a 2 *1/2 ao mês.,1,2,monthly,"Qualidades - As terras do município são no geral inferiores, exceptuando-se apenas as pequenas porções que margeam os riachos e as que constituem os valles. Ha grandes taboleirós seccos, aridos e imprestaveis para a agricultura. Ha uma cadeia de outeiros e collinas sem grande elevação de cerca de dez leguas. As terras geralmente são planas, principalmente nas partes leste e sul. No geral o sólo é pedregoso. Não ha mattas virgens. As capoiras ficam nos terrenos mais ferteis. Os cerrados occupam as bases das collinas e outeiros. São poucos os carrascaes. Quasi toda a área é ocupada por campos. Preços — Os terrenos seccos custam, uma braça de frente por meia legua de fundo, de 2$000 a 3$000; os terrenos de açudes e varzeas são muito caros.","Preços — Os terrenos seccos custam, uma braça de frente por meia legua de fundo, de 2$000 a 3$000; os terrenos de açudes e varzeas são muito caros.",2000,3000,braca;legua,1
CE,Camocim,"O trabalhador rural, seja colono ou camarada ganha 1$500 diarios, a sécco, ou 800 réis livres com alimentação. O colono aqui é nacional. Uma cozinheira ganha 8$000 a 10$000 mensais; as lavadeiras cobram por peça 40 réis; um carpinteiro ganha 3$000 a 4$000 diarios, a sécco; administradores e escrivães de fazenda não há. Os salarios são geralmente pagos e os contractos cumpridos.","O trabalhador rural, seja colono ou camarada ganha 1$500 diarios, a sécco, ou 800 réis livres com alimentação",800,1500,daily,"um carpinteiro ganha 3$000 a 4$000 diarios, a sécco",3000,4000,daily,Os agricultores não fazem empréstimos.,,,,"Qualidades - São boas nos baixios dos rios e lagões, nas vasantes e nas margens dos ribeirões e riachos. As terras regulares, que são em grande quantidade, dão colheitas bem regulares. Também existem muitas terras inferiores. O terreno é ora argilloso ora arencar. Na quase totalidade os terrenos são planos, secos e pedregosos. Não há mattas e são poucas as capoeiras. Os cerrados occupam grande área; existem carrascaes e campos. Preços — Uma braça de frente, por meia legua de fundo, custa 1$000 a 2$000 mais ou menos.","Preços — Uma braça de frente, por meia legua de fundo, custa 1$000 a 2$000 mais ou menos.",1000,2000,braca;legua,1
CE,Campo Grande,"Trabalhador rural ganha 1$000 por dia; não há administradores nem escrivães de fazenda; capinteiro, 3$000 diários; cozinheiro, não há; lavadeira é paga por peça a razão de 10 réis cada uma. Os salários são pagos e os contratos cumpridos.",Trabalhador rural ganha 1$000 por dia,1000,,daily,"capinteiro, 3$000 diários",3000,,daily,A taxa é de um e meio por cento ao mez.,1.5,1.5,monthly,"Qualidades - Há terras boas na serra, regulares no sertão em grande parte, e poucas inferiores. São argilhas nas serras; arenosas no sertão e nos carrascaes. Misturadas há em grande parte. Quasi todo o município é montanhoso e muito pedregoso. A vegetação é representada por mattas virgens, muitas capoeiras, poucos cerrados, muitos carrascaes e muitos campos no sertão. Preços - Um hectare de terra custa, mais ou menos, na serra, 200$000 e no sertão, 100$000.","Preços - Um hectare de terra custa, mais ou menos, na serra, 200$000 e no sertão, 100$000.",100000,200000,hectare,0
CE,Campos Salles,"Trabalhador rural 500 réis a 1$500 diários; não há administrador nem escrivão de fazenda; não há cozinheiros, sendo a cozinha feita pelas donas de casa; uma lavadeira, 3$000 a 4$000 mensais; carpinteiro, 2$500 a 3$000 diários; os salários são pagos e os contractos cumpridos.",Trabalhador rural 500 réis a 1$500 diários,500,1500,daily,"carpinteiro, 2$500 a 3$000 diários",2500,3000,daily,A taxa é de 15 a 18 % ao anno.,15,18,annual,"Qualidades - Há bóas, inferiores e também regulares. Na maior parte são misturadas, arenosas e seccas, havendo poucas argilosas; há mais montanhosas do que planas; há pedregosas e pantanosas. A vegetação é representada por muitas capoeiras, poucas mattas virgens e carrascaes; não há cerrados. Preços — Um hectare de terra boa custa de 20$000 a 40$000, mais ou menos.","Preços — Um hectare de terra boa custa de 20$000 a 40$000, mais ou menos.",20000,40000,hectare,0
CE,Canindé,"Trabalhador rural, 1$200 diarios; não há administradores nem escrivães de fazenda; carpinteiro, 3$000 diarios; cozinheira, 8$000 mensaes; as lavadeiras cobram 20 réis por peça. Os salarios são pagos e os contractos cumpridos.","Trabalhador rural, 1$200 diarios",1200,,daily,"carpinteiro, 3$000 diarios",3000,,daily,A taxa é de 1 ½ a 2 % ao mez.,1,2,monthly,"Qualidades - As terras do município podem ser, mais ou menos, assim divididas: bôas, n’uma parte da serra do Machado, onde se cultiva maniçoba, algodão e cereães; além destas, há as formadas pelas corôas ou ilhotas dos rios Canindé e Curú, onde há grande plantação de fumo; regulares, na zona sertaneja, e que se prestam para o plantio do algodão e cereães; inferiores, em grande parte do município. São argilhosas na serra do Machado, Mariana, Serrinha, Branca, Verde, Jatobá e uma grande parte do sertão; arenosas, n’uma parte do sertão; misturadas, nas quebradas das serras e parte do sertão; planas, em bôa parte do sertão; montanhosas, na serra do Machado, Jatobá, Serrinha, Mariana e Serrotes; pedregosas, em grande parte do sertão. A vegetação é representada por poucas matas virgens na serra do Machado e por capoeiras em grande parte do município; há muitos carrascaes; não há cerrados nem campos. Preços — Um hectare de terra bôa custa 200$000, mais ou menos.","Preços — Um hectare de terra bôa custa 200$000, mais ou menos.",200000,200000,hectare,0
CE,Caridade,"Trabalhador rural, 1$200 diários; não há administradores nem escrivães de fazenda; carpinteiro, 3$000 com comida; cozinheiro, 4$000 mensais; lavadeira lava por peça a razão de 20 réis cada uma. Os salários são pagos e os contractos cumpridos.","Trabalhador rural, 1$200 diários",1200,,daily,"carpinteiro, 3$000 com comida",3000,,daily,A taxa comum de 2 a 30 a 60 mez.,2,30,monthly,"Qualidades - Boas nas margens dos rios Canindé e Batoque e de diversos riachos; regulares, nos sertões; inferiores quase que nos demais logares. Em sua maioria argilhosas, montanhosas, pedregosas e secas. A vegetação é representada por muitas capoeiras e carrascaes e poucos cerrados e campos. ” Preços — Vende-se uma braça de frente por meia legua de fundo, a 1$000, mais ou menos.","Preços — Vende-se uma braça de frente por meia legua de fundo, a 1$000, mais ou menos.",1000,1000,braca;legua,1
CE,Cascavel,"Um trabalhador rural ganha 1$000 por dia, a secco; não há administradores nem escrivães de fazenda; carpinteiro, 3$000 diários; cozinheiro, 5$000 mensais; lavadeira lava por peça. Os salários são pagos e os contratos cumpridos.","Um trabalhador rural ganha 1$000 por dia, a secco",1000,,daily,"carpinteiro, 3$000 diários",3000,,daily,A taxa é de 18 a 24% ao anno.,18,24,annual,"Qualidades - Existem no município terras bôas, nas proximidades dos rios; regulares, em pequena parte; inferiores, a maior parte. Há poucas terras argilosas e ficam entre os rios Choró e Pirangy; são quase todas arenosas; há poucas misturadas, nas proximidades da serra Redonda e serrote Matacury. São planas as formadas pelos taboleiros e montanhosas as das serras. As terras são secas em quase todo o município e pantanosas nas margens dos rios Choró e Pirangy. A vegetação é representada por capoeiras, carrascaes e campos. Não há matas virgens nem cerrados. Preços - O preço de um hectare de terra é muito variável.",Preços - O preço de um hectare de terra é muito variável.,,,hectare,
CE,Coité,"Um trabalhador rural ganha 18000 diarios; um administrador de fazenda, 4008000 a 5008000 annuaes; não há escrivães de fazenda; um carpinteiro, 48000 diarios; uma cozinheira, 68000 mensajes; as lavadeiras cobram 20 réis por peça de roupa lavada. Os salarios são pagos e os contratos cumpridos.",Um trabalhador rural ganha 18000 diarios,1000,,daily,"um carpinteiro, 48000 diarios",4000,,daily,A taxa é de 1% ao mez.,1,1,monthly,"Qualidades - O município na zona serrana mede de Norte a Sul 15 kilometros e de Leste a Oeste 25; na zona sertaneja mede de Norte a Sul cinco leguas e de Leste a Oeste, oito. As terras podem ser mais ou menos, assim divididas: Bôas, em Acarapé, Camará, Buracão, Bôa Vista, Brejo Salgado, Jacarandá, Javary, S. José, Flexeiras, Baixa Grande, Coité, Muçó, Côco, Caipora, São João, etc.; todas cultivadas com café e na maioria de argilla róxa e muito permeaveis; Regulares, em grande parte, nas baixadas, que são de massapé, próprias para plantação de canna e mandioca; inferiores, há bastante, na serra e na maior parte da zona sertaneja. São argillosas em quase toda a zona serrana e parte do sertão; arenosas, na maior do sertão e pequena parte da serra; misturadas em grande parte da serra e pouca do sertão; planas, existem muito poucas. Montanhosa em toda a parte serrana e no sertão; como no Serrote do Gavião, Bôa Vista, Vermelho, Barra, Rodeados, Santa Cruz, Raposa e Serrinha, Pedregosas, na maior parte do Sertão, e pequena parte na serra. Em matas virgens há talvez uma decima parte do município. Em capoeiras grande parte do município. Em cerrados pequena parte. Em carrascaes a maior parte da zona sertaneja. Não há campos. Preços — Um hectare, de terra bôa custa de 2508000 a 3008000, mais ou menos.","Preços — Um hectare, de terra bôa custa de 2508000 a 3008000, mais ou menos.",250000,300000,hectare,0
CE,Cratheús,"Carpinteiro, 2$500 a 3$500 diários; trabalhador rural, 1$000 por dia; lavadeira, 5$000 mensais para lavar para uma pessoa; cozinheira, 8$000 a 10$000 mensais. Não há administradores nem escrivães de fazenda.","trabalhador rural, 1$000 por dia",1000,,daily,"Carpinteiro, 2$500 a 3$500 diários",2500,3500,daily,Um e meio a dois por cento ao mez.,1.5,2,monthly,"Qualidades - Em sua maioria boas e regulares; são argilosas e arenosas; pedregosas e onduladas. A vegetação é representada por muitos carrascaes, algumas capoeiras e poucos campos e mattas virgens. "" Preços — Um hectare de terra boa custa de 30$000 a 60$000 mais ou menos.",Preços — Um hectare de terra boa custa de 30$000 a 60$000 mais ou menos.,30000,60000,hectare,0
CE,Crato,"Trabalhador rural de 500 réis a 2$000 diários; não ha administradores nem escrivães de fazenda; carpinteiro, 3$500 por dia; cozinheiro não ha; lavadeira de 5$000 a 8$000 mensais. Os salários são pagos e os contratos cumpridos. c. 12",Trabalhador rural de 500 réis a 2$000 diários,500,2000,daily,"carpinteiro, 3$500 por dia",3500,,daily,De 1 a 2*|* ao mez.,1,2,monthly,"Qualidades - Ha muitas terras bôas, algumas regulares e poucas inferiores. Existem muitas misturadas, algumas argilhosas e arenosas; sendo ora planas ora montanhosas e pedregosas. A vegetação é representada por muitas capceiras, alguns carrascaes e poucas mattas virgens e campos. Preços - Um hectare de terra bôa custa de 30$000 a 40$000, mais ou menos.","Preços - Um hectare de terra bôa custa de 30$000 a 40$000, mais ou menos.",30000,40000,hectare,0
CE,Entre-Rios,"Um trabalhador rural, adulto, ganha de 1$000 a 1$500; um rapaz, de 500 a 800 réis; um carpinteiro, de 2$500 a 3$000 por dia. Um cozinheiro, de 7$000 a 10$000; uma lavadeira, de 5$000 a 8$000 por mês. Não há administradores nem escrivães de fazenda. Os salários são pagos e os contratos cumpridos.","Um trabalhador rural, adulto, ganha de 1$000 a 1$500",1000,1500,,"um carpinteiro, de 2$500 a 3$000 por dia",2500,3000,daily,Não há prestamistas.,,,,"Qualidades - Ha terras bóas nas margens dos rios; regulares, nas coróas ou ilhotas dos mesmos e inferiores, nos taboleiros. Em quase todo o município as terras são argilosas ou misturadas, encontrando-se arenosas nas margens dos rios. Todo o município é geralmente plano. Ha pedregosas. A vegetação é representada por pequena extensão de capoeiras, alguns cerrados e muitos carrascaes e campos. Não ha mattas virgens. Preços — Um hectare de terra boa custa de 15$000 a 20$000, mais ou menos.","Preços — Um hectare de terra boa custa de 15$000 a 20$000, mais ou menos.",15000,20000,hectare,0
CE,Fortaleza,"Um trabalhador rural ganha de 2$000 a 3$000 diários; não há administradores nem escrivães de fazenda; carpinteiro, 5$000 diários; cozinheiro, 80$000 a 120$000 mensais; cozinheira, 15$000 a 30$000 mensais; as lavadeiras cobram por peça como se segue: lenço, 40 réis; par de meias, 40 réis; camisa de homem, 200 réis; collarinho, 200 réis; terno de brim, de 2$000 a 2$500, etc.",Um trabalhador rural ganha de 2$000 a 3$000 diários,2000,3000,daily,"carpinteiro, 5$000 diários",5000,,daily,A taxa de 15 a 20 *J* ao ano.,15,20,annual,"Qualidades - No geral inferiores, havendo bôas e regulares, principalmente a margem dos cursos d’água. Existem muito poucas argilosas, porém, muitas arenosas e planas, poucas pantanosas. A vegetação é representada, em geral, por capoeiras e carrascaes. Preços - As terras são vendidas por faixas de um palmo de frente, tendo de fundo extensão muito variável e sendo o preço dependente de muitas circunstâncias locais.","Preços - As terras são vendidas por faixas de um palmo de frente, tendo de fundo extensão muito variável e sendo o preço dependente de muitas circunstâncias locais.",,,,
CE,Granja,"Um trabalhador rural ganha de 1$000 a 2$000 diarios; uma cozinheira, 10$000 mensas; as lavadeiras, 20 réis, por peça; um carpinteiro, 4$000 a sécco e 2$000, com alimentação, por dia.; administradores e escrivães de fazenda não há, os que tomam conta do gado, chamados vaqueiros, percebem de cada quatro crias, uma, e parte do leite das vaccas, ou todo, conforme o contrato. Os salarios são pagos e os contratos cumpridos.",Um trabalhador rural ganha de 1$000 a 2$000 diarios,1000,2000,daily,"um carpinteiro, 4$000 a sécco e 2$000, com alimentação, por dia",2000,4000,daily,Os commerciantes pagam 1 ½ a 2 a ½% ao mez.,1,2,monthly,"Qualidades - As terras em geral são séccas e pedregosas, exceptuando-se apenas as que estão junto aos cursos d’água, onde são boas para a cultura. São planas e ora argilosas e arenosas, ora misturadas. A vegetação é representada por capoeiras, carrascaes, catingas e muitos campos. Preços — Custa 1$000, mais ou menos, uma faixa de terra boa, tendo uma braça de frente por meia legua de fundo; entretanto há exceções.","Preços — Custa 1$000, mais ou menos, uma faixa de terra boa, tendo uma braça de frente por meia legua de fundo; entretanto há exceções.",1000,1000,braca;legua,1
CE,Guarany,"Trabalhador rural, 500 réis diarios; não ha administrador nem escrivão de fazenda; carpinteiro, 4$000 diarios; cozinheiro, não tem ordenado fixo; lavadeira é paga por peça de roupa, a razão de 40 réis cada uma.","Trabalhador rural, 500 réis diarios",500,,daily,"carpinteiro, 4$000 diarios",4000,,daily,"A taxa de 2 "" | ao mez.",2,2,monthly,"Qualidades - Bôas as de massapé preto, nas baixadas; regulares as dos altos; inferiores a maior parte; grande parte de arenosas e pedregosas nos pontos elevados e na Ribeira do Chororó; misturadas algumas. O município é todo cheio de ondulações, formadas por pequenos altos, sendo os serrotes do Alagadicinho e dos Porcos, os pontos mais elevados. Não há mattas virgens, nem campos; existem algumas capoeiras e cerrados; sendo, porém, a maior parte do município coberta de carrascaes. Preços — Um hectare de terra boa pôde custar 500$000, preço exagerado e ao lado do qual há muitos outros, bem mais inferiores.","Preços — Um hectare de terra boa pôde custar 500$000, preço exagerado e ao lado do qual há muitos outros, bem mais inferiores.",500000,500000,hectare,0
CE,Ibiapina,"Um trabalhador rural ganha 500 réis diários, com alimentação; não há administradores nem escrivães de fazenda; um carpinteiro ganha 3$000 diários; um cozinheiro, 6$000; pagam 20 réis por três peças de roupa lavada. Os salários são pagos e os contratos cumpridos.","Um trabalhador rural ganha 500 réis diários, com alimentação",500,,daily,um carpinteiro ganha 3$000 diários,3000,,daily,A taxa é de 1½ *|* ao mez.,1.5,1.5,monthly,"Qualidades - O município possui terras de toda a sorte, predominando entretanto, as inferiores. Há arenosas, misturadas, sêccas e montanhosas. A vegetação é representada por pequena parte de mattas virgens e campos, e grande parte de capoeiras, cerrados e carrascaes. Preços — Muito variáveis. Um hectare de terra boa custa, às vezes, 200$000, aproximadamente.","Preços — Muito variáveis. Um hectare de terra boa custa, às vezes, 200$000, aproximadamente.",200000,200000,hectare,0
CE,Icó,"Trabalhador rural, 1$200 a 1$500 diarios a secco ou 800 com comida; carpinteiro, 3$000 diarios a secco; administradores e escrivães de fazenda não há. Lavadeiras cobram 20 réis por peça. Há vaqueiros incumbidos das fazendas de criar ganhando 25 por cento sobre as crias apanhadas annualmente nos campos. Os salarios são pagos e os contratos cumpridos.","Trabalhador rural, 1$200 a 1$500 diarios a secco ou 800 com comida",1200,1500,daily,"carpinteiro, 3$000 diarios a secco",3000,,daily,Não há prestamistas.,,,,"Qualidades - Em sua maioria inferiores; bôas e regulares, poucas; mais planas que montanhosas; mais argillosas que arenosas. A vegetação é representada por muitos campos, capoeiras e alguma matta. Preços — Um hectare de terra custa, mais ou menos, 17$000 a 20$000, ou a razão de 10$000 e 12$000 por braça de frente e meia legua de fundo. (A legua cereanse tem 2.400 braças ou seja 5.280 metros).","Preços — Um hectare de terra custa, mais ou menos, 17$000 a 20$000, ou a razão de 10$000 e 12$000 por braça de frente e meia legua de fundo. (A legua cereanse tem 2.400 braças ou seja 5.280 metros).",10000,20000,hectare;braca;legua;metro,1
CE,Iguatú,"Um trabalhador rural ganha 1$200 diarios; não há administradores nem escrivães de fazenda; um carpinteiro, 4$000 diarios; uma cozinheira, de 10$000 a 15$000 mensajes; pagam 20 réis por peça de roupa lavada.",Um trabalhador rural ganha 1$200 diarios,1200,,daily,"um carpinteiro, 4$000 diarios",4000,,daily,"A taxa é de 1 ½ a 2 "" a 300 mez.",1,2,monthly,"Qualidades - As terras do município podem ser, mais ou menos assim divididas: bôas a maior parte; regulares e inferiores, pequena parte. Argilosas quase todas; arenosas e misturadas poucas; no geral, planas. A vegetação é representada por capoeiras, cerrados, carrascaes e campos; não há mattas virgens. Preços — Um hectare de terra boa custa de 17$000 a 25$000, approximadamente.","Preços — Um hectare de terra boa custa de 17$000 a 25$000, approximadamente.",17000,25000,hectare,0
CE,Independencia,"Carpinteiro, 2$000 a 3$000 diários; trabalhador rural, 1$000 por por dia; lavadeira, 100 réis por peça de roupa lavada e passada a ferro. Não há administradores, nem escrivães de fazenda. Os salários são pagos e os contratos cumpridos.","trabalhador rural, 1$000 por por dia",1000,,daily,"Carpinteiro, 2$000 a 3$000 diários",2000,3000,daily,1 ½ a 2 *¹⁸ ao mez.,1,2,monthly,"Qualidades - Em sua maioria são argilosas, arenosas algumas, regulares a maior parte; boas, poucas; inferiores bastante. Ha pedregosas e montanhosas. A vegetação é representada por muitos carrascaes, algumas capoeiras e poucas mattas e campos. Preços — O preço do hectare de terra, varia de 30$000 a 50$000.","Preços — O preço do hectare de terra, varia de 30$000 a 50$000.",30000,50000,hectare,0
CE,Ipú,"Um trabalhador rural ganha 1$200 diarios; não ha administradores nem escrivães de fazenda; um carpinteiro ganha 4$000 diarios; um cozinheiro, 8$000 mensais; as lavadeiras cobram 20 réis por peça de roupa lavada. Os salarios são pagos e os contractos cumpridos.",Um trabalhador rural ganha 1$200 diarios,1200,,daily,um carpinteiro ganha 4$000 diarios,4000,,daily,A taxa é de um por cento ao mez.,1,1,monthly,"Qualidades - O municipio possue terras boas, regulares e inferiores. Umas são argilosas, outras arenosas, mas em sua maioria são arenosas, secas, pedregosas e accidentadas. A vegetação é representada por muitas capoeiras, carrascaes e alguns campos; há algumas mattas virgens na serra da Ibiapaba, sendo muito bôas. “ Preços — Um hectare de terra bôa custa, às vezes, até 1.000$0000, mais ou menos; este preço, porém, é exaggerado, em área de água perenne, pois ao seu lado há preços muito inferiores.","Preços — Um hectare de terra bôa custa, às vezes, até 1.000$0000, mais ou menos; este preço, porém, é exaggerado, em área de água perenne, pois ao seu lado há preços muito inferiores.",1000,1000,hectare,0
CE,Ipueiras,"Trabalhador rural, 18000 a 18500 por dia; não há administradores nem escrivães de fazenda; carpinteiro, 38500 a 58000 por dia; cozinheiro de 108000 a 158000 mensões; lavadeira, de 58000 a 108000 mensões. Os salários são pagos e os contratos cumpridos.","Trabalhador rural, 18000 a 18500 por dia",1000,1500,daily,"carpinteiro, 38500 a 58000 por dia",3500,5000,daily,Não ha prestamistas.,,,,"Qualidades - As terras podem ser mais ou menos assim divididas: bóas, na Serra de Ibiapaba e nas margens dos rios; regulares, ao lado da serra e proximidades dos rios; inferiores, nos taboleiros. São argilosas, em quase todo o município; arenosas, nos leitos dos rios; muito poucas misturadas, planas algumas; montanhosas nos planaltos da serra Ibiapaba; pedregosas em quase todo o município. A vegetação é representada por muitos cerrados e carrascaes, campos, capoeiras e mattas. Preços — Custa o hectare de 108000 a 208000, mais ou menos.","Preços — Custa o hectare de 108000 a 208000, mais ou menos.",10000,20000,hectare,0
CE,Iracema,"Um trabalhador rural, 2$000 diarios; não ha administradores, nem escrivães de fazenda; não ha cozinheiros, sendo o serviço feito pelas donas de casa; lavadeiras cobram 200 réis por peça; carpinteiro, 5$000 diarios, a secco; os salarios são pagos e os contractos cumpridos.","Um trabalhador rural, 2$000 diarios",2000,,daily,"carpinteiro, 5$000 diarios, a secco",5000,,daily,"A taxa de 3 ***, ao mez.",3,3,monthly,"Qualidades - São boas em parte as da serra do Pereiro; regulares nas margens do rio Amparo e outras; e inferiores, as demais. Argilosas são as das encostas das serras; misturadas na serra do Pereiro e arenosas no resto. São muito accidentadas, pedregosas e seccas. A maior parte do município é coberta por capoeiras, cerrados e carrascaes. Não há campos. Mattas virgens, raras. Preços — Uma braça de frente, com meia legua de fundo, 5$000.","Preços — Uma braça de frente, com meia legua de fundo, 5$000.",5000,5000,braca;legua,1
CE,Itapipóca,"Trabalhador rural, 1$200 diários; não há escrivães nem administradores de fazenda; carpinteiro, 3$000 diários; cozinheiro, 10$000 por mez, as lavadeiras cobram 20 réis por peça. Os salários são pagos regularmente.","Trabalhador rural, 1$200 diários",1200,,daily,"carpinteiro, 3$000 diários",3000,,daily,"1 ½ "" | ao mez.",1,1,monthly,"Qualidades - As terras bóas são encontradas na zona serrana; as regulares junto às margens dos rios; as inferiores nos taboleiros. Quasi todas as terras das serras são argilosas, e as da zona do littoral e pequena parte do sertão são arenosas. Nos baixios estão as terras misturadas. Bóa parte do município é plana e menor parte é montanhosa. A zona do sertão é muito pedregosa. A vegetação é representada por algumas mattas virgens, capoeiras, alguns cerrados, grande quantidade de carrascaes e poucos campos. Preços — Um hectare de terra boa custa às vezes 600$000, mas há preços bem mais inferiores.","Preços — Um hectare de terra boa custa às vezes 600$000, mas há preços bem mais inferiores.",600000,600000,hectare,0
CE,Jaguaribe-Mirim,"Um trabalhador rural ganha 1$000 diarios, sem alimentação ou 600 réis com alimentação; uma cozinheira, 10$000 mensais; as lavadeiras cobram 20 réis por peça; um carpinteiro ganha 2$000 a 3$000 por dia; não ha administradores nem escrivães de fazenda. Os salarios são pagos e os contractos cumpridos.","Um trabalhador rural ganha 1$000 diarios, sem alimentação ou 600 réis com alimentação",600,1000,daily,um carpinteiro ganha 2$000 a 3$000 por dia,2000,3000,daily,Não ha taxa fixa.,,,,"Qualidades - São boas as terras situadas nas varzeas, nas vasantes e nos alagados e vizinhança dos açudes: são regulares os terrenos arenosos do leito do Jaguaribe; quase todos os mais são secos e de qualidade inferior. São montanhosas somente as terras ao nascente do município, sendo as restantes, em geral, planas e pedregosas. A vegetação é representada por poucas capoeiras e cerrados, muitos carrascaes e em sua maior parte por campos. Preços — Uma braça de frente por meia legua de fundo, custa mais ou menos, 1$000 a 1$500.","Preços — Uma braça de frente por meia legua de fundo, custa mais ou menos, 1$000 a 1$500.",1000,1500,braca;legua,1
CE,Jardim,"Um trabalhador rural ganha 800 réis a 1$200 diarios; não ha administradores nem escrivães de fazenda; um vaqueiro ganha 20 por cento das crias; um carpinteiro, 2$000 a 2$500 diarios; uma lavadeira, 1$500 a 2$000 mensaes; uma cozinheira, 4$000 a 5$000 mensaes. Os salarios são pagos e os contractos cumpridos.",Um trabalhador rural ganha 800 réis a 1$200 diarios,800,1200,daily,"um carpinteiro, 2$000 a 2$500 diarios",2000,2500,daily,A taxa é de 1 ½ a 2 *1/2 ao mez.,1,2,monthly,"Qualidades - As terras do município podem ser, mais ou menos, assim divididas: bôas, talvez metade; regulares, um pouco menos que as inferiores. Argilhosas mais que as arenosas; misturadas, a maior parte; no geral montanhosas. A vegetação é representada por algumas mattas virgens, muitas capoeiras, carrascaes e campos. “ Preços — Uma braça de terra boa, com meia ou uma legua de fundo, custa de 100$000 a 200$000, approximadamente.","Preços — Uma braça de terra boa, com meia ou uma legua de fundo, custa de 100$000 a 200$000, approximadamente.",100000,200000,braca;legua,1
CE,Joazeiro,"Um trabalhador rural ganha 1$200 diarios; não há administradores nem escrivães de fazenda; um carpinteiro ganha de 2$000 a 3$000 diarios; uma cozinheira, de 3$000 a 5$000 mensais; as lavadeiras cobram 40 réis por peça de roupa lavada. Os salários são pagos e os contratos cumpridos.",Um trabalhador rural ganha 1$200 diarios,1200,,daily,um carpinteiro ganha de 2$000 a 3$000 diarios,2000,3000,daily,Não ha prestamistas.,,,,"Qualidades - As terras do município podem ser mais ou menos, assim divididas: bôas, a maior parte; regulares, poucas, porém, mais que as inferiores. Argilhosas, a maior parte; arenosas, um pouco mais que as misturadas; planas, quase todas. A vegetação é representada na maior parte por capoeiras e cerrados; não há mattas virgens, carrascaes nem campos. Preços — Uma braça de terra com uma legua de fundo custa de 50$000 a 100$000, approximadamente.","Preços — Uma braça de terra com uma legua de fundo custa de 50$000 a 100$000, approximadamente.",50000,100000,braca;legua,1
CE,Lavras,"Trabalhador rural, de 500 réis a 2$000 diários; não há cozinheiro; carpinteiro, de 2$500 a 4$000 diários; lavadeira, de 6$000 a 8$000 por mez; não há administradores nem escrivães de fazenda. Os salários são pagos e os contratos cumpridos.","Trabalhador rural, de 500 réis a 2$000 diários",500,2000,daily,"carpinteiro, de 2$500 a 4$000 diários",2500,4000,daily,A taxa é de 1 a 2% ao mez.,1,2,monthly,"Qualidades - A maior parte é boa, havendo algumas regulares e poucas inferiores. Há muitas argilhosas e misturadas e poucas arenosas; são montanhosas em quase toda a extensão, havendo poucas planas. São pedregosas e seccas, havendo pouco pantanosas. A vegetação é representada por muitas capoeiras, alguns carrascaes e campos; não há muitas virgens nem cerrados. Preços — Um hectare de terra boa, de cultura, custa mais ou menos, de 40$000 a 60$000.","Preços — Um hectare de terra boa, de cultura, custa mais ou menos, de 40$000 a 60$000.",40000,60000,hectare,0
CE,Limoeiro,"Trabalhador rural, 2$000 diários; cozinheiro, 15$000 mensais; lavadeira, cobra 20 réis por peça; carpinteiro, 5$000 diários. Não ha administradores nem escrivães de fazenda. Os salários são pagos e contratos cumpridos.","Trabalhador rural, 2$000 diários",2000,,daily,"carpinteiro, 5$000 diários",5000,,daily,A taxa é de um e meio por cento ao mez.,1.5,1.5,monthly,"Qualidades - Bôas nas margens dos rios e nas chapadas das serra do Apody, assim como nas represas dos açudes feitos nos leitos de muitos riachos; regulares, nas catingas ou cerrados arenosos e nas terras de lagôas; inferiores, na maior parte do município, sobretudo nos terrenos accidentados. São argilosas as da serra do Apody e pequena parte da zona sertaneja; misturadas toda a extensa planície que vae do rio Jaguaribe à serra do Apody e da outra margem do rio até cerca de uma legua de largura; arenosas as demais. São planas em toda a faixa que vae do rio Banabuiu ao rio Jaguaribe e deste às encostas da serra do Apody. O município é no geral secco. A vegetação é representada por muitas capoeiras, alguns cerrados, carrascaes e campos. Mattas virgens não ha. Preços — Vende-se a braça de terra tendo carnaúbaes, por 100$000, com uma legua de fundo. Os demais terrenos variam de 1$000 a 5$000 a braça, por legua de fundo.","Preços — Vende-se a braça de terra tendo carnaúbaes, por 100$000, com uma legua de fundo. Os demais terrenos variam de 1$000 a 5$000 a braça, por legua de fundo.",1000,100000,braca;legua,1
CE,Maranguape,"Cozinheiro ganha 10$000 mensas; lavadeira, 20 réis por peça; carpinteiro, de 4$000 a 5$000 diários; administrador de fazenda, 100$000 mensas; trabalhador rural, 1$200 diários. Não há escrivães de fazenda. Os salários são pagos e os contratos cumpridos.","trabalhador rural, 1$200 diários",1200,,daily,"carpinteiro, de 4$000 a 5$000 diários",4000,5000,daily,A taxa usual é de 1 a 2% ao mez.,1,2,monthly,"Qualidades - Na maior parte boas, algumas regulares e muito poucas inferiores; há mais argilhosas que arenosas, sendo as misturadas poucas. São mais montanhosas do que planas, e no geral pedregosas nas serras. A vegetação é representada por algumas mattas virgens, muitas capoeiras, alguns cerrados e carrascaes. Preços — Um hectare de terra boa custa 500$000, preço ao lado do qual há outros bem inferiores.","Preços — Um hectare de terra boa custa 500$000, preço ao lado do qual há outros bem inferiores.",500000,500000,hectare,0
CE,Massapé,"Um trabalhador rural ganha a sécco 1$000 e com comida de 500 a 600 réis; uma cozinheira, 10$000 mensajes; as lavadeiras cobram 20 réis por peça; um carpinteiro, 3$000 diarios, a sécco; administradores e escrivães de fazenda não ha. Os salarios são pagos e os contractos compridos.",Um trabalhador rural ganha a sécco 1$000 e com comida de 500 a 600 réis,500,1000,,"um carpinteiro, 3$000 diarios, a sécco",3000,,daily,"Os agricultores não fazem transacções, com juros. Commerciantes pagam 1 ½ ""j"" ao mez.",1,1,monthly,"Qualidades - No geral inferiores, e as regulares não são muitas, e poucas as boas. Na maior parte são argilosas e seccas. Terras acenosas há muito pouco. Não ha propriamente serras; o terreno é ondulado, e numerosos são os outeiros e pequenas collinas. Mattas não existem mais, e poucas são as capoeiras. Grande parte da vegetação é constituída por carrascaes e o resto por campos. "" Preços — Uma braça de frente por meia legoa de fundo, custa de 15$000 a 20$000, approximadamente.","Preços — Uma braça de frente por meia legoa de fundo, custa de 15$000 a 20$000, approximadamente.",15000,20000,braca,1
CE,Mecejana,"Trabalhador rural, de 800 réis a 1$500 diarios, conforme a idade; carpinteiro, de 2$500 a 3$500; cozinheiro, de 15$000 a 20$000 mensais; lavadeira, de 8$000 a 10$000. Não ha administradores, nem escrivães de fazenda. Os salarios são pagos e os contractos cumpridos.","Trabalhador rural, de 800 réis a 1$500 diarios, conforme a idade",800,1500,daily,"carpinteiro, de 2$500 a 3$500",2500,3500,,Não ha prestamistas.,,,,"Qualidades - Ha terras bóas nas baixadas onde têm o nome de “terra preta” pela cor escura; regulares e inferiores, nos taboleiros. Ha argilosas e grande quantidade de arenosas e misturadas. Ha planas, muito poucas pedregosas, não havendo montanhosas. Quasi todo o município é composto de terras seccas, encontrando-se algumas montanhosas. A vegetação é representada por algumas capoeiras, cerrados, e muitos carrascaes. Não há mattas virgens, nem campos propriamente ditos. "" Preços — Um hectare de terra boa, custa de 30$000 a 40$000.","Preços — Um hectare de terra boa, custa de 30$000 a 40$000.",30000,40000,hectare,0
CE,Meruoca,"Trabalhador rural, ou camarada, de 800 réis a 18000 diarios, sem alimentação, ou 400 a 500 réis com alimentação; cozinheira, 105000 mensões; lavadeira, 20 réis por peça; carpinteiro, 35000 diarios, a secco; administradores e escrivães de fazenda não há. Na fazenda do Monte, há um feitor que vence a mensalidade de 505000. Os salarios são pagos e os contractos cumpridos.","Trabalhador rural, ou camarada, de 800 réis a 18000 diarios, sem alimentação, ou 400 a 500 réis com alimentação",800,1000,daily,"carpinteiro, 35000 diarios, a secco",35000,,daily,Não ha prestamistas.,,,,"Qualidades - As terras deste município são em sua maior parte bôas. Geralmente argilosas; poucas são as arenosas e misturadas. A vegetação é representada quasi que exclusivamente por capoeiras, sendo as mattas virgens, os cerrados e carrascaes em diminuto número. "" Preços — Uma braça de frente, por 1.300 metros de fundo, de terra bôa, custa 208000, mais ou menos.","Preços — Uma braça de frente, por 1.300 metros de fundo, de terra bôa, custa 208000, mais ou menos.",20000,20000,braca;metro,1
CE,Milagres,"Trabalhador rural, de 800 réis a 15000 diarios; não há administradores nem escrivães de fazenda; o vaqueiro tem 25 m³ das crias do gado de que toma conta; carpinteiro, de 25000 a 35000 diarios; as lavadeiras cobram 20 réis por peça de roupa lavada; não há cozinheiros, as donas de casa fazem a cozinha. Os salarios são pagos e os contractos cumpridos.","Trabalhador rural, de 800 réis a 15000 diarios",800,1000,daily,"carpinteiro, de 25000 a 35000 diarios",25000,35000,daily,A taxa é de 1 ½ a 2 a ½ ao mez.,1,2,monthly,"Qualidades - As terras do município podem ser mais ou menos assim divididas: bóas, poucas; regulares e inferiores talvez em partes eguães; argilosas, quase metade; arenosas, talvez menos de metade; misturadas, muito poucas. Mais montanhosas do que planas. A vegetação é representada por capoeiras, cerrados, carrascaes e campos. Não há mattas virgens. Preços — Uma braça de terra boa com 1/2 legua de fundo, custa de 505000 a 1005000, approximadamente.","Preços — Uma braça de terra boa com 1/2 legua de fundo, custa de 505000 a 1005000, approximadamente.",50000,100000,braca;legua,1
CE,Missão Velha,"Trabalhador rural, de 800 réis a 15200 diários; não há administradores nem escrivães de fazendas; vaqueiro ganha 20 por cento das crias; carpinteiro, de 28000 a 35000 diários; não há cozinheiros; as lavadeiras cobram 20 réis por peça, dando o sabão. Os salários são pagos e os contratos cumpridos.","Trabalhador rural, de 800 réis a 15200 diários",800,1200,daily,"carpinteiro, de 28000 a 35000 diários",2000,35000,daily,"A taxa é de de 1 ½ por cento ao mez. MADEIRA de lei — Cedro, pão d'arco, aroeira, angico, cumarú, carnaúba, e pão branco.",1,1,monthly;annual,"Qualidades - A área do município é avaliada em 360 kilometros quadrados, approximadamente. As terras podem ser mais ou menos, assim divididas: bôas, poucas; regulares, mais que as bôas e talvez eguães as inferiores; argilosas, mais que arenosas. Umas são montanhosas, outras planas. Quanto à vegetação o município é formado de poucas mattas e de muitas capoeiras, alguns cerrados, carrascaes e campos. - Preços — Uma braça de terra, com meia ou uma legua de fundo, custa 505000, 1005000 e 2005000; as terras de brejo são vendidas a 5005000 a braça.","Preços — Uma braça de terra, com meia ou uma legua de fundo, custa 505000, 1005000 e 2005000; as terras de brejo são vendidas a 5005000 a braça.",50000,500000,braca;legua,1
CE,Morada Nova,"O trabalhador rural, 2$000 diários; não ha administradores nem escrivães de fazenda; carpinteiro, 4$500 diários; cozinheiro, 8$000 mensais; lavadeira 200 réis por peça. Os salários são pagos e os contratos cumpridos.","O trabalhador rural, 2$000 diários",2000,,daily,"carpinteiro, 4$500 diários",4500,,daily,A taxa é de 2 *|* ao mez.,2,2,monthly,"Qualidades - Ha bôas, regulares e grande parte de inferiores, estas nas catingas e carrascaes. Ha terras argillosas na serra do “Olho d’Agua” e nos serrotes; arenosas nas catingas e margens de rios e riachos; e há também misturadas, que são consideradas bôas. A vegetação é representada por poucas mattas, muitas capoeiras, muitos cerrados e carrascaes e poucos campos. Preços — Um hectare de terra bôa custa 400$000, mais ou menos, preço ao lado do qual há muitos outros e bem inferiores.","Preços — Um hectare de terra bôa custa 400$000, mais ou menos, preço ao lado do qual há muitos outros e bem inferiores.",400000,400000,hectare,0
CE,Mulungú,"Um trabalhador rural ganha 1$200 diarios; um administrador de fazenda, de 60$000 a 100$000 mensais; não ha escrivães de fazenda; um carpinteiro ganha 5$000 diarios; uma cozinheira, 6$000 mensais; as lavadeiras ganham 20 réis por peça de roupa lavada. Os salarios são pagos e os contractos cumpridos.",Um trabalhador rural ganha 1$200 diarios,1200,,daily,um carpinteiro ganha 5$000 diarios,5000,,daily,A taxa é de 1 ½ % ao mez.,1,1,monthly,"Qualidades - O município possue grande parte de terras bóas e regulares e pequena parte inferiores; há terras argilosas, arenosas e misturadas. O terreno é muito montanhoso, plano na parte alta e baixadas arenosas. A vegetação é representada por mattas virgens, muitas capoeiras e alguns cerrados; não há carrascaes nem campos naturais. Preços — Um hectare de terra custa de 300$000 a 400$000, aproximadamente; entretanto há preços bem inferiores. TRAN, PORTES — O transporte para o mercado local é de sete réis o litro ou kilo. O frete para a estação de Baturité é de 2$000, por 15 kilos e para a de Canindé, 4$000.","Preços — Um hectare de terra custa de 300$000 a 400$000, aproximadamente; entretanto há preços bem inferiores. TRAN, PORTES — O transporte para o mercado local é de sete réis o litro ou kilo. O frete para a estação de Baturité é de 2$000, por 15 kilos e para a de Canindé, 4$000.",2000,400000,hectare,0
CE,Pacatuba,"Um trabalhador rural ganha 1$500 por dia. Não há administradores nem escrivães de fazendas. Um carpinteiro ganha 4$000 por dia; cozinheiro, 8$000 mensões; lavadeiras são pagas a 200 por peça. Os salarios são pagos e os contractos cumpridos.",Um trabalhador rural ganha 1$500 por dia,1500,,daily,Um carpinteiro ganha 4$000 por dia,4000,,daily,Um por cento ao mez.,1,1,monthly,"Qualidades - São boas as terras da parte oriental da serra da Aratanha; regulares, as das planícies; inferiores, as dos carrascaes e saigados; argilhosas, as da serra da Aratanha e uma boa parte das terras planas do município; arenosas em grande parte as das planícies. Em boa parte planas; montanhosas as da serra da Aratanha, dos serrotes Jatobá, Itaitinga, Juá, da Macaca e Tamboatá; pedregosas em grande parte. Há muito poucas muitas virgens, poucos serrados e campos e muito carrascaes. Preços — Um hectare de terra boa regula 300$000, havendo preços bem inferiores a estes.","Preços — Um hectare de terra boa regula 300$000, havendo preços bem inferiores a estes.",300000,300000,hectare,0
CE,Pacoty,"Um trabalhador rural ganha de 1$200 a 1$500 diarios; um administrador de fazenda 600$000 a 1:500$000 annuaes; não há escrivães de fazenda; um carpinteiro ganha 3$500 diarios; uma cozinheira, 12$000 mensacs; as lavadeiras cobram 300 réis por duzia de peças de roupa lavada. Os salarios são pagos e os contractos cumpridos.",Um trabalhador rural ganha de 1$200 a 1$500 diarios,1200,1500,daily,um carpinteiro ganha 3$500 diarios,3500,,daily,A taxa é de 1 ½ a 2 ¹⁄₂ ao mez.,1,2,monthly,"Qualidades - O município possue uma área de cerca de 21 leguas quadradas, cujas terras podem ser, mais ou menos, assim divididas; bóas, na zona serrana; regulares e inferiores na maior parte. Argillosas em quase toda a zona serrana e pequena parte do sertão; arenosas quase toda parte sertaneja e pequena parte da serrana; misturadas, em grande parte, nas quebradas das serras; pedregosas na maior parte das serras, para o lado do sertão; planas, em quase todo o sertão; montanhosas em toda a zona serrana e nos serrotes do sertão. A vegetação é representada por matas virgens em pequena parte da serra, por capoeiras, em grande parte da serra e do sertão; por carrascaes e campos no sertão. Preços — No sertão uma braça de terra, com meia legua de fundo, custa 2$000; na serra não há preços estabelecidos.","Preços — No sertão uma braça de terra, com meia legua de fundo, custa 2$000; na serra não há preços estabelecidos.",2000,2000,braca;legua,1
CE,Palma,"Um trabalhador rural (camarada), ganha 1$200 diarios, a secco, ou 600 a 800 réis livres; uma cozinheira, 10$000 mensacs; uma lavadeira, 20 réis por peça lavada; um carpinteiro, 2$500 a 5$000 diarios, conforme as condições; não ha administradores nem escrivães de fazenda; existem vaqueiros que têm 20 *|* das crias do gado do qual tomam conta. Os salaros são pagos e os contractos cumpridos.","Um trabalhador rural (camarada), ganha 1$200 diarios, a secco, ou 600 a 800 réis livres",600,1200,daily,"um carpinteiro, 2$500 a 5$000 diarios, conforme as condições",2500,5000,daily,Não ha emprestimos.,,,,"Qualidades - As terras são: bôas nas baixadas, junto aos rios e riachos; regulares, nas chapadas das serras; inferiores, nos taboleiros. As terras de Fleixerinhas, são especialmente frescas, havendo ali uma fonte, apparecendo num jorro d'água perenne, de um sólo de grande fertilidade. Parte das terras são argilosas, parte arenosas. Ha grandes extensões planas e outras montanhosas. Os terrenos são muito pedregosos. Ha poucos cerrados; os campos occupam a maior área; não ha mattas virgens, porém, muitas capoeiras. Preços — Um terreno com uma braça de frente, por meia de fundo custa 3$000, mais ou menos.","Preços — Um terreno com uma braça de frente, por meia de fundo custa 3$000, mais ou menos.",3000,3000,braca,1
CE,Paracurú,"Trabalhador rural, 1$200 por dia; não há cozinheiro; lavadeira cobra 10 réis por peça, carpinteiro ganha 3$000 diarios. Não há administradores nem escrivães de fazenda.","Trabalhador rural, 1$200 por dia",1200,,daily,"lavadeira cobra 10 réis por peça, carpinteiro ganha 3$000 diarios",3000,,daily,Taxa de 2 *|* ao mez.,2,2,monthly,"Qualidades - São boas as terras dos brejos, às margens dos rios Curú e S. Gonçalo, e as das mattas virgens; regulares, as das capoeiras na sua maior parte; inferiores, as dos carrascaes e taboleiros, na zona do littoral. São argillosas em toda a zona do sertão; arenosas em todo o littoral e misturadas nos brejos. O município tem terras planas, e onduladas. Há pequena parte pedregosa. A vegetação é representada por algumas mattas virgens, capoeiras, cerrados carrascaes e campos. Preços — Um hectare, de terras frescas, de água perenne, boas, custa 1.000$000 e em terras seccas, boas, 100$000, mas ao lado destes preços exagerados há outros e bem inferiores, incomparavelmente bem inferiores.","Preços — Um hectare, de terras frescas, de água perenne, boas, custa 1.000$000 e em terras seccas, boas, 100$000, mas ao lado destes preços exagerados há outros e bem inferiores, incomparavelmente bem inferiores.",100000,1000000,hectare,0
CE,Pedra Branca,"Cozinheiro, 10$000 mensais; carpinteiro, 3$000 diários; lavadeira. 20 réis por peça de roupa; não há escrivães nem administradores de fazenda. Os salários são pagos e os contractos cumpridos.",-,-,-,,"carpinteiro, 3$000 diários",3000,,daily,1 ^{a} ao mez.,1,1,monthly,"Qualidades - As terras da zona serrana, são quase todas boas; as da zona sertaneja e das margens dos rios, açudes e riachos são regulares; os terrenos seccos do sertão são inferiores. Todas elas são argilosas excepto alguns terrenos da parte serrana e uns pequenos taboleiros do sertão, de terras arenosas; a maior parte da serra de Santa Rita, é de terras misturadas. O sólo é montanhoso em quase toda a sua extensão, pedregoso no sertão e nas quebradas da serra de Santa Rita, e geralmente secco na zona sertaneja e em alguns lugares da serra. A vegetação, que em alguns pontos é verdejante, densa e luxuriante, é representada na maior parte, por mattas virgens, capoeiras, alguns campos e carrascaes. Preços — Na serra, os terrenos são todos municipais, cobrando a Camara, de fórum, 12$000 por uma legua em quadra e 5$000 por uma braça aforada. As terras do sertão são mais baratas; assim, um terreno tendo uma braça de frente, por meia legua de fundo, custa 2$500, mais ou menos.","Preços — Na serra, os terrenos são todos municipais, cobrando a Camara, de fórum, 12$000 por uma legua em quadra e 5$000 por uma braça aforada. As terras do sertão são mais baratas; assim, um terreno tendo uma braça de frente, por meia legua de fundo, custa 2$500, mais ou menos.",2500,12000,braca;legua,1
CE,Pentecoste,"Trabalhador rural, 800 réis diários; não há administradores nem escrivães de fazenda nem cozinheiros ou carpinteiros; pagam 20 réis por peça de roupa lavada. Os salários são pagos e os contratos cumpridos.","Trabalhador rural, 800 réis diários",800,,daily,não há administradores nem escrivães de fazenda nem cozinheiros ou carpinteiros,,,,Não há empréstimos.,,,,"Qualidades - O município possui terras inferiores em grande porção, regulares e boas, em pequena porção; na sua maioria são seccas, pedregosos, arenosas e argilosas; pequena quantidade planas e montanhosas. A vegetação é representada em grande parte por capoeiras e carrascaes e pequena parte de campos. Preços - Um hectare de terra bôa custa 100$000 a 200$000, approximadamente; mas há preços muito e muito inferiores a estes.","Preços - Um hectare de terra bôa custa 100$000 a 200$000, approximadamente; mas há preços muito e muito inferiores a estes.",100000,200000,hectare,0
CE,Pereiro,"O trabalhador rural ganha por dia 1$300, sem alimentação e 700 a 800 réis com alimentação; não ha administradores nem escrivães de fazenda; um vaqueiro ganha 25% das crias e 50% do leite produzido pelas vaccas, cuja guarda lhe está confiada; um carpinteiro ganha 4$000 diarios; não ha cozinheiras ou cozinheiros, as donas de casa cuidam da cozinha; as lavadeiras cobram de 20 a 40 réis por peça. Os salarios são pagos e os contractos cumpridos.","O trabalhador rural ganha por dia 1$300, sem alimentação e 700 a 800 réis com alimentação",700,1300,daily,um carpinteiro ganha 4$000 diarios,4000,,daily,Não ha emprestimos.,,,,"Qualidades - As terras do município são: geralmente bóas, em cima da serra do Pereiro; regulares nas chapadas e embaixo das serras, e inferiores, nos taboleiros; em grande parte, argillosas, e em pequena parte arenosas e misturadas; na maioria montanhosas, pedregosas e secas. A vegetação é representada por algumas mattas virgens, muitas capoeiras e cerrados e poucos carrascaes e campos. Preços — Uma braça de frente por meia legua de fundo custa mais ou menos, 10$000.","Preços — Uma braça de frente por meia legua de fundo custa mais ou menos, 10$000.",10000,10000,braca;legua,1
CE,Porangaba,"Trabalhador rural, 18000 a 18500 diarios; carpinteiro, de 38000 a 48000 por dia; lavadeira, 100 réis por duas peças de roupa. Não há administradores nem escrivães de fazenda.","Trabalhador rural, 18000 a 18500 diarios",1000,1500,daily,"carpinteiro, de 38000 a 48000 por dia",3000,4000,daily,"1 ½ a 2 ""i"".",1,2,monthly,"Qualidades - O sólo é quase todo plano, raramente pantanoso e muito pouco pedregoso. Quase todas as terras do município são regulares, havendo algumas bôas e inferiores. Há grande número de terrenos arenosos e alguns argilosos e misturados. A vegetação é representada na maior parte por carrascaes, muitos campos e algumas capoeiras; não há mattas nem cerrados. Preços — Um hectare de terra boa custa de 608000 a 808000, mais ou menos.","Preços — Um hectare de terra boa custa de 608000 a 808000, mais ou menos.",60000,80000,hectare,0
CE,Porteiras,"Trabalhador rural ganha de 600 réis a 18000 diarios; não há administradores nem escrivães de fazenda; um vaqueiro ganha 20% das crías do gado de que toma conta; carpinteiro, 38000 diarios; lavadeira, 38000 mensajes; cozinheira, 38000 mensajes. Os contratos são cumpridos e os salarios pagos.",Trabalhador rural ganha de 600 réis a 18000 diarios,600,1000,daily,"carpinteiro, 38000 diarios",3000,,daily,A taxa é de 1½ a 2º/º ao mez.,1.5,1.5,monthly,"Qualidades - Em sua maioria boas e misturadas, montanhosas e seccas, existem algumas regulares e argilhosas e poucas inferiores e arenosas. A vegetação é representada por muitas capoeiras, algumas matas virgens, cerrados, carrascaes e poucos campos. Preços — Uma braça de terra boa, com uma legua de fundo, custa de 200$000 a 300$000, approximadamente.","Preços — Uma braça de terra boa, com uma legua de fundo, custa de 200$000 a 300$000, approximadamente.",200000,300000,braca;legua,1
CE,Quixada,"Uma cozinheira ganha, de 108000 a 128000 mensões; as lavadeiras cobram por peças; um carpinteiro ganha 48000 diários; administradores e escrivães de fazenda, não há; o salário diário do trabalhador rural, seja colono ou camarada é de 18000 (com alimentação). Os salários são pagos e os contratos cumpridos.","o salário diário do trabalhador rural, seja colono ou camarada é de 18000 (com alimentação)",1000,,daily,um carpinteiro ganha 48000 diários,4000,,daily,Não há prestamistas.,,,,"Qualidades - Predominam no município as terras bóas e regulares. Geralmente são misturadas e planas, existindo algumas montanhosas e pedregosas. A vegetação é representada por capociras, campos, e abundantes catingas. Não existem mattas virgens, cerrados e carrascaes (vide nota). Preços — Um hectare de terra bôa, varia, entre 30$000 e 50$000.","Preços — Um hectare de terra bôa, varia, entre 30$000 e 50$000.",30000,50000,hectare,0
CE,Quixará,"O trabalhador rural ganha de 500 a 1$000 diários; lavadeira ganha 2$000 mensais para lavar para uma pessoa; carpinteiro, 3$000 por dia. Não há administradores nem escrivães de fazenda. Os salários são pagos e os contractos cumpridos.",O trabalhador rural ganha de 500 a 1$000 diários,1000,,daily,"carpinteiro, 3$000 por dia",3000,,daily,Um a um e meio por cento. E' muito raro tirarem dinheiro a juro.,1,1.5,monthly,"Qualidades - Mais da metade das terras do município são regulares; uma quarta parte boa e o resto inferiores. Dentre ellas muitas são argilosas, outras misturadas e algumas arenosas. O sólo é quase todo montanhoso, muito pedregoso, secco em alguns lugares e pantanoso em outros. A vegetação é representada por carrascaes e capoeiras; há também algumas matas virgens. Preços — Um hectare de terra boa custa 40$000 a 50$000, mais ou menos.","Preços — Um hectare de terra boa custa 40$000 a 50$000, mais ou menos.",40000,50000,hectare,0
CE,Quixeramobim,"Trabalhador rural, de 1$000 a 1$500 diários, sendo este último preço a secco; administradores e escrivães de fazenda não ha; existem vaqueiros que servem de administradores, nas fazendas de criar, percebendo para esse fim, uns, a produção (leite e manteiga) dos três primeiros mezes do inverno, outros, ainda 2$000 por cada vez que retiram do campo, e ainda outros, além dos produtos acima citados, uma cria de cada cinco crias. Carpinteiro, de 3$000 a 3$500 diários; cozinheira, de 10$000 a 12$000 mensais; lavadeira cobra de 20 a 40 réis por peça a lavar. Os contractos são cumpridos e os salários pagos.","Trabalhador rural, de 1$000 a 1$500 diários, sendo este último preço a secco",1000,1500,daily,"Carpinteiro, de 3$000 a 3$500 diários",3000,3500,daily,Não ha taxa fixa.,,,,"Qualidades - O município possui terras boas, regulares, inferiores, argilosas, arenosas e misturadas, sendo porém em sua maior parte, bôas e argilosas. Predominam as terras pedregosas e montanhosas. A vegetação é representada na maior parte por capoeiras, cerrados e campos, existindo poucos carrascaes e raras mattas virgens. "" Preços — Um terreno de uma braça de frente por meia legua de fundo custa de 1$000 a 3$000 no máximo.",Preços — Um terreno de uma braça de frente por meia legua de fundo custa de 1$000 a 3$000 no máximo.,1000,3000,braca;legua,1
CE,Redempção,"Trabalhador rural, 1$500 diários; não há administradores nem escritões de fazenda; carpinteiro, 3$000 diários; cozinheira, 5$000 mensais; as lavadeiras cobram 20 réis por peça.","Trabalhador rural, 1$500 diários",1500,,daily,"carpinteiro, 3$000 diários",3000,,daily,A taxa é de um a um e meio por cento ao mez.,1,1.5,monthly,"Qualidades - Há terras boas, regulares e inferiores; argilosas, arenosas e misturadas. A maior parte das terras são planas, algumas são pedregosas. A vegetação é representada por poucas matas virgens, muitas capoeiras, cerrados, carrascaes e campos nas margens do rio Choró. “ Preços — Um hectare de terra boa custa, 250$000, mais ou menos. TRASPORTES — O transporte para o mercado local, feito por animais, custa sete réis o litro; o transporte ferroviário custa 10 réis por kilo; feito por tropas ou carros, 20 réis dentro do município.","Preços — Um hectare de terra boa custa, 250$000, mais ou menos.",250000,250000,hectare,0
CE,Riacho do Sangue,"O trabalhador rural ganha 800 réis diarios, com alimentação; uma cozinheira 68000 mensajes; as lavadeiras cobram 20 réis por peça; um carpinteiro ganha 28000 diarios, com alimentação; não há administradores nem escrivães de fazenda. Os salarios são pagos e os contractos cumpridos.","O trabalhador rural ganha 800 réis diarios, com alimentação",800,,daily,"um carpinteiro ganha 28000 diarios, com alimentação",2000,,daily,Não ha empréstimos.,,,,"Qualidades - São bôas as terras situadas nas proximidades dos rios, açudes e riachos; regulares as situadas nas chapadas, que ocupam pequena área do município, e inferiores às dos taboleiros. No geral são argilhosas, pedregosas e planas. Não há mattas virgens, mas algumas capoeiras, cerrados e carrascaes, sendo a quasi totalidade da área ocupada por campos. “ Preços — Uma braça de frente por uma legua de fundo, custa de 500 réis a 18000.","Preços — Uma braça de frente por uma legua de fundo, custa de 500 réis a 18000.",500,1000,braca;legua,1
CE,São Bernardo das Russas,"Trabalhador rural, 2$000 diários; não ha administradores nem escrivães de fazenda; cozinheiro, 10$000; lavadeiras são pagas a razão de 20 réis por duas peças. Os salários são pagos e os contratos cumpridos.","Trabalhador rural, 2$000 diários",2000,,daily,,,,,A taxa é de 3 % ao mez.,3,3,monthly,"Qualidades - São boas as da zona do rio Palhano, as das margens do rio Jaguaribe; inferiores as dos taboleiros e catingas. Há terras argilosas, arenosas e misturadas em partes talvez eguais; quase todas são planas. A parte montanhosa está nas serras da Palpina, do Apody e do Cajueiro; são pedregosas principalmente as terras nas margens do Palhano. Não há mattas virgens; existem capoeiras, cerrados e carrascaes em grande parte e alguns campos. Preços — Uma braça de frente por uma legua de fundo, em terras de carnaúbas custa 100$000. As demais terras são vendidas a 5$000 a braça de frente por uma legua de fundo.","Preços — Uma braça de frente por uma legua de fundo, em terras de carnaúbas custa 100$000. As demais terras são vendidas a 5$000 a braça de frente por uma legua de fundo.",5000,100000,braca;legua,1
CE,Saboeiro,Uma lavadeira ganha 20 réis por peça. Não ha administradores nem escrivães de fazenda. E' difficil encontrar carpinteiros ou cozinheiros no município. Os salarios são pagos e os contractos cumpridos.,-,-,-,,E' difficil encontrar carpinteiros ou cozinheiros no município,,,,"O juro que os agricultores pagam aos prestamistas, é em geral de 2% ao mez.",2,2,monthly,"Qualidades - O sólo em geral, é argilloso e pedregoso; plano nos baixios; montanhoso nas serras do Flamengo, da Estrella, dos Bastões, das Porteiras, do Mucambinho, da Preguiça, do Cangati, etc. Não há pantanos. São regulares as terras das serras do Flamengo, Estrella, Penha e Mucambinho, e boas as terras dos baixios, das margens dos rios e riachos que constituem as melhores terras do município, que no geral são arenosas e misturadas. A vegetação é representada em grande parte por capoeiras, carrascaes e campos. Não há mattas virgens. Preços — No município não se costuma vender hectares de terra, mas terrenos, tendo uma braça de frente por meia legua de fundo. Entre os melhores terrenos destacam-se os das margens do rio Jaguaribe; estes são vendidos à razão de 5$000 cada braça de frente.","Preços — No município não se costuma vender hectares de terra, mas terrenos, tendo uma braça de frente por meia legua de fundo. Entre os melhores terrenos destacam-se os das margens do rio Jaguaribe; estes são vendidos à razão de 5$000 cada braça de frente.",5000,5000,braca,1
CE,Sant'Anna,"O trabalhador rural ganha por dia, de 500 a 600 réis livres, ou 18000 a 18200 a sécco; uma cozinheira, 88000 mensajes; as lavadeiras cobram 20 réis por peça e as rédeis a 300 e 400 réis cada uma; um carpinteiro ganha 28000 diarios, livres, ou 38000, a secco. Administradores e escrivães de fazenda não ha. Os salarios são pagos e os contractos cumpridos.","O trabalhador rural ganha por dia, de 500 a 600 réis livres, ou 18000 a 18200 a sécco",500,600,daily,"um carpinteiro ganha 28000 diarios, livres, ou 38000, a secco",2000,3000,daily,A taxa de 1½ e 2¢/ha ao mez. Só os commerciantes fazem transacções de juros.,1.5,2,monthly,"Qualidades - Ha terras bôas nos muitos baixios de rios e riachos e tambem nos logares que ficam logo abaixo do açude do Acarahú, que os banha, e podendo irrigal-as nas occasiões próprias. Ha tambem terras regulares e inferiores. Na maior parte são argilosas, das quaes são regulares umas e inferiores outras; arenosas só nas margens do Acarahú. No geral, planas. A vegetação é representada por muitos campos, carrascaes e capoeiras, cerrados e mattas virgens não ha. Preços — Uma braça de frente, por meia legua de fundo, custa 58000, mais ou menos.","Preços — Uma braça de frente, por meia legua de fundo, custa 58000, mais ou menos.",5000,5000,braca;legua,1
CE,Sant'Anna de Cariry,"Trabalhador rural, de 500 réis a 28000 diarios; não há administradores nem escrivães de fazendas; há vaqueiros tomando conta das fazendas de criar; carpinteiro, de 28500 a 38500 diarios; cozinheiros não há, as donas de casas fazem o serviço da cozinha; lavadeira, de 38000 a 48000 mensas. Os salarios são pagos e os contractos cumpridos.","Trabalhador rural, de 500 réis a 28000 diarios",500,2000,daily,"carpinteiro, de 28500 a 38500 diarios",2500,3500,daily,"A taxa de 10 *|* a 12 *|*, ao anno.",10,12,annual,"Qualidades - Em sua maioria bôas, misturadas, montanhosas e secas, havendo também, em menor número, regulares, argilosas, planas e pedregosas. A vegetação é representada por algumas mattas, muitas capoeiras e alguns cerrados e campos. Preços — Um hectare custa, de 258000 a 508000, mais ou menos.","Preços — Um hectare custa, de 258000 a 508000, mais ou menos.",25000,50000,hectare,0
CE,Santa Quiteria,"Trabalhador rural, 18000 por dia; não há administradores nem escrivães; o vaqueiro das fazendas de criar ganha 10% da produção animal; um carpinteiro ganha 758000 por mez; cozi-hheiro, 108000 e lavadeira, 58000 por mez. Os salarios são pagos regularmente e cumpridos os contratos.","Trabalhador rural, 18000 por dia",1000,,daily,um carpinteiro ganha 758000 por mez,75000,,monthly,Não ha emprestimos.,,,,"Qualidades - As terras são boas nas serras e nas margens dos rios; regulares, nas margens dos riachos; inferiores e seccas, nos espigões; as argilosas encontram-se nos espigões e nas chapadas, e as arenosas, nas beiras dos rios; as misturadas, são em pequena quantidade; as planas, ocupam a maior parte do município; as montanhosas, são poucas; em geral, são pedregosas. A vegetação é representada por poucas capoeiras, cerrados e grande quantidade de carrascaes. Há muito pouco campo. Preços — Um hectare de terra boa custa 208000, mais ou menos.","Preços — Um hectare de terra boa custa 208000, mais ou menos.",20000,20000,hectare,0
CE,São Benedicto,"Trabalhador rural, 800 réis diarios; carpinteiro, 2$000 diarios; cozinheiros, não ha; lavadeiras cobram 10 réis por peça; administradores e escrivães de fazenda não ha.","Trabalhador rural, 800 réis diarios",800,,daily,"carpinteiro, 2$000 diarios",2000,,daily,A taxa commun é de 18% ao anno.,18,18,annual,"Qualidades - Ha bóas, no alto da serra; regulares, na chapada da serra e no sertão; inferiores, em grande quantidade, sobretudo, nos carrascaes. São argillosas em grande parte, na serra da Ibiapaba, nas suas quebradas e no alto, bem como no sertão; são arenosas ao pé da serra do lado do Piauhy e no sertão; no geral são misturadas, principalmente em cima da serra. São mais montanhosas do que planas. Há muitas capoeiras e carrascaes e poucas mattas virgens, cerrados e campos. Preços - Um hectare de terra boa custa 200$000, mais ou menos, havendo ao lado deste, preços bem inferiores.","Preços - Um hectare de terra boa custa 200$000, mais ou menos, havendo ao lado deste, preços bem inferiores.",200000,200000,hectare,0
CE,Sao Francisco,"Um trabalhador rural ganha de 1$000 a 1$200 diários; um tirador de leite de maniçoba para fazer borracha, 1$500 diários, tirando até três kilos diários; uma cozinheira, 10$000 mensais; as lavadeiras cobram 20 réis por peça; um carpinteiro, 3$000 diários; não há administradores nem escrivães de fazenda. Os salários são pagos e os contratos cumpridos.",Um trabalhador rural ganha de 1$000 a 1$200 diários,1000,1200,daily,"um carpinteiro, 3$000 diários",3000,,daily,,,,,"Qualidades - O município tem terras boas na Serra da Uruburetama; algumas regulares e outras inferiores nos pequenos morros e serrotes, batidos pelo vento; são argilosas em toda a serra da Urubuterama; arenosas nas partes planas e misturadas, nas partes baixas e humidas. Há poucas terras planas e muitas pedregosas e montanhosas. A vegetação é representada por poucas mattas-virgens, muitas capoeiras e alguns cerrados, carrascaes e campos. Preços — Um hectare de terra boa custa no sertão 160$000 e na serra, 400$000, há porém preços bem inferiores.","Preços — Um hectare de terra boa custa no sertão 160$000 e na serra, 400$000, há porém preços bem inferiores.",160000,400000,hectare,0
CE,S. João de Uruburetama,"Trabalhador rural, 18200 por dia. Não ha administrador, nem escrivão de fazenda; carpinteiro, 48000, por dia; cozinheiro, 108000 mensões e lavadeira, 10 réis por peça. Os salários são pagos regularmente.","Trabalhador rural, 18200 por dia",1200,,daily,"carpinteiro, 48000, por dia",4000,,daily,A taxa é de 1 º/º ao mez.,1,1,monthly,"Qualidades - Encontram-se terras boas, nas serras frescas e nos brejos, nos vales do Angelim e do Mundahú; regulares, nas serras secas e nas catingas; inferiores, em pequena quantidade. Argilosas e arenosas, nas serras e no sertão; são misturadas as terras pretas do valle do Angelim; planas as da zona do sertão; as montanhosas occupam toda a parte da serra do Uruburetama; grande parte da zona do sertão é pedregosa; não há terras pantanosas. A vegetação é representada por pouca matta virgem, capoeiras, alguns cerrados e carrascaes. Não há campos. Preços — Um hectare de terra boa custa 2008000, havendo preços bem inferiores.","Preços — Um hectare de terra boa custa 2008000, havendo preços bem inferiores.",200000,200000,hectare,0
CE,S. Matheus,"Trabalhador rura, 18000 diários; cozinheiro, 68000 mensões; lavadeira, 20 réis por peça lavada; carpinteiro, 48000 diários; não ha administrador nem escrivão de fazenda. Os salários são pagos e os contratos cumpridos.","Trabalhador rura, 18000 diários",1000,,daily,"carpinteiro, 48000 diários",4000,,daily,18% ao anno.,18,18,annual,"Qualidades - Há terras boas, regulares e inferiores. São argilosas em sua maior parte, arenosas, junto às margens dos rios e riachos. Há também terras misturadas em vários pontos; são planas em grande parte, junto aos rios e riachos. O município tem um grande número de terras; a serra do Quinconçá é muito fresca. A vegetação é representada pelas matas da região entre os rios Jaguaribe e o rio Roxo e também em Oreré, pelas muitas capoeiras, carrascaes e alguns campos. Preços — Custa um hectare de terra boa 500.000 havendo preços bem inferiores.",Preços — Custa um hectare de terra boa 500.000 havendo preços bem inferiores.,500000,500000,hectare,0
CE,São Pedro do Crato,"Um trabalhador rural ganha 800 réis a 1$000 diarios; cozinheiro não ha, as donas de casa fazem esse serviço; lavadeira, 3$000 por mez e por pessoa; carpinteiro, 2$500 a 4$000 diarios; não ha administradores nem escrivães de fazenda. Os salarios são pagos e os contractos cumpridos.",Um trabalhador rural ganha 800 réis a 1$000 diarios,800,1000,daily,"carpinteiro, 2$500 a 4$000 diarios",2500,4000,daily,A taxa é de um a um e meio por cento ao mez.,1,1.5,monthly,"Qualidades - As terras do município são na maioria bôas e regulares; há argilhosas e misturadas. São mais montanhosas do que planas. A vegetação é representada por muitas capoeiras, carrascaes e alguns campos e mattas virgens. "" Preços — Um hectare de terra boa, 40$000 a 50$000.","Preços — Um hectare de terra boa, 40$000 a 50$000.",40000,50000,hectare,0
CE,Senador Pompeo,"Trabalhador rural, a sécca, 1$200; com comida, 600 réis; cozinheira, de 7$000 a 10$000 mensais; não ha cozinheiros; as lavadeiras ganham 10$000 mensais; os carpinteiros só trabalham por empreitada. Administradores e escrivães de fazenda não ha. Os salários são pagos e os contratos cumpridos.","Trabalhador rural, a sécca, 1$200",600,1200,,os carpinteiros só trabalham por empreitada,,,,Não ha emprestimos. São raríssimas as transacções de juros; e quando as fazem é a razão de 2 a 3 ajs ao mez.,2,3,monthly,"Qualidades - São bôas as terras das fraldas das montanhas, dos valles dos rios e dos terrenos de alluvião e alagadiços. Argilhosas no geral. Os terrenos ora planos, ora montanhosos são frequentemente pedregosas. Não existem mattas virgens, há muitas capoeiras, alguns cerrados, carrascaes e campos. "" Preços — Uma braça de frente por meia legua de fundo custa, de 1$000 a 3$000.","Preços — Uma braça de frente por meia legua de fundo custa, de 1$000 a 3$000.",1000,3000,braca;legua,1
CE,Sobral,"Trabalhador rural, 1$500 diarios a secco ou 1$000 livres; cozinheira, 20$000 a 25$000 mensais; as lavadeiras cobram por peça 20 a 40 réis; carpinteiro, 5$000 diarios a secco e 4$000 com comida; administradores e escrivães de fazenda não ha. Os salarios são pagos e os contractos cumpridos.","Trabalhador rural, 1$500 diarios a secco ou 1$000 livres",1000,1500,daily,"carpinteiro, 5$000 diarios a secco e 4$000 com comida",4000,5000,daily,Os agricultores não fazem transacções de juros; os commerciantes pagam de um e meio a dois por cento ao mez.,1.5,2,monthly,"Qualidades - As terras bóas estão nas baixadas dos rios e riachos e numa parte da terra do Rosario; as regulares, estão em algumas chapadas somente cultiváveis no inverno; as restantes, no geral inferiores. Não ha mattas virgens; os cerrados, carrascaes e, sobretudo, os campos, são em grande numero. (Vide nota). "" Preços — Custa de 10$000 a 15$000 uma braça de frente por meia legua de fundo.",Preços — Custa de 10$000 a 15$000 uma braça de frente por meia legua de fundo.,10000,15000,braca;legua,1
CE,Soure,"Carpinteiro, 3$000 a 3$500 por dia; trabalhador rural, 1$200 a 1$500 diários; lavadeira, 100 réis por peça. Não há administradores, nem escrivães da fazenda. Os salários são pagos e os contratos cumpridos.","trabalhador rural, 1$200 a 1$500 diários",1200,1500,daily,"Carpinteiro, 3$000 a 3$500 por dia",3000,3500,daily,1 ½ a 2 “|” ao mez.,1,2,monthly,"Qualidades - O solo é mais montanhoso do que plano, pouco pedregoso, muito seco no interior e um pouco pantanoso, na parte fronteira à costa. Grande parte do município é de terras bóas; grande parte regulares, e pequena parte inferiores. Muitas delas são arenosas, algumas misturadas e poucas argillosas. A vegetação é representada em grande parte por capoeiras, muitos carnaúbas, alguns carrascaes e campos; não há muitas virgens. A varzea do Cauhype é muito extensa cheia de carnaúbas. Preços — Um hectare de terra bóa, custa 30$000 a 60$000.","Preços — Um hectare de terra bóa, custa 30$000 a 60$000.",30000,60000,hectare,0
CE,Tamboril,"Um trabalhador rural ganha de 1$200 a 1$500 diários; não ha administradores nem escrivães de fazenda; um vaqueiro que é um verdadeiro administrador, tem como nos outros municípios criadores, uma porcentagem sobre a produção do gado; um carpinteiro ganha de 2$500 a 3$000 diários; uma cozinheira, de 8$000 a 10$000 mensais; uma lavadeira, de 5$000 a 8$000 mensais. Os salários são regularmente pagos e os contratos cumpridos.",Um trabalhador rural ganha de 1$200 a 1$500 diários,1200,1500,daily,um carpinteiro ganha de 2$500 a 3$000 diários,2500,3000,daily,Não ha prestamistas.,,,,"Qualidades - Ha terras boas nas margens do rio Acarahú e nas serras; regulares, nas margens dos riachos e nas quebradas das serras; inferiores nos taboleiros. Ha argilosas nas serras, coroas dos rios ou ilhotas e taboleiros; arenosas em geral nas margens dos riachos; misturadas em pequenas manchas, às margens do rio Acarahú. As planas encontram-se nos taboleiros, as montanhosas em grande quantidade nas serras e as pedregosas em quase todo o município. A vegetação é representada por capoeiras, cerrados, carrascaes e poucos campos. Não há mattas virgens. Preços — Um hectare de terra boa custa de 10$000 a 15$000, mais ou menos.","Preços — Um hectare de terra boa custa de 10$000 a 15$000, mais ou menos.",10000,15000,hectare,0
CE,Tauhá,"O trabalhador rural ganha 1$000 diarios, cozinheira, 5$000 mensões; carpinteiro, 4$000 por dia, lavadeira, 20 réis por peça. Não há administradores nem escrivães de fazenda. Os salários são pagos e os contratos cumpridos.","O trabalhador rural ganha 1$000 diarios, cozinheira, 5$000 mensões",1000,,daily,"carpinteiro, 4$000 por dia, lavadeira, 20 réis por peça",4000,,daily,Um por cento ao mez.,1,1,monthly,"Quaidades - O sólo é muito pedregoso e argiloso e quase todo montanhoso; há, entretanto, alguns terrenos planos, tais como: Algodões, Campo Alegre, Gavião, Gato, Carrapicho e Arraial. As terras das serras de S. Domingos e das Guaribas, são todas boas; as dos baixios, açudes e lagoas do sertão, regulares; algumas do sertão e das serras secas, são inferiores. As boas e regulares são quase todas misturadas; as inferiores, na maior parte argilosas. A vegetação é representada por grande parte de carrascaes, extensas capoeiras, alguns serrados e campos; há também algumas matas nas serras Guaribas, Cajueiros, Jatobá e S. Domingos. Preços — Um terreno tendo uma braça de frente por meia legua de fundo custa, mais ou menos, 1$000.","Preços — Um terreno tendo uma braça de frente por meia legua de fundo custa, mais ou menos, 1$000.",1000,1000,braca;legua,1
CE,Tianguá,"Trabalhador rural, 500 réis diarios; não ha administradores nem escrivães de fazenda; carpinteiro, 2$500 diarios, com comida; cozinheiro, 5$000 mensaes; as lavadeiras cobram 20 réis por peça. Os salarios são pagos e os contractos cumpridos.","Trabalhador rural, 500 réis diarios",500,,daily,"carpinteiro, 2$500 diarios, com comida",2500,,daily,A taxa é de 1½ % ao mez.,1.5,1.5,monthly,"Qualidades - Ha terras boas na quebrada ou fralda da serra e regulares nos brejos; ha grande quantidade de terras inferiores; as argillosas encontram-se de preferência na quebrada das serras; as terras arenosas predominam no município; terras misturadas encontram-se na linha da serra e nos brejos; planas, na chapada da serra e montanhosas em quase todo o município; grande quantidade de pedregosas e séccas; não há pantanos. A vegetação é representada por mattas virgens em pequena quantidade, grande quantidade de capoeiras, poucos cerrados e carrascaes que occupam umas seis leguas de extensão. Não há campos. Preços — Nos brejos um hectare de terra boa custa 150$000 e nas terras séccas, 100$000.","Preços — Nos brejos um hectare de terra boa custa 150$000 e nas terras séccas, 100$000.",100000,150000,hectare,0
CE,Trahiry,"Um trabalhador rural, ganha 1$200 diários; não há administradores nem escrivães de fazenda; um carpinteiro, ganha 3$000 diários; um cozinheiro, 4$000 mensais; as lavadeiras cobram 20 réis por peça. Os salários são pagos e os contratos cumpridos.","Um trabalhador rural, ganha 1$200 diários",1200,,daily,"um carpinteiro, ganha 3$000 diários",3000,,daily,A taxa é de 1% ao mez.,1,1,monthly,"Qualidades - São consideradas boas, as terras das margens dos rios Trahiry e Mundahú; regulares as de parte dos brejos na zona das praias; e inferiores as que ficam no restante da zona do littoral. Toda a zona do sertão, exceptuando-se a visinhança dos rios, comprehende terras argilosas. Toda a zona do littoral é constituída por terras arenosas. As terras dos brejos e as margens dos rios, são misturadas. Quasi toda a zona do littoral e parte do sertão, são constituídas de terras planas. Não há terras montanhosas e muito poucas pedregosas. A vegetação é representada por mattas virgens em pequena quantidade, capoeiras, poucos cerrados, carrascaes cobrindo quase toda a zona do littoral e de campos, que na zona do littoral, ocupam uma extensão de duas leguas, approximadamente. Preços — Um hectare de terra boa, custa 250$000, preço que é raro, pois há preços bem inferiores.","Preços — Um hectare de terra boa, custa 250$000, preço que é raro, pois há preços bem inferiores.",250000,250000,hectare,0
CE,Umary,"Lavadeira, de 2$500 a 3$000 mensais; carpinteiro, de 2$000 a 3$000 diários; trabalhador rural, de 500 réis a 1$200 diários; não há administrador nem escrivão de fazenda; cozinheiro não há, as donas de casa fazem o serviço da cozinha.","trabalhador rural, de 500 réis a 1$200 diários",500,1200,daily,"carpinteiro, de 2$000 a 3$000 diários",2000,3000,daily,"Cobram as taxas de 1 *|*, 1 ½ e 2 *|* ao mez.",1,1,monthly,"Qualidades - As terras do município são boas, existindo também regulares e inferiores em regular quantidade. São misturadas, havendo alguns terrenos arenosos e argilosos em maior porção; parte dos terrenos é montanhosa, parte plana e pedregosa. A vegetação é representada por muitas capoeiras, cerrados e carrascaes. Não há mattas virgens nem campos. Preços — Um hectare de terra boa custa de 35$000 a 50$000.",Preços — Um hectare de terra boa custa de 35$000 a 50$000.,35000,50000,hectare,0
CE,União,"Trabalhador rural, 28000 diarios; não há administradores nem escrivães de fazenda; carpinteiro, 58000 diarios; cozinheiro, 158000 mensaes; lavadeira, 18000, por dia.","Trabalhador rural, 28000 diarios",2000,,daily,"carpinteiro, 58000 diarios",5000,,daily,A taxa de 1% ao mez.,1,1,monthly,"Qualidades - As bóas são as situadas nos lugares, Giqui e Boiadas na zona sertaneja; regulares, as da Serra Arapoá; e inferiores, as demais. Em sua maioria argilhosas e arenosas; as misturadas no geral, são bóas; quase todo o município é montanhoso. Metade talvez do município é occupada por cerrados, havendo grande quantidade de campos nas varzeas do rio Jaguaribe, há muitas capoeiras e carrascaes. São magníficos e representam grande riqueza os carnahubaes das varzeas do Jaguaribe. Preços — A braça de terra de carnaúbaes, com meia legua de fundo, custa 208000, de outras terras, 108000, com meia legua de fundo.","Preços — A braça de terra de carnaúbaes, com meia legua de fundo, custa 208000, de outras terras, 108000, com meia legua de fundo.",10000,20000,braca;legua,1
CE,Varzea Alegre,"O trabalhador rural ganha 1$000 diários a sécco; não usam ajustar cozinheiros, a dona de casa fazendo o serviço doméstico; lavadeira ganha 4$000 por mez e por pessoa; carpinteiro, de 3$000 a 5$000 mensais; não há administradores nem escrivães de fazenda. Os salários são pagos e os contratos cumpridos.",O trabalhador rural ganha 1$000 diários a sécco,1000,,daily,"carpinteiro, de 3$000 a 5$000 mensais",3000,5000,monthly,1 a 1 ½ % ao mez.,1,1,monthly,"Qualidades - As terras do município são em sua maioria regulares, argilosas, montanhosas, seccas e pedregosas. A vegetação é representada por muitas capoeiras, alguns carrascaes, mamas virgens e campos. "" Preços — Um hectare de terra boa, 50$000, approximadamente. As vendas de terras são raras.","Preços — Um hectare de terra boa, 50$000, approximadamente. As vendas de terras são raras.",50000,50000,hectare,0
CE,Viçosa,"Um trabalhador rural ganha 800 réis diarios; não ha administradores nem escrivães de fazenda; um carpinteiro ganha 45000 diarios; um cozinheiro, 85000 mensaes; lavadeira cobram 20 réis por peça de roupa lavada. Os salarios são pagos e os contractos cumpridos.",Um trabalhador rural ganha 800 réis diarios,800,,daily,um carpinteiro ganha 45000 diarios,45000,,daily,A taxa é de um por cento ao mez.,1,1,monthly,"Qualidades - Ha bôas, principalmente nas quebradas da serra da Viçosa; regulares na linha da serra e algumas inferiores em diversos logares. Em sua maioria são argillosas, havendo algumas misturadas na linha da serra de Ibiapaba, montanhosas no geral. Ha ainda algumas terras pedregosas. Approximadamente um terço do município ainda está coberto de mattas, um terço talvez de capoeiras e o restante de cerrados, carrascaes e campos. "" Preços — Um hectare de terra bôa na serra custa 500$000; no sertão, 300$000, approximadamente. Entretanto, há preços menores.","Preços — Um hectare de terra bôa na serra custa 500$000; no sertão, 300$000, approximadamente. Entretanto, há preços menores.",300000,500000,hectare,0
ES,Affonso Claudio,"Um trabalhador rural ganha 1$500 por dia, com comida; não ha administradores nem escrivães de fazenda; carpinteiro, 5$000 a 7$000 diarios; não ha cozinheiros; as lavadeiras lavam por peça, à razão de 40 réis cada uma. Os salarios são pagos e os contractos cumpridos.","Um trabalhador rural ganha 1$500 por dia, com comida",1500,,daily,"carpinteiro, 5$000 a 7$000 diarios",5000,7000,daily,Não ha operações de credito.,,,,"Qualidades - O município limita-se: ao Norte, com os municípios de Santa Thereza e Linhares; ao Sul; com o de Cachoeiro de Itapemirim; a Leste, com o de Santa Leopoldina e Santa Izabel; e a Oeste, com o município de Rio Pardo e comarca Marechal Hermes. Suas terras podem ser assim divididas: bôas em Taquaral, Bom Jesus, Laranja da Terra, Lagoinha, Empossado, Firme, etc.; regulares em S. Domingos, Bôa Sorte, Tabocas, Barro Encoberto, etc.; inferiores em Cachoeira de S. Domingos e Santa Joanna; argilosas nos valles dos rios. Não são arenosas, porém misturados em quase todo o município; planas a leste do município, montanhosas nas outras partes e pedregosas em todo o município. São seccas nas elevações; não ha pantanos. Existem matas virgens na maior parte do município. Ha poucas capoeiras. Não ha cerrados, carrascas nem campos naturaes. » Preços — Um hectare de terra custa: do Estado, de 2$000 a 10$000 e de particulares, de 15$000 para cima.","Preços — Um hectare de terra custa: do Estado, de 2$000 a 10$000 e de particulares, de 15$000 para cima.",2000,15000,hectare,0
ES,Alegre,"Trabalhador rural, 1$000 a 2$500; cozinheiro, 15$000 a 30$000 mensais; lavadeira, 10$000 a 25$000 mensais; carpinteiro, 5$000 diários; administradores de fazendas, 100$000 mensais; não ha escrivas de fazendas. Os salários são pagos e os contratos cumpridos.","Trabalhador rural, 1$000 a 2$500",1000,2500,,"carpinteiro, 5$000 diários",5000,,daily,Taxas de 9 a 12% anuaes.,9,12,annual,"Qualidade - Bôas e regulares na maior parte; poucas inferiores, muitas argilosas e arenosas e poucas misturadas. Geralmente montanhosas, e poucas as planas, e pedregosas. A vegetação é representada por muita matta virgem, capoeiras e muitos campos. Não ha cerrados nem carascaes. Preços — Um hectare de terra bôa custa de 20$000 a 30$000, conforme a situação.","Preços — Um hectare de terra bôa custa de 20$000 a 30$000, conforme a situação.",20000,30000,hectare,0
ES,Alfredo Chaves,"Trabalhador rural ganha 1$500 a 3$000; não há administradores nem escrivães de fazenda; carpinteiro, 3$000 a 4$000 diarios; cozinheiro, 25$000 mensas; lavadeira, 10$000 mensas. Os salarios são pagos e os contractos cumpridos.",Trabalhador rural ganha 1$500 a 3$000,1500,3000,,"carpinteiro, 3$000 a 4$000 diarios",3000,4000,daily,A taxa é de 12% ao anno.,12,12,annual,"Qualidades - As terras do município podem ser assim divididas: bôas em Batatal e São José de Curityba; regulares em Mathilde, Carolina e S. Bernardo; argilosas em Mathilde; em Araguaya; misturadas em alguns logares; plana arenosas em pouca quantidade, em Batatal; montanhosas, na maioria; pedregosas, em diversos pontos; seccas, em Todos os Santos, e nas divisas de Guarapary; há mattas-virgens em S. José de Guaratiba e em Limão, nas divisas de Guarapary; há capoeiras e campos; não há cerrados nem carrascaes. &gt; Preços — Um hectare de terra custa de 2$000 a 10$000, conforme o valor estimativo.","Preços — Um hectare de terra custa de 2$000 a 10$000, conforme o valor estimativo.",2000,10000,hectare,0
ES,Anchieta,"Trabalhador rural ganha 2$000 diarios; não ha administradores nem escrivães de fazenda; carpinteiro, 6$000 diarios; cozinheiro, 20$000 mensas; lavadeira, 5$000 mensas ou 40 réis por peça. Os salarios são pagos e os contractos cumpridos",Trabalhador rural ganha 2$000 diarios,2000,,daily,"carpinteiro, 6$000 diarios",6000,,daily,Não usam d'estas transações.,,,,"Qualidades - Bôas em Alto-Jaebo, Cachoeira Alta, Corindyba e outros logares; regulares em Dous-Irmãos, Camello, Jabaquara, Jacutinga, etc.; inferiores em Picão, Airiry, Mão Bôa, e todo o littoral; argillosas em Alto-Jaebo e Cachoeira Alta; arenosas em Ubú, Icarahy, Iriry e quasi todo o littoral; misturadas em Dous Irmãos, Canella, Jabaquara e nos valles dos rios; planas em Ponta dos Castelhanos e Mãe Bôa; montanhosas e pedregosas em quasi todo o município; pantanosas em Salina, Araquóro, Jabaquara, etc. A vegetação é representada por mattas, muita capoeira, cerrados, campos naturaes e artificiaes. » Preços — As do Estado custam de 2$000 a 10$000 o hectare e as de particulares de 10$000 a 25$000. TRANPORTES — Para o mercado local, o transporte é feito pelos proprios productores; do porto de Benevente a Capital, um kilo de mercadorias ou um litro de cereaes paga 133 réis.",Preços — As do Estado custam de 2$000 a 10$000 o hectare e as de particulares de 10$000 a 25$000.,2000,25000,hectare,0
ES,Cachoeiro de Itapemirim,"Trabalhador rural, de 1$000 a 3$000 por dia; administrador de fazenda, 1:200$000 anuães; não ha escrivães de fazenda; carpinteiro, de 100$000 a 200$000, mensões, com comida; cozinheiro, de 20$000 a 90$000 mensões; lavadeira, 10$000 a 30$000 mensões. Os salários são pagos e os contratos cumpridos.","Trabalhador rural, de 1$000 a 3$000 por dia",1000,3000,daily,"carpinteiro, de 100$000 a 200$000, mensões, com comida",100000,200000,daily,Taxa de 10% ao anno.,10,10,annual,"Qualidades - As terras do município podem ser, mais ou menos assim divididas: bôas em grande parte nos valles dos rios Itapemirim, Salgado, Castello, Fructuoso e Muquery; regulares no restante dos mesmos valles; inferiores em São Philippe, Santo B. 3 André, Monte Christo, etc; argilosas nos valles dos rios acima indicados; arenosas nas fazendas Monte Libano, Cachoeira Alegre, Morro Grande, etc., misturadas nalgumas fazendas do Prata e do Bananal. O município é geralmente montanhoso. As terras são pedregosas em toda a costa da Serra do Mar; seccas nas vertentes do Itapemirim e, principalmente, de Cachoeira até Castello; pantanosas na parte compreendida entre os ribeirões Salgado e Muquery. Ha grande extensão ocupada por mattas virgens; há capoeiras nos logares abandonados; não há cerrados, nem carrascaes; encontram-se alguns pastos bem tratados. Preços - O Estado vende o hectare de terra a 2$000 e os particulares dão-lhe valor estimativo.",Preços - O Estado vende o hectare de terra a 2$000 e os particulares dão-lhe valor estimativo.,2000,2000,hectare,0
ES,Ceriacica,"Um trabalhador rural ganha 2$000 diarios, sem alimentação; não ha administradores e escrivães de fazenda (a Fazenda Modelo tem um administrador que ganha 300$000 mensajes, livres de despesas); carpinteiro, 4$000 a 5$000 diarios; lavadeira, 10$000 a 30$000 mensajes; cozinheiro, 45$000 mensajes. Os salarios são pagos e os contractos cumpridos.","Um trabalhador rural ganha 2$000 diarios, sem alimentação",2000,,daily,"carpinteiro, 4$000 a 5$000 diarios",4000,5000,daily,A taxa é de 10 % ao anno.,10,10,annual,"Qualidades - As terras do município são em grande parte inferiores, bôas e regulares; em menor parte estas terras são quasi todas misturadas. Dellas, ha parte plana e parte mantanhosa. A vegetação é representada por muitas capoeiras, cerrados e algumas mattas-virgens. » Preços — Um hectare de terra do Estado custa de 2$000 a 10$000; de particulares, de 10$000 e mais.","Preços — Um hectare de terra do Estado custa de 2$000 a 10$000; de particulares, de 10$000 e mais.",2000,10000,hectare,0
ES,Conceição da Barra,"Trabalhador rural ganha 1$500 a 2$000 diarios, a secco; não ha administradores nem escrivães de fazenda; carpinteiro, 3$500 a 5$000 diarios; cozinheiro, 10$000 a 15$000 mensas; lavadeiras 5$000 a 10$000 mensas. Os salarios são pagos e os contractos, cumpridos.","Trabalhador rural ganha 1$500 a 2$000 diarios, a secco",1500,2000,daily,"carpinteiro, 3$500 a 5$000 diarios",3500,5000,daily,Não ha emprestimos.,,,,"Qualidades - São bôas em Ituanas, S. Domingos, Angelim e Mucury; regulares, perto do littoral; inferiores, no littoral; misturadas na maior parte: argillosas nos valles de todos os rios, e arenosas no littoral; planas e enxutas em sua maior parte. A vegetação é representada por magníficas mattas virgens, cobrindo a maior parte do município em todo o Norte e Oeste; capoeiras, cerrados e campos nos valles dos rios Itaunas e Muriricú. » Preços — Um hectare de terra do Estado custa de 4$000 a 10$000; de particulares, 10$000 e mais.","Preços — Um hectare de terra do Estado custa de 4$000 a 10$000; de particulares, 10$000 e mais.",4000,10000,hectare,0
ES,Espirito Santo,"Trabalhador rural ganha 2$000 por dia; cozinheira, de 15$000 a 20$000 mensais; lavadeira, de 10$000 a 15$000; carpinteiro, de 4$000 a 5$000 diários; não há administradores nem escrivães de fazendas. Os salários são pagos e os contratos cumpridos.",Trabalhador rural ganha 2$000 por dia,2000,,daily,"carpinteiro, de 4$000 a 5$000 diários",4000,5000,daily,Não ha taxa estabelecida.,,,,"Qualidades - As terras são, na maioria, boas e regulares, arenosas e misturadas. Geralmente planas, principalmente no littoral; há muitas montanhosas. A vegetação é representada por poucas mattas virgens, muitas capoeiras, cerrados, carrascaes e campos sendo estes situados perto do littoral e dos rios Morrinho e Jucú. » Preços — O hectare de terra boa custa 5$000 e mais.",Preços — O hectare de terra boa custa 5$000 e mais.,5000,5000,hectare,0
ES,Espírito Santo do Rio Pardo,"Trabalhador rural ganha 800 réis a 2$000 diarios; não ha administradores nem escrivães de fazenda; carpinteiro ganha 4$000 diarios; cozinheiro, 20$000 mensões; lavadeira, 10$000 mensões. Os salarios são pagos e os contratos cumpridos.",Trabalhador rural ganha 800 réis a 2$000 diarios,800,2000,daily,carpinteiro ganha 4$000 diarios,4000,,daily,Taxa de 9 a 12 % ao anno.,9,12,annual,"Qualidades - São bôas todas as terras do município, com excepção das zonas à margem do rio do Norte, que são um pouco seccas, mas não completamente inferiores; ha grande porção de terras argilosas, arenosas e misturadas. Poucas planas; são montanhosas na maior parte e ha muitas pedregosas. A vegetação é representada por muita matta-virgem, capoeiras e patos, etc. » Preços — Um hectare de terra bôa custa de 12$000 a 15$000, mais ou menos.","Preços — Um hectare de terra bôa custa de 12$000 a 15$000, mais ou menos.",12000,15000,hectare,0
ES,Guarapary,"Trabalhador rural, 3$000 diários. Não há administradores nem escrivães de fazenda; carpinteiro, 6$000 a 8$000 diários; cozinheiro, 10$000 a 20$000 mensais; lavadeira, 10$000 a 20$000 mensais. Os salários são pagos e os contratos cumpridos.","Trabalhador rural, 3$000 diários",3000,,daily,"carpinteiro, 6$000 a 8$000 diários",6000,8000,daily,Não há prestanistas.,,,,"Qualidades - Bôas na zona do rio Grande e outros logares: regulares em Jaboty, S. Miguel, Iguape, etc.; inferiores em quase toda a faixa que acompanha o littoral, na extensão de 12 kilómetros; argilosas nos rios Maxindre, Jacque-sôbe e Iguape; arenosas, parte no littoral e parte em Todos os Santos; misturadas em quase todo o município; planas em Iguape, littoral e nos pequenos planaltos; montanhosas, pedregosas e secas em quase todo o município; pantanosos junto a alguns rios; em mattas-virgens na Bahia-Mór, Jaboty, Jacque-sôbe e rio Grande; em capoeiras e cerrados, talvez dois terços do município; carracaes e campos não há. - Preços — Pertencentes ao Estado custam de 3$000 a 10$000 o hectare; á particulares de 15$000 a 20$000 o hectare.",Preços — Pertencentes ao Estado custam de 3$000 a 10$000 o hectare; á particulares de 15$000 a 20$000 o hectare.,3000,20000,hectare,0
ES,Itapemirim,"Trabalhador rural, 2$000 a 2$500 diários, a secco; não há administradores nem escrivães de fazenda; carpinteiro, 3$000 a 4$000 diários; cozinheiro, 30$000 mensais; lavadeira, 10$000 mensais. Os salários são pagos e os contratos cumpridos.","Trabalhador rural, 2$000 a 2$500 diários, a secco",2000,2500,daily,"carpinteiro, 3$000 a 4$000 diários",3000,4000,daily,A taxa é de 12 % ao ano.,12,12,annual,"Qualidades - Este município compreende cerca de 4.900 kilometros deterrenos, que se prestam, na maioria, às culturas de canna e cereais. São bôas as terras de brejo dos Patos, Muquy e Água Preta; regulares as de Paineiras e valle do Itapemirim; inferiores, as de Candeos e Costas do Mar; argilosas em maior parte; algumas misturadas; planas em todo o valle do Muquy e do Itapemirim; pedregosas em trecho reduzido, conhecido por Garrafão; montanhosas em pequena parte; enxutas em algumas partes e pantanosas em outras. A vegetação é representada por muitas matas virgens e capoeiras, pelos cerrados carrascaes nas proximidades da costa. » Preços — São variáveis.",Preços — São variáveis.,,,,
ES,Linhares,"Trabalhador rural ganha 1$500 a 3$000 por dia. Não há administradores nem escrivães de fazenda; carpinteiro, de 3$500 a 5$000. Não há cozinheiras, geralmente a cozinha é feita pelas donas de casa; lavadeira, de 5$000 a 10$000 por mez.",Trabalhador rural ganha 1$500 a 3$000 por dia,1500,3000,daily,"carpinteiro, de 3$500 a 5$000",3500,5000,,Não ha prestamistas.,,,,"Qualidades - Bôas, nas margens dos rios S. José e S. Gabriel e no valle do rio Doce; regulares, em quase todo o município; inferiores, em alguns pontos; argilosas, nos valles dos rios; misturadas, no valle do rio Doce; planas, ao norte do mesmo rio; montanhosas, ao oeste do município; seccas, ao sul e pantanosas, nos baixios e nalguns pontos do interior. A vegetação é representada por muitas matas-virgens, capoeiras, cerrados e campos; não há carrascaes. - Preços — Um hectare de terra boa pertencente ao Estado custa de 2$ a 10$000 e a particular, 25$000 e mais.","Preços — Um hectare de terra boa pertencente ao Estado custa de 2$ a 10$000 e a particular, 25$000 e mais.",10000,25000,hectare,0
ES,Nova Almeida,,,2000,,,,,,,Não ha emprestimos agrícolas.,,,,,,,,,
ES,Pão Gigante,"Um trabalhador rural ganha 18300 diarios, com alimentação. Não há escrivães nem administradores de fazenda; carpinteiro, 58000 a 78000 por dia; não há cozinheiros; lavadeira, 108000 a 158000 mensões. Os salarios são pagos e os contractos cumpridos.","Um trabalhador rural ganha 18300 diarios, com alimentação",1300,,daily,"carpinteiro, 58000 a 78000 por dia",5000,7000,daily,A taxa é regular.,,,,"Qualidades - Há terras boas principalmente nos valles dos rios e nas depressões dos morros; regulares, nos terrenos ligeiramente accidentados; também há inferiores. A vegetação é representada por mattas virgens, capoeiras e cerrados. &gt; Preços — Um hectare de terra do Estado custa de 28000 a 108000 e de particular, 308000.","Preços — Um hectare de terra do Estado custa de 28000 a 108000 e de particular, 308000.",2000,30000,hectare,0
ES,Piuma,"Trabalhador rural ganha de 1$500 a 2$000 por dia, com comida. Não ha administradores nem escrivães de fazenda; carpinteiro, 4$000 a 6$000 diarios; cozinheiro, 25$000 a 30$000 mensões; lavadeira, à razão de 40 réis por peça. Os salarios são pagos e os contractos cumpridos.","Trabalhador rural ganha de 1$500 a 2$000 por dia, com comida",1500,2000,daily,"carpinteiro, 4$000 a 6$000 diarios",4000,6000,daily,,,,,"Qualidades - As terras do município podem ser mais ou menos, assim divididas: Bôas, em Iconho, Duas Barras, Inhaúma, Conego Pecílio, Tocaya, etc.; regulares, em Itapuana, Canudos, Corregos, Campinho, Laguardia, Nova Estrella, Venezuella, etc.; inferiores, em Piúma, Taquaral, Tatahyba, Imbetiba, e quase todo o littoral, etc. Argilosas, em Rodeio, Taquaral, Imbetiba, Tatahyba e em alguns pontos dos valles; arenosas, em Orobó, Iriry, Tatahyba e Piúma; misturadas, esparsas em todo o município; planas, em Piúma, e pequenos planaltos, junto ao littoral. Montanhosas e pedregosas a partir do rio Iconha e do logar denominado Laranjeiras, a encontrar os municípios visinhos. Pantanosas em Orobó, Maricá, Imbetiba e Itinga, em Iconho, Jacaratiá, Itapuana, Monte Bello, Venezuella, Virginia, etc. Capoeiras e cerrados em todo o littoral e outros pontos do município. Não ha carrascaes. Campos em Orobó e Maricá. » Preços — Um hectare de terra bôa pertencente ao Estado custa de 2$000 a 10$000; á particulares, de 80$000 a 100$000.","Preços — Um hectare de terra bôa pertencente ao Estado custa de 2$000 a 10$000; á particulares, de 80$000 a 100$000.",2000,100000,hectare,0
ES,Ponte de Itabapoana,"Trabalhador rural ganha de 2$000 a 2$500 por dia; administradores de fazenda, 100$000 por mez; não ha escrivão de fazenda; carpinteiro 5$000 diarios; cozinheiro 25$000 mensais; lavadeira 15$000 mensais. Os salarios são pagos e os contractos cumpridos.",Trabalhador rural ganha de 2$000 a 2$500 por dia,2000,2500,daily,carpinteiro 5$000 diarios,5000,,daily,Taxa de 12 % ao ano.,12,12,annual,"As terras do município podem ser assim divididas: geralmente bôas excepto em certas zonas da margem do rio Itabapoana, que são um tanto seccas e pedregosas porém não propriamente inferiores. Em todo o município encontra-se terrenos argillosos e misturados. Ha grande quantidade de terrenos planos, sendo montanhosa a parte que confina com o município de São Pedro. São pantanosas nas margens do rio Muquy. Existem matas virgens em pequena quantidade. « Preços — O hectare de terra varia de 2$000 a 10$000, conforme a situação.","Preços — O hectare de terra varia de 2$000 a 10$000, conforme a situação.",2000,10000,hectare,0
ES,Riacho,"Trabalhador rural, 2$000 diarios; não há administradores nem escrivães de fazenda; carpinteiro, de 4$000 a 5$000 diarios; não há lavadeiras nem cozinheiras, as donas de casa fazem o serviço doméstico. Os salarios são pagos e os contratos cumpridos.","Trabalhador rural, 2$000 diarios",2000,,daily,"carpinteiro, de 4$000 a 5$000 diarios",4000,5000,daily,Não há prestamistas.,,,,"Qualidades - O município possui terras bôas, regulares e inferio, res. A vegetação natural consta de mattas virgens, capoeiras-cerrados e campos; não há carrascaes. Preços - O hectare de terra, pertencente ao Estado custa de 2$000 a 10$000; á particulares, 10$000 a 20$000.","Preços - O hectare de terra, pertencente ao Estado custa de 2$000 a 10$000; á particulares, 10$000 a 20$000.",2000,20000,hectare,0
ES,Rio Novo,,,2000,2500,,,,,,A taxa de a 1% ao mez.,1,1,monthly,"Qualidades - Bôas em S. Caetano, S. Bento, Cachoeirinha, Concordia, Carolina e Venezuela; regulares em Capim Angola, Virginia Nova, S. José e Pau d'Alho; inferiores, em Espírito Santo, Santa Maria e Hazinho. Há argilhosas em Cachoeirinha, Concordia, S. José e Pau d'Alho; são arenosas nas proximidades dos campos de Piabanha; nos terrenos argilosos há algumas terras misturadas; são planas em Pao d'Alho e nas divisas de Itapemirim, sendo as restantes montanhosas; pedregosas no logar conhecido por Frade; seccas nas divisas de Itapemirim; pantanosas em alguns lugares, principalmente em Pau d'Alho e S. José. Sua vegetação é representada pelas Mattas de S. Caetano, Concordia e S. Bento; pelas capoeiras existentes nas fazendas abandonadas; e campos naturaes e artificiais. &gt; Preços — O preço varia segundo as circunstâncias.",Preços — O preço varia segundo as circunstâncias.,,,,
ES,Rio Pardo,"Trabalhador rural ganha de 18000 a 28500, conforme o serviço; não ha administradores nem escrivães de fazenda; carpinteiro, 38000 a 58000 por dia; cozinheiro, 158000 a 258000 por mez; lavadeira, 108000 a 158000 por mez. Os salarios são pagos e os contractos cumpridos.","Trabalhador rural ganha de 18000 a 28500, conforme o serviço",1000,2500,,"carpinteiro, 38000 a 58000 por dia",3000,5000,daily,Taxa de 9 a 12% ao ano.,9,12,annual,"Qualidades - Todo o município tem terrenos para todas as culturas; nos lugares denominados Santa Cruz e Príncipe as terras são próprios unicamente para cereais, uvas e outras fructas europeias, e para campos de criação. Ha terras argilosas, e arenosas; sendo, porém, misturadas na maior parte. Existe uma parte plana, em São Sebastião do Occidente, sendo as restantes montanhosas e um pouco pedregosas. Ha grandes extensões de mattas virgens em todo o município, principalmente em São Domingos, Bom Jardim e Occidente. Não ha cerrados nem carrascaes; existem campos artificiais em algumas propriedades. » Preços — O hectare de terra varia de 28000 a 108000 conforme o logar.",Preços — O hectare de terra varia de 28000 a 108000 conforme o logar.,2000,10000,hectare,0
ES,Santa Cruz,"Trabalhador rural, 18000 diarios, com alimentação; carpinteiro, 48000 diarios; cozinheiro, 108000 a 158000 mensões; lavadeira, 40 réis por peça; não há administradores nem escrivães de fazendas; os salários são pagos e os contratos cumpridos.","Trabalhador rural, 18000 diarios, com alimentação",1000,,daily,"carpinteiro, 48000 diarios",4000,,daily,Não há empréstimos à lavoura.,,,,"Qualidades - Boas em Mucuátá, Cachoeirinha, Aricanga, etc.; regulares em Sauassú, Cachoeira, Bahiacú, Lage, etc. etc., inferiores em quase todo o littoral; há argilosas, silicosas e misturadas; há planas, montanhosas e pedregosas; seccas e pantanosas. Há mattas, capoeiras, cerrados e campos. » Preços — Um hectare de terra boa custa de 258000 a 508000.",Preços — Um hectare de terra boa custa de 258000 a 508000.,25000,50000,hectare,0
ES,Santa Isabel,"Trabalhador rural, 28000 com comida; não ha administradores nem escrivães de fazenda; carpinteiros, de 38000 a 68000 diarios; não ha cozinheiras nem lavadeiras; as donas de casa fazem os serviços domésticos. Os salarios são pagos e os contractos cumpridos.","Trabalhador rural, 28000 com comida",2000,,,"carpinteiros, de 38000 a 68000 diarios",3000,6000,daily,A taxa é de 8 a 12 % ao ano.,8,12,annual,"Qualidades - Na maioria, as terras do município são argillosilicosas, variando a cor, ora avermelhada, e amarellada, ora esbranquiçada; nos valles e fraldas dos montes são consideradas melhores; podendo ser divididas, na sua generalidade, do seguinte modo: - Bôas: em Páu d’Alho, Tres Barras, Ribeirão de São Vicente e Beriricas; regulares: no Ribeirão dos Barcellos, Melgaço, Melgacinho, Lagoinha, Rio Fundo, etc.; inferiores e arenosas em sua maioria, em Pernambuco, Tijuco Preto e Areinha. Em todo o município ha terras misturadas. Todo o município é montanhoso, excepto o Planuro dos Barcellos, que é geralmente pedregoso. Ha terras seccas em muitos logares; não ha pantanosas. A vegetação é representada por mattas virgens em Alto Jucá, Victor Hugo, Barcellos, Tijuco Preto, etc.; capoeiras e cerrados em diversos pontos; não ha carrascaes nem campos. » Preço — O hectare de terra pertencente ao Estado custa de 28000 a 108000; de particulares, conforme o ajuste e bemfeitorias.","Preço — O hectare de terra pertencente ao Estado custa de 28000 a 108000; de particulares, conforme o ajuste e bemfeitorias.",2000,10000,hectare,0
ES,Santa Leopoldina,,,2500,,,,,,,Não ha emprestimos.,,,,,,,,,
ES,Santa Thereza,"Trabalhador rural ganha 18500 diarios, com alimentação; não há administradores nem escrivães de fazenda; um carpinteiro 58000 a 78000 diarios; cozinheiro; 308000 mensais; lavadeira, 158000 mensais. Os salarios são pagos e os contratos cumpridos.","Trabalhador rural ganha 18500 diarios, com alimentação",1500,,daily,um carpinteiro 58000 a 78000 diarios,5000,7000,daily,Não ha taxa fixa.,,,,"Qualidades - O município tem uma área de 2.500 kilometros quadrados; suas terras podem ser assim divididas: bóas, em Caldeirão-Tabocas, Santa Maria do Rio Doce, Cinco de Novembro, Tres Horas, e Vinte e Cinco de Julho; regulares, em Alto Perdido, Alto Santo, Santa Lucia, Santa Rosa, etc.; inferiores, em Santa Thereza, São Lourenço, São Pedro e terrenos altos; argilosas em pouca quantidade; arenosas junto aos montes, em Santa Lucia, Santa Rosa, etc.; misturadas na maior parte; planas nos valles dos rios e entre os morros; montanhosas, na maior parte; pedregosas, em geral; seccas, nos terrenos altos como em Santa Lucia, Santa Rosa, Santa Thereza e Santa Leopoldina; pantanosas, não há. A vegetação é representada por mattas virgens em quase todo o município, e algumas capoeiras e cerrados; não há carrascaes nem campos naturaes. Preços — Um hectare de terra boa pertencente ao Estado custa 28000 a 108000; e a particulares, 158000 e mais.","Preços — Um hectare de terra boa pertencente ao Estado custa 28000 a 108000; e a particulares, 158000 e mais.",2000,15000,hectare,0
ES,São Matheus,"Um trabalhador rural, 25000 a 35000 diários; administrador de fazenda, 805000 a 1005000 mensões; não há escrivães de fazenda; um carpinteiro, 45000 a 65000 diários; lavadeira, 55000 a 155000 mensões; cozinheira, 105000 a 205000 mensões. Os salários são pagos e os contratos cumpridos.","Um trabalhador rural, 25000 a 35000 diários",2000,3000,daily,"um carpinteiro, 45000 a 65000 diários",45000,65000,daily,A taxa é de 12 por cento ao anno.,12,12,annual,"Quaidades - Há terras bôas, regulares e inferiores; argilosas, arenosas e misturadas; em sua maior parte são onduladas, existindo algumas montanhosas; poucas pedregosas, secas e pantanosas. A vegetação é representada por muitas matas virgens, algumas capoeiras, cerrados e campos. "" Preços — Um kectare de terra bôa, do Estado, custa 25000 e de particulares, 45000 a 65000.","Preços — Um kectare de terra bôa, do Estado, custa 25000 e de particulares, 45000 a 65000.",2000,6000,hectare,0
ES,São José do Calçado,"Trabalhador rural, de 1$200 a 1$500 por dia; administrador de fazenda, 100$000 mensais; não há escrivães de fazenda; carpinteiro, de 150$000 a 200$000 mensais; lavadeiras, de 10$000 a 12$000 mensais; cozinheiro, 25$000 mensais. Os salários são pagos e os contratos cumpridos.","Trabalhador rural, de 1$200 a 1$500 por dia",1200,1500,daily,"carpinteiro, de 150$000 a 200$000 mensais",150000,200000,monthly,"Taxa de 10 a 12 "" | ao anno.",10,12,annual,"Qualidades - O município limita-se ao norte com o de Alegre, ao sul com o de S. Pedro, a leste com o Estado do Rio, pelo rio Itabapoana e a oeste com Santa Luzia e Alegre. O município é bastante alto, tendo a villa 300 metros de altitude; as suas terras podem ser, mais ou menos, assim divididas: boas, em Palmital, Barra do Calçado, Jardim, Alto Calçado e Castello; regulares, em S. Lourenço, Prata, etc.; inferiores, existem poucas. Quasi todo o município é argiloso, principalmente na parte montanhosa. As terras são arenosas nas vargens e misturadas ao nordeste do município. Há poucas planícies, sendo quase todo o município montanhoso, pedregoso e de terras secças ao norte. Não há pantanos. As terras são ocupadas em sua maior parte, por extensas mattas virgens. Existem algumas capoeiras nos terrenos outrora cultivados e poucos cerrados. Não há carrascaes nem campos. Preço — O hectare de terra boa custa 25$000 mais ou menos.",Preço — O hectare de terra boa custa 25$000 mais ou menos.,25000,25000,hectare,0
ES,S. Pedro de Itabapoana,"Trabalhador rural, 1$800 diários, sem alimentação; administrador de fazenda, 800$000 annuães; escrivães de fazenda não ha; carpinteiro, 4$000 diários; cozinheira, 15$000 a 20$000 mensais; lavadeiras, 8$000 mensais. Os salários são pagos e os contratos cumpridos.","Trabalhador rural, 1$800 diários, sem alimentação",1800,,daily,"carpinteiro, 4$000 diários",4000,,daily,A taxa é de 12 por cento ao anno.,12,12,annual,"Qualidades - No município, que é bastante montanhoso, existem terras bóas, regulares e inferiores, predominando as primeiras; são em sua maior parte argillosas; misturadas não há. Quanto a vegetação predominam as mattas e capoeiras; cerrados, carrascaes e campos naturaes não há. Preços — Um hectare de terra boa custa 30$000, mais ou menos.","Preços — Um hectare de terra boa custa 30$000, mais ou menos.",30000,30000,hectare,0
ES,Serra,"Trabalhador rural, ganha 2$000 por dia. Não ha administradores, nem escrivães de fazenda; carpinteiro, 3$000 por dia; cozinheira, 25$000 a 30$000 por mês; lavadeira, 20 réis por peça. Os salários são pagos, e os contratos cumpridos.","Trabalhador rural, ganha 2$000 por dia",2000,,daily,"carpinteiro, 3$000 por dia",3000,,daily,Não ha empréstimos à lavoura.,,,,"Qualidades - São bôas em Timbuy, Mestre Alvaro, Fonte-Limpa, Guaranhum, etc.; regulares, nas proximidades da cidade de Jacarehype; inferiores, no littoral; e logares altos; argilosas nos valles dos rios, arenosas as do littoral; misturadas, nas depressões dos morros; planas no littoral; montanhosas e pedregosas junto ao monte Alvaro, e nas proximidades de Santa Leopoldina. Ha pantanos nos logares chamados Lamante, e Rio Novo, e nas margens de Jacarehype. Ha mattas virgens em Timbuhy, perto de Mestre Alvaro; capoeiras e cerrados occupam a maior área do município; não ha carrascaes. Preços — Um hectare de terra bôa, custa de 30$000 a 40$000 mais ou menos.","Preços — Um hectare de terra bôa, custa de 30$000 a 40$000 mais ou menos.",30000,40000,hectare,0
ES,Vianna,"Trabalhador rural, 2$000 a 3$000 diarios; cozinheira ou lavadeira, 7$000 mensais; carpinteiro, 3$000 diarios; não ha administradores nem escrivães de fazenda. Os salários são pagos e os contratos cumpridos.","Trabalhador rural, 2$000 a 3$000 diarios",2000,3000,daily,"carpinteiro, 3$000 diarios",3000,,daily,A taxa é de 12 por cento ao anno.,12,12,annual,"Qualidades - Predominam no município as terras bôas e regualres, assim como as argillosas e misturadas; na maioria são montanhosas, bastante pedregosas e pantanosas em muitos locaes. A vegetação é representada por algumas mattas virgens, muitas capoeiras, cerrados e poucos campos. Preços — O hectare de terra bôa pertencente ao Estado custa de 2$000 a 10$000; a particulares, 100$000.","Preços — O hectare de terra bôa pertencente ao Estado custa de 2$000 a 10$000; a particulares, 100$000.",2000,100000,hectare,0
ES,Victoria,"Trabalhador rural, 2$000 a 2$500 por dia; cozinheiro, 50$000 mensais; lavadeira, 25$000 mensais; carpinteiro, de 6$000 a 8$000; não ha administradores nem escrivães de fazendas. Os salários são pagos e os contratos cumpridos. B. 13","Trabalhador rural, 2$000 a 2$500 por dia",2000,2500,daily,"carpinteiro, de 6$000 a 8$000",6000,8000,,Não ha emprestimos aos agricultores.,,,,"Qualidades - São em geral bôas as terras, predominando as argilosas; na maioria são montanhosas: há muitos terrenos pedregosos e outros pantanosos. A vegetação é representada por poucas mattas, muitas capoeiras, cerrados e alguns pastos. Preços — O preço é muito variável.",Preços — O preço é muito variável.,,,,
GO,Allemão,"O trabalhador rural ganha 18000 ou 208000 mensões; cozinheiro, 158000 mensões; lavadeira, 480000 mensões; carpinteiro, 48000 a 58000 diários; não ha administradores nem escrivães de fazenda; os vaqueiros encarregados da criação quando tomam conta das fazendas, percebem um quarto da produção animal ou 4008000 annuães. Os salários são pagos e os contratos cumpridos.",O trabalhador rural ganha 18000 ou 208000 mensões,1000,,,"carpinteiro, 48000 a 58000 diários",4000,5000,daily,A taxa é de um por cento ao mez.,1,1,monthly,"Qualidades - As terras na maioria são bôas, planas e silico-argilosas; existem alguns trechos montanhosos e outros pedregosos. A vegetação é representada por bôas mattas virgens, capoeiras, campos, cerrados e alguns carrascaes. "" Preços — O hectare de terra varia de 18000 a 58000.",Preços — O hectare de terra varia de 18000 a 58000.,1000,5000,hectare,0
GO,Annapolis,"Um trabalhador rural ganha de 500 réis a 1$000 diários; não há administradores nem escrivães de fazenda; um carpinteiro ganha de 4$000 a 5$000 diários; um cozinheiro, 15$000 mensais; pagam a roupa lavada por peça. Os salários são pagos e os contratos cumpridos.",Um trabalhador rural ganha de 500 réis a 1$000 diários,500,1000,daily,um carpinteiro ganha de 4$000 a 5$000 diários,4000,5000,daily,A taxa é de 1% ao mez.,1,1,monthly,"Qualidades - O município possue muitas terras bôas; algumas regulares e poucas inferiores; são geralmente misturadas ou argillosas, planas e seccas. A vegetação é representada por mattas virgens, capoeiras e campos, cerrados e carrascaes. Preços — Um hectare de terra de matta virgem custa 10$000 e de campo 2$000, approximadamente.","Preços — Um hectare de terra de matta virgem custa 10$000 e de campo 2$000, approximadamente.",2000,10000,hectare,0
GO,Arrayas,"Um trabalhador rural ganha 500 réis diários, com alimentação; nem há administradores nem escrivães de fazenda; um vaqueiro, que é verdadeiro administrador, ganha 25% do produto da criação; uma cozinheira, 12.000 mensais; lavadeira, de 10.000 a 15.000 mensais; um carpinteiro, 3.000 diários. Os salários são pagos e os contratos cumpridos.","Um trabalhador rural ganha 500 réis diários, com alimentação",500,,daily,"um carpinteiro, 3.000 diários",3000,,daily,Não ha emprestimos.,,,,"Qualidades - O município possui terras boas, regulares e inferiores; argilosas, arenosas e misturadas; pedregosas, e pantanosas; sendo na sua maior parte, planas. A vegetação é representada por muitas matas virgens, bem como por capoeiras e campos, poucos cerrados e carrascaes. Preços — Um hectare de terra boa pertencente ao Estado, custa 1.000 a 1.200; aos particulares, 200 réis.","Preços — Um hectare de terra boa pertencente ao Estado, custa 1.000 a 1.200; aos particulares, 200 réis.",200,1200,hectare,0
GO,Bella Vista,"Um trabalhador rural ganha 18000 a 18500 diários; administradores e escrivães de fazenda não há; existem vaqueiros que ganham um quarto da criação de que tomam conta; um carpinteiro, 38000 a 78000 diários; uma cozinheira, 88000 a 108000 mensões; uma lavadeira, 48000 a 68000 mensões. Os salários são pagos e os contratos cumpridos.",Um trabalhador rural ganha 18000 a 18500 diários,1000,1500,daily,"um carpinteiro, 38000 a 78000 diários",3000,7000,daily,A taxa é de um e meio por cento ao mez.,1.5,1.5,monthly,"Qualidades - As terras do município são geralmente bôas; há algumas regulares; propriamente inferiores não existem. Argilosas, na maior parte; misturadas, em alguns pontos; arenosas, em pequena parte. O município é no geral plano, existindo, todavia, partes pouco accidentadas. As terras são pedregosas em pequena quantidade, frescas e enxutas; não há terras pantanosas. A vegetação é representada na sua maior parte por mattas virgens magníficas, e capoeiras, alguns cerrados e campos. Não há carrascaes. Preços — Um hectare de terra boa custa 408000 approximadamente.",Preços — Um hectare de terra boa custa 408000 approximadamente.,40000,40000,hectare,0
GO,Bôa Vista do Tocantins,"Um trabalhador rural ganha 2$000 diários; um carpinteiro, 3$000 diários; uma cozinheira ou lavadeira, 30$000 mensais; não há administradores nem escrivães de fazenda; nas fazendas de criar, o encarregado da criação, percebe 25.º^1º^ da produção animal. Os salários são pagos e os contratos cumpridos.",Um trabalhador rural ganha 2$000 diários,2000,,daily,"um carpinteiro, 3$000 diários",3000,,daily,Não há taxa determinada.,,,,"Qualidades - As terras do município são na maioria bôas e regulares; argilhosas e misturadas; muito pouco accidentadas, com grandes seções pedregosas e pantanosas. A vegetação é representada por muitas matas virgens e capoeiras; grandes cerrados e campos. Preços - As terras adquiridas ao Estado custam de 1$000 a 1$200 o 1$200 o hectare e dos particulares, geralmente não legitimadas, de 100 a 200 réis.","Preços - As terras adquiridas ao Estado custam de 1$000 a 1$200 o 1$200 o hectare e dos particulares, geralmente não legitimadas, de 100 a 200 réis.",100,1200,hectare,0
GO,Bomfim,"O trabalhador rural ganha 500 réis a 18000 diários; um cozinheiro, 108000 mensões; uma lavadeira, 68000 mensões; um carpinteiro, 28000 a 48000 diários; não há escrivães nem administradores de fazenda. Os vaqueiros ganham 28000 por cria. Os salários são pagos e os contratos nem sempre cumpridos.",O trabalhador rural ganha 500 réis a 18000 diários,500,1000,daily,"um carpinteiro, 28000 a 48000 diários",2000,4000,daily,A taxa é de 1 ½ % ao mez.,1,1,monthly,"Qualidades - No geral, bós; existem algumas regulares e poucas inferiores. Quasi todas as terras são misturadas, sendo poucas as argilosas e arenosas. Não há terras pedregosas e montanhosas; são poucas as secas. A vegetação é representada por óptimas mattas virgens, capoeirões e capoeiras; bons campos e carrascaes. Preços — Um hectare de terra boa custa, mais ou menos, 58000, de campos. 28000.","Preços — Um hectare de terra boa custa, mais ou menos, 58000, de campos. 28000.",2000,5000,hectare,0
GO,Campinas,"Um trabalhador rural ganha de 1$000 a 1$500 diarios; administradores e escrivães de fazenda não ha; um vaqueiro percebe um quarto da produção do gado de que toma conta; um carpinteiro, 4$000 diarios; um cozinheiro, 10$000 mensões; uma lavadeira, 5$000 mensões. Os salarios são pagos e os contractos cumpridos.",Um trabalhador rural ganha de 1$000 a 1$500 diarios,1000,1500,daily,"um carpinteiro, 4$000 diarios",4000,,daily,Taxa de 18°| a 24°| annaes.,18,24,annual,"Qualidades - O município, que é quase totalmente plano, é formado de terras frescas e enxutas, possui muitas terras boas e poucas regulares; inferiores, não ha. As terras são quase todas argilosas, pois não ha arenosas e muito poucas são misturadas. A vegetação é representada por magníficas matas virgens, boas capoeiras e óptimos campos com boas pastagens de catingueiro branco; existem cerrados, alguns sujos e outros limpos e alguns carrascaes de vegetação enfezada. ” Preços — Um hectare de terra boa custa 10$000 a 20$000.",Preços — Um hectare de terra boa custa 10$000 a 20$000.,10000,20000,hectare,0
GO,Campo Formoso,"O trabalhador rural, ganha 1$000 diários; um cozinheiro, 20$000, mensais; as lavadeiras, cobram 50 réis, por peça; um carpinteiro, ganha de 4$000 a 5$000 diários; não há administradores, nem escrivães de fazenda. Os salários são pagos e os contratos cumpridos.","O trabalhador rural, ganha 1$000 diários",1000,,daily,"um carpinteiro, ganha de 4$000 a 5$000 diários",4000,5000,daily,A taxa é de 10 % ao ano.,10,10,annual,"Qualidades - As terras do município são na sua maioria bôas e silico-argilosas; no geral planas; há poucos terrenos pedregosos. A vegetação é representada por matras virgens, de primeira qualidade, capoeiras e cerrados, alguns carrascaes e bons campos. "" Preços — O hectare de terra bôa, custa, em mato, 10$000 e em campo, 750 réis.","Preços — O hectare de terra bôa, custa, em mato, 10$000 e em campo, 750 réis.",750,10000,hectare,0
GO,Catalão,"O trabalhador rural ganha 1$000 diarios ou 26$000 mensões; um cozinhheiro, 15$000 a 20$000 mensões; uma lavadeira, 10$000 a 12$000 mensões; um carpinteiro, 5$000 diarios; não há administradores nem escrivães de fazenda; os vaqueiros que tomam conta das fazendas de criar ganham 400$000 a 500$000 annuales. Os salários são pagos e os contratos cumpridos.",O trabalhador rural ganha 1$000 diarios ou 26$000 mensões,1000,,daily,"um carpinteiro, 5$000 diarios",5000,,daily,A taxa é de 1 ½ a 2 % ao mez.,1,2,monthly,"Qualidades - As terras do município são na maioria bôas e planas; há terras argilhosas nas margens dos rios Verde, S. Bento e das Pedras; arenosas nas margens dos rios Veríssimo e S. Marcos; no geral são misturadas; há terrenos pedregosos. A vegetação é representada por grandes matas virgens, de óptima qualidade, capoeiras, cerrados, carrascaes e campos. Preços — O hectare de terra bôa custa 10$000 a 12$000; esses preços, porém, já estão augmentando devido a approximateza da estrada de ferro.","Preços — O hectare de terra bôa custa 10$000 a 12$000; esses preços, porém, já estão augmentando devido a approximateza da estrada de ferro.",10000,12000,hectare,0
GO,Cavalcanti,"Um camarada ganha de 500 réis a 1$000 diários. Os vaqueiros, verdadeiros administradores das fazendas de criar, têm um quarto da produção do gado de que tomam conta. Não há administradores nem escrivães de fazenda. Um carpinteiro, ganha de 2$000 a 4$000. INSTITUTO DO AGROÁRIO BIBLIOTECA E. M. ALCOOL diarios, com alimentação; um cozinheiro, 16$000 e uma lavadeira, 10$000 a 20$000, mensais. Os salarios são pagos com regularidade.",-,500,1000,,"Um carpinteiro, ganha de 2$000 a 4$000",2000,4000,,Não há prestamistas.,,,,"Qualidades - Há boas, regulares e inferiores; umas arenosas, outras argilosas, mas em sua maioria, misturadas. São ora planas, ora accidentadas e em grande parte secas e pedregosas. A vegetação é representada por mattas virgens, capoeiras, cerrados, carrascaes e campos. Preços — Um hectare de terra boa, custa de 1$000 a 1$200.","Preços — Um hectare de terra boa, custa de 1$000 a 1$200.",1000,1200,hectare,0
GO,Chapéo,"Um trabalhador rural ganha 500 réis a 2$000 diários; não há administradores nem escrivães de fazenda; um carpinteiro ganha 3$000 diários; uma cozinheira ou lavadeira, 8$000 a 10$000 mensais. Os salários são pagos e os contratos cumpridos.",Um trabalhador rural ganha 500 réis a 2$000 diários,500,2000,daily,um carpinteiro ganha 3$000 diários,3000,,daily,Não há taxa determinada.,,,,"Qualidades - São boas na maior parte; há regulares e algumas inferiores; são na maioria argilosas; existindo muitos terrenos planos, montanhosos, secos e pedregosos. A vegetação é representada por muitas matas virgens, capoeiras, cerrados e grandes campos. Preços — O hectare de terra, de propriedade particular, é vendido, mais ou menos, a 100 réis; e do Estado, de 500 réis a 1$200.","Preços — O hectare de terra, de propriedade particular, é vendido, mais ou menos, a 100 réis; e do Estado, de 500 réis a 1$200.",100,1200,hectare;property,1
GO,Conceição,"Um trabalhador rural ganha 1$000 diários; não há administradores nem escrivães de fazenda; um vaqueiro, verdadeiro administrador das fazendas de criar, percebe como vencimento, o leite das vaccas e a quarta parte da produção da criação de que toma conta; um carpinteiro, 2$000 a 3$000 diários; um cozinheiro ou uma lavadeira, 10$000 mensais. Os contratos são pagos e os contratos cumpridos.",Um trabalhador rural ganha 1$000 diários,1000,,daily,"um carpinteiro, 2$000 a 3$000 diários",2000,3000,daily,Não usam fazer empréstimos à lavoura.,,,,"Qualidades - As terras do município são na maioria bôas e regulares, sílico-argillosas e planas, existindo muitos terrenos pedregosos e seccos. A vegetação é representada por poucas matas virgens, muitas capoeiras, cerrados e campos. ” Preços — O hectare de terra boa custa mais ou menos, 1$000 a 1$200.","Preços — O hectare de terra boa custa mais ou menos, 1$000 a 1$200.",1000,1200,hectare,0
GO,Corumbá,"Um trabalhador rural ganha 1$000 diários; um cozinheiro 10$000 a 15$000 mensais; uma lavadeira, 8$000 mensais; um carpinteiro, de 3$000 a 5$000 diários; não há administradores nem escrivães de fazenda. Os salários são pagos e os contratos cumpridos.",Um trabalhador rural ganha 1$000 diários,1000,,daily,"um carpinteiro, de 3$000 a 5$000 diários",3000,5000,daily,Não há empréstimos.,,,,"Qualidades - O município possui terras de toda sorte, predominando as bós, as argilosas e montanhosas. A vegetação é representada por mattas virgens, cerrados, capoeiras, carrascaes e campos. Preços - Um hectare de terra boa custa mais ou menos, de 2$000 a 3$000.","Preços - Um hectare de terra boa custa mais ou menos, de 2$000 a 3$000.",2000,3000,hectare,0
GO,Corumbahyba,"O trabalhador rural ganha 15000 diarios ou 255000 mensões; uma cozinheira ou lavadeira, 105000 mensões; um carpinteiro, 55000 diarios; não há administradores nem escrivães de fazenda. Os vaqueiros percebem 4005000 annuões e uma porcentagem variável sobre a criação. Os salários são pagos e os contratos cumpridos.",O trabalhador rural ganha 15000 diarios ou 255000 mensões,1000,,daily,"um carpinteiro, 55000 diarios",55000,,daily,A taxa é de 1 *|* ao mez.,1,1,monthly,"Qualidades - Não há no município terras inferiores; são geralmente bôas e regulares; na maioria silico-argilhosas e planas, salvo as dos valles dos rios Veríssimo, Corumbá e Periquitos, que são montanhosas; existem em alguns pontos terrenos pedregosos, mas não há pantanos e terras séccas. A vegetação é formada por mattas-virgens, capoeiras, cerrados, carrascaes e campos. Preços — O hectare de terra boa custa 125000, mais ou menos.","Preços — O hectare de terra boa custa 125000, mais ou menos.",12000,12000,hectare,0
GO,Curralinho,"Um trabalhador rural ganha de 15$000 a 20$000 mensais; administradores e escrivães de fazenda não ha; existem vaqueiros que ganhem ¼ da criação nascida do gado de que tomam conta, ou 20$000 mensais; um carpinteiro ganha 5$000 diarios; um cozinheiro, de 10$000 a 12$000 mensais; uma lavadeira, de 5$000 a 6$000 mensais. Os salarios são pagos adiantadamente, mas os contractos nem sempre são cumpridos pelos camaradas.",Um trabalhador rural ganha de 15$000 a 20$000 mensais,750,1000,,um carpinteiro ganha 5$000 diarios,5000,,daily,A taxa é de 8 a 10% anuaes.,8,10,annual,"Qualidades - As terras do município são boas na sua quasi totalidade, existindo poucas regulares e inferiores. Geralmente são argilosas, havendo pequenas extensões de terrenos misturados. Não ha terra arenosa. O município é geralmente plano existindo poucas terras montanhosas. As terras pedregosas são em pequena quantidade. Não ha terras propriamente seccas, sendo em geral, frescas e enxutas, assim também não existem terras pantanosas. A vegetação é representada por mattas virgens, capoeiras, cerrados e campos. Não ha carrascaes. Preços — Um alqueire de terra boa, de propriedade particular, custa de 80$000 a 100$000, e do Estado custa o hectare 2$000. A diferença de preço é devido a distancia.","Preços — Um alqueire de terra boa, de propriedade particular, custa de 80$000 a 100$000, e do Estado custa o hectare 2$000. A diferença de preço é devido a distancia.",2000,100000,hectare;alqueire;property,1
GO,S. José do Duro,"O trabalhador rural ganha 1$000 a 1$200 diarios; um administrador de fazenda, 1000$000 annuaes; não ha escrivães de fazenda; um carpinteiro, 2$000 diarios; uma cozinheira ou lavadeira, 10$000 mensais. Os salarios são pagos e os contractos cumpridos. O trabalhador rural ganha 1$000 a 1$200 diarios; um administrador de fazenda, 1:000$000 annuaes; não ha escrivães de fazenda; um carpinteiro, 2$000 diarios; uma cozinheira ou lavadeira, 10$000 mensais. Os salarios são pagos e os contractos cumpridos.",O trabalhador rural ganha 1$000 a 1$200 diarios,1000,1200,daily,"um carpinteiro, 2$000 diarios",2000,,daily,Não são usuaes os emprestimos agrícolas. Não são usuaes os emprestimos agrícolas.,,,,"Qualidades - As terras do município podem ser, mais ou menos, assim divididas: bôas, as das mattas e capões; regulares, as dos cerrados e taboleiros; e inferiores, a das chapadas; na maioria são silico-argillosas. São planas, existindo muitos terrenos pedregosos. A vegetação é representada por algumas mattas, cerrados e muitas capoeiras e campos. **TERRAS** — Preços — O hectare de terra boa custa de 1$000 a 1$200, mais ou menos. **TRANSPORTES** — Para o mercado local paga-se de 5 a 20 réis por litro de cereal, conforme a distância; e para os outros pontos de 15 a 30 réis por litro de cereal. Qualidades - As terras do município podem ser, mais ou menos, assim divididas: bôas, as das mattas e capões; regulares, as dos cerrados e taboleiros; e inferiores, a das chapadas; na maioria são silico-argillosas. São planas, existindo muitos terrenos pedregosos. A vegetação é representada por algumas mattas, cerrados e muitas capoeiras e campos. **TERRAS** — Preços — O hectare de terra boa custa de 1$000 a 1$200, mais ou menos. **TRANSPORTES** — Para o mercado local paga-se de 5 a 20 réis por litro de cereal, conforme a distância; e para os outros pontos de 15 a 30 réis por litro de cereal.","Preços — O hectare de terra boa custa de 1$000 a 1$200, mais ou menos. **",1000,1200,hectare,0
GO,Formosa,"Um trabalhador rural ganha 1$000 diários; não há administradores nem escrivães de fazenda; um carpinteiro ganha 4$000 diários; um cozinheiro, 15$000 mensais; pagam 500 réis por duzia de peças de roupa lavada. Os salários são pagos e os contratos cumpridos.",Um trabalhador rural ganha 1$000 diários,1000,,daily,um carpinteiro ganha 4$000 diários,4000,,daily,Não há taxa fixa.,,,,"Qualidades - As terras do município são boas e geralmente misturadas e planas. A vegetação, é representada por mattas, capoeiras, cerrados, carrascaes e campos. "" Preços — Um hectare de terra boa custa 1$200, approximadamente.","Preços — Um hectare de terra boa custa 1$200, approximadamente.",1200,1200,hectare,0
GO,Forte,"Um trabalhador rural ganha 500 réis diarios; não ha administradores nem escrivães de fazenda; um carpinteiro ganha 2$000 diarios; um cozinheiro, 15$000 mensais; as lavadeiras ganham 40 réis por peça de roupa lavada. Os salarios são pagos, mas os contractos nem sempre cumpridos.",Um trabalhador rural ganha 500 réis diarios,500,,daily,um carpinteiro ganha 2$000 diarios,2000,,daily,Taxa de 2 *|* ao mez.,2,2,monthly,"Qualidades - No município ha terras de toda qualidade. Sua vegetação é representada por óptimas mattas virgens; boas capoeiras; cerrados, carrascaes e campos magníficos, na estação chuvosa, principalmente. "" Preços — Um hectare de terra boa custa 1$200 approximadamente.",Preços — Um hectare de terra boa custa 1$200 approximadamente.,1200,1200,hectare,0
GO,Goyaz,"O trabalhador rural, ganha, quando em serviço diario, 1$000; mensal, 15$000 à 20$000; administradores de fazenda, não ha; os vaqueiros, ganham um quarto da produção annual do gado de que tomam conta; escrivães de fazenda, não ha; carpinteiro, ganha de 4$000 à 6$000 diarios; cozinheiro, de 15$000 à 20$000, mensais; as lavadeiras, cobram, segundo o tempo, sécco ou chuvoso, de 600 a 800 réis por 30 peças. Os salarios nem sempre são pagos, assim como os contractos nem sempre são cumpridos.","O trabalhador rural, ganha, quando em serviço diario, 1$000",1000,,daily,"carpinteiro, ganha de 4$000 à 6$000 diarios",4000,6000,daily,"A taxa adoptada é de 1 %, ao mez.",1,1,monthly,"Qualidades - Em sua maioria bôas, algumas regulares; argilosas na bacia do rio Urubú (confluente do rio das Almas); arenosas na bacia do rio Vermelho (confluente do Araguaya); misturadas, algumas; regular extensão de planas e séccas; em sua maioria montanhosas e um tanto pedregosas. Pantanosas só em alguns trechos nas margens dos rios Vermelho e Araguaya. A vegetação é representada em sua maioria por mattas e capceiras, havendo alguns cerrados e campos; os carrascaes são em pequena quantidade. "" Preços — Os preços do Estado para um hectare de terra bôa, são; campo, 500 réis; campo e matta, 1$000.","Preços — Os preços do Estado para um hectare de terra bôa, são; campo, 500 réis; campo e matta, 1$000.",500,1000,hectare,0
GO,Ipamery,"O trabalhador rural ganha 15000 diarios ou 205000 mensões; um cozinheiro ou uma lavadeira ganha de 105000 a 155000 mensões; um carpinteiro, 55000 diarios; não há administradores nem escrivães de fazenda; os vaqueiros ganham; ou 5005000 annuões pelo trato que dão ao gado, ou um quarto da produção da criação. Os salários são pagos e os contratos cumpridos.",O trabalhador rural ganha 15000 diarios ou 205000 mensões,1000,,daily,"um carpinteiro, 55000 diarios",55000,,daily,A taxa é de 1% ao mez.,1,1,monthly,"Qualidades - Os terrenos do município são geralmente planos, predominando as terras boas nos valles dos rios S. Marcos e Vae-Vem, onde são argilosas e nas margens do Corumbá e Veríssimo, onde são arenosas, encontrando-se porém, terras misturadas, por toda parte. A vegetação é representada por grandes mattas virgens, capoeiras, cerrados, carrascaes e bons campos. Preços — O hectare de terra boa, custa 205000, mais ou menos.","Preços — O hectare de terra boa, custa 205000, mais ou menos.",20000,20000,hectare,0
GO,Jaraguá,"Um trabalhador rural ganha 1$000 diários; cozinheiro, 10$000 a 15$000 mensais; as lavadeiras cobram 500 réis por duzia de peças; carpinteiro, 4$000 diários; não há administradores nem escrivães de fazenda; um capataz percebe 25% das crias; a empreitada de um alqueire de roça regula de 80$000 a 100$000. Os salarios são pagos e os contractos cumpridos.",Um trabalhador rural ganha 1$000 diários,1000,,daily,"carpinteiro, 4$000 diários",4000,,daily,Em geral a taxa é de 1 % ao mês.,1,1,monthly,"Qualidades - As terras do municipio são boas na maior parte; misturadas e planas ao sul, zona das mattas; e montanhosas e de boa qualidade, ao norte. A vegetação é magnífica, havendo poucos carrascaes e cerrados. Preços — O preço do hectare de terra boa é de 1$000 a 1$500, mais ou menos.","Preços — O preço do hectare de terra boa é de 1$000 a 1$500, mais ou menos.",1000,1500,hectare,0
GO,Jatahy,"Um trabalhador rural ganha de 2$000 a 3$000 diarios, com comida; não ha administradores nem escrivães de fazenda; os vaqueiros ou ganham de 60$000 a 80$000 mensaes ou são pagos por porcentagem sobre a produção do gado, a razão de ¼ das crias; carpinteiro ganha de 10$000 a 12$000 diarios, com comida; lavadeiras, de 50$000 a 60$000 mensaes. Os salarios são pagos e os contractos cumpridos.","Um trabalhador rural ganha de 2$000 a 3$000 diarios, com comida",2000,3000,daily,"carpinteiro ganha de 10$000 a 12$000 diarios, com comida",10000,12000,daily,Variáveis.,,,,"Qualidades - Em sua maioria boas, argillosas e planas, havendo regulares e inferiores em menor numero. A vegetação é representada por muitos campos, cerrados, mattas e por algumas capoeiras e carrascaes. "" Preços — Um alqueire de terra de campo com 48.400 metros quadrados custa de 10$000 a 15$000; de matta virgem, de 50$000 a 60$000, mas perto da cidade, de 200$000 a 250$000.","Preços — Um alqueire de terra de campo com 48.400 metros quadrados custa de 10$000 a 15$000; de matta virgem, de 50$000 a 60$000, mas perto da cidade, de 200$000 a 250$000.",10000,250000,alqueire;metro_quadrado,1
GO,Alta-Mir,"O trabalhador rural ganha 1$000 diários; um cozinheiro, de 10$000 a 15$000 mensais; as lavadeiras cobram 500 réis por duzia de peças de roupa; um carpinteiro, 4$000 diários; não há administradores nem escrivães de fazenda. Os salários são pagos e os contractos cumpridos.",O trabalhador rural ganha 1$000 diários,1000,,daily,"um carpinteiro, 4$000 diários",4000,,daily,"A taxa é de um e meio por cento ao mez. MADEIRAS — Aroeira, imburana, ipé, balsamo, etc.",1.5,1.5,monthly,"Qualidades - As terras do município são na sua maioria bôas e silico-argilosas; há grandes extensões planas, principalmente ao norte, e montanhosas ao sul. A vegetação é representada por grandes matas virgens, capoeiras, cerrados e campos extensos.",,,,,
GO,Mineiros,"Um trabalhador rural ganha 2$000 por dia; não há administradores nem escrivães de fazenda; carpinteiro, 8$000 a 12$000 por dia; cozinheiro, 75$000 a 90$000 e até 100$000, quando para viagens por mez; lavadeira, 18$000 a 22$000 por mez. Os salários são pagos e os contratos cumpridos. "" Qualidades — As terras do município podem ser mais ou menos assim divididas: bôas, talvez metade; regulares e inferiores, outra metade; em sua maioria são arenosas e planas e algumas pedregosas. A vegetação é representada por mattas virgens, capoeiras, cerrados, carrascaes e campos. "" Preços — Um alqueire de 48.400 metros quadrados de terra bôa, de matta, custa cerca de 10$000 a 12$000; um alqueire de campo ou cerrado, 3$000 a 6$000.",Um trabalhador rural ganha 2$000 por dia,2000,,daily,"carpinteiro, 8$000 a 12$000 por dia",8000,12000,daily,Taxa de um a um e meio por cento ao mez.,1,1.5,monthly,,,,,,
GO,Morrinhos,"O trabalhador rural ganha 1$000 diarios e 25$000 mensajes; um cozinheiro, 15$000 mensajes; uma lavadeira, 8$000 mensajes; um carpinteiro, 8$000 diarios; não ha administradores nem escrivães de fazenda. Os vaqueiros percebem, 500$000 annaes ou um quarto da producção animal. Os salarios são pagos e os contractos cumpridos.",O trabalhador rural ganha 1$000 diarios e 25$000 mensajes,1000,,daily,"um carpinteiro, 8$000 diarios",8000,,daily,A taxa é de 12 % ao anno.,12,12,annual,"Qualidades - No geral as terras são boas, em grande parte misturadas e accidentadas. A vegetação é representada por mattas, capoeiras, cerrados e campos. "" Preços — O hectare de terra boa custa de 3$000 a 5$000, comprado a particulares, e de 800 réis a 1$000 comprado ao Estado.","Preços — O hectare de terra boa custa de 3$000 a 5$000, comprado a particulares, e de 800 réis a 1$000 comprado ao Estado.",800,5000,hectare,0
GO,Natividade,"Um trabalhador rural ganha 500 réis diários; não ha administradores nem escrivães de fazenda; um vaqueiro, verdadeiro administrador ganha 25% da produção do gado que lhe é entregue; carpinteiro, de 3$000 a 4$000 diários; cozinheira, 10$000 mensais; lavadeira, 15$000 mensais. Os salários são pagos e os contratos cumpridos.",Um trabalhador rural ganha 500 réis diários,500,,daily,"carpinteiro, de 3$000 a 4$000 diários",3000,4000,daily,Não ha taxa fixa.,,,,"Qualidades - Ha terras boas, regulares e inferiores; ora são argillosas, ora misturadas. Em sua maioria planas e pedregosas; há também montanhosas e pantanosas. A vegetação é representada por mattas virgens, muitos campos e capoeiras, cerrados e poucos carrascaes. Preços — Um hectare de terra boa, pertencente ao Estado, custa de 1$000 a 1$200 e de particulares mais.","Preços — Um hectare de terra boa, pertencente ao Estado, custa de 1$000 a 1$200 e de particulares mais.",1000,1200,hectare,0
GO,Palma,"Um trabalhador rural ganha 500 réis diários; não há administradores nem escrivães de fazenda. Nas fazendas de criar o vaqueiro, verdadeiro administrador, percebe como vencimentos, um quarto da produção animal; um carpinteiro ganha 2$000 diários; cozinheiro, 10$000; lavadeira, 5$000. Nem sempre os salários são pagos e os contratos cumpridos.",Um trabalhador rural ganha 500 réis diários,500,,daily,um carpinteiro ganha 2$000 diários,2000,,daily,Não há taxa fixa.,,,,"Qualidades - O município possui terras bôas, regulares e inferiores. Na maioria as terras são planas e silico-argilosas, existindo alguns terrenos pedregosos e seccos. A vegetação é representada por poucas matas virgens, muitas capoeiras, cerrados e campos. ” Preços — O hectare de terra bôa custa de 1$000 a 1$200, mais ou menos.","Preços — O hectare de terra bôa custa de 1$000 a 1$200, mais ou menos.",1000,1200,hectare,0
GO,Pedro Affonso,"Um trabalhador rural ganha 1$000 a 2$000 diários; não há administradores nem escrivães de fazenda; um vaqueiro encarregado da criação, tem 25% da produção animal do gado de que toma conta; um carpinteiro, 3$000 diários, com alimentação; uma lavadeira, 15$000 mensais; um cozinheiro, 20$000 mensais. Os salários são pagos e os contratos cumpridos.",Um trabalhador rural ganha 1$000 a 2$000 diários,1000,2000,daily,"um carpinteiro, 3$000 diários, com alimentação",3000,,daily,Não há empréstimo sobre propriedades agrícolas.,,,,"Qualidades - As terras do município, na maior parte, são inferiores e regulares; silico-argilosa; planas e seccas. A vegetação é representada por matas virgens, capoeiras, extensos cerrados e campos. Preços - O hectare de terra de propriedade do Estado, é vendido de 500 réis a 1$200.","Preços - O hectare de terra de propriedade do Estado, é vendido de 500 réis a 1$200.",500,1200,hectare;property,1
GO,Peixe,"Um trabalhador rural ganha 500 réis diarios; não ha administradores nem escrivães de fazenda. O vaqueiro, verdadeiro administrador, percebe um quarto da produção da criação de que toma conta; um carpinteiro, 2$000 diarios; uma cozinheira, 10$000 mensais; uma lavadeira, 5$000 mensais. Nem sempre os salarios são pagos e os contractos cumpridos.",Um trabalhador rural ganha 500 réis diarios,500,,daily,"um carpinteiro, 2$000 diarios",2000,,daily,Não ha taxa fixa.,,,,"Qualidades - As terras do município podem ser, mais ou menos, assim divididas: bôas, as das mattas e capões; regulares, as dos cerrados e taboleiros; e inferiores, as dos campos. Na maioria as terras são argilhosas, planas e seccas. A vegetação é representada por algumas mattas virgens, poucas capoeiras e muitos cerrados e campos. "" Preços — O hectare de terra bôa custa de 1$000 a 1$200.",Preços — O hectare de terra bôa custa de 1$000 a 1$200.,1000,1200,hectare,0
GO,Pilar,"Um trabalhador rural ganha de 15.000 a 20.000 mensões; administradores e escrivães de fazenda, não há; um carpinteiro ganha 2.000 diários; um cozinheiro, 15.000 mensões; as lavadeiras cobram 40 réis por peça de roupa lavada. Os salários são geralmente pagos, mas os contratos nem sempre cumpridos, por parte dos contractados.",Um trabalhador rural ganha de 15.000 a 20.000 mensões,750,1000,,um carpinteiro ganha 2.000 diários,2000,,daily,A taxa geralmente adoptada é de 1 a 2% mensas.,1,2,monthly,"Qualidades - As terras do município são magníficas e cobertas de mattas magníficas, óptimas para culturas e de campos magníficos; são no geral pedregosas e accidentadas. A vegetação é representada, por mattas virgens fertilíssimas, boas capoeiras, alguns cerrados, carrascaes e campos. “ Preços — As terras pertencentes ao Estado, sendo em mattas, custam 800 réis o hectare, e sendo em campos, 500 réis. As terras de propriedade particular, custam ainda menos.","Preços — As terras pertencentes ao Estado, sendo em mattas, custam 800 réis o hectare, e sendo em campos, 500 réis. As terras de propriedade particular, custam ainda menos.",500,800,hectare,0
GO,Porto Nacional,"Um trabalhador rural ganha 1$000 diarios; um vaqueiro encarregado da criação (verdadeiro administrador de fazenda de criar), percebe 25% da produção animal; não há escrivães de fazenda; um carpinteiro, 3$000 diarios; uma cozinheira, 15$000 mensais; lavadeira, 10$000 mensais. Os salarios são pagos e os contractos cumpridos. E. 13",Um trabalhador rural ganha 1$000 diarios,1000,,daily,"um carpinteiro, 3$000 diarios",3000,,daily,Não há taxas estabelecidas.,,,,"Qualidades - As terras do município são na maior parte inferiores, havendo, porém, bôas e regulares; na maioria são arenosas; em grande parte planas, existindo muitos terrenos pedregosos, seccos e pantanosos. A vegetação é representada por muitas matas, capoeiras e campos e por alguns cerrados e carrascaes. Preços — O hectare de terra pertencente ao Estado custa 1$000 a 1$200; a particulares de 80 a 100 réis.",Preços — O hectare de terra pertencente ao Estado custa 1$000 a 1$200; a particulares de 80 a 100 réis.,80,1200,hectare,0
GO,Posse,"Um trabalhador rural ganha 500 réis diários; um cozinheiro, de 6$000 a 10$000 mensais; as lavadeiras cobram 20 réis por peça de roupa a lavar; um carpinteiro ganha de 2$000 a 3$000 diários; não há administradores nem escrivães de fazenda. Os salários são pagos e os contratos cumpridos.",Um trabalhador rural ganha 500 réis diários,500,,daily,um carpinteiro ganha de 2$000 a 3$000 diários,2000,3000,daily,A taxa é de 2% mensais.,2,2,monthly,"Qualidades - No município há terras de todas as qualidades boas, regulares e inferiores. A vegetação é muito viçosa durante a estação das chuvas. ""Preços—Um hectare de terras boas custa 1$200, mais ou menos.","Preços—Um hectare de terras boas custa 1$200, mais ou menos.",1200,1200,hectare,0
GO,Pouso Alto,"Um trabalhador rural ganha 15000 diarios ou 25000 mensões; administradores e escrivães de fazenda, não há; existem vaqueiros que ganham 500000 annuaes; um carpinteiro 45000 a 65000 diarios; uma cozinheira 105000 mensões; uma lavadeira, 55000 mensões. Os salarios e contractos são geralmente pagos e cumpridos.",Um trabalhador rural ganha 15000 diarios ou 25000 mensões,1000,,daily,um carpinteiro 45000 a 65000 diarios,45000,65000,daily,Taxa de 12 % annuaes.,12,12,annual,"Qualidades - As terras são geralmente bôas; regulares, em uma ou outra parte do município; inferiores, são unicamente as pequenas extensões das terras dos cerrados; quase todas são argilosas, poucas arenosas, e misturadas. O município, compuanto plano, tem pequenas partes accidentadas. As terras são frescas e enxutas, não há terras pedregosas, nem pantanosas. A vegetação é representada em sua maioria, por mattas virgens, capoeiras, bons campos e poucos cerrados. Não há carrascaes. "" Preços — Um hectare de terra bôa custa de 45000 a 55000, approximadamente.","Preços — Um hectare de terra bôa custa de 45000 a 55000, approximadamente.",4000,5000,hectare,0
GO,Pyrenopolis,"O trabalhador rural ganha 1$000 diarios; um cozinheiro, de 10$000 a 15$000 mensais; as lavadeiras ganham 40 réis por peça de roupa a lavar; um carpinteiro, de 3$000 a 5$000 diarios; não ha administradores nem escrivães de fazenda. Os salarios são pagos e os contratos cumpridos.",O trabalhador rural ganha 1$000 diarios,1000,,daily,"um carpinteiro, de 3$000 a 5$000 diarios",3000,5000,daily,Não ha taxa fixa.,,,,"O município tem terras de toda sorte, boas, regulares e inferiores; umas são misturadas, outras arenosas e argilosas; ora planas, ora montanhosas. A vegetação é representada por boas mattas, capoeiras, cerrados, carrascaes e campos. "" Preços — Um hectare de terras boas custa mais ou menos de 2$000 a 2$400.",Preços — Um hectare de terras boas custa mais ou menos de 2$000 a 2$400.,2000,2400,hectare,0
GO,Rio Bonito,"Trabalhador rural ganha 1$500 a 2$000 com comida ou 2$500 a 3$000 a secco; cozinheira, 12$000 a 15$000 mensais; lavadeira, 10$000; carpinteiro, 5$000 a 6$000 por dia. Não há escrivães nem administradores de fazenda. Os salarios são pagos e os contractos cumpridos.",Trabalhador rural ganha 1$500 a 2$000 com comida ou 2$500 a 3$000 a secco,1500,2000,,"carpinteiro, 5$000 a 6$000 por dia",5000,6000,daily,1 ½ a 2 “j” ao mez.,1,2,monthly,"Qualidades - Em sua maioria planas e bôas, parte argillosas, parte arenosas; há poucas regulares e inferiores. A vegetação é representada em grande parte por mattas virgens, capoeiras e bôa parte de cerrados e muitos campos. Preços — O preço de um hectare de terra varia de 4$000 até 10$000, conforme a qualidade e situação dos terrenos.","Preços — O preço de um hectare de terra varia de 4$000 até 10$000, conforme a qualidade e situação dos terrenos.",4000,10000,hectare,0
GO,Rio Verde,"Um trabalhador rural, ganha 1$000 a 2$000 diarios; um vaqueiro ou ganha de 60$000 a 80$000, mensaes, ou tem percentagem na produção do gado de que toma conta, a qual é de 25%*, das crias. Não ha escrivães de fazenda. Um carpinteiro ganha de 5$000 a 8$000, diarios, com comida; um cozinheiro, de 60$000 a 80$000 mensaes, (só para viagens distantes); uma lavadeira, de 20$000 a 30$000, mensaes. Os salarios são pagos e os contratos cumpridos.","Um trabalhador rural, ganha 1$000 a 2$000 diarios",1000,2000,daily,"Um carpinteiro ganha de 5$000 a 8$000, diarios, com comida",5000,8000,daily,"De 1 a 1 ½ *|*, ao mez.",1,1,monthly,"Qualidades - Em sua maioria bôas, argillosas e planas; havendo regulares, inferiores, arenosas e misturadas. A vegetação é representada por mattas virgens, muitos campos e cerrados e alguns carrascaes. "" Preços — Um alqueire de terra com 48.400,2, custa cerca de 4$000 a 5$000 em terreno de campo; de 20$000 a 25$000 em terreno de matta. Nas imediações da cidade, custa de 80$000 a 120$000.","Preços — Um alqueire de terra com 48.400,2, custa cerca de 4$000 a 5$000 em terreno de campo; de 20$000 a 25$000 em terreno de matta. Nas imediações da cidade, custa de 80$000 a 120$000.",4000,120000,alqueire,1
GO,Santa Cruz,"Um trabalhador rural ganha 18000 diários ou 208000 mensões; administradores nem escrivães de fazenda não há; os vaqueiros que tomam conta do gado ganham um quarto da criação, ou então 4008000 annuães; um carpinteiro ganha 28500 a 38000 diários; uma cozinheira, 58000 mensões; as lavadeiras cobram 500 réis por dúzia de roupa. Geralmente os salários são pagos e os contratos cumpridos.",Um trabalhador rural ganha 18000 diários ou 208000 mensões,1000,,daily,um carpinteiro ganha 28500 a 38000 diários,2500,3000,daily,"Geralmente a taxa é de 2°jª mensae, quando encontram prestamistas.",2,2,monthly,"Qualidades - As terras do município são: bôas, em sua maioria e regulares em pequena quantidade; inferiores, quase não há; argilosas, são apenas as das bacias dos rios Brumado e Caiapó; arenosas, as das margens dos rios Corumbá e do Peixe; misturadas, há poucas; são quase todas frescas e planas; montanhosas, são unicamente as dos valles dos rios do Peixe e Corumbá. A vegetação é representada por mattas virgens magníficas; bôas capoeiras; bons campos e alguns cerrados. Preços — Um hectare de terra bôa custa de 28000 a 38000, approximadamente.","Preços — Um hectare de terra bôa custa de 28000 a 38000, approximadamente.",2000,3000,hectare,0
GO,Santa Luzia,"O trabalhador rural ganha 1$000 diários; o cosinheiro, 15$000 mensais; as lavadeiras 500 réis por duzia de peças a lavar; um carpinteiro, de 4$000 a 5$000 diários; não há administradores nem escrivães de fazenda. Os salários são pagos e os contratos cumpridos.",O trabalhador rural ganha 1$000 diários,1000,,daily,"um carpinteiro, de 4$000 a 5$000 diários",4000,5000,daily,A taxa usual é de 1% ao mez.,1,1,monthly,"Qualidades - O município tem todas as variedades de terras, boas, regulares e inferiores; argillosas, misturadas e arenosas; planas, montanhosas, pedregosas e séccas. A vegetação é representada por mattas virgens, capoeiras, cerrados, carrascaes e campos. Preços — O preço de um hectare de terra bôa, é de 2$000 e talvez menos.","Preços — O preço de um hectare de terra bôa, é de 2$000 e talvez menos.",2000,2000,hectare,0
GO,Santa Rita do Paranahyba,"O trabalhador rural ganha de 1$500 a 2$000 diarios ou de 45$000 a 50$000 mensais; um cozinheiro, 15$000 mensais; uma lavadeira, de 10$000 a 12$000; um carpinteiro, de 4$000 a 5$000 diarios; não há administradores nem escrivães de fazenda; os vaqueiros encarregados da criação percebem ¼ da produção animal. Os salarios são pagos e os contractos cumpridos.",O trabalhador rural ganha de 1$500 a 2$000 diarios ou de 45$000 a 50$000 mensais,1500,2000,daily,"um carpinteiro, de 4$000 a 5$000 diarios",4000,5000,daily,A taxa é de 1 % ao mez.,1,1,monthly,"Qualidades - As terras são na geral bôas; são misturadas e montanhosas. A vegetação é representada por mattas-virgens magníficas, capoeiras, cerrados, carrascaes e campos. Preços — O hectare de terra bôa custa 6$000, mais ou menos.","Preços — O hectare de terra bôa custa 6$000, mais ou menos.",6000,6000,hectare,0
GO,São Domingos,"Um trabalhador rural ganha 800 réis diarios; não ha administradores nem escrivães de fazenda; o vaqueiro, verdadeiro administrador, ganha 25 *l*, sobre a produção da criação da qual toma conta; carpinteiro, 3$000 diarios; cozinheira ou lavadeira, 10$000 mensais. Os salarios são pagos e os contractos cumpridos.",Um trabalhador rural ganha 800 réis diarios,800,,daily,"carpinteiro, 3$000 diarios",3000,,daily,Não ha emprestimos.,,,,"Qualidades - As terras do município são em sua maioria bôas; em bôa parte misturadas, montanhosas e seccas; havendo algumas argillosas e arenosas. A vegetação é representada por mattas virgens, capoeiras, cerrados e muitos campos; não há carrascaes. Preços - Um hectare de terra boa custa 3$000, mais ou menos.","Preços - Um hectare de terra boa custa 3$000, mais ou menos.",3000,3000,hectare,0
GO,S. José do Tocantins,"Um trabalhador rural ganha 1.5000 diários; administradores e escrivães de fazenda não há; um carpinteiro ganha 3.5000 diários; um cozinheiro, 10.5000 mensões; as lavadeiras ganham, 40 réis por peça de roupa lavada. Os salários são pagos mas os contratos nem sempre são cumpridos por parte dos contractados.",Um trabalhador rural ganha 1.5000 diários,1500,,daily,um carpinteiro ganha 3.5000 diários,3500,,daily,Taxa de 12 “|” annuaes.,12,12,annual,"Qualidades - As terras do município são magníficas, cobertas de ricas mattas, de culturas e de campos de criar; são quase em geral pedregosas e montanhosas; não há terras pantanosas. Quanto à vegetação ela é representada por mattas virgens fertilíssimas, boas capoeiras, alguns cerrados e óptimos campos. Preços — Das terras pertencentes ao Estado, em mattas, custa 800 réis o hectare e em campos 500 réis. As terras de propriedade particular têm ainda menor preço.","Preços — Das terras pertencentes ao Estado, em mattas, custa 800 réis o hectare e em campos 500 réis. As terras de propriedade particular têm ainda menor preço.",500,800,hectare,0
GO,Sitio d'Abbadia,"Um trabalhador rural ganha 600 réis diários; não há administradores, nem escrivães de fazenda; carpinteiro, de 2$000 à 3$000 diários; os cosinheiros, tem salário variável; as lavadeiras cobram 20 réis por peça de roupa. Os salários são pagos, porém, os contratos nem sempre cumpridos.",Um trabalhador rural ganha 600 réis diários,600,,daily,"carpinteiro, de 2$000 à 3$000 diários",2000,3000,daily,Os agricultores tomam dinheiro para pagarem com produtos das suas colheitas.,,,,"Qualidades - O município possui bôas terras, cobertas de excelentes mattas, próprias para culturas diversas e de campos de crear. Estas terras são montanhosas e accidentadas em sua quasi generalidade. A vegetação é representada por mattas virgens, capoeiras, cerrados e campos. Preços - Um hectare de terra boa custa 1$200, approximadamente.","Preços - Um hectare de terra boa custa 1$200, approximadamente.",1200,1200,hectare,0
GO,Taguatinga,"Um trabalhador rural ganha 1$000 a sécco e 500 réis com comida; cozinheira, 10$000 mensões; lavadeira, 10$000 mensões; carpinteiro, 2$000 a 2$500 diarios; um vaqueiro ganha 25 *1/2 da produção animal. Não ha administradores nem escrivães de fazenda. Os salarios assim como os contractos, ora são pagos e cumpridos, ora não.",Um trabalhador rural ganha 1$000 a sécco e 500 réis com comida,500,1000,,"carpinteiro, 2$000 a 2$500 diarios",2000,2500,daily,Não ha taxa fixa.,,,,"Qualidades - As terras do município são em sua maioria bôas e misturadas, planas, séccas e pedregosas, havendo em menor número argillosas e arenosas. A vegetação é representada por mattas virgens, capoeiras, cerrados e campos. "" Preços — Um hectare de terra bôa custa 2$000, mais ou menos.","Preços — Um hectare de terra bôa custa 2$000, mais ou menos.",2000,2000,hectare,0
MG,Abbadia de Bom Successo,"Trabalhador rural, 2$000 diários, 60m sustento; carpinteiro, 5$000 diários; cozinheiro, 30$000 mensais; lavadeira, 800 réis por dozia de peças; não ha administrador, nem escrivão de fazenda. Os salários são pagos e os contratos cumpridos.","Trabalhador rural, 2$000 diários, 60m sustento",2000,,daily,"carpinteiro, 5$000 diários",5000,,daily,A taxa mais comum é de 18% ao anno.,18,18,annual,"Qualidades - Em sua maioria boas, argilosas, planas e secas; havendo também muitas regulares e arenosas. A vegetação é representada por muitas muitas virgens e capoeiras, alguns cerrados e campos e poucos carrascaes. Preços — Um hectare de terras boa, custa 25$000, mais ou menos.","Preços — Um hectare de terras boa, custa 25$000, mais ou menos.",25000,25000,hectare,0
MG,Abaeté,"Cozinheira, 10$000 mensões; lavadeira, 800 réis por gasto de uma libra de salão; carpinteiro, 3$000 a 7$000 diários; trabalhador rural, 1$000 diários com comida. Não há administradores nem escrivães de fazenda. Os salários são pagos, mas os contratos nem sempre são compridos.","trabalhador rural, 1$000 diários com comida",1000,,daily,"carpinteiro, 3$000 a 7$000 diários",3000,7000,daily,A taxa usual é de um a dois por cento ao mez.,1,2,monthly,"Qualidades - Há muita terra boa e algumas regulares, porém, na maioria são inferiores; são geralmente planas e argilosas em grande extensão; existindo, entretanto, alguns terrenos montanhosos e poucos pedregosos. A vegetação é representada por algumas matas virgens e capoeiras, vários cerrados e carraçaes e grande extensão de campos. Preços — Um alqueire de terra boa custa 20$000 a 30$000, mais ou menos.","Preços — Um alqueire de terra boa custa 20$000 a 30$000, mais ou menos.",20000,30000,alqueire,1
MG,Abre Campo,"Trabalhador rural, 1$000 por dia; cozinheiro, 10$000 mensais; não há administradores nem escritórios de fazenda. Os salários são pagos e os contratos cumpridos.","Trabalhador rural, 1$000 por dia",1000,,daily,,,,,A taxa mais comum é de 1% ao mez.,1,1,monthly,"Qualidades - Em sua maioria boas, há regulares e inferiores; misturadas, argilhosas e arenosas; montanhosas e planas. A vegetação é representada por algumas matas virgens, muitas capoeiras, cerradas, carrascaes e campos. "" Preços — O hectare de terra boa custa 40$000.",Preços — O hectare de terra boa custa 40$000.,40000,40000,hectare,0
MG,Aguas Virtuosas,"Cozinheira, 30$000 a 60$000 mensais; lavadeira, 20$000 a 30$000 mensais; e carpinteiro, 5$000 a 7$000 diários; trabalhador rural, 1$500 a 2$000. Não há escrivães nem administradores de fazenda porque os donos as administram. Os salários são pagos e os contratos cumpridos.","trabalhador rural, 1$500 a 2$000",1500,2000,,"e carpinteiro, 5$000 a 7$000 diários",5000,7000,daily,Doze por cento ao ano.,12,12,annual,"Qualidades - Na maior parte regulares, mais inferiores do que boas, que são poucas. Em sua maioria misturadas, argilhosas e aernosas. O terreno é muito montanhoso e pouco pedregoso. A vegetação é representada por mattas virgens, cerrados, capoeiras, campos e carrascaes. Preços — Um hectare de terra boa, informam, custa 150$000 a 200$000; sendo na villa custa até 600$000; entretanto estes preços são exagerados, pois há muita terra com preços muito e muito inferiores a estes.","Preços — Um hectare de terra boa, informam, custa 150$000 a 200$000; sendo na villa custa até 600$000; entretanto estes preços são exagerados, pois há muita terra com preços muito e muito inferiores a estes.",150000,600000,hectare,0
MG,Alfenas,"Trabalhador rural seja colono ou camarada, ganha 1$500 a 2$000 diários (dia de oito horas); administradores de fazenda, 100$000 a 150$000 mensais; não há escrivães de fazenda; cozinheiro, 3$000 mensões; as lavadeiras cobram 500 réis por duzia de peças; carpinteiro, 48000 a 58000 diários. Os salários são pagos e os contractos cumpridos.","Trabalhador rural seja colono ou camarada, ganha 1$500 a 2$000 diários (dia de oito horas)",1500,2000,daily,"carpinteiro, 48000 a 58000 diários",4000,5000,daily,"A taxa é de 1% ao mez. MADRIRAS de lei — Oleo, jacarandá, tinha, massaranduba, ipé, etc.",1,1,monthly,"Qualidades - Em sua maioria regulares, misturadas e planas; havendo boas, inferiores, arenosas, montanhosas e seccas. A vegetação é representada por muitas virgens, capoeiras e campos. Preços — Um hectare de terra boa custa 1008000.",Preços — Um hectare de terra boa custa 1008000.,100000,100000,hectare,0
MG,Alto Rio Doce,"Trabalhador rural, 1$800 a secco e 1$200 com comida; administradores e escrivães de fazenda não há; carpinteiro, 4$000 diários; cozinheira, 10$000 mensais; lavadeira, 7$000 mensais. Os salários são pagos e os contratos cumpridos.","Trabalhador rural, 1$800 a secco e 1$200 com comida",1200,1800,,"carpinteiro, 4$000 diários",4000,,daily,Não há taxa fixa visto não haver empréstimos.,,,,"Qualidades - Em sua maioria, bôas; havendo algumas regulares; no geral misturadas e montanhosas e algumas argilosas e arenosas. A vegetação é representada por algumas matras virgens, muitas ca- poeiras, poucos cerrados e carrascaes e alguns campos. Preços — Um hectare de terra boa custa 50$000, aproximadamente.","Preços — Um hectare de terra boa custa 50$000, aproximadamente.",50000,50000,hectare,0
MG,Alvinopolis,"Trabalhador rural, 18000 diários, com alimentação; não há administradores nem escrivães de fazenda; carpinteiros, 48000 diários; lavadeira, 58000 a 88000 mensais; cozinheira, 108000 a 158000 mensais. Os salários são pagos e os contratos cumpridos.","Trabalhador rural, 18000 diários, com alimentação",1000,,daily,"carpinteiros, 48000 diários",4000,,daily,A taxa é de 1°J ao mez.,1,1,monthly,"Qualidades - Em sua maioria bias; misturadas e montanhosas, havendo algumas regulares e pedregosas. A vegetação é representada por algumas mattas virgens e capoeiras, muitos campos e poucos cerrados. Preços - Um hectare de terra boa custa de 258000 a 308000, approximadamente.","Preços - Um hectare de terra boa custa de 258000 a 308000, approximadamente.",25000,30000,hectare,0
MG,Antonio Dias Abaixo,"Trabalhador rural 18000 a 18200 diários, com comida ou 28000 a 28500 a secos; cozinheira 68000 a 108000 mensajes; lavadeira 108000 mensajes; carpinteiro 38000 a 48000 diários. Não há administradores nem escrivães de fazenda. Os salários são pagos e os contratos cumpridos.","Trabalhador rural 18000 a 18200 diários, com comida ou 28000 a 28500 a secos",1000,1200,daily,carpinteiro 38000 a 48000 diários,3000,4000,daily,A taxa comum é de oito a doze por cento ao ano.,8,12,annual,"Qualidades - O município não possui terras inferiores, são quase todas boas, existindo algumas regulares. No geral misturadas, contendo alguma argilha e pouca areia; mais montanhosas do que planas. A vegetação é representada por muitas capoeiras, algumas matas virgens e poucos campos. Não há cerrados nem carrascaes. Preços — Um hectare de terra boa custa 258000 aproximadamente.",Preços — Um hectare de terra boa custa 258000 aproximadamente.,25000,25000,hectare,0
MG,Apparecida do Claudio,"Trabalhador rural, 1$500 a seção e 1$000 com comida; cozinha 10$000 mensais; lavadeira, 10$000 a 15$000 mensais; carpinte 4$000 diários. Não há administradores nem escrivães de fazenda. Os salários são pagos e os contratos cumpridos.","Trabalhador rural, 1$500 a seção e 1$000 com comida",1000,1500,,carpinte 4$000 diários,4000,,daily,Dez por cento ao ano.,10,10,annual,"Qualidades - São em sua maioria boas, havendo também regularidade e inferiores; ora arenosas, ora argilhosas e ora misturadas; mas planas que montanhosas. A vegetação é representada por malas virgens, muitas capoeiras, cerrados, campos e carrascaes.",,,,,
MG,Araguari,"Trabalhador rural, 18500 diários com comida; não há administradores nem escrivães de fazenda; cozinheiro, 308000 mensais; carpinteiro, 88000 a 108000 diários; lavadeira, 308000 mensais. Os salários são pagos e os contratos cumpridos.","Trabalhador rural, 18500 diários com comida",1500,,daily,"carpinteiro, 88000 a 108000 diários",8000,10000,daily,,,,,"Qualidades - Em sua maioria bós e algumas regulares; argilosas e arenosas; planas e secas. A vegetação é representada por matas virgens, capoeiras, cerrados e campos. Preços — Um hectare de terra boa custa 258000, mais ou menos.","Preços — Um hectare de terra boa custa 258000, mais ou menos.",25000,25000,hectare,0
MG,Arassuahy,"Trabalhador rural, de 600 a 800 réis por dia; cozinheiro, 5$000 a 10$000 mensais; lavadeira, 5$000 mensais; carpinteiro, 4$000 por dia; não há administradores nem escrivães de fazenda. Os salários são pagos e os contratos cumpridos.","Trabalhador rural, de 600 a 800 réis por dia",600,800,daily,"carpinteiro, 4$000 por dia",4000,,daily,A taxa é de 12°J ao anno.,12,12,annual,"Qualidades - Na maioria bôas e regulares; misturadas; planas na maior parte. A vegetação é representada por muitas matas, capoeiras e campos, poucos cerrados e carrascaes. “Preços — O hectare de terra bôa casta 20$000, mais ou menos.”","Preços — O hectare de terra bôa casta 20$000, mais ou menos.”",20000,20000,hectare,0
MG,Araxá,"Trabalhador rural, 35000 diários; rosinheira, 155000 mensais; lavadeira, 400 e 500 réis por duzia de peças; carpinteiro, 65000 diários; não há administradores nem escrivães de fazenda. Os salários são pagos e os contratos cumpridos.","Trabalhador rural, 35000 diários",3000,,daily,"carpinteiro, 65000 diários",65000,,daily,A taxa usual é de 1% ao mez.,1,1,monthly,"Qualidades - Na maioria regulares, misturadas, planas ou pouco accidentadas. Existem pequenas mattas, algumas capoeiras e muitos cerrados e campos, que são vastos e importantes. “Preços — O bexare de terra de cultura custa 755000; de campo, 75500.","Preços — O bexare de terra de cultura custa 755000; de campo, 75500.",7500,75000,hectare,0
MG,Arceburgo,"Trabalhador rural, de 2$000 a 3$000 por dia; cozinheiro, 25$000 mensais; lavadeira, 15$000 mensais; carpinteiro, 7$000 diários; administradores de fazenda, de 800$000 a 2.500$000 por anno; não há escrivães de fazenda. Os salários são pagos e os contratos cumpridos.","Trabalhador rural, de 2$000 a 3$000 por dia",2000,3000,daily,"carpinteiro, 7$000 diários",7000,,daily,A taxa comum é de 10% ao anno.,10,10,annual,"Qualidades - Ha muitas terras bóas, algumas regulares e poucas inferiores; são ora misturadas, ora argilhosas; geralmente montanhosas. A vegetação é representada por mattas, capoeiras, campos e poucos cerrados. “Preços — O preço das terras é muito variável.”",Preços — O preço das terras é muito variável.”,,,,
MG,Ayuruoca,"Trabalhador rural, 2$000 diários, à secco; não há administradores nem escrivães de fazenda; carpinteiro, 3$500 a 8$000 diários; cozinheira, 8$000 mensais; lavadeira, 8$000 mensais. Os salários são pagos e os contratos cumpridos. O trabalhador rural, 2$000 diários, (trabalhando oito horas) à sécco; cozinheira, 30$000 mensajes; lavadeiras, cobram 500 réis por duzia de peças; carpinteiro, 4$000 a 5$000 diários; não há administradores, nem escrivães de fazenda. Os salários são pagos e os contratos cumpridos.","Trabalhador rural, 2$000 diários, à secco",2000,,daily,"carpinteiro, 3$500 a 8$000 diários",3500,8000,daily,A taxa usual é de 12 por cento ao anno. A taxa é de seis a 10 por ¹² ao ano.,10,12,annual,"Qualidades - São bôas, regulares e inferiores. No geral montanhosas; parte argilosas e parte arenosas. A vegetação é representada por algumas matas virgens, carrascaes, campos e capoeiras, estas em maior proporção. Não há cerrados. Preços — O hectare de terra bôa custa 25$000, mais ou menos. Qualidades - Em sua maioria boas; misturadas; e montanhosas, pedregosas poucas. A vegetação é representada por mattas virgens, cerrados, carrascaes e campos. * Preços — Um hectare de terra boa custa 50$000 a 60$000, mais ou menos.","Preços — O hectare de terra bôa custa 25$000, mais ou menos.",25000,25000,hectare,0
MG,Baependy,"O trabalhador rural, 2$000 diários, (trabalhando oito horas) à sécco; cozinheira, 30$000 mensajes; lavadeiras, cobram 500 réis por duzia de peças; carpinteiro, 4$000 a 5$000 diários; não há administradores, nem escrivães de fazenda. Os salários são pagos e os contratos cumpridos.",,2000,,,"carpinteiro, 4$000 a 5$000 diários",4000,5000,daily,A taxa é de seis a 10 por ¹² ao ano.,10,10,annual,"Qualidades - Em sua maioria boas; misturadas; e montanhosas, pedregosas poucas. A vegetação é representada por mattas virgens, cerrados, carrascaes e campos. * Preços — Um hectare de terra boa custa 50$000 a 60$000, mais ou menos.","Preços — Um hectare de terra boa custa 50$000 a 60$000, mais ou menos.",50000,60000,hectare,0
MG,Bambuhy,"Trabalhador rural, 1$500 por dia; não ha administradores nem escrivães de fazenda; carpinteiro, 5$000 diários; cozinheiro, 10$000 a 15$000 meneses; lavadeira, 6$000 por mez (pela roupa de uma família). Os salários são pagos e os contratos cumpridos.","Trabalhador rural, 1$500 por dia",1500,,daily,"carpinteiro, 5$000 diários",5000,,daily,A taxa é de 8 a 10 % ao anno.,8,10,annual,"Qualidades - Ha muita terra boa e regular; inferior, não tanto; são geralmente argilosas. A vegetação é representada por poucas mattas, algumas capoeiras e muitos cerrados, carrascaes e campos. Preços — Um hectare de terra boa, pode custar 20$000.","Preços — Um hectare de terra boa, pode custar 20$000.",20000,20000,hectare,0
MG,Barbacena,"Trabalhador rural, 1$500 a 2$000 diários, a secco; administrador de fazenda, 100$000 a 125$000 mensais; carpinteiro, 5$000 a 6$000 diários; cozinheira, 15$000 a 30$000 mensais; lavadeira, 15$000 a 20$000 mensais. Os salários são pagos e os contratos cumpridos.","Trabalhador rural, 1$500 a 2$000 diários, a secco",1500,2000,daily,"carpinteiro, 5$000 a 6$000 diários",5000,6000,daily,A taxa comum é de 12 por cento ao ano.,12,12,annual,"Qualidades - Há boas, regulares e inferiores, em sua maioria misturadas e montanhoras; havendo algumas pedregosas. A vegetação é representada por muitos campos e algumas matas virgens, capoeiras, cerrados e carrascaes. Preços — Um hectare de terra para cultura custa, aproximadamente, 40$000 a 80$000; de campo, 25$000 a 50$000.","Preços — Um hectare de terra para cultura custa, aproximadamente, 40$000 a 80$000; de campo, 25$000 a 50$000.",25000,80000,hectare,0
MG,Bello Horizonte,"Trabalhador rural, 18200 a 18500 por dia; cozinheira, de 208000 a mais, mensais; lavandeira, 308000 mensais; carpinteiro, 58000 a 187000 diários; administrador de fazenda, 1508000 a 2508000 mensais; não há exercícios de fazenda. Os salários são pagos e os contratos cumpridos.","Trabalhador rural, 18200 a 18500 por dia",1200,1500,daily,"carpinteiro, 58000 a 187000 diários",1700,5000,daily,A taxa animal comum é de 6 º/º no Banco Hypothecário e de 12 º/º nos prestamistas.,6,12,annual,"Qualidades - As terras do município são na maioria regulares e inferiores e geralmente misturadas, montanhosas, e em grande parte pedregosas. A vegetação é representada por capoeiras, cerrados, carrascaes e campos; não há matas virgens. Preço — O hectare de terra boa, custa 2008000, mais ou menos havendo preços mais baixos.","Preço — O hectare de terra boa, custa 2008000, mais ou menos havendo preços mais baixos.",200000,200000,hectare,0
MG,Boa Vista do Tremendal,"Trabalhador rural, 500 réis a 1$000 diários; não há administradores, nem escrivães de fazenda; cozinheiro, 5$000 mensais; lavadeira é paga por peça; carpinteiro, 2$000 diários. Os salários são pagos e os contratos cumpridos.",,500,1000,,"carpinteiro, 2$000 diários",2000,,daily,A taxa é de 1 *1/2 ao mez.,0.5,1,monthly,"Qualidades - Na maioria bôas, havendo algumas regulares e inferiores; são quase todas planas. A vegetação é representada na maioria por capueiras, havendo muitos campos, alguns cerrados e carrascaes e muito poucas matas virgens. “Preços — Um hectare de terra bôa custa 1$000, mais ou menos.","Preços — Um hectare de terra bôa custa 1$000, mais ou menos.",1000,1000,hectare,0
MG,Bocayuva,"Trabalhador rural, 600 réis diários, com alimentação; cosinheiro ou lavadeira, 6$000 mensões; carpinteiro, 3$500 diários; não há administradores, nem cerivães de fazenda. Os salários são pagos e os contratos cumpridos.","Trabalhador rural, 600 réis diários, com alimentação",600,,daily,"carpinteiro, 3$500 diários",3500,,daily,A taxa é de um e meio a dois por cento ao mês.,1.5,2,monthly,"Qualidades - Em sua maioria boas, sendo ora argilosas, ora misturadas; ora planas, ora montanhosas. A vegetação é representada por muitas capoeiras, algumas mattas virgens e campos, poucos cerrados e carrascaes. ""Preços — Variam com as terras, regiões, qualidade, quantidade, etc., mas no geral regulam os preços ínfimos.","Preços — Variam com as terras, regiões, qualidade, quantidade, etc., mas no geral regulam os preços ínfimos.",,,,
MG,Bom Despacho,"Trabalhador rural, 1$500 diários, com alimento, ou 2$000 a secco; cozinheira, 10$000 mensais; lavadeira, 5$000 mensais; carpinteiro, 4$000 diários; não há administradores nem escrivães de fazenda. Os salários são pagos e os contratos nem sempre são cumpridos.","Trabalhador rural, 1$500 diários, com alimento, ou 2$000 a secco",1500,2000,daily,"carpinteiro, 4$000 diários",4000,,daily,Geralmente a taxa de 1% ao mês.,1,1,monthly,"Qualidades - O município possui terras boas, regulares e inferiores; umas são planas, outras montanhosas e em partes mais ou menos eguais, arenosas, argilosas e misturadas. A vegetação é representada por muitos campos e capoeiras e algumas mattas virgens, cerrados e carrascas. Preços — Um alqueire de terra boa para cultura custa 100$000 e de campo 10$000.",Preços — Um alqueire de terra boa para cultura custa 100$000 e de campo 10$000.,10000,100000,alqueire,1
MG,Bomfim,"Trabalhador rural, 1$000 diários; carpinteira, 3$500 diários; cozinheira, de 8$000 a 10$000 mensais; lavadeira, 6$000 mensais; administradores de fazenda não há; escrivão de fazenda não há. Os salários são pagos e os contratos cumpridos.","Trabalhador rural, 1$000 diários",1000,,daily,"carpinteira, 3$500 diários",3500,,daily,A taxa usual é de 12 *j* ao anno.,12,12,annual,"Qualidades - As terras podem ser mais ou menos assim divididas: boas e inferiores em partes talvez eguais, regulares em maior porção; geralmente misturadas; mais planas que montanhosas. A vegetação é representada por mattas virgens, capoeiras, cerrados, campos e poucos carrascaes. Preços - Um hectare de terra boa custa 60$000.",Preços - Um hectare de terra boa custa 60$000.,60000,60000,hectare,0
MG,Bom Successo,"Trabalhador rural, 18800 diários; não há administradores, nem escrivães de fazenda; carpinteiro, 58000 diários; cosinheira, 108000 mensais; lavadeira, 58000 mensais. Os salários são pagos e os contratos cumpridos.","Trabalhador rural, 18800 diários",1800,,daily,"carpinteiro, 58000 diários",5000,,daily,A taxa commun é de 8% a 10% ao ano.,8,10,annual,"Qualidades - Em sua maioria regulares, havendo também boas e inferiores, no geral misturadas e sécas, metade, talvez, plana, metade, talvez, montanhosa. A sua vegetação é representada por muitos campos, algumas capoeiras e cerrados e poucas matas virgens e carrascaes. Preços — Um hectare de terra regula custar 508000, mais ou menos.","Preços — Um hectare de terra regula custar 508000, mais ou menos.",50000,50000,hectare,0
MG,Cabo Verde,"Trabalhador rural 1$500 diários, cozinheira 1$000 diários, lavadeira 500 réis por dúzia de peças, carpinteiro 5$000 diários, administrador de fazenda 3$000 diários; não há escrivães de fazenda. Os salários são pagos e os contratos cumpridos.","Trabalhador rural 1$500 diários, cozinheira 1$000 diários, lavadeira 500 réis por dúzia de peças, carpinteiro 5$000 diários, administrador de fazenda 3$000 diários",1000,1500,daily,"Trabalhador rural 1$500 diários, cozinheira 1$000 diários, lavadeira 500 réis por dúzia de peças, carpinteiro 5$000 diários, administrador de fazenda 3$000 diários",1000,1500,daily,A taxa é 1°/3° ao mez.,1,3,monthly,"Qualidades - As terras do município pôde ser mais ou menos, assim divididas; boas a maior parte; regulares e inferiores pequena parte; há poucas argilhasas, são em sua maioria areossas e misturadas. A vegetação é representada por muitas muitas virgens, capoeiras, alguns carrascaes, cerrados e campos. Preços — O hectare de terra boa custa 408000 a 508000 mais ou menos.",Preços — O hectare de terra boa custa 408000 a 508000 mais ou menos.,40000,50000,hectare,0
MG,Caethe,"Trabalhador rural de 1$000 a 1$500 diários, com sustento; coziuleiro, de 10$000 a 15$000 mensais; carpinteiro, de 3$000 a 5$000 diários; administradores de fazenda, 150$000 mensais. Não usam escrivães nas fazendas. Os salários são pagos e os contratos cumpridos.","Trabalhador rural de 1$000 a 1$500 diários, com sustento",1000,1500,daily,"carpinteiro, de 3$000 a 5$000 diários",3000,5000,daily,A taxa é de 12% ao asso.,12,12,annual,"Qualidades - Em sua maioria boas, algumas regulares e poucas inferiores; argilosas e misturadas; montanhosas e pedregosas. Preços — O hectare de terra boa custa 25$000, approximadamente.","Preços — O hectare de terra boa custa 25$000, approximadamente.",25000,25000,hectare,0
MG,Caldas,"Trabalhador rural, 2$000 diários; não há administradores nem escrivães de fazenda; carpinteiro ganha 5$000 a 6$000 diários; cozinheira, 30$000 mensais; lavadeiras cobram 500 réis por duzia. Os salários são pagos e os contratos cumpridos.","Trabalhador rural, 2$000 diários",2000,,daily,carpinteiro ganha 5$000 a 6$000 diários,5000,6000,daily,A taxa comum é de 1 % ao mês.,1,1,monthly,"Qualidades - Na maioria são boas e regulares, de formação argilósilicosas, e montanhosas. A vegetação é representada por nuttas, capoeiras, alguns cerrados e carrascaes e muitos campos. - Preços — O hectare de terra boa custa 100$000 a 150$000; havendo preços menores.",Preços — O hectare de terra boa custa 100$000 a 150$000; havendo preços menores.,100000,150000,hectare,0
MG,Cambuhy,"Trabalhador rural, 1$500 diários e com comida ou 2$200 à século; carpinteiro, 6$000 diários; cozinheiro, 30$000 mensais; lavadeira, 20$000 mensais; administrador de fazenda, 1.800$000 anuções. Os salários são pagos e os contratos cumpridos.","Trabalhador rural, 1$500 diários e com comida ou 2$200 à século",1500,2200,daily,"carpinteiro, 6$000 diários",6000,,daily,A taxa usual é de 12% ao anno.,12,12,annual,"Qualidades - As terras podem ser divididas, mais ou menos, assim: bós e regulares em partes salves eguais; inferiores: menos do que as outras, isoladas. Argilhosas e arenosas poucas, misturadas muitas. "" Preços — Um hectare de terra bós custa 60$000, mais ou menos.","Preços — Um hectare de terra bós custa 60$000, mais ou menos.",60000,60000,hectare,0
MG,Campanha,"Trabalhador rural 2$000 diários a secco e de 1$200 a 1$500 com comida; cozinheiro, 30$000 a 50$000 mensões; cozinheira, 16$000 a 20$000 mensões; lavadeira 15$000 a 20$000 mensões ou 1$000 por duzia de peças; carpinteiro 3$000 a 6$000 diários; administrador de fazenda 600$000 a 1.000$000 anngues, não há escrivães de fazenda. Os salários são pagos e os contratos cumpridos.",Trabalhador rural 2$000 diários a secco e de 1$200 a 1$500 com comida,1200,2000,daily,carpinteiro 3$000 a 6$000 diários,3000,6000,daily,A taxa é de 12 % ao ano.,12,12,annual,"Qualidades - Na maioria inferiores, havendo poucas bôas e regulares; no geral misturadas e montanhosas. A vegetação é representada por muitos campos algumas capoeiras e poucos carrascaes; não há muitas virgens. - Preços — Um hectare de terra bôa custa 200$000 approximadamente, porém há preços muito abaixo deste.","Preços — Um hectare de terra bôa custa 200$000 approximadamente, porém há preços muito abaixo deste.",200000,200000,hectare,0
MG,Campestre,"Cozinheiro, 20$000 mensais; lavadeira, 10$000 mensais; carpinteiro, 5$000 diários, administrador de fazenda 150$00 mensais; trabalhador rural, 1$000 diários. Não há escrivães de fazenda. Os salários são pagos e os contratos cumpridos.","trabalhador rural, 1$000 diários",1000,,daily,"carpinteiro, 5$000 diários, administrador de fazenda 150$00 mensais",5000,150000,daily,A taxa usual é de 6% ao ano.,6,6,annual,"Qualidades - Na maioria bôas, havendo também regulares e algumas inferiores. No geral, misturadas, havendo mais arenosas do que argilosas; mais montanhosas do que planas, sendo pedregosas em grande parte. A vegetação é representada por algumas matas virgens, muitas capoeiras, cerrados e campos. Preços - Um hectare de terra boa custa mais ou menos, 250$000; preço, evidentemente de áreas muito reduzidas e especiais, porque há preços muito inferiores.","Preços - Um hectare de terra boa custa mais ou menos, 250$000; preço, evidentemente de áreas muito reduzidas e especiais, porque há preços muito inferiores.",250000,250000,hectare,0
MG,Campo Bello,"Cozinheira, 10$000 mensais; lavadeira, 5$000; carpinteiro, 5$000 por dia; trabalhador rural, de 1$500 a 2$000. Não há administradores nem escrivães de fazenda. Os salários são pagos e os contratos cumpridos. Trabalhador rural, 1$300 a 1$800 réis diários, à século ou 1$200, com comida; cosinheiro, de 10$000 a 15$000 mensões; lavadeira, 10$000 mensões; carpinteiro, de 3$000 a 5$000 diários; administrador de fazenda de 1.000$000 a 2.000$000 animais. Não há escrivães de fazenda. Os salários são pagos e os contratos cumpridos.","trabalhador rural, de 1$500 a 2$000",1500,2000,,"carpinteiro, 5$000 por dia",5000,,daily,"A taxa commun, é de 8 a 10 *1* ao anno.",8,10,annual,"Quaidades - Existem terras bôas e regulares e algumas inferiores; há misturadas, argilosas e arenosas. A vegetação é representada por poucas, muitas capoeiras, cerrados e campos. "" Preços — Um hectare de terra bôa custa 80$000, mais ou menos. Qualidades - Na maioria leias ou regulares; geralmente argilosas; há planas e montanhosas. A vegetação é representada por algumas mattas virgens, muitas capoeiras, campos, alguns cerrados e carrascaes. Preços — O hectare de terra boa custa 200$000, approximadamente, preço certamente para casos excepcionais, ou especiais, pois há preços muito e muito inferiores.","Preços — Um hectare de terra bôa custa 80$000, mais ou menos.",80000,80000,hectare,0
MG,Campos Gerais,"Cozinheira, 10$000 mensais; lavadeira, 5$000; carpinteiro, 5$000 por dia; trabalhador rural, de 1$500 a 2$000. Não há administradores nem escrivães de fazenda. Os salários são pagos e os contratos cumpridos. Trabalhador rural, 1$300 a 1$800 réis diários, à século ou 1$200, com comida; cosinheiro, de 10$000 a 15$000 mensões; lavadeira, 10$000 mensões; carpinteiro, de 3$000 a 5$000 diários; administrador de fazenda de 1.000$000 a 2.000$000 animais. Não há escrivães de fazenda. Os salários são pagos e os contratos cumpridos.",,1500,1800,,"carpinteiro, 5$000 por dia",5000,,daily,"A taxa commun, é de 8 a 10 *1* ao anno.",8,10,annual,"Quaidades - Existem terras bôas e regulares e algumas inferiores; há misturadas, argilosas e arenosas. A vegetação é representada por poucas, muitas capoeiras, cerrados e campos. "" Preços — Um hectare de terra bôa custa 80$000, mais ou menos. Qualidades - Na maioria leias ou regulares; geralmente argilosas; há planas e montanhosas. A vegetação é representada por algumas mattas virgens, muitas capoeiras, campos, alguns cerrados e carrascaes. Preços — O hectare de terra boa custa 200$000, approximadamente, preço certamente para casos excepcionais, ou especiais, pois há preços muito e muito inferiores.","Preços — Um hectare de terra bôa custa 80$000, mais ou menos.",80000,80000,hectare,0
MG,Capellinha da Graça,"Trabalhador rural, de 800 a 1$000 diários com comida; não há administradores nem escrivães de fazenda; carpinteiro, 3$000 diários com comida; cozinheira, 6$000 mensais; lavadeira, 6$000 mensais. Os salários pagos e os contratos cumpridos.","Trabalhador rural, de 800 a 1$000 diários com comida",1000,,daily,"carpinteiro, 3$000 diários com comida",3000,,daily,A taxa comum é de 1% ao mez.,1,1,monthly,"Qualidades - No geral boas. Há algumas argilhosas, misturadas e poucas arenosas. O município é geralmente plano. A vegetação é representada por muitas capoeiras, algumas matas virgens e campos; poucos cerrados e carrascaes. "" Preços — De 25$000 a 30$000 o alqueire.",Preços — De 25$000 a 30$000 o alqueire.,25000,30000,alqueire,1
MG,Caracol,"Trabalhador rural, 2$000 diarios; cozinheira, 30$000 mensais; lavadeira, 1$000 por duzia; carpinteiro, 5$000 a 6$000 diarios; administrador de fazenda, 150$000 mensais; não há escrivães de fazendas. Os salarios são pagos e os contratos compridos.","Trabalhador rural, 2$000 diarios",2000,,daily,"carpinteiro, 5$000 a 6$000 diarios",5000,6000,daily,A taxa é de 12% ao anno.,12,12,annual,"Qualidades - Na maioria boas e regulares; há argilhoias e misturadas; e talvez egualmente planas e montanhosas. A vegetação é representada por mattas, capoeiras, cerrados, carrascaes e campos. "" Preços — O hectare de terra boa, custa 100$000 a 150$000.","Preços — O hectare de terra boa, custa 100$000 a 150$000.",100000,150000,hectare,0
MG,Carangola,"Trabalhador rural. 1$200 com comida e 1$800 a secco; administrador de fazenda, 80$000 mensais; escritórios de fazenda não há; carpinteiro, 4$000 diários; cozinheira, 20$000 mensais; lavadeira, 15$000 mensais. Os salários são pagos e os contratos cumpridos.",Trabalhador rural,1200,1800,,"carpinteiro, 4$000 diários",4000,,daily,A taxa comum é de 12 por cento ao ano.,12,12,annual,"Qualidades - Em sua maioria boas e em menor quantidade regulares e inferiores; sendo geralmente misturadas e montanhosas. A vegetação é representada por muitas muitas virgens, capoeiras, campos e culturas de café. Preços - Um hectare de terra boa custa 30$000, approximadamente.","Preços - Um hectare de terra boa custa 30$000, approximadamente.",30000,30000,hectare,0
MG,Caratinga,"Trabalhador rural, 18000 diários; não há administradores, nem escrivães de fazenda; carpinteiro, de 3$000 a 4$000 diários, com comida; cozinheira, de 10$000 a 15$000, por mez; lavadeira, 10$000, mensais. Os salários são pagos e os contratos compridos.","Trabalhador rural, 18000 diários",1000,,daily,"carpinteiro, de 3$000 a 4$000 diários, com comida",3000,4000,daily,A taxa é de 1 a 2% ao mez.,1,2,monthly,"Qualidades - No geral boas, havendo algumas regulares e poucas inferiores. Há muitas misturadas, algumas argilosas e poucas arenosas. Na maioria montanhosas, pedregosas e secas. A vegetação é representada por muitas muitas virgens, algumas capoeiras e campos e poucos cerrados e carrascaes. Um hectare de terra pode custar 20$000, mais ou menos.",,,,,
MG,Carmo do Paranahyba,"Trabalhador rural, 1$000 diários; não há administradores nem escrivães de fazenda; carpinteiro, 4$000 diários; cozinheira, 10$000 mensões; lavadeira, 5$000 mensões. Os salários são pagos e os contratos cumpridos.","Trabalhador rural, 1$000 diários",1000,,daily,"carpinteiro, 4$000 diários",4000,,daily,A taxa é de 12% ao ano.,12,12,annual,"Qualidades - Na maioria regulares, havendo muitas boas e inferiores. Há algumas argilhosas e arenosas e muitas misturadas. O município ora é plano, ora montanhoso e pedregoso. A vegetação é representada por muitas capoeiras e campos, alguns cerrados e poucas muitas virgens e carrascaes. Preços - Um hectare de terra boa custa 20$000, mais ou menos.","Preços - Um hectare de terra boa custa 20$000, mais ou menos.",20000,20000,hectare,0
MG,Carmo do Rio Claro,"Trabalhador rural, 1$800 a 2$200 por dia; cozinheiro, 20$000 mensões; lavadeira, 15$000 mensões; carpinteiro, 4$000 diários; administradores de fazenda até 1:500$000 mensões; não há escrivães de fazenda. Os salários são pagos e os contratos cumpridos.","Trabalhador rural, 1$800 a 2$200 por dia",1800,2200,daily,"carpinteiro, 4$000 diários",4000,,daily,Geralmente a taxa é de 10% ao anno.,10,10,annual,"Qualidades - Na maioria bóas e regulares, e montanhosas existindo porém muitos terrenos planos. Há poucas muitas virgens e capoeiras, ocupando os campos mais de metade da área total. “ Preços — O hectare de terra boa custa 300$000, porém em condições muito especiais, pois há preços muito inferiores.","Preços — O hectare de terra boa custa 300$000, porém em condições muito especiais, pois há preços muito inferiores.",300000,300000,hectare,0
MG,Cataguazes,"Trabalhador rural, 1$000 a 1$500 diários; cozinheiro, 40$000 mensais; lavadeira, 10$000 a 15$000 mensais; carpinteiro, 3$500 a 4$000 diários; administradores de fazenda, 250$000 mensais; escrivães de fazenda, não há. Os salários são pagos e os contratos cumpridos. Trabalhador rural ganha por dia de oito horas, 1$000, a secco; cozinheiro, de 12$000 a 15$000 mensais; lavadeiras cobram 500 réis por duzia de peças; carpinteiro, de 5$000 a 6$000 diários; não há administradores nem escrivães de fazenda. Os salários são pagos e os contratos cumpridos.","Trabalhador rural, 1$000 a 1$500 diários",1000,1500,daily,"carpinteiro, 3$500 a 4$000 diários",3500,4000,daily,Geralmente a taxa é de 12% ao anno. A taxa commun é de 1% ao mez.,1,12,monthly;annual,"Qualidades - São na maioria bóas e regulares, argilhosas ou barrentas e montanhosas. Existem algumas mattas virgens, muitas capoeiras, poucos cerrados, carrascaes e campos. Preços - O hectare de terra bó a custa 50$000 a 60$000, mais ou menos. Qualidades - No município predominam as terras regulares, sendo estas geralmente misturadas, a não serem algumas capoeiras e capões de matto. A vegetação do município é quase representada por campos e pastos e culturas. "" Preços — O hectare de terra boa custa de 60$000 a 70$000, mais ou menos.","Preços - O hectare de terra bó a custa 50$000 a 60$000, mais ou menos.",50000,60000,hectare,0
MG,Caxambu,"Trabalhador rural ganha por dia de oito horas, 1$000, a secco; cozinheiro, de 12$000 a 15$000 mensais; lavadeiras cobram 500 réis por duzia de peças; carpinteiro, de 5$000 a 6$000 diários; não há administradores nem escrivães de fazenda. Os salários são pagos e os contratos cumpridos.",,1500,,,"carpinteiro, de 5$000 a 6$000 diários",5000,6000,daily,A taxa commun é de 1% ao mez.,1,1,monthly,"Qualidades - No município predominam as terras regulares, sendo estas geralmente misturadas, a não serem algumas capoeiras e capões de matto. A vegetação do município é quase representada por campos e pastos e culturas. "" Preços — O hectare de terra boa custa de 60$000 a 70$000, mais ou menos.","Preços — O hectare de terra boa custa de 60$000 a 70$000, mais ou menos.",60000,70000,hectare,0
MG,Christina,"O trabalhador rural, 1$200 por dia; cozinheira, 8$000 à 10$000 mensais; lavandeira, 500 réis por dozia de peças; carpinteiro, 4$000 diários; não há administradores, nem escrivães de fazenda. Os salários são pagos e os contratos cumpridos.","O trabalhador rural, 1$200 por dia",1200,,daily,"carpinteiro, 4$000 diários",4000,,daily,A taxa é de 12 % ao anno.,12,12,annual,"Qualidades - As terras do município são na maioria boas, geralmente misturadas, montanhosas e pedregosas. A vegetação é representada por matas virgens, capoeiras, cerrados, carrascaes e pequeno número de campos, de boa qualidade. Preços — O hectare de terra boa custa 100$000, mais ou menos. Transportes - No município o transporte regula 100 réis por 15 kilos e por legua. Na estrada de ferro paga-se para o Rio; toucinho, 267 réis por 10 kilos; milho, feijão e batatas 760 réis por 60 kilos; fumo, 1$589 por 10 kilos.","Preços — O hectare de terra boa custa 100$000, mais ou menos.",100000,100000,hectare,0
MG,Conceição do Serro,"Cozinheira, 5$000 a 8$000 mensais; lavaneira, 3$000 a 5$000; carpimeiro, 2$000 a 4$000 diários; trabalhador rural, 1$000 a 2$000. Não há escrivães, nem administradores de fazenda. Os salarios são pagos e os contractos cumpridos.","trabalhador rural, 1$000 a 2$000",1000,2000,,"carpimeiro, 2$000 a 4$000 diários",2000,4000,daily,"A taxa comum é de oito a 12 ""J"" ao ano.",12,12,annual,"Qualidades - As terras do município são geralmente bôas, havendo regulares e inferiores, em menor quantidade. Em sua maioria misturadas, sêvicas e montanhosas, havendo algumas pedregosas e poucas pantanosas. A vegetação é representada por poucos cerrados, carrascaes e mattas vírgens e muitos campos e capoeiras. “ Preços — Um hectare de terra boa custa 20$000 no máximo.",Preços — Um hectare de terra boa custa 20$000 no máximo.,20000,20000,hectare,0
MG,Conceição do Rio Verde,"Cozinheira, 15$000 mensões; lavadeira, 15$000 mensões; carpinteiro, 5$000 diários; administrador de fazenda, de 800$000 a 1.000$000 annuões; trabalhador rural, 1$200 diários com comida, ou 1$500 a secco; não há escrivães de fazenda. Os salários são pagos e os contratos cumpridos.","trabalhador rural, 1$200 diários com comida, ou 1$500 a secco",1200,1500,daily,"carpinteiro, 5$000 diários",5000,,daily,A taxa usual é de 10% ao anno.,10,10,annual,"Qualidades - São boas e regulares, havendo também inferiores; no geral misturadas, predominando as arenosas, existindo poucas argilosas. O município é bastante montanhoso, sendo poucas as terras-planas. A vegetação é representada por poucas matas, muitas capoeiras e cerrados, e grande extensão de campos naturais e artificiais, muito bons para criação do gado. Preços — Um hectare de terra boa custa 200$000, mais ou menos; preço exagerado e só aceitável para terrenos em condições especiais, porquanto há preços bem inferiores.","Preços — Um hectare de terra boa custa 200$000, mais ou menos; preço exagerado e só aceitável para terrenos em condições especiais, porquanto há preços bem inferiores.",200000,200000,hectare,0
MG,Conquista,"Trabalhador rural, 2$500 por dia com comida; administrador de fazenda até de 4:000$000 e 6:000$000 amusases; escrivães de fazenda, 150$000 mensajes; carpinteiro, 10$000 diários; cozinhino, 90$000 mensajes; lavadeira, 50$000 mensajes. Os salários são pagos e os contratos compridos. Trabalhador rural, 1$200 por dia; não há administradores, nem escrivães de fazenda; carpinteiro, 5$000 diários; cozinheira, 15$000 mensais. Os salários são pagos e os contratos cumpridos.","Trabalhador rural, 2$500 por dia com comida",2500,,daily,"carpinteiro, 10$000 diários",10000,,daily,A taxa communi é de 12% ao anno. Taxa de doze por cento ao anno.,12,12,annual,"Qualidades - Geralmente: bôas, havendo muitas argilosas e algumas arenosas. Na maioria montanhosas e sécas. A vegetação é representada por muitas capoeiras, alguns cerrados, poucas muitas virgens. Preços — Um hectare de terra custa 60$000, aproximadamente. Qualidades - Há pouca terra boa. Na sua maioria são regulares e inferiores; ora argilhosas, ora arenosos e misturadas; geralmente montanhosas e pedregosas. A vegetação é representada por mattas virgens, capoeiras, muitos cerrados, carrascaes e campos. Preço — Um hectare de terra boa pode custar 100$000, mais ou menos.","Preços — Um hectare de terra custa 60$000, aproximadamente.",60000,60000,hectare,0
MG,Contagem,"Trabalhador rural, 1$200 por dia; não há administradores, nem escrivães de fazenda; carpinteiro, 5$000 diários; cozinheira, 15$000 mensais. Os salários são pagos e os contratos cumpridos.",,1200,,,"carpinteiro, 5$000 diários",5000,,daily,Taxa de doze por cento ao anno.,12,12,annual,"Qualidades - Há pouca terra boa. Na sua maioria são regulares e inferiores; ora argilhosas, ora arenosos e misturadas; geralmente montanhosas e pedregosas. A vegetação é representada por mattas virgens, capoeiras, muitos cerrados, carrascaes e campos. Preço — Um hectare de terra boa pode custar 100$000, mais ou menos.","Preço — Um hectare de terra boa pode custar 100$000, mais ou menos.",100000,100000,hectare,0
MG,Curvello,"Trabalhador rural, de 1$000 a 1$500 diários, com alimentação, ou 2$000 diários a secco; administrador de fazenda, 800$000 animais; escritões de fazenda não há; carpinteiro, 5$000 diários; cozinheiro, 30$000 meneses; lavadeira, 15$000 meneses. Os salários são pagos e os contratos cumpridos.","Trabalhador rural, de 1$000 a 1$500 diários, com alimentação, ou 2$000 diários a secco",1000,1500,daily,"carpinteiro, 5$000 diários",5000,,daily,A taxa usada é geralmente de 12% anuares.,12,12,annual,"Qualidades - São em sua maioria bôas, havendo algumas regulares e inferiores; umas são argilhosas e outras misturadas; no geral plantas e seccas; há poucas pedregosas. A vegetação é representada por muitas virgem, capoeiras, minhas cerradas, carrascas e muitas campos. “ Preços — Um hectare de terra boa custa 20$000, aproximadamente.","Preços — Um hectare de terra boa custa 20$000, aproximadamente.",20000,20000,hectare,0
MG,Diamantina,"Trabalhador rural, 15000 diários; não há administradores nem escritórios de fazenda; carpinteiro, 45000 diários; cozinheira, 105000 mensais, lavadeira, 105000 mensais. Os salários são pagos e os contratos cumpridos.","Trabalhador rural, 15000 diários",1000,,daily,"carpinteiro, 45000 diários",45000,,daily,A taxa comum é de 10% ao ano.,10,10,annual,"Qualidades - Poncas boas e regulares, a maior parte inferiores. São areuosas e planas na maioria, havendo algumas montanhasas e pedregosas, poucas misturadas. “Preço — O hectare de terra boa custa 205000, mais ou menos.","Preço — O hectare de terra boa custa 205000, mais ou menos.",20000,20000,hectare,0
MG,Dóres da Bôa Esperança,"Trabalhador rural, 18500 a 28000 diários, a sexo, e 18,000 com comida; cozinheira, 125000 mensagens; lavadeira, 105000 mensagens; carpinteiro, 48000 a 65000 diários; administrador de fazenda, 1200000 a 20000000 anuções. Não há exercícios de fazenda. Os salários são pagos e os contratos cumpridos.","Trabalhador rural, 18500 a 28000 diários, a sexo, e 18,000 com comida",1500,2000,daily,"carpinteiro, 48000 a 65000 diários",4000,65000,daily,A taxa é de um por cento ao mês.,1,1,monthly,"Qualidades - Em sua maioria boas e regulares, argilhas, misturadas e assinadas. A vegetação é representada por muitas capoeiras e cerrados, alguns carrascaes e campos e poucas maturidades. Preços — O hectare de terra. Na costa 2000, aproximadamente, havendo preços bem mais baixos.","Preços — O hectare de terra. Na costa 2000, aproximadamente, havendo preços bem mais baixos.",,,hectare,
MG,Dóres do Indayá,"Trabalhador, 2$000 diários a secco ou 1$500 com comida; não há administradores nem escrivães de fazenda; carpinteiro, 3$500 diários com comida; cozinheira, 10$000 mensões; lavadeira, 6$000 mensões. Os salários são pagos e os contratos cumpridos. Trabalhador rural, 1$500 diários; administrador de fazenda, 800$000 a 2.000$000 animais; não há escrivâns de fazenda; carpinteiro, 2$500 a 6$000 diários; cosinheira, 15$000 mensais; lavadeira, 10$000 mesas. Os salários são pagos e os contratos cumpridos. Trabalhador rural 18000 diarios, com alimentação, ou 18000 à 28000 diarios à secco; administradores e escrivães de fazenda não ha; carpinteiro, 48000 diarios; cozinheira, 158000 mensões em média; lavadeira, 158000 mensões. Os salarios são pagos e os contractos cumpridos.","Trabalhador rural, 1$500 diários",1500,2000,daily,"carpinteiro, 3$500 diários com comida",3500,,daily,"A taxa é de 10 por cento ao ano. De oito a dezoito por cento ao ano, sendo em média de doze por cento. A taxa communs é de 10 % na média.",10,10,annual,"Qualidades - Boas, regulares e inferiores. Há muitas argilhas, algumas arenosas e misturadas; na maioria planas. A vegetação é representada por algumas capoeiras e campos; poucas mattas, cerrados e carrascaes. - Preços — Os terrenos de cultura custam 60$000 a 100$000 por alqueire. Qualidades - Geralmente boas, misturadas, montanhosas e seccas; há poucas regulares, inferiores e planas. A vegetação é representada por muitos campos e algumas mattas virgens, capoeiras e cerrados. Preços — Um hectare de terra boa, 300$000 a 1.000$000; há pouco, ainda, foi vendida uma fazenda de 250 alqueires por trezentos e vinte contos de réis; entretanto, esse preço é para casos especiais, pois há preços muito e muito inferiores. Qualidades - Em sua maioria boas, havendo algumas regulares e inferiores; no geral montanhosas. A vegetação é representada por muitas capoeiras, poucas, muitas virgens, cerrados, carrascas, e muitos campos. Pregas — Um hectare de terra boa, custa 508000, aproximadamente.",Preços — Os terrenos de cultura custam 60$000 a 100$000 por alqueire.,60000,100000,alqueire,1
MG,Eloy Mendes,"Trabalhador rural, 1$500 diários; administrador de fazenda, 800$000 a 2.000$000 animais; não há escrivâns de fazenda; carpinteiro, 2$500 a 6$000 diários; cosinheira, 15$000 mensais; lavadeira, 10$000 mesas. Os salários são pagos e os contratos cumpridos.",,1500,,,"carpinteiro, 2$500 a 6$000 diários",2500,6000,daily,"De oito a dezoito por cento ao ano, sendo em média de doze por cento.",12,12,annual,"Qualidades - Geralmente boas, misturadas, montanhosas e seccas; há poucas regulares, inferiores e planas. A vegetação é representada por muitos campos e algumas mattas virgens, capoeiras e cerrados. Preços — Um hectare de terra boa, 300$000 a 1.000$000; há pouco, ainda, foi vendida uma fazenda de 250 alqueires por trezentos e vinte contos de réis; entretanto, esse preço é para casos especiais, pois há preços muito e muito inferiores.","Preços — Um hectare de terra boa, 300$000 a 1.000$000; há pouco, ainda, foi vendida uma fazenda de 250 alqueires por trezentos e vinte contos de réis; entretanto, esse preço é para casos especiais, pois há preços muito e muito inferiores.",300000,1000000,hectare,0
MG,Entre Rios,"Trabalhador rural 18000 diarios, com alimentação, ou 18000 à 28000 diarios à secco; administradores e escrivães de fazenda não ha; carpinteiro, 48000 diarios; cozinheira, 158000 mensões em média; lavadeira, 158000 mensões. Os salarios são pagos e os contractos cumpridos.",,1000,2000,,"carpinteiro, 48000 diarios",4000,,daily,A taxa communs é de 10 % na média.,10,10,annual,"Qualidades - Em sua maioria boas, havendo algumas regulares e inferiores; no geral montanhosas. A vegetação é representada por muitas capoeiras, poucas, muitas virgens, cerrados, carrascas, e muitos campos. Pregas — Um hectare de terra boa, custa 508000, aproximadamente.",,,,,
MG,Estrella do Sul,"Trabalhador rural, 1$500 diários; não há administradores nem escrivães de fazenda; carpinteiro, 7$000 diários; cozinheiro, 15$000 mensais; lavadeira, 15$000 mensais. Os salários são pagos e os contratos cumpridos. Trabalhador rural, de 1$000 a 2$000 diários; cozinheira, 15$000 mensais; lavadeira, 10$000; carpinteiro, 6$000 por dia. Não há administradores, nem escrivão de fazenda. Os salários são pagos e os contratos cumpridos.","Trabalhador rural, 1$500 diários",1500,,daily,"carpinteiro, 7$000 diários",7000,,daily,"A taxa comum é de 1 º/ aní, 30 réis. A taxa é de 8 a 10% ao ano.",1,30,annual,"Qualidades - Na maioria boas, havendo poucas regulares e inferiores. Há muitas argilhasas, algumas misturadas e poucas arenosas. O município ora é plano, ora montanhoso. A vegetação é representada por algumas matas, capoeiras e campos; poucos cerrados e carrascaes. “ Preços — Um hectare de terra boa custa, approximadamente, 25$000. Qualidades - Em sua maioria bóas, poucas regulares; são misturadas, poucas argilosas; mais planas que montanhosas. A vegetação é representada por muitos campos, alguns cerrados, carrascaes e capoeiras e poucas mattas virgens. "" Preços — Um hectare de terra bóu custa 80/1000 aproximadamente.","Preços — Um hectare de terra boa custa, approximadamente, 25$000.",25000,25000,hectare,0
MG,Formiga,"Trabalhador rural, de 1$000 a 2$000 diários; cozinheira, 15$000 mensais; lavadeira, 10$000; carpinteiro, 6$000 por dia. Não há administradores, nem escrivão de fazenda. Os salários são pagos e os contratos cumpridos.",,1000,2000,,"carpinteiro, 6$000 por dia",6000,,daily,A taxa é de 8 a 10% ao ano.,8,10,annual,"Qualidades - Em sua maioria bóas, poucas regulares; são misturadas, poucas argilosas; mais planas que montanhosas. A vegetação é representada por muitos campos, alguns cerrados, carrascaes e capoeiras e poucas mattas virgens. "" Preços — Um hectare de terra bóu custa 80/1000 aproximadamente.",Preços — Um hectare de terra bóu custa 80/1000 aproximadamente.,,,hectare,
MG,Fortaleza,"Trabalhador rural, 1$000 com comida; não há administradores nem escrivães de fazenda; cozinheira, 10$000 mensais; lavadeiras, 6$000 mensais; carpinteiros, 5$000 diários, a secco. Os salários são pagos.",,1000,,,"carpinteiros, 5$000 diários, a secco",5000,,daily,A taxa é de 1 *J* ao mez.,1,1,monthly,"Qualidades - Na maioria bôas, havendo bastante regulares e poucas inferiores; geralmente misturadas, algumas arenosas. A vegetação é representada na maioria, por campos, havendo muitas matas virgens e algumas capoeiras, sendo pequeno o número de cerrados e carrascaes. "" Preços — Um alqueire de terra boa custa geralmente 50$000 e mais.",Preços — Um alqueire de terra boa custa geralmente 50$000 e mais.,50000,50000,alqueire,1
MG,Fructal,"Trabalhador rural, 2$000 diários. Não há administradores nem escrivões de fazenda; carpinteiro, 10$000 diários; cozinheira, 30$000 mensais; lavadeira, 30$000 mensais. Os salários são pagos e os contratos cumpridos. Trabalhador rural 15000 diários com comida; não há administradores nem escrivães de fazenda; carpinteiro, 55000 diários; cozinheira, 80000 mensais; lavadeira, 80000 mensais. Os salários são pagos e os contratos cumpridos.","Trabalhador rural, 2$000 diários",2000,,daily,"carpinteiro, 10$000 diários",10000,,daily,"A taxa de 12% ao anno. A taxa consuma é de 12 ± 20 anos. MADERAS de lei — Peroba, garapa, cedro, vinhas, canela, gilvão, braúna, canela, jabotã, etc.",12,12,annual,"Qualidades - Na maioria regulares; são arenosas, planas e secas. A vegetação é representada por algumas matas virgeas, capoeiras, muitos cerrados e campos. "" Preços — Um hectare de terra boa custa 30$000, mais ou menos. Qualidades - Na maior parte lojas; algumas regulares; e poucas inferiores. São geralmente misturadas, mais montanhosas do que planas. A vegetação é representada por muitos campos, algumas mamas e capoeiras; poucos cerrados e carrascaes. Preços — Um hectare de terra boa custa 20$000 approximadamente.","Preços — Um hectare de terra boa custa 30$000, mais ou menos.",30000,30000,hectare,0
MG,Grao Mogol,"Um trabalhador rural, 600 réis, com comida; não há administradores, nem escrivães de fazenda; lavadeira, 6$000 mensais; cozinheira, 6$000 mensais; carpinteiro, 4$000 a 5$000 diários. Os salários são pagos e os contratos cumpridos.",,600,,,"carpinteiro, 4$000 a 5$000 diários",4000,5000,daily,Não são comummente os empréstimos.,,,,"Qualidades - Há grande quantidade de terras inferiores e bastante bôas; são na maioria arenosas e planas. A vegetação é representada por muitos campos, algumas muitas virgens e capoeiras, sendo pequena a quantidade de carrascaes e cerrados. "" Preços — Os preços variam muito conforme o local, mas em média são de 40$000 por alqueire de planta de milho.","Preços — Os preços variam muito conforme o local, mas em média são de 40$000 por alqueire de planta de milho.",40000,40000,alqueire,1
MG,Guanhaes,"Trabalhador rural 15000 diários com comida; não há administradores nem escrivães de fazenda; carpinteiro, 55000 diários; cozinheira, 80000 mensais; lavadeira, 80000 mensais. Os salários são pagos e os contratos cumpridos.",,1000,,,"carpinteiro, 55000 diários",55000,,daily,"A taxa consuma é de 12 ± 20 anos. MADERAS de lei — Peroba, garapa, cedro, vinhas, canela, gilvão, braúna, canela, jabotã, etc.",12,20,annual,"Qualidades - Na maior parte lojas; algumas regulares; e poucas inferiores. São geralmente misturadas, mais montanhosas do que planas. A vegetação é representada por muitos campos, algumas mamas e capoeiras; poucos cerrados e carrascaes. Preços — Um hectare de terra boa custa 20$000 approximadamente.",Preços — Um hectare de terra boa custa 20$000 approximadamente.,20000,20000,hectare,0
MG,Guaranésia,"Trabalhador rural ganha por dia de oito horas, 2$500 a secco; cozinheiro, 50$000 a 60$000 mensais, havendo preços bem inferiores; as lavadeiras cobram 300 réis por duzia de peças; carpinteiro, 5$000 a 6$000 diários; administrador de fazenda, 100$000 a 300$000 mensais; não há escrivães de fazenda. Os salários são pagos e os contratos cumpridos.","Trabalhador rural ganha por dia de oito horas, 2$500 a secco",2500,,daily,"carpinteiro, 5$000 a 6$000 diários",5000,6000,daily,A taxa é de um por cento ao mez.,1,1,monthly,"Qualidades - Na maioria boas, predominando as misturadas; sendo poucas as argilhasas e arenosas assim como as pedregosas; talvez igualmente montanhosas e planas. A vegetação é representada por muitas virgens magníficas, muitas capoeiras e campos. Preços — O hectare de terra boa custa 60$000 a 100$000, mais ou menos.","Preços — O hectare de terra boa custa 60$000 a 100$000, mais ou menos.",60000,100000,hectare,0
MG,Guarará,"Cozimeira, 158000 meneses; lavadeira, 158000 meneses; carpinteiro, 38000 diários; administrador de fazenda, 1008000 meneses; não há escrivães de fazenda; trabalhador rural, seja colono ou camarada, 18500 a secco ou 18000 em sustento. Os salários são pagos e os contratos cumpridos. Trabalhador rural, 2$000 a 3$000 por dia; cozinheira, 30$000 mensões; lavadeiras, 20$000 mensões; carpinteiro, 8$000 por dia; administrador de fazenda, 2.000$000 a 6.000$000 anuções, escrivões de fazenda, 1.000$000 anuções. Os salários são pagos e os contratos cumpridos.","trabalhador rural, seja colono ou camarada, 18500 a secco ou 18000 em sustento",1000,1500,,"carpinteiro, 38000 diários",3000,,daily,A taxa é de 12 *|* anuães. Nos bancos a taxa é de oito por cento ao ano e nos prestamistas doze por cento.,8,12,annual,"Qualidades - Em sua maioria bôas, havendo algumas regulares e inferiores, no geral misturadas e montanhosas. A vegetação é representada por algumas mattas virgens, muitas capoeiras, poucos carrascaes e muitos campos e culturas. "" Preços — Um hectare de terra boa custa 408000, mais ou menos. Qualidades - Na maioria bôas e regulares; no geral misturadas e montanhosas. Há poucas matas virgens, muitas capoeiras e campos e alguns cerrados e carrascaes. “Preços — O alqueire de terra boa custa 400$000, mas este preço é muito especial e para um número de casos muito reduzidos, o preço comum é bem inferior, muito inferior a este.","Preços — Um hectare de terra boa custa 408000, mais ou menos.",40000,40000,hectare,0
MG,Guaxupe,"Trabalhador rural, 2$000 a 3$000 por dia; cozinheira, 30$000 mensões; lavadeiras, 20$000 mensões; carpinteiro, 8$000 por dia; administrador de fazenda, 2.000$000 a 6.000$000 anuções, escrivões de fazenda, 1.000$000 anuções. Os salários são pagos e os contratos cumpridos.",,2000,3000,,"carpinteiro, 8$000 por dia",8000,,daily,Nos bancos a taxa é de oito por cento ao ano e nos prestamistas doze por cento.,8,12,annual,"Qualidades - Na maioria bôas e regulares; no geral misturadas e montanhosas. Há poucas matas virgens, muitas capoeiras e campos e alguns cerrados e carrascaes. “Preços — O alqueire de terra boa custa 400$000, mas este preço é muito especial e para um número de casos muito reduzidos, o preço comum é bem inferior, muito inferior a este.","Preços — O alqueire de terra boa custa 400$000, mas este preço é muito especial e para um número de casos muito reduzidos, o preço comum é bem inferior, muito inferior a este.",400000,400000,alqueire,1
MG,Henrique Galvão,"Trabalhador rural, 2$000 diários a séco, ou 1$200 com comida. Não há administradores, nem escrivães de fazenda; carpinteiro, 4$000 a 10$000 diários a secco; cozinheira, 15$000 mensais; lavadeira, 6$000 mensais. Os salários são pagos e os contratos cumpridos.","Trabalhador rural, 2$000 diários a séco, ou 1$200 com comida",1200,2000,daily,"carpinteiro, 4$000 a 10$000 diários a secco",4000,10000,daily,Taxa de 10% ao anno.,10,10,annual,"Qualidades - Em sua maioria inferiores, havendo porém muita terra boa é regular; são arenosas, argilosas e misturadas; há plantas e montanhosas. A vegetação é representada por algumas matas virgens, muitas capoeiras e campos e alguns cerrados. “ Preços — O alqueire de 48.400 metros quadrados de terra boa é geralmente vendido a 200$000, mais ou menos.","Preços — O alqueire de 48.400 metros quadrados de terra boa é geralmente vendido a 200$000, mais ou menos.",200000,200000,alqueire;metro_quadrado,1
MG,Inconfidencia,"Trabalhador rural, 600 réis ou 1$000 com comida; não há administradores, nem escrivães de fazendas; cozinheira, ganha 5$000 mensais; lavadeira, 3$000. Os salários são pagos e os contratos cumpridos.",,600,1000,,,,,,A taxa é de 1% ao mez.,1,1,monthly,"Qualidades - Na maioria inferiores, tem bastante boas e algumas regulares; quase todas planas e arenosas. Há muitos cerrados e capoeiras e campos; as matas são muito raras. "" Preços — Um hectare de terra boa custa 25$000, mais ou menos.","Preços — Um hectare de terra boa custa 25$000, mais ou menos.",25000,25000,hectare,0
MG,Itabira,"Trabalhador rural 18000 diários, com comida; cozinheira, de 88000 a 108000 meneses; lavadeira, de 68000 a 88000 meneses; carpinteiro, de 28500 a 58000 diários; não são administradores nem escrivães de fazenda. Os salarios são pagos e os contratos cumpridos.","Trabalhador rural 18000 diários, com comida",1000,,daily,"carpinteiro, de 28500 a 58000 diários",2500,5000,daily,Não são usuais os empréstimos à lavoura.,,,,"Qualidades - Em sua maioria boas, arenosas e montanhosas. A vegetação é representada por algumas muitas virgens, muitas capoeiras, poucos carrascaes, cerrados e alguns campos. Preços — O hectare de terra boa custa 508000 approximadamente.",Preços — O hectare de terra boa custa 508000 approximadamente.,50000,50000,hectare,0
MG,Itajubá,"Trabalhador rural, 2$000 diários, a secco, ou 1$000 com comida; cozinheira, 15$000, mensais; lavadeira, 15$000 mensais; carpinteiro, 6$000 diários; administrador de fazenda, 100$000 mensais; não há escrivães de fazenda. Os salários são pagos e os contratos cumpridos.","Trabalhador rural, 2$000 diários, a secco, ou 1$000 com comida",1000,2000,daily,"carpinteiro, 6$000 diários",6000,,daily,A taxa é de 12% ao anno.,12,12,annual,"Qualidades - Na maioria bôas; misturadas e montanhosas. A vegetação é representada por mattas, capoeiras, poucos carrascaes e muitos cerrados e campos. * Preços — O hectare de terra bôa custa 200$000, mais ou menos; havendo, porém, preços bem mais inferiores.","Preços — O hectare de terra bôa custa 200$000, mais ou menos; havendo, porém, preços bem mais inferiores.",200000,200000,hectare,0
MG,Itapecerica,"Cozinheiro 85000 mensajes; lavadeira 65000 mensajes; carpinteiro 55000 diários e comida; trabalhador rural 15000 diários e comida. Não há administradores, nem escrivães de fazenda. Os salários são pagos e os contratos cumpridos. Trabalhador rural, de 1$000 a 1$200 diários, com comida ou 2$000 a secco; não há administradores nem escrivães de fazenda; carpinteiro, 4$000 diários; cozinheira, 10$000 a 15$000 mensais; lavadeira, 8$000 mensais. Os salários são pagos e os contratos cumpridos.",trabalhador rural 15000 diários e comida,1500,,daily,carpinteiro 55000 diários e comida,55000,,daily,Dez por cento ao anno. Não há empréstimos.,10,10,annual,"Qualidades - A maior parte inferiores; mas há muita terra boa, bem como regular; há mais arenosas que argilosas e misturadas; mais planas do que montanhosas. A vegetação é representada por muitos campos, carrascaes, cerrados, capoeiras e mattas virgens. Preços — Um hectare de terra boa custa 805000 a 1005000, mais ou menos. Qualidades - Em sua maioria boas, havendo poucas regulares e inferiores; no geral argilosas e montanhosas. A vegetação é representada por muitos campos, algumas capoeiras e poucos cerrados e mamas virgens. "" Preços — Um hectare de terra regula 60$000, mais ou menos.","Preços — Um hectare de terra boa custa 805000 a 1005000, mais ou menos.",80000,100000,hectare,0
MG,Itaúna,"Trabalhador rural, de 1$000 a 1$200 diários, com comida ou 2$000 a secco; não há administradores nem escrivães de fazenda; carpinteiro, 4$000 diários; cozinheira, 10$000 a 15$000 mensais; lavadeira, 8$000 mensais. Os salários são pagos e os contratos cumpridos.",,1000,1200,,"carpinteiro, 4$000 diários",4000,,daily,Não há empréstimos.,,,,"Qualidades - Em sua maioria boas, havendo poucas regulares e inferiores; no geral argilosas e montanhosas. A vegetação é representada por muitos campos, algumas capoeiras e poucos cerrados e mamas virgens. "" Preços — Um hectare de terra regula 60$000, mais ou menos.","Preços — Um hectare de terra regula 60$000, mais ou menos.",60000,60000,hectare,0
MG,Jacuhy,"Tarholhador rural, 2$000 diários a secco; cozinheira, 20$000 mensais; as lavadeiras, cobram 500 réis por dozia de peças; carpinteiro, 4$000 a 5$000 diários; não há administradores nem escrivães de fazenda. Os salários são pagos e os contratos cumpridos.","Tarholhador rural, 2$000 diários a secco",2000,,daily,"carpinteiro, 4$000 a 5$000 diários",4000,5000,daily,A taxa é de um por cento ao mês.,1,1,monthly,"Qualidades - Boas, poucas; as restantes são regulares e inferiores; ora são misturadas, ora argilhosas, pedregosas e secas e na sua maioria montanhosas. A vegetação é representada por mattas virgens, capoeiras, cerrados, carrascaes e campos. - Preços — Um hectare de terra hóa custa 100$000, aproximadamente, mas há preços bem mais inferiores.","Preços — Um hectare de terra hóa custa 100$000, aproximadamente, mas há preços bem mais inferiores.",100000,100000,hectare,0
MG,Jacutinga,"Trabalhador rural, de 1$500 a 2$500 por dia; administradores de fazenda, de 1:500$000 a 6:000$000 animais; escrivães de fazenda, de 80$000 a 100$000 mensees; carpinteiro, 4$000 diários; cozinheira, de 20$000 a 30$000 mensees; lavadeira, 10$000 mensees. Os salários são pagos e os contratos cumpridos.","Trabalhador rural, de 1$500 a 2$500 por dia",1500,2500,daily,"carpinteiro, 4$000 diários",4000,,daily,Taxa de 12% ao anno.,12,12,annual,"Qualidades - Em sua maioria bôas; poucas regulares e inferiores; geralmente misturadas. A vegetação é representada por algumas matas virgens, muitas capoeiras, poucos cerrados e campos. Preços - Um hectare de terra boa custa em média 200$000, preço para casos especiais, porque há outros preços bem mais inferiores.","Preços - Um hectare de terra boa custa em média 200$000, preço para casos especiais, porque há outros preços bem mais inferiores.",200000,200000,hectare,0
MG,Jaguar,"Trabalhador rural, 2$500 a secco ou 1$800 com comida; não há administradores nem escrivães de fazenda; carpinteiro, 6$000 diários; cozinheiro, 30$000 mensais; lavadeira, 20$000 mensais. Os salários são pagos e os contratos cumpridos.","Trabalhador rural, 2$500 a secco ou 1$800 com comida",1800,2500,,"carpinteiro, 6$000 diários",6000,,daily,A taxa é de 12% ao anno.,12,12,annual,"Qualidades - Na maioria boas e regulares; misturadas, arenosas e argilosas; há montanhosas e planas. A vegetação é representada por muitas capoeiras, alguns cerrados e campos e poucos carrascaes. "" Perços — Um hectare de terra boa custa, approximadamente, 100$000, havendo preços bem inferiores.",,,,,
MG,Januaria,"Trabalhador rural, 18000 diários, a séco; não há administradores nem escritões de fazenda; carpinteiro, 38000 diários, a séco; as lavadeiras cobram 200 réis por peça; cosinheira, 88000 mensais. Os salários são pagos e os contratos cumpridos. Cozinheira, 15$000 a 20$000 mensais; lavadeira, 15$000 mensais; carpinteiro, 4$000 a 5$000 diários; administrador de fazenda de 1.800$000 a 2.400$000 anônimes; não há escrivães de fazenda; o salário diário do trabalhador rural, seja colono ou camarada é de 1$000 com alimentação. Os salários são pagos e os contratos cumpridos.","Trabalhador rural, 18000 diários, a séco",1000,,daily,"carpinteiro, 38000 diários, a séco",3000,,daily,A taxa é de 1 a 2% ao mez. Antigamente a taxa era de 12 % ao anno; actualmente é de 6 % devido ao auxílio do Governo.,1,2,monthly;annual,"Qualidades - O município possui muitas terras boas e poucas regulares e inferiores; mais misturadas que aremosas e argilosas; planas em sua maioria. A vegetação é representada por muitas virgens, capoeiras, cerrados, carrascaes e campos. Preços — O preço das terras é muito variável. Qualidades - Bôas e regulares, em partes talvez iguais; inferiores, poucas; mais montanhosas do que planas; mais argilosas do que misturadas e arenosas. A vegetação é representada por matas virgens, capoeiras, carrascaes e campos. - Preços — Um hectare de terra bôa custa 250$000, approximadamente, havendo, porém, preços muito e muito mais baixos do que estes, que são especiais.",Preços — O preço das terras é muito variável.,,,,
MG,Juiz de Fora,"Cozinheira, 15$000 a 20$000 mensais; lavadeira, 15$000 mensais; carpinteiro, 4$000 a 5$000 diários; administrador de fazenda de 1.800$000 a 2.400$000 anônimes; não há escrivães de fazenda; o salário diário do trabalhador rural, seja colono ou camarada é de 1$000 com alimentação. Os salários são pagos e os contratos cumpridos.",,1000,,,"carpinteiro, 4$000 a 5$000 diários",4000,5000,daily,Antigamente a taxa era de 12 % ao anno; actualmente é de 6 % devido ao auxílio do Governo.,6,12,annual,"Qualidades - Bôas e regulares, em partes talvez iguais; inferiores, poucas; mais montanhosas do que planas; mais argilosas do que misturadas e arenosas. A vegetação é representada por matas virgens, capoeiras, carrascaes e campos. - Preços — Um hectare de terra bôa custa 250$000, approximadamente, havendo, porém, preços muito e muito mais baixos do que estes, que são especiais.","Preços — Um hectare de terra bôa custa 250$000, approximadamente, havendo, porém, preços muito e muito mais baixos do que estes, que são especiais.",250000,250000,hectare,0
MG,Lagôa Dourada,"Trabalhador rural, 1$200 a 1$500 diários; cozinheira, 6$000 a 10$000 mensões; lavadeira, 3$000 a 5$000 mensões; carpinteiro, 3$500 diários; não há administradores, nem escrivães de fazendas. Os salários são pagos e os contratos cumpridos.","Trabalhador rural, 1$200 a 1$500 diários",1200,1500,daily,"carpinteiro, 3$500 diários",3500,,daily,A taxa é de 10% ao anno.,10,10,annual,"Qualidades - São na maioria boas e regulares, misturadas e geralmente planas, e onduladas. A vegetação é representada por algumas matas, cerradas e carrascaes e muitas capoeiras e campos. "" Preços — O hectare de terra boa, custa 100$000 a 125$000.","Preços — O hectare de terra boa, custa 100$000 a 125$000.",100000,125000,hectare,0
MG,Lavras,"Trabalhador rural, de 1$000 a 1$500 diários; não há administradores nem escrivães de fazenda; carpinteiro, de 3$000 a 4$000 por dia; cozinheira ou lavadeira, de 8$000 a 15$000 mensais. Os salários são pagos e os contratos cumpridos.","Trabalhador rural, de 1$000 a 1$500 diários",1000,1500,daily,"carpinteiro, de 3$000 a 4$000 por dia",3000,4000,daily,"A taxa nos prestamistas é de 10 a 12% e na agência do Banco do Crédito Real de Minas, de 6% ao anno.",10,12,annual,"Qualidades - A maior parte bôas, havendo poucas regulares e inferiores; no geral argilosas, havendo algumas misturadas e arenosas; talvez mais de metade montanhosa. A vegetação é representada por matras virgens, capoeiras, cerrados, carrascaes e muitos campos. Preços — Um hectare de terra bôa custa de 20$000 a 100$000.",Preços — Um hectare de terra bôa custa de 20$000 a 100$000.,20000,100000,hectare,0
MG,Leopoldina,"Trabalhador rural, 18500 diários à secca e 18000 com alimentação; administrador de fazenda, 1008000 mensões; escritório de fazenda, 508000 mensões; carpinteiro, 58000 a 68000 diários; cozinheira, 158000 a 208000 mensões; lavadeira, 108000 a 158000 mensões. Os salários são pagos e os contratos cumpridos.","Trabalhador rural, 18500 diários à secca e 18000 com alimentação",1000,1500,daily,"carpinteiro, 58000 a 68000 diários",5000,6000,daily,Taxa de 6 e 12 * 1º anuares; 6 * 1º quando tomado à carteira hypothetical do Banco de Crédito Real de Minas.,6,12,annual,"Qualidades - A maior parte bóas; havendo mais regulares que inferiores; geralmente misturadas; mais montanhosas do que planas. A vegetação é representada por matas virgens, muitas capoeiras, alguns cerrados e muitos campos. “ Preços — Um hectare de terra boa custa 508000, approximadamente.","Preços — Um hectare de terra boa custa 508000, approximadamente.",50000,50000,hectare,0
MG,Lima Duarte,"Trabalhador rural 18000 por dia; cozinheira ou lavadeira 88000 mensais; carpinteiro 68000 diários; não há administradores nem escrivães de fazenda. Os salários são pagos e os contratos cumpridos. Trabalhador rural, 1$000 a 1$300 diarios, com alimentação; administradores de fazenda, 1:000$000 amusas; não há escrivão de fazenda; carpinteiro, 4$000 a 5$000 diarios; cozinheiro, 10$000 a 15$000 mensas; lavadeira, 8$000 a 10$000 mensas; os salarios são pagos e os contratos cumpridos. Trabalhador rural, 1$000 diario com comida; cozinheira, 30$000 mensais; lavadeira, 15$000 mensais; carpinteiro, 3$000 diários com comida; não há administradores nem escrivães de fazenda. Os salários são pagos e os contratos cumpridos.",Trabalhador rural 18000 por dia,1000,,daily,carpinteiro 68000 diários,6000,,daily,"A taxa é de 12 % ao anno. Usam a taxa de 1% ao mez. MADEIRAS de iê — Ipé, barauna, sapucaia, peroba, cabreuva, gibatão, canjerana, bicuiba, etc. A taxa é de 12 por cento ao ano.",1,12,monthly;annual,"Qualidades - São na maioria boas e misturadas, igualmente planas e montanhosas. Existem muitas capoeiras, campos e pastos, principalmente estes dois últimos, que ocupam talvez mais da metade da área do município; são poucas as mártas existentes. Preços - O hectare de terra boa custa 1008000; há preços mais baixos. Qualidades - Na maior parte, hóus, havendo também bastante regulares e inferiores, geralmente misturadas e montanhosas. A vegetação é representada por muitas matas, virgens e capoeiras, e por alguns cerrados e carrascaes e campos. Preço — Varia de 15$000 a 80$000 o hectare. Qualidades - Há bôas, regulares e inferiores, predominando as terras inferiores misturadas e montanhosas, sendo poucas as pedregosas, secas ou pantanosas; a sua vegetação é representada por algumas mattas, capoeiras, cerrados, campos e pastos. “ Preços — O hectare de terra bôa custa 75$000, approximadamente.",Preços - O hectare de terra boa custa 1008000; há preços mais baixos.,100000,100000,hectare,0
MG,Manhuassú,"Trabalhador rural, 1$000 a 1$300 diarios, com alimentação; administradores de fazenda, 1:000$000 amusas; não há escrivão de fazenda; carpinteiro, 4$000 a 5$000 diarios; cozinheiro, 10$000 a 15$000 mensas; lavadeira, 8$000 a 10$000 mensas; os salarios são pagos e os contratos cumpridos.",,1000,1200,,"carpinteiro, 4$000 a 5$000 diarios",4000,5000,daily,"Usam a taxa de 1% ao mez. MADEIRAS de iê — Ipé, barauna, sapucaia, peroba, cabreuva, gibatão, canjerana, bicuiba, etc.",1,1,monthly,"Qualidades - Na maior parte, hóus, havendo também bastante regulares e inferiores, geralmente misturadas e montanhosas. A vegetação é representada por muitas matas, virgens e capoeiras, e por alguns cerrados e carrascaes e campos. Preço — Varia de 15$000 a 80$000 o hectare.",Preço — Varia de 15$000 a 80$000 o hectare.,15000,80000,hectare,0
MG,Mar de Hespanha,"Trabalhador rural, 1$000 diario com comida; cozinheira, 30$000 mensais; lavadeira, 15$000 mensais; carpinteiro, 3$000 diários com comida; não há administradores nem escrivães de fazenda. Os salários são pagos e os contratos cumpridos.",,1000,,,"carpinteiro, 3$000 diários com comida",3000,,daily,A taxa é de 12 por cento ao ano.,12,12,annual,"Qualidades - Há bôas, regulares e inferiores, predominando as terras inferiores misturadas e montanhosas, sendo poucas as pedregosas, secas ou pantanosas; a sua vegetação é representada por algumas mattas, capoeiras, cerrados, campos e pastos. “ Preços — O hectare de terra bôa custa 75$000, approximadamente.","Preços — O hectare de terra bôa custa 75$000, approximadamente.",75000,75000,hectare,0
MG,Marianna,"Trabalhador rural, 1$000 a 1$500 diários; administradores de fazenda, 100$000 mensais; escrivães de fazenda não há; carpinteiro, 4$000 diários; cozinheira, 10$000 a 15$000 mensais; lavadeira, 5$000 mensais. Os salários são pagos e os contratos.","Trabalhador rural, 1$000 a 1$500 diários",1000,1500,daily,"carpinteiro, 4$000 diários",4000,,daily,5% a 12% anonaes.,5,12,annual,"Qualidades - Em sua maioria inferiores, regulares e boas, poucas; misturadas e montanhosas; e em grande parte, pedregosas. A vegetação é representada por capoeiras, cerrados, carrascaes, campos e poucas mattas virgens. "" Preços — Um hectare de terra boa, 20$000 a 30$000, mais ou menos.","Preços — Um hectare de terra boa, 20$000 a 30$000, mais ou menos.",20000,30000,hectare,0
MG,Maria da Fó,"Trabalhador rural, 1$000 a 1$500 diários; cozinheira, 15$000 mensais; lavadeira, 10$000 mensais; carpinteiro, 5$000 por dia; não há administradores, nem escrivães de fazenda. Os salários são pagos e os contratos cumpridos.","Trabalhador rural, 1$000 a 1$500 diários",1000,1500,daily,"carpinteiro, 5$000 por dia",5000,,daily,Não há taxa determinada.,,,,"Qualidades - São em geral boas, montanhoras e misturadas. A vegetação é representada por mattas, capoeiras, cerrados, carrascaes e campos. "" Preços — O hectare de terra boa custa em média 100$000.",Preços — O hectare de terra boa custa em média 100$000.,100000,100000,hectare,0
MG,Mercês,"Cozinheira, 8$000 mensais; lavadeira, 8$000 mensais; carpinteiro, 2$500 diários, com comida; trabalhador rural 1$000, com comida. Não há administradores nem escrivães de fazenda. Os salários são pagos e os contratos cumpridos.","trabalhador rural 1$000, com comida",1000,,,"carpinteiro, 2$500 diários, com comida",2500,,daily,A taxa usual é de 12% ao ano.,12,12,annual,"Qualidades - Geralmente bóas, havendo algumas regulares e poucas inferiores, em sua maioria misturadas, havendo algumas argilhosas e arenosas; no geral montanhosas. A vegetação é representada por algumas mattas virgens e muitas capueiras, não existindo cerrados, nem carrascaes; mas havendo bons campos. Preços — Um alqueire de terra boa custa na média 200$000, havendo porém, preços bem inferiores.","Preços — Um alqueire de terra boa custa na média 200$000, havendo porém, preços bem inferiores.",200000,200000,alqueire,1
MG,Minas Novas,"Trabalhador rural, 600 réis com comida e 1$000 a secco; carpinteiro, 5$000 diários; cozinheiro, 8$000 mensões; lavadeira, 8$000 mensões; não há administradores, nem escrivães de fazenda. Os salários são pagos e os contratos compridos.",,600,1000,,"carpinteiro, 5$000 diários",5000,,daily,A taxa é de 1% ao mez.,1,1,monthly,"Qualidades - Na maioria bôas, havendo algumas inferiores; no geral misturadas e poucas argilosas; geralmente planas, sendo algumas montanhasas. A vegetação é representada por muitas capoeiras e campos e alguns cerrados e carrascaes e mamas virgens. Preços — Um alqueire de terra boa custa 40$000, mais ou menos.","Preços — Um alqueire de terra boa custa 40$000, mais ou menos.",40000,40000,alqueire,1
MG,Monte Alegre,"Trabalhador rural ganha 2$500 diários; não há administradores, nem escrivães de fazenda; carpinteiro, 7$000 diários; lavadeira, 20$000 mensais; cozinheiro, 30$000 mensais. Os salários são pagos e os contratos cumpridos.",,2500,,,"carpinteiro, 7$000 diários",7000,,daily,A taxa é de um por cento ao mez.,1,1,monthly,"Qualidades - No geral bôas, havendo mais inferiores do que regulares; na maioria planas. A vegetação é representada por muitos campos, alguns cerrados, carrascaes, e poucas muitas virgens. - Preços — Um hectare de terra bôa custa 25$000.",Preços — Um hectare de terra bôa custa 25$000.,25000,25000,hectare,0
MG,Monte Carmello,"Trabalhador rural, 18000 diários; cozinheira ou lavadeira, 108000 mensais; carpinteiro, 48000 diários; não há administradores nem escrivães de fazenda. Os salários são pagos e os contratos cumpridos.","Trabalhador rural, 18000 diários",1000,,daily,"carpinteiro, 48000 diários",4000,,daily,A taxa usual é de 1% ao mez.,1,1,monthly,"Qualidades - Na maioria boas, argilhosas e planas. A vegetação é representada por algumas mattas, muitas capoeiras e campos, poucos cerrados e carrascaes. "" Preços — O hectare de terra boa custa 108000, mais ou menos.","Preços — O hectare de terra boa custa 108000, mais ou menos.",10000,10000,hectare,0
MG,Monte Santo,"Trabalhador rural, 28500 diários a séco por dia de oito horas; cozinheiro 608000 mensais; lavadeiras cobram 500 réis por dnia de peças; carpinteiro, 69000 diários; administrador de fazenda, 1008000 a 1508000 mensais; escrivão da fazenda, 408000 a 608000 mensais. Os salários são pagos e os contratos cumpridos.","Trabalhador rural, 28500 diários a séco por dia de oito horas",2500,,daily,"carpinteiro, 69000 diários",69000,,daily,A taxa é de um por cento ao mês.,1,1,monthly,"Na maior parte do dia, havendo também muitas regulares e inferiores; umas são argilosas, outras misturadas e no geral planas. A vegetação é representada por muitas virgens, capoeiras cerradas, carrascas e campos. Preços — Um hectare de terra boa custa 308000 a 608000, aproximadamente.","Preços — Um hectare de terra boa custa 308000 a 608000, aproximadamente.",30000,60000,hectare,0
MG,Montes Claros,"Trabalhador rural, de 500 a 800 réis diários, com alimentação ou 1$500 a secco; cozinheira ou lavadeira, 6$000 mensais; carpinteiro, 3$000 diários; não há administradores nem escrivães de fazenda. Os salários são pagos e os contratos cumpridos.","Trabalhador rural, de 500 a 800 réis diários, com alimentação ou 1$500 a secco",800,1500,daily,"carpinteiro, 3$000 diários",3000,,daily,A taxa é de 18 a 24% ao anno.,18,24,annual,"Qualidades - Geralmente boas; misturadas e planas, salvo parte das situadas no distrito de Jequitahy, que é diamantífero e onde são pedregosas e montanhosas; existindo também alguns terrenos pantanosos. A vegetação é representada por algumas matas virgens, muitas capoeiras e poucos cerrados e campos. Preços — É muito variável o preço das terras.",Preços — É muito variável o preço das terras.,,,,
MG,S. Paulo do Muriahé,"Cozinheira, 12$000 menseis; lavadeira, 10$000; carpinteiro, 4$000 diários; administrador de fazenda, 60$000 menseis; não há escrições de fazenda; trabalhador rural, seja colono ou camarada, 1$000 diários, com alimentação ou 1$500 a séco. Os salários são pagos e os contratos cumpridos.","trabalhador rural, seja colono ou camarada, 1$000 diários, com alimentação ou 1$500 a séco",1000,1500,daily,"carpinteiro, 4$000 diários",4000,,daily,A taxa é de 12% ao ano.,12,12,annual,"Qualidades - Boas e inferiores, em partes, talvez iguais; argilhosas, arenosas, e misturadas; geralmente montanhosas. A vegetação é representada por muitas capoeiras, algumas muitas virgens, e campos. "" Preços — Um hectare de terra boa custa 30$000, aproximadamente.","Preços — Um hectare de terra boa custa 30$000, aproximadamente.",30000,30000,hectare,0
MG,Muzambinho,"Trabalhador rural, 1$500 diários, a sécco; administrador de fazenda, 100$000 a 150$000 mensais; escrivão de fazenda, 40$000 a 60$000 mensais; carpinteiro 5$000 diários; cozinheira 30$000 a 60$000 mensais; lavadeira cobra 500 réis por duzia de peças. Os salários são pagos e os contratos cumpridos.","Trabalhador rural, 1$500 diários, a sécco",1500,,daily,carpinteiro 5$000 diários,5000,,daily,A taxa adoptada é de um a um e meio por cento ao mez.,1,1.5,monthly,"Qualidades - Há boas, regulares e inferiores, talvez em proporções mais ou menos eguaes; umas são arenosas, outras argilosas e outras misturadas. Parte do município é plana e parte montanhosa. A vegetação é representada por muitas capoeiras, alguns cerrados e carrascaes e pequena quantidade de matras virgens e campos. Preços — Um hectare de terra boa custa de 40$000 a 60$000, aproximadamente.","Preços — Um hectare de terra boa custa de 40$000 a 60$000, aproximadamente.",40000,60000,hectare,0
MG,Oliveira,"Trabalhador rural, 1$500 diários com comida; cozinheira, 15$000 mensais; lavadeira, 10$000 mensais; administrador de fazenda, 60$000; escrivão, 45$000; carpinteiro, 3$000 diários. Os salários são pagos e os contratos cumpridos.","Trabalhador rural, 1$500 diários com comida",1500,,daily,"carpinteiro, 3$000 diários",3000,,daily,10% ao anno.,10,10,annual,"Qualidades - Em sua maioria boas, misturadas e planas, havendo porém, algumas regulares e inferiores e poucas arenosas e argilosas. A vegetação é representada por muitas capoeiras, alguns campos e cerrados e poucas mattas virgens. Preços — Um hectare de terra boa, 100$000, mais ou menos, havendo preços mais baixos.","Preços — Um hectare de terra boa, 100$000, mais ou menos, havendo preços mais baixos.",100000,100000,hectare,0
MG,Ouro Fino,"Cosimbeira, 15$000 menseas; lavadeira, 5$000 menseas; carpinteiro, 4$000 diários; administradores de fazenda, 100$000 menseas; trabalhador rural, 1$500 diários; não há escrivães de fazenda. Os salários são pagos e os contratos cumpridos.","trabalhador rural, 1$500 diários",1500,,daily,"carpinteiro, 4$000 diários",4000,,daily,A taxa usual é de 1° ao mez.,1,1,monthly,"Qualidades - Em sua maioria boas, misturadas e montanhosas; havendo algumas regulares e arenosas e poucas inferiores e argilosas. A vegetação é representada por muitas capoeiras, alguns campos, muitas virgens e cerrados e poucos carrascaes. "" Preços — Um hectare de terra boa custa 50$000 a 100$000, mais ou menos, havendo preços bem menores, conforme o logar.","Preços — Um hectare de terra boa custa 50$000 a 100$000, mais ou menos, havendo preços bem menores, conforme o logar.",50000,100000,hectare,0
MG,Ouro Preto,"Trabalhador rural, 1$000 diários, com comida ou 1$500 à secco; administrador de fazenda, 100$000 mensais; escrivães de fazenda, não há; carpinteiro, 4$000 diários; cozinheiro, 50$000 mensais; cozinheira, 15$000 mensais; lavadeira, 30$000 mensais. Os salários são pagos e os contratos cumpridos.","Trabalhador rural, 1$000 diários, com comida ou 1$500 à secco",1000,1500,daily,"carpinteiro, 4$000 diários",4000,,daily,A taxa é de 12 %º animais.,12,12,annual,"Qualidades - Em sua maioria inferiores, argilhosas, montanhosas e pedregosas. A vegetação é representada por muitos campos e carrascaes, algumas capoeiras e cerrados e muito poucas muitas virgens. Preços — Um hectare de terra boa custa 25$000, aproximadamente.","Preços — Um hectare de terra boa custa 25$000, aproximadamente.",25000,25000,hectare,0
MG,Palma,"Trabalhador rural 1$500 diários, à secco, e 1$000 com alimentação; administrador de fazenda, 100$000 mensais; escrivães de fazendas não ha (salvo exceções), os próprios fazendeiros fazem a escrita da fazenda; carpinteiro, 4$000 diários com alimentação; cozinheira, 15$000 mensais; lavadeira, 15$000 mensais. Os salários são pagos e os contratos cumpridos.","Trabalhador rural 1$500 diários, à secco, e 1$000 com alimentação",1000,1500,daily,"carpinteiro, 4$000 diários com alimentação",4000,,daily,A taxa é de 12 *J*º anuães.,12,12,annual,"Qualidades - Na maioria boas, havendo algumas regulares, e poucas inferiores; no geral misturadas e montanhosas. A vegetação é representada por muitas muitas virgens e campos, e alguns cerrados, carrascaes e capoeiras. "" Preços — Um hectare de terra boa custa 30$000, aproximadamente.","Preços — Um hectare de terra boa custa 30$000, aproximadamente.",30000,30000,hectare,0
MG,Palmyra,"Trabalhador rural, 18000 diários; cozinheira, 150000 mensas; lavadeira, 120000 mensas; carpinteiro, 50000 diários; não há administradores nem escrivães de fazenda. Os salarios são pagos e os contractos compridos.","Trabalhador rural, 18000 diários",1000,,daily,"carpinteiro, 50000 diários",50000,,daily,Na agência do Banco de Crédito Real de Minas a taxa é de 6 a 9 *1/2 e nos prestamistas de 12*1/2 ao ano.,6,9,annual,"Qualidades - Na maioria, boas; mais argilhosas do que misturadas; geralmente montanhosas; a vegetação é representada por campos e pastos; poucas capoeiras e alguma matta-virgem. Preços — O hectare de terra boa custa 50000, approximadamente.","Preços — O hectare de terra boa custa 50000, approximadamente.",,,hectare,
MG,Pará,"Cozinheira, 20$000 mensais; lavadeira, 20$000; carpinteira, 4$000 diários; trabalhador rural, 1$000 a 1$500 com comida e 1$500 a 2$000 a secco. Não há escrivães nem administradores de fazenda; os salários são pagos e os contratos cumpridos.","trabalhador rural, 1$000 a 1$500 com comida e 1$500 a 2$000 a secco",1000,1500,,"carpinteira, 4$000 diários",4000,,daily,,,,,"Qualidades - Na maioria, boas; misturadas, mais planas que montanhosas; há também algumas terras regulares e poucas inferiores. A vegetação é representada por muitas capoeiras, algumas mattas virgens, campos e poucos cerrados e carrascaes. "" Preços — Um hectare de terra boa custa de 20$000 a 40$000, conforme a zona.","Preços — Um hectare de terra boa custa de 20$000 a 40$000, conforme a zona.",20000,40000,hectare,0
MG,Paracatú,"Trabalhador rural, 1$000 diários; não há administradores nem escrivãos de fazenda; carpinteiro, 5$000 diários; cozinheira, 10$000 mensais; lavadeira, 15$000 mensais. Os salários são pagos e os contratos cumpridos.","Trabalhador rural, 1$000 diários",1000,,daily,"carpinteiro, 5$000 diários",5000,,daily,A taxa comum é de um por cento ao mez.,1,1,monthly,"Qualidades - Bôas e inferiores, talvez em partes iguais; poucas regulares. São em geral misturadas, havendo algumas argilosas e arenosas. O município é mais plano que montanhoso; pouco pedregoso. Sua vegetação é representada por muitas capoeiras, alguns cerrados e carrascas, e poucas muitas virgens. Preços - Um hectare de terra custa, approximadamente 58000.","Preços - Um hectare de terra custa, approximadamente 58000.",5000,5000,hectare,0
MG,Paraguassú,"Cozinheira, 20$000 mensais; lavadeira, 15$000 mensais; carpinteiro, 5$000 diários; administrador de fazenda, 800$000 a 2.000$000 por anno; trabalhador rural, 1$500 diários, com comida e 2$000 a secco. Não ha escrevêes de fazenda. Os salários são pagos e os contratos cumpridos. Trabalhador rural, 1$000 diários; administrador de fazenda, 75$000 mensais; não há escrivães de fazenda; carpinteiro, 5$000 diários; cozinheiro, 15$000 mensais; lavadeira, 10$000 mensais. Os salários são pagos e os contratos cumpridos.","trabalhador rural, 1$500 diários, com comida e 2$000 a secco",1500,2000,daily,"carpinteiro, 5$000 diários",5000,,daily,A taxa usual é de 10% ao ano. A taxa é de 12% ao anno.,10,12,annual,"Qualidades - Em sua maioria boas, argilosas, montanhosas e secas, havendo algumas regulares e inferiores e poucas misturadas. A vegetação é representada por muitos campos, capoeiras, poucas mattas virgens e cerradas. Preços — Um alqueire de terra boa custa 300$000, havendo preços bem mais inferiores. Qualidades - A maior parte das terras são regulares, arenosas e planas. Há também muitas terras boas, inferiores, argilosas e misturadas, sendo quase todas secas. A vegetação é representada por muitos carrascaes, cerrados, capoeiras, campos e algumas mattas virgens. Preços - Um hectare de terra boa custa em média 40$000.","Preços — Um alqueire de terra boa custa 300$000, havendo preços bem mais inferiores.",300000,300000,alqueire,1
MG,Passa Quatro,"Cozinheira, 20$000 mensais; lavadeiras, 15$000 mensais; carpinteiro, 5$000 diários; trabalhador rural, 1$000 com comida e 1$500 a secco. Não há administradores nem escrivães de fazenda. Os salários são pagos e os contratos compridos.","trabalhador rural, 1$000 com comida e 1$500 a secco",1000,1500,,"carpinteiro, 5$000 diários",5000,,daily,A taxa usual é de 10 por cento ao ano.,10,10,annual,"Qualidades - No geral regulares, havendo boas e inferiores; muitas misturadas, bastante argilosas e poucas areuosas; há mais montanhosas do que planas. Há algumas mattas virgens, capoeiras, cerrados e campos. Preços — Um alqueire contendo quatro hectares de terra boa custa 200$000, há preços inferiores.","Preços — Um alqueire contendo quatro hectares de terra boa custa 200$000, há preços inferiores.",200000,200000,hectare;alqueire,1
MG,Passa Tempo,"Cozinhóira, 15$000 mensais; lavadeira, 10$000; administradores de fazenda não há; carpinteiro, 3$000 por dia com comida; trabalhador rural, 1$000 com comida. Os salários são pagos e os contratos cumpridos.","trabalhador rural, 1$000 com comida",1000,,,"carpinteiro, 3$000 por dia com comida",3000,,daily,A taxa communi é de oito por cento ao ano.,8,8,annual,"Qualidades - Em sua maioria bôas e misturadas, e em parte mais ou menos iguais, planas e montanhosas. A vegetação é representada por muitas capoeiras e campos, alguns cerrados e muitas virgens e poucos carrascaes. "" Preços — Um hectare de terra boa custa 100$000, mais ou menos havendo preços mais baixos.","Preços — Um hectare de terra boa custa 100$000, mais ou menos havendo preços mais baixos.",100000,100000,hectare,0
MG,Passos,"Trabalhador rural, 1$500 por dia; cozinheiro, 30$000 mensais; lavadeira, 15$000 mensais; carpinteiro, 5$000 diários; só algumas fazendas de canna têm administradores, que ganham 2$500 diários; não há escrivães de fazendas. Os salários são pagos e os contratos cumpridos.","Trabalhador rural, 1$500 por dia",1500,,daily,"carpinteiro, 5$000 diários",5000,,daily,A taxa é de doze por cento ao anno.,12,12,annual,"Qualidades - Na maioria bôas e misturadas, havendo algumas arenosas e poucas argilosas. Há muitas montanhosas e poucas planas. A vegetação é representada por poucas matas virgens e carrascaes, algumas capoeiras e cerrados e muitos campos. Preços — Um hectare de terra boa custa 180$000, aproximadamente, havendo preços mais baixos.","Preços — Um hectare de terra boa custa 180$000, aproximadamente, havendo preços mais baixos.",180000,180000,hectare,0
MG,Patos,"Trabalhador rural, 1$500 por dia; carpinteiro, 5$000 diários; cozinheira, 20$000 mensais; lavadeira, 6$000 mensais. Não há administradores nem escrivães de fazenda. Os salários são pagos e os contratos cumpridos.","Trabalhador rural, 1$500 por dia",1500,,daily,"carpinteiro, 5$000 diários",5000,,daily,A taxa usual é de doze por cento ao ano.,12,12,annual,"Qualidades - Inferiores, talvez metade, o restante é de terras boas e regulares; há muitas arenosas e algumas argilhosas e misturadas. Geralmente são montanhosas. A vegetação é representada por muitos campos, alguns mattos virgens, capoeiras e cerrados e poucos carrascaes. Preços - O hectare de terra boa custa 20$000, mais ou menos.","Preços - O hectare de terra boa custa 20$000, mais ou menos.",20000,20000,hectare,0
MG,Patrocinio,"Trabalhador rural, 2$000 e 3$000 por dia; cozinheira, 10$000 mensais; lavadeira, 4$000 por mez; carpinteiro, 4$000 por dia. Não há administradores nem escrivães de fazenda. Os salários são pagos e os contratos cumpridos.","Trabalhador rural, 2$000 e 3$000 por dia",2000,3000,daily,"carpinteiro, 4$000 por dia",4000,,daily,A taxa usual é de 18 por cento ao anno.,18,18,annual,"Qualidades - Na maioria regulares, misturadas e planas. Existem poucas mattas, algumas capoeiras, cerradas, carrascaes e muitos campos. “ Preços — O hectare de terra boa de cultura custa 50$000, de campo, 5$000.","Preços — O hectare de terra boa de cultura custa 50$000, de campo, 5$000.",5000,50000,hectare,0
MG,Peçanha,"Trabalhador rural, 1$000, diários, com comida; cozinheira, 8$000, mensais; carpinteiro, 5$000, diários; lavadeira, 8$000, mensais. Os salários são pagos e os contratos cumpridos.","Trabalhador rural, 1$000, diários, com comida",1000,,daily,"carpinteiro, 5$000, diários",5000,,daily,A taxa comum é de 6 a 12% ao ano.,6,12,annual,"Qualidades - Há muitas terras bôas, algumas regulares e poucas inferiores. São na sua maioria misturadas, havendo argilhosas e pouco arexosas. O município é quase todo montanhoso, pouco pedregoso e seco. A vegetação é representada por muitas matas e capoeiras, alguns cerrados, carrascaes e campos. "" Preços — Um hectare de terra com área para plantar 80 litros, 50$000 a 100$000, mais ou menos.","Preços — Um hectare de terra com área para plantar 80 litros, 50$000 a 100$000, mais ou menos.",50000,100000,hectare,0
MG,Pedra Branca,"Trabalhador rural, 1$500 diários; não há administradores nem escrivães de fazenda; carpinteiro, 4$000 diários; corinheira, 15$000 mensais; lavadeira, 5$000 mensais. Os salários são pagos e os contratos cumpridos.","Trabalhador rural, 1$500 diários",1500,,daily,"carpinteiro, 4$000 diários",4000,,daily,A taxa é de 12% ao ano.,12,12,annual,"Qualidades - São há maioria boas e misturadas; talvez igualmente planas e montanhosas. A vegetação é representada por algumas matras, muitas capoeiras e campos e alguns cerrados. "" Preços — O hectare de terra boa custa 100$000 a 120$000, mais ou menos, havendo preços bem inferiores.","Preços — O hectare de terra boa custa 100$000 a 120$000, mais ou menos, havendo preços bem inferiores.",100000,120000,hectare,0
MG,Pequy,"Trabalhador rural, 1$000 diários; cozinheira, 15$000 mensais; lavadeira, 5$000 mensais; carpinteiro, 4$000 diários; administradores e escrivães de fazenda, não há. Os salários são pagos e os contratos cumpridos.",,1000,,,"carpinteiro, 4$000 diários",4000,,daily,A taxa comum é de 12% ao ano.,12,12,annual,"Qualidades - Na maioria boas, havendo algumas regulares e poucas inferiores. No geral misturadas, havendo porém, grande parte arenosas e argilhosas. Há poucas planas e muitas montanhosas, pedregosas e secas. A vegetação é representada por muitas virgens, capoeiras, cerrados, carrascaes e campos. Preços - O hectare de terra boa custa 100$000.",Preços - O hectare de terra boa custa 100$000.,100000,100000,hectare,0
MG,Perdões,"Cozinheiro, 12$000 mensais; lavadeira, 5$000; carpinteiro, 6$000 por dia; trabalhador rural 1$500 a 2$000. Não há escrivães nem administradores de fazenda. Os salarios são pagos e os contratos cumpridos. Trabalhador rural, 1$500, diários; carpinteiro, 5$000 diários; cosinheiras, 20$000 mensões; lavadeira, 10$000 mensões. Não há administradores, nem escrivães de fazenda. Os salários são pagos e os contratos cumpridos. Trabalhador rural, 1$000 diários, com alimentação; não há escrivães de fazenda; administrador de fazenda, 45$000 meneses; carpinteiro, 3$000 a 4$000, diários; lavadeira, 10$000 meneses; cozinheira, 10$000 a 15$000 meneses. Os salários são pagos e os contratos cumpridos.",trabalhador rural 1$500 a 2$000,1500,2000,,"carpinteiro, 6$000 por dia",6000,,daily,"Seis a oito por cento ao ano. MADEIRA de lei — Balsamo, jequitibá, cedro, peroba, etc. A taxa média é de 8 %, ao ano. A taxa communi é de 12% ao anno.",8,12,annual,"Qualidades - As terras do município são no geral boas, havendo entretanto algumas regulares e poucas inferiores. São misturadas, planas e montanhosas. A vegetação é representada por poucas mattas virgens, muitas capoeiras, campos e alguns cerrados. Preços - Um hectare de terra boa custa 100$000 a 150$000, porém há preços bem mais inferiores. Qualidades - As terras podem ser divididas mais ou menos, assim: inferiores, a maior parte; bôas, mais do que as regulares; misturadas na maior parte, e geralmente planas e seccas. A vegetação é representada por muitas capaciras e campos, alguns carrascaes e poucos cerrados e muitas virgens. Preços - Um hectare de terra bia, 25$000, mais ou menos. Qualidades - Em sua maioria boas, argilosas, misturadas e metanhosas. A vegetação é representada em grande parte por capoeiras e em pequena parte por mattas virgens, cerrados e carrascaes. Preços — O hectare de terra boa custa 35$000 a 40$000, aproximadamente.","Preços - Um hectare de terra boa custa 100$000 a 150$000, porém há preços bem mais inferiores.",100000,150000,hectare,0
MG,Pirapora,"Trabalhador rural, 1$500, diários; carpinteiro, 5$000 diários; cosinheiras, 20$000 mensões; lavadeira, 10$000 mensões. Não há administradores, nem escrivães de fazenda. Os salários são pagos e os contratos cumpridos.",,1500,,,"carpinteiro, 5$000 diários",5000,,daily,"A taxa média é de 8 %, ao ano.",8,8,annual,"Qualidades - As terras podem ser divididas mais ou menos, assim: inferiores, a maior parte; bôas, mais do que as regulares; misturadas na maior parte, e geralmente planas e seccas. A vegetação é representada por muitas capaciras e campos, alguns carrascaes e poucos cerrados e muitas virgens. Preços - Um hectare de terra bia, 25$000, mais ou menos.","Preços - Um hectare de terra bia, 25$000, mais ou menos.",25000,25000,hectare,0
MG,Piranga,"Trabalhador rural, 1$000 diários, com alimentação; não há escrivães de fazenda; administrador de fazenda, 45$000 meneses; carpinteiro, 3$000 a 4$000, diários; lavadeira, 10$000 meneses; cozinheira, 10$000 a 15$000 meneses. Os salários são pagos e os contratos cumpridos.",,1000,,,"carpinteiro, 3$000 a 4$000, diários",3000,4000,daily,A taxa communi é de 12% ao anno.,12,12,annual,"Qualidades - Em sua maioria boas, argilosas, misturadas e metanhosas. A vegetação é representada em grande parte por capoeiras e em pequena parte por mattas virgens, cerrados e carrascaes. Preços — O hectare de terra boa custa 35$000 a 40$000, aproximadamente.","Preços — O hectare de terra boa custa 35$000 a 40$000, aproximadamente.",35000,40000,hectare,0
MG,Pitanguy,"Trabalhador rural, 1$000 a 2$000 diários; cozinheira, 10$000 mensais; lavadeira, 5$000 a 6$000 mensais; carpinteiro, 4$000 diários; não ha administradores, nem esgrivães de fazendas. Os salários são pagos e os contratos cumpridos.","Trabalhador rural, 1$000 a 2$000 diários",1000,2000,daily,"carpinteiro, 4$000 diários",4000,,daily,A taxa é de 10 por cento ao ano.,10,10,annual,"Qualidades - Na maior parte regulares e inferiores, havendo porém, terras boas, geralmente arenosas e montanhosas, existindo muitos terrenos pedregosos e secos. A vegetação é representada por poucas muitas, capoeiras, cerrados, carrascaes e meios campos. Preços — O hectare de terra custa 20$000, mais ou menos.","Preços — O hectare de terra custa 20$000, mais ou menos.",20000,20000,hectare,0
MG,Piumhy,"Trabalhador rural, 1$500 a 2$500 por dia; não há administradores nem escrivães de fazenda; carpinteiro, 6$000 diários; cozinheira, 10$000 mensais; lavadeira, 5$000 mensais. Os salários são pagos e os contratos compridos.","Trabalhador rural, 1$500 a 2$500 por dia",1500,2500,daily,"carpinteiro, 6$000 diários",6000,,daily,A taxa de 12% ao anno.,12,12,annual,"Qualidades - Em sua maioria inferiores, havendo algumas regulares e poucas boas. São arenosas em geral e pouco misturadas e argilosas. (1) município ora é plano, ora montanhoso, de terras secas e algumas pedregosas. A vegetação é representada por muitos campos, algumas capoeiras, cerrados e poucos carrascaes. Não há muitas virgens. Preços - (1) hectare de terra custa aproximadamente, 50$000.","Preços - (1) hectare de terra custa aproximadamente, 50$000.",50000,50000,hectare,0
MG,Poços de Caldas,"Trabalhador rural, 2$000 diários; não há administrador nem escrivão de fazenda; carpinteiro, 5$000 diários; lavadeiras, cobram 1$000 por duzia de peças; cozinheiro, 80$000 a 100$000 mensais. Os salários são pagos e os contratos compridos.","Trabalhador rural, 2$000 diários",2000,,daily,"carpinteiro, 5$000 diários",5000,,daily,A taxa comum é de um por cento ao mês.,1,1,monthly,"Qualidades - Boas, regulares e inferiores, talvez, em partes mais ou menos iguais; geralmente misturadas, argilhosas e arenosas em pequena parte; montanhosas em grande parte. A vegetação é representada por muitas virgeas, capoeiras, campos, cerrados e carrascaes. Preços - Um hectare de terra boa custa de 100$000 a 150$000, aproximadamente.","Preços - Um hectare de terra boa custa de 100$000 a 150$000, aproximadamente.",100000,150000,hectare,0
MG,Pomba,"Trabalhador rural, 18000 diários, com comida; cozinheira, de 108000 a 128000 mensões; lavadeira, de 108000 a 158000 mensões; carpinteiro, 58500 diários; não há administradores nem escrivães de fazenda. Os salários são pagos e os contractos cumpridos.","Trabalhador rural, 18000 diários, com comida",1000,,daily,"carpinteiro, 58500 diários",5500,,daily,A taxa commun é de 12% ao ano.,12,12,annual,"Qualidades - No município predominam as terras boas, argilosas, sendo raras as arconhas e misturadas e poucas as pedregosas, secas e pantanosas; em geral são accidentadas, principalmente em Bomfim e Silveiras, onde existem os contrafortes da serra de Mantiqueira. A vegetação é representada quase toda por capoeiras e campos artificiais, existindo poucas matas virgens, carrascaes e cerrados. Preços — O hectare terra boa custa 258000, mais ou menos.","Preços — O hectare terra boa custa 258000, mais ou menos.",25000,25000,hectare,0
MG,Ponte Nova,"Trabalhador rural, 1$200 diários, com comida; cozinheira, 10$000 a 15$000 mensais; lavadeira, 10$000 mensais; carpinteiro, 4$000 diários; não há administradores nem escrivães de fazendas, estas são administradas pelos seus próprios donos, costume digno dos maiores aplausos. Os salários são pagos e os contactos cumpridos.","Trabalhador rural, 1$200 diários, com comida",1200,,daily,"carpinteiro, 4$000 diários",4000,,daily,As taxas variam de oito a 12% ao anno.,12,12,annual,"Quantidades - Em sua maioria boas, havendo regulares e inferiores; no geral misturada se montanhosas. A vegetação é representada por algumas muitas virgens, muitas capoeiras, cerrados e campos. Preços — Um hectare de terra boa, custa 100$000, approximadamente, havendo preços bem inferiores.","Preços — Um hectare de terra boa, custa 100$000, approximadamente, havendo preços bem inferiores.",100000,100000,hectare,0
MG,Pouso Alegre,"Cozinheira, 15$00 mensais; lavadeira, 5$000; carpinteiro, 4$500 por dia; trabalhador rural, 1$500. Não há escrivães nem administradores de fazenda. Os salarios são pagos e os contratos cumpridos.","trabalhador rural, 1$500",1500,,,"carpinteiro, 4$500 por dia",4500,,daily,A taxa comum é de 12 a 18 por cento ao anno.,12,18,annual,"Qualidades - Na maioria regulares, misturadas, planas e seccas; há poucas montanhosas. A vegetação é representada por muitos campos, capoeiras e por alguns cerrados e poucas mattas virgens. Preços - Um hectare de terra boa custa 100$000, mais ou menos.","Preços - Um hectare de terra boa custa 100$000, mais ou menos.",100000,100000,hectare,0
MG,Pouso Alto,"Trabalhador rural, 2$000 diários; cozinheira, 15$000 mensais; as lavadeiras cobram 500 réis por duzia de peças; carpinteiro, ganha 4$000 diários; não há administradores nem escrivães de fazenda. Os salários são pagos e os contratos cumpridos.","Trabalhador rural, 2$000 diários",2000,,daily,"carpinteiro, ganha 4$000 diários",4000,,daily,A taxa é de oito a 10 % ao anno.,10,10,annual,"Qualidades - Quais egualmente boas, regulares e inferiores; em sua maioria misturadas e montanhosas. A vegetação é representada por poucas muitas, muitas capoeiras e campos, alguns cerrados. Preços — Um hectare de terra boa, custa 100$000, mais ou menos, havendo preços menores.","Preços — Um hectare de terra boa, custa 100$000, mais ou menos, havendo preços menores.",100000,100000,hectare,0
MG,Prados,"Trabalhador rural, de 1$500 a 2$000 diários; cozinheira ou lava-deira, de 6$000 a 10$000 mensais; carpinteiro, de 3$000 a 5$000 diários; não há administradores nem escrivães de fazenda. Os salários são pagos e os contratos cumpridos. Trabalhador rural 1$000 diários com comida; administradores e escrivões de fazenda, não há; carpinteiro, 4$000 a 5$000 diários; cozinheiro, 10$000 a 12$000 mensões; lavadeira, 10$000 mensões. Os salários são pagos e os contratos cumpridos.","Trabalhador rural, de 1$500 a 2$000 diários",1500,2000,daily,"carpinteiro, de 3$000 a 5$000 diários",3000,5000,daily,A taxa comum é de 10% ao ano. A taxa commumente usada é de 8% ao ano.,8,10,annual,"Qualidades - Na maioria inferiores e regulares, sendo boas poucas; há arenosas e misturadas, planas e onduladas; existem muitos terrenos seccos e alguns pedregosos. A vegetação é representada por muitos campos e capoeiras, poucas mattas, cerrados e carrascaes. Preços — O hectare de terra boa custa de 50$000 a 80$000, mais ou menos. Qualidades - Na maior parte boas e regulares, poucas inferiores; geralmente misturadas e montanhosas; havendo algumas, secas, e pedregosas outras. A vegetação é representada por muitos campos e capoeiras, alguns cerrados e poucas matas virgens. “ Preços — Um hectare de terra boa, de campo, custa 30$000 e de matta 50$000.","Preços — O hectare de terra boa custa de 50$000 a 80$000, mais ou menos.",50000,80000,hectare,0
MG,Prata,"Trabalhador rural ganha 2$000 diários; cozinheiro, 30$000 mensais; lavadeira, 20$000 mensais; carpinteiro, 7$000 diários. Não ha administradores, nem escrivães de fazenda. Os salários são pagos e os contratos cumpridos.",,2000,,,"carpinteiro, 7$000 diários",7000,,daily,A taxa é de um e meio ao mez.,,,monthly,"Qualidades - Na maioria inferiores, havendo algumas bôas e poucas regulares; no geral misturadas, algumas arenosas e argilosas. Na maioria planas. Predominam os campos e cerrados, sendo raras as matas virgens. "" Preços — Um hectare de terra bôa custa 20$000, mais ou menos.","Preços — Um hectare de terra bôa custa 20$000, mais ou menos.",20000,20000,hectare,0
MG,Queluz,"Trabalhador rural 1$000 diários com comida; administradores e escrivões de fazenda, não há; carpinteiro, 4$000 a 5$000 diários; cozinheiro, 10$000 a 12$000 mensões; lavadeira, 10$000 mensões. Os salários são pagos e os contratos cumpridos.",,1000,,,"carpinteiro, 4$000 a 5$000 diários",4000,5000,daily,A taxa commumente usada é de 8% ao ano.,8,8,annual,"Qualidades - Na maior parte boas e regulares, poucas inferiores; geralmente misturadas e montanhosas; havendo algumas, secas, e pedregosas outras. A vegetação é representada por muitos campos e capoeiras, alguns cerrados e poucas matas virgens. “ Preços — Um hectare de terra boa, de campo, custa 30$000 e de matta 50$000.","Preços — Um hectare de terra boa, de campo, custa 30$000 e de matta 50$000.",30000,50000,hectare,0
MG,Rio Branco,"Trabalhador rural, 1$000 diários com comida e 1$500 a secos; administradores e escrivães de fazenda não há; estas são administradas por seus proprietários, auxiliados por feitores, que ganham de 60$000 a 80$000 mensais; carpinteiro, 4$000 diários; cozinheira ou lavadeira, 10$000 a 15$000 mensais. Os salários são pagos e os contratos cumpridos.","Trabalhador rural, 1$000 diários com comida e 1$500 a secos",1000,1500,daily,"carpinteiro, 4$000 diários",4000,,daily,A taxa commun é de 12 por cento anuás.,12,12,annual,"Qualidades - Em sua maioria bôas, havendo algumas regulares; no geral misturadas, montanhosas e secas; as pedregosas são raras, assim também as pantanosas. A vegetação é representada por poucas matas virgens e capueiras, alguns cerrados e carrascaes e muitos campos. Preços — Um hectare de terra boa, porém cansada, custa 50$000; de capueirão, de 60$000 a 70$000, mais ou menos.","Preços — Um hectare de terra boa, porém cansada, custa 50$000; de capueirão, de 60$000 a 70$000, mais ou menos.",50000,70000,hectare,0
MG,Rio Casca,"Trabalhador rural, 1$200 diários com comida ou 2$000 a secco; administrador de fazenda, 600$000 por anno; não há escrivães de fazenda; carpinteiro, 4$500 por dia; cozinheira, 8$000 por mes com casa e comida; lavadeira, 6$000 a secco. Os salários são pagos e os contratos cumpridos.","Trabalhador rural, 1$200 diários com comida ou 2$000 a secco",1200,2000,daily,"carpinteiro, 4$500 por dia",4500,,daily,Taxa de 6½º ao ano.,,,annual,"Qualidades - Em sua maioria bóias, havendo poucas regulares e inferiores; no geral misturadas e montanhosas, havendo algumas planas e poucas pedregosas e pantanosas. A vegetação é representada por muitas matas virgens e algumas capoeiras, campos, e cerrados; carrascaes não há. Preços — Um hectare de terra boa, 60$000, mais ou menos. Há pouco venderam-se dez alqueires de terra por 3.000$000.","Preços — Um hectare de terra boa, 60$000, mais ou menos. Há pouco venderam-se dez alqueires de terra por 3.000$000.",60000,3000000,hectare;alqueire,1
MG,Rio Espera,"Trabalhador rural, 1$000 diários; cozinheira, 6$000 mensais; lavadeira, 4$000 mensais; carpinteiro, 2$500 diários; não há administradores nem escrivães de fazenda. Os salários são pagos e os contratos comprados.","Trabalhador rural, 1$000 diários",1000,,daily,"carpinteiro, 2$500 diários",2500,,daily,"A taxa comum é de 12 por cento anuares. MADERIAS de lei — Cedro, vinhas, peroba, canela, etc.",12,12,annual,"Há poucas terras boas, muitas regulares e poucas inferiores; em partes mais ou menos iguais, argilosas e misturadas. Poucas são planas, pois no geral são montanhosas e pedregosas. A vegetação é representada por capoeiras, cerrados, carrascaes, campos e poucas matas. "" Preços — É mais ou menos de 50$000 o preço de um hectare de terra boa.",Preços — É mais ou menos de 50$000 o preço de um hectare de terra boa.,50000,50000,hectare,0
MG,Rio José Pedro,"Trabalhador rural, 1$500 diarios; cozinheira, de 15$000 a 20$000 mensais; lavadeira, de 5$000 a 10$000 mensais; carpinteiro, 5$000 diarios; não há administradores nem escrivães de fazenda. Os salarios são pagos e os contractos cumpridos.","Trabalhador rural, 1$500 diarios",1500,,daily,"carpinteiro, 5$000 diarios",5000,,daily,A taxa de 12% ao anno.,12,12,annual,"Qualidades - No geral bôas e misturadas, e quase igualmente planas e montanhosas. Existem grandes mattas, talvez cobrindo metade da superfície do município, muitas capoeiras e campos. "" Preços — O hectare de terra bôa custa 25$000, mais ou menos.","Preços — O hectare de terra bôa custa 25$000, mais ou menos.",25000,25000,hectare,0
MG,Rio Novo,"Trabalhador rural, 15000 diários a secco; cozinheira ou lavadeira, de 105000 a 205000 mensões; carpinteiro, 45000 diários; administrador de fazenda, 1005000 mensões e comida; não há escrivães de fazenda. Os salários são pagos e os contratos cumpridos.","Trabalhador rural, 15000 diários a secco",1500,,daily,"carpinteiro, 45000 diários",45000,,daily,A taxa é de 12% ao anno.,12,12,annual,"Qualidades - No geral boas e argilosas. A vegetação é representada por poucas matas virgens e por muitos campos, as capoeiras estão sendo substituídas pelos campos artificiais ou pastos, e já ocupam talvez, mais de metade da área total do município. Preços — O hectare de terra boa custa 505000 approximadamente.",Preços — O hectare de terra boa custa 505000 approximadamente.,50000,50000,hectare,0
MG,Rio Pardo,"Trabalhador rural, 500 réis, com comida, e 1$000 a secco, diários; não há administradores nem escrivães de fazenda; lavadeira, 100 réis por peça; cozinheiro, 6$000 mensais; carpinteiro, 2$000 diários. Os salários são pagos e os contratos cumpridos.",,500,1000,,"carpinteiro, 2$000 diários",2000,,daily,A taxa é de 1% ao mez.,1,1,monthly,"Qualidades - Há muitas inferiores, algumas bôas e poucas regulares, egualmente argilhosas e misturadas; na maioria planas. A vegetação é representada por muitos campos, algumas capoeiras e carrascaes e poucas muitas virgens. “Preços — Baixos, porém muito variáveis.","Preços — Baixos, porém muito variáveis.",,,,
MG,Rio Parnahyba,"Trabalhador rural, 1$400 a 2$000 diarios; cozinheira, 20$000 mensajes; lavadeira, 4$000 mensajes; carpinteiro, 5$000 diarios; não há administradores nem escrivães de fazenda. Os salarios são pagos e os contractos cumpridos.","Trabalhador rural, 1$400 a 2$000 diarios",1400,2000,daily,"carpinteiro, 5$000 diarios",5000,,daily,"Geralmente a taxa é de 12 por cento ao anno. MADHIRAS de lei — Aroeira, cedro, cangerana, massaranduba, balsamo.",12,12,annual,"Na maioria bôas e regulares, misturadas e montanhosas, existindo muitos terrenos pedregosos. A vegetação é representada por algumas mattas e muitas capoeiras, cerrados e campos. "" Preços — O hectare de terra bôa custa 50$000, mais ou menos.","Preços — O hectare de terra bôa custa 50$000, mais ou menos.",50000,50000,hectare,0
MG,Rio Preto,"Trabalhador rural, seja colmo ou camarada, 1$500 diários, sem alimentação e 1$000 com alimentação; administrador de fazenda, 80$000 mensais; não há escrivães de fazenda; carpinteiro, 5$000 diários; cosinheira, 15$000 mensais; lavadeira, 11$000 mensais. Os salários são pagos e os contratos cumpridos.","Trabalhador rural, seja colmo ou camarada, 1$500 diários, sem alimentação e 1$000 com alimentação",1000,1500,daily,"carpinteiro, 5$000 diários",5000,,daily,A taxa é de 12°Jº ao ano.,12,12,annual,"Qualidades - Em sua maioria boas, havendo algumas regulares e inferiores; no geral argilosas, havendo também arenosas e misturas. - De terras inferiores — Embaúba branca, taquara-póca, etc. radas. São mais montanhos do que planas. A vegetação é representada por algumas matas virgens, capoeiras e muitos campos. Preços - Um hectare de terra boa custa 40$000 aproximadamente.",Preços - Um hectare de terra boa custa 40$000 aproximadamente.,40000,40000,hectare,0
MG,Rio Piracicaba,"Cozinheira, 6$000 a 10$000 mensais; lavadeira, 3$000 mensais; carpinteiro, 3$000 diários; não há administradores nem escrivões de fazenda. Os salários são pagos e os contratos cumpridos.",-,-,-,,"carpinteiro, 3$000 diários",3000,,daily,,,,,"Qualidades - Na maior parte regulares; havendo bôas e inferiores; geralmente misturadas, planas e montanhosas. A vegetação é representada por alguns campos e mattas virgens, poucos cerrados e carrascaes e muitas capoeiras. "" Preços — Um hectare de terra bôa custa 25$000, approximadamente.","Preços — Um hectare de terra bôa custa 25$000, approximadamente.",25000,25000,hectare,0
MG,Sabará,"Cosinheiro 15$000 a 20$000 mensais; lavadeira 30$000 mensais; carpinteiro 5$000 diários; administradores e escrivães de fazenda não há. O salário do trabalhador rural, seja colono ou camarada, é de 800 réis diários com alimentação e 1$200 a secco. Os salários são pagos e os contratos cumpridos.","O salário do trabalhador rural, seja colono ou camarada, é de 800 réis diários com alimentação e 1$200 a secco",800,1200,daily,carpinteiro 5$000 diários,5000,,daily,A taxa comum é de doze por cento ao ano.,12,12,annual,"Qualidades - Na maior parte inferiores, arenosas, montanhosas e pedregosas. A vegetação é representada por muitas capoeiras, poucos cerrados e muitos carrascaes e campos geralmente de má qualidade. Preços — Um hectare de terra, de campo, custa 58000; de cultura 308000.","Preços — Um hectare de terra, de campo, custa 58000; de cultura 308000.",5000,30000,hectare,0
MG,Sacramento,"Um trabalhador rascal ganha de 2$000 a 3$000 a secco; carpinteiro, 3$000 a secco; lavadeira, 20$000 mensais; cozinheiro, 30$000 mensais. As fazendas são administradas pelos seus proprietários, procedimento digno de elogios. Os salários são pagos e os contratos cumpridos.",Um trabalhador rascal ganha de 2$000 a 3$000 a secco,2000,3000,,"carpinteiro, 3$000 a secco",3000,,daily,A taxa communi é de 12 por cento ao ano.,12,12,annual,"Qualidades - São em geral boas; poucas argilosas e arenosas. Há muitas misturadas. O município é mais plano que montanhoso; pouco pedregoso. A vegetação é representada por capoeiras, campos e cerrados; poucas matas virgens. Preços — Um hectare de terra boa custa 60$000.",Preços — Um hectare de terra boa custa 60$000.,60000,60000,hectare,0
MG,Salinas,"Trabalhador rural, 600 réis com comida; não há administradores nem escrivães de fazenda; lavadeira, 6$000 mensais; cozinheira, 6$000 mensais; carpinteiro, 1$500 a 2$000 diários. Os salários são pagos e os contratos cumpridos.",,600,,,"carpinteiro, 1$500 a 2$000 diários",1500,2000,daily,A taxa é de 2% ao mez.,2,2,monthly,"Qualidades - Na maior parte inferiores, havendo bôas e regulares; no geral misturadas, poucos argilosas, na maioria planas. A vegetação é representada por muitos campos, algumas capoeiras, poucas matas virgens, sendo raros os carrascaes e cerrados. "" Preços — Um hectare de terra bôa custa 50$000 mais ou menos, havendo preços mais baixos.","Preços — Um hectare de terra bôa custa 50$000 mais ou menos, havendo preços mais baixos.",50000,50000,hectare,0
MG,Sant'Anna dos Ferros,"Cozinheira, 5$000 mensais; lavadeira, 4$000; administrador de fazenda, 200$000 a 500$000 mensais; carpinteiro, 2$000 a 8$000 diários; trabalhador rural, 1$000 diários com comida ou 1$500 e 1$800 a secco. Os salários são pagos e os contratos compridos.","trabalhador rural, 1$000 diários com comida ou 1$500 e 1$800 a secco",1000,1500,daily,"carpinteiro, 2$000 a 8$000 diários",2000,8000,daily,A taxa communi é de 8 a 10% ao anno.,8,10,annual,"Qualidades - Na maior parte boas e misturadas, havendo algumas argilhasas e poucas arenosas; no geral são montanhosas. A vegetação é representada por extensas capoeiras, algumas mattas virgens e pequenos campos artificiais. Preços — Um hectare de terra boa custa 20$000.",Preços — Um hectare de terra boa custa 20$000.,20000,20000,hectare,0
MG,Santa Barbara,"Trabalhador rural, 1$000 diários, com comida; cozinheira, 10$000 mensais; lavadeira, 8$000 mensais; carpinteiro, 2$500 a 4$000 diários; não há administradores, nem escritões de fazenda. Os salários são pagos e os contratos cumpridos.","Trabalhador rural, 1$000 diários, com comida",1000,,daily,"carpinteiro, 2$500 a 4$000 diários",2500,4000,daily,A taxa é de 10 a 18% ao ano.,10,18,annual,"Qualidades - Em pequena parte boas; em maior parte regulares, e em sua maioria inferiores; unus são argilhosas, outras misturadas, mas geralmente montanhosas. A vegetação é representada por algumas mattas virgens, capoeiras, carrascaes e campos. Preços — O hectare de terra boa custa 25$000.",Preços — O hectare de terra boa custa 25$000.,25000,25000,hectare,0
MG,Santa Luzia do Rio das Velhas,"Trabalhador rural, seja colouo ou camarada, 1$500 diarios, com alimentação; administrador de fazenda, 150$000 mensais; escrivães de fazenda não há; carpinteiro, de 3$000 a 5$000 diarios; cozinheiro, 10$000 mensais e lavadeira, 10$000. Os salários são pagos e os contratos cumpridos.","Trabalhador rural, seja colouo ou camarada, 1$500 diarios, com alimentação",1500,,daily,"carpinteiro, de 3$000 a 5$000 diarios",3000,5000,daily,A taxa usual é de um e um e meio por cento ao mês.,2.5,2.5,monthly,"Qualidades - Na maioria bôas, misturadas e montanhosas. A vegetação é representada por muitas matras virgens, capoeiras, poucos cerrados, carrascaes e alguns campos. "" Preços — Na margem da Estrada de Ferro Central do Brasil custa 40$000 o hectare de terra bôa, em zonas afastadas, 20$000 e menos.","Preços — Na margem da Estrada de Ferro Central do Brasil custa 40$000 o hectare de terra bôa, em zonas afastadas, 20$000 e menos.",20000,40000,hectare,0
MG,Santa Quiteria,"Não há administradores nem escrivães de fazendo; um carpinteiro ganha, 4$000 com comida; cozinheira, 10$000 mensees; lavadeira, 15$000 mensees. Os salários são pagos e os contratos cumpridos.",-,-,-,,"um carpinteiro ganha, 4$000 com comida",4000,,daily,Taxa de 12 por cento ao ano e mais.,12,12,annual,"Qualidades - Há boas, regulares e inferiores, umas arenosas, outras argilosas, outras misturadas, talvez metade planas e metade montanhosas, sendo poucas as pantanosas. A vegetação é representada por muitas capoeiras e campos e algumas matas virgens, cerrados e carrascaes. Preços - Um alqueire de terra boa custa 150$000, porém, há preços bem inferiores.","Preços - Um alqueire de terra boa custa 150$000, porém, há preços bem inferiores.",150000,150000,alqueire,1
MG,Santa Rita da Extrema,"Trabalhador rural, 1$600 com comida ou 2$000 a secco; não há administradores nem escrivães de fazenda; carpinteiro, 5$000 diários; cozinheiro, 20$000 mensas; lavadeira, 15$000 mensas. Os salários são pagos e os contratos cumpridos.","Trabalhador rural, 1$600 com comida ou 2$000 a secco",1600,2000,,"carpinteiro, 5$000 diários",5000,,daily,A taxa commun é de 12% ao anno.,12,12,annual,"Qualidades - A maior parte boas e regulares, havendo muitas misturadas e poucas argilosas e arenosas. O município é geralmente montanhoso. A vegetação é representada por muitas capoeiras, alguns campos e poucas matas e cerrados. "" Preços — Um hectare de terra boa custa mais ou menos, 40$000.","Preços — Um hectare de terra boa custa mais ou menos, 40$000.",40000,40000,hectare,0
MG,Santa Rita de Cassia,"Cozinheiro, 45$000 mensais; lavadeira, 15$000 a 20$000 mensais; carpinteiro, 4$000 a 5$000 diários; administradores e escrivães de fazenda não ha; trabalhador rural, seja colono ou camarada, 1$500 a 2$000 diários. Os salários são pagos e os contratos cumpridos.","trabalhador rural, seja colono ou camarada, 1$500 a 2$000 diários",1500,2000,daily,"carpinteiro, 4$000 a 5$000 diários",4000,5000,daily,A taxa commun é de 10 a 12% ao anno.,10,12,annual,"Qualidades - Na maioria boas, montanhosas, argilhosas e misturadas. A vegetação é representada por matas virgens, capoeiras, cerrados, carrascaes e muitos campos. - Preços — Um hectare de terra boa custa 50$000, approximadamente.","Preços — Um hectare de terra boa custa 50$000, approximadamente.",50000,50000,hectare,0
MG,Santa Rita de Sapucahy,"Cozinheiro, 12$000 mensões, lavadeira, 10$000; carpinteiro, 5$000 diários; administrador de fazenda, 100$000 mensões; trabalhador rural, 1$500 por dia. Os salários são pagos e os contratos cumpridos.","trabalhador rural, 1$500 por dia",1500,,daily,"carpinteiro, 5$000 diários",5000,,daily,A taxa comum é de 10% ao ano e um por cento ao mês.,1,10,monthly;annual,"Qualidades - O município possui terras boas e regulares, geralmente misturadas nelas predominando a argila ou barro; parte plana e parte montanhosa. A vegetação é representada por muitos campos e capoeiras, alguns cerrados e poucas matas virgens e carrascaes. “Preços — Um hectare de terra boa custa 60$000 e o alqueire, 200$000; entretanto há preços mais baixos.","Preços — Um hectare de terra boa custa 60$000 e o alqueire, 200$000; entretanto há preços mais baixos.",60000,200000,hectare;alqueire,1
MG,Santo Antonio do Machado,"Trabalhador rural, 2$000 diários sem alimentação; não há administradores nem escrivães de fazenda; carpinteiro, 4$000 a 5$000 diários; lavadeiras cobram 500 réis por duzia; não há cozinheiros. Os salários são pagos e os contratos cumpridos.","Trabalhador rural, 2$000 diários sem alimentação",2000,,daily,"carpinteiro, 4$000 a 5$000 diários",4000,5000,daily,A taxa é de 1% ao mez.,1,1,monthly,"Qualidades - Na maioria bôas e misturadas, em partes mais ou menos eguais plantas e montanhosas. A vegetação é representada por mattas virgens, capoeiras, cerrados, carrascaes e campos. “ Preços — Um hectare de terra bôa custa 100$000, aproximadamente, havendo preços mais baixos.","Preços — Um hectare de terra bôa custa 100$000, aproximadamente, havendo preços mais baixos.",100000,100000,hectare,0
MG,Santo Antonio do Monte,"Cozinheira, 10$000 mensajes; lavadeira, 5$000 mensajes; carpinteiro, 4$000 a 5$000 diarios; trabalhador rural, 1$500 com comida e 2$000 a secco; não há administradores nem escrivães de fazenda. Os salarios são pagos, mas os contractos nem sempre são cumpridos.","trabalhador rural, 1$500 com comida e 2$000 a secco",1500,2000,,"carpinteiro, 4$000 a 5$000 diarios",4000,5000,daily,A taxa usual é de 1% ao mes.,1,1,monthly,"Qualidades - Há boas, regulares e inferiores, estas porém, em maior quantidade, possuindo o districto de Esteios e o da Cidade os melhores terrenos para culturas; são geralmente misturadas; mais montanhosas do que planas. A vegetação é representada por mattas, capoeiras e campos e muitos cerrados. Preços — Variavel; o alqueire de terra para cultura regula custar 100$000 a 150$000 e o de terras de campos, 10$000 a 15$000.","Preços — Variavel; o alqueire de terra para cultura regula custar 100$000 a 150$000 e o de terras de campos, 10$000 a 15$000.",10000,150000,alqueire,1
MG,S. Domingos do Prata,"Trabalhador rural, 18000 diarios com alimentação; não há escrivães de fazenda; administrador de fazenda, 5008000 annuares; carpinteiro, 28500 diarios; lavadeira, 6800000 mensões; cozinheira, 10800000 mensões. Os salarios são pagos e os contractos cumpridos.","Trabalhador rural, 18000 diarios com alimentação",1000,,daily,"carpinteiro, 28500 diarios",2500,,daily,A taxa é de 8% ao ano.,8,8,annual,"Qualidades - Na maioria boas; argilosas e montanhosas. A vegetação é representada por muitas muitas virgens e capoeiras, alguns campos e raros cerrados e carrascaes. “ Preços — Um hectare de terra boa, perto da cidade, 1708000; distante, de 508000 a 1008000, aproximadamente.","Preços — Um hectare de terra boa, perto da cidade, 1708000; distante, de 508000 a 1008000, aproximadamente.",50000,170000,hectare,0
MG,São Francisco,"Trabalhador rural, 1$000 diarios; não há administradores nem escrivães de fazenda; carpinteiro, 5$000 diarios; cozinheira, 10$000 mensais; lavadeira, 5$000 mensais. Os salarios são pagos e os contratos cumpridos.","Trabalhador rural, 1$000 diarios",1000,,daily,"carpinteiro, 5$000 diarios",5000,,daily,Não há empréstimos.,,,,"No geral bôas, havendo algumas regulares; arenosas e misturadas; mais planas que montanhosas. A vegetação é representada por muitas mattas virgens e algumas capoeiras, cerrados, carrascaes e campos. Preços - Não há base para cálculo devido às terras no geral serem indivisas; em todo caso esta situação de terras indivisas em tão grandes extensões, quer dizer terra muito barata.","Preços - Não há base para cálculo devido às terras no geral serem indivisas; em todo caso esta situação de terras indivisas em tão grandes extensões, quer dizer terra muito barata.",,,,
MG,São Gonçalo de Sapucahy,"Trabalhador rural, 2$000 diarios a secco e 1$500 com comida; cozinheiro, 30$000 menseas; cozinheira, 15$000 menseas; lavadeira, 16$000 a 20$000 menseas; carpinteiro, 4$000 a 6$000 diarios; administrador de fazenda, contractado, 800$000 a 1.000$000 annuaes; escrivães, não ha. Os salarios são pagos e os contratos cumpridos.","Trabalhador rural, 2$000 diarios a secco e 1$500 com comida",1500,2000,daily,"carpinteiro, 4$000 a 6$000 diarios",4000,6000,daily,A taxa é de 10 por cento ao ano.,10,10,annual,"Qualidades - Ilôas, regulares e inferiores talvez em proporções mais ou menos iguais; geralmente misturadas e montanhosas. A vegetação é representada por muitos campos, algumas capoeiras, poucos cerrados e carrascaes. Preços — Um hectare de terra boa custa 150$000 a 200$000, havendo, porém, preços mais baixos.","Preços — Um hectare de terra boa custa 150$000 a 200$000, havendo, porém, preços mais baixos.",150000,200000,hectare,0
MG,São João Baptista,"Trabalhador rural, 1$000 diários; não há administradores, nem escrivães de fazenda; carpinteiro, 2$500 diários; cozinheiro, 5$000 mensais; lavadeira, 5$000 mensais. Os salários são pagos e os contratos cumpridos.","Trabalhador rural, 1$000 diários",1000,,daily,"carpinteiro, 2$500 diários",2500,,daily,A taxa communi é de oito por cento ao ano.,8,8,annual,"Qualidades - Na maior parte inferiores, algumas boas e poucas regulares. Na maioria misturadas, havendo poucas argilosas e arenosas. O município é quase todo plano; pouco pedregoso. A vegetação é representada por muitos campos, algumas capoeiras, poucas mattas, cerrados e carrascaes. Preços — Um hectare de terra boa custa, aproximadamente, 25$000.","Preços — Um hectare de terra boa custa, aproximadamente, 25$000.",25000,25000,hectare,0
MG,São João a El Rey,"Trabalhador rural, 800 réis a 15000 diarios com comida; cozinheiro, 105000 a 205000 mensais; lavadeira, 105000 a 155000 mensais; carpinteiro, 45000 a 55000 diarios; não há administradores, nem escrivães de fazendas. Os salarios são pagos e os contratos cumpridos.","Trabalhador rural, 800 réis a 15000 diarios com comida",800,1500,daily,"carpinteiro, 45000 a 55000 diarios",45000,55000,daily,"A taxa varia de 10 a 12 por cento e mais ao ano. HABIRIRAS de lei — Peroba, óleo, balsamo, cedro, arceira, jacarandá, etc.",10,12,annual,"Qualidade - Na maioria bôas, misturadas e montanhosas. A vegetação é representada por muitos campos, algumas capoeiras e poucos cerrados; não existem carrascaes, nem mattas virgens. Preços — O hectare de terra bôa custa 755000 a 1005000, aproximadamente.","Preços — O hectare de terra bôa custa 755000 a 1005000, aproximadamente.",75000,100000,hectare,0
MG,São João Nepomuceno,"Trabalhador rural, 18500 diários, a séc. 000 ou 18000 com comida; cozinheira ou lavadeira, 108000 mensões; carpinteiro, 48000 diários, com comida; não há administradores, nem escrivães de fazendas, há feitores, que ganham 608000 e 508000 mensões. Os salários são pagos e os contratos cumpridos.","Trabalhador rural, 18500 diários, a séc",1500,,daily,"carpinteiro, 48000 diários, com comida",4000,,daily,,,,,"Qualidades - No município predominam as terras boas e regulares; no geral argilosas; poucas misturadas e azenosas, parte plana, parte montanhosa. A vegetação é representada por campos, pastos, e capoeiras, são poucas as mattas virgens e não existem carrascaes, nem cerrados. Preços — O hectare de terra boa custa 508000 a 608000, approximadamente.","Preços — O hectare de terra boa custa 508000 a 608000, approximadamente.",50000,60000,hectare,0
MG,S. João Evangelista,"Trabalhador rural, 800 réis a 1$000 diários; não há administradores nem escrivães de fazenda; carpinteiro, 5$000 diários; cozinheiro, 8$000 mensais; lavadeira, 8$000 mensais. Os salários são pagos e os contratos cumpridos.","Trabalhador rural, 800 réis a 1$000 diários",800,1000,daily,"carpinteiro, 5$000 diários",5000,,daily,A taxa comum é de um por cento ao mês.,1,1,monthly,"Qualidades - Na maioria, boas; havendo algumas regulares e inferiores; há muitas misturadas e argilosas, poucas arenosas. O município cipio é mais plano do que montanhoso e pouco pedregoso. A vegetação é representada por muitas capoeiras, poucas mattas e campos. Preços - Um alqueire de terra boa pôde custar 40$000 a 100$000, mais ou menos.","Preços - Um alqueire de terra boa pôde custar 40$000 a 100$000, mais ou menos.",40000,100000,alqueire,1
MG,S. José dos Botelhos,"Cozinheira, 20$000 mensais; lavadeira, 5$000 mensais; carpinteiro, 5$000 diários; administrador de fazenda, 150$000 mensais; trabalhador rural, 1$000 diários; não há escrivães de fazenda. Os salários são pagos e os contratos cumpridos.","trabalhador rural, 1$000 diários",1000,,daily,"carpinteiro, 5$000 diários",5000,,daily,A taxa usual é de 6% ao ano.,6,6,annual,"Qualidades - Quasi todas boas, havendo algumas regulares e inferiores; geralmente são misturadas, havendo, porém, terras argilosas em boa parte. Mais montanhosas do que planas. A vegetação é representada por algumas muitas virgens, muitas capoeiras, alguns cerrados e campos. Preços - Um hectare de terra boa, 250$000; este preço é muito especial, pois os preços correntes, são bem mais inferiores.","Preços - Um hectare de terra boa, 250$000; este preço é muito especial, pois os preços correntes, são bem mais inferiores.",250000,250000,hectare,0
MG,São José d'Além Parahyba,"Trabalhador rural 1$500 diários à secco e 1$000 com alimentação; administrador de fazenda 80$000 mensais, escrivão de fazenda não há, carpinteiro 58000 diários, cosinheira 158000 mensais e lavadeira 158000 mensais. Os salários são pagos e os contratos cumpridos.",Trabalhador rural 1$500 diários à secco e 1$000 com alimentação,1000,1500,daily,"administrador de fazenda 80$000 mensais, escrivão de fazenda não há, carpinteiro 58000 diários, cosinheira 158000 mensais e lavadeira 158000 mensais",5000,80000,daily,"A taxa é de 6 *j* a 12 *j* ao anno. Quando tomado à carteira agrícola do Banco de Crédito Real de Minas, a taxa é de 6 *j*.",6,12,annual,"Qualidades - Na maior parte, bôas e montanhosas. A vegetação é representada por algumas matas virgens, capoeiras, carrascaes e muitos campos e cerrados. Preços — Um hectare de terra, bôa custa 508000, aproximadamente.","Preços — Um hectare de terra, bôa custa 508000, aproximadamente.",50000,50000,hectare,0
MG,S. José do Paraízo,"Trabalhador rural, 1$000 a 2$000 diários com o sustento; não há administradores nem escrivães de fazenda, os fazendeiros administram, elles mesmos, as suas fazendas, procedimento muito digno de louvor e que devia ser imitado; um carpinteiro, 4$000 a 6$000 diários; cozinheira, 20$000 mensais; lavadeira, 15$000. Os salários são pagos e os contractos cumpridos.","Trabalhador rural, 1$000 a 2$000 diários com o sustento",1000,2000,daily,"um carpinteiro, 4$000 a 6$000 diários",4000,6000,daily,"12 ""J"" ao anno.",12,12,annual,"Qualidades - No geral boas; são misturadas e montanhosas, havendo também plantas e pedregosas. A vegetação é representada por algumas mamas virgens, muitas capoeiras e alguns campos. "" Preços — O hectare de terra boa custa 70$000, mais ou menos.","Preços — O hectare de terra boa custa 70$000, mais ou menos.",70000,70000,hectare,0
MG,São Manoel,"Trabalhador rural, 1$600 diários à secco e 1$000 com alimentação; administradores e escrivães de fazenda, não há; carpinteiro, 5$000 diários; cosinheira, 15$000 mensais; lavadeira, 15$000 mensais; os salários são pagos e os contratos cumpridos.","Trabalhador rural, 1$600 diários à secco e 1$000 com alimentação",1000,1600,daily,"carpinteiro, 5$000 diários",5000,,daily,"A taxa é de 6 a 12 ""¹"" anumes; 6 ""¹"" quando tomada a carteira hypothetical do Banco de Crédito Real de Minas.",6,12,annual,"Qualidades - As terras são em sua maioria boas, misturadas e montanhosas, havendo algumas planas e pedregosas. A vegetação é representada por mamas virgens, capoeiras, cerrados, carrascaes e campos. "" Preços — Um hectare de terra boa custa 40$000, aproximadamente.","Preços — Um hectare de terra boa custa 40$000, aproximadamente.",40000,40000,hectare,0
MG,S. Miguel do Jequitinhonha,"Trabalhador rural 800 réis diários com comida ou 1$500 a secco; não há administradores nem escrivães de fazenda; cozinheiro 8$000 mensões; carpinteiro 480, o diários a seco; lavadeira 48000 a 88000 mensões. Os salários são pagos e os contratos cumpridos. **TERRAS** — Qualidades — Na maioria boas. Existem algumas argilhosas e arenosas; muitas misturadas. O município é geralmente plano. A vegetação é representada por muitas muitas virgens, algumas capoeiras e campos; poucos cerrados e carrascaes. **Preços** — Um hectare de terra boa custa approximadamente 208000. **TRANSPORTE** — Para o mercado local é feito pelo productor. Em tropas cobram 258000 por carga de Urucu para S. Miguel, e 328000 de Santa Igoez para S. Miguel, nas distâncias de 36 e 98 leguas, respectivamente.",Trabalhador rural 800 réis diários com comida ou 1$500 a secco,800,1500,daily,"carpinteiro 480, o diários a seco",,,daily,A taxa communi é de 12 *J* ao anno.,12,12,annual,,,,,,
MG,S. Sebastião do Paraízo,"Trabalhador rural 1$500 a 2$000 diarios; (o colono recebe de 80$000 a 100$000 pelo tratamento de 1.000 pés de café e 500 réis por alqueire de 55 litros de café colhido); “cosinheiro, 35$000 mensões; lavadeira, 25$000; carpinteiro, 5$000 a 6$000 diarios; administrador de fazenda, até 1:500$000 anonaes; escrivão de fazenda, 100$000 mensões; são poucas as fazendas com administradores e escrivães, porque os donos aqui cuidam delas, eles mesmos, procedimento digno de aplausos. Os salários são pagos e os contratos cumpridos.",Trabalhador rural 1$500 a 2$000 diarios,1500,2000,daily,"carpinteiro, 5$000 a 6$000 diarios",5000,6000,daily,"A taxa comum é de 12% anuais, excedendo as vezes essa taxa.",12,12,annual,"Qualidades - No geral bôas, havendo muitas misturadas, algumas arenosas e poucas argilosas. Geralmente montanhosas, havendo poucas planas e pedregosas. Preços — Em S. Thomaz o hectare de terra bôa custa 200$000 e nos outros distritos de 50$000 a 100$000, havendo porém preços mais baixos.","Preços — Em S. Thomaz o hectare de terra bôa custa 200$000 e nos outros distritos de 50$000 a 100$000, havendo porém preços mais baixos.",50000,200000,hectare,0
MG,Serro Frio,"Trabalhador rural, 1$000 com comida ou 1$500,50 secco; cozinheira ou lavadeira, 5$000 mensais; carpinteiro, 5$000 diários; não não há administradores nem escrivães de fazenda. Os salários são pagos e os contratos cumpridos.","Trabalhador rural, 1$000 com comida ou 1$500,50 secco",1000,1500,,"carpinteiro, 5$000 diários",5000,,daily,A taxa commun é de doze por cento ao ano.,12,12,annual,"Qualidades - Há muitas terras bôas e regulares, sendo poucas as inferiores; há arenosas e argilosas sendo, porém, as misturadas em maior quantidade; há planas e montanhoras, quase em igual proporção; há poucas pedregosas. Há poucas matas virgens, algumas capoeiras, poucos cerrados e muito campo. - Preços — Um hectare de terra bôa regula custar 20$000.",Preços — Um hectare de terra bôa regula custar 20$000.,20000,20000,hectare,0
MG,Sete Lagões,"Trabalhador rural, 2$200 diários a secco e de 1$000 a 1$400 com comida; lavadeira ou cozinheira, 15$000 mensais; carpinteiro, 3$000 a 4$000 diários; administrador de fazenda, 100$000 a 120$000 mensais; não existem escrivães de fazenda. Os salários são pagos e os contratos cumpridos.","Trabalhador rural, 2$200 diários a secco e de 1$000 a 1$400 com comida",1000,2200,daily,"carpinteiro, 3$000 a 4$000 diários",3000,4000,daily,A taxa comum é de 12% ao ano.,12,12,annual,"Qualidades - Predominam as terras boas, havendo algumas regulares e inferiores; na maioria misturadas e planas. A vegetação é representada por capoeiras, poucas muitas virgens e cerradas e alguns carrascaes e campos. “Preços — O hectare de terra boa custa 25$000, aproximadamente.","Preços — O hectare de terra boa custa 25$000, aproximadamente.",25000,25000,hectare,0
MG,Silvianopolis,"Cozinheira, 15$000 mensas; lavadeira, 5$000 mensas; administrador de fazenda, 60$000 mensas; carpinteiro, 4$000 por dia; trabalhador rural, 1$500 diários. Os salarios são pagos e os contratos cumpridos.","trabalhador rural, 1$500 diários",1500,,daily,"carpinteiro, 4$000 por dia",4000,,daily,Um por cento ao mez.,1,1,monthly,"Qualidades - O município possui terras boas, regulares e inferiores; geralmente misturadas e montanhosas. A vegetação é representada por muitos campos e capoeiras e alguns cerrados e mattas virgens. Preços — Um hectare de terra boa custa 100$000, havendo, porém, preços bem mais baixos.","Preços — Um hectare de terra boa custa 100$000, havendo, porém, preços bem mais baixos.",100000,100000,hectare,0
MG,Theophilo Ottoni,"Trabalhador rural, 1$300 com comida ou 2$000 a secco; carpinteiro, 5$000 diários; cozinheira, 12$000 mensões; lavadeira, 12$000 mensões. Os salários são pagos e os contratos.","Trabalhador rural, 1$300 com comida ou 2$000 a secco",1300,2000,,"carpinteiro, 5$000 diários",5000,,daily,A taxa comum é de 12 por cento ao anno.,12,12,annual,"Qualidades - Na maioria boas. Há muitas argilosas e misturadas; poucas arenosas. O município é quase todo montanhoso. A vegetação é representada por muitas muitas virgens, alguns campos; poucas capoeiras, cerrados e carrascaes. Preços - Um hectare de terra custa aproximadamente 10$000.",Preços - Um hectare de terra custa aproximadamente 10$000.,10000,10000,hectare,0
MG,Tiradentes,"Trabalhador rural, 1$000 a 1$200 diários; cozinheira, 10$000 a 15$000 mensais; lavadeira, 5$000 a 6$000 mensais; carpinteiro, 3$000 diários; não há administradores nem escrivães de fazenda. Os salários são pagos e os contratos cumpridos.","Trabalhador rural, 1$000 a 1$200 diários",1000,1200,daily,"carpinteiro, 3$000 diários",3000,,daily,A taxa é de 12% ao anno.,12,12,annual,"Qualidades - Bins, regulares e inferiores. A vegetação é representada por alguns cerrados e carrascaes e por muitos campos, talvez metade do município está coberto de bons campos de criar. De muitas existe um ou outro pequeno cupão, aqui e ali, e muito raramente. “Preços—O hectare de terra de cultura custa 50$000 e de campo, 30$000.","Preços—O hectare de terra de cultura custa 50$000 e de campo, 30$000.",30000,50000,hectare,0
MG,Tres Corações do Rio Verde,"Trabalhador rural, 18500 diários; cozinheira, 158000 a 258000 mensões; lavadeira, 1580000 mensões; administrador de fazenda, 10008000 a 20008000 anonaes; não há escrivães de fazenda. Os salarios são pagos e os contraídos, cumpridos.","Trabalhador rural, 18500 diários",1500,,daily,,,,,A taxa é de 12% annualmente.,12,12,annual,"Qualidades - No município predominam as terras regulares e inferiores, havendo bôas em maior quantidade. No geral misturadas e montanhosas. A vegetação é quase toda representada por campos artificiais ou pastos; não existem matas virgens e poucas são as capoeiras, cerrados e carrascaes. Preços — O bertare de terra bôa casta 2008000, approximadamente, havendo, porém, preços bem inferiores.","Preços — O bertare de terra bôa casta 2008000, approximadamente, havendo, porém, preços bem inferiores.",200000,200000,hectare,0
MG,Tres Pontas,"Trabalhador rural, 1$500 diários a secco, ou 1$200 com comida; cozinheira, 10$000 a 15$000 mensais; lavadeira, 10$000 mensais; carpinteiro, 3$000 a 5$000 diários; administrador de fazenda 500$000 a 2000$000 annuais; escrivães de fazenda não há. Os salários são pagos e os contratos cumpridos.","Trabalhador rural, 1$500 diários a secco, ou 1$200 com comida",1200,1500,daily,"carpinteiro, 3$000 a 5$000 diários",3000,5000,daily,A taxa é de 1% ao mês.,1,1,monthly,"Qualidades - Boas e regulares, talvez em partes eguais; são misturadas e argilosas, poucas arenosas, em sua maioria montanhosas. A vegetação é representada por poucas matas virgens e algumas capoeiras, cerradas, carrascaes e campos. Preços — O hectare de terra boa custa 200$000, approximadamente, havendo preços bem mais baixos.","Preços — O hectare de terra boa custa 200$000, approximadamente, havendo preços bem mais baixos.",200000,200000,hectare,0
MG,Turvo,,,1500,,,,,,,A taxa é de 12% ao ano.,12,12,annual,"Qualidades - As terras são toias, regulares e inferiores, talvez em proporções approximadas; em sua maioria arenosas e planas; havendo algumas montanhosas. Há muitos campos e capoeiras, poucas matas virgens e carrascaes. "" Preços — Um hectare de terra toia custa 40$000 mais ou menos.",Preços — Um hectare de terra toia custa 40$000 mais ou menos.,40000,40000,hectare,0
MG,Ubá,"Trabalhador rural, 1500 a séco e 15000 com comida; administrador de fazenda, 100000 a 150000 mensais; escrivães de fazenda, não ha; carpinteiro, 4000 a 5000 diarios; cozinheiro, 300000 mensais; cozinheira, 15000; lavadeira, 100000 a 150000 mensais. Os salarios são geralmente pagos e os contractos cumpridos pelos agricultores, porém, nem sempre o são pelos empreiteiros.","Trabalhador rural, 1500 a séco e 15000 com comida",1000,1500,,"carpinteiro, 4000 a 5000 diarios",4000,5000,daily,A taxa usual é de 12% ao ano.,12,12,annual,"Qualidades - Quasi todas boas havendo poucas regulares e inferiores, no geral arenosas e montanhosas. A vegetação é representada por poucas mattas virgens, capoeiras, sendo mais de metade, talvez, da área do município ocupada por lavouras de café, canna, fumo, cereais e pastos. Preços — Um hectare de terra boa custa 75000 a 80000, approximadamente.","Preços — Um hectare de terra boa custa 75000 a 80000, approximadamente.",7000,7000,hectare,0
MG,Uberaba,"Trabalhador rural, 2$000 diários; não há administradores nem escrivães de fazenda; as fazendas são administradas pelos seus proprietários. Um carpinteiro ganha 6$000 diários; cosinheira, 30$000 mensais; lavadeira, 20$000 mensais. Os salários são pagos e os contratos cumpridos. Trabalhador rural, 25000 diarios; carpinteiro, 65000 diarios a secco; cozinheira, 305000 mensas; lavadeira, 205000 mensas. As fazendas são administradas pelos proprietarios que tambem têm a seu cargo a escripta; é digno de louver este costume. Os salarios são pagos e os contractos cumpridos.","Trabalhador rural, 2$000 diários",2000,,daily,Um carpinteiro ganha 6$000 diários,6000,,daily,Geralmente a taxa é de seis por cento ao ano. A taxa empregada é de 12% ao ano.,6,12,annual,"Qualidades - Na maioria boas misturadas e planas. A vegetação é representada por muitas virgens, capoeiras, cerrados e muitos campos. - Preços — Um hectare de terra boa custa aproximadamente 30$000. Qualidades - Em sua maioria bóas e arenosas, havendo tambem muitas misturadas. No geral são planas, havendo algumas montanhosas e poucas pedregosas; a vegetação é representada por muitos campos, algumas capoeiras e poucas mattas virgens e cerrados. Preços — Um hectare de terra boa custa 255000, approximadamente.",Preços — Um hectare de terra boa custa aproximadamente 30$000.,30000,30000,hectare,0
MG,Uberabinha,"Trabalhador rural, 25000 diarios; carpinteiro, 65000 diarios a secco; cozinheira, 305000 mensas; lavadeira, 205000 mensas. As fazendas são administradas pelos proprietarios que tambem têm a seu cargo a escripta; é digno de louver este costume. Os salarios são pagos e os contractos cumpridos.",,2000,,,"carpinteiro, 65000 diarios a secco",65000,,daily,A taxa empregada é de 12% ao ano.,12,12,annual,"Qualidades - Em sua maioria bóas e arenosas, havendo tambem muitas misturadas. No geral são planas, havendo algumas montanhosas e poucas pedregosas; a vegetação é representada por muitos campos, algumas capoeiras e poucas mattas virgens e cerrados. Preços — Um hectare de terra boa custa 255000, approximadamente.","Preços — Um hectare de terra boa custa 255000, approximadamente.",25000,25000,hectare,0
MG,Varginha,"Trabalhador rural 28000 diários a secco ou 18500 com comida; cozinheira, de 158000 a 308000 mensões; lavadeira, 108000 a 208000 mensões; carpinteiro, de 38000 a 58000 diários; administrador de fazenda, 2.0008000 annuões; não há escrivães de fazenda. Os salários são pagos e os contratos cumpridos. Trabalhador rural, 1$000 diários, com comida; administradores e escrivães de fazenda, não ha; as fazendas são administradas pelos seus proprietários, o que é digno de louvor; carpinteiro, 2$000 a 5$000 diários; cozinheira, 10$000 a 20$000 mensais; lavadeira, 8$000 mensais ou 140 réis por peça. Os salários são pagos, mas os contratos nem sempre cumprido.",Trabalhador rural 28000 diários a secco ou 18500 com comida,1500,2000,daily,"carpinteiro, de 38000 a 58000 diários",3000,5000,daily,"A taxa é de 12 por cento ao ano, capitalizados semestralmente. Taxa de 12 *in* annuaes.",12,12,annual,"Qualidades - As terras do município são na maioria boas, havendo algumas argilosas e arenosas, no geral são misturadas e montanhosas. A vegetação é representada por algumas matas virgeos e cerrados e por muitos campos e capoeiras. Preços — O hectare de terra boa custa de 2008000 a 4008000. Em sua maioria boas, argilhas e accidentadas; havendo poucas arenosas; misturada e pedregosas, no geral. A vegetação é representada por muitas capoeiras, cerrados, campos e vastos samambaias, occupando em boa parte, o lugar das antigas mattas, das quais nada mais existe. “ Preços — Um hectare de terra boa custa 40$000, approximadamente.","Preços — O hectare de terra boa custa de 2008000 a 4008000. Em sua maioria boas, argilhas e accidentadas; havendo poucas arenosas; misturada e pedregosas, no geral. A vegetação é representada por muitas capoeiras, cerrados, campos e vastos samambaias, occupando em boa parte, o lugar das antigas mattas, das quais nada mais existe. “ Preços — Um hectare de terra boa custa 40$000, approximadamente.",40000,400000,hectare,0
MG,Viçosa,"Trabalhador rural, 1$000 diários, com comida; administradores e escrivães de fazenda, não ha; as fazendas são administradas pelos seus proprietários, o que é digno de louvor; carpinteiro, 2$000 a 5$000 diários; cozinheira, 10$000 a 20$000 mensais; lavadeira, 8$000 mensais ou 140 réis por peça. Os salários são pagos, mas os contratos nem sempre cumprido.",,1000,,,"carpinteiro, 2$000 a 5$000 diários",2000,5000,daily,Taxa de 12 *in* annuaes.,12,12,annual,"Em sua maioria boas, argilhas e accidentadas; havendo poucas arenosas; misturada e pedregosas, no geral. A vegetação é representada por muitas capoeiras, cerrados, campos e vastos samambaias, occupando em boa parte, o lugar das antigas mattas, das quais nada mais existe. “ Preços — Um hectare de terra boa custa 40$000, approximadamente.","Preços — Um hectare de terra boa custa 40$000, approximadamente.",40000,40000,hectare,0
MG,Villa Braz,"Trabalhador rural, 1$500 diários com alimento; administrador de fazenda, 800$000 a 2.000$000 anuáes; não há escrivão de fazenda; carpinteiro, 48000 diários; cozinheira, 158000 mensajes; lavadeira, 108000 mensajes. Os salários são pagos e os contratos cumpridos. **TERRAS** — Qualidades — No geral boas, sendo em menor porção regulares e inferiores; mais misturadas do que argilhosas e arenosas; mais montanhosas do que planas. A vegetação é representada por algumas mattas virgens, muitas capoeiras e campos, e alguns cerrados. **Preços** — O preço médio das terras boas é de 2008000 por hectare, havendo, porém, preços baixos. **TRANSPORTES** — Muito variável.","Trabalhador rural, 1$500 diários com alimento",1500,,daily,"carpinteiro, 48000 diários",4000,,daily,A taxa usual é de 10 % anuáes.,10,10,annual,,,,,,
MG,Villa Brasilia,"Trabalhador rural, 500 a 600 réis diários, com alimentação; cozinheira ou lavadeira, 48000 mensões; carpinteiro, 28500 diários; não há administradores nem escrivães de fazenda. Os salários são pagos e os contratos cumpridos.","Trabalhador rural, 500 a 600 réis diários, com alimentação",500,600,daily,"carpinteiro, 28500 diários",2500,,daily,A taxa é de 2 *J* ao mez.,2,2,monthly,"As terras do município podem ser approximadamente assim classificadas: bôas a maior parte; argilosas, arenosas e misturadas em partes mais ou menos iguais; montanhosas, no geral; são raros os terrenos pedregosos e pantanosos. A vegetação é representada por mattas virgens, capoeiras, cerradas e campos. Preços — É muito variável o custo das terras.",Preços — É muito variável o custo das terras.,,,,
MG,Villa Nepomuceno,"Trabalhador rural, 1$500 por dia; empregados domésticos, de 2$500 a 10$000 mensais; carpinteiro, 5$000 diários; não há administradores nem escrivães de fazendas. Os salários são pagos e os contratos cumpridos.","Trabalhador rural, 1$500 por dia",1500,,daily,"carpinteiro, 5$000 diários",5000,,daily,A taxa é de 12 por cento ao ano.,12,12,annual,"Qualidades - Na maioria boas e regulares; geralmente misturadas. Existem poucas mattas, muitas capoeiras, cerrados e campos. Preços - O hectare de terra hóa custa de 125$000 a 150$000, porém, há preços bem inferiores.","Preços - O hectare de terra hóa custa de 125$000 a 150$000, porém, há preços bem inferiores.",125000,150000,hectare,0
MG,Villa Rezende Costa,"Trabalhador rural, 1$000 a 1$500 por dia; cozinheira, de 10$000 a 12$000 mensais; lavadeira, 7$000 mensais; carpinteiro, de 3$000 a 4$000 diários. Não há administradores nem escrivães de fazenda. Os salários são pagos e os contratos cumpridos.","Trabalhador rural, 1$000 a 1$500 por dia",1000,1500,daily,"carpinteiro, de 3$000 a 4$000 diários",3000,4000,daily,A taxa é de oito a nove por cento ao ano.,8,9,annual,"Qualidades - A maior parte, bôas; e parte menor, inferiores; ora arenosas, ora argilosas; em sua maioria planas, havendo muitas pedregosas e pantanosas. A vegetação é representada por muitos campos e capoeiras e por algumas mattas virgens, cerrados e carrascaes. Preços - O hectare de terra de cultura custa 50$000; de campo, 25$000.","Preços - O hectare de terra de cultura custa 50$000; de campo, 25$000.",25000,50000,hectare,0
MG,Villa de Cambuquira,"Trabalhador rural, 2$000 diarios a secco e 1$200 com comida; cozinheiro, 100$000 mensais; cozinheira, 30$000 mensais; lavadeira, 15$000 a 20$000 mensais ou 1$000 por duzia de peças; carpinteiro, de 5$000 a 6$000 diarios; não ha administradores nem escrivães de fazenda. Os salarios são pagos e os contractos cumpridos.","Trabalhador rural, 2$000 diarios a secco e 1$200 com comida",1200,2000,daily,"carpinteiro, de 5$000 a 6$000 diarios",5000,6000,daily,A taxa commun é de 12% ao anno.,12,12,annual,"Qualidades - As terras do município são ora bôas, ora regulares, ora inferiores, em sua maioria misturadas e montanhosas. A vegetação é representada por poucas mattas virgens, cerrados e carcarrascaes e por muitas capoeiras e campos. Preços — O hectare de terra bôa custa 200$000, approximadamente, havendo preços mais baixos.","Preços — O hectare de terra bôa custa 200$000, approximadamente, havendo preços mais baixos.",200000,200000,hectare,0
MG,Villa Gomes,"Trabalhador rural, de 1$500 a 2$000 por dia; cozinheira, 15$000 mensais; lavadeira, 10$000 mensais; carpinteiro, 5$000 diários; administradores de fazenda, 800$000 a 2000$000 amizades; não há escrivães de fazenda. Os salários são pagos e os contratos cumpridos.","Trabalhador rural, de 1$500 a 2$000 por dia",1500,2000,daily,"carpinteiro, 5$000 diários",5000,,daily,Geralmente 12 por cento ao ano.,12,12,annual,"Qualidades - São na maioria bôas e regulares; misturadas e montanhosas, existindo, também, terras inferiores, e pedregosas. A vegetação é representada por muitos campos, capoeiras e alguns cerrados; não existem mattas. "" Preços — O hectare de terra bôa custa, na média, 300$000, mas há preços muito e muito mais inferiores. w. 67","Preços — O hectare de terra bôa custa, na média, 300$000, mas há preços muito e muito mais inferiores. w. 67",300000,300000,hectare,0
MG,Villa Nova de Lima,"Trabalhador rural, 1$200 diários com comida ou 2$500 diários a secco; administrador de fazenda, de 80$000 a 120$000 mensais; escrivães de fazenda não há; carpinteiro, de 4$500 a 5$000 diários; cozinheiro, de 30$000 a 50$000 mensais, na sede do município, fora da sede, de 10$000 a 15$000 mensais; lavadeira, de 15$000 a 20$000 mensais, na sede, e 10$000 mensais, fora da sede. Os salários são pagos e os contratos cumpridos.","Trabalhador rural, 1$200 diários com comida ou 2$500 diários a secco",1200,2500,daily,"carpinteiro, de 4$500 a 5$000 diários",4500,5000,daily,Os agricultores não fazem empréstimos.,,,,"Qualidades - Em sua maioria inferiores, misturadas e montanhosas. A vegetação é representada na maior parte por grandes campos e carrascaes, existindo pequena quantidade de mattas virgens, algumas capoeiras e cerrados. "" Preços — Um hectare de terra boa para cultura custa 100$000, sendo de campo custa 10$000 a 15$000, approximadamente.","Preços — Um hectare de terra boa para cultura custa 100$000, sendo de campo custa 10$000 a 15$000, approximadamente.",10000,100000,hectare,0
MG,Villa Nova de Resende,"Trabalhador rural, 1$000 a 1$500 por dia; cozineiro, 15$000 mensais; lavadeira, 8$000 mensais; não há administradores, nem escrivães de fazenda; as fazendas são administradas pelos próprios donos, o que é digno de louvor; carpinteiro, 4$000 a 5$000 por dia. Os salários são pagos e os contratos cumpridos.","Trabalhador rural, 1$000 a 1$500 por dia",1000,1500,daily,"carpinteiro, 4$000 a 5$000 por dia",4000,5000,daily,A taxa é de 12% ao ano.,12,12,annual,"Qualidades - As terras do município são em parte regulares, em parte inferiores; poucas são bôas; geralmente misturadas, montanhosas e pedregosas. A vegetação é representada por poucas matas virgens, capoeiras, cerrados e muitos campos. TERRA — Preços — O alqueire de 75 por 75 braças de terra boa custa de 40$000 a 100$000, mais ou menos.","Preços — O alqueire de 75 por 75 braças de terra boa custa de 40$000 a 100$000, mais ou menos.",40000,100000,alqueire;braca,1
MG,Villa Silvestre Ferraz,"Trabalhador rural, 1$200 a 1$500 diários, com comida; cozinheira, 10$000 a 15$000; as lavadeiras cobram 500 réis por duzia de peças; carpinteiro, 5$000 diários; não ha administradores nem escrivães de fazenda. Os salários são pagos e os contratos cumpridos.","Trabalhador rural, 1$200 a 1$500 diários, com comida",1200,1500,daily,"carpinteiro, 5$000 diários",5000,,daily,A taxa é de 7 a 8% ao anno.,7,8,annual,"Qualidades - Na maioria boas, misturadas e accidentadas. Existem muitos terrenos pedregosos. A vegetação é representada por mattas-virgens, capoeiras, cerrados, carrascaes e campos. “ Preços — O hectare de terra boa custa 100$000, havendo preços bem mais inferiores.","Preços — O hectare de terra boa custa 100$000, havendo preços bem mais inferiores.",100000,100000,hectare,0
MG,Villa Platina,"Trabalhador rural, 2$000 diarios; lavadeira, 20$000 mensaes; cozinheiro, 30$000 mensaes; carpinteiros, 6$000 diarios. Não ha administradores nem escrivães de fazendas. Os salarios são pagos e os contractos cumpridos.",,2000,,,"carpinteiros, 6$000 diarios",6000,,daily,A taxa é de 1 ª ao mez.,1,1,monthly,"Qualidades - Na maioria inferiores, tendo algumas bôas e poucas regulares. Geralmente misturadas e planas. A vegetação é na maioria representada por campos, havendo capoeiras e cerrados, poucas mattas e raros carrascaes. Preços — Um hectare de terra bôa custa 25$000.",Preços — Um hectare de terra bôa custa 25$000.,25000,25000,hectare,0
MG,Virginia,"Cozinheira, 20$000 mensais; lavadeira, 10$000 mensais; carpinteiro, 5$000 diários; trabalhador rural, 1$000 diários com co mida e 1$600 sem comida. Não há administradores nem escrivães de fazenda. Os salarios são pagos e os contratos cumpridos. Trabalhador rural, 500 réis a 1$000 diários; não há administradores, nem escrivães de fazenda; cozinheiro, 5$000 mensais; lavadeira é paga por peça; carpinteiro, 2$000 diários. Os salários são pagos e os contratos cumpridos. Trabalhador rural, 1$000 com comida; não há administradores nem escrivães de fazenda; cozinheira, 10$000 mensais; lavadeiras, 6$000 mensais; carpinteiros, 5$000 diários, a secco. Os salários são pagos. Um trabalhador rural, 600 réis, com comida; não há administradores, nem escrivães de fazenda; lavadeira, 6$000 mensais; cozinheira, 6$000 mensais; carpinteiro, 4$000 a 5$000 diários. Os salários são pagos e os contratos cumpridos. Trabalhador rural, 600 réis ou 1$000 com comida; não há administradores, nem escrivães de fazendas; cozinheira, ganha 5$000 mensais; lavadeira, 3$000. Os salários são pagos e os contratos cumpridos. Trabalhador rural, 600 réis com comida e 1$000 a secco; carpinteiro, 5$000 diários; cozinheiro, 8$000 mensões; lavadeira, 8$000 mensões; não há administradores, nem escrivães de fazenda. Os salários são pagos e os contratos compridos. Trabalhador rural ganha 2$500 diários; não há administradores, nem escrivães de fazenda; carpinteiro, 7$000 diários; lavadeira, 20$000 mensais; cozinheiro, 30$000 mensais. Os salários são pagos e os contratos cumpridos. Trabalhador rural, 1$000 diários; cozinheira, 15$000 mensais; lavadeira, 5$000 mensais; carpinteiro, 4$000 diários; administradores e escrivães de fazenda, não há. Os salários são pagos e os contratos cumpridos. Trabalhador rural ganha 2$000 diários; cozinheiro, 30$000 mensais; lavadeira, 20$000 mensais; carpinteiro, 7$000 diários. Não ha administradores, nem escrivães de fazenda. Os salários são pagos e os contratos cumpridos. Trabalhador rural, 500 réis, com comida, e 1$000 a secco, diários; não há administradores nem escrivães de fazenda; lavadeira, 100 réis por peça; cozinheiro, 6$000 mensais; carpinteiro, 2$000 diários. Os salários são pagos e os contratos cumpridos. Trabalhador rural, 600 réis com comida; não há administradores nem escrivães de fazenda; lavadeira, 6$000 mensais; cozinheira, 6$000 mensais; carpinteiro, 1$500 a 2$000 diários. Os salários são pagos e os contratos cumpridos. Trabalhador rural, 2$000 diarios; lavadeira, 20$000 mensaes; cozinheiro, 30$000 mensaes; carpinteiros, 6$000 diarios. Não ha administradores nem escrivães de fazendas. Os salarios são pagos e os contractos cumpridos.","trabalhador rural, 1$000 diários com co mida e 1$600 sem comida",1000,1600,daily,"carpinteiro, 5$000 diários",5000,,daily,A taxa usual é de 10 por cento ao ano. A taxa é de 1 *1/2 ao mez. A taxa é de 1 *J* ao mez. Não são comummente os empréstimos. A taxa é de 1% ao mez. A taxa é de 1% ao mez. A taxa é de um por cento ao mez. A taxa comum é de 12% ao ano. A taxa é de um e meio ao mez. A taxa é de 1% ao mez. A taxa é de 2% ao mez. A taxa é de 1 ª ao mez.,1,10,monthly;annual,"Qualidades - A maior parte boas, havendo algumas regulares e inferiores; geralmente são argilhosas, existindo poucas arenosas e misturadas. O município é bastante montanhoso, havendo poucos terrenos planos e pedregosos, não possuindo terrenos pantanosos. Poucas matas virgens, muitas cafoeiras e alguns campos. Não há cerrados nem carrascaes. Preços — Um alqueire de terra boa custa 200$000 mais ou menos, havendo, porém, preços bem inferiores. Qualidades - Na maioria bôas, havendo algumas regulares e inferiores; são quase todas planas. A vegetação é representada na maioria por capueiras, havendo muitos campos, alguns cerrados e carrascaes e muito poucas matas virgens. “Preços — Um hectare de terra bôa custa 1$000, mais ou menos. Qualidades - Na maioria bôas, havendo bastante regulares e poucas inferiores; geralmente misturadas, algumas arenosas. A vegetação é representada na maioria, por campos, havendo muitas matas virgens e algumas capoeiras, sendo pequeno o número de cerrados e carrascaes. "" Preços — Um alqueire de terra boa custa geralmente 50$000 e mais. Qualidades - Há grande quantidade de terras inferiores e bastante bôas; são na maioria arenosas e planas. A vegetação é representada por muitos campos, algumas muitas virgens e capoeiras, sendo pequena a quantidade de carrascaes e cerrados. "" Preços — Os preços variam muito conforme o local, mas em média são de 40$000 por alqueire de planta de milho. Qualidades - Na maioria inferiores, tem bastante boas e algumas regulares; quase todas planas e arenosas. Há muitos cerrados e capoeiras e campos; as matas são muito raras. "" Preços — Um hectare de terra boa custa 25$000, mais ou menos. Qualidades - Na maioria bôas, havendo algumas inferiores; no geral misturadas e poucas argilosas; geralmente planas, sendo algumas montanhasas. A vegetação é representada por muitas capoeiras e campos e alguns cerrados e carrascaes e mamas virgens. Preços — Um alqueire de terra boa custa 40$000, mais ou menos. Qualidades - No geral bôas, havendo mais inferiores do que regulares; na maioria planas. A vegetação é representada por muitos campos, alguns cerrados, carrascaes, e poucas muitas virgens. - Preços — Um hectare de terra bôa custa 25$000. Qualidades - Na maioria boas, havendo algumas regulares e poucas inferiores. No geral misturadas, havendo porém, grande parte arenosas e argilhosas. Há poucas planas e muitas montanhosas, pedregosas e secas. A vegetação é representada por muitas virgens, capoeiras, cerrados, carrascaes e campos. Preços - O hectare de terra boa custa 100$000. Qualidades - Na maioria inferiores, havendo algumas bôas e poucas regulares; no geral misturadas, algumas arenosas e argilosas. Na maioria planas. Predominam os campos e cerrados, sendo raras as matas virgens. "" Preços — Um hectare de terra bôa custa 20$000, mais ou menos. Qualidades - Há muitas inferiores, algumas bôas e poucas regulares, egualmente argilhosas e misturadas; na maioria planas. A vegetação é representada por muitos campos, algumas capoeiras e carrascaes e poucas muitas virgens. “Preços — Baixos, porém muito variáveis. Qualidades - Na maior parte inferiores, havendo bôas e regulares; no geral misturadas, poucos argilosas, na maioria planas. A vegetação é representada por muitos campos, algumas capoeiras, poucas matas virgens, sendo raros os carrascaes e cerrados. "" Preços — Um hectare de terra bôa custa 50$000 mais ou menos, havendo preços mais baixos. Qualidades - Na maioria inferiores, tendo algumas bôas e poucas regulares. Geralmente misturadas e planas. A vegetação é na maioria representada por campos, havendo capoeiras e cerrados, poucas mattas e raros carrascaes. Preços — Um hectare de terra bôa custa 25$000.","Preços — Um alqueire de terra boa custa 200$000 mais ou menos, havendo, porém, preços bem inferiores.",200000,200000,alqueire,1
MT,Aquidauana,"Trabalhador rural, 5$ a 8$, diarios; carpinteiros, 5$ a 13$000, diarios; cosinheiro, 150$, mensaes; lavadeira, 12$, semanas; administrador de fazenda, 400$ a 1:000$000; não ha escrivães de fazenda. Os salarios são pagos regularmente.","Trabalhador rural, 5$ a 8$, diarios",5000,8000,daily,"carpinteiros, 5$ a 13$000, diarios",5000,13000,daily,Communs.,,,,"Qualidades - Ha bôas e regulares e algumas inferiores; são argilosas às margens dos rios; misturadas em alguns pontos e arenosas no valle da serra Maracajú; são planas no geral e montanhosas na serra do Maracajú. Há trechos secos. São pedregosas em Taunay e Aquidauana e pantanosas nos campos. A vegetação é representada por campos e mattas virgens, alguns cerrados e poucos carrascaes. Preços - Pagam ao Estado 2$000 por hectare.",Preços - Pagam ao Estado 2$000 por hectare.,2000,2000,hectare,0
MT,Bella Vista,"Trabalhador rural, 4000 a 8000 diarios; carpinteiro, 9000 a 15000 diarios; cozinheiro não ha; lavadeira, 12000 a 15000 semanas; administrador de fazenda de criar 50000 a 1.000000 mensajes; não ha escrivães de fazenda. Os salários são pagos; não ha contratos.","Trabalhador rural, 4000 a 8000 diarios",4000,8000,daily,"carpinteiro, 9000 a 15000 diarios",9000,15000,daily,Não ha prestamistas.,,,,"Qualidades - Bôas e inferiores; arenosas e misturadas na maior parte; poucas argilosas. No geral planas. A vegetação é representada por muitas mattas virgens, cerrados, campos e poucas capoeiras. "" Preços — Um hectare de terra vendido pelo governo custa 2000.",Preços — Um hectare de terra vendido pelo governo custa 2000.,,,hectare,
MT,Campo Grande,"Trabalhador rural, 5$000 a 9$000 diarios; cozinheiro, 200$000 mensais; lavadeira, 100$000 mensais; carpinteiro, 8$000 a 15$000 diarios; administrador de fazenda de 500$000 a 1:000$000; não ha escrivães de fazenda.","Trabalhador rural, 5$000 a 9$000 diarios",5000,9000,daily,"carpinteiro, 8$000 a 15$000 diarios",8000,15000,daily,,,,,"Qualidades - São mais as bôas que as regulares, e poucas as inferiores; no geral arenosas e montanhosas. A vegetação é representada por muitas matas virgens e campos e algumas capoeiras e cerrados. ” Preços — É muito variável o preço; o governo vende a 2$000 o hectare.",Preços — É muito variável o preço; o governo vende a 2$000 o hectare.,2000,2000,hectare,0
MT,Corumbá,"Trabalhador rural, 35000 diários; administrador de fazenda, 4005000 a 1.0005000, mensais; carpinteiro, 125000, diários; cosinheiro, 2005000, mensais; lavadeira, 605000, mensais. Os salários são pagos e os contractos cumpridos.","Trabalhador rural, 35000 diários",3000,,daily,"carpinteiro, 125000, diários",125000,,daily,"Não ha empréstimos. MADEIRAS de leir — Jarana, jatobá, pão ferro, etc.",,,,"Qualidades - As terras são em geral inferiores e regulares, havendo porém bôas e regulares. São argilosas nas margens dos rios e nos pantanos, havendo poucas misturadas. O município ora é plano, ora montanhoso. A vegetação é representada por poucas matas virgens, alguns cerrados e carrascaes e muitos campos. Preços — Um hectare de terra vendido pelo Governo do Estado, custa custa 25000.","Preços — Um hectare de terra vendido pelo Governo do Estado, custa custa 25000.",2000,2000,hectare,0
MT,Coxim,,,2000,,,,,,,Não há prestamistas; pagam juros convencionais.,,,,"Qualidades - Há terras bôas e regulares e algumas inferiores, são muitas as arenosas e poucas argilosas e misturadas, ora montanhosas, ora planas. A vegetação é representada por matas capoeiras, cerrados e campos. "" Preços — O hectare de terra bôa custa 2$000 a 4$000.",Preços — O hectare de terra bôa custa 2$000 a 4$000.,2000,4000,hectare,0
MT,Cuyabá,"Trabalhador rural, 1$500 a 3$000 diarios; carpinteiro, 8$000 a 10$000 diarios; cozinheiro, 30$000 a 45$000 mensas; lavadeira, cobra 800 réis por duzia; administradores e escrivães de fazenda não ha. Os salarios são pagos e os contractos cumpridos.","Trabalhador rural, 1$500 a 3$000 diarios",1500,3000,daily,"carpinteiro, 8$000 a 10$000 diarios",8000,10000,daily,Não ha prestamistas.,,,,"Qualidades - Na sua maioria bôas, havendo algumas regulares e poucas inferiores; no geral misturadas, havendo algumas arenosas e argillosas. Ha muitas montanhosas e poucas planas. A vegetação é representada por mattas virgens, campos, cerrados e capoeiras. Não ha carrascaes. ” Preços — O Estado vende o hectare de terra a 800 réis.",Preços — O Estado vende o hectare de terra a 800 réis.,800,800,hectare,0
MT,Diamantino,"Trabalhador rural, 45000 diarios; carpinteiro, 105000 diarios; cozinheira, 605000 mensas; lavadeira, 15500 por duzia de peças; administrador de fazenda, 105000 diarios; escrivães de fazenda, não ha. Os salarios são pagos e os contractos cumpridos.","Trabalhador rural, 45000 diarios",4000,,daily,"carpinteiro, 105000 diarios",105000,,daily,A taxa de 1 % ao mez.,1,1,monthly,"Qualidades - Em sua maioria bôas, havendo poucas regulares e inferiores; são ora argilhosas, ora arenosas e misturadas; no geral montanhosas e seccas; há poucas pedregosas e pantanosas. A vegetação é representada por mattas virgens, cerrados, carrascaes e campos. "" Preços — Cobram 15000 por metro.",Preços — Cobram 15000 por metro.,1000,1000,metro,1
MT,Livramento,"Trabalhador rural, 1$500 diarios; não ha administradores nem escrivães de fazenda; carpinteiro, 6$000 a 8$000 diarios; cozinheiro, 20$000 a 25$000 mensaes; lavadeira ganha por duzia, a razão de 400 réis cada uma. Os salarios são pagos e os contractos cumpridos.","Trabalhador rural, 1$500 diarios",1500,,daily,"carpinteiro, 6$000 a 8$000 diarios",6000,8000,daily,A taxa comum é de 12% ao anno.,12,12,annual,"Qualidades - São boas na maior parte; há mais argilosas que arenosas e algumas misturadas; mais planas que montanhosas. Há terras pedregosas, seccas e pantanosas. A vegetação é representada por algumas mattas, carrascaes e campos. ” Preços — Muito variável.",Preços — Muito variável.,,,,
MT,Matto Grosso,"Trabalhador rural, 6$000 a 8$000 diários; carpinteiro, 300$000 mensais; cozinheiro e lavadeira, 100$000 mensais; administrador de fazenda, 300$000 mensais; escrivão de fazenda, não há. Os salários são pagos e os contratos cumpridos.","Trabalhador rural, 6$000 a 8$000 diários",6000,8000,daily,"carpinteiro, 300$000 mensais",300000,,monthly,Não há prestamistas.,,,,"Qualidades - Na sua maioria bôas; argilosas, arenosas e planas; há muitas secças e pantanosas e algumas pedregosas à margem do Guaporé. A sua vegetação é representada por muitas mattas e campos. “ Preços — O Estado cobra 2$000 pelo hectare.",Preços — O Estado cobra 2$000 pelo hectare.,2000,2000,hectare,0
MT,Miranda,"Trabalhador rural, 58000 a 98000, diários; administrador de fazenda não ha, nem escrivães de fazenda; carpinteiro, 88000 a 158000 diários; lavadeira, 128000 semanais; não ha cozinheiro. Os salários são pagos e os contratos cumpridos.","Trabalhador rural, 58000 a 98000, diários",5000,9000,daily,"carpinteiro, 88000 a 158000 diários",8000,15000,daily,Não ha prestamistas.,,,,"Qualidades - As terras são em grande parte inferiores; havendo algumas bôas e poucas regulares. São argilhosas nos pantanos; arenosas entre Bodoquena e Taunay (Estrada de Ferro Noroeste), em geral pouco misturadas. O município é todo plano. A vegetação é representada por algumas matas virgens, campos e cerrados e poucas capoeiras. Preços — O hectare de terra vendido pelo governo custa 28000.",Preços — O hectare de terra vendido pelo governo custa 28000.,2000,2000,hectare,0
MT,Nioac,"Trabalhador rural, 5$000 a 8$000 diarios; carpinteiro, 8$000 a 15$000 diarios; lavadeira, 15$000 semanas; cozinheiro, não ha; administrador de fazenda de criar 400$000 a 1:000$000 mensajes; não ha escrivão de fazenda. Os salários são pagos; não ha contractors.","Trabalhador rural, 5$000 a 8$000 diarios",5000,8000,daily,"carpinteiro, 8$000 a 15$000 diarios",8000,15000,daily,Não ha prestamistas.,,,,"Qualidades - Ha bôas, regulares e inferiores; ha poucas arenosas; são argilosas principalmente nas margens dos rios; no geral planas; ha muitas pantanosas. A vegetação é representada por poucas mattas e capoeiras, muitos cerrados e campos. "" Preços — O Estado cobra 2$000 por hectare de terra bôa.",Preços — O Estado cobra 2$000 por hectare de terra bôa.,2000,2000,hectare,0
MT,Poconé,"Trabalhador rural, 30$ a 40$ mensaes; carpinteiro, 5$ a 10$ diarios; cosinheiro, 40$ mensaes; lavadeira, 30$ mensaes; administrador de fazenda de criar 150$000 mensaes; não ha escrivães de fazenda. Os salarios são pagos e os contractos cumpridos.","Trabalhador rural, 30$ a 40$ mensaes",1200,1600,,"carpinteiro, 5$ a 10$ diarios",5000,10000,daily,Não ha prestamistas.,,,,"qualidades - O município tem duas regiões distinctas; a do “pantanal” compreendida pela zona entre os rios Paraguay, São Lourenço e Cuyabá, que determinam os limites da parte sul e oeste do município, e a dos “terrenos de mattas altas” onde ha agricultura, e que abrange o restante do município. As terras da região do pantanal são bôas, no geral misturadas, planas e pantanosas; a vegetação é representada por estreitas mattas e capoeiras e imensos campos. A região das “mattas altas” tem talvez metade de sua área em terras boas, e outra metade em inferiores, no geral são misturadas, onduladas, pedregosas e secas nas cha- padas e chapadões; há muito poucas terras pantanosas. A vegetação é representada por muitas mattas, capoeiras, cerrados, campos e carrascaes. preço - Um hectare de terra boa, 1$000.","preço - Um hectare de terra boa, 1$000.",1000,1000,hectare,0
MT,Ponta - Poran,"Trabalhador rural 3$000 diarios; administrador de fazenda 200$comensaes; escrivão de fazenda, 150$000 mensas; carpinteiro, 8$000 diarios; cosinheiro, 150$000 mensas; lavadeiras cobram por peça a razão de 1$200 a duzia. Os salarios são pagos e os contractos geralmente cumpridos.",Trabalhador rural 3$000 diarios,3000,,daily,"carpinteiro, 8$000 diarios",8000,,daily,Não ha prestamistas.,,,,"São geralmente bôas e regulares, sendo em quase sua totalidade argilhosas ou misturadas e planas; havendo poucas pantanosas. A vegetação é representada por mattas, capoeiras cerradas e campos. Preços - Um hectare de terra boa custa de 2$500 a 6$000.",Preços - Um hectare de terra boa custa de 2$500 a 6$000.,2500,6000,hectare,0
MT,Porto Murtinho,"Trabalhador rural, 150$000 a 200$000 mensões; administrador de fazenda, 400$000 a 1:000$000; não ha escrivães de fazenda; carpinteiro, 8$000 a 12$000 diarios; cosinheiros, não ha; lavadeira, 10$000 a 15$000, semanaes. Os salarios são pagos e os contractos cumpridos.","Trabalhador rural, 150$000 a 200$000 mensões",5000,7000,,"carpinteiro, 8$000 a 12$000 diarios",8000,12000,daily,Não ha taxa fixa.,,,,"qualidades - Na maioria inferiores, havendo contudo algumas bôas e regulares. São argillozas, misturadas e arenosas. O município é todo plano, existindo muitas terras pantanosas, algumas pedregosas e seccas. A vegetação é representada por algumas mattas, poucas capoeiras, muitos cerrados e campos. Preços — Um hectare de terra vendido pelo governo custa 2$000.",Preços — Um hectare de terra vendido pelo governo custa 2$000.,2000,2000,hectare,0
MT,Sant'Anna do Paranahyba,"Trabalhador rural, 3$000 a 8$000 diários; administrador de fazenda, 300$000 a 400$000 mensais; escrivão de fazenda, 200$000 a 300$000 mensais; carpinteiro, 10$000 a 12$000 diários; cosinheiro, 100$000 mensais; lavadeira cobra por peça a razão de 1$500 a dúzia. Os salários são pagos e os contratos geralmente cumpridos.","Trabalhador rural, 3$000 a 8$000 diários",3000,8000,daily,"carpinteiro, 10$000 a 12$000 diários",10000,12000,daily,Não há taxa fixa.,,,,"qualidades - O município possui terras bôas, regulares e inferiores; e sendo ora argilosas, ora arenosas, e misturadas; a maioria montanhosas e pedregosas, poucas seccas e pantanosas nas cabeceiras dos rios. A vegetação é representada por mattas, capoeiras, cerrados, carrascaes e campos. "" Preços — O hectare de terra bôa, de particular, custa 3$000; devoluta 1$500.","Preços — O hectare de terra bôa, de particular, custa 3$000; devoluta 1$500.",1500,3000,hectare,0
MT,Santo Antonio do Rio Abaixo,"Trabalhador rural, 1$500 a 2$000 diários, com casa e medicamentos; cozinheira, 25$000 mensais; lavadeira, 800 réis a 1$000 por duzia de peças; carpinteiro, 6$000 diários; administrador de fazenda, 250$000 mensais; não há escrivães de fazenda. Os salários são pagos e os contratos cumpridos.","Trabalhador rural, 1$500 a 2$000 diários, com casa e medicamentos",1500,2000,daily,"carpinteiro, 6$000 diários",6000,,daily,Não há prestamistas.,,,,"Qualidades - Bôas, em grande parte; regulares, muitas; inferiores, poucas; algumas argilhosas; muitas arenosas e misturadas; planas, em grande parte. A vegetação é representada por muitas matta-virgens e campos, alguns carrascaes, capoeiras e cerrados. "" Preços — O preço das terras devolutas, pertencentes ao Estado é de 1$000 o hectare; das terras de particulares o preço é bem mais elevado; em casos especiais o preço é até de 200$000 o hectare.","Preços — O preço das terras devolutas, pertencentes ao Estado é de 1$000 o hectare; das terras de particulares o preço é bem mais elevado; em casos especiais o preço é até de 200$000 o hectare.",1000,200000,hectare,0
MT,Santo Antonio do Rio Madeira,"Trabalhador rural, 6$000 a 7$000 diarios; ou 150$000 mensais livres; carpinteiro, 15$000 a 20$000 diarios; cosinheiro, 100$000 a 200$000 mensais; lavadeiras cobram por peça; administrador de fazenda, 300$000 mensais; escrivães, não há. Os salários são pagos e os contratos cumpridos.","Trabalhador rural, 6$000 a 7$000 diarios",6000,7000,daily,"carpinteiro, 15$000 a 20$000 diarios",15000,20000,daily,Não fazem empréstimos.,,,,"Qualidades - Na maior parte boas; algumas regulares e poucas inferiores. No geral misturadas, havendo arenosas nas margens dos rios principalmente. Há muitas planas, seccas e pedregosas. O trecho entre Madeira e Purús, é pantanoso. A vegetação é representada na sua quase totalidade por mattas virgens, havendo poucas capoeiras, cerrados e campos. Preços — 600 réis a 2$000 o hectare.",Preços — 600 réis a 2$000 o hectare.,600,2000,hectare,0
MT,S. Luiz de Cáceres,"Trabalhador rural, 1$000 a 1$500 diários; cozinheiro, 40$000 mensais; lavadeira, 30$000 mensais; carpinteiro, 5$000 a 10$000 diários; não há administradores de fazenda nem escrivães. Os salários são pagos e os contratos cumpridos.","Trabalhador rural, 1$000 a 1$500 diários",1000,1500,daily,"carpinteiro, 5$000 a 10$000 diários",5000,10000,daily,A taxa usual é de um por cento ao mez.,1,1,monthly,"Qualidades - Na maioria boas; há muitas terras argilosas, tanto em mattas como em campos e também algumas arenosas e misturadas. Algumas são planas, outras montanhosas, umas secas, outras pantanosas. A vegetação é de mattas, capoeiras, cerrados e campos. "" Preços — Um hectare de terras para cultura custa 1$000; de seringais custa 3$600.",Preços — Um hectare de terras para cultura custa 1$000; de seringais custa 3$600.,1000,3600,hectare;seringueiras,1
MT,Rosario do Rio Acima,"Trabalhador rural 2$000 diários, com alimentação; carpinteiro, 8$000 diários; cozinheiro, 45$000 mensões; lavadeira, 1$500, por duzia de peças; administrador de fazenda, 2:400$000 anuães; não há escrivães de fazenda. Os salários são pagos e os contratos cumpridos.","Trabalhador rural 2$000 diários, com alimentação",2000,,daily,"carpinteiro, 8$000 diários",8000,,daily,12 a 18 anuães.,12,18,annual,"Qualidades - Boas, regulares e inferiores; poucas argilosas e arenosas e muitas misturadas; há planas e montanhosas. A vegetação é representada por mattas virgens, capoeiras, cerrados, carrascaes e campos, talvez em partes mais ou menos iguais. "" Preços — Um hectare de terra boa, 1$200.","Preços — Um hectare de terra boa, 1$200.",1200,1200,hectare,0
PA,Abaeté,"Uma cozinheira ganha 308000 mensões; uma lavadeira 308000 mensões; um carpinteiro 580000 diários; não ha informações sobre o ganho dos administradores e escrivães de fazenda; o salário do trabalhador rural, seja colon: ou camarada é de 28000 a 380000 diários. Os salários são pagos e os contratos cumpridos.","o salário do trabalhador rural, seja colon: ou camarada é de 28000 a 380000 diários",2000,3000,daily,um carpinteiro 580000 diários,5000,,daily,A taxa é de 10 a 12% ao anno.,10,12,annual,"Qualidade - O município possui terras boas, regulares e inferiores; geralmente são planas; predominando as argilosas; há também terras arenosas, misturadas, pedregosas, seccas e pantanosas nas ilhas do rio Tocantins. A vegetação é representada por mattas virgens, capoeiras, cerrados, carrascaes e campos. “ Preços — As terras são vendidas conforme a tabela do regulamento do Estado.",Preços — As terras são vendidas conforme a tabela do regulamento do Estado.,,,,
PA,Acará,"Trabalhador rural ganha de 38000 a 48000 por dia; cozinheiro, 408000 a 508000 mensais; lavadeiras, de 308000 a 408000 mensais; carpinteiro, de 58000 a 78000 diários; não há administradores nem escrivães de fazenda. Os salários são pagos e os contratos cumpridos. O trabalhador rural ganha 38000 diarios; o cozinheiro, 408000 mensaes; a lavadeira, 308000 mensaes; o carpinteiro, 108000 diarios, não ha administradores nem escrivães de fazenda. Os salarios são pagos e os contratos cumpridos.",Trabalhador rural ganha de 38000 a 48000 por dia,3000,4000,daily,"carpinteiro, de 58000 a 78000 diários",5000,7000,daily,"Não há empréstimos. A taxa usual é de 11 % anmaes, havendo poucas transacções.",11,11,annual,"Qualidades - Metade, talvez, bôas e o resto regulares e inferiores. Em sua maioria argilosas, havendo contudo algumas aremesas e misturadas; no geral planas, muito pouco pedregosas. A vegetação é representada por excelentes mattas e capoeiras, e também por cerrados e campos sempre verdes. “ Preços — O preço das terras é muito variável, e baixo. Qualidades - Boas, regulares e inferiores. No geral argilosas. Todo o município é mais ou menos plano, com muitos pantanos. A vegetação é representada por muitas matras virgens, poucas capoeiras e campos. ” Preços — Varia muito o preço das terras.","Preços — O preço das terras é muito variável, e baixo.",,,,
PA,Affua,"O trabalhador rural ganha 38000 diarios; o cozinheiro, 408000 mensaes; a lavadeira, 308000 mensaes; o carpinteiro, 108000 diarios, não ha administradores nem escrivães de fazenda. Os salarios são pagos e os contratos cumpridos.",,3000,,,"o carpinteiro, 108000 diarios, não ha administradores nem escrivães de fazenda",10000,,daily,"A taxa usual é de 11 % anmaes, havendo poucas transacções.",11,11,annual,"Qualidades - Boas, regulares e inferiores. No geral argilosas. Todo o município é mais ou menos plano, com muitos pantanos. A vegetação é representada por muitas matras virgens, poucas capoeiras e campos. ” Preços — Varia muito o preço das terras.",Preços — Varia muito o preço das terras.,,,,
PA,Alemquêr,"Um trabalhador rural ganha de 2$000 a 5$000 diarios; um cousineiro, 30$000 mensais; uma lavadeira, 15$000 mensais; um carpinteiro, 60$000 mensais; um administrador de fazenda, 100$000 mensais. Não ha escrivães de fazenda. Os salarios são pagos e os contractos cumpridos.",Um trabalhador rural ganha de 2$000 a 5$000 diarios,2000,5000,daily,"um carpinteiro, 60$000 mensais",60000,,monthly,Não ha empréstimos.,,,,"Qualidades - Em sua maior parte as terras do município são boas e regulares, havendo inferiores, somente em pequena quantidade. São argilosas e arenosas na maior parte, e algumas misturadas. Ha muita terra plana, assim como ha também muita montanhosa, algumas pedregosas e outras pantanosas. A vegetação é representada por muita matta virgem, algumas capoeiras, cerrados, carrascaes e muitos campos. “ Preços — Uma estrada de seringueiras com 100 pés dessas árvores, custa de 500$000 a 13000$000. E este é um dos modos de vender terras ou negociar em terras neste município e outros.","Preços — Uma estrada de seringueiras com 100 pés dessas árvores, custa de 500$000 a 13000$000. E este é um dos modos de vender terras ou negociar em terras neste município e outros.",500000,13000000,seringueiras,1
PA,Almerim,"O trabalhador rural ganha 3$000 diários; o cozinheiro, 70$000 mensais; as lavadeiras 50$000 mensais; o carpinteiro, 8$000 diários; não há administradores nem escrivães de fazenda. Os salários são pagos e os contratos cumpridos.",O trabalhador rural ganha 3$000 diários,3000,,daily,"o carpinteiro, 8$000 diários",8000,,daily,"A taxa usual é de 10 a 12% annuâes, havendo poucas transacções.",10,12,annual,"Qualidades - É boa a maior parte das terras do município; regulares, poucas, e inferiores, em quantidade ainda menor. São argilhosas, as do interior do município, o resto é arenoso. A vegetação é representada por algumas mattas virgens, capoeiras e campos. "" Preços — Varia muito. Uma estrada com 100 pés de seringueiras custa de 500$000 a 1.000$000, não se levando em conta a área que ellas occupam.","Preços — Varia muito. Uma estrada com 100 pés de seringueiras custa de 500$000 a 1.000$000, não se levando em conta a área que ellas occupam.",500000,1000000,seringueiras,1
PA,Anajás,"O trabalhador rural ganha 4$000 diários; o cosinheiro, 50$000 mensais; a lavadeira, 30$000 mensais; o carpinteiro, 10$000 diários. Não há administradores nem escrivães de fazenda. Os salários são pagos e os contratos cumpridos.",O trabalhador rural ganha 4$000 diários,4000,,daily,"o carpinteiro, 10$000 diários",10000,,daily,"A taxa usual é de 11 % annuâes, havendo poucas transacções.",11,11,annual,"Qualidades - Há boas, regulares e inferiores; parte delas são argilosas e parte arenosas. Todo o município é mais ou menos plano, tendo muitos pantanos. A vegetação é representada por muita matta virgem, capoeiras, cerrados e campos. - Preços — Varia o preço do hectare de terra segundo o número de seringues, 500$000 a 1.000$000 por estrada de 100 pés.","Preços — Varia o preço do hectare de terra segundo o número de seringues, 500$000 a 1.000$000 por estrada de 100 pés.",500000,1000000,hectare,0
PA,Aveiros,"Trabalhador rural, de 28000 a 48000 diários; cosinheiro, de 358000 a 508000 mensões; lavadeira, de 408000 a 508000 mensões; carpinteiro, de 68000 a 108000 diários; não há administradores nem escrivães de fazenda. Os salários são pagos e os contratos cumpridos.","Trabalhador rural, de 28000 a 48000 diários",2000,4000,daily,"carpinteiro, de 68000 a 108000 diários",6000,10000,daily,Não há prestamistas.,,,,"Qualidades - No geral boas; argilosas, nos terrenos de alluvião, à margem dos rios; arenosas, no interior, sobretudo em alguns campos altos. Há terrenos planos e montanhosos. A vegetação é representada por muita muita virgem, algumas capoeiras, cerrados e campos. Preços — Uma estrada com 100 pés de seringueiras custa de 5008000 a 1.0008000.",Preços — Uma estrada com 100 pés de seringueiras custa de 5008000 a 1.0008000.,500000,1000000,seringueiras,1
PA,Bagro,"Trabalhador rural ganha 38000 diarios; cozinheiro, 608000 mensões; lavadeiras, 458000 mensões; carpinteiro, 78000 diarios; não ha terras bôas, propriamente ditas, mas regulares e muitas inferiores, em sua maioria argilosas e planas. A vegetação acha-se em mattas e capoeiras.",Trabalhador rural ganha 38000 diarios,3000,,daily,"carpinteiro, 78000 diarios",7000,,daily,"A taxa usual é de 12% ao anno, não havendo quase transacções.",12,12,annual,"Qualidades - Em consequencia dos terrenos alagados ou inundados não ha terras bôas, propriamente ditas, no municipio, mas regulares e muitas inferiores, em sua maioria argilosas e planas. A vegetação acha-se em mattas e capoeiras. “ Preços — A compra de uma estrada de 100 pés de seringueiras custa de 5008000 a 10008000, variando com o preço da borracha.","Preços — A compra de uma estrada de 100 pés de seringueiras custa de 5008000 a 10008000, variando com o preço da borracha.",500000,1000000,seringueiras,1
PA,Baião,"Um cosinheiro ou lavadeira, 60.8000 mensões; um carpinteiro, 7.8000 diários; administradores e escrivães de fazenda, não há; o salário do trabalhador rural, seja colono ou camarada, são 4.8000 diários; os salários são pagos e os contratos cumpridos.","o salário do trabalhador rural, seja colono ou camarada, são 4.8000 diários",4000,,daily,"um carpinteiro, 7.8000 diários",7800,,daily,Não há empréstimos.,,,,"Qualidades - O município possui terras boas, regulares e inferiores na maior parte planas, predominando as argilosas, existindo também terras arenosas, misturadas, pedregosas e pantanosas nas ilhas do rio Tocantins. A vegetação é representada por mamas virgens, capoeiras, cerrados, carrascaes e campos. “ Preços — Variam conforme a qualidade; um hectare de terra de particulares é vendido de 6.8000 a 12.8000; do Estado, de 1.8000 a 1.8200.","Preços — Variam conforme a qualidade; um hectare de terra de particulares é vendido de 6.8000 a 12.8000; do Estado, de 1.8000 a 1.8200.",,,hectare,
PA,Belém,"Trabalhador rural, de 3$000 a 5$000 diários; administrador de fazenda, de 100$000 a 250$000 mensões; escrivães de fazenda não há; carpinteiro, de 8$000 a 15$000 diários; cozinheiro, de 40$000 a 200$000 mensões; lavadeira, de 40$000 a 100$000 mensões. Os salários são pagos e os contratos cumpridos.","Trabalhador rural, de 3$000 a 5$000 diários",3000,5000,daily,"carpinteiro, de 8$000 a 15$000 diários",8000,15000,daily,Taxa de 10 a 20% ao anno.,10,20,annual,"Qualidades - Quais metade boas, nas regiões do Guamá, ilhas e littoral do Guajará; regulares, nas mesmas proporções, nas proximidades das fontes e da estrada de ferro de Bragança e inferiores, em pequena quantidade nos lugares secos; argilosas e arenosas em partes mais ou menos eguais, misturadas muito menos; geralmente planas e secas, havendo poucos pantanos e terrenos pedregosos. A vegetação é representada por muitas virgens, na maior parte, capoeiras em menor parte e o resto pelos cerrados campos artificiais ou pastos; não há cartascães. - Preços — Um hectare de terra boa custa de 8$000 a 25$000.",Preços — Um hectare de terra boa custa de 8$000 a 25$000.,8000,25000,hectare,0
PA,Bragança,,,2000,3000,,,,,,Não há empréstimos.,,,,,,,,,
PA,Breves,"O trabalhador rural ganha 38000 diarios; o cozinheiro, 5080000 mensaes; a lavadeira, 40800000 mensaes; o carpinteiro, 4800000 diarios. Não ha administradores nem escrivães de fazenda. Os salarios são pagos e os contractos cumpridos.",O trabalhador rural ganha 38000 diarios,3000,,daily,"o carpinteiro, 4800000 diarios",4000,,daily,"A taxa usual é de 12% ao anno, havendo raras transacções.",12,12,annual,"Qualidades - Ha bôas, regulares e inferiores. São geralmente argilosas, algumas arenosas e poucas misturadas. São planas, sem pedras, havendo muitos pantanos. A vegetação é representada por muita matta virgem e alguns cerrados. "" Preços — Varia muito o preço das terras, sendo conforme o numero de seringueiras nellas existentes. 100 pés de seringa vale de 5008000 a 1.0008000.","Preços — Varia muito o preço das terras, sendo conforme o numero de seringueiras nellas existentes. 100 pés de seringa vale de 5008000 a 1.0008000.",500000,1000000,seringueiras,1
PA,Cametá,"Um cozinheiro ganha 60$000 mensais; uma lavadeira, 30$000 mensais; um carpinteiro, 5$000 a 8$000 diários; administradores e escrivães de fazenda, não há; o salário do trabalhador rural, seja colono ou camarada é de 3$000 a 3$500 diários. Os salários são pagos e os contratos cumpridos.","o salário do trabalhador rural, seja colono ou camarada é de 3$000 a 3$500 diários",3000,3500,daily,"um carpinteiro, 5$000 a 8$000 diários",5000,8000,daily,Não há empréstimos.,,,,"Qualidade - O município possui terras muito boas, regulares e inferiores; são geralmente planas, predominando as argilosas e arenosas, existindo terras misturadas. A vegetação é representada por mattas virgens, capoeiras, cerrados, carrascaes e campos. “Preços — As terras particulares são vendidas conforme a extensão dos seringues e cacauães.",Preços — As terras particulares são vendidas conforme a extensão dos seringues e cacauães.,,,,
PA,Cachoeira,"O trabalhador rural ganha de 2$500 a 4$000 diários; cozinheiro, de 30$000 a 40$000 mensais; lavadeira cobra por peça, não se aluga; carpinteiro ganha de 8$000 a 10$000 diários; um administrador de fazenda, de 50$000 a 200$000 mensais; não há escrivães de fazenda. Os salários são pagos e os contratos cumpridos.",O trabalhador rural ganha de 2$500 a 4$000 diários,2500,4000,daily,carpinteiro ganha de 8$000 a 10$000 diários,8000,10000,daily,"Os criadores pagam a taxa de 12 a 18% ao ano, havendo raras transacções.",12,18,annual,"Qualidades - As terras deste município podem ser mais ou menos assim divididas: A), terras de mattas virgens situadas na foz dos rios Arary, Camará e Gurupahyba, compreendendo uma faixa de 300 a 1.000 metros talvez, abundantes em hevea e com alguns 300 a 1.000 metros talvez, abundantes em hevea e com alguns campos; B), campos altos e terras de alluvião, de sólo silico-argiloso; C), campos em parte alagados durante algum tempo e que são os mais criadores da zona, possuindo as melhores fazendas e as mais importantes forragens; D), campos baixos mais ou menos cheios de atoleiros, cuja vegetação é extraordinariamente vigorosa, com boas pastagens; E), mondongos ou terrenos baixos, com atoleiros, submersos durante o inverno, cobertos de aningães e com alguns pantanos. A vegetação é representada por mattas virgens, capoeiras, cerrados e campos. “ Preços — Um hectare de campo custa de 10$000 a 20$000.",Preços — Um hectare de campo custa de 10$000 a 20$000.,10000,20000,hectare,0
PA,Chaves,"O trabalhador rural ganha de 3$000 a 4$000 diários; não ha cozinheiros; a lavadeira ganha 30$000 mensais; o carpinteiro 8$000 diários; o administrador de fazenda de criar bovinos, de 4.000$000 a 6.000$000 animais; um escrivão de fazenda, de 30$000 a 40$000 mensais, livres. Os salários são pagos e os contratos cumpridos.",O trabalhador rural ganha de 3$000 a 4$000 diários,3000,4000,daily,o carpinteiro 8$000 diários,8000,,daily,"A taxa usual é de 12 ½ % ao anno, sendo raras as transuções.",12,12,annual,"Qualidades - Existem terras boas, algumas das quais estão situadas nas ilhas Caxiana, Viçosa e a dos Porcos, as quais ficam alagadas no inverno, isto é, durante o tempo das chuvas. Há muitas terras regulares e algumas inferiores. São na maioria arenosas, havendo pouca argilosa. As terras são no geral planas e sem pedras; secças no verão e pantanosas no inverno. Há muitas matas virgens e campos, algumas capoeiras e poucos carrascaes; cerrados não ha. - Preços — O preço das terras regulares é de 5$000 por braça quadrada.",Preços — O preço das terras regulares é de 5$000 por braça quadrada.,5000,5000,braca,1
PA,Conceição,Um trabalhador rural ganha de 2$000 a 3$000 diários; não há administradores nem escrivães de fazenda; um carpinteiro ganha de 7$000 a 10$000 diários; não há cosinheira ou lavadeira de profissão. Os salários são pagos em mercadorias e os contratos cumpridos., não há administradores nem escrivães de fazenda,2000,3000,,um carpinteiro ganha de 7$000 a 10$000 diários,7000,10000,daily,Não há prestamistas.,,,,"Qualidades - Ha muita terrra boa no município. As terras das ilhas do Araguaya são arenosas. Há terras planas, montanhosas e pedregosas. A vegetação é representada por magníficas mattas virgens, algumas capoeiras e cerrados e bellos campos de criar. “Preços — O preço das terras é conforme o regulamento das terras devolutas do Estado.",Preços — O preço das terras é conforme o regulamento das terras devolutas do Estado.,,,,
PA,Curralinho,"O trabalhador rural ganha 58000 diários; o cozinheiro ganha 608000 mensais; as lavadeiras, 508000 mensais; o carpinteiro, 88000 diários; não há administradores, nem escrivães de fazenda. Os salários são pagos e os contratos cumpridos. O trabalhador rural ganha de 2$500 a 4$000 diários; um corinheiro, de 30$000 a 40$000 mensais; as lavadeiras trabalham por empreitadas; um carpinteiro ganha de 6$000 a 8$000 diários; não ha administradores nem escrivães de fazenda. Os salários são pagos e os contratos cumpridos.",O trabalhador rural ganha 58000 diários,5000,,daily,"o carpinteiro, 88000 diários",8000,,daily,"A taxa usual é de 12 % ao anno, havendo poucas transacções. Não ha prestamistas.",12,12,annual,"Qualidades - Ha bôas, regulares e inferiores. No geral argilosas, algumas misturadas e arenosas. O município é todo plano, com muitos pantanos. A vegetação é representada por muita matia virgem, poucas capoeiras, cerrados e campos. Preços — Uma estrada de seringueira com 100 pés custa 5008000 a 1 00008000, não se levando em conta a área que ela ocupa. Qualidades - As terras no geral são silico-argilosas, nas proximidades do rio Marapanin, porém, predominam as silicosas; são geralmente planas e na maior parte os terrenos são enxutos. “ Preços — O Estado vende a 1$000 e 1$200 o hectare de terra boa e os particulares a 5$000 e 20$000.","Preços — Uma estrada de seringueira com 100 pés custa 5008000 a 1 00008000, não se levando em conta a área que ela ocupa.",500000,1000000,seringueiras,1
PA,Curuça,"O trabalhador rural ganha de 2$500 a 4$000 diários; um corinheiro, de 30$000 a 40$000 mensais; as lavadeiras trabalham por empreitadas; um carpinteiro ganha de 6$000 a 8$000 diários; não ha administradores nem escrivães de fazenda. Os salários são pagos e os contratos cumpridos.",,2500,4000,,um carpinteiro ganha de 6$000 a 8$000 diários,6000,8000,daily,Não ha prestamistas.,,,,"Qualidades - As terras no geral são silico-argilosas, nas proximidades do rio Marapanin, porém, predominam as silicosas; são geralmente planas e na maior parte os terrenos são enxutos. “ Preços — O Estado vende a 1$000 e 1$200 o hectare de terra boa e os particulares a 5$000 e 20$000.",Preços — O Estado vende a 1$000 e 1$200 o hectare de terra boa e os particulares a 5$000 e 20$000.,1000,20000,hectare,0
PA,Faro,"O trabalhador rural ganha 2$000 diários; o cozinheiro e a lavadeira, 15$000 mensais; o carpinteiro, 5$000 diários; não há administradores nem escrivães de fazenda. Os salários são pagos e os contratos cumpridos.",O trabalhador rural ganha 2$000 diários,2000,,daily,"o carpinteiro, 5$000 diários",5000,,daily,Não há empréstimos.,,,,"Qualidades - Este município possui terras boas, regulares e inferiores; ora são argilosas, ora arenosas, ora misturadas. Há terras planas, montanhosas, pedregosas, seccas e pantanosas. Sua vegetação é representada por muitas matas virgens, capoeiras e cerrados, havendo poucos carrancais e campos. - Preços — O preço das terras varia muito, havendo porém, certo o da tabela do Estado.","Preços — O preço das terras varia muito, havendo porém, certo o da tabela do Estado.",,,,
PA,Gurupá,"Entretanto quando há trabalhador elle ganha 3$000 diários. Um cozinheiro ganha 60$000 meneses; uma lavadeira, 40$000 meneses; um carpinteiro ganha de 10$000 a 12$000 diários; não há administradores nem escrivães de fazenda. Os salários são pagos e os contratos cumpridos.",-,3000,,,um carpinteiro ganha de 10$000 a 12$000 diários,10000,12000,daily,"A tara usual é de 12% ao anno, sendo raras as transacções.",12,12,annual,"Qualidades - Há terras boas, regulares e inferiores. O município é na sua maior parte arenoso, plano e enxuto, a exceção de algumas ilhas que são pantanosas. A vegetação é representada por muita muita virgem, capoeiras e alguns campos. “ Preços — Uma estrada com 100 pés de seringueira custa 500$000 a 1.000$000, mais ou menos, variando com o preço da borracha.","Preços — Uma estrada com 100 pés de seringueira custa 500$000 a 1.000$000, mais ou menos, variando com o preço da borracha.",500000,1000000,seringueiras,1
PA,Igarapé-Assu,"Trabalhador rural, colono ou camarada, de 2$500 a 3$500 diarios; cozinheiro, de 40$000 a 50$000 mensajes; lavadeiras, de 30$000 a 40$000 mensajes; carpinteiro, de 6$000 a 10$000 diarios; não há administradores nem escrivães de fazenda. Os salários são pagos e os contratos cumpridos.","Trabalhador rural, colono ou camarada, de 2$500 a 3$500 diarios",2500,3500,daily,"carpinteiro, de 6$000 a 10$000 diarios",6000,10000,daily,Não há empréstimos.,,,,"Qualidades - De Jambi-assii até Peixe Boi o terreno é silico-argiloso. Há terrenos alagados nas baixadas do Rio do Peixe Boi. Na Colônia Prata e entre Peixe Boi e Capanema as terras são argillo-silicosas; há terras secas, dois kilometros além de Livramento. Em geral os terrenos são planos. Approximadamente, o município tem metade das terras em mattas virgens e o resto em capoeiras e campos. Há poucos cerrados. “ Preços — Um hectare de terra boa, de particulares, custa de 5$000 a 10$000, e do Estado, 1$200.","Preços — Um hectare de terra boa, de particulares, custa de 5$000 a 10$000, e do Estado, 1$200.",1200,10000,hectare,0
PA,Igarapé-Mirim,"Um cozinheiro ganha 308000 mensajes; uma lavadeira, 308000 mensajes; um carpinteiro, 58000 diários; um administrador de fazenda, 1008000 mensajes; escrivães de fazenda não há; o salário do trabalhador rural, seja colono ou camarada, é de 38000 a 48000 diários. Os salários são pagos e os contratos cumpridos.","o salário do trabalhador rural, seja colono ou camarada, é de 38000 a 48000 diários",3000,4000,daily,"um carpinteiro, 58000 diários",5000,,daily,São raros os empréstimos.,,,,"Qualidades - No município predominam as terras bôas e regulares, sendo geralmente planas e argilosas na maior parte; arenosas, misturadas, pedregosas e pantanosas em pequena parte. A vegetação é representada por mattas virgens, capoeiras e campos. Não há carrascaes. “ Preços — O preço das terras é conforme a tabela do regulamento do Estado.",Preços — O preço das terras é conforme a tabela do regulamento do Estado.,,,,
PA,Irituia,"O trabalhador rural ganha 2$000 diários, com comida; o cozinheiro, 40$000 mensajes; a lavadeira, 40$000 mensajes; o carpinteiro, 5$000 a 10$000 diários; não ha administradores nem escrivães de fazenda. Os salários são pagos e os contratos cumpridos.","O trabalhador rural ganha 2$000 diários, com comida",2000,,daily,"o carpinteiro, 5$000 a 10$000 diários",5000,10000,daily,Não ha empréstimos.,,,,"Qualidades - As terras no geral são bôas, havendo poucas regulares e inferiores; são mais arenosas que argilosas e bôa parte misturadas; parte plana, parte montanhosa e algumas pantonosas. A vegetação é representada por magníficas matras e também por capoeiras, alguns cerrados e campos; não existem carrascaes. “ Preços — O preço das terras é de acordo com o regulamento das terras devolutas do Estado.",Preços — O preço das terras é de acordo com o regulamento das terras devolutas do Estado.,,,,
PA,Itaituba,"O trabalhador rural ganha de 3$000 a 5$000 diários; não há cosinheiros; as lavadeiras cobram por peça de roupa, a 100 réis e 400 réis; um carpinteiro ganha 10$000 diários; não há administradores, nem escrivães de fazenda. Os salários são pagos e os contratos cumpridos.",O trabalhador rural ganha de 3$000 a 5$000 diários,3000,5000,daily,um carpinteiro ganha 10$000 diários,10000,,daily,Não há muitos empréstimos; a taxa mais usada é de 12% ao ano.,12,12,annual,"Qualidades - O município tem terras muito boas e regulares em grande quantidade, assim como algumas inferiores; sendo argilosas, arenosas e misturadas. Há planas e montanhosas. A vegetação é representada por muitas matas virgens, capoeiras, cerrados e campos. - Preços — O preço das terras é muito variável. Uma estrada com 100 pés de seringueiras custa 500$000 a 1.000$000.",Preços — O preço das terras é muito variável. Uma estrada com 100 pés de seringueiras custa 500$000 a 1.000$000.,500000,1000000,seringueiras,1
PA,Macapá,"O trabalhador rural ganha 3$000 diários; o cozinheiro, 30$000 mensais; a lavadeira, 20$000 mensais; o carpinteiro, 10$000 diários. Não há administradores nem escrivães de fazenda. Os salários são pagos e os contratos cumpridos.",O trabalhador rural ganha 3$000 diários,3000,,daily,"o carpinteiro, 10$000 diários",10000,,daily,"A taxa usual é de 1.1 % ao ano, havendo poucas transacções.",11,11,annual,"Qualidades - O município de Macapá tem terras boas, algumas regulares. Em geral são argilhosas, algumas misturadas e poucas arenosas. Todo o município é mais ou menos plano; há muita terra pantanosa. A vegetação é representada por muita muita virgem, poucas capoeiras e campos. "" Preços — O preço das terras varia segundo os números de seringueiras que contêm, regulando de 500$000 a 1.000$000 por estrada de seringueiras com 100 pés.","Preços — O preço das terras varia segundo os números de seringueiras que contêm, regulando de 500$000 a 1.000$000 por estrada de seringueiras com 100 pés.",500000,1000000,seringueiras,1
PA,Mazagão,"Um trabalhador rural ganha 58000 diários; o cozinheiro, 508000 mensais; a lavadeira, 408000 mensais; o carpinteiro, 108000 diários. Não ha administradores nem escrivães de fazenda. Os salários são pagos e os contratos cumpridos.",Um trabalhador rural ganha 58000 diários,5000,,daily,"o carpinteiro, 108000 diários",10000,,daily,"Pagam a taxa de 11% anmaes, havendo poucas transacções.",11,11,annual,"Qualidades - Bôas, regulares e inferiores; no geral argilosas, planas com muitos pantanos. A vegetação é representada por muita matta virgem e poucos cerrados. - Preços — E muito variável o preço das terras. A área que conta 100 pés de seringueiras custa 5008000 a 10008000.",Preços — E muito variável o preço das terras. A área que conta 100 pés de seringueiras custa 5008000 a 10008000.,500000,1000000,seringueiras,1
PA,Marapanim,"Trabalhador rural ganha de 2$000 a 3$000 diários; cozinheiro, de 25$000 a 30$000 mensões; lavadeiras trabalham por empreitadas; carpinteiro, de 8$000 a 10$000 diários; não há administradores nem escritórios de fazenda. Os salários são pagos e os contratos cumpridos.",Trabalhador rural ganha de 2$000 a 3$000 diários,2000,3000,daily,"carpinteiro, de 8$000 a 10$000 diários",8000,10000,daily,Não há empréstimos à lavoura.,,,,"Qualidades - Nas proximidades do rio Marapanim, além da confluência com o Mahú, as terras são silico-argilosas e vão assim até o município de Igarapé-Assú, além da villa Matajoquara. No baixo Marapanim as terras são em sua maioria argilo-silicosas e nas praias existem grandes extensões arenosas. Há terrenos pantanosos apenas em algumas baixadas dos rios Marapanim e Caripy. As terras são em geral planas, metade talvez estão occupadas por mattas virgens e o resto por capoeiras e cerrados. "" Preços — Um hectare de terra boa custa de 2$000 a 8$000.",Preços — Um hectare de terra boa custa de 2$000 a 8$000.,2000,8000,hectare,0
PA,Maracanã,"Um trabalhador rural ganha de 1$500 a 3$000 diários; um cosinheiro, de 15$000 a 20$000 mensajes; uma lavadeira, de 15$000 a 20$000 mensajes; um carpinteiro, de 5$000 a 6$000 diários; não há administradores, nem escrivães de fazenda. Os salários são pagos e os contratos cumpridos.",Um trabalhador rural ganha de 1$500 a 3$000 diários,1500,3000,daily,"um carpinteiro, de 5$000 a 6$000 diários",5000,6000,daily,Não há empréstimos.,,,,"Qualidades - São boas as terras que margeiam o rio Maracanã e o Carepy, as quais são argilho-silicosas; no centro do município são silico-argilhosas. Terras inferiores existem em quantidade diminuta na costa do Atlântico. Nas baixadas dos rios Jaburu e Alto Maracanã, há alguns pantanos. São no geral planas. Não existem carrascaes; os cerrados é campos occupam pequena parte do município; as mattas virgens e capoeiras a maior parte. Preços — Um hectare de terra boa custa 1$200 a 5$000.",Preços — Um hectare de terra boa custa 1$200 a 5$000.,1200,5000,hectare,0
PA,Melgaço,"O trabalhador rural ganha 48000 diários; um cozinheiro, 28000 diários; não há carpinteiros nem lavadeiras. Os salários são pagos e os contratos cumpridos.",O trabalhador rural ganha 48000 diários,4000,,daily,não há carpinteiros nem lavadeiras,,,,"A taxa usual é de 12% ao anno, havendo raras transacções em negócio dos seringues.",12,12,annual,"Qualidades - Existem terras bôas, regulares e inferiores; todo o município é mais ou menos plano e arenoso. A vegetação é representada por muita muita virgem, capoeiras e poucos campos; não há cerrados nem carrascaes. “ Preços — Não vendem as terras por metro, hracas ou alqueires; a base é a estrada de seringueiras e esta é formada por 100 pés de seringueiras; cada estrada sendo vendida por 5008000, mais ou menos.","Preços — Não vendem as terras por metro, hracas ou alqueires; a base é a estrada de seringueiras e esta é formada por 100 pés de seringueiras; cada estrada sendo vendida por 5008000, mais ou menos.",500000,500000,alqueire;metro;seringueiras,1
PA,Mocajuba,"Cozinheiro ganha 30$000 mensões; lavadeira, 30$000 mensões; carpinteiro, 5$000 diários; administradores e escrivães de fazenda não há; trabalhador rural, colono ou camarada, 3$000 diários, com alimentação. Os salários são pagos e os contratos cumpridos. Um cozinheiro ganha 80$000 mensais; uma lavadeira, 50$000 mensais; um carpinteiro, 6$000 diários; administradores e escrivães de fazenda não há; o salário do trabalhador rural, seja colono ou camarada é de 3$000 a 4$000 diários. Os salários são pagos e os contratos cumpridos.","trabalhador rural, colono ou camarada, 3$000 diários, com alimentação",3000,,daily,"carpinteiro, 5$000 diários",5000,,daily,Não há empréstimos. Não fazem empréstimos.,,,,"Qualidades - No município predominam as terras bôas; geralmente são planas e arenosas e mais ou menos misturadas; existem também regulares, inferiores e algumas argilhosas e pantanosas. A vegetação é representada por muitas matas vírgens, capoeiras, cerrados, carrascaes e campos. “ Preços — Um hectare de terra bôa custa de 1$000 a 1$200. As terras particulares são vendidas pela extensão e número de seringueiros e cacaueiros, variando o preço de 1.000$000 para cada estrada de seringueira de 100 pés, e para 500 pés de cacaio. Qualidades - O município é plano em sua quase totalidade; possui terras boas, regulares e inferiores, ora arenosas ou argilosas, ora misturadas. A vegetação é representada por extensas e bellíssimas matas virgens, capoeiras e por alguns campos e cerrados; não há carrascaes. “ Preços — Os preços das terras particulares são muito variáveis; as do Estado são vendidas segundo a tabela existente.","Preços — Um hectare de terra bôa custa de 1$000 a 1$200. As terras particulares são vendidas pela extensão e número de seringueiros e cacaueiros, variando o preço de 1.000$000 para cada estrada de seringueira de 100 pés, e para 500 pés de cacaio.",1000,1000000,hectare;seringueiras,1
PA,Moju,"Um cozinheiro ganha 80$000 mensais; uma lavadeira, 50$000 mensais; um carpinteiro, 6$000 diários; administradores e escrivães de fazenda não há; o salário do trabalhador rural, seja colono ou camarada é de 3$000 a 4$000 diários. Os salários são pagos e os contratos cumpridos.",,3000,4000,,"um carpinteiro, 6$000 diários",6000,,daily,Não fazem empréstimos.,,,,"Qualidades - O município é plano em sua quase totalidade; possui terras boas, regulares e inferiores, ora arenosas ou argilosas, ora misturadas. A vegetação é representada por extensas e bellíssimas matas virgens, capoeiras e por alguns campos e cerrados; não há carrascaes. “ Preços — Os preços das terras particulares são muito variáveis; as do Estado são vendidas segundo a tabela existente.",Preços — Os preços das terras particulares são muito variáveis; as do Estado são vendidas segundo a tabela existente.,,,,
PA,Monte Alegre,"Um trabalhador rural ganha de 2$000 a 4$000 diários; um cozinheiro, de 35$000 a 50$000 mensais; um carpinteiro, de 6$000 a 10$000 diários; uma lavadeira, de 40$000 a 50$000 mensais; não há administradores nem escrivães de fazenda. Os salários são pagos e os contratos cumpridos.",Um trabalhador rural ganha de 2$000 a 4$000 diários,2000,4000,daily,"um carpinteiro, de 6$000 a 10$000 diários",6000,10000,daily,A taxa de 10 a 15% annuais. Os empréstimos são feitos sobre seringais e cacauais.,10,15,annual,"Qualidades - Os terrenos de albuvião nas margens do Amazonas e seus afluentes, são argiliosos e arenosos em alguns campos altos, no interior; nas serras do Maracá, Itaujáry, Paraízo, Ezeré, Maxira e Curuá, cuja altitude máxima é calculada em 335 metros; as terras são misturadas, argilo-silicosas. Junto às lagões há alguns pantanos. Nas serras há partes pedregosas e muitas pedreiras. As divisas deste município não são ainda bem conhecidas e vão até as Guyanas. A vegetação é representada por muitas muitas virgens, algumas capoeiras na antiga colônia e nas margens do rio Amazonas e cerrados (bamburraes) nas proximidades dos pantanos e consideráveis extensões de campos, que alongam-se para o norte. Consta haver carrascaes no norte do município. Preços — Uma estrada com 100 pés de seringueiras custa de 500$000 a 1.000$000.",Preços — Uma estrada com 100 pés de seringueiras custa de 500$000 a 1.000$000.,500000,1000000,seringueiras,1
PA,Montenegro,"O trabalhador rural ganha 4$000 diários; o cozinheiro, 40$000 mensais; a lavadeira, 30$000 mensais; o carpinteiro, 7$000 diários. Não há administradores nem escrivães de fazenda. Os salários são pagos e os contracos cumpridos.",O trabalhador rural ganha 4$000 diários,4000,,daily,"o carpinteiro, 7$000 diários",7000,,daily,"A taxa usual é de 12% annuares, havendo poucas transacções.",12,12,annual,"Qualidades - Na maior parte bôas e em pequena parte regulares; algumas são arenosas e outras misturadas; em parte, planas e em parte montanhosas; algumas pedregosas, outras pantanosas; são, porém, em sua maioria, enxutas. A vegetação é representada por muita muita virgem, capoeiras e campos; não há cerrados nem carrascaes. "" Preços — Varia o preço conforme o número de seringueiras, assim paga-se de 500$000 a 1.000$000 por estrada contendo 100 pés.","Preços — Varia o preço conforme o número de seringueiras, assim paga-se de 500$000 a 1.000$000 por estrada contendo 100 pés.",500000,1000000,seringueiras,1
PA,Muana,"Um trabalhador rural ganha, de 38000 a 58000 diarios; um cozinheiro, 508000 mensões; uma lavadeira, de 308000 a 408000 mensões; um carpinteiro, de 68000 a 88000 diarios; um administrador de fazenda, 1008000 mensões; não há escrivães de fazenda. Os salários são pagos e os contratos cumpridos. Trabalhador rural, 2$000 diários; cozinheiro, 40$000 mensais; lavadeira, 40$000 mensais; carpinteiro, 150$000 mensais; administradores de fazenda, 500$000 por anno; não há escrivães de fazenda. Os salários são pagos e os contratos cumpridos.","Um trabalhador rural ganha, de 38000 a 58000 diarios",3000,5000,daily,"um carpinteiro, de 68000 a 88000 diarios",6000,8000,daily,Não há empréstimos. Não há prestamistas.,,,,"Qualidades - O município possui terras boas, regulares e poucas inferiores. A maior parte das terras baixas são argilosas; alguns campos elevados são arenosos; mas no geral as terras são misturadas, planas e enxutas. Há poucos pantanos entre os rios Atuá e Anabípi. A vegetação é representada por magníficas mattas virgens, capoeiras, cerrados e óptimos campos de criar. Preços — Um hectare de terra, em campo, custa de 108000 a 158000. As terras onde existe seringueiras são vendidas a 5008000 e 100008000 por estrada que contem 100 pés. Qualidades - As terras do município são em geral boas, havendo algumas regulares e poucas inferiores. Predominam as terras misturadas, argillo-silicosas. O município é levemente ondulado, possuindo entretanto, algumas serras, como, a de Tumucumaque. As terras enxutas são muitas e as pedregosas e pantanosas poucas. A vegetação é representada por belíssimas mattas virgens e por capoeiras e alguns campos; não há cerrados nem carrascaes. - Preços — Uma estrada com 100 pés de seringueira custa de 500$000 a 1.000$000.","Preços — Um hectare de terra, em campo, custa de 108000 a 158000. As terras onde existe seringueiras são vendidas a 5008000 e 100008000 por estrada que contem 100 pés.",10000,500000,hectare;seringueiras,1
PA,Oubidos,"Trabalhador rural, 2$000 diários; cozinheiro, 40$000 mensais; lavadeira, 40$000 mensais; carpinteiro, 150$000 mensais; administradores de fazenda, 500$000 por anno; não há escrivães de fazenda. Os salários são pagos e os contratos cumpridos.",,2000,,,"carpinteiro, 150$000 mensais",150000,,monthly,Não há prestamistas.,,,,"Qualidades - As terras do município são em geral boas, havendo algumas regulares e poucas inferiores. Predominam as terras misturadas, argillo-silicosas. O município é levemente ondulado, possuindo entretanto, algumas serras, como, a de Tumucumaque. As terras enxutas são muitas e as pedregosas e pantanosas poucas. A vegetação é representada por belíssimas mattas virgens e por capoeiras e alguns campos; não há cerrados nem carrascaes. - Preços — Uma estrada com 100 pés de seringueira custa de 500$000 a 1.000$000.",Preços — Uma estrada com 100 pés de seringueira custa de 500$000 a 1.000$000.,500000,1000000,seringueiras,1
PA,Ourém,"Um trabalhador rural ganha 28000 diários. Administradores e escrivães de fazenda não há. Um carpinteiro ganha, de 58000 a 88000 diários; uma lavadeira ganha 408000 mensajes e uma cozinheira, 608000 mensajes. Os salários são pagos e os contratos cumpridos.",Um trabalhador rural ganha 28000 diários,2000,,daily,"Um carpinteiro ganha, de 58000 a 88000 diários",5000,8000,daily,Não há.,,,,"Qualidades - Há no município terras boas, regulares e inferiores. Algumas são argilosas, outras misturadas, mas na maioria são arenosas. Há terras planas e outras montanhosas como na serra chamada Narcisa. Os terrenos são ora seccos, ora pedregosos, ora pantanosos. A vegetação é representada por magníficas matras virgens e campos, capceiras e cerrados e pequena quantidade de carrascaes. “ Preços — Segundo o regulamento do Estado, o preço varia de 18000 a 18200 por hectare.","Preços — Segundo o regulamento do Estado, o preço varia de 18000 a 18200 por hectare.",1000,1200,hectare,0
PA,Oeiras,"Um trabalhador rural ganha 38000 diários a secco; não há cosinheiros, nem lavadeiras; o carpinteiro ganha 78000 diários. Não há administradores, nem escrivães de fazenda. Os salários são pagos e os contratos cumpridos.",Um trabalhador rural ganha 38000 diários a secco,3000,,daily,o carpinteiro ganha 78000 diários,7000,,daily,"A taxa usual é de 12% ao anno, havendo raras transacções.",12,12,annual,"Qualidades - Há bôas, regulares e inferiores; o município tem muita terra arenosa e muito pouco argillosa. Grande parte delle é mais ou menos pantanoso e plano. A vegetação é representada por muita matta virgem e poucas capoeiras; não há carrascaes, nem cerradcs nem campos. “ Preços — Cada estrada de seringueira, de 100 pés, custa de 5008000 à 1 0008000, mais ou menos.","Preços — Cada estrada de seringueira, de 100 pés, custa de 5008000 à 1 0008000, mais ou menos.",100000,500000,seringueiras,1
PA,Ponta de Pedras,"Um trabalhador rural ganha 3$000 a 5$000 diários; um cosinheiro, 30$000 a 50$000 mensais; as lavadeiras cobram por peça; um carpinteiro de 7$000 a 10$000 diários; um administrador de fazenda de 30$000 a 100$000 mensais. Não ha escrivães de fazenda. Os salários são pagos e os contratos cumpridos.",Um trabalhador rural ganha 3$000 a 5$000 diários,3000,5000,daily,um carpinteiro de 7$000 a 10$000 diários,7000,10000,daily,"Não ha empréstimos sob penhor agrícola; os criadores pagam 10 a 12% ao ano, havendo poucas transacções.",10,12,annual,"Qualidades - Ha algumas terras boas nas margens do rio Murajó-assú; grande parte regulares e algumas inferiores. Em sua maioria são planas e misturadas, algumas argilosas e pouco arenosas. A vegetação é representada por mattas, capoeiras, cerrados e campos. "" Preços — Uma estrada com 100 pés de seringueiras custa 500$000 a 1 000$000.",Preços — Uma estrada com 100 pés de seringueiras custa 500$000 a 1 000$000.,500000,1000000,seringueiras,1
PA,Porto de Móz,"Um trabalhador rural ganha 4$000 diários; cozinheiro, de 45$000 a 50$000 mensais; lavadeiras, 40$000 mensais; carpinteiros, de 6$000 a 8$000 diários; não há administradores nem escrivães de fazenda. Os salários são pagos e os contratos cumpridos.",Um trabalhador rural ganha 4$000 diários,4000,,daily,"carpinteiros, de 6$000 a 8$000 diários",6000,8000,daily,"Geralmente 10% ao anno, havendo raras transacções.",10,10,annual,"Qualidades - Ha muita terra bôa e regular; terra inferior não ha, e são geralmente arenosas. O município é mais ou menos plano, possuindo alguns terrenos pantanosos. A vegetação é representada por muita matta virgem, campos e algumas capoerras. “ Preços — O preço das terras varia segundo o número de seringueiras, n’uma estrada, sendo mais ou menos 500$000 por cem pés de seringueira, variando ainda conforme o preço da borracha.","Preços — O preço das terras varia segundo o número de seringueiras, n’uma estrada, sendo mais ou menos 500$000 por cem pés de seringueira, variando ainda conforme o preço da borracha.",500000,500000,seringueiras,1
PA,Portel,"Ha camaradas jornaleiros, cozinheiros e lavadeiras, a preços variáveis e em pequena quantidade; um carpinteiro ganha de 5$000 a 10$000 diários; não ha administradores nem escrivães de fazenda. Os salários são pagos e os contratos cumpridos.",-,-,-,,um carpinteiro ganha de 5$000 a 10$000 diários,5000,10000,daily,"A taxa usual é de 12 % ao anno, havendo poucas transacções.",12,12,annual,"Qualidades - Ha terras bôas, regulares e inferiores; geralmente são arenuras. Todo o município é mais ou menos plano. A vegetação é representada por muita matta virgem e poucas capoeiras; não ha earrascaes e nem campos. “ Preços — O preço das terras varia segundo o número das seringueiras, nelas existentes; terrenos com 100 seringueiros custa de 500$000 a 1:000$000, mais ou menos.","Preços — O preço das terras varia segundo o número das seringueiras, nelas existentes; terrenos com 100 seringueiros custa de 500$000 a 1:000$000, mais ou menos.",500000,1000000,seringueiras,1
PA,Prainha,"O trabalhador rural ganha de 2$000 a 4$000 diários; cozinheiro, 30$000 mensais; lavadeira, 20$000 mensais; carpinteiro, de 6$000 a 10$000 diários; administrador de fazenda, de 50$000 a 100$000 mensais; não há escrivães de fazenda. Os salários são pagos e os contratos cumpridos.",O trabalhador rural ganha de 2$000 a 4$000 diários,2000,4000,daily,"carpinteiro, de 6$000 a 10$000 diários",6000,10000,daily,Os agricultores não fazem empréstimos.,,,,"Qualidades - No geral de boa qualidade; nas margens do rio Amazonas as terras são argilosas; nos campos altos e alguns pontos do interior são arenosas; nas serras de Alto-Maior, Nazareth, Japurú, S. Roque e Paranacoara são argilo-silicosas; estas terras são enxutas, bem como as dos campos; as que ficam próximas aos lagos são pantanosas; em algumas serras há terras pedregosas e pedreiras. Há muita matta virgem, além de capoeiras, cerrados, carrascaes e campos. “Preços — Uma estrada contendo 100 pés de seringueiras custa de 500$000 a 1.000$000, conforme o preço da borracha.","Preços — Uma estrada contendo 100 pés de seringueiras custa de 500$000 a 1.000$000, conforme o preço da borracha.",500000,1000000,seringueiras,1
PA,Quatipurú,"Trabalhador rural, de 2$000 a 2$500 diários; cozinheiro, 30$000 mensajes; lavadeira, 30$000 mensajes; carpinteiro, 5$000 diários; administrador de fazenda, de 30$000 a 50$000 mensajes; não há escrivães de fazenda. Os salários são pagos e os contratos cumpridos.","Trabalhador rural, de 2$000 a 2$500 diários",2000,2500,daily,"carpinteiro, 5$000 diários",5000,,daily,Não há empréstimos aos agricultores.,,,,"Qualidades - Podem ser mais ou menos assim divididas: bóas, na maior parte; regulares, menos do que as bóas. São geralmente argilo-silicosas. O município é plano e não tem terras pedregosas; quase todas as terras são enxutas e poucas pantonosas situadas nas baixadas do lago Segredinho. A vegetação é representada na maior parte por mattas virgens; há saponras, campos e cerrados. Preços — Terras para lavouras, de particulares, são vendidas a 10$000 o hectare; pelo Estado a 1$200.","Preços — Terras para lavouras, de particulares, são vendidas a 10$000 o hectare; pelo Estado a 1$200.",1200,10000,hectare,0
PA,Salinas,"Um trabalhador rural ganha de 28000 a 38000 por dia; não há cozinheiros, lavadeiras, administradores nem escrivães de fazenda; o carpinteiro ganha de 58000 a 108000 diários. Os salários são pagos e os contratos cumpridos. Um trabalhador rural ganha de 2$000 a 4$000 diários; uma cozinheira, de 40$000 a 50$000 mensais; uma lavadeira, de 30$000 a 60$000 mensais; um carpinteiro, de 6$000 a 12$000 diários. Não há administradores nem escrivães de fazenda. Os salários são pagos e os contratos cumpridos.",Um trabalhador rural ganha de 28000 a 38000 por dia,2000,3000,daily,o carpinteiro ganha de 58000 a 108000 diários,5000,10000,daily,"Não há empréstimos à lavoura. Os empréstimos são feitos a 10 e 12 ""j"" anuaes pela firma Diamantino Rubber Plantation.",10,12,annual,"Qualidades - As terras são planas e em geral silico-argilosas excepto nas proximidades das nascentes do rio Pirahas, onde há terrenos argilo-silicosos e ricos em humus. São arenosas nas costas do Oceano Atlântico. Não há pantanos notáveis. Há muita matta virgem, porém, é maior a área ocupada pelas capoeiras. "" Preços — Um hectare de terra boa custa de 58000 a 108000. Qualidades - As terras são no geral bôas; as que ficam nas margens do Amazonas e Tapajus são de alluvião e todos os annos inundadas; as terras distantes destas são silico-argillosas ou misturadas; as das proximidades dos lagos ou lagoas de Villa Franca são pantanosas; nas ilhas e terrenos de alluvião são planas, as demais terras apresentam algumas elevações e até pequenas terras, proleugando-se de Santarém até além do povoado Alter do Chão. A vegetação é representada por matta virgem na maior parte. "" Preços — Um hectare de terra bôa, regula o preço de 8$000 a 12$000, sendo terras dos particulares, pois o Estado vende a 1$200 o hectare. Mais comumente são vendidas pelo número de seringueiras, custando uma estrada com 100 pés, de 500$000 a 1.000$000.",Preços — Um hectare de terra boa custa de 58000 a 108000.,5000,10000,hectare,0
PA,Santarem,"Um trabalhador rural ganha de 2$000 a 4$000 diários; uma cozinheira, de 40$000 a 50$000 mensais; uma lavadeira, de 30$000 a 60$000 mensais; um carpinteiro, de 6$000 a 12$000 diários. Não há administradores nem escrivães de fazenda. Os salários são pagos e os contratos cumpridos.",,2000,4000,,"um carpinteiro, de 6$000 a 12$000 diários",6000,12000,daily,"Os empréstimos são feitos a 10 e 12 ""j"" anuaes pela firma Diamantino Rubber Plantation.",10,12,annual,"Qualidades - As terras são no geral bôas; as que ficam nas margens do Amazonas e Tapajus são de alluvião e todos os annos inundadas; as terras distantes destas são silico-argillosas ou misturadas; as das proximidades dos lagos ou lagoas de Villa Franca são pantanosas; nas ilhas e terrenos de alluvião são planas, as demais terras apresentam algumas elevações e até pequenas terras, proleugando-se de Santarém até além do povoado Alter do Chão. A vegetação é representada por matta virgem na maior parte. "" Preços — Um hectare de terra bôa, regula o preço de 8$000 a 12$000, sendo terras dos particulares, pois o Estado vende a 1$200 o hectare. Mais comumente são vendidas pelo número de seringueiras, custando uma estrada com 100 pés, de 500$000 a 1.000$000.","Preços — Um hectare de terra bôa, regula o preço de 8$000 a 12$000, sendo terras dos particulares, pois o Estado vende a 1$200 o hectare. Mais comumente são vendidas pelo número de seringueiras, custando uma estrada com 100 pés, de 500$000 a 1.000$000.",1200,1000000,hectare;seringueiras,1
PA,S. Caetano de Odivellas,"O trabalhador rural ganha de 2$500 a 4$000 diários; não ha cosinheiros; as lavadeiras fazem o serviço por empreitadas; um carpinteiro ganha de 5$000 a 7$000 diários; não ha administradores, nem escrivães de fazenda. Os salários são pagos e os contratos cumpridos.",O trabalhador rural ganha de 2$500 a 4$000 diários,2500,4000,daily,um carpinteiro ganha de 5$000 a 7$000 diários,5000,7000,daily,A taxa usual é de 8 a 10 % annuais.,8,10,annual,"Qualidades - A maior parte das terras é de boa qualidade; grande parte delas são misturadas havendo, porém, algumas nas quais predomina a argilla e noutras a areia. Essas terras são no geral planas e enxutas e na maior parte acham-se em mattas virgens. Não ha campos. - Preços — O Estado vende um hectare de terra de boa qualidade por 1$000 e 1$200 e os particulares por 5$000 e 15$000.",Preços — O Estado vende um hectare de terra de boa qualidade por 1$000 e 1$200 e os particulares por 5$000 e 15$000.,1000,15000,hectare,0
PA,S. Domingos da Bôa Vista,"O trabalhador rural, colono ou camarada, ganha de 2$000 a 3$000 diários; cosinheiro, 40$000 a 50$000 mensais; lavadeira, 30$000 a 40$000 mensais; um carpinteiro de 3$000 a 8$000 diários; não há administradores, nem escrivães de fazenda. Os salários são pagos e os contratos cumpridos.","O trabalhador rural, colono ou camarada, ganha de 2$000 a 3$000 diários",2000,3000,daily,um carpinteiro de 3$000 a 8$000 diários,3000,8000,daily,Não há taxa fixa.,,,,"Qualidades - Há terras bôas, tanto argilosas como arenosas e misturadas, prestando-se especialmente para plantação do cacao. Ainda possui bôas mattas virgens e capoeiras; há cerrados, alguns campos e carrascaes. Preços - Os particulares não tem preço fixo; o Estado tem os seus preços designados no regulamento de terras devolutas do Estado. As terras de patrimonio e aforamento custam um real por metro quadrado.",Preços - Os particulares não tem preço fixo; o Estado tem os seus preços designados no regulamento de terras devolutas do Estado. As terras de patrimonio e aforamento custam um real por metro quadrado.,,,metro_quadrado,
PA,São João do Araguaya,"O trabalhador rural ganha de 3$000 a 5$000 diários; este salário é em grande parte pago em mercadorias. Não ha administradores nem escrivães de fazenda; um carpinteiro ganha de 10$000 a 15$000 diários. Não ha preços determinados para cozinheiras e lavadeiras. Os salários são geralmente pagos, mas em troca de mercadorias, e os contratos são cumpridos.",O trabalhador rural ganha de 3$000 a 5$000 diários,3000,5000,daily,um carpinteiro ganha de 10$000 a 15$000 diários,10000,15000,daily,Não são usuais os empréstimos agrícolas.,,,,"Qualidades - As terras do município são na maioria bôas, silico-argillosas e planas, existindo alguns terrenos accidentados e pedregosos. A vegetação é representada por grandes matras virgens, muita capoeira, cerrados, carrascaes e extensos campos. “ Preços — As terras estão na maioria devolutas; o Estado as vende a 1$000 o hectare, conforme o respectivo regulamento.","Preços — As terras estão na maioria devolutas; o Estado as vende a 1$000 o hectare, conforme o respectivo regulamento.",1000,1000,hectare,0
PA,S. Miguel do Guamá,"O trabalhador rural ganha por dia, de 1$500 a 3$000 com comida; um cozinheiro, de 30$000 a 40$00 mensais; uma lavadeira, de 20$000 a 30$000 mensais; um carpinteiro, de 5$000 a 8$000 diários; não há administrador nem escrivães de fazenda. Os salários são pagos e os contratos cumpridos.","O trabalhador rural ganha por dia, de 1$500 a 3$000 com comida",1500,3000,daily,"um carpinteiro, de 5$000 a 8$000 diários",5000,8000,daily,Não há taxa fixa.,,,,"Qualidades - O município possue terras bôas, regulares e inferiores; umas são argilosas, outras arenosas e misturadas e muitas accidentadas. A vegetação é representada por algumas mattas, capoeiras, cerrados e carrascaes; há poucos campos. Preços — Pagam geralmente de 500$000 a 1.000$000 por estrada contendo 100 seringueiras. O Estado tem um regulamento para os preços das terras.",Preços — Pagam geralmente de 500$000 a 1.000$000 por estrada contendo 100 seringueiras. O Estado tem um regulamento para os preços das terras.,500000,1000000,seringueiras,1
PA,S. Sebastião da Bôa Vista,"Um trabalhador rural ganha de 38000 a 48000 diários. Não ha administradores nem escrivães de fazenda; um carpinteiro ganha 88000 diários; um cozinheiro, 608000 mensões; uma lavadeira, 408000 mensões. Os salários são pagos e os contratos cumpridos.",Um trabalhador rural ganha de 38000 a 48000 diários,3000,4000,daily,um carpinteiro ganha 88000 diários,8000,,daily,"10 ""!"" anmaes sob garantia de bons seringães.",10,10,annual,"Qualidades - O município Jem terras de toda qualidade, predominando as terras bôas e regulares; são argilosas, planas e enxutas. Os terrenos inferiores são representados principalmente pelas terras alagadas. Pequena porção de terrenos pedregosos e pantanosos. A vegetação é representada por muita matta virgem e capoeiras, alguns cerrados e pequena quantidade de campos e carrascaes. Preços — O preço das terras varia segundo os seringães nellas existentes, custando de 5008000 a 1.0008000 uma estrada com 100 seringueiras. Este número de pés quase nunca é completo, geralmente cada estrada tem 70 ou menos pés de seringueiras.","Preços — O preço das terras varia segundo os seringães nellas existentes, custando de 5008000 a 1.0008000 uma estrada com 100 seringueiras. Este número de pés quase nunca é completo, geralmente cada estrada tem 70 ou menos pés de seringueiras.",500000,1000000,seringueiras,1
PA,Soure,"O trabalhador rural ganha 3$000 diários; o cozinheiro, 30$000 mensais; a lavadeira, 20$000 mensais; o carpinteiro, 6$000 diários; o administrador de fazenda, de 50$000 a 120$000 mensais. Não há escrivães de fazenda. Os salários são pagos e os contratos cumpridos.",O trabalhador rural ganha 3$000 diários,3000,,daily,"o carpinteiro, 6$000 diários",6000,,daily,A taxa usual é de 10% a 12% anuares.,10,12,annual,"Qualidades - Existem muitas terras boas, algumas regulares e poucas inferiores, estas constituídas por terrenos alagadiços. A maioria das terras é arenosa. Todo o município é plano. São numerosos os pantanos. A vegetação é representada por muitas matas, capoeiras, cerrados, carrascaes e campos. “Preços—Uma legua quadrada de campo, bom para criar, custa 30.000$000, mais ou menos.”","Preços—Uma legua quadrada de campo, bom para criar, custa 30.000$000, mais ou menos.”",30000000,30000000,legua,1
PA,Souzel,"Trabalhador rural ganha 4$000 diários; cosinheiro, 65$000 a 70$000 mensais; lavadeira, 50$000 a 60$000 mensais; carpinteiro, 7$000 a 9$000 diários; não ha administradores, nem escrivães de fazenda. Os salários são pagos e os contratos compridos.",Trabalhador rural ganha 4$000 diários,4000,,daily,"carpinteiro, 7$000 a 9$000 diários",7000,9000,daily,"A taxa usual é de 12 % ao ano, sendo raras as transações.",12,12,annual,"Qualidades - Ha muitas terras bôas, algumas regulares e poucas inferiores; em sua maioria são arenosas, poucas são argilosas. Todo o município é plano e quase todo enxuto. Não ha terrenos pedregosos e poucos são os pantanosos. A vegetação é representada por muitas matas virgens, algumas capoeiras e campos. Preços - Vario o preço das terras segundo o número de seringueiras, nellas existentes, regulando 500$000 a 1 1000$000 por estrada de 100 pés.","Preços - Vario o preço das terras segundo o número de seringueiras, nellas existentes, regulando 500$000 a 1 1000$000 por estrada de 100 pés.",500000,1000000,seringueiras,1
PA,Vigia,"O trabalhador rural ganha de 2$000 a 3$000 diarios; carpinteiro, de 6$000 a 10$000 diarios; cozinheiros e lavadeiras não se alugam; administradores e escrivães de fazenda não ha. Os salarios são pagos e os contractos cumpridos.",O trabalhador rural ganha de 2$000 a 3$000 diarios,2000,3000,daily,"carpinteiro, de 6$000 a 10$000 diarios",6000,10000,daily,Não ha emprestimos.,,,,"Qualidade - No geral bôas; os terrenos são planos e enxutos; entretanto, há lugares alagados nas épocas das marés. A vegetação é representada por alguma matta virgem e muita capoeira; não há cerrados nem carrascaes e campos. Preços — O Estado vende o hectare de terra bôa a 1$000 e 1$200; os particulares, de 5$000 a 12$000.","Preços — O Estado vende o hectare de terra bôa a 1$000 e 1$200; os particulares, de 5$000 a 12$000.",1000,12000,hectare,0
PA,Vizeu,"Um trabalhador rural, colono ou camarada, ganha diariamente de 1$000 a 3$000, conforme o serviço; um cozinheiro ganha mensalmente de 30$000 a 40$000; uma lavadeira cobra por peça, em média 200 réis; um carpinteiro ganha de 5$000 a 7$000 diários; não há administradores nem escrivães de fazenda. Os salários são pagos e os contratos cumpridos pontualmente.","Um trabalhador rural, colono ou camarada, ganha diariamente de 1$000 a 3$000, conforme o serviço",1000,3000,daily,um carpinteiro ganha de 5$000 a 7$000 diários,5000,7000,daily,Não há operações de crédito.,,,,"Qualidades - As terras são boas na maior parte; têm mattas virgens, capoeiras e cerrados; em alguns lugares são argilosas e arenosas, em outros misturadas; a maior parte planas. Nos campos as gramíneas crescem com notável vigor. Preços — O preço das terras é indicado em tabelas regulamentares do Estado, preço no geral muito baixo.","Preços — O preço das terras é indicado em tabelas regulamentares do Estado, preço no geral muito baixo.",,,,
PB,Alagôa do Monteiro,"Trabalhador rural, de 800 réis a 15000 diarios; carpinteiro, 35000 por dia; cozinheiro, de 105000 a 155000 mensajes; lavadeira, 450000 mensajes; não ha administradores nem escrivães de fazenda. Os salarios são pagos e os contractos cumpridos.","Trabalhador rural, de 800 réis a 15000 diarios",800,1500,daily,"carpinteiro, 35000 por dia",35000,,daily,Não ha emprestimos.,,,,"Qualidades - Ha terras bôas e inferiores em partes mais ou menos eguaes; em sua maioria argillosas, havendo algumas misturadas e poucas arenosas. Ha muitas terras planas e algumas montanhosas, pedregosas e seccas, não havendo pantanosas. A vegetação é representada por capoeiras, cerrados, carrascaes e campos. Não ha mattas virgens. "" Preços — Um hectare de terra bôa custa 2005000, approximadamente, porém ha preços muito inferiores a este.","Preços — Um hectare de terra bôa custa 2005000, approximadamente, porém ha preços muito inferiores a este.",200000,200000,hectare,0
PB,Alagôa Grande,"Trabalhador rural, 600 réis a 18000 diarios, sem alimentação; administradores e escrivães de fazenda, não ha; carpinteiro, 38000 diarios; as lavadeiras cobram 20 a 40 réis por peça; cozinheira, 108000 mensajes. Os salarios são pagos e os contractos cumpridos.","Trabalhador rural, 600 réis a 18000 diarios, sem alimentação",600,1000,daily,"carpinteiro, 38000 diarios",3000,,daily,"A taxa de 2 ""l"" ao mês, capitalizados de seis em seis meses, e também uma taxa de 5 ""l"", aos pequenos lavradores. MADEIRAS de lc — Louro, pão d'arco, aroeira, barauna, sucupira, etc.",2,5,monthly,"Qualidades - Na maior parte bôas; somente uma parte, arenosa, perto do município de Areia, apresenta terra mais fraca e considerada inferior. Ora montanhosas, ora planas; há poucos terrenos pedregosos, e nas “catingas”, algumas terras seccas; não há terras pantanosas. A vegetação é representada por capoeiras, cerrados e pequenos campos nas “catingas”; não há mattas virgens, nem carrascaes. Preços — As terras não têm preço, fixo; o preço varia segundo as qualidades, quantidades, região, etc.","Preços — As terras não têm preço, fixo; o preço varia segundo as qualidades, quantidades, região, etc.",,,,
PB,Alagôa Nova,"Trabalhador rural, 700 réis diarios; administradores e escrivães de fazenda não ha; carpinteiro, 3$000 diarios lavadeira ou cosinheira, 10$000 mensaes. Os salarios são pagos e os contractos cumpridos.","Trabalhador rural, 700 réis diarios",700,,daily,"carpinteiro, 3$000 diarios lavadeira ou cosinheira, 10$000 mensaes",3000,10000,daily,"A taxa é de 2% ao mez, capitalizados de seis em seis mezes.",2,2,monthly,"Qualidades - São geralmente bôas, havendo regulares no districto de Esperança. A maior parte das terras são argillosas, argillosilicosas e montanhosas, existindo algumas misturadas e planas; há poucas pedregosas, e secas nos agrestes; não há pantanosas. A vegetação é representada por capoeiras, cerrados e campos; não há mattas virgens, nem carrascaes. Preços — O preço das terras varia muito com o logar, qualidade, quantidade, etc.; sendo difficil estabelecer uma média; em todo caso, no geral os preços são baixos.","Preços — O preço das terras varia muito com o logar, qualidade, quantidade, etc.; sendo difficil estabelecer uma média; em todo caso, no geral os preços são baixos.",,,,
PB,Araruna,"Trabalhador rural, 800 a 1$200 diarios; não há escrivães de fazenda; administrador de fazenda, 50$000 mensajes, com alimentação; carpinteiro, 2$500 diários; lavadeira, 5$000 mensajes; cozinheira, 10$000 mensajes. Os salários são pagos e os contratos cumpridos.","Trabalhador rural, 800 a 1$200 diarios",800,1200,daily,"carpinteiro, 2$500 diários",2500,,daily,A taxa de 2 e 4% ao mez.,2,4,monthly,"Qualidades - O município possui terras bôas, no planalto da Serra de Araruna; regulares, em grande proporção; e inferiores, em pequena extensão, estas são geralmente misturadas, havendo pequenas porções de argilhosas e arenosas. Geralmente séccas e planas; muitas pedregosas e poucas montanhosas. A vegetação é representada por muitas capoeiras, alguns campos e cerrados e poucos carrascaes. Preços — Um hectare de terra bôa custa 500$000, approximadamente preço exagerado, que há bem mais inferiores. (Vide nota).","Preços — Um hectare de terra bôa custa 500$000, approximadamente preço exagerado, que há bem mais inferiores. (Vide nota).",500000,500000,hectare,0
PB,Areia,"Trabalhador rural, 15000 diarios; não há administradores nem escrivães de fazenda; feitos, 500000 annuâes; carpinteiro, 35000 diarios; lavadeira, 85000 a 155000 mensões; cozinheira, 65000 a 105000 mensões. Os salários são pagos e os contratos cumpridos.","Trabalhador rural, 15000 diarios",1000,,daily,"carpinteiro, 35000 diarios",35000,,daily,"A taxa é de 2 % ao mês, capitalizados de seis em seis meses.",2,2,monthly,"Qualidades - O município possui terras boas e regulares; estas são geralmente arenosas e montanhosas. A vegetação é representada por muitas capoeiras, cerrados e campos. Preços — Um hectare de terra boa custa 500$000, approximadamente, mas há preços bem inferiores.","Preços — Um hectare de terra boa custa 500$000, approximadamente, mas há preços bem inferiores.",500000,500000,hectare,0
PB,Bananeiras,"Trabalhador rural, de 800 réis a 1$000 diarios; não ha escrivães de fazenda; administrador de fazenda, 60$000 mensas; carpinteiro, 2$000 a 5$000 diarios; lavadeira, 10$000 mensas; cozinheira, 10$000 mensas. Os salarios são pagos e os contractos cumpridos.","Trabalhador rural, de 800 réis a 1$000 diarios",800,1000,daily,"carpinteiro, 2$000 a 5$000 diarios",2000,5000,daily,A taxa comum é de 2% ao mez.,2,2,monthly,"Qualidades - A maior parte bôas; regulares e inferiores, algumas; geralmente misturadas. Ha mais montanhosas do que planas; poucas pedregosas. A vegetação é representada por grande parte de campos e capoeiras e por pequena parte de cerrados. "" Preços — Um hectare de terra bôa custa 200$000, approximadamente, havendo porém preços muito e muito inferiores.","Preços — Um hectare de terra bôa custa 200$000, approximadamente, havendo porém preços muito e muito inferiores.",200000,200000,hectare,0
PB,Brejo do Cruz,"Trabalhador rural, 18000 diarios; não há administradores nem escrivães de fazenda; carpinteiro, 38000 a 48000 diarios; cozinheira, de 88000 a 108000 mensões; lavadeira, de 48000 a 58000 mensões; os vaqueiros têm mais ou menos 25% das crias. Os salários são pagos e os contratos cumpridos.","Trabalhador rural, 18000 diarios",1000,,daily,"carpinteiro, 38000 a 48000 diarios",3000,4000,daily,Não há prestamistas.,,,,"Qualidades - Na maioria regulares, havendo algumas bôas e inferiores; há muitas misturadas, algumas argilhosas e arenosas; parte é montanhosa e parte plana. A vegetação é representada por algumas mattas, em S. João, Santa Antônia e Canadá, por muitos campos e algumas capoeiras e carrascaes. Preços — Um hectare de terra boa custa, approximadamente, 5008000, porém, há preços bem inferiores.","Preços — Um hectare de terra boa custa, approximadamente, 5008000, porém, há preços bem inferiores.",500000,500000,hectare,0
PB,Cabaceiras,"Trabalhador rural, 1$000 diários sem alimentação; administradores e escrivães de fazenda não há; o vaqueiro ganha 25 por cento das crias; o carpinteiro, 2$000 diários; cozinheiro, 6$000 a 8$000 mensais; pagam de 20 a 100 réis por peça de roupa lavada. Os salários são pagos e os contratos cumpridos.","Trabalhador rural, 1$000 diários sem alimentação",1000,,daily,"o carpinteiro, 2$000 diários",2000,,daily,A taxa comum é de dois por cento ao mez.,2,2,monthly,"Qualidades - Em sua maioria regulares, havendo poucas inferiores; geralmente misturadas, sendo algumas planas e muitas montanhosas; no geral seccas, existindo algumas pedregosas e poucas argillosas. A vegetação é representada por muitos campos e capoeiras e alguns carrascaes. "" Preços — Muito variáveis.",Preços — Muito variáveis.,,,,
PB,Cabedello,"O trabalhador rural, 1$500 diarios; cozinheira, 10$000 a 20$000 mensais; lavadeira, 10$000 a 15$000 mensais; carpinteiro, 4$000 diarios; não há administrador nem escrivão de fazenda. Os salarios são pagos e os contratos cumpridos.","O trabalhador rural, 1$500 diarios",1500,,daily,"carpinteiro, 4$000 diarios",4000,,daily,Pagam 2 a 3° - ao mez.,2,3,monthly,"Qualidades - Geralmente inferiores, arenosas, planas e seccas. Sua vegetação é representada por capoeiras, cerrados e campos. "" Preços — Muito ínfimos.",Preços — Muito ínfimos.,,,,
PB,Caiçara,"Trabalhador rural, 1$000 diarios; não ha administradores nem escrivães de fazenda; carpinteiro, 3$000 diarios; vaqueiro, 25 por cento das crias do gado que toma conta; lavadeira, 2$000 a 6$000 mensaes; cozinheira, 5$000 a 10$000 mensae. Os salarios são pagos e os contractos cumpridos.","Trabalhador rural, 1$000 diarios",1000,,daily,"carpinteiro, 3$000 diarios",3000,,daily,"A taxa é de dois por cento ao mez, sendo os juros capitalizados de seis em seis mezes.",2,2,monthly,"Qualidades - O município possue terras de toda sorte: bóas, regulares e inferiores, planas e montanhosas, argillosas, arenosas, misturadas, seccas, etc. A sua vegetação é representada por muitas capoeiras, campos e alguns cerrados. Preços — Um hectare de terra boa custa 181$000, approximadamente.","Preços — Um hectare de terra boa custa 181$000, approximadamente.",181000,181000,hectare,0
PB,Cajazeiras,"Trabalhador rural, 1$000 diários; cozinheira, de 10$000 a 15$000 mensais; lavadeira, de 6$000 a 8$000; carpinteiro, de 4$000 a 5$000 diários; não ha administradores nem escrivães de fazenda. Os salários são pagos e os contratos cumpridos.","Trabalhador rural, 1$000 diários",1000,,daily,"carpinteiro, de 4$000 a 5$000 diários",4000,5000,daily,Não são comuns empréstimos agrícolas.,,,,"Qualidades - Na maioria, bôas e regulares; misturadas; em parte planas, em parte montanhosas. Existem poucas matas nas serras do Bento e Amaro, muitas capoeiras, alguns carrascaes e campos. Preços - O hectare de terra boa custa 50$000, havendo preços menores.","Preços - O hectare de terra boa custa 50$000, havendo preços menores.",50000,50000,hectare,0
PB,Campina Grande,"Trabalhador rural, 800 réis, a sécco, e a 400 réis com alimentação; administradores e escrivães de fazenda, não ha; carpinteiro, 35000 diarios; os vaqueiros ganham 25% das crias do gado de que tomam conta; as lavadeiras cobram por peça; cosinheiras, ganham 105000 mensajes. Os salarios são pagos e os contractos cumpridos.","Trabalhador rural, 800 réis, a sécco, e a 400 réis com alimentação",400,800,,"carpinteiro, 35000 diarios",35000,,daily,"Taxa de 2 ""j"" ao mez capitalizado, de seis em seis meses.",2,2,monthly,"Qualidades - As terras dos brejos e das catingas são geralmente bôas, resentindo-se todavia, da falta d'água; as dos carirys são inferiores. São argilosas nos brejos e catingas, as quaes desde que haja água abundante, são fertilissimas; são arenosas nos carirys e no agreste. Os terrenos de carirys são planos e os de catinga, montanhosos. Há alguns terrenos pedregosos e muitos séccos. Sua vegetação é representada por alguns cerrados, carrascaes e muitas capoeiras e campos. "" Preços — E' muito variável, sendo difícil um preço médio.","Preços — E' muito variável, sendo difícil um preço médio.",,,,
PB,Catolé do Rocha,"Trabalhador rural, 1$500, diarios; cozinheira, 10$000 a 12$000, mensaes; lavadeira, 4$000 e 5$000, mensaes; carpinteiro, 3$000, diarios; não há administradores nem escrivães de fazenda. Os salarios são pagos e os contractos cumpridos.","Trabalhador rural, 1$500, diarios",1500,,daily,"carpinteiro, 3$000, diarios",3000,,daily,Não é comum empréstimos ao agricultor.,,,,"Qualidades - Na maioria bôas e regulares, em geral misturadas; em parte planas, em parte montanhosas; pedregosas e séccas em alguns lugares. Há pequenas mattas, algumas capoeiras e muitos campos. ” Preços — O hectare de terra bôa custa, 200$000, mas há preços bem inferiores.","Preços — O hectare de terra bôa custa, 200$000, mas há preços bem inferiores.",200000,200000,hectare,0
PB,Conceição,"Trabalhador rural, 1$000 diarios; cozinheira e lavadeira, de 8$000 a 10$000 mensas; carpinteiro, de 2$000 a 3$000 diarios; não há administradores nem escrivães de fazenda. Os salarios são pagos e os contractos cumpridos.","Trabalhador rural, 1$000 diarios",1000,,daily,"carpinteiro, de 2$000 a 3$000 diarios",2000,3000,daily,Não ha prestamistas.,,,,"Qualidades - Há terras bôas, muitas regulares e poucas inferiores. São misturadas em sua maioria, havendo poucas arenosas e argilosas; são geralmente montanhosas, com exceção os valles dos rios e algumas chapadas. Há muitas terras pedregosas e secas; não há pantanos. A vegetação é representada por muitas capoeiras, por alguns cerrados, especialmente nos altos das serras; poucos carrascaes e campos ao norte e sul do município. “Preços — Um hectare de terra bôa custa 300$000, approximadamente, porém há preços muito e muito inferiores a este, que é especial.","Preços — Um hectare de terra bôa custa 300$000, approximadamente, porém há preços muito e muito inferiores a este, que é especial.",300000,300000,hectare,0
PB,Espírito Santo,"Trabalhador rural 600 a 800 réis a secco; administradores e escrivães de fazenda, não ha; carpinteiro, 35000 diários; cozinheira, de 85000 a 105000 mensais; as lavadeiras cobram por peça. Os salários são pagos e os contratos cumpridos.",Trabalhador rural 600 a 800 réis a secco,600,800,,"carpinteiro, 35000 diários",35000,,daily,A taxa de 24 *|* ao ano.,24,24,annual,"Qualidades - No geral bóas, argilosas, planas e seccas; havendo também pedregosas na zona das catingas, zona entre o littoral e o sertão. A vegetação é representada, na maior parte, por capoeiras, carrascaes e campos, não ha cerrados nem mattas virgens. Preços — Variam muito, porém, são baixos.","Preços — Variam muito, porém, são baixos.",,,,
PB,Guarabira,"Trabalhador rural, 600 réis a 1$000 diários; não há administradores, nem escrivães de fazenda; carpinteiro, 3$000, diários; cosinheira, 5$000 a 15$000 mensais; lavadeira, 3$000 a 5$000 mensais. Os salários são pagos e os contratos cumpridos.","Trabalhador rural, 600 réis a 1$000 diários",600,1000,daily,"carpinteiro, 3$000, diários",3000,,daily,A taxa comum é de 2% ao mez.,2,2,monthly,"Qualidades - São boas nos brejos, regulares nas catingas e inferiores para os lados de Mamanguape. Na zona dos brejos ou brejeira são misturadas e na catinga, são misturadas também, porém com mais areia. O município ora é plano, ora montanhoso. A vegetação é representada por muitas capoeiras, poucos cerrados e campos. Preços - Um hectare de terra boa custa, approximadamente, 181$000; havendo porém, preços bem inferiores.","Preços - Um hectare de terra boa custa, approximadamente, 181$000; havendo porém, preços bem inferiores.",181000,181000,hectare,0
PB,Ingá,"Trabalhador rural, 800 réis diários, sem alimentação; administradores e escrivães de fazenda, não há; os vaqueiros ganham um terço das crias, carpinteiro, 35000 diários; lavadeira, 85000 mensais; cozinheira, 105000 mensais. Os salários são pagos, mas os contratos nem sempre são cumpridos.","Trabalhador rural, 800 réis diários, sem alimentação",800,,daily,"os vaqueiros ganham um terço das crias, carpinteiro, 35000 diários",35000,,daily,8 e 10 * | ao mez sobre hypothecas. (Vide nota).,8,10,monthly,"Qualidades - A maior parte bôas, e pequena porção de regulares e inferiores; geralmente misturadas, em sua maioria montanhosas; são excessivamente séccas e em parte pedregosas. A vegetação é representada em grande parte por capoeiras, e em pequena parte pelos cerrados, carrascaes e campos. Preços — Um hectare de terra bôa custa 105000, approximadamente.","Preços — Um hectare de terra bôa custa 105000, approximadamente.",10000,10000,hectare,0
PB,Itabayana,"Trabalhador rural, de 300 réis a 18000 diarios; administradores e escrivães de fazenda não há; carpinteiro, 38000 diarios; cozinheira ou lavadeira, 208000 mensaes. Os salarios são pagos e os contractos cumpridos.","Trabalhador rural, de 300 réis a 18000 diarios",300,1000,daily,"carpinteiro, 38000 diarios",3000,,daily,"A taxa é de 2°|ª ao mez, capitalisados de seis em seis mezes.",2,2,monthly,"Qualidades - A maior parte bôas, especialmente ao sopé das serras. Na parte arenosa, que chamam comumente *cipoal* cultiva-se com muita vantagem a mandioca. Em geral planas, arenosas e seccas; não há terrenos pantanosos. A vegetação é representada por muitas capoeiras, alguns cerrados e carrascaes e vastíssimos campos. “ Preços — Não há preço fixo para as terras, este varia com o logar, a qualidade e extensão destas.","Preços — Não há preço fixo para as terras, este varia com o logar, a qualidade e extensão destas.",,,,
PB,Mamanguape,"Trabalhador rural, de 700 réis a 18000 diários, sem alimentação; não há escrivães de fazenda; administrador, aqui chamado feitor de fazenda, 508000 mensões; carpinteiro, 38000 diários; lavadeira, de 38000 a 108000 mensões; cozinheira, de 58000 a 108000 mensões. Os salários são pagos e os contracos cumpridos.","Trabalhador rural, de 700 réis a 18000 diários, sem alimentação",700,1000,daily,"carpinteiro, 38000 diários",3000,,daily,"A taxa é de 2 a 3 ""l"" ao mez, sendo os juros capitalizados de seis em seis mezes.",2,3,monthly,"Qualidades - As terras do município são boas nos valles dos rios Mamanguape e Camaratuba; regulares na catinga e inferiores nos taboleiros; as terras boas são argilosas; as inferiores são arenosas e as regulares são misturadas e em sua maioria planas e seccas. A vegetação é representada em grande parte por capoeiras e cerrados, e em pequena parte, por campos. (Vide nota). Preços — O preço das terras é muito variável.",Preços — O preço das terras é muito variável.,,,,
PB,Misericordia,"Trabalhador rural, 18000 a 18500, diarios; cozinheira, 58000 a 128000 mensões; lavadeira, 38000 a 58000 mensões; carpinteiro, 38000 a 58000 diários; não há administrador nem escrivão de fazenda. Os salários são pagos e os contratos cumpridos.","Trabalhador rural, 18000 a 18500, diarios",1000,1500,daily,"carpinteiro, 38000 a 58000 diários",3000,5000,daily,A taxa commun é de 2 a 3 *1/2 ao mez.,2,3,monthly,"Qualidades - Metade talvez boas; as regulares e inferiores em quantidades mais ou menos iguais; algumas são argilosas, poucas arencas, muitas misturadas. A maior parte é plana. A vegetação é representada por muitas capoeiras, alguns cerrados e poucos carrascaes e campos. Preços — Um hectare de terra boa custa de 1008000 a 3008000, preço para terrenos especiais, porque o preço corrente é muito e muito inferior.","Preços — Um hectare de terra boa custa de 1008000 a 3008000, preço para terrenos especiais, porque o preço corrente é muito e muito inferior.",100000,300000,hectare,0
PB,Parahyba,"Trabalhador rural, 1$000 a 1$500 diários; não há administradores nem escrivães de fazenda; carpinteiro, 3$000 a 5$000 diários; cozinheira, 10$000 mensais; as lavadeiras ganham por peça. Os salários são pagos e os contratos cumpridos.","Trabalhador rural, 1$000 a 1$500 diários",1000,1500,daily,"carpinteiro, 3$000 a 5$000 diários",3000,5000,daily,"Não são usuais empréstimos agrícolas, e só são feitos com a elevada taxa de 5 a 10% ao mez.",5,10,monthly,"Qualidades - Na maioria regulares, misturadas e planas, existindo alguns terrenos pantanosos. A vegetação é representada por poucas mattas virgens, muitas capoeiras, cerrados, carrascaes e campos. Preços — E’ muito variável.",Preços — E’ muito variável.,,,,
PB,Patos,"Trabalhador rural, 1$500 a 2$000 diarios; não há administradores nem escrivães de fazenda; cosinheiro, 5$000 a 10$000 mensais; carpinteiro, 4$000 diarios; lavadeira, 3$000 a 6$000 mensais. Os salários são pagos e os contratos cumpridos.","Trabalhador rural, 1$500 a 2$000 diarios",1500,2000,daily,"carpinteiro, 4$000 diarios",4000,,daily,A taxa é de 2% ao mez.,2,2,monthly,"Qualidades - Existem terras bós, regulares e inferiores. Umas são arenosas e outras argilosas e misturadas; sendo geralmente planas e secas. A vegetação é representada por muito campos, algumas mattas, poucas capoeiras, cerrados e carrascaes. Preços - Um hectare de terra bôa custa 500$000, approximadamente, mas este preço é todo especial; o preço corrente é muito e muito inferior.","Preços - Um hectare de terra bôa custa 500$000, approximadamente, mas este preço é todo especial; o preço corrente é muito e muito inferior.",500000,500000,hectare,0
PB,Pedras de Fogo,"Trabalhador rural, 700 réis diarios; cosinheiro, 10$000 mensais; as lavadeiras, são pagas por peça de roupa; carpinteiro, 3$000 diarios; administrador de fazenda, 60$000 mensais; não ha escrivães de fazenda. Os salarios são pagos e os contractos cumpridos.","Trabalhador rural, 700 réis diarios",700,,daily,"carpinteiro, 3$000 diarios",3000,,daily,A taxa é de 18 a 24 % ao anno.,18,24,annual,"Qualidades - Na maioria inferiores; arenosas; seccas; e geralmente planas. A vegetação é representada por mattas, capoeiras, cerrados, carrascaes e campos sujos. "" Preço — E' muito variável o preço das terras, mas geralmente baixos.","Preço — E' muito variável o preço das terras, mas geralmente baixos.",,,,
PB,Piancó,"Trabalhador rural, 800 réis a 1$000; não há administradores nem escrivães de fazenda; carpinteiro, 2$500 a 3$000, diários; cozinheiro, 10$000, mensões; lavadeira, 5$000 mensões. Os salários são pagos e os contratos cumpridos.","Trabalhador rural, 800 réis a 1$000",800,1000,,"carpinteiro, 2$500 a 3$000, diários",2500,3000,daily,"A taxa commun é de 2 %, ao mez.",2,2,monthly,"Qualidades - São na maioria regulares; havendo algumas bôas e inferiores. Há muita misturada; poucas arenosas e argilosas. O município é geralmente plano. A vegetação é representada por muitas capoeiras, algumas mattas, cerrados; poucos carrascaes e campos. Um hectare de terra bôa pôde custar, approximadamente, 200$000 a 300$000.",,,,,
PB,Picuhy,"Trabalhador rural, de 1$000 a 1$200 diarios, sem alimentação; administradores e escrivães de fazenda não ha; vaqueiro ganha 25% das crias; carpinteiro, de 2$000 a 5$000 diarios; lavadeira, 10$000 mensajes; cozinheira, 10$000 mensajes. Os salários são pagos e os contratos cumpridos.","Trabalhador rural, de 1$000 a 1$200 diarios, sem alimentação",1000,1200,daily,"carpinteiro, de 2$000 a 5$000 diarios",2000,5000,daily,A taxa é de 2% ao mez.,2,2,monthly,"Qualidades - O município possui terras boas no distrito de Coité; regulares na catinga e inferiores nos Carirys e no Seridó; essas terras são em grande parte misturadas, e em pequena parte argilosas e arenosas. Em extremo seccas, havendo muitas montanhosas e pedregosas e poucas planas. Sua vegetação é representada por muitas capoeiras, alguns campos e cerrados e poucos carrascaes. Preços — Um hectare de terra boa custa 250$000, aproximadamente, preço exagerado ou especial, porque há bem mais inferiores.","Preços — Um hectare de terra boa custa 250$000, aproximadamente, preço exagerado ou especial, porque há bem mais inferiores.",250000,250000,hectare,0
PB,Pilar,"Trabalhador rural, 800 réis a sécco e 400 réis com comida. Não ha administradores, nem escrivães de fazenda; carpinteiro ganha 3$000 diarios; cosinheira, 10$0000 mensas; as lavadeiras, cobram por peça. Os salarios são pagos e os contractos cumpridos.","Trabalhador rural, 800 réis a sécco e 400 réis com comida",400,800,,carpinteiro ganha 3$000 diarios,3000,,daily,"A taxa é de 2°|°, capitalizados de seis em seis mezes.",2,2,monthly,"Qualidades - Em sua maioria bôas, argillosas, séccas e planas, pequenas extensões de terras arenosas e montanhosas. Há vastos campos para criação e algumas capoeiras, cerrados e carrascaes. Preços — Um hectare de terra bôa custa 10$330; 100 braças por 100 custam 500$000; este preço é muito especial e raro.",Preços — Um hectare de terra bôa custa 10$330; 100 braças por 100 custam 500$000; este preço é muito especial e raro.,10330,500000,hectare;braca,1
PB,Piranhas,"Trabalhador rural, 1$500 por dia; cozinheira, 10$000 mensais; lavadeira, 20 réis por peça ou 6$000 mensais; carpinteiros, 2$500 por dia; não há administradores nem escrivães de fazenda. Os salários são pagos e os contratos cumpridos.","Trabalhador rural, 1$500 por dia",1500,,daily,"carpinteiros, 2$500 por dia",2500,,daily,Não é comum empréstimos agrícolas.,,,,"Qualidades - São, em partes talvez iguais, bôas, regulares e inferiores; umas argillosas, outras arenosas, mas no geral misturadas; na maioria pedregosas e montanhosas. Existem algumas mattas, muitas capoeiras, carrascaes e campos. "" Preços — O hectare de terra boa custa 100$000, porém há preços bem menores.","Preços — O hectare de terra boa custa 100$000, porém há preços bem menores.",100000,100000,hectare,0
PB,Pombal,"Trabalhador rural, de 1$000 a 1$500 diarios; não há administradores nem escrivães de fazenda; carpinteiro, de 4$000 a 5$000 diarios; cozinheira, de 5$000 a 10$000 mensões; lavadeira, de 4$000 a 5$000 mensões. Os salarios são pagos e os contractos cumpridos.","Trabalhador rural, de 1$000 a 1$500 diarios",1000,1500,daily,"carpinteiro, de 4$000 a 5$000 diarios",4000,5000,daily,A taxa commun é de 2% ao mez.,2,2,monthly,"Qualidades - Há muitas terras boas, algumas regulares e poucas inferiores; misturadas, argilhosas e arenosas. O município é quase todo plano. A vegetação é representada por algumas capoeiras, carrascaes e campos. Preços — Um hectare de terra boa custa, approximadamente, de 100$000 a 150$000, havendo porém, preços bem mais inferiores.","Preços — Um hectare de terra boa custa, approximadamente, de 100$000 a 150$000, havendo porém, preços bem mais inferiores.",100000,150000,hectare,0
PB,Princeza,"Trabalhador rural, 1$000 diários a sécco; vaqueiro que é uma espécie de administrador de fazenda de criação, 25% sobre crias do gado de que toma conta; não há escrivães de fazenda; carpinteiro, 3$500 diários; cosinheira, 10$000 mensas; lavadeira, 5$000 a 10$000 mensas. Os salarios são pagos e os contractos cumpridos.","Trabalhador rural, 1$000 diários a sécco",1000,,daily,"carpinteiro, 3$500 diários",3500,,daily,"De 2 a 4 a 4"" ao mez.",2,4,monthly,"Qualidades - No geral bóas; há algumas argilhosas e misturadas; poucas arenosas. O município ora é plano. ora montanhoso. A vegetação é formada por muitas capoeiras e cerrados e poucas mattas virgens, estas no Tavares. Preços — Um hectare de terra boa custa de 500$000 a 700$000, approximadamente. Este preço evidentemente, é muito especial, pois os preços correntes são muito e muito inferiores.","Preços — Um hectare de terra boa custa de 500$000 a 700$000, approximadamente. Este preço evidentemente, é muito especial, pois os preços correntes são muito e muito inferiores.",500000,700000,hectare,0
PB,S. Luzia do Sabugy,"Trabalhador rural 1$000 diários, com alimentação; administradores e escrivães de fazenda não há; carpinteiro 2$000 a 3$000 diários; lavadeira 3$000 a 4$000 mensais. Os salários são pagos e os contratos cumpridos.","Trabalhador rural 1$000 diários, com alimentação",1000,,daily,carpinteiro 2$000 a 3$000 diários,2000,3000,daily,A taxa de 3 *1º ao mez e mais.,3,3,monthly,"Qualidades - Grande parte bôas e regulares, havendo muitas inferiores; são argilosas, misturadas e arenosas; geralmente planas. A vegetação é representada em grande parte por campos, e em menor parte por capoeiras e carrascaes. ” Preços — Um hectare de terra bôa custa 200$000 approximadamente, havendo preços muito e muito inferiores.","Preços — Um hectare de terra bôa custa 200$000 approximadamente, havendo preços muito e muito inferiores.",200000,200000,hectare,0
PB,Santa Rita,"Trabalhador rural, 800 réis diários; administrador de fazenda, 200$000 mensais; não há escrivães de fazenda; carpinteiro, 3$000 diários; cozinheira, de 10$000 a 20$000 mensais. As lavadeiras ganham por peça. Os salários são pagos e os contratos cumpridos.","Trabalhador rural, 800 réis diários",800,,daily,"carpinteiro, 3$000 diários",3000,,daily,A taxa commun é de 24% ao anno.,24,24,annual,"Qualidades - Em sua maioria bôas, havendo algumas argilhosas e arenosas; muitas planas e poucas pantanosas. A vegetação é representada por mattas e campos, se bem que existam também campos e cerrados. "" Preços — E' muito variável o preço das terras.",Preços — E' muito variável o preço das terras.,,,,
PB,S. João do Cariry,"Trabalhador rural, 1$000 diarios; administradores e escrivães de fazenda não ha; vaqueiro ganha 25 “|” das crias do gado de que toma conta; carpinteiro, 3$000 diarios; lavadeira, 3$000 a 5$000 mensões; cosinheira, 5$000 a 8$000 mensões. Os salarios são pagos e os contractos cumpridos.","Trabalhador rural, 1$000 diarios",1000,,daily,"carpinteiro, 3$000 diarios",3000,,daily,A taxa de dois a 3°| ao mez.,3,3,monthly,"Qualidades - Algumas boas; regulares, em grande extensão; e inferiores nos carrascaes; geralmente argillosas, planas e seccas. A vegetação é representada em grande parte por campos, e em pequena parte, por capoeiras, cerrados e carrascaes. “ Preços — Um hectare de terra boa custa 100$000, approximadamente, porém, os preços correntes são muito inferiores a este.","Preços — Um hectare de terra boa custa 100$000, approximadamente, porém, os preços correntes são muito inferiores a este.",100000,100000,hectare,0
PB,S. João do Rio do Peixe,"Trabalhador rural, 18000 diarios; administrador e escrivães de fazenda não há; carpinteiro, 28500 a 38000, diarios; cozinheiro, 108000 a 128000, mensajes; lavadeira, 48000 a 58000, mensajes. Os salarios são pagos e os contractos cumpridos.","Trabalhador rural, 18000 diarios",1000,,daily,"carpinteiro, 28500 a 38000, diarios",2500,3000,daily,Não há prestamistas.,,,,"Qualidades - Bôas, talvez metade; regulares e inferiores às restantes. Há muitas argilosas e algumas arenosas e misturadas; ora são planas, ora montanhosas. A vegetação é representada por algumas mattas, no brejo do Freitas e Umary; algumas capoeiras, poucos carrascaes e muitos campos. Preços — Um hectare de terra boa custa, approximadamente, 5008000, preço muito especial, que o regular é muito e muito menor. TRANPORTE — Um kilo de cereais paga para o mercado local, 8 a 10 réis; para Campina Grande, 190 réis e para Mossoró, 115 réis, sendo o transporte feito por tropas.","Preços — Um hectare de terra boa custa, approximadamente, 5008000, preço muito especial, que o regular é muito e muito menor.",500000,500000,hectare,0
PB,Serraria,"Trabalhador rural, 600 réis a 1$000 diarios; não há administradores nem escrivães de fazenda; feitor, 40$000 mensajes, com alimentação; carpinteiro, 3$000 a 4$000 diarios; lavadeira, 2$000 a 4$000 mensajes; cozinheira, 4$000 a 6$000 mensajes. Os salarios são pagos e os contractos cumpridos.","Trabalhador rural, 600 réis a 1$000 diarios",600,1000,daily,"carpinteiro, 3$000 a 4$000 diarios",3000,4000,daily,A taxa é de 2 a 6% ao mez.,2,6,monthly,"Qualidades - No município predominam as terras bóas e argilosas, havendo algumas regulares e arenosas entre Olho d'Agua, de Flora e Arara, onde também são planas. A vegetação é representada por muitas capoeiras, alguns cerrados e campos. Preços — Um hectare de terra boa custa 454$000, approximadamente, preço especial, porque os correntes são bem inferiores.","Preços — Um hectare de terra boa custa 454$000, approximadamente, preço especial, porque os correntes são bem inferiores.",454000,454000,hectare,0
PB,Soledade,"Trabalhador rural, 500 réis diários com alimentação; administrador de fazenda de criação, ou melhor, vaqueiro, ganha 25 por cento das crias; não há escrivães de fazenda; carpinteiro ganha 3$000 diarios; lavadeira, 5$000 a 6$000 mensais; cozinheiro, 8$000 mensais. Os salarios são pagos e os contractos cumpridos.","Trabalhador rural, 500 réis diários com alimentação",500,,daily,carpinteiro ganha 3$000 diarios,3000,,daily,A taxa é de dois por cento ao mês.,2,2,monthly,"Qualidades - O município possui muitas terras regulares; poucas inferiores e boas somente nas margens dos riachos. Geralmente são misturadas, poucas são arenosas e argilosas; em sua maioria séccas e planas; poucas são montanhosas e pedregosas. A vegetação é representada por grande parte de campos e capoeiras e pequena parte de carrascaes. Preços — Um hectare de terra boa custa 200$000, approximadamente.","Preços — Um hectare de terra boa custa 200$000, approximadamente.",200000,200000,hectare,0
PB,Souza,"Trabalhador rural, 18000 diarios; não há administradores, nem escrivães de fazenda; carpinteiro, 38000 a 48000 diarios; cozinheira, 88000 a 108000 mensões; lavadeira, 48000 a 68000 mensões. Os salarios são pagos e os contractos cumpridos.","Trabalhador rural, 18000 diarios",1000,,daily,"carpinteiro, 38000 a 48000 diarios",3000,4000,daily,Não ha prestamistas.,,,,"Qualidades - Talvez metade bôas, sendo as demais regulares e inferiores. Há muitas argilhosas, algumas arenosas e misturadas. Ora planas, ora montanhosas. A vegetação é representada por algumas mattas virgens nas serras: Santa Catharina, Cascavel e Commissario; há alguns campos; poucas capoeiras e carrascaes. Preços — Um hectare de terra boa custa, approximadamente, 5008000, mas este preço é especial; o preço corrente é muito e muito mais baixo.","Preços — Um hectare de terra boa custa, approximadamente, 5008000, mas este preço é especial; o preço corrente é muito e muito mais baixo.",500000,500000,hectare,0
PB,Taperoá,"Trabalhador rural, 1$000 a 1$200 diarios, sem alimentação; administradores e escrivães de fazenda não ha; carpinteiro, 2$000 a 5$000 diarios; lavadeira, 5$000 a 10$000 mensajes; cozinheira, 8$000 a 10$000 mensajes. Os salários são pagos e os contratos cumpridos.","Trabalhador rural, 1$000 a 1$200 diarios, sem alimentação",1000,1200,daily,"carpinteiro, 2$000 a 5$000 diarios",2000,5000,daily,A taxa é de tres por cento ao mez.,3,3,monthly,"Qualidades - O município possui terras boas nas margens dos rios, algumas regulares em diversos pontos e inferiores em alguns tabuleiros. As terras são geralmente misturadas, argilhosas nos terrenos escarvados e arenosas nos tabuleiros. Umas são planas outras montanhosas, sobretudo nas encostas da Borborema e pedregosas na visinhança das serras. A vegetação é representada por grande parte de campos e capoeiras e pequena parte de cerrados. Preços — Um hectare de terra boa custa 500$000, aproximadamente.","Preços — Um hectare de terra boa custa 500$000, aproximadamente.",500000,500000,hectare,0
PB,Teixeira,"Trabalhador rural, 800 réis a 18000 por dia; não há administradores nem escrivães de fazenda; carpinteiro, 18000 a 38000 por dia; cozinheira, 128000 por mez; as lavadeiras ganham por peça. Os salarios são pagos com regularidade.","Trabalhador rural, 800 réis a 18000 por dia",800,1000,daily,"carpinteiro, 18000 a 38000 por dia",1000,3000,daily,Não ha.,,,,"Qualidades - As terras são em sua maioria bôas, havendo algumas regulações e poucas inferiores; muitas são argilhosas; poucas arenosas e algumas misturadas; metade são planas, metade montanhosas; sendo quase todas mais ou menos secas. Não há pantanosas. A vegetação é representada por poucas mattas, algumas capoeiras e poucos carrascaes e campos. Preços — Um hectare de terra boa custa 2008000.",Preços — Um hectare de terra boa custa 2008000.,200000,200000,hectare,0
PB,Umbuzeiro,"Trabalhador rural. 500 réis diarios, com alimentação; não há administradores nem escrivães de fazenda; vaqueiro ganha um terço das crias; carpinteiro, 2$500 diarios; cozinheira, 10$000 mensais; pagam a roupa lavada por peças. Os salarios são pagos e os contractos cumpridos.",Trabalhador rural,500,,,"carpinteiro, 2$500 diarios",2500,,daily,A taxa é de 2% ao mez.,2,2,monthly,"Qualidades - O município possue terras boas quase sómente em Natuba; regulares em grande extensão, e inferiores em pequenas faixas; geralmente misturadas; arenosas nas serras e argilosas no sopé das mesmas; montanhosas em grande extensão e planas e pedregosas em pequena parte. A vegetação é representada por grande parte de capoeiras e pequena parte de cerrados, carrascaes e campos. Preços — Um hectare de terra boa custa 250$000, approximadamente.","Preços — Um hectare de terra boa custa 250$000, approximadamente.",250000,250000,hectare,0
PR,Antonina,"Cozinheira ganha 20$000 mensões; lavadeira, 500 réis por duzia de peças; carpinteiro, de 4$000 a 5$000 diários; trabalhador, de 1$000 a 1$500 diários com comida; não há administradores nem escrivães de fazenda. Os salários são pagos e os contratos cumpridos.",-,1000,1500,,"carpinteiro, de 4$000 a 5$000 diários",4000,5000,daily,Não há prestamistas.,,,,Qualidades - A maior parte bôas; poucas inferiores; havendo misturadas em quantidade e argilosas e arenosas poucas; há planas e montanhosas. O município possui muitas matas virgens e capoeiras e poucos cerrados; não há campos nem carrascaes. Preços — Um hectare de terra boa custa de 7$000 a 10$000.,Preços — Um hectare de terra boa custa de 7$000 a 10$000.,7000,10000,hectare,0
PR,Araucaria,"Trabalhador rural, 28000 por dia e comida. Não ha administradores nem escrivães de fazendas; cozinheiro, 28000 diarios; as lavadeiras cobram 400 réis por duzia de peças a lavar; carpinteiro, 58000 por dia. Os salarios são pagos e os contractos cumpridos.","Trabalhador rural, 28000 por dia e comida",2000,,daily,"carpinteiro, 58000 por dia",5000,,daily,Não há prestamistas.,,,,"Qualidades - No município predominam as terras regulares e inferiores, as bôas são pouco numerosas; no geral são misturadas, secas nos campos altos, bastante pedregosas e pantanosas nas margens de alguns rios; mais montanhoso do que plano. A vegetação é representada por capoeiras, cerrados, alguns carrasceas e campos, que em geral são mãos; não existem mattas virgens, nem pinheiraes e nem capoeirões, pois foram derrubadas para as lavouras dos colonos. “ Preços — Um hectare de terra bôa custa de 1508000 a 2008000, mais ou menos.","Preços — Um hectare de terra bôa custa de 1508000 a 2008000, mais ou menos.",150000,200000,hectare,0
PR,Assunguy,"O trabalhador rural, 1$000 a 2$000 diários, e alimentação; não ha administrador, nem escrivão de fazenda; carpinteiro, 4$000 a 5$000, casa e alimento; cosinheiro, não ha; lavadeira, idem; porque esses trabalhos domésticos são feitos pelas donas de casa. Os salários são pagos e os contratos cumpridos.","O trabalhador rural, 1$000 a 2$000 diários, e alimentação",1000,2000,daily,"carpinteiro, 4$000 a 5$000, casa e alimento",4000,5000,,Não ha prestamistas.,,,,"Qualidades - A maior parte das terras do município é bôa, havendo poucas regulares e menos inferiores. Há poucas terras argilosas e arenosas; no geral são misturadas. Geralmente montanhosas e pouco pedregosas; muito poucas pantanosas. A vegetação é representada por algumas mattas, muitas capoeiras, poucos cerrados e pequenos campos. Preços — Um hectare de terra bôa, custa 25$000, mais ou menos.","Preços — Um hectare de terra bôa, custa 25$000, mais ou menos.",25000,25000,hectare,0
PR,Bocayuva,"Trabalhador rural, 28000 diários; as cozinheiras, em geral, são agregadas, ou da família do agricultor; as lavadeiras, cobram 500 réis por duzia de peças; carpinteiro, 58000 diários; não há administradores nem escrivães de fazenda. Os salários são pagos e os contratos cumpridos.","Trabalhador rural, 28000 diários",2000,,daily,"carpinteiro, 58000 diários",5000,,daily,Não são usuais os emprestimos agrícolas.,,,,"Qualidades - As terras do município são boas e regulares, predominando as primeiras; são argilosas e misturadas; na maioria montanhosas e em grande parte pedregosas. A vegetação é representada por mattas-virgens, cerrados, capoeiras e alguns carrascaes e campos. ” Preços — O hectare de terra boa custa 508000, approximadamente.","Preços — O hectare de terra boa custa 508000, approximadamente.",50000,50000,hectare,0
PR,Campina Grande,"Cozinheira, 20$000 mensais; lavadeira, 15$000 mensais; carpinteiro, de 5$000 a 6$000 por dia; trabalhador rural, 4$000; não há administradores nem escrivães de fazenda. Os salários são pagos e os contratos cumpridos.","trabalhador rural, 4$000",4000,,,"carpinteiro, de 5$000 a 6$000 por dia",5000,6000,daily,"12 a 18% ao ano, havendo grande procura de dinheiro.",12,18,annual,"Qualidades - Em sua maioria regulares, havendo em menor quantidade, bóas e inferiores; há misturadas, argilosas e arenosas, montanhosas e planas. A vegetação é representada por muitas matas virgens, algumas capoeiras, cerrados e campos. Preços — Um hectare de terra boa custa de 32$000 a 40$000.",Preços — Um hectare de terra boa custa de 32$000 a 40$000.,32000,40000,hectare,0
PR,Campo Largo,"Trabalhador rural 1.500 a 2.000 diários, com alimentação; cosinheiro, 20.000 mensões; lavadeira, 10.000 e mais mensões; carpinteiro, 4.000 a 5.000 por dia; não há administradores, nem escrivães de fazenda. Os salários são pagos e os contratos cumpridos.","Trabalhador rural 1.500 a 2.000 diários, com alimentação",1500,2000,daily,"carpinteiro, 4.000 a 5.000 por dia",4000,5000,daily,Não são usuaes os emprestimos de dinheiro.,,,,"Qualidades - São na maioria bôas, argilo-silicosas, geralmente accidentadas, e montanhosas nas divisas com o Assunguy, ao Norte. A vegetação é representada por capoeiras, cerrados e principalmente por campos. “” Preços — Um hectare de terra bôa custa 50.000 a 150.000, conforme o logar.","Preços — Um hectare de terra bôa custa 50.000 a 150.000, conforme o logar.",50000,150000,hectare,0
PR,Castro,"Trabalhador rural, colono ou camarada, de 1$000 a 2$500 diários; administradores de fazenda, de 100$000 a 150$000 mensais; escrivães de fazenda não ha; carpinteiro, de 4$000 a 5$000 diários; cozinheira, de 30$000 a 50$000 mensais; lavadeira, de 20$000 a 30$000 mensais. Os salários são pagos e os contratos cumpridos.","Trabalhador rural, colono ou camarada, de 1$000 a 2$500 diários",1000,2500,daily,"carpinteiro, de 4$000 a 5$000 diários",4000,5000,daily,Taxa de 12 a 18½ ao anno.,12,18.5,annual,"Qualidades - São boas, as terras dos bairros de Saccavão, Fundão, Santa Quiteria, S. Lourenço e Catanduva; regulares, às do Rio-Abaixo, Pirahy-Mirim, Apparição, Tronco, Passo do Boi e Pereira; inferiores, pequena quantidade, disseminada pelo município. Em sua maioria argilosas; arenosas, são as terras existentes do lado do Carambehy. Também existem no município manchas de terras turfosas. Há poucos terrenos planos; parte do município é invadido pela serra das Furnas e Marumby, tornando-o um tanto montanhoso. Existem, em pequena quantidade, terras pedregosas, do lado do bairro de S. Luiz, assim como terrenos seccos e pantanosos, estes às margens dos rios. A sua vegetação é representada por pequenas extensões de mattas virgens, muitas capoeiras e campos e por alguns cerrados e carrascaes; estes geralmente nas proximidades da via-ferrea. "" Preços — Nas proximidades da cidade um hectare de terra boa custa 45$000, mais ou menos, e distante da cidade cerca de 20$000 a 30$000.","Preços — Nas proximidades da cidade um hectare de terra boa custa 45$000, mais ou menos, e distante da cidade cerca de 20$000 a 30$000.",20000,45000,hectare,0
PR,Colombo,"Trabalhador rural, 2$000 diários; não há cozinheiras de aluguel, a cozinha é feita pelas donas de casa; lavadeiras cobram 400 réis por duzia de peças; carpinteiros, de 4$000 a 5$000 diários; não há administradores nem escrivães de fazenda. Os salários são pagos e os contratos cumpridos.","Trabalhador rural, 2$000 diários",2000,,daily,"carpinteiros, de 4$000 a 5$000 diários",4000,5000,daily,Não são usuais os empréstimos agrícolas.,,,,"Qualidades - Em sua maioria inferiores e argillosas, geralmente montanhosas e pedregosas e em alguns lugares pantanosas. A vegetação é representada por poucas matas virgens, muitas capoeiras, carrascaes, campos e cerrados. O município é montanhoso. Os agricultores queixam-se das terras, entretanto o que elas produzem, afirma que, trabalhadas com perseverança e intelligencia muito produzem; o principal é saber explorá-las. Preços — O hectare de terra boa, custa de 50$000 a 80$000, mais ou menos.","Preços — O hectare de terra boa, custa de 50$000 a 80$000, mais ou menos.",50000,80000,hectare,0
PR,Clevelandia,"Trabalhador rural, de 1$500 a 2$500 diarios; administrador de fazenda, de 70$000 a 90$000 mensaes; não há escrivães de fazenda; carpinteiro, de 5$000 a 7$000 diarios; lavadeira, de 15$000 a 20$000 mensaes; cozinheiro, 35$000 mensaes. Os salarios são pagos e os contractos cumpridos.","Trabalhador rural, de 1$500 a 2$500 diarios",1500,2500,daily,"carpinteiro, de 5$000 a 7$000 diarios",5000,7000,daily,A taxa é de 12 a 18% anmaes.,12,18,annual,"Qualidades - No município há terras bôas, regulares e inferiores, as primeiras encontram-se nos valles do Iguassú, Chapecó, Chopim e Uruguay. Em sua maioria são argilhosas, planas em umas regiões, montanhosas em outras; as margens dos rios há trechos pantanosos e disseminados por todo o município, trechos pedregosos. A vegetação é representada por muitas matas virgens, poucas capoeiras e cerrados, alguns carrascaes e muitos campos. Preços — Um hectare de terra bôa custa de 7$000 a 12$000, mais ou menos.","Preços — Um hectare de terra bôa custa de 7$000 a 12$000, mais ou menos.",7000,12000,hectare,0
PR,Conchas,"Trabalhador rural, 1$500 a 2$000 diarios; cozinheiro, 15$000 a 20$000 mensais; lavadeira, 10$000 a 12$000 mensais; carpinteiro, 5$000 diarios; administrador de fazenda, 50$000 a 60$000 mensais; não há escrivães de fazenda. Os salários são pagos e os contractos cumpridos.","Trabalhador rural, 1$500 a 2$000 diarios",1500,2000,daily,"carpinteiro, 5$000 diarios",5000,,daily,As taxas variam de 12 a 18 % ao anno.,12,18,annual,"Qualidades - As terras do município são muito variadas, predominando as bóas e regulares, havendo arenosas e misturadas; em geral planas. Há no município algumas mattas virgens, capoeiras, cerrados e carrascaes, occupando, porém, os campos a maior parte da área do município. Preços — Um hectare de terar bóa custa 20$000, mais ou menos.","Preços — Um hectare de terar bóa custa 20$000, mais ou menos.",20000,20000,hectare,0
PR,Curitiba,"Trabalhador rural, de 28500 a 58000 por dia, com ou sem comida; não há administradores nem escrivães de fazenda, carpinteiro, de 48000 a 68000 por dia; cozinheiro, de 308000 a 408000 por mês; lavadeira é paga por peça, a razão de 18000, a dúzia. Os contratos são cumpridos e os salários pagos.","Trabalhador rural, de 28500 a 58000 por dia, com ou sem comida",2500,5000,daily,"não há administradores nem escrivães de fazenda, carpinteiro, de 48000 a 68000 por dia",4000,6000,daily,Não são comuns os emprestimos.,,,,"Qualidades - Bôas, pequena parte; regulares, na maior parte; inferiores nos altos dos campos; argilosas poucas; arenosas nas margens dos rios; misturadas na maior extensão do município; planas somente em algumas varzeas dos rios; pantanosas, há muitas. Em muitas virgens e rapoeiras poucas; em cerrados muitas. Os campos são geralmente inferiores e cheios de macéga. Preços — O preço do hectare de terra depende do lugar, e varia de 28000 a 508000.","Preços — O preço do hectare de terra depende do lugar, e varia de 28000 a 508000.",2000,50000,hectare,0
PR,Deodoro,"Trabalhador rural, 3$000 diários; não há administradores nem escrivães de fazenda; não há salários determinados para os cozinheiros; as lavadeiras cobram 1$000 por duzia de peças: carpinteiro, de 4$000 a 5$000 diários. Os salários são pagos e os contratos cumpridos.","Trabalhador rural, 3$000 diários",3000,,daily,"as lavadeiras cobram 1$000 por duzia de peças: carpinteiro, de 4$000 a 5$000 diários",1000,4000,daily,Não há taxa fixa.,,,,"Qualidades - Na maioria são inferiores, havendo bôas e regulares: são misturadas e muito accidentadas. A vegetação é representada por grandes mattas e campos, muitas capoeiras e cerrados. Preços — Um hectare de terra bôa custa de 40$000 a 70$000, mais ou menos.","Preços — Um hectare de terra bôa custa de 40$000 a 70$000, mais ou menos.",40000,70000,hectare,0
PR,Entre-Rios,"Trabalhador rural, de 2$000 a 3$000 diarios; cozinheiro, de 20$000 a 30$000 mensas; lavadeira, de 8$000 a 10$000 mensas; carpinteiro, 5$000 diarios; administrador de fazenda, de 50$000 a 60$000 mensas; não ha escrivães de fazenda. Os salarios são pagos e os contracos cumpridos.","Trabalhador rural, de 2$000 a 3$000 diarios",2000,3000,daily,"carpinteiro, 5$000 diarios",5000,,daily,A taxa usual é de 18 % ao anno.,18,18,annual,"Qualidades - São bóas em sua maioria, principalmente para os lados de S. Jeronymo, Rio d'Arêa, Lageado, Cachoeira e Guabiriba; regulares, em pequena parte para os lados de Thesourão, Cassu-nunga e Ribeirão; as inferiores ainda estão cobertas de hervaes e pinheiraes. Ha manchas de argillosas, sendo contudo a maior parte das terras arenosas; ha também algumas misturadas. A maioria delas é plana. A vegetação é representada por poucas mattas virgens, muitas capoeiras, alguns cerrados, carrascaes e campos. "" Preços — Um hectare de terra boa custa 30$000, regular 20$000 e inferior 10$000 a 15$000; todos estes preços são mais ou menos.","Preços — Um hectare de terra boa custa 30$000, regular 20$000 e inferior 10$000 a 15$000; todos estes preços são mais ou menos.",10000,30000,hectare,0
PR,Guarakessaba,"Lavadeira, 500 réis por duzia de peças de roupa; carpinteiro, de 4$500 a 5$000 diarios; trabalhador rural, de 2$000 a 3$000 diarios. O serviço doméstico é feito pelas donas de casa. Não há administradores nem escrivães de fazenda. Os salários são pagos e os contratos cumpridos.","trabalhador rural, de 2$000 a 3$000 diarios",2000,3000,daily,"carpinteiro, de 4$500 a 5$000 diarios",4500,5000,daily,Não usam tomar dinheiro emprestado.,,,,"Qualidades - Bôas na maior parte, principalmente nas planícies; regulares em pequena parte, nas serras; inferiores, nas margens dos rios; em vários logares, pedregosas. Predominam as terras misturadas. Há poucos terrenos arenosos. São planas nas margens dos rios, onde há excellentes terrenos cultivados; montanhosos a oeste; há terrenos pantanosos nas margens dos rios. Há algumas mattas virgens nas serras; há poucas capoeiras e cerrados; não há carrascaes nem campos. Preços — Um hectare de terra bôa custa de 9$000 a 10$000, mais ou menos.","Preços — Um hectare de terra bôa custa de 9$000 a 10$000, mais ou menos.",9000,10000,hectare,0
PR,Guarapuava,"Trabalhador rural, 2$500 diarios, a secco ou 2$000, com comida; não há administradores nem escrivães de fazenda; em algumas, porém, há os capatazes, que percebem 300$000 por anno; carpinteiro, ganha de 6$000 a 8$000 dairos; cosinheiro, 15$000 a 20$000; lavadeira, 500 réis por duzia de peças lavadas. Em geral os salários são pagos e contratos cumpridos.","Trabalhador rural, 2$500 diarios, a secco ou 2$000, com comida",2000,2500,daily,"carpinteiro, ganha de 6$000 a 8$000 dairos",6000,8000,,A taxa usual é de 12 % ao anno.,12,12,annual,"Qualidades - Bôas na quasi totalidade, havendo poucas regulares e quasi nenhuma inferior; são em geral argillosas e misturadas, havendo poucas arenosas, sendo estas últimas quasi sempre às margens dos rios; são planas em grandes extensões, nas chapadas; havendo algumas montanhosas, formando a serra da Esperança e suas ramificações; não há pedregosas nem seccas, sendo ao contrário enxutas e frescas. Há alguns brejos. A vegetação é representada por mattas magníficas, capoeiras, fachinaes e bons campos. Não há cerrados, sendo poucos os carrascaes. Preços — Custa um hectare de terra bôa, 8$000, mais ou menos.","Preços — Custa um hectare de terra bôa, 8$000, mais ou menos.",8000,8000,hectare,0
PR,Guaratuba,"Cozinheira, de 12$000 a 15$000 mensais; lavadeira, 800 réis por duzia de peças; carpinteiro, de 3$500 a 4$000 diários; trabalhador rural, de 1$000 a 1$200, com comida. Não há administradores nem escrivães de fazenda. Os salários são pagos e os contratos cumpridos.","trabalhador rural, de 1$000 a 1$200, com comida",1000,1200,,"carpinteiro, de 3$500 a 4$000 diários",3500,4000,daily,Não há empréstimos.,,,,"Qualidades - Na maior parte boas e regulares; inferiores há poucas; há mais argilosas e arenosas que misturadas. Quanto ao relevo, o município é muito montanhoso e pedregoso em alguns lugares, existindo, contudo, alguns terrenos planos. Quanto à vegetação é ella representada por muitas matas virgens e cerrados, e algumas capoeiras e campos. "" Preço — Um hectare de terra bôa custa de 10$000 a 12$000, mais ou menos.","Preço — Um hectare de terra bôa custa de 10$000 a 12$000, mais ou menos.",10000,12000,hectare,0
PR,Santo Antonio de Imbituva,"Cozinheiro, de 20$000 a 30$000 mensões; lavadeira, 5$000 mensões; carpinteiro, 5$000 diários; administradores e escrivães de fazenda, não há; trabalhador rural, seja colono ou camarada, 2$000 a 2$800 diários. Os salários são pagos e os contratos cumpridos.","trabalhador rural, seja colono ou camarada, 2$000 a 2$800 diários",2000,2800,daily,"carpinteiro, 5$000 diários",5000,,daily,A taxa é de 12 a 24% ao anno.,12,24,annual,"Qualidades - Bôas nas proximidades do rio dos Patos e da serra da Ribeira; regulares em pequena parte, e inferiores em grande parte, talvez metade do município. Em sua maioria arenosas, secas e onduladas; planas à margem dos rios Imbituva e Imbituvinha, montanhosas na serra da Ribeira. A vegetação é representada por muitas capoeiras, algumas mattas virgens, e poucos cerrados, carrascaes e campos. Preços — Um hectare de terra boa, custa de 30$000 a 50$000, mais ou menos.","Preços — Um hectare de terra boa, custa de 30$000 a 50$000, mais ou menos.",30000,50000,hectare,0
PR,Itaiópolis,"Trabalhador rural, 28000 diarios, com comida; não ha administradores nem escrivães de fazenda; carpinteiro, 58000 diarios; não ha cozinheiros profissionaes; lavadeira, 28000 diarios.","Trabalhador rural, 28000 diarios, com comida",2000,,daily,"carpinteiro, 58000 diarios",5000,,daily,A taxa é de 6 % a 12 % ao ano.,6,12,annual,"Qualidades - Bôas em sua maioria, regulares e inferiores em menor quantidade; argilosas em grande quantidade; arenosas muito poucas; misturadas na maior parte do município; planas muito poucas; montanhosas quase todas; pedregosas em pequena quantidade junto as montanhas; ha muita terra humosa; pantanosas muito poucas, nas margens dos rios e banhados. A vegetação é representada por muitas matas virgens e capoeiras; alguns cerrados, carrascaes e campos. "" Preços — Um hectare de terra, distante da sede, custa 418320, perto, 618980.","Preços — Um hectare de terra, distante da sede, custa 418320, perto, 618980.",41320,61980,hectare,0
PR,Ipiranga,"Trabalhador rural, 2$000 a 3$000 diarios; cosinheiro de 30$000 a 35$000 mensais; lavadeira, 15$000 a 20$000 mensais; carpinteiro, 4$500 a 5$000 diarios; administrador de fazenda, 50$000 a 60$000 mensais; não há escrivães de fazendas. Os salários são pagos e os contratos cumpridos.","Trabalhador rural, 2$000 a 3$000 diarios",2000,3000,daily,"carpinteiro, 4$500 a 5$000 diarios",4500,5000,daily,A taxa é de 12 a 18% anuaes.,12,18,annual,"Qualidades - Geralmente regulares, predominando as argilosas e misturadas, sendo poucas as pedregosas, secas e pantanosas; em geral accidentadas. A vegetação do município é quase que representada por capoeiras; poucas são as mattas virgens, carrascaes, cerrados e campos. Preços — Um hectare de terra boa custa de 20$000 a 30$000, aproximadamente.","Preços — Um hectare de terra boa custa de 20$000 a 30$000, aproximadamente.",20000,30000,hectare,0
PR,Iraty,"Cozinheiro, de 40$000 a 50$000 mensões; lavadeira, de 20$000 a 25$000 mensões; carpinteiro, 5$000 diários; administrador de fazenda, de 100$000 a 150$000 mensões; escrivães de fazenda não há; o salário diário do trabalhador rural seja colono ou camarada é de 3$000, 2$000, 1$500 e 1$000, conforme o serviço.","o salário diário do trabalhador rural seja colono ou camarada é de 3$000, 2$000, 1$500 e 1$000, conforme o serviço",2000,3000,daily,"carpinteiro, 5$000 diários",5000,,daily,"18 a 20 "" | "" animaes.",18,20,annual,"Qualidades - Em sua maioria bôas e regulares, havendo poucas inferiores; mais argilosas que arenosas, mais montanhosas do que planas. A vegetação é representada por poucas mattas virgens, cerrados, carrascaes e campos, havendo muitas capoeiras. "" Preços — Um hectare de terra bôa custa de 25$000 a 30$000, approximadamente.","Preços — Um hectare de terra bôa custa de 25$000 a 30$000, approximadamente.",25000,30000,hectare,0
PR,Jacarézinho,"Trabalhador rural, 25500 diarios; cozinheiro, 205000 mensajes; lavadeira, 15000 por duzia de peças lavadas; carpinteiro, 45000 a 65000 diarios; administrador de fazenda, 1:0005000 a 1:4005000 annuaes; escrivão de fazenda, 8005000 a 1:0005000 annuaes; os salarios são pagos e os contractos cumpridos.","Trabalhador rural, 25500 diarios",2500,,daily,"carpinteiro, 45000 a 65000 diarios",45000,65000,daily,"Taxa de 1 a 1 1½ a 1/2, ao mez.",1,1,monthly,"Qualidades - São boas na maior parte; há bastante regulares e poucas inferiores. Há argilhosas em grande quantidade e muitas misturadas, sendo muito poucas as arenosas, nas vizinhanças da villa. Há mais montanhosas do que planas. A vegetação é representada por muitas mattas e capoeiras, poucos cerrados e campos. Preços — O preço do hectare de terra boa é de 405000 à 605000.",Preços — O preço do hectare de terra boa é de 405000 à 605000.,40000,60000,hectare,0
PR,Jaguariahyva,"Trabalhador rural, 1$500 a 2$000 diarios; cozinheiro, 15$000 mensaes; lavadeira, 5$000 mensaes; carpinteiro, 5$000 por dia; capataz de fazenda, 80$000 mensaes; não há administradores nem escrivães de fazendas. Os salarios são pagos e os contractos cumpridos.","Trabalhador rural, 1$500 a 2$000 diarios",1500,2000,daily,"carpinteiro, 5$000 por dia",5000,,daily,A taxa é de 18 a 24 por cento ao anno. Ha dificuldade na acquisição de capitais.,18,24,annual,"Qualidades - Na maior parte bôas e regulares, sendo muito poucas as inferiores; são argillosas e misturadas, geralmente montanhosas; as serras do Canastrão, Manoel Grande e das Cinzas cortam o município. A vegetação é representada por mattas virgens, capoeiras, cerrados, carrascaes e campos. "" Preços — O hectare de terra bôa custa de 20$000 a 25$000, approximadamente.","Preços — O hectare de terra bôa custa de 20$000 a 25$000, approximadamente.",20000,25000,hectare,0
PR,Jaboticabal,"Trabalhador rural, de 2$000 a 2$500 por dia; administrador de fazenda, de 100$000 a 120$000 mensais; não ha escrivães de fazenda; carpinteiro, 6$000 diários; cozinheiras, 25$000 mensais; lavadeira ganha por peça a razão de 500 réis a duzia. Os salários são pagos e os contratos cumpridos.","Trabalhador rural, de 2$000 a 2$500 por dia",2000,2500,daily,"carpinteiro, 6$000 diários",6000,,daily,"Taxa de 10 a 12 "" | ao anno.",10,12,annual,"Qualidades - No geral boas, principalmente nos altos; regulares principalmente nas baixadas; inferiores principalmente nas zonas devassadas para os lados do Ribeirão Claro. São argillosas quase todas dos lugares altos; arenosas para os lados da colônia alemã. São misturadas; mais montanhosas do que planas; pedregosas nas encostas dos morros. Há muitas matas virgens nas estradas de Thomazina, Ribeirão Claro e Jaboticabal; muitas capoeiras e cerrados, poucos carrascaes e campos. Preços — Um hectare de terra, próximo da villa, custa 100$000 e distante custa 40$000; estes preços variam.","Preços — Um hectare de terra, próximo da villa, custa 100$000 e distante custa 40$000; estes preços variam.",40000,100000,hectare,0
PR,Lapa,"Trabalhador rural de 2$000 a 3$000 diarios; não há administradores nem escrivães de fazenda; carpinteiro, 5$000 a 6$000 diarios; cozinheira, 15$000 a 20$000 mensas; lavadeira, 20$000 a 30$000 mensas. Os salarios são pagos e os contractos cumpridos.",Trabalhador rural de 2$000 a 3$000 diarios,2000,3000,daily,"carpinteiro, 5$000 a 6$000 diarios",5000,6000,daily,A taxa é de 12 a 18 por cento ao ano.,12,18,annual,"Qualidades - Bôas em grande parte; regulares, muitas; inferiores, poucas; misturadas, muitas; arenosas, poucas. Há montanhosas e planas e pedregosas em grande quantidade. A vegetação é representada por grande parte de matas virgens, muitas capoeiras e cerrados, alguns carrascaes e muitos campos. Preços — Um hectare de terra próximo aos núcleos coloniais custa 41$300 a 61$980 e distante 24$972; estes preços variam.",Preços — Um hectare de terra próximo aos núcleos coloniais custa 41$300 a 61$980 e distante 24$972; estes preços variam.,24972,61980,hectare,0
PR,Morretes,"Cozinheira, 20$000 a 30$000 mensais; lavadeira 500 réis por duzia de peças; carpinteiro, 5$000 a 8$000 diários; trabalhador rural, 2$000 a 2$500 por dia, sem comida; não há administradores nem escrivães de fazenda. Os salários são pagos e os contratos cumpridos.","trabalhador rural, 2$000 a 2$500 por dia, sem comida",2000,2500,daily,"carpinteiro, 5$000 a 8$000 diários",5000,8000,daily,Não ha empréstimos.,,,,"Qualidades - Na maior parte, bôas, as restantes são regulares; há muita terra misturada e terreno pedregoso; há terras planas e montanhosas. O município possue matas virgens, cerrados, capoeiras e poucos carrascaes. Não há campos. Preços — O preço das terras é muito variável.",Preços — O preço das terras é muito variável.,,,,
PR,Palmeira,"Trabalhador rural, 2$000 a 2$500 diários; cozinheiro, 25$000 mensões; lavadeira, 500 réis por dúzia de peças; carpinteiro, 5$000 diários; não há administradores nem escrivães de fazenda. Os salários são pagos e os contratos cumpridos.","Trabalhador rural, 2$000 a 2$500 diários",2000,2500,daily,"carpinteiro, 5$000 diários",5000,,daily,Não há empréstimos.,,,,"Qualidades - Na maioria são bôas, as das mattas; regulares, as de alguns campos; e inferiores, as dos hervães e campos do Nordeste (Pugas, Alegrete e Quero-Quero); são geralmente onduladas, e na parte Nordeste, onde se estabeleceram os colonos russos, pedregosas e cascalhentas. A vegetação é representada por grandes mattas e capoeiras, cerrados, carrascaes e muitos campos; uns bons e outros inferiores. Preços — O hectare de terra boa custa de 80$000 a 100$000, mais ou menos.","Preços — O hectare de terra boa custa de 80$000 a 100$000, mais ou menos.",80000,100000,hectare,0
PR,Palmas,"Trabalhador rural, de 1$500 a 2$500 diarios; cozinheiro, 40$000 mensões; lavadeira, 20$000 mensões; carpinteiro, 5$000 diarios; administrador de fazenda, de 50$000 a 90$000 mensões; não ha escrivães de fazenda. Os salarios são pagos e os contractos cumpridos.","Trabalhador rural, de 1$500 a 2$500 diarios",1500,2500,daily,"carpinteiro, 5$000 diarios",5000,,daily,A taxa é de 12 a 18% ao anno.,12,18,annual,"Qualidades - Predominam as terras bôas e regulares, como as do valle do rio Iguassú, existindo também, não pequena parte, de terras inferiores; geralmente são argillosas, accidentadas e em parte pedregosas. A vegetação é representada por grandes e ricas mattas virgens, capoeiras, cerrados, carrascaes e extensos campos naturaes. “ Preços — O hectare de terra bôa custa de 8$000 a 15$000.",Preços — O hectare de terra bôa custa de 8$000 a 15$000.,8000,15000,hectare,0
PR,Paranaguá,"Trabalhador rural, 2$000 diarios e alimentação; não ha administradores nem escrivães de fazenda; carpinteiro, 6$000 diarios; cozinheiro, 30$000 a 70$000 mensais; lavadeira, 500 réis por duzia de peças lavadas. Os salários são pagos e contractos cumpridos.","Trabalhador rural, 2$000 diarios e alimentação",2000,,daily,"carpinteiro, 6$000 diarios",6000,,daily,Não ha empréstimos agrícolas.,,,,"Qualidades - Ha terras bóas; algumas regulares e poucas inferiores. Umas arenosas, outras argillosas e outras misturadas; algumas planas e outras montanhosas; há pedregosas nas serras; são enxutas em sua maior parte. A vegetação é representada por mattas virgens, capoeiras, cerrados, poucos carrascaes e campos. "" Preços — Um hectare de terra boa custa 10$000, mais ou menos.","Preços — Um hectare de terra boa custa 10$000, mais ou menos.",10000,10000,hectare,0
PR,Palmyra,"Trabalhador rural ganha 28000 diarios a secco; cozinheiro, 408000 mensajes; lavadeira, 158000; carpinteiro, 48000 a 58000 diarios. Não há administradores nem escrivães de fazenda. Os salários são pagos e os contratos cumpridos.",Trabalhador rural ganha 28000 diarios a secco,2000,,daily,"carpinteiro, 48000 a 58000 diarios",4000,5000,daily,Os agricultores quase nunca tomam dinheiro a juro.,,,,"Qualidades - Bôas poucas; regulares a maior parte; inferiores algumas; mais montanhosas do que planas, que são poucas; a maior parte misturadas; mais arenosas do que argilosas. A vegetação é representada por muitas mattas e capoeiras, alguns cerrados e campos. Preços — Um hectare de terra boa custa 428000, mais ou menos.","Preços — Um hectare de terra boa custa 428000, mais ou menos.",42000,42000,hectare,0
PR,Pirahy,"Trabalhador rural, 1$500 a 2$000 diarios; cozinheiro, 40$000 a 60$000 mensas; carpinteiro, 4$000 diarios; lavadeira, 25$000 a 30$000 mensas; administrador de fazenda, 100$000 a 150$000 mensas; escrivão de fazenda, 15$000 a 20$000 mensas. Em geral os salarios são pagos e os contractos cumpridos.","Trabalhador rural, 1$500 a 2$000 diarios",1500,2000,daily,"carpinteiro, 4$000 diarios",4000,,daily,Pagam de 18 a 24 por cento ao anno.,18,24,annual,"Qualidades - Na maior parte boas, inclusive as de campos. Há algumas regulares e muito poucas inferiores; há argilhosas, arenosas e misturadas. Há montanhosas e planas; existem poucas mattas virgens, muitas capoeiras; a maior parte das terras do município são ocupadas por campos. Preços — Um hectare de terra boa custa de 15$000 a 20$000, aproximadamente.","Preços — Um hectare de terra boa custa de 15$000 a 20$000, aproximadamente.",15000,20000,hectare,0
PR,Ponta Grossa,"Trabalhador rural, de 1$000 a 2$000 diários, conforme as suas aptidões; cozinheiro, de 20$000 a 60$000 mensais; lavadeira, de 10$000 a 12$000 mensais; carpinteiro, 5$000 por dia; administradores de fazenda, chamado aqui capataz, de 80$000 a 120$000 mensais; não há escrivães de fazenda. Os salários são pagos e os contractos cumpridos.","Trabalhador rural, de 1$000 a 2$000 diários, conforme as suas aptidões",1000,2000,daily,"carpinteiro, 5$000 por dia",5000,,daily,O juro usual é o de 12°|° annuaes.,12,12,annual,"Qualidades - A maior parte bôas e regulares, poucas inferiores, no geral misturadas; argilhosas e arenosas poucas; mais montanhosas do que planas; pelo distrito de Itaiacoca entra uma ramificação da Serra do Mar. A vegetação é representada por mattas virgens, no distrito de Itaiacoca, capoeiras, em regular quantidade, cerrados, carrascaes e campos. "" Preços — Terra bôa custa 20$000 o hectare, regular, de 8$000 a 10$000.","Preços — Terra bôa custa 20$000 o hectare, regular, de 8$000 a 10$000.",8000,20000,hectare,0
PR,Porto de Cima,"Trabalhador rural, 2$000 diarios, sem alimentação. Não ha administradores nem escrivães de fazenda; são raros, muito raros carpinteiros, cozinheiro e lavadeiras. Os salarios são pagos.","Trabalhador rural, 2$000 diarios, sem alimentação",2000,,daily,"são raros, muito raros carpinteiros, cozinheiro e lavadeiras",,,,Não ha emprestimos.,,,,"Qualidades - Ha terras boas e regulares; ha planas, montanhosas e algumas pedregosas; ha muitas pantanosas. A vegetação é representada por mattas virgens, capoeiras, cerrados e poucos carrascaes; não ha campos. "" Preços — Um hectare de terra boa, custa de 7$000 a 10$000, mais ou menos.","Preços — Um hectare de terra boa, custa de 7$000 a 10$000, mais ou menos.",7000,10000,hectare,0
PR,Prudentopolis,"Trabalhador rural, 18000 a 38000 diários; cozinheiro, 408000 a 508000 mensões; lavadeira, 158000 a 258000 mensões; carpinteiro, 48000 a 58000 diários; não há administradores nem escrivães de fazenda. Os salários são pagos e os contratos cumpridos.","Trabalhador rural, 18000 a 38000 diários",1000,3000,daily,"carpinteiro, 48000 a 58000 diários",4000,5000,daily,A taxa é de 18 por cento annualmente.,18,18,annual,"Qualidades - São boas quase todas, principalmente as que se acham situadas a noroeste, há muitas regulares e poucas inferiores; em sua maioria argilosas; há algumas arenosas e misturadas são montanhosas nas proximidades da serra da Esperança e as demais geralmente accidentadas, planas há muito poucas, assim como pedregosas; seccas propriamente não existem, a exceção das que são occupadas pelos hervacs; são pantanosas apenas as de algumas margens de rio. A vegetação é representada por muitas virgens, muitas capoeiras, carrascaes e cerrados. Preços — Um hectare de terra boa custa de 208000 a 508000, mais ou menos.","Preços — Um hectare de terra boa custa de 208000 a 508000, mais ou menos.",20000,50000,hectare,0
PR,Ribeirão Claro,"O trabalhador rural, ganha de 2$500 a 4$000 diarios; o cozinheiro, 80$000 mensais; a lavadeira, 2$000 por duzia de peças lavadas e engomadas; o carpinteiro, de 6$000 a 7$000 diarios; o administrador de fazenda, 600$000 mensais; o escrivão de fazenda, 200$000 mensais. Os salarios são pagos e os contractos cumpridos. **TERRAS**—Qualidades — São boas as terras altas, próprias para café; regulares as baixas, apropriadas a cereais; inferiores às pedregosas. Há muita terra argilosa nos altos dos morros e há arenosas em Anhumas, Ribeirão Claro e em Cachoeira; também nas regiões altas há misturadas e que são de primeira qualidade. Há pouca terra plana e poucas pedregosas; montanhosas há muitas. A vegetação é representada por muitas matas virgens e muitas capoeiras. Não há cerrados, nem carrascaes, nem campos. **Preços** — Um hectare de terra tem preços varios; conforme a sua situação próxima ou distante da cidade. **TRANSPORTE** — Pagam de transporte para o mercado local, 33 réis por litro, em tropa. Para a exportação, servem-se também da tropa, e pagam 20 réis por kilo.","O trabalhador rural, ganha de 2$500 a 4$000 diarios",2500,4000,daily,"o carpinteiro, de 6$000 a 7$000 diarios",6000,7000,daily,"8 a 12 *¹/³, ao anno.",8,12,annual,,,,,,
PR,Rio Branco,"Trabalhador rural 2$000 diários; não há salários fixos para os cozinheiros, lavadeiras e carpinteiros e também não há administradores nem escrivães de fazenda.",Trabalhador rural 2$000 diários,2000,,daily,"não há salários fixos para os cozinheiros, lavadeiras e carpinteiros e também não há administradores nem escrivães de fazenda",,,,Não é uso fazer empréstimos agrícolas.,,,,"Qualidades - Predominam as terras bôas e regulares; na maioria misturadas e montanhosas. A vegetação é representada por poucas mattas virgens, capoeiras, cerrados, carrascaes e campos. "" Preços — O hectare de terra bôa custa 40$000, mais ou menos.","Preços — O hectare de terra bôa custa 40$000, mais ou menos.",40000,40000,hectare,0
PR,Rio Negro,"Trabalhador rural, ganha 35000 diarios; um cozinheiro, 15050000000000000000000000000000000000000000000000000000000000000000000000000000000000000000 TERRA S — Qualidades — No geral boas e regulares; inferiores, poucas; mais misturadas do que argilosas e arenosas; mais montanhosas do que planas; há muitas mattas, muitos campos, bastante cerrados. "" Preços — Um hectare de terra boa custa 41$320; um alqueire, 100$000.","Trabalhador rural, ganha 35000 diarios",3000,,daily,,,,,A taxa usual é de 8% ao anno.,8,8,annual,,,,,,
PR,São João do Triumpho,"Cozinheiro, de 20$000 a 30$000 mensais; lavadeira, 8$000; carpinteiro, 5$000 diários; trabalhador rural, 2$000 diários. Não há administradores nem escrivães de fazenda. Os salários são pagos e os contratos cumpridos.","trabalhador rural, 2$000 diários",2000,,daily,"carpinteiro, 5$000 diários",5000,,daily,12 ª ao anno.,12,12,annual,"Qualidades - Na maior parte as terras do município são regulares; são bóas n’uma terça parte, talvez, dos terrenos cobertos de mattas virgens e capoeiras, havendo algumas inferiores. Quasi todas são arenosas, principalmente as das margens dos rios Vargem, Potingam, etc., na também algumas misturadas; na maior parte são argillosas. São mais montanhosas, do que planas. A vegetação é representada por muitas mattas virgens e alguns cerrados e capoeiras; raramente se encontra um carrascal ou campo. "" Preços — Um hectare de terra hóa custa 25$000, mais ou menos. TRANSPORTES — 250 réis por arroba, até Palmyra.","Preços — Um hectare de terra hóa custa 25$000, mais ou menos.",25000,25000,hectare,0
PR,São José da Bôa Vista,"Um trabalhador rural, de 1$500 a 2$000, diários; não há administradores nem escrivães de fazenda; carpinteiro, 5$000 diários; cozinheiro, 20$000 menseis; lavadeira é paga por duzia, à razão de 500 réis.","Um trabalhador rural, de 1$500 a 2$000, diários",1500,2000,daily,"carpinteiro, 5$000 diários",5000,,daily,"A taxa de 1½ %, ao mez.",1.5,1.5,monthly,"Qualidades - As terras do município podem ser mais ou menos, assim divididas: bôas, nos logares denominados: Pico, Pinhal, Formosa, Bengalinha, Salto de Itararé, etc.; regulares, na zona Leste do Município; existem também terras inferiores. São arenosas, planas e pedregosas em pequena quantidade; há terras argilosas a Leste do Município e misturadas a Leste e Noroeste; quase todo o município é montanhoso, havendo alguns pantanosos nas margens do rio Itararé. Há mattas virgens no Pico, Bengalinha, Formosa, Salto do Itararé e Pinhal; o resto do município é quase todo coberto de capoeiras e alguns cerrados e carrascaes, para os lados de Barbosa e Thomazina. Só há pastos, não há campos. Preços — Um hectare de terra bôa custa 60$000, mais ou menos.","Preços — Um hectare de terra bôa custa 60$000, mais ou menos.",60000,60000,hectare,0
PR,S. José dos Pinhaes,"Trabalhador rural, 35000 diários a secco e 25000 com comida; cozinheira, 205000 mensões; lavadeira, 155000 mensões; carpinteiro, de 25000 a 35000 diários; não há administradores nem escrivães de fazenda. Os salários são sempre pagos e os contractos cumpridos.","Trabalhador rural, 35000 diários a secco e 25000 com comida",2000,3000,daily,"carpinteiro, de 25000 a 35000 diários",25000,35000,daily,"Cobram 10 a 12 ""j"", annuâes.",10,12,annual,"Qualidades - Predominam no município as terras boas e regulares, que ora são argilosas, ora arenosas e misturadas; na maioria accidentadas. A vegetação é representada por mattas virgens, capoeiras, cerrados, carrascaes e campos. “ . Preços — O hectare de terra boa custa de 405000 a 805000, segundo a sua maior ou menor distância da cidade.","Preços — O hectare de terra boa custa de 405000 a 805000, segundo a sua maior ou menor distância da cidade.",40000,80000,hectare,0
PR,São Matheus,"Trabalhador rural, 1$500 a 2$000 diarios com alimentação; não há administradores nem escrivães de fazenda; carpinteiro, 6$000 a 7$000 diarios; lavadeira, 20$000 a 30$000 mensajes; não usam cozinheiros, sendo este serviço feito pelas donas de casa. Os salarios são pagos e os contractos cumpridos.","Trabalhador rural, 1$500 a 2$000 diarios com alimentação",1500,2000,daily,"carpinteiro, 6$000 a 7$000 diarios",6000,7000,daily,"Não ha taxa fixa. MADEIRAS — Imbuia, cedro, cabreuva, canella, pindahúba, etc.",,,,"Qualidades - O município possue algumas terras boas e regulares e muitas inferiores; são misturadas na sua generalidade; arenosas nas margens dos rios e argilosas no sub-sólo. Existem mais terras montanhosas do que planas. A vegetação é representada em grande parte pelos cerrados, campos e em pequena parte pelas capoeiras, carrascaes e algumas mattas virgens. Preços — Um hectare de terra boa custa 50$000, approximadamente.","Preços — Um hectare de terra boa custa 50$000, approximadamente.",50000,50000,hectare,0
PR,Serro Azul,"Trabalhador rural, de 1$500 a 2$000 diários; cozinheiro, 20$000 mensões; as lavadeiras cobram 400 réis por dúzia; carpinteiro, 5$000 diários; não há administradores nem escrivães de fazenda. Os salários são pagos e os contratos cumpridos.","Trabalhador rural, de 1$500 a 2$000 diários",1500,2000,daily,"carpinteiro, 5$000 diários",5000,,daily,A taxa usual é de 2 a 3% ao mez.,2,3,monthly,"Qualidades - Predominam as terras boas e regulares, argilosas e montanhosas. A vegetação é representada por mattas e capoeiras, poucos cerrados, carrascaes e campos. Preços — O hectare de terra boa custa 40$000, mais ou menos. TRASPORTES — O custo médio do transporte, em carro, para Coritiba, é de 800 réis por 15 kilos.","Preços — O hectare de terra boa custa 40$000, mais ou menos.",40000,40000,hectare,0
PR,Tamandaré,"Trabalhador rural, 3$000 por dia; cozinheiro, 40$000 mensais; lavadeira, 20$000 mensais; carpinteiro, 4$000 por dia; não há administradores nem escrivães de fazenda. Os salários são pagos e os contratos cumpridos.","Trabalhador rural, 3$000 por dia",3000,,daily,"carpinteiro, 4$000 por dia",4000,,daily,A taxa é de 8 a 12 % ao anno.,8,12,annual,"Qualidades - Na maioria bôas e regulares; misturadas e montanhosas. A vegetação é representada por muitas mattas, capoeiras, cerrados e alguns carrascaes e campos. "" Preços — O hectare de terra bôa custa 82$000, mais ou menos.","Preços — O hectare de terra bôa custa 82$000, mais ou menos.",82000,82000,hectare,0
PR,Thomazina,"Trabalhador rural, de 25000 a 35000 diarios, com comida; as fazendas são administradas pelos donos; escrivão de fazenda, perto da villa, de 805000 a 1005000 mensões; longe, de 105000 a 205000, no máximo; carpinteiro, de 55000 a 65000 diarios, com comida; cozinheiro, 205000 mensões; lavadeira, paga-se por duzia a razão de 800 réis a 15000, dando-se o sabão. Os salarios são pagos e os contractos cumpridos.","Trabalhador rural, de 25000 a 35000 diarios, com comida",2500,3500,daily,"carpinteiro, de 55000 a 65000 diarios, com comida",55000,65000,daily,1½ a 2°/° ao mez.,1.5,2,monthly,"Qualidades - O município possui muitas terras de primeira qualidade, algumas regulares e poucas inferiores; a maior parte argilosas; são arenosas nas margens dos rios; há poucas misturadas; o município é montanhoso. A vegetação é representada por muitas muitas virgens, poucas capoeiras, e alguns cerrados e campos. Preços — Perto da cidade, um hectare de terra boa, custa de 805000 a 1005000; distante, de 105000 a 205000, mais ou menos.","Preços — Perto da cidade, um hectare de terra boa, custa de 805000 a 1005000; distante, de 105000 a 205000, mais ou menos.",10000,100000,hectare,0
PR,Tibagy,"Trabalhador rural, seja colono ou camarada, de 20$000 a 30$000 mensões; capataz, verdadeiro administrador de fazenda, de 400$000 a 1:200$000 annuões; não ha escrivães de fazenda; carpinteiro, 4$000 diários; cozinheira, 15$000 mensões; as lavadeiras cobram 300 réis por duzia de roupa. Os salários são pagos e os contratos cumpridos.","Trabalhador rural, seja colono ou camarada, de 20$000 a 30$000 mensões",1000,1200,,"carpinteiro, 4$000 diários",4000,,daily,Não ha taxa fixa.,,,,"Qualidades - As terras do município são geralmente bôas; há poucas regulares; não há inferiores; geralmente argilosas; arenosas poucas, nas serras das Furnas e Pedra Branca; misturadas, nos campos. A maior parte é plana; há poucas montanhosas e muito poucas pedregosas. A vegetação é representada por óptimas mattas virgens e capoeiras, alguns cerrados e excellentes campos. "" Preços — Um hectare de terra boa custa 10$000, mais ou menos.","Preços — Um hectare de terra boa custa 10$000, mais ou menos.",10000,10000,hectare,0
PR,União da Victoria,"Trabalhador rural, 18500 a 28500 diarios; não há administradores nem escrivães de fazenda; carpinteiro, 78000 diarios; lavadeira, 308000 mensões; cozinheiro, 308000 mensões. Os salários são pagos e os contratos cumpridos.","Trabalhador rural, 18500 a 28500 diarios",1500,2500,daily,"carpinteiro, 78000 diarios",7000,,daily,A taxa é de dois por cento ao mez.,2,2,monthly,"Qualidades - Podem ser, mais ou menos, assim divididas: bôas, nos espigões, rio Iguassú abaixo e margens do rio Uruguay; regulares, onde ao lado de vegetação de valor há também hervães e pinheiraes; inferiores, onde no geral só há hervamatte, pinheiros e imbuías. O sub-sólo do município é em geral argilloso. São arenosas nas margens dos rios e misturadas na maioria do município; planas em pequenas extensões, montanhosas em geral. A vegetação é representada por muitas mattas virgens, alguns cerrados e poucos campos. Preços — Um hectare de terra boa custa de 258000 a 508000, variando conforme o local.","Preços — Um hectare de terra boa custa de 258000 a 508000, variando conforme o local.",25000,50000,hectare,0
RJ,Angra dos Reis,"Um trabalhador rural ganha de 1$500 a 2$000, a secco; não ha administradores nem escrivães de fazenda; um carpinteiro ganha 6$000 diarios; cozinheira, de 10$000 a 12$000 mensais; lavadeira, 10$000 mensais. Os salarios são pagos e os contractos cumpridos.","Um trabalhador rural ganha de 1$500 a 2$000, a secco",1500,2000,,um carpinteiro ganha 6$000 diarios,6000,,daily,Não ha emprestimos.,,,,"Qualidades - Em geral as terras do município são bôas, havendo também regulares e poucas inferiores. Em quase todo o interior há terras argilosas, misturadas, montanhosas, pedregosas e secas. No littoral ha terras arenosas e planas, sendo pantanosas nos limites de Paraty. Ha mattas virgens, capoeiras, cerrados e carrascaes. Não ha campos. Preços - Um hectare de terra boa pode custar de 30$000 a 40$000.",Preços - Um hectare de terra boa pode custar de 30$000 a 40$000.,30000,40000,hectare,0
RJ,Araruama,"Um trabalhador rural, ganha 1$500 a secco. Um administrador de fazenda, de 500$000 a 1.000$000, annuaes. Não ha escrivães de fazenda. Um carpinteiro, ganha 3$000 diários, com comida; um cozinheiro, 1$500, diários e uma lavadeira, 20$000 mensões. Os salários são pagos e os contratos cumpridos.","Um trabalhador rural, ganha 1$500 a secco",1500,,,"Um carpinteiro, ganha 3$000 diários, com comida",3000,,daily,"Taxa de 6 ª a 10 ª, annuaes.",6,10,annual,"Qualidades - As terras podem ser mais ou menos, assim divididas: bôas, no 3º districto; regulares, em alguns lugares; inferiores, nas proximidades das praias; argillosas, no 3º districto; arenosas, nos 1º e 3º districtos; planas, na sede; montanhosas, em S. Vicente e no 3º districto. Poucas são pedregosas. Existem pantanos em muitos pontos do município. Há muitas matas virgens, alguns cerrados e carrascaes. Há muitos pastos e campos mal tratados. Preços - Um hectare de terra boa custa mais ou menos, 20$000. Os terrenos de salinas vão até 1:000$000 e mais ainda.","Preços - Um hectare de terra boa custa mais ou menos, 20$000. Os terrenos de salinas vão até 1:000$000 e mais ainda.",20000,1000000,hectare,0
RJ,Barra de S. João,"Um trabalhador rural ganha 1$000 diários com alimentação; um administrador de fazenda, 500$000 anuães; um escrivão de fazenda, 300$000 anuães; um carpinteiro, 4$000 diários; um cozinheiro, de 15$000 a 30$000 mençães; uma lavadeira, de 10$000 a 20$000 mençães. Os salários são pagos e os contratos cumpridos.",Um trabalhador rural ganha 1$000 diários com alimentação,1000,,daily,"um carpinteiro, 4$000 diários",4000,,daily,"Taxa de 6, 8, 10 e 12 ª/º annuães.",6,8,annual,"Qualidades - As terras são na maioria bôas e regulares, existindo algumas inferiores. A maior parte é arenosa, havendo argillosas e misturadas. São ora planas, ora montanhosas. Ha muita terra pantanosa. A vegetação é representada por muitas mamas virgens, capoeiras e campos, alguns cerrados e poucos carrascaes. "" Preços — Um hectare de terra bôa, custa 40$000, approximadamente.","Preços — Um hectare de terra bôa, custa 40$000, approximadamente.",40000,40000,hectare,0
RJ,Barra do Pirahy,"O trabalho rural ganha 1$000 diários com alimentação; um cozinheiro, 20$000 a 100$000 mensais; uma lavadeira, 20$000 a 50$000 mensais; um carpinteiro, 5$000 a 7$000 diários; um admi- nistrador de fazenda, 1:200$000 annuaes; não ha escrivães de fazenda. Os salarios são pagos e os contractos cumpridos.",O trabalho rural ganha 1$000 diários com alimentação,1000,,daily,"um carpinteiro, 5$000 a 7$000 diários",5000,7000,daily,A taxa é de 8 a 12 por cento ao ano.,8,12,annual,"Em sua maioria bôas e misturadas, algumas regulares; inferiores não ha. Na maior parte montanhosas, poucas são planas, poucas pedregosas e muito poucas pantanosas. Quanto a vegetação são pouco numerosas as mattas virgens e poucos os cerrados; existem muitas capoeiras e campos; carrrascaes não ha. Preços — Um hectare de terra de matta virgem custa cerca de 40$000; de capoeira, 20$000, mais ou menos.","Preços — Um hectare de terra de matta virgem custa cerca de 40$000; de capoeira, 20$000, mais ou menos.",20000,40000,hectare,0
RJ,Barra Mansa,"Um trabalhador rural ganha 2$500, diarios, a secco; um administrador de fazenda, 1:500$000 a 2:200$000 annuaes; um escrivão de fazenda, 75$000 a 120$000 mensaees; um carpinteiro, 3$500 a 4$500 diarios; um cozinheiro, 75$000 mensaees; uma lavadeira, 1$500 a 2$000 diarios ou 45$000 a 60$000 mensaees. Os salarios são pagos e os contractos cumpridos.","Um trabalhador rural ganha 2$500, diarios, a secco",2500,,daily,"um carpinteiro, 3$500 a 4$500 diarios",3500,4500,daily,A taxa é de 5% ao anno.,5,5,annual,"Qualidades - As terras do município são no geral bôas; havendo algumas regulares e poucas inferiores. São argillosas nas varzeas, arenosas nas margens dos rios; e no geral misturadas. Ha poucas terras planas e muitas montanhosas. A vegetação é representada por poucas mattas virgens, muitas capoeiras e alguns cerrados, carrascaes e campos. Preços — Um hectare de terra bôa, custa 250$000 a 300$000, mais ou menos.","Preços — Um hectare de terra bôa, custa 250$000 a 300$000, mais ou menos.",250000,300000,hectare,0
RJ,Bom Jardim,"Um trabalhador rural ganha 18000 diarios, com alimentação; não ha escrivães de fazenda; um administrador de fazenda ganha 3608000 à 1:0008000 annuaes; um carpinteiro, 48000 à 58000 diarios; uma lavadeira, 88000 a 128000 mensaes. Os salarios são pagos e os contratos cumpridos.","Um trabalhador rural ganha 18000 diarios, com alimentação",1000,,daily,"um carpinteiro, 48000 à 58000 diarios",4000,5000,daily,A taxa é de 8 á 10 % ao anno.,8,10,annual,"qualidades - As terras do município são na sua quasi totalidade bôas. Ha poucas regulares, e raríssimas são as inferiores. Na maior parte são argillosas, havendo misturadas e arenosas. São mais montanhosas do que planas. A vegetação é representada por muitas capoeiras e poucas mattas virgens. "" Preços — Um hectare de terra bôa, às vezes custa 5008000, aproximadamente.","Preços — Um hectare de terra bôa, às vezes custa 5008000, aproximadamente.",500000,500000,hectare,0
RJ,Cabo Frio,"Um trabalhador rural ganha 2$000 por dia; uma cozinheira, 10$000 e uma lavadeira, 8$000 mensais; um carpinteiro, 5$000 diários. Não ha administradores de fazenda, nem escrivães. Os salários são pagos e os contractos cumpridos.",Um trabalhador rural ganha 2$000 por dia,2000,,daily,"um carpinteiro, 5$000 diários",5000,,daily,A taxa é de 8 a 10% ao anno.,8,10,annual,"Qualidades - Na maioria bôas e regulares. Ha muita terra arenosa, e alguma misturada e argilosa. São mais montanhosas do que planas. A vegetação é representada por muitas mattas, capoeiras e alguns campos. ” Preços — Um hectare de terra bôa custa 25$000; um hectare de terra de salinas, de 500$000 a 1:000$000.","Preços — Um hectare de terra bôa custa 25$000; um hectare de terra de salinas, de 500$000 a 1:000$000.",25000,1000000,hectare,0
RJ,Campos,"Um trabalhador rural ganha 1$500 diarios; um administrador, de 1:200$000 a 2:400$000 por ano; um escrivão, de 150$000 a 200$000 mensais; carpinteiro, de 5$000 a 7$000 diarios; lavadeira, 15$000 a 20$000 mensais; cozinheiro, de 30$000 a 40$000 mensais. Os salarios são pagos e os contratos cumpridos.",Um trabalhador rural ganha 1$500 diarios,1500,,daily,"carpinteiro, de 5$000 a 7$000 diarios",5000,7000,daily,"De 9 a 10% ao ano, em notas primissórias, e de 6 a 8% em hypothecas.",9,10,annual,"Qualidades - Em sua maioria, bôas e argilhosas, havendo em menor quantidade regulares e inferiores. Umas são planas, outras montanhosas; algumas secas e muitas pantanosas, sobretudo no 4º e 12º distritos. A vegetação é representada por muitos campos, algumas mattas virgens, capoeiras, cerrados e carrascaes; as mattas virgens estão em grande parte do 8º ao 16º distrito. Preços — Um hectare de terra boa custa de 10$000 a 500$000.",Preços — Um hectare de terra boa custa de 10$000 a 500$000.,10000,500000,hectare,0
RJ,Cantagallo,"O trabalhador rural ganha 20$000 a 25$000 mensões ou 800 réis a 1$000 diários, com sustento; os cosinheiros ganham 15$000 a 30$000 mensões; as lavadeiras, 8$000 a 20$000 mensões, segundo o serviço; um carpinteiro, 3$000 a 5$000 diários, com comida. Os administradores trabalham segundo contrato; escrivães de fazenda não há. Os salários são pagos e os contratos cumpridos.","O trabalhador rural ganha 20$000 a 25$000 mensões ou 800 réis a 1$000 diários, com sustento",800,1000,daily,"um carpinteiro, 3$000 a 5$000 diários, com comida",3000,5000,daily,A taxa é de 0 a 8% annuaes.,8,8,annual,"Qualidades - Em todo o município há terras bôas; as regulares são poucas; as inferiores raras; em parte argilosas, em parte misturadas, e raríssimas arenosas; no geral montanhosas. Não há pantanos. A vegetação é representada por mattas virgens, capoeiras, alguns cerrados e carrascaes. Há campos hervados, principalmente nos 1º, 4º e 5º distritos. Preços — O preço do hectare de terra bôa, é muito variável; 80$000 a 400$000, conforme a situação.","Preços — O preço do hectare de terra bôa, é muito variável; 80$000 a 400$000, conforme a situação.",80000,400000,hectare,0
RJ,Capivary,"Um trabalhador rural ganha 1$000 por dia com sustento; uma cozinheira, 10$000 a 20$000 mensais; uma lavandeira, 10$000 a 20$000 mensais; um carpinteiro, 4$000 por dia; um administrador de fazenda, 300$000 mensais; um escrivão de fazenda, 80$000 à 100$000 mensais. Os salários são pagos e os contratos cumpridos.",Um trabalhador rural ganha 1$000 por dia com sustento,1000,,daily,"um carpinteiro, 4$000 por dia",4000,,daily,Pagam 8 à 12 % ao anno.,8,12,annual,"Qualidades - Ha muitas terras bôas e inferiores, e algumas regulares; muitas são planas e poucas montanhosas. Quanto a sua vegetação é representada por muitas mattas virgens e capoeiras, alguns cerrados, poucos carrascaes e muitos campos. Preços — Um hectare de terras, bôa em matta virgem, custa 30$000, em cultura, 15$000, tudo approximadamente.","Preços — Um hectare de terras, bôa em matta virgem, custa 30$000, em cultura, 15$000, tudo approximadamente.",15000,30000,hectare,0
RJ,Carmo,"Cozinheira, de 12$000 a 15$000 mensais; lavadeira, 8$000 a 15$000 mensais; carpinteiro, 3$000 a 4$500 diarios, com comida; administrador de fazenda, 30$000 a 60$000 mensais; trabalhador rural, 1$000 diarios com comida; não ha escrivão de fazenda. Os salarios são, pagos e os contractos cumpridos.","trabalhador rural, 1$000 diarios com comida",1000,,daily,"carpinteiro, 3$000 a 4$500 diarios, com comida",3000,4500,daily,"Em empréstimos uzam a taxa de 8 a 12% ao anno; nas hypothecas, 10%.",8,12,annual,"Qualidades - As terras do município são em sua maioria bôas, havendo algumas regulares e outras inferiores, em menor quantidade. São misturadas, pouco argilosas e arenosas. O sólo é regularmente montanhoso, havendo alguns terrenos planos e pedregrosos somente nas pedreiras. Quanto à vegetação, o município possui algumas matas virgens, muitos campos e capeiras e poucos cerrados. Preços — Em pastos, 50$000 a 75$000 o hectare; em matas, até 250$000.","Preços — Em pastos, 50$000 a 75$000 o hectare; em matas, até 250$000.",50000,250000,hectare,0
RJ,Duas Barras,"O trabalhador rural ganha como jornaleiro 1$000 e comida e por mez 20$000 e comida; um cozinheiro, de 12$000 a 20$000 mensais; uma lavadeira de 6$000 a 15$000 mensais; um carpinteiro de 2$000 a 3$500 diários e comida; um administrador de fazenda de 50$000 a 80$000 mensais; não há escrivães nas fazendas. Os salários são sempre pagos e os contratos cumpridos.",O trabalhador rural ganha como jornaleiro 1$000 e comida e por mez 20$000 e comida,1000,,,um carpinteiro de 2$000 a 3$500 diários e comida,2000,3500,daily,Ordinariamente a taxa é de 8 a 12 % ao anno.,8,12,annual,"Qualidades - As terras do município são na maioria bôas; são argilhosas e misturadas; geralmente accidentadas e em alguns pontos pedregosas. A vegetação é representada por algumas-mattas virgens, capoeiras e regular área de campos artificiais ou pastos. ” Preços — O hectare de terra bôa custa, às vezes, de 150$000 a 500$000 havendo, entretanto, no geral, preços muito e muito inferiores a estes.","Preços — O hectare de terra bôa custa, às vezes, de 150$000 a 500$000 havendo, entretanto, no geral, preços muito e muito inferiores a estes.",150000,500000,hectare,0
RJ,Iguassú,"Trabalháor rural 1$500 por dia com comida; cozinheiro, de 20$000 a 30$000 por mez; lavadeira de 15$000 a 20$000 por mez; carpinteiro, de 5$000 a 7$000 diários; administradores e escrivães de fazenda não ha. Os salários são pagos e os contratos cumpridos.",Trabalháor rural 1$500 por dia com comida,1500,,daily,"carpinteiro, de 5$000 a 7$000 diários",5000,7000,daily,Taxa de 6 a 12% ao anno.,6,12,annual,"Qualidades - As terras no geral, são bôas, em quase todo o município. Há terras argilhasas, muitas arenosas, mas em sua maioria são misturadas. São planas nos primeiro, segundo e quarto districtos e montanhosas nos terceiro, quinto e sexto districtos. Há algumas pedregosas nos terceiro e quinto districtos. No quinto distrito há terras séccas; nos terceiro e sexto districtos, principalmente, há pantonosas. Há muitas terras em mattas-virgens, poucas em capoeiras, cerrados e campos. Preços — Em matta-virgem, o hectare de terra custa mais ou menos, 60$000 e em terra cultivada, 30$000.","Preços — Em matta-virgem, o hectare de terra custa mais ou menos, 60$000 e em terra cultivada, 30$000.",30000,60000,hectare,0
RJ,Itaguahy,"Um trabalhador rural ganha de 1$200 a 1$500 diarios, com comida e 2$200 a secco; administrador de fazenda, 120$000 a 150$000 mensais; não ha escrivão de fazenda; carpinteiro, de 3$500 a 5$000 diarios; cozinheira, 12$000 a 15$000 mensais; lavadeira, de 8$000 a 10$000 mensais. Os salarios são pagos e os contratos cumpridos.","Um trabalhador rural ganha de 1$200 a 1$500 diarios, com comida e 2$200 a secco",1200,1500,daily,"carpinteiro, de 3$500 a 5$000 diarios",3500,5000,daily,Não há empréstimos.,,,,"Qualidades - As terras do município podem ser mais ou menos, assim divididas: bôas, em geral; havendo terras regulares no litoral e lugares baixos. Ha poucas terras inferiores; são quase todas argilosas. São arenosas no litoral. Existe regular quantidade de terras misturadas; muitas planas e montanhosas e muitas pantanosas. Ha muitas matas virgens e capoeiras, poucos cerrados e carrascaes e muitos campos. "" Preços — Um hectare de terra boa custa de 50$000 a 80$000 mais ou menos.",Preços — Um hectare de terra boa custa de 50$000 a 80$000 mais ou menos.,50000,80000,hectare,0
RJ,Itaocára,"O trabalhador rural ganha de 800 réis a 1$000 por dia com sustento, mensalmente, de 15$000 a 20$000, também com sustento; uma cozinheira, de 10$000 a 20$000 mensais; um carpinteiro, de 2$500 a 3$500 diários; um administrador de fazenda, de 360$000 a 600$000 anuães. Não há escrivães de fazenda. Os salários são pagos e os contratos cumpridos.","O trabalhador rural ganha de 800 réis a 1$000 por dia com sustento, mensalmente, de 15$000 a 20$000, também com sustento",800,1000,daily,"um carpinteiro, de 2$500 a 3$500 diários",2500,3500,daily,A taxa é de 8 a 10% ao anno para os lavradores e de 12% para os negociantes.,8,10,annual,"Qualidades - As terras do município são em geral bôas, tendo trechos arenosos, argillosos e silico-argillosos, sendo na maioria pedregosas e mais montanhosas do que planas; não há pantanos e as terras secas são raras. A vegetação é representada por mattas virgens, capoeiras, cerrados e campos, occupando estes e as culturas a maior área. “ Preços — O hectare de terra bôa varia de 100$000 a 200$000, havendo preços bem inferiores.","Preços — O hectare de terra bôa varia de 100$000 a 200$000, havendo preços bem inferiores.",100000,200000,hectare,0
RJ,Itaperuna,"Um trabalhador rural ganha, 1$500 a secco; um administrador de fazenda, 150$000 mensões; escrivães de fazenda não há; um carpinteiro, 4$000 diários; uma lavadeira, 8$000 a 10$000 mensões; uma cozinheira, 12$000 a 15$000 mensões. Os salários são pagos e os contratos cumpridos.","Um trabalhador rural ganha, 1$500 a secco",1500,,,"um carpinteiro, 4$000 diários",4000,,daily,A taxa é de 10 a 12% anuaes.,10,12,annual,"Qualidades - As terras do município são argilosas nas vargens e muito procuradas para o cultivo do arroz. Existe também grande parte de terrenos arenosos e misturados, próprios para o cultivo do café, cereais e arroz. As terras são em sua maioria accidentadas, havendo alguns terrenos pedregosos, e muito poucos pantanosos. A vegetação, que é luxuriante é representada em grande parte, por mattas virgens, capoeiras, alguns cerrados e carrascaes e bellíssimos campos. “Preços — Um hectare de terra boa custa, approximadamente, 100$000, havendo porém preços muito inferiores.","Preços — Um hectare de terra boa custa, approximadamente, 100$000, havendo porém preços muito inferiores.",100000,100000,hectare,0
RJ,Macahé,"Um trabalhador rural ganha 1$800 diarios, sem alimentação; um administrador de fazenda, 1:000$000 por anno; escrivães de fazenda não ha; uma cozinheira ganha 15$000 mensais; uma lava-deira, 12$000 mensais; um carpinteiro, 5$000 diarios. Os salarios são pagos e os contractos cumpridos.","Um trabalhador rural ganha 1$800 diarios, sem alimentação",1800,,daily,"um carpinteiro, 5$000 diarios",5000,,daily,A taxa é de 10 a 12% ao anno.,10,12,annual,"Qualidades - Ha terras boas, mas no geral são regulares, havendo também inferiores; misturadas na maior parte, arenosas no littoral e poucas argillosas. Em sua maioria planas; poucas são as pedregosas e pantanosas. A vegetação é representada por mattas virgens, muitas capoeiras e campos, alguns cerrados e carrascaes. Preços - Um hectare de terra boa custa 100$000 approximadamente, havendo preços bem menores.","Preços - Um hectare de terra boa custa 100$000 approximadamente, havendo preços bem menores.",100000,100000,hectare,0
RJ,Magé,"Um trabalhador rural, seja colono ou camarada, ganha 2$000 diários sem alimentação; uma cozinheira, 20$000 mensais; uma lavadeira, 15$000 mensais; um carpinteiro, 6$000 diários; não há escrivães nem administradores de fazenda. Os salários são pagos e os contratos cumpridos.","Um trabalhador rural, seja colono ou camarada, ganha 2$000 diários sem alimentação",2000,,daily,"um carpinteiro, 6$000 diários",6000,,daily,A taxa é de oito por cento annuaes.,8,8,annual,Qualidades - São na maior parte regulares; as inferiores predominam na zona arenosa do littoral; bós existem algumas. Nas encostas as terras são argilosas e arenosas nas proximidades do littoral; as terras afastadas do littoral são misturadas. Quasi todo o município é montanhoso. São pedregosas somente as terras situadas na proximidade da serra dos Orgãos. Nas zonas accidentadas as terras são secas. São poucas as mattas virgens. Preços - Um hectare de terra bôa custa 10$000 a 20$000.,Preços - Um hectare de terra bôa custa 10$000 a 20$000.,10000,20000,hectare,0
RJ,Mangaratiba,"Um trabalhador rural ganha de 1$500 a 2$000 a secco; administradores e escrivães de fazenda não ha; carpinteiro ganha de 5$000 a 6$000 diários; cozinheiro, 12$000 mensões; lavadeira, 10$000 mensões. Os salários são pagos e os contratos cumpridos.",Um trabalhador rural ganha de 1$500 a 2$000 a secco,1500,2000,,carpinteiro ganha de 5$000 a 6$000 diários,5000,6000,daily,Não ha empréstimos.,,,,"Qualidades - As terras em geral são bôas, havendo bôa parte de regulares e algumas inferiores. São argilhosas e montanhosas no interior; arenosas e planas no littoral; há muitas terras seccas e misturadas; existem ainda algumas mattas virgens, muitas capoeiras, cerrados e carrascaes. Não ha campos. "" Preços — Um hectare de terra pôde custar de 30$000 a 40$000, mais ou menos.","Preços — Um hectare de terra pôde custar de 30$000 a 40$000, mais ou menos.",30000,40000,hectare,0
RJ,Maricá,"Um trabalhador rural ganha 1$500 com alimentação ou 2$000 a secco, diarios; um administrador de fazenda, 100$000 mensais; não há escrivães de fazenda; um carpinteiro, 4$000 diarios; um cozinheiro, 30$000 mensais; uma lavadeira, 15$000 mensais; os salarios são pagos e poucos contractos deixam de ser cumpridos.","Um trabalhador rural ganha 1$500 com alimentação ou 2$000 a secco, diarios",1500,2000,daily,"um carpinteiro, 4$000 diarios",4000,,daily,Não há empréstimos.,,,,"Qualidades - As terras são geralmente bôas, sendo em alguns pontos regulares e noutros inferiores; arenosas em grande parte, poucas argilosas e misturadas. O terreno é geralmente plano, existindo para os lados da Ponta Negra terrenos pantanosos. A vegetação é representada por mattas virgens nas serras do Sylvado, Cajú, Lagarto, João Homem, Matto Grosso, Itaocara e Caxito; por capoeiras em diversos pontos; cerrados e carrascaes em pequena parte e campos em grande parte. Preços — O hectare de terra bôa custa 50$000 approximadamente.",Preços — O hectare de terra bôa custa 50$000 approximadamente.,50000,50000,hectare,0
RJ,Monte Verde,"Um trabalhador rural, ganha de 1$000 a 1$300, diariamente, com comida; mensalmente, pagam de 20$000 a 25$000. Um administrador de fazenda, regula ganhar de 30$000 a 65$000, mensalmente. As escriptas são feitas pelos próprios donos. Um carpinteiro ganha 4$000 diários a secco. Um cozinheiro ganha de 10$000 a 15$000, mensais e uma lavadeira, de 8$000 a 10$000. Os salários são pagos e os contratos cumpridos.","Um trabalhador rural, ganha de 1$000 a 1$300, diariamente, com comida",1000,1300,daily,Um carpinteiro ganha 4$000 diários a secco,4000,,daily,"Regula a taxa de 8 a 10%¹, ao anno.",8,10,annual,"Qualidades - As terras são bôas na qual totalidade. Há grande quantidade de terras regulares; são poucas as inferiores; existem muitas terras argilosas, principalmente no 1º e 2º distritos; arenosas, encontram-se algumas, nos 3º, 4º e 5º distritos; misturadas, no 2º e 4º distritos (Cambucy e Ubá); planas em maior quantidade, no 3º distrito (Paraizo). Grande parte montanhosa, especialmente no 1º e 2º distritos. São muito pedregosas no 2º distrito (Cambucy). São secas no 1º e 2º distritos e nos altos das serras; pantanosas, no 3º distrito em (Paraizo). Há bôas mattas virgens, principalmente nos 2º e 3º distritos; há grande quantidade de capoeiras no 1º e 5º distritos; no 1º e 2º distritos poucos cerrados e nos 3º e 5º alguns carrascaes. Existem campos em todos os distritos do município porém, em pequena quantidade. Preços — Um hectare de terra bôa custa de 80$000 a 200$000, havendo preços bem mais inferiores.","Preços — Um hectare de terra bôa custa de 80$000 a 200$000, havendo preços bem mais inferiores.",80000,200000,hectare,0
RJ,Nictheroy,"Um trabalhador rural ganha 1$200 diarios com alimentação e 2$000 sem alimentação; não há administradores nem escrivães de fazenda; um carpinteiro ganha 4$000 a 6$000 diarios; um cozinheiro, 30$000 a 40$000 mensais; uma lavadeira, 25$000 a 30$000 mensais. Os salarios são pagos e os contratos cumpridos.",Um trabalhador rural ganha 1$200 diarios com alimentação e 2$000 sem alimentação,1200,2000,daily,um carpinteiro ganha 4$000 a 6$000 diarios,4000,6000,daily,Não há taxa fixa.,,,,"Qualidades - O município possui terras regulares e inferiores na maior parte; as terras boas são muito poucas. Há algumas argilhosas e misturadas, sendo arenosas no geral. A maior parte montanhosa, sendo muito poucas planas. A vegetação é representada por matas virgens na Serra Grande e na fazenda de Pendotiba; por capoeiras em quase toda parte montanhosa, e por muitos campos. Preços — Um hectare de terra boa custa 200$000; é uso venderem terras baseando-se no número de metros de frente, entretanto, este preço é muito variável, chegando a cifras bem inferiores.","Preços — Um hectare de terra boa custa 200$000; é uso venderem terras baseando-se no número de metros de frente, entretanto, este preço é muito variável, chegando a cifras bem inferiores.",200000,200000,hectare,0
RJ,Nova Friburgo,"O trabalhador rural ganha 1$000 diários ou 20$000 mensões; um cozinheiro, de 15$000 a 40$000 mensões; uma lavadeira, de 15$000 a 20$000 mensões; um carpinteiro, de 3$000 a 5$000 diários; não há administradores nem escrivães de fazenda. Os salários são pagos e os contratos cumpridos.",O trabalhador rural ganha 1$000 diários ou 20$000 mensões,1000,,daily,"um carpinteiro, de 3$000 a 5$000 diários",3000,5000,daily,A taxa é de 8 a 12 % ao anno.,8,12,annual,"Qualidades - Há algumas terras bôas e regulares e muitas inferiores; em grande parte são argilhas e pedregosas e na maioria montanhosas. A vegetação é representada por mattas, capoeiras, cerrados, carrascaes e campos. Preços — O hectare de terra bôa custa de 50$000 a 250$000, mais ou menos, havendo preços bem inferiores.","Preços — O hectare de terra bôa custa de 50$000 a 250$000, mais ou menos, havendo preços bem inferiores.",50000,250000,hectare,0
RJ,Parahyba do Sul,"Um cozinheiro ganha de 45$000 a 90$000 mensais; lavadeira, 20$000 a 30$000; carpinteiro, 5$000 a 8$000 diários, administrador de fazenda, de 100$000 à 350$000, com comida; escrivão de fazenda. 180$000 a 220$000, sem comida; trabalhador rural, 1$000 a 1$500 com comida, 2$000 a 2$500 sem comida. Os salários são pagos e os contratos cumpridos.","trabalhador rural, 1$000 a 1$500 com comida, 2$000 a 2$500 sem comida",1000,1500,,"carpinteiro, 5$000 a 8$000 diários, administrador de fazenda, de 100$000 à 350$000, com comida",5000,8000,daily,A taxa geralmente usada é de 6% a 10% ao ano.,6,10,annual,"Qualidades - São bôas e regulares, em grande quantidade, e pouco as inferiores, que ficam nos altos dos morros. São mais argilosas que misturadas, não havendo arenosas. Em sua maior extensão o sólo é constituído por terras argilosas, não existindo terrenos arenosos nem nas margens dos rios. O sólo do município é accidentado, e em alguns logares pedregoso. O terreno é secco, não existindo terras pantanosas, havendo, porém, um ou outro trecho húmido, próprio para a cultura do arroz. Quanto à vegetação é representada por poucas matas virgens e carrascaes, muitos campos e capoeiras, sendo a maior parte dos campos artificaes ou pastos. Não há campos hervados. "" Preços — Um hectare de terra bôa custa 45$000 a 80$000, mais ou menos.","Preços — Um hectare de terra bôa custa 45$000 a 80$000, mais ou menos.",45000,80000,hectare,0
RJ,Paraty,"Um trabalhador rural percebe 1$500 a 2$000 diarios; não ha administradores nem escrivães de fazenda; um carpinteiro ganha 6$000 diarios; um cozinheiro, 10$000 mensaes; lavadeira, 10$000 mensaes. Os salarios geralmente são pagos e os contractos cumpridos.",Um trabalhador rural percebe 1$500 a 2$000 diarios,1500,2000,daily,um carpinteiro ganha 6$000 diarios,6000,,daily,Não ha emprestimos.,,,,"Qualidades - As terras do município são bôas em grande extensão; regulares, em pequena parte; argilosas em grande parte; arenosas bastante e algumas misturadas. São planas no littoral, montanhosas no interior. Ha alguns pantanos nas planicies. Ha muita matta virgem e muita capoeira, alguns cerrados e muitos carrascaes. Não ha campos. Preços — Um hectare de terra bôa custa de 20$000 a 40$000.",Preços — Um hectare de terra bôa custa de 20$000 a 40$000.,20000,40000,hectare,0
RJ,Petropolis,,,1000,1500,,,,,,"Pagam geralmente 10 ª"" annuaes.",10,10,annual,"Qualidades - Póde-se, talvez, considerar um quinto de terras bôas, dois quintos regulares e dois quintos inferiores. Todas as terras são misturadas, predominando a areia, somente em algumas baixadas do rio. Póde-se dizer talvez, que 95°/° das terras são montanhosas. Existem zonas no município, onde numerosas são as pedreiras, de granito e gneiss. Os pantanos são raros. Existem ainda muitas matas virgens e muitos capoeirões. Não ha cerrados nem carrascaes; são raros bons campos de criar. Preços — Um hectare de matta virgem custa de 60$000 a 100$000; de capoeirão, 30$000 a 50$000, e de campo, 10$000 a 20$000.","Preços — Um hectare de matta virgem custa de 60$000 a 100$000; de capoeirão, 30$000 a 50$000, e de campo, 10$000 a 20$000.",10000,100000,hectare,0
RJ,Pirahy,"Um trabalhador rural ganha 1$000 a 1$200 diarios com alimentação; não ha administradores nem escrivães de fazenda; um carpinteiro ganha 3$000 a 5$000 diarios; uma cozinheira, 30$000 a 40$000 mensais; uma lavadeira, 10$000 a 12$000 mensais. Os salarios são pagos e os contractos cumpridos.",Um trabalhador rural ganha 1$000 a 1$200 diarios com alimentação,1000,1200,daily,um carpinteiro ganha 3$000 a 5$000 diarios,3000,5000,daily,A taxa é de 10 a 12 por cento ao anno.,10,12,annual,"Qualidades - Ha grande quantidade de terras bôas e regulares; ha poucas inferiores e quasi todas são argillosas. Não ha quasi arenosas e poucas são as planas. Quasi todas as terras são montanhosas, não ha pedregosas. A vegetação é representada por mattas virgens e capoeiras em grande quantidade. Não ha cerrados, ha poucos carrascaes e grande quantidade de campos. ” Preços — Um hectare de terra superior custa cerca de 50$000.",Preços — Um hectare de terra superior custa cerca de 50$000.,50000,50000,hectare,0
RJ,Rezende,"Um trabalhador rural 15500 a 25000 diarios, com alimentação: um administrador de fazenda, 10050000 a 12050000 mensaes; escrivão de fazenda, 805000 a 10050000 mensaes; carpinteiro, 35500 a 45000 diarios; cozinheiro, 255000 a 3050000 mensaes; lavadeira, 155000 a 2550000 mensaes. Os salarios são pagos e os contractos cumpridos.","Um trabalhador rural 15500 a 25000 diarios, com alimentação: um administrador de fazenda, 10050000 a 12050000 mensaes",1500,2000,daily,"carpinteiro, 35500 a 45000 diarios",35500,45000,daily,A taxa é de 4 a 5% ao anno.,4,5,annual,"Qualidades - O município possue terras muito bôas, regulares e inferiores, sendo estas duas últimas em muito maior quantidade do que as bôas. Em sua maioria são argilhosas, que arenosas quase não há; são poucas as misturadas. Parte é plana, parte é montanhosa. A vegetação é representada por muitas capoeiras e campos, e poucas matas virgens e carrascaes. Há muitos pastos de catingueiro rôxo e jaraguá. Um hectare de terra bôa custa 305000 a 505000, conforme a situação.",,,,,
RJ,Rio Bonito,"O trabalhador rural ganha 1$000 diários, com alimentação; uma cozinheira, 15$000 mensais; uma lavadeira, 10$000 a 20$000 mensais; um carpinteiro, 4$000 diários; um administrador de fazenda, 500$000 annuais; um escrivão de fazenda, 300$000 annuais. Os salários são pagos e os contratos cumpridos.","O trabalhador rural ganha 1$000 diários, com alimentação",1000,,daily,"um carpinteiro, 4$000 diários",4000,,daily,A taxa é de 8 a 12% ao ano.,8,12,annual,"Qualidades - O município possue muitas terras bóas, algumas regulares e poucas inferiores; quase todas são argilosas, existindo contudo muitas arenosas e algumas misturadas. O município é pouco pantanoso e pedregoso, sendo quase todo plano. Quanto à vegetação ainda possue muitas matas virgens, e tem muitas capoeiras e campos, além de alguns cerrados e poucos carrascaes. Preços — Um hectare de terra boa, em matta virgem, custa 30$000, em terra de cultura, 15$000.","Preços — Um hectare de terra boa, em matta virgem, custa 30$000, em terra de cultura, 15$000.",15000,30000,hectare,0
RJ,Rio Claro,"O trabalhador rural ganha 1$800 a 2$000 diários; uma cozinheira, de 12$000 a 15$000 mensais; uma lavadeira, 10$000 a 12$000 mensais; um carpinteiro, 3$000 diários; um administrador de fazenda, 80$000 a 100$000 mensais; não há escrivães de fazenda. Os salários são pagos e os contratos cumpridos.",O trabalhador rural ganha 1$800 a 2$000 diários,1800,2000,daily,"um carpinteiro, 3$000 diários",3000,,daily,A taxa é de 12 por cento ao ano.,12,12,annual,"Qualidades - Metade talvez, bôas; metade talvez, regulares. Há argilhosas e misturadas. Na sua maioria montanhosas, existindo também muito terrenos pedregosos. A vegetação é representada por mattas virgens, capoeiras, alguns carrascaes e campos. Preços - O hectare de terra bôa custa 40$000 a 50$000, mais ou menos.","Preços - O hectare de terra bôa custa 40$000 a 50$000, mais ou menos.",40000,50000,hectare,0
RJ,Sant'Anna de Japuhyba,"O trabalhador rural ganha 1$000 diários com sustento; cozinheiro não ha, as donas de casa, no geral, fazem a cozinha; lavadeira ganha por duzia de peças à lavar; carpinteiro de 4$000 a 5$000 diarios; não há administradores nem escrivães de fazenda. Os salarios são pagos e os contratos cumpridos.",O trabalhador rural ganha 1$000 diários com sustento,1000,,daily,carpinteiro de 4$000 a 5$000 diarios,4000,5000,daily,Não ha taxa determinada.,,,,"Qualidades - O município pôde ser dividido em duas zonas, alta e baixa; em ambas há terras bôas e regulares, apropriadas ao plantio do café, canna e cereais; sendo que, na parte alta predominam as terras argilosas, misturadas, montanhosas e pedregosas, e na parte baixa as terras arenosas, misturadas, planas e pantanosas, tendo ambas matas virgens, campos e capoeiras. Preços — O hectare de terra bôa custa, quando em capoeira 100$000 a 150$000. Estes preços estão sujeitos a oscilações fortes, que há terras muito e muito mais baratas.","Preços — O hectare de terra bôa custa, quando em capoeira 100$000 a 150$000. Estes preços estão sujeitos a oscilações fortes, que há terras muito e muito mais baratas.",100000,150000,hectare,0
RJ,Santa Maria Magdalena,"Um trabalhador rural ganha 1$000 diários com comida; administrador de fazenda, 800$000 a 1:000$000 annuais; escrivão de fazenda, 400$000 a 800$000 annuais; carpinteiro, 4$000 a 5$000 diarios; cozinheiro, 30$000 a 40$000 mensões; lavadeira, 20$000 a 30$000 mensões. Os salários são pagos e os contratos cumpridos.",Um trabalhador rural ganha 1$000 diários com comida,1000,,daily,"carpinteiro, 4$000 a 5$000 diarios",4000,5000,daily,"A taxa varia de 6, 8, 10 e 12% ao anno.",6,8,annual,"Qualidades - As terras são em sua maioria bôas, havendo muitas regulares e poucas inferiores; há misturadas e argilhosas, mas na parte baixa do município são arenosas. A maior parte é montanhosa, existindo alguns terrenos pedregosos e poucos seccos. Há terrenos pantanosos nas divisas de Campos e Macahé. A vegetação é representada por muitas muitas virgens, cápoeiras e campos, havendo poucos cerrados e carrascaes. Preços — Um hectare de terra bôa custa 150$000 a 200$000, approximadamente, este preço é especial, que os preços correntes são muito inferiores.","Preços — Um hectare de terra bôa custa 150$000 a 200$000, approximadamente, este preço é especial, que os preços correntes são muito inferiores.",150000,200000,hectare,0
RJ,Santa Thereza de Valença,"Um trabalhador rural ganha de 1$200 a 1$500 com comida, ou 1$800 a 2$200 a secco; um administrador de fazenda, 250$000 a 400$000 mensões e um escrivão de fazenda, de 180$000 a 250$000 K. 15 a secco; um carpinteiro, de 6$000 a 8$000 por dia; cozinheiro, de 40$000 a 50$000 mensões e uma lavadeira, de 25$000 a 40$000 mensões. **TERRAS** — Qualidades — O município abrange uma área de 310 kilometros quadrados, approximadamente, e suas terras podem ser, mais ou menos, assim divididas: bôas, na maior parte; regulares, mais que as inferiores, que são poucas; bôa parte argillosa e bôa parte misturadas. A vegetação é representada por muitas matas, capoeiras e campos. "" Preços — O hectare de terra bôa custa de 120$000 a 150$000, entretanto há preço muito inferiores. **TRANSPORTES** — O preço do transporte varia muito. No mercado local regulam pagar de quatro a sete réis por kilo. **NOTA** O município limita-se ao norte, com o do Rio Preto, Estado de Minas, do qual é separado pelo rio do mesmo nome, desde os terrenos da fazenda Corôas até a estação de Tres Ilhas, que serve de limite a Santa Thereza; ao sul, com o município de Vassouras, do qual é separado pelo rio Parahyba; a leste, com o da Parahyba do Sul e a oeste, com o de Valença. A sua área é calculada em 310 kilometros quadrados, approximadamente, sendo a população avaliada em cerca de 18.000 habitantes. A sede do município acha-se á 460 metros acima do nível do mar, gozando muito bom clima, considerado de primeira ordem, devido a pureza do ar e qualidade superior das aguas. E' muito visitado por veranistas, sendo notável a robustez dos habitantes, que no geral, dizem, chegam a edade muito avançada. Existem mattas virgens em diversos pontos do município, onde vegetam vigorosos páos d'alho, figueiras brancas, perobas, oleos e muitas outras madeiras de terra bôa, além de bons cafezões, produzindo colheitas regulares. As pastagens são magníficas, pastagens artificiais, pastos bem cuidados, onde domina o catingueiro rôxo em primeiro lugar.","Um trabalhador rural ganha de 1$200 a 1$500 com comida, ou 1$800 a 2$200 a secco",1200,1500,,"um carpinteiro, de 6$000 a 8$000 por dia",6000,8000,daily,Taxa de 8% ao anno.,8,8,annual,,,,,,
RJ,Santo Antonio de Padua,"O trabalhador rural ganha 1$000 diarios ou 15$000 a 20$000 mensões; cozinheiro, 7$000 a 15$000 mensões; lavadeira, 5$000 a 10$000 mensões; carpinteiro, 2$000 a 2$000 diarios; administrador de fazenda, 30$000 a 60$000 mensões; não há escrivães de fazenda. Os salários são pagos e os contratos cumpridos.",O trabalhador rural ganha 1$000 diarios ou 15$000 a 20$000 mensões,1000,,daily,"carpinteiro, 2$000 a 2$000 diarios",2000,2000,daily,"A taxa é de 8 a 10%¹⁰, ao anno.",8,10,annual,"Qualidades - As terras do município são na sua maioria bôas, misturadas, planas ou pouco accidentadas. A vegetação é representada por mattas, capoeiras, alguns cerrados, carrascaes e campos. Preços — O hectare de terra bôa custa 50$000 a 200$000, mais ou menos, havendo preços bem inferiores.","Preços — O hectare de terra bôa custa 50$000 a 200$000, mais ou menos, havendo preços bem inferiores.",50000,200000,hectare,0
RJ,S. Fidelis,"Um trabalhador rural ganha 1$000 diarios com comida; um administrador de fazenda, 1:000$000 annuaes; escrivães de fazenda não ha, a escripta é feita pelo proprietario ou pelo administrador; um carpinteiro, 5$000 diarios; uma cozinheira, 15$000 mensaees; uma lavadeira, 12$000 mensaees. Os salarios são pagos e os contractos cumpridos.",Um trabalhador rural ganha 1$000 diarios com comida,1000,,daily,"um carpinteiro, 5$000 diarios",5000,,daily,A taxa é de 12% ao anno.,12,12,annual,"Qualidades - As terras deste municipio são em sua quasi totalidade boas, existindo algumas regulares e diminuta quantidade de inferiores. As terras predominantes são as chamadas massapé, havendo alguns terrenos arenosos nas proximidades do Parahyba, e muito pequena parte, de misturadas. No geral são montanhosas, existindo poucas terras planas; na parte montanhosa existe algum terreno pedregoso. Existem poucos terrenos pantanosos. A vegetação é representada por mattas virgens, capoeiras e campos, havendo poucos cerrados e carrascaes. Preços — Um hectare de terra boa custa 50$000, approximadamente.","Preços — Um hectare de terra boa custa 50$000, approximadamente.",50000,50000,hectare,0
RJ,S. Francisco de Paula,"Um trabalhador rural ganha 18000 diários, com alimentação ou 208000 mensões e sustento; um administrador de fazenda, 308000 a 808000 mensões, segundo a importância da fazenda; não há escrivães de fazenda; um carpinteiro ganha 38000 a 58000 diários e sustento; uma cozinheira, 158000 a 208000 mensões; uma lavadeira, 108000 a 158000 mensões. Os salários são pagos e os contratos cumpridos.","Um trabalhador rural ganha 18000 diários, com alimentação ou 208000 mensões e sustento",1000,,daily,um carpinteiro ganha 38000 a 58000 diários e sustento,3000,5000,daily,A taxa é de 8 a 12% ao ano.,8,12,annual,"Qualidades - As terras do município são bôas na maior parte, tendo algumas regulares e poucas inferiores. Há terras argilosas nos primeiros e segundo districtos, algumas arenosas no terceiro districto e misturadas nos primeiro e quarto districtos. Há pequena porção de terras planas, sendo a maior parte montanhosa; há algumas pedregosas; e poucas seccas, no alto das serras. Há também algumas pantanosas no terceiro districto. Sua vegetação é representada por grande quantidade de mattas virgens, muitas capoeiras, cerrados, carrascaes e campos. Preços — O hectare de terra de campo custa 758000 a 808000; de matta virgem, 5008000; estes preços podem sofrer e sofrer grandes reduções.","Preços — O hectare de terra de campo custa 758000 a 808000; de matta virgem, 5008000; estes preços podem sofrer e sofrer grandes reduções.",75000,500000,hectare,0
RJ,S. Gonçalo,Um trabalhador rural ganha de 2$500 a 3$000 a secco e 1$500 a 2$500 com comida. Administradores e escrivães de fazenda não ha; carpinteiros 5$000 a 8$000 diarios; cozinheiro 30$00 a 40$000 mensões; lavadeira 20$000 a 25$000 mensões. Os salarios são pagos e os contractos cumpridos., carpinteiros 5$000 a 8$000 diarios,2500,3000,,carpinteiros 5$000 a 8$000 diarios,5000,8000,daily,De 7 a 10 por cento ao anno.,7,10,annual,"Qualidades - Podem ser, mais ou menos, assim divididas; terras bôas, grande parte; regulares, bastante; inferiores, menos que as regulares. Argilosas, muitas; arenosas, poucas; misturadas em regular quantidade. Montanhosas, a maior parte. Ha poucas mattas virgens, muitas capoeiras, alguns cerrados e poucos carrascaes e campos. ” Preços — Um hectare de terra varia de 200$000 a 300$000, mas estes preços soffrem oscilações fortes para muito menos.","Preços — Um hectare de terra varia de 200$000 a 300$000, mas estes preços soffrem oscilações fortes para muito menos.",200000,300000,hectare,0
RJ,S. João da Barra,"Um trabalhador rural ganha, 1$200 a 1$500 diários; um administrador de fazenda, 1.000$000 annuães; escrivães de fazenda não há; a escrita é feita pelos proprietários; um carpinteiro ganha 5$000 diário; uma cozinheira 15$000 mensais em média; uma lavadeira, 15$000. Os salários são pagos e os contratos cumpridos.","Um trabalhador rural ganha, 1$200 a 1$500 diários",1200,1500,daily,um carpinteiro ganha 5$000 diário,5000,,daily,A taxa empregada é de 12% ao anno.,12,12,annual,"Qualidades - As terras até a distância de uma legua do mar, são arenosas e nelas se cultiva principalmente, mandioca, batata, melancia e abobora, etc.; a proporção que se afastam do litoral, vão mudando, até se tornarem barrentas, bôas para todas as culturas. São planas na maior parte, e montanhosas, apenas, nas divisas do Estado do Espírito Santo; existindo em todas elas poucos pantanos. Os baixos ou baixadas assim como as muitas ilhas, formadas pelo rio Parahyba, são aproveitadas para pastagens de capim angola. A vegetação das matas virgens é magnífica. Preços — Um hectare de terras custa 150$000 em média, porém há preços bem mais inferiores.","Preços — Um hectare de terras custa 150$000 em média, porém há preços bem mais inferiores.",150000,150000,hectare,0
RJ,S. João de Itaborahy,"Um trabalhador rural, ganha 2$000, a secco; um administrador de fazenda, 100$000, mensaes; não há escrivães de fazenda; um carpinteiro, ganha 5$000 diarios; uma cozinheira, 30$000 mensaes; uma lavadeira, 20$000 mensaes. Os salarios são pagos e os contratos cumpridos.","Um trabalhador rural, ganha 2$000, a secco",2000,,,"um carpinteiro, ganha 5$000 diarios",5000,,daily,"Não há taxa estabelecida, sendo raras essas transações.",,,,"Qualidades - As terras no geral são regulares, as bôas são mais que as inferiores. São argilosas em grande parte; arenosas no littoral; misturadas, em muitos logares. Em geral planas com exceção das que são atravessadas pelo braço da serra do mar. Pedregosas existem poucas; são pantanosas as da baixada, principalmente as situadas à margem do rio Macacú. Há mattas nas fazendas de S. Thomé, Sapucaia, Cachoeira e Pilões. Existem muitas capoeiras, cerrados e carrascaes, são poucos os campos. "" Preços — Um hectare de terra bôa custa em média 100$000, mas há preços muito inferiores a este.","Preços — Um hectare de terra bôa custa em média 100$000, mas há preços muito inferiores a este.",100000,100000,hectare,0
RJ,S. João Marcos,"Um cozineiro ganha 15.000 mensas; lavadeira, 10.000 mensas; carpinteiro, 3.000 a 4.000 diários; trabalhador rural, de 1.500 a 2.000 diários, a secco; não há administradores nem escrivães de fazenda. Em geral os salários são pagos e os contratos cumpridos.","trabalhador rural, de 1.500 a 2.000 diários, a secco",1500,2000,daily,"carpinteiro, 3.000 a 4.000 diários",3000,4000,daily,Não há prestamistas.,,,,"Qualidades - As terras do município são boas em geral, havendo algumas regulares e inferiores. São misturadas e argilosas em partes talvez iguais; arenosas poucas. O solo é montanhoso e pedregoso, sendo poucos os terrenos planos, havendo muitos pantanosos. Em relação à vegetação, o município possui muito poucas matas virgens, maior quantidade de capoeiras; e tem cerrados e carrascaes e campos. Preços — Um hectare de terra boa custa 30.000 a 40.000 mais ou menos.",Preços — Um hectare de terra boa custa 30.000 a 40.000 mais ou menos.,30000,40000,hectare,0
RJ,S. Pedro d'Aldeia,"O trabalhador de lavoura ganha 1$200 diarios, sem alimentação; nas salinas, 2$000 a 3$000 diarios; cozinheiro, 10$000 mensas; lavadeira, 10$000 mensas; carpinteiro, 5$000 a 6$000 diarios. Não ha administradores, nem escrivães de fazendas. Os salarios são pagos e os contractos cumpridos.",-,1200,,,"carpinteiro, 5$000 a 6$000 diarios",5000,6000,daily,Não ha prestamistas.,,,,"Qualidades - A exceção do nordeste do município; onde ha pantanos, as terras de culturas são quase todas bôas. Em grande parte argilosas; muitas arenosas e muitas misturadas. Em sua maioria planas. A vegetação é representada por poucas mattas, muitas capoeiras, além de cerrados e carrascaes, e poucos campos. Preços — Um hectare de terra bôa custa 40$000, mais ou menos.","Preços — Um hectare de terra bôa custa 40$000, mais ou menos.",40000,40000,hectare,0
RJ,S. Sebastião do Alto,"Um trabalhador rural ganha 18000 diarios, com comida; um administrador de fazenda, 6008000 annuaes; escrivães de fazenda, não ha; um carpinteiro ganha 48000 diarios; uma lavadeira, 158000 a 208000 mensaes; um cozinheiro, 208000 a 308000 mensaes. Os salarios são pagos e os contractos cumpridos.","Um trabalhador rural ganha 18000 diarios, com comida",1000,,daily,um carpinteiro ganha 48000 diarios,4000,,daily,"Taxas de 6, 8, 10 e 12 por cento ao ano.",6,8,annual,"Qualidades - As terras do município são em sua maioria bôas, havendo muitas regulares e poucas inferiores. São argillosas e também misturadas, existindo terrenos arenosos na parte baixa do município. Quasi todo o município é montanhoso e secco, havendo insignificante quantidade de terrenos planos. Há muitas terras pedregosas, não há quase pantanos. A vegetação é representada por poucas matas virgens, muitas capoeiras, campos, alguns cerrados e carrascaes. "" Preços — Um hectare de terra bôa custa em matta ou capoeira, 808000, approximadamente, havendo, porém, preços mais baixos.","Preços — Um hectare de terra bôa custa em matta ou capoeira, 808000, approximadamente, havendo, porém, preços mais baixos.",80000,80000,hectare,0
RJ,Sapucaia,"Um trabalhador rural ganha 1$300 diários; um administrador de fazenda, 100$000 mensões; um escrivão de fazenda, 50$000 mensões; um carpinteiro, de 3$000 a 5$000 diários; um cozinheiro, 20$000 mensões; uma lavadeira, 10$000 mensões. Os salários são pagos e os contratos cumpridos.",Um trabalhador rural ganha 1$300 diários,1300,,daily,"um carpinteiro, de 3$000 a 5$000 diários",3000,5000,daily,A taxa é de 8 a 10% ao anno.,8,10,annual,"Qualidades - As terras do município são na maioria bôas silico-argillosas e montanhosas. Existem terrenos seccos e pedregosos. A vegetação é representada por muitos campos, poucas mattas e capoeiras. Preços - O hectare de terra em matta custa 40$000 e em capoeiras ou campo, 20$000.","Preços - O hectare de terra em matta custa 40$000 e em capoeiras ou campo, 20$000.",20000,40000,hectare,0
RJ,Saquarema,"Um trabalhador rural ganha 1$500 por dia; não há administradores nem escrivães de fazenda; carpinteiro, 3$000 diários; cozinheiro, 12$000 mensais; lavadeira, 10$000 mensais. Os salários são pagos e os contratos cumpridos.",Um trabalhador rural ganha 1$500 por dia,1500,,daily,"carpinteiro, 3$000 diários",3000,,daily,Não ha empréstimos.,,,,"Qualidades - Em sua maioria, boas, argilhosas e planas, havendo também muitas misturadas. Há poucas pedregosas e montanhosas; são secas no littoral, poucas são as pantanosas. A vegetação é formada de mattas virgens, muitas capoeiras, cerrados e carrascaes. "" Preços — O transporte para o mercado local é feito por tropas; para a estação de Praia Formosa no Rio de Janeiro custa o transporte por sacco 400 réis e para Nictheroy, 300 réis.",,,,,
RJ,Sumidouro,"O trabalhador rural ganha 1$000 por dia, com sustento; mensalmente de 20$000 a 25$000 com sustento; um cozinheiro, de 15$000 a 20$000 mensais; uma lavadeira na sede, 15$000 e no interior, de 8$000 a 10$000; uma carpinteiro, 4$000 a 4$500, com sustento; no interior, isto é, nas fazendas, a 2$500 e 3$000; um administrador, de 360$000 a 1:200$000, annualmente; não ha escrivães de fazenda. Os salarios são pagos e os contractos cumpridos.","O trabalhador rural ganha 1$000 por dia, com sustento",1000,,daily,"uma carpinteiro, 4$000 a 4$500, com sustento",4000,4500,,"8 a 12*|, annualmente.",8,12,annual,"Qualidades - São geralmente bôas; muito accidentadas, pedregosas e argilosas. A vegetação é representada por mattas virgens, capoeiras, cerrados e campos. Preços — Um hectare de terra bôa custa de 160$000 a 250$000; porém, ha preços bem inferiores a estes.","Preços — Um hectare de terra bôa custa de 160$000 a 250$000; porém, ha preços bem inferiores a estes.",160000,250000,hectare,0
RJ,Therezopolis,"O trabalhador rural ganha 3$000 diários, sem alimentação; um administrador de fazenda, 1:000$000 anual; um escrivão de fazenda, 500$000 anuais; uma cozinheira, 30$000 mensais; uma lavadeira, 25$000 mensais; um carpinteiro, 5$000 a 6$000 diários. Os salários são pagos e os contratos cumpridos.","O trabalhador rural ganha 3$000 diários, sem alimentação",3000,,daily,"um carpinteiro, 5$000 a 6$000 diários",5000,6000,daily,A taxa é de 6 a 12 *|* ao ano.,6,12,annual,"Qualidades - O município possue muitas terras bôas e regulares; são geralmente arenosas, muito accidentadas e bem pedregosas. A vegetação é representada por muitas matas virgens e capoeiras e alguns cerrados e campos; carrascaes não ha. Preços — Um hectare de terra em matta virgem custa 40$000, e em cultura ou capoeira, 20$000, tanto um como outro preço são approximados.","Preços — Um hectare de terra em matta virgem custa 40$000, e em cultura ou capoeira, 20$000, tanto um como outro preço são approximados.",20000,40000,hectare,0
RJ,Valença,"Um trabalhador rural ganha 15000 diários com alimentação; administrador de fazenda, 600.000 annuções; escrivães de fazenda, não há; um carpinteiro, 48.000 a 55.000 diários; um cozinheiro, 30.000 mensais; uma lavadeira, 15.000 mensais. Os salários são pagos e os contratos cumpridos.",Um trabalhador rural ganha 15000 diários com alimentação,1500,,daily,"um carpinteiro, 48.000 a 55.000 diários",4000,55000,daily,A taxa é de 8 a 12% ao anno.,8,12,annual,"Qualidades - Quasi todas as terras são boas; as terras de qualidade regular, existem quase somente no distrito de Santo Antônio do Rio Bonito; são poucas as inferiores. São quase todas argilosas, havendo entretanto misturadas e arenosas. São geralmente montanhosas; pedregosas em poucos lugares. A vegetação é representada por poucas matas virgens, muitas capoeiras, alguns cerrados e muitos campos. Preços — Um hectare de terra boa custa mais ou menos 100.000 quando em matta; e 20.000 quando em campo ou lavoura.",Preços — Um hectare de terra boa custa mais ou menos 100.000 quando em matta; e 20.000 quando em campo ou lavoura.,20000,100000,hectare,0
RJ,Vassouras,"O trabalhador rural ganha 18.000 diarios; um cosinheiro, 25.000 a 50.000 mensas; uma lavadeira, 15.000 a 30.000 mensas; um carpinteiro, 4.000 a 5.000 diarios; um administrador de fazenda, 1.200.000 a 2.000.000 annuaes; escrivães de fazenda, não ha. Os salarios são pagos e os contractos cumpridos.",O trabalhador rural ganha 18.000 diarios,1000,,daily,"um carpinteiro, 4.000 a 5.000 diarios",4000,5000,daily,"A taxa é de 8 a 10 "" | ao ano.",8,10,annual,"Qualidades - Na maioria bôas; há contudo bastante regulares e algumas inferiores; há arenosas e argilosas, mas a maior parte é misturada; muitas são montanhosas e pedregosas. A vegetação, é representada por muitas matas virgens, capoeiras, campos e alguns carrascaes e cerrados. Preços — Um hectare de terra em matta virgem, custa mais ou menos 70.000; em capoeira ou cultura, 35.000 e em pasto, 10.000.","Preços — Um hectare de terra em matta virgem, custa mais ou menos 70.000; em capoeira ou cultura, 35.000 e em pasto, 10.000.",3000,70000,hectare,0
RN,Acary,"Um trabalhador rural ganha 600 réis diários, com alimentação, elevando-se a 38000 diários no tempo das colheitas; não ha administradores nem escrivães de fazenda; um carpinteiro ganha de 38000 a 58000 diários, com alimentação; uma cozinheira, de 58000 a 88000 mensais; pagam 10 réis por peça de roupa lavada. Os salários são pagos e os contratos cumpridos.","Um trabalhador rural ganha 600 réis diários, com alimentação, elevando-se a 38000 diários no tempo das colheitas",600,3000,daily,"um carpinteiro ganha de 38000 a 58000 diários, com alimentação",3000,5000,daily,Não ha emprestimos.,,,,"Qualidades - O município possui terras boas nas margens dos rios; regulares e inferiores nas serras, tabuleiros e catingas; são geralmente misturadas, planas em pequena parte e montanhosas na sua maioria. São séccas e pedregosas; argilosas, nas serras; não ha pantanosas. A vegetação é representada por campos, capoeiras, cerrados e carrascaes; não ha mattas virgens. Preços — O preço de uma braça de terra com meia legua de fundo custa 1008000 approximadamente.",Preços — O preço de uma braça de terra com meia legua de fundo custa 1008000 approximadamente.,100000,100000,braca;legua,1
RN,Angicos,"Um trabalhador rural ganha 600 réis com comida e de 1$000 a secco por dia; um carpinteiro, 3$000 diários; uma lavadeira ganha por peça; uma cozinheira ganha de 10$000 a 15$000 por mês; não há administradores nem escrivães de fazenda. Os salários são pagos regularmente e os contratos cumpridos.",Um trabalhador rural ganha 600 réis com comida e de 1$000 a secco por dia,600,1000,daily,"um carpinteiro, 3$000 diários",3000,,daily,Não há prestamistas.,,,,"Qualidades - Ha terras bóas, nas varzeas; regulares, nos ariscos; e inferiores nos taboleiros. Ha poucas argilosas e grande parte arenosas e misturadas. A maior parte é plana, havendo poucas terras montanhosas e grande quantidade de pedregosas. Ha muita terra secca, não havendo pantanosas. A vegetação é representada por capoeiras, cerrados ou carrascaes e grandes campos. Não há mattas virgens. Preços — Uma braça de terra boa, com meia legua de fundo custa 30$000 a 60$000.","Preços — Uma braça de terra boa, com meia legua de fundo custa 30$000 a 60$000.",30000,60000,braca;legua,1
RN,Apody,"Carpinteiro, 2$000 com comida ou 4$000 diarios a secco; trabalhador rural, 1$000 com comida ou 2$000 a secco; lavadeira ganha por peça ou trouxa de roupa lavada; não há cozinheiras, sendo a cozinha feita pelas donas de casa. Não há administradores nem escrivães de fazenda. Os salários são pagos e os contratos cumpridos.","trabalhador rural, 1$000 com comida ou 2$000 a secco",1000,2000,,"Carpinteiro, 2$000 com comida ou 4$000 diarios a secco",2000,4000,daily,Não há emprestimos.,,,,"Qualidades - Bôas, nas margens do rio Apody e dos riachos; regulares, nos ariscos; inferiores, nos taboleiros de pedra. São misturadas em grande parte, e arenosas e argilhosas, mais ou menos em equal proporção. O município é plano em grande extensão. Há poucos terrenos montanhosos e pedregosos. As terras são seccas. Não há terrenos pantanosos. Há alguns carrascaes, capoeiras e cerrados. Há também alguns campos e poucas matas virgens. Preços — As terras são vendidas geralmente em globo. As de carnaúba ou varzeas com carnaúbaes, são vendidas até 50$000 a braça de frente com o que tiver de fundo o terreno a vender.","Preços — As terras são vendidas geralmente em globo. As de carnaúba ou varzeas com carnaúbaes, são vendidas até 50$000 a braça de frente com o que tiver de fundo o terreno a vender.",50000,50000,braca,1
RN,Areia Branca,São muito variáveis.,,-,-,,,,,,Não há empréstimos.,,,,"Qualidades - Há terras boas nas margens dos rios e riachos, regulares e inferiores nos ariscos e catingas. O sólo é plano e secco em quase toda a sua extensão. A vegetação é representada por capoeiras, cerrados, carrascaes e campos. ” Preços — O preço de um terreno tendo uma braça de frente por uma legua de fundo, varia de 500 réis a 10$000, conforme a situação e qualidade das terras.","Preços — O preço de um terreno tendo uma braça de frente por uma legua de fundo, varia de 500 réis a 10$000, conforme a situação e qualidade das terras.",500,10000,braca;legua,1
RN,Arez,"Um trabalhador rural ganha 1$000 diários; administradores de fazenda e escrivães não há; um carpinteiro ganha 3$000 diários; as lavadeiras cobram dez réis para cima por peça de roupa a lavar; cozinheiras não têm preço fixo, visto geralmente a comida ser feita pelas donas de casa. Os salários são pagos e os contratos cumpridos.",Um trabalhador rural ganha 1$000 diários,1000,,daily,um carpinteiro ganha 3$000 diários,3000,,daily,Os agricultores não tomam dinheiro a juros.,,,,"Qualidades - Bôas, nos valles do Jacó, ocupando uma faixa de cerca de cinco leguas por 30 a 400 braças de largura; no valle do Baldum, há outra faixa de duas leguas de extensão por 20 a 200 braças de largura; são terras de varzeas frescas, todas cultivadas. Cerca de metade das terras do município são regulares, havendo algumas inferiores. Quasi todas as terras são argilhosas no sub sólo. Há terras arenosas e outras misturadas. Em geral são planas e seccas, existindo algumas pantanosas. Há ligeiros morros de areia e pequenas collinas no litoral. Não há terreno pedregoso. A vegetação é representada por capoeiras, cerrados e campos. Não há carrascaes nem mattas virgens. "" Preços — Uma braça de terra por duas mil e quatrocentas de fundo, tendo quatrocentas braças em terras bôas e o resto em regulares custa 50$000, approximadamente.","Preços — Uma braça de terra por duas mil e quatrocentas de fundo, tendo quatrocentas braças em terras bôas e o resto em regulares custa 50$000, approximadamente.",50000,50000,braca,1
RN,Assú,"Um trabalhador rural ganha 1$500 a secco; não há administradores nem escrivães de fazenda, que são administradas pelos próprios donos; um carpinteiro ganha de 3$000 a 5$000 diários; um cozinheiro, na cidade, ganha de 6$000 a 10$000 por mez; as lavadeiras cobram por peça. Os salários são pagos e os contratos cumpridos.",Um trabalhador rural ganha 1$500 a secco,1500,,,um carpinteiro ganha de 3$000 a 5$000 diários,3000,5000,daily,"Não há prestamistas. MADEIRA de lei — Aroeira, pão d'arco, angico, pereira, emburana, pão branco, carnaúba, oiticica, etc.",,,annual,"Qualidades - As terras são boas nas varzeas do rio Assú e lagóas affluentes; regulares, nos ariscos; inferiores, nos taboleiros; argillosas, arenosas e misturadas em parte; planas, quase todas; montanhosas, muito poucas; pedregosas, poucas; não são pantanosas; não há mattas virgens; existem capoeiras, cerrados, carrascaes e campos. Preços — Sendo de taboleiro e arisco 5$000 a braça; de varzea e arisco, 50$000 a braça; de carnaúba, 100$000 a braça; a braça aqui referida é uma braça de frente, com o que tiver de fundo.","Preços — Sendo de taboleiro e arisco 5$000 a braça; de varzea e arisco, 50$000 a braça; de carnaúba, 100$000 a braça; a braça aqui referida é uma braça de frente, com o que tiver de fundo.",5000,100000,braca,1
RN,Augusto Severo,"Trabalhador rural ganha 2$000 a secco e 1$000 com comida; não há administradores nem escrivães de fazenda; carpinteiro, 2$500 a 3$000, por dia; a cozinha é feita pelas próprias donas de casa; roupa lavada é paga por peça ou tronxa. Os salários são pagos e os contratos cumpridos.",Trabalhador rural ganha 2$000 a secco e 1$000 com comida,1000,2000,,"carpinteiro, 2$500 a 3$000, por dia",2500,3000,daily,Não ha empréstimos.,,,,"Qualidades - As terras podem ser assim divididas: bóas, as de massapé, nas varzeas; regulares, as das serras e ariscos; inferiores, as de taboleiros pedregosos. Há terras argillosas, arenosas e misturadas. Mais da metade das terras são planas e o restante montanhosas. São pedregosas em grande parte e quase todas seccas. Não há pantanos. Há uma matta virgem mais ou menos conservada com cerca de 45 kilómetros de extensão por 25 de largura. Há capoeiras, cerrados, carrascaes e campos. Preços — As propriedades são sempre vendidas em globo, podendo-se, entretanto, calcular em 2$000 o hectare; a de terra de carnaval, na varzea de Upanema custa 10$000.","Preços — As propriedades são sempre vendidas em globo, podendo-se, entretanto, calcular em 2$000 o hectare; a de terra de carnaval, na varzea de Upanema custa 10$000.",2000,10000,hectare;property,1
RN,Caicó,"Um trabalhador rural ganha 18000 diarios com alimentação; não há administradores nem escrivães de fazenda; um carpinteiro ganha 48000 a 58000 diarios, paga-se 10 réis por peça de roupa lavada; uma cozinheira ganha de 68000 a 88000 mensais. Os salarios são pagos e os contractos cumpridos.",Um trabalhador rural ganha 18000 diarios com alimentação,1000,,daily,"um carpinteiro ganha 48000 a 58000 diarios, paga-se 10 réis por peça de roupa lavada",4000,5000,daily,Não ha empréstimos.,,,,"Qualidades - O município possue terras boas nas margens dos rios e riachos; regulares nos baixios e serras; as inferiores, que são pedregosas, nos taboleiros e serrotes. Todas são geralmente planas e pedregosas; poucas são montanhosas. A vegetação é representada por grande parte de campos por cerrados, capoeiras e carrascaes. São raras as mattas virgens. Preços — Uma braça de terra boa com meia legua de fundo custa 1008000, approximadamente.","Preços — Uma braça de terra boa com meia legua de fundo custa 1008000, approximadamente.",100000,100000,braca;legua,1
RN,Caraúbas,"Trabalhador rural, 18000 diário com comida e 28000 a secco; não há administradores nem escrivães de fazenda; carpinteiro, 38000 com comida e 48500 a secco; cozinheiras são as próprias donas de casa; lavadeiras são pagas por peça ou por trouxa. Os salários são pagos e os contratos cumpridos.","Trabalhador rural, 18000 diário com comida e 28000 a secco",1000,2000,daily,"carpinteiro, 38000 com comida e 48500 a secco",3000,4500,daily,Não ha empréstimos.,,,,"Qualidades - As terras podem ser assim divididas: bóas, nas varzeas; regulares, nos ariscos; inferiores, nos tabuleiros pedregosos. Há terras argilosas, arenosas e misturadas. São planas na maior parte. Há poucas montanhosas e muitas pedregosas. Não há matta virgem, há capoeiras, cerrados, carrascaes e campos. “ Preços — As propriedades são sempre vendidas em globo, podendo-se calcular o preço em 108000 para um hectare de terra de carnaúbal de 28000 a 38000 para as demais terras.","Preços — As propriedades são sempre vendidas em globo, podendo-se calcular o preço em 108000 para um hectare de terra de carnaúbal de 28000 a 38000 para as demais terras.",2000,10000,hectare;property,1
RN,Ceará Mirim,"Um trabalhador rural ganha 1$000 diários; não há administradores nem escrivães de fazenda; um carpinteiro ganha 2$000 a 5$000 diários; um cozinheiro, 10$000 mensajes; as lavadeiras cobram por peça. Os salários são pagos e os contratos cumpridos.",Um trabalhador rural ganha 1$000 diários,1000,,daily,um carpinteiro ganha 2$000 a 5$000 diários,2000,5000,daily,"A taxa adoptada é o de 5 % ao mez. MADEIRA de lei — Pão d'arco, query, pão d'oleo, sucupira, jatahy, vassourinha, castanheiro, etc.",5,5,monthly,"Qualidades - As terras são em sua maioria bôas, sendo misturadas e planas, havendo regulares e inferiores. A vegetação é representada por capoeiras, cerrados, carrascaes e campos. "" Preços — Geralmente baixos.",Preços — Geralmente baixos.,,,,
RN,Curraes Novos,"Um trabalhador rural ganha, com alimento, 600 réis diários, atingindo os salários durante a colheita do algodão e borracha à 35000 diários; não há administradores nem escrivães de fazenda; um carpinteiro ganha de 35000 a 55000 diários; paga-se 10 réis por peça de roupa lavada; uma cozinheira ganha de 55000 a 85000 mensais. Os salários são pagos e os contractos cumpridos.","Um trabalhador rural ganha, com alimento, 600 réis diários, atingindo os salários durante a colheita do algodão e borracha à 35000 diários",600,3000,daily,um carpinteiro ganha de 35000 a 55000 diários,35000,55000,daily,Não ha emprestimos.,,,,"Qualidades - O município possui terras bôas nas margens dos rios; regulares, nas serras e em alguns taboleiros e caatingas; inferiores, nos logares de pedra miuda e nos serrotes; estas terras são geralmente misturadas, planas em pequena porção e montanhosas na sua maioria. A vegetação acha-se em campos, capoeiras, cerrados e carrascaes; são raras as mattas virgens. Preços — O preço mais alto de uma braça de terra de frente compreendendo varzeas e taboleiros é de 505000, approximadamente.","Preços — O preço mais alto de uma braça de terra de frente compreendendo varzeas e taboleiros é de 505000, approximadamente.",50000,50000,braca,1
RN,Flores,Um trabalhador rural ganha 800 réis a 1500 diarios; não há administradores nem escrivães de fazenda; um carpinteiro ganha 2500 diarios com alimentação; pagam dez réis por peça de roupa a lavar; não há cozinheiro pois esse serviço é feito pelas donas de casa. Os salarios são pagos e os contractos cumpridos., não há administradores nem escrivães de fazenda,800,1500,,um carpinteiro ganha 2500 diarios com alimentação,2500,,daily,Não ha empréstimos.,,,,"Qualidades - Existem terras boas nas varzeas de massapé dos riachos; regulares, nas serras e alguns ariscos; são consideradas inferiores as pedregosas; são misturadas e ora arenosas ora argilosas; são mais montanhosas do que planas. A vegetação é representada por grande parte de campos, carrascaes, capoeiras e pequena parte de cerrados. São raras as mattas virgens. Preços — Uma braça de terra boa com meia legua de fundo custa 80000, approximadamente.","Preços — Uma braça de terra boa com meia legua de fundo custa 80000, approximadamente.",,,braca;legua,
RN,Goyaninha,"Um trabalhador rural ganha 800 réis e mais, diarios; administradores e escrivães de fazenda não ha; um carpinteiro ganha de 3$000 a 5$000 diarios; uma cozinheira, de 4$000 a 5$000 mensas; as lavadeiras cobram 10 réis e mais por peça de roupa a lavar. Os salarios são pagos e os contractos cumpridos.","Um trabalhador rural ganha 800 réis e mais, diarios",800,,daily,um carpinteiro ganha de 3$000 a 5$000 diarios,3000,5000,daily,Não ha empréstimos.,,,,"Qualidades - Bôas, as do valle do Catú e Jacú; estas têm cerca de 40 kilometros de extensão por 500 ou 1.000 metros de largura e são quase todas cultivadas, aquellas têm cerca de 25 kilometros de extensão por 100 ou 200 metros de largura pertencendo parte ao município da Penha; regulares são as terras dos ariscos, e inferiores são terras das praias e dos taboleiros de areia; a maior parte das terras são misturadas, havendo muitas arenosas e poucas argilosas, na superfície, pois é argiloso o subsólo de quase todas as terras do município. Ha um grande taboleiro de areia medindo de extensão cerca de 35 kilometros por 10 de largura, entre os valles de Catú e Jacú. O município é geralmente plano, tendo todavia ligeiras colinas e morros de areia ao longo do littoral; as terras, na maior parte séccas, não são pedregosas, havendo poucos pantanos, proximos ao littoral. A lagoa de Guarahyras está no valle do rio Catú. A vegetação é representada por capoeiras e campos, havendo algumas mattas virgens, cerrados e carrascaes. Preços — Uma braça de terra com 2.400 braças de fundo, compreendendo terras bôas de varzeas (maximo 400 braças), o maior preço que obtém é 50$000.","Preços — Uma braça de terra com 2.400 braças de fundo, compreendendo terras bôas de varzeas (maximo 400 braças), o maior preço que obtém é 50$000.",50000,50000,braca,1
RN,Jardim,"Um trabalhador rural ganha 600 réis diários com comida; nas colheitas do algodão os salários attingem a 35000 diários; não há administradores nem escrivães de fazenda; um carpinteiro ganha de 35000 a 55000 diários com alimentação; paga-se 10 réis por peça de roupa lavada; uma cozinheira ganha de 55000 a 85000 mensais. Os salários são pagos e os contratos cumpridos. Nas serras e em alguns taboleiros; inferiores, nos serrotes; estas terras são geralmente misturadas. São em grande parte montanhosas e pedregosas e em pequena parte planas. A vegetação é representada em grande parte por campos e em pequena parte por capoeiras, cerrados e carrascaes. São raras as mattas virgens. "" Preços — Uma braça de terra boa com meia legua de fundo custa 1005000, approximadamente.",Um trabalhador rural ganha 600 réis diários com comida,600,,daily,um carpinteiro ganha de 35000 a 55000 diários com alimentação,35000,55000,daily,Não ha empréstimos.,,,,,,,,,
RN,Jardim dos Angicos,Um trabalhador rural ganha 1$000 diarios; administradores de fazenda e escrivães não ha; um carpinteiro ganha 2$000 a 5$000 diarios; os cozinheiros não tem ordenado fixo; as lavadeiras cobram por peças. Os salarios são pagos e os contractos cumpridos., administradores de fazenda e escrivães não ha,1000,,,um carpinteiro ganha 2$000 a 5$000 diarios,2000,5000,daily,Não ha taxa fixa.,,,,"Qualidades - As terras são boas nas margens do Ceará-mirim; regulares nas margens dos riachos; e inferiores nos taboleiros; são em sua maioria planas e misturadas, algumas argilhosas e poucas arenosas; são em parte pedregosas. A vegetação é representada por capoeiras, campos, cerrados, e carrascaes; não há mattas virgens. "" Preços — O preço de terras é muito variável e, relativamente íntimo, TRANSPORTES — O frete é de 3$000 a 4$000 por carga, para a Estação de Taipú, da Estrada de Ferro Central.","Preços — O preço de terras é muito variável e, relativamente íntimo,",,,,
RN,Luiz Gomes,"Trabalhador rural, 2$000 a secco, 1$200 com comida; não ha administradores nem escrivães de fazenda; carpinteiro, 5$000 diários; cozinheiros, não ha, a cozinha é feita pelas próprias donas de casa; lavadeira ganha por peça ou trouxa de roupa lavada. Os salários são pagos e os contratos cumpridos. 11x17","Trabalhador rural, 2$000 a secco, 1$200 com comida",1200,2000,,"carpinteiro, 5$000 diários",5000,,daily,Não ha empréstimos.,,,,"Qualidades - As terras do município podem ser assim divididas; bóas as das margens dos riachos; regulares, as das quebradas das serras, e dos ariscos; inferiores, as dos taboleiros pedregosos. São ora argilosas, ora arenosas e ora misturadas. Existem terras planas, em parte do município e montanhosas, na maior parte; pedregosas, no geral, sendo mais ou menos seccas. Não há terrenos pantanosos. Poucas mattas virgens; há capoeiras, carrascaes e campos. Preços — A braça de frente de terra boa por tantas de fundo, custa de 4$000 a 6$000.","Preços — A braça de frente de terra boa por tantas de fundo, custa de 4$000 a 6$000.",4000,6000,braca,1
RN,Macahyba,"Um trabalhador rural ganha 18000 diarios; administradores e escrivães de fazenda não ha; um carpinteiro ganha de 38000 a 58000 diarios; um cozinheiro, 108000 mensas; as lavadeiras cobram por peça de roupa à lavar. Os salarios são pagos e os contractos cumpridos.",Um trabalhador rural ganha 18000 diarios,1000,,daily,um carpinteiro ganha de 38000 a 58000 diarios,3000,5000,daily,Não ha empréstimos.,,,,"Qualidades - Bôas, nas margens dos rios Potengy e Jundiahy, occupando uma faixa de 72 kilometros de extensão, por 60 a 500 metros de largura, à margem direita do Potengy, e outra faixa de 24 kilometros de extensão, por 500 a 1.000 metros de largo nas margens do Jundiahy; regulares, na maior parte; inferiores, poucas, compreendendo um tabuleiro de cerca de 25 kilómetros por cinco, nos limites de Natal e S. José. São ora arenosas, ora argilosas, ora misturadas; em sua maioria planas e secas. Ha poucas terras pedregosas e onduladas. A vegetação é representada por algumas mattas virgens, capoeiras, cerrados, campos e carrascaes. "" Preço — Um hectare de terra boa custa de 308000 a 408000.",Preço — Um hectare de terra boa custa de 308000 a 408000.,30000,40000,hectare,0
RN,Macau,"Cozinheiro, 5$000 a 10$000 mensais, na cidade; lavadeira ganha por peça lavada; carpinteiro, 4$000 a secco, e 3$000 com comida; trabalhador rural, nas salinas, 3$000 a secco e 1$500 com comida. Não há administradores nem escrivães de fazenda. Os salários são pagos e os contractos cumpridos.","trabalhador rural, nas salinas, 3$000 a secco e 1$500 com comida",1500,3000,,"carpinteiro, 4$000 a secco, e 3$000 com comida",3000,4000,daily,Não há empréstimos.,,,,"Qualidade - As terras são boas nas margens do rio Assú; regulares, nos ariscos; inferiores, junto ao litoral cheio de dunas movediças. São misturadas, existindo, porém, extensos terrenos arenosos e argillosos. O município é todo plano, não havendo terrenos montanhosos. As terras são seccas, em grande parte, pouco pedregosas, só existindo terrenos pantanosos no litoral, que, em certos lugares, é alagado pelo mar. A vegetação é representada por alguns cerrados, carrascaes e varias capoeiras. O município não possui mattas virgens, há bons campos próprios para criação de gado. Preços — As terras são vendidas em globo, sendo o preço muito variável. Nas varzeas, uma braça de terra de frente, com as que tiver de fundo custa, no mínimo, 10$000.","Preços — As terras são vendidas em globo, sendo o preço muito variável. Nas varzeas, uma braça de terra de frente, com as que tiver de fundo custa, no mínimo, 10$000.",10000,10000,braca,1
RN,Martins,São muito variáveis.,,-,-,,,,,,Não há empréstimos.,,,,"Qualidades - Há terras bós, regulares e inferiores; são argilhosas, arenosas, misturadas e pedregosas. O sólo é secco e montanhoso em quase toda a sua extensão. Há capoeiras, cerrados, carrascaes e campos. "" Preços — Um terreno de uma braça de frente por meia legua de fundo custa de 1$000 a 5$000; conforme a qualidade da terra.",Preços — Um terreno de uma braça de frente por meia legua de fundo custa de 1$000 a 5$000; conforme a qualidade da terra.,1000,5000,braca;legua,1
RN,Mossoró,"Trabalhador rural, 1$500 por dia; não há administradores nem escrivães de fazenda; carpinteiro, 4$000 diários; cozinheiro, 8$000 mensais; lavadeiras são pagas por peça de roupa lavada. Os salários são pagos e os contratos cumpridos.","Trabalhador rural, 1$500 por dia",1500,,daily,"carpinteiro, 4$000 diários",4000,,daily,Não há empréstimos.,,,,"Qualidades - O município litinita-se com os de Areia Branca, Assú, Apody e com o Estado do Ceará; suas terras podem ser mais ou menos, assim divididas: boas, nas margens do rio Mossoró, que em alguns pontos tem 10 kilometros de largura; regulares, as dos ariscos; inferiores, as demais; são argilhosas nas chapadas; arenosas nos leitos dos rios e em alguns taboleiros; há misturadas. Não ha terras montanhosas. Quasi todas são seccas; ha algumas pedregosas. Não ha pantanos nem mattas virgens; ha capoeiras, cerrados, carrascaes e campos. Preços - E’ muito variável o preço das terras que são vendidas quasi sempre em globo. As de varzea de carnaúbal são vendidas até por 30$000 a braça de frente.",Preços - E’ muito variável o preço das terras que são vendidas quasi sempre em globo. As de varzea de carnaúbal são vendidas até por 30$000 a braça de frente.,30000,30000,braca,1
RN,Natal,"Um trabalhador rural ganha de 1$000 a 1$200 diários; administradores e escrivães de fazenda não ha; um carpinteiro ganha 5$000 diários; um cozinheiro, 20$000 mensais; as lavadeiras cobram 20 réis por peça. Os salários são pagos e os contractos cumpridos.",Um trabalhador rural ganha de 1$000 a 1$200 diários,1000,1200,daily,um carpinteiro ganha 5$000 diários,5000,,daily,A taxa empregada é de 1½ % ao mez.,1.5,1.5,monthly,"Qualidades - As terras são, na maioria, regulares; em parte, arenosas e misturadas; e geralmente planas e séccas. A vegetação é representada por alguns restos de mattas virgens, capoeiras, cerrados, carrascaes e poucos campos. "" Preços — Um hectare de terra bôa custa 200$000, approximadamente.","Preços — Um hectare de terra bôa custa 200$000, approximadamente.",200000,200000,hectare,0
RN,Nova Cruz,"Um trabalhador rural ganha 1$000 diarios a secco ou 800 réis com comida; administradores e escrivães de fazenda não ha; trabalhadores ambulantes ganham de 1$500 a 2$000 diarios; um carpinteiro, 3$000 diarios; as lavadeiras cobram 10 réis por peça de roupa; a cozinha é geralmente feita pelas donas de casa. Os salarios são pagos e os contractos cumpridos.",Um trabalhador rural ganha 1$000 diarios a secco ou 800 réis com comida,800,1000,daily,"um carpinteiro, 3$000 diarios",3000,,daily,Não ha empréstimos.,,,,"Qualidades - As terras boas estão localizadas nas margens do rio Carimataú, ocupando uma área de cerca de 40 kilometros de extensão por 200 a 2.000 metros de largura; a maior parte porém, das terras do município são regulares, havendo inferiores nos pequenos taboleiros de areia. A maior parte das terras são argillosas, existindo algumas arenosas e outras misturadas. Quasi todas são planas, excepto para os lados da serra de S. Bento. Não ha mattas virgens; a vegetação é representada por capoeiras, cerrados, carrascaes e campos, predominando estes e as catingas. Preços — O preço das terras é variável, podendo-se obter no valle do Curimataú 100 braças de terras em quadra por 100$000.","Preços — O preço das terras é variável, podendo-se obter no valle do Curimataú 100 braças de terras em quadra por 100$000.",100000,100000,braca,1
RN,Pau dos Ferros,"Trabalhador rural, 1$200, com comida e 2$000 à secco, por dia; não há administradores nem escrivães de fazenda; carpinteiro 5$000 diários; cozinheiras não há; as lavadeiras cobram por peça; os salários são pagos e os contratos cumpridos.","Trabalhador rural, 1$200, com comida e 2$000 à secco, por dia",1200,2000,daily,carpinteiro 5$000 diários,5000,,daily,Não há empréstimos.,,,,"Qualidades - O município limita-se com os de Porto Alegre, Martins, Luiz Gomes e S. Miguel. Sua área approximada é de 72 kilómetros de extensão e 60 de largura. Suas terras podem ser mais ou menos assim divididas: bôas, as das varzeas, que são de massapé; regulares, das serras e ariscos; inferiores, dos taboleiros pedregosos; são argillosas, arenosas e pedregosas em parte; misturadas na maioria; planas e montanhosas, talvez na metade. Não há mattas virgens; há capoeiras, cerrados, carrascaes e campos. "" Preços — Em geral são vendidas em globo, regulando 18000 a braça de terra de carrascaes, e 48000 a 68000 a braça de terra boa, com fundos de uma e meia legua.","Preços — Em geral são vendidas em globo, regulando 18000 a braça de terra de carrascaes, e 48000 a 68000 a braça de terra boa, com fundos de uma e meia legua.",1000,6000,braca;legua;property,1
RN,Papary,"Um trabalhador rural ganha 700 réis diarios com comida, e 28000 a secco; administrador e escrivães de fazenda não ha; um carpinteiro ganha 38000 diarios; as lavadeiras cobram por peça de roupa, 10 réis no mínimo; não ha preço fixo para as cozinheiras. Os salarios são pagos e os contractos cumpridos.","Um trabalhador rural ganha 700 réis diarios com comida, e 28000 a secco",700,2000,daily,um carpinteiro ganha 38000 diarios,3000,,daily,A taxa comum é de 1 ½ a 2 ½ ao mês.,1,2,monthly,"Qualidades - Bóas, principalmente, nas margens do Capió e Cajúpiranga; regulares, na maior parte, nas margens das lagôas e e nos terrenos cultivados; inferiores, principalmente, nos taboleiros de areia e nas praias; uma terça parte talvez das terras são arenosas, poucas argilosas e muitas misturadas; são geralmente planas e seccas, havendo alguns morros, de areia ao longo da costa. Existem alguns pantanos e não ha terrenos pedregosos. A vegetação é representada por grande quantidade de campos e capoeiras, havendo alguns cerrados e carrascaes. Não ha mattas virgens. Preços — Não ha um preço fixo para a venda de terra. Um terreno de uma braça por mil de fundo, de terra boa, no valle do Capió, pode valer até 1008000. As terras dos ariscos pouco valem.","Preços — Não ha um preço fixo para a venda de terra. Um terreno de uma braça por mil de fundo, de terra boa, no valle do Capió, pode valer até 1008000. As terras dos ariscos pouco valem.",100000,100000,braca,1
RN,Patu,"Carpinteiro, 45000 diários; trabalhador rural, 15000 com comida, e 25000 a secco; lavadeira ganha por peça ou trouxa de roupa. Geralmente não há cozinheiras, por ser a comida preparada pelas donas de casa. Não há administradores, nem escrivães de fazenda. Os salários são pagos e os contratos cumpridos.","trabalhador rural, 15000 com comida, e 25000 a secco",1500,2500,,"Carpinteiro, 45000 diários",45000,,daily,Não há empréstimos.,,,,"Qualidades - São boas nas varzeas e nas serras; regulares e inferiores em algumas serras, e nos taboleiros. São misturadas, havendo mais argilhosas do que arenosas. Grande parte do município é montanhosa, havendo contudo, terrenos planos. Quasi todo o município é secco. Não há terrenos pantanosos. A vegetação é representada por alguns cerrados, carrascaes e capoeiras, e muitos campos. Não há mattas virgens. Preços — As terras são geralmente vendidas em globo, podendo-se avaliar em 15000, 45000 e 55000 a braça de frente.","Preços — As terras são geralmente vendidas em globo, podendo-se avaliar em 15000, 45000 e 55000 a braça de frente.",1000,5000,braca;property,1
RN,Canguaretama,"Um trabalhador rural ganha 800 réis diários; administradores e escrivães de fazenda não há, só existem feitores, e estes na Usina e em mais três engenhos, ganhando de 2$000 a 3$000 diários. Um carpinteiro ganha 3$000 a 5$000 diários; uma cozinheira, 8$000 a 10$000 mensais; as lavadeiras cobram 10 réis por peça de roupa a lavar. Os salários são pagos e os contratos cumpridos.",Um trabalhador rural ganha 800 réis diários,800,,daily,Um carpinteiro ganha 3$000 a 5$000 diários,3000,5000,daily,"A taxa adoptada é de um a dois por cento ao mês, porém, os agricultores não fazem empréstimo por falta de crédito.",1,2,monthly,"Qualidades - Bós são as terras dos valles do Cunhaú, Catú e Guajú. O valle do Cunhaú tem cerca de 15 kilómetros de área; o do Guajú e o do Catú tem 25 kilómetros por 100 a 500 metros de largura cada um. Regulares são as terras dos ariscos (silico-argillosas). Inferiores são as dos taboleiros, dos mangues e das salinas. Os taboleiros de areia entre o Catú, o Cunhaú e o Guajú têm a extensão de 15 a 20 kilómetros por dois a quatro de largura cada um. As salinas e os mangues no baixo Cunhaú têm mais de 12 kilometros de extensão com dois a cinco de largura. As terras do município são em parte argilosas, arenosas ou misturadas (estas nos valles); totalmente planas e geralmente enxutas, havendo todavia, terrenos pantanosos nas barras dos rios Catú, Cunhaú e Guajú. Não há terrenos pedregosos. A vegetação é representada, pela matta virgem Estrella, que tem 15 kilometros de extensão por um a três de largura e pela matta da Usina, que ocupa a área de dois kilometros quadrados. Há ainda capoeiras, cerrados, carrascaes e campos. **TERRAS** — Preços — Uma braça de testada por 2.400 braças de fundo, no valle de Cunhaú, com 50 por cento de terras boas, custa 100$000, approximadamente. **TRANSPORTES** — Tarifas da Great Western para Natal, por 10 kilos: de algodão, 127 réis; de assúcar, 53 réis; de cereais, 63 réis. O frete fluvial e marítimo pelos portos de Cunhaú e Formosa é: 300 a 400 réis por volume para Natal e 600 a 800 réis para Recife.","Preços — Uma braça de testada por 2.400 braças de fundo, no valle de Cunhaú, com 50 por cento de terras boas, custa 100$000, approximadamente. **",100000,100000,braca,1
RN,Porto Alegre,"Trabalhador rural, 1$000 por dia, com comida e 2$000 a secco; não há administradores nem escrivães de fazenda; carpinteiro, de 3$000 a 4$000 diários, com comida; cozinheira não há, pois a cozinha é feita pelas próprias donas de casa; lavadeira é paga por peça ou trouxa de roupa. Os salários são pagos e os contratos cumpridos.","Trabalhador rural, 1$000 por dia, com comida e 2$000 a secco",1000,2000,daily,"carpinteiro, de 3$000 a 4$000 diários, com comida",3000,4000,daily,Não há emprestimós.,,,,"Qualidades - O município limita-se com os de Apody, Martins, Pão de Ferros e o Estado do Ceará. Sua área é de cerca de 54 kilometros de comprimento e 36 de largura e suas terras podem ser, mais ou menos assim divididas: bóas, as das serras e varzeas dos riachos; regulares, as das serras e dos ariscos; inferiores, as dos taboleiros pedregosos; são argillosas, arenosas e misturadas em grande parte; montanhosas na maioria; pedregosas, em parte e quase todas seccas. Não há pantanos. Existem mattas virgens, capoeiras, cerrados, carrascaes e campos. Preços — O preço comum das terras seccas é de 2$000 a braça com meia legua de fundo.",Preços — O preço comum das terras seccas é de 2$000 a braça com meia legua de fundo.,2000,2000,braca;legua,1
RN,Sant'Anna de Mattos,"Um trabalhador rural, ganha de 1$000 a 1$200 por dia; um carpinteiro, 3$000; cozinheiro, 10$000 mensais; lavadeira, por peça. Não há administradores nem escrivães de fazendas.","Um trabalhador rural, ganha de 1$000 a 1$200 por dia",1000,1200,daily,"um carpinteiro, 3$000",3000,,,Não há prestamistas.,,,,"Qualidades - Ha terras bóas, nas varzeas e na serra de Sant’Anna; regulares, nas quebradas das serras; e inferiores, nos taboleiros. Ha argilosas, arenosas e misturadas. Ha planas, montanhosas e grande parte pedregosas. A vegetação é representada por capoeiras, cerrados, carrascaes e campos. Não ha mattas virgens. Preços — Uma braça de terra boa por tantos de fundo, custa de 20$000 a 50$000; tendo carnaúbal, pôde valer até 100$000.","Preços — Uma braça de terra boa por tantos de fundo, custa de 20$000 a 50$000; tendo carnaúbal, pôde valer até 100$000.",20000,100000,braca,1
RN,Santa Cruz,"Um trabalhador rural ganha a secco, de 900 réis a 1$000 diarios; não ha administrado, res nem escrivães de fazenda; um carpinteiro ganha 2$500 diarios; pagam a roupa lavada, por peça e o preço varia; não ha cozinheiras, as donas de casa fazem o serviço. Os salários são pagos e os contratos cumpridos.","Um trabalhador rural ganha a secco, de 900 réis a 1$000 diarios",900,1000,daily,um carpinteiro ganha 2$500 diarios,2500,,daily,Não ha empréstimos.,,,,"Qualidades - O município tem cerca de 150 kilometros de extensão por 110 de largura, sendo o território na serra Borborema, muito accidentado. Possue terras boas nas margens dos rios Potengy e Trahiry; inferiores, nas partes pedregosas das montanhas e regulares em sua maioria; algumas planas, outras montanhosas, ora arenosas, ora misturadas, mas em sua maioria são argilosas e secas. A vegetação é representada por capoeiras, cerrados, carrascaes e principalmente por campos; são raras as mattas virgens. Preços — 100 braças em quadro, de terra boa, custam 100$000, approximadamente.","Preços — 100 braças em quadro, de terra boa, custam 100$000, approximadamente.",100000,100000,braca,1
RN,Santo Antonio,"Um trabalhador rural ganha 18000 diários; não há administradores nem escrivães de fazenda; um carpinteiro ganha 28500 diários; uma lavadeira, 108000 mensais; uma cozinheira, 58000 mensais. Os salários são pagos e os contratos cumpridos.",Um trabalhador rural ganha 18000 diários,1000,,daily,um carpinteiro ganha 28500 diários,2500,,daily,Não ha emprestimos.,,,,"Qualidades - O município tem cerca de 80 kilómetros de extensão por 35 de largura. As terras são boas nas varzeas de massapé e nas margens do rio Jacú; inferiores nos tabuleiros, nos limites de Goyaninha; regulares na maior parte. São mais ou menos misturadas, e no geral planas. Existem muitas terras séccas, arenosas e pedregosas; não há pantanosas. A vegetação é representada em grande parte por capoeiras, campos, carrascaes e cerrados e em pequena parte por mattas virgens. Preços — Cem braças de terra boa custam 1008000 e de terra regular, 508000, approximadamente.","Preços — Cem braças de terra boa custam 1008000 e de terra regular, 508000, approximadamente.",50000,100000,braca,1
RN,São Gonçalo,"Um trabalhador rural ganha 15000 diarios; as fazendas de criar são administradas às vezes por vaqueiros que ganham de cada quatro vezes uma; administradores e escrivães de fazenda não há; um carpinteiro, 45000 diarios; uma lavadeira ganha por peça à lavar; é muito variável o salário de uma cozinheira. Os salários são pagos e os contratos cumpridos.",Um trabalhador rural ganha 15000 diarios,1500,,daily,"um carpinteiro, 45000 diarios",45000,,daily,A taxa é de 18 % anmaus.,18,18,annual,"Qualidades - Bóas, nas margens do Potengy; regulares, na maioria; inferiores, mais que as boas. Ora são arenosas, ora argilosas e misturadas; na maior parte, planas e seccas; há algumas terras pedregosas e alguns terrenos ondulados. A vegetação é representada por algumas mattas virgens, capoeiras, cerrados, carrascaes e campos. Preços — E' muito variável; um hectare de terra boa e fresca custa 300$000; as terras da varzea e campos custam 40$000, approximadamente.","Preços — E' muito variável; um hectare de terra boa e fresca custa 300$000; as terras da varzea e campos custam 40$000, approximadamente.",40000,300000,hectare,0
RN,São José de Mipibú,"Um trabalhador rural ganha 700 réis diarios; administradores e escrivães de fazenda não ha; um carpinteiro, 3$000 diarios; um cozinheiro, 6$000 a 8$000 mensaes na cidade. Uma lavadeira cobra 10 a 20 réis por peça de roupa a lavar. Os salarios são pagos e os contractos cumpridos.",Um trabalhador rural ganha 700 réis diarios,700,,daily,"um carpinteiro, 3$000 diarios",3000,,daily,Taxa de um e meio a dois por cento ao mez.,1.5,2,monthly,"Qualidades - Bôas, as terras frescas das varzeas onde se cultiva a canna; regulares, as terras secas das varzeas e ariscos. Inferiores, nos taboleiros arenosos que não se prestam à cultura. Argilhosas, mais do que as arenosas e misturadas. Não ha terrenos montanhosos nem pedregosos, sendo as terras do município geralmente planas e secas. A vegetação é representada por pouca matta virgem, muitas capoeiras e campos, alguns cerrados e poucos carrascaes. "" Preços — Não ha preço fixo. A terra bôa para a canna custa de 50$000 a 100$000 a braça de testada por tantas de fundo, conforme a largura da varzea que geralmente varia entre 100 a 400 braças e a quantidade de água para irrigação. A terra das varzeas secas e dos ariscos pouco valor têm.","Preços — Não ha preço fixo. A terra bôa para a canna custa de 50$000 a 100$000 a braça de testada por tantas de fundo, conforme a largura da varzea que geralmente varia entre 100 a 400 braças e a quantidade de água para irrigação. A terra das varzeas secas e dos ariscos pouco valor têm.",50000,100000,braca,1
RN,São Miguel,"Trabalhador rural, 2$000 a secco e 1$000 com comida; não ha administradores nem escrivães de fazenda; carpinteiro, 3$000 com comida; a roupa é lavada por peça ou trouxa. As donas de casa fazem a cozinha. Os salarios são pagos e os contractos cumpridos.","Trabalhador rural, 2$000 a secco e 1$000 com comida",1000,2000,,"carpinteiro, 3$000 com comida",3000,,daily,Não ha emprestimos.,,,,"Qualidades - O município limita-se com os de Cruz Gomes e Pão dos Ferros e com os Estados do Ceará e Parahyba. Sua área de é de cerca de 40 kilometros de extensão por 35 de largura; é quase todo montanhoso, havendo bastante cultura nas serras; suas terras podem ser, mais ou menos, assim divididas: bóas, as dos ariscos da serra e das varzeas; regulares, as da quebrada da serra; inferiores, as pedregosas; são argilosas talvez em mais de metade do município; as restantes são arenosas e misturadas. Há duas mattas virgens, de duas a três leguas, mais ou menos de extensão. Há capoeiras, cerrados, carrascaes e campos. "" Preços — O hectare de terra regula 10$000.",Preços — O hectare de terra regula 10$000.,10000,10000,hectare,0
RN,Serra Negra,"Um trabalhador rural ganha 800 réis diarios, com alimentação; não ha administradores nem escrivães de fazendas; um carpinteiro ganha 2$500 a 3$000 diarios, com alimentação; pagam 10 réis por peça de roupa lavada; não ha cozinheira. Os salarios são pagos e os contractos cumpridos.","Um trabalhador rural ganha 800 réis diarios, com alimentação",800,,daily,"um carpinteiro ganha 2$500 a 3$000 diarios, com alimentação",2500,3000,daily,Não ha emprestimos.,,,,"Qualidades - O municipio tem uma área de 75 kilometros na sua maior extensão e 50 na sua maior largura. Possue terras boas nas vargens dos rios Espinharas e Sabugy; regulares, nas varzeas de alguns riachos, serras e baixios; inferiores, são as pedregosas e dos taboleiros. São geralmente misturadas, havendo boa parte de argilhosas e pequena de arenosas. A vegetação é representada em grande parte por campos, capoeiras, carrascaes e cerrados. São raras as mattas virgens. "" Preços — Uma braça deterra boa com meia legua de fundo custa 50$000, approximadamente.","Preços — Uma braça deterra boa com meia legua de fundo custa 50$000, approximadamente.",50000,50000,braca;legua,1
RN,Taipú,"Um trabalhador rural ganha 1$000 diarios; administradores e escrivães de fazenda não ha. Um carpinteiro ganha de 2$000 a 5$000 diarios; não ha um preço determinado para cozinheiros e lavadeiras, estas cobram por peça e os cozinheiros segundo o serviço. Os salarios são pagos diariamente.",Um trabalhador rural ganha 1$000 diarios,1000,,daily,Um carpinteiro ganha de 2$000 a 5$000 diarios,2000,5000,daily,Os agricultores não retiram dinheiro a juros.,,,,"Qualidades - Bôas, à margem do rio Ceará-mirim; regulares, à margem dos riachos; inferiores, nos taboleiros. Existem poucas terras argillosas e alguns taboleiros de arenosas, por serem na maioria misturadas. Geralmente planas e seccas. Há campos, capoeiras, cerrados e carrascaes, não há matta. Preços — O preço das terras é muito variável, sendo relativamente infimo.","Preços — O preço das terras é muito variável, sendo relativamente infimo.",,,,
RN,Touros,"Carpinteiro ganha 48000 diários; trabalhador rural 18200 a secco e 700 réis com comida; lavadeira ganha por peça de roupa lavada. A cozinha é feita pelas donas de casa. Não há administradores nem escrivães de fazenda. Os salários são pagos, e os contractos cumpridos.",trabalhador rural 18200 a secco e 700 réis com comida,700,1200,,Carpinteiro ganha 48000 diários,4000,,daily,"Taxa de 1½ a 2""l"".",1.5,2,monthly,"Qualidades - Quanto à qualidade, as terras podem ser, mais ou menos assim divididas: bóas, em pequena quantidade nas varzeas e alguns países; regulares, em grande parte dos ariscos; inferiores, nos taboleiros e nas praias. São no geral misturadas. O município é geralmente plano. O sólo é secco, mas há alguns terrenos pantanosos nas proximidades dos rios e lagóas. A vegetação é representada por vários carrascaes, cerrados, capoeiras e algumas mattas virgens. Há bons campos próprios para criação de gado. Preços — São vendidas em globo.",Preços — São vendidas em globo.,,,property,
RN,Pedro Velho,"Um trabalhador rural ganha 18000 diários a secco e 600 réis com comida; não ha administradores nem escrivães de fazenda; um carpinteiro ganha 48000 diários; as lavadeiras cobram por peça de roupa a lavar de 10 réis para cima; cozinheiras são raras, a cozinha sendo feita pelas donas de casa.",Um trabalhador rural ganha 18000 diários a secco e 600 réis com comida,600,1000,daily,um carpinteiro ganha 48000 diários,4000,,daily,Os agricultores não tomam dinheiro a juros.,,,,"Qualidades - São boas as terras das varzeas do rio Curimataú que occupam uma área de cerca de 30 kilometros de extensão por 500 metros, a quatro kilometros de largura. A maior parte das terras do município é regular, havendo um pequeno tabuleiro entre os rios Curimataú e Pequery, de terras inferiores; as terras são ora arenosas, ora argillosas e ora misturadas e geralmente planas, com ligeiras ondulações; não ha terras pedregosas nem pantanosas. A vegetação é representada por mattas virgens, capoeiras, cerrados, carrascaes e campos. Predominam os campos e capoeiras. "" Preços — Nas varzeas pôde-se calcular o preço de 2008000 por 100 braças em quadro.",Preços — Nas varzeas pôde-se calcular o preço de 2008000 por 100 braças em quadro.,200000,200000,braca,1
SC,Araranguá,"Trabalhador rural, de 2$000 a 3$000 diarios; não há administradores nem escrivães de fazenda; carpinteiro, de 5$000 a 6$000 diarios; cozinheira, 10$000 a 15$000 mensais. Os contractos são cumpridos e os salarios são pagos.","Trabalhador rural, de 2$000 a 3$000 diarios",2000,3000,daily,"carpinteiro, de 5$000 a 6$000 diarios",5000,6000,daily,A taxa de 8% ao anno.,8,8,annual,"Qualidades - Em sua maioria boas, havendo algumas regulares e inferiores. Há argilhosas, arenosas e misturadas. A vegetação é representada por muitas matas virgens, mais de metade do município talvez, algumas capoeiras, campos e culturas. Preços — Um hectare de terra boa pode custar de 15$000 a 30$000, mais ou menos.","Preços — Um hectare de terra boa pode custar de 15$000 a 30$000, mais ou menos.",15000,30000,hectare,0
SC,Biguassú,"Trabalhador rural, 1$500 a 2$000 por dia; administradores de fazenda e escrivães, não há; um carpinteiro, 4$000 a 6$000 diários; lavadeira, 8$000 a 10$000 mensais; cozinheira, 15$000 a 20$000 mensais; os salários são pagos e os contratos cumpridos.","Trabalhador rural, 1$500 a 2$000 por dia",1500,2000,daily,"um carpinteiro, 4$000 a 6$000 diários",4000,6000,daily,Não há taxa fixa.,,,,"Qualidades - O município tem terras bôas, regulares e inferiores, as quaes são, ora argillosas e misturadas, ora arenosas. Parte do município é montanhoso, parte plana, sendo as terras mais accidentadas utilisadas para campos de criar. A vegetação é muito variada, pois possue mattas, capoeiras, campos, cerrados e carrascaes. "" Preços — Um hectare de terra bôa custa de 25$000 a 40$000, approximadamente.","Preços — Um hectare de terra bôa custa de 25$000 a 40$000, approximadamente.",25000,40000,hectare,0
SC,Blumenau,"Trabalhador rural, 1$500 a 2$500; cozinheira ou lavadeira, 15$000 a 30$000, mensaes; carpinteiro, 6$000 a 7$000, diarios; administrador de fazenda, 100$000 a 150$000 mensaes; não há escrivães de fazenda. Os salarios são pagos e os contractos cumpridos.","Trabalhador rural, 1$500 a 2$500",1500,2500,,"carpinteiro, 6$000 a 7$000, diarios",6000,7000,daily,,,,,"Qualidades - São na maioria bôas, montanhosas e silico-argillosas. A vegetação é representada por grandes mattas, talvez, 50% do município, capoeiras e pastos, não existindo cerrados, carrascaes nem campos. "" Preços—O hectare de terra bôa, custa de 10$000 a 30$000, mais ou menos.","Preços—O hectare de terra bôa, custa de 10$000 a 30$000, mais ou menos.",10000,30000,hectare,0
SC,Brusque,"Trabalhador rural, 28000 diarios (sem alimentação); cozinheiro, 408000 mensões; lavadeira, 258000 mensões; carpinteiro, 38000 a 48000 diarios. Não há administradores nem escrivães de fazenda. Os salários são pagos e os contratos cumpridos.","Trabalhador rural, 28000 diarios (sem alimentação)",2000,,daily,"carpinteiro, 38000 a 48000 diarios",3000,4000,daily,,,,,"Qualidades - As terras do município no geral são boas, existindo também regulares e inferiores, em menor quantidade. Em sua maioria misturadas, argilosas e arenosas em alguns terrenos às margens dos rios e pantanosas as das baixadas. A vegetação é representada por algumas mattas virgens, capoeiras e campos artificiais ou pastos. Não há cerrados nem carrascaes. "" Preços — O preço de um hectare de terra boa, varia de 208000 a 1008000.","Preços — O preço de um hectare de terra boa, varia de 208000 a 1008000.",20000,100000,hectare,0
SC,Camburiú,"Trabalhador rural, de 2$000 a 3$000 por dia; lavadeira ou cozinheira, de 15$000 a 30$000 mensais; carpinteiro, de 5$000 a 7$000 diários; administrador de fazenda, de 150$000 a 200$000 mensais; não ha escrivães de fazenda. Os salários são pagos e os contratos cumpridos.","Trabalhador rural, de 2$000 a 3$000 por dia",2000,3000,daily,"carpinteiro, de 5$000 a 7$000 diários",5000,7000,daily,A taxa é de 12% ao anno.,12,12,annual,"Qualidades - As terras do município são na maioria bôas e regulares, sillico-argillosas e montanhosas, existindo terrenos planos, pedregosos e seccos. A vegetação é representada por mattas, capoeiras, cerrados e pastos. "" Preços — O hectare de terra custa de 20$000 a 40$000.",Preços — O hectare de terra custa de 20$000 a 40$000.,20000,40000,hectare,0
SC,Campo Alegre,"Trabalhador rural 35000 diarios; cozinheira ou lavadeira, 258000 mensais; carpinteiro, 55000 a 65000 diarios. Não há administrador nem escrivão de fazenda. Os salarios são pagos e os contractos cumpridos.",Trabalhador rural 35000 diarios,3500,,daily,"carpinteiro, 55000 a 65000 diarios",55000,65000,daily,A taxa de 12% ac anno.,12,12,annual,"Qualidades - Em sua maioria bôas, havendo algumas regulares e inferiores; metade talvez, planas. Na maior parte misturadas, havendo algumas argilosas e arenosas. A vegetação é representada por mattas virgens, algumas capoeiras e campos; não há cerrados nem carrascaes. Preços — Um hectare de terra boa custa mais ou menos, 80$000 a 150$000; com hervaes, 300$000 a 400$000.","Preços — Um hectare de terra boa custa mais ou menos, 80$000 a 150$000; com hervaes, 300$000 a 400$000.",80000,400000,hectare,0
SC,Campos Novos,"Trabalhador rural 25000 a 35000 por dia; carpinteiro, 65000 a 75000 diarios; cozinheiro, 155000 a 205000 mensões; não há administradores nem escrivães de fazenda. Os salários são pagos e os contratos cumpridos.",Trabalhador rural 25000 a 35000 por dia,2500,3500,daily,"carpinteiro, 65000 a 75000 diarios",65000,75000,daily,12 por cento ao ano.,12,12,annual,"Qualidades - São boas em pequena parte; regulares em parte maior e inferiores em sua maioria. São argilosas no geral; arenosas em pequena parte e misturadas em parte ainda menor. Não há propriamente montanhas a não ser nas margens do Canôas e do Pelotas. A maioria das terras é enxuta e se há pantanos, são raros e nas margens de alguns rios. Há poucas mattas virgens e estas estão cheias de pinheiras e fachinas. Há poucas capoeiras, não há cerrados nem carrascaes. Existem poucos campos. Os fachinaes são representados por vegetação fechada, de quatro a seis metros de altura, constituída por imbuíás, araucarias, tuquarys, chacins e herva matte, etc., apparecendo em terras geralmente inferiores. Preços — Um hectare de terra boa custa 205000 a 505000, mais ou menos.","Preços — Um hectare de terra boa custa 205000 a 505000, mais ou menos.",20000,50000,hectare,0
SC,Canoinhas,"Trabalhador rural, de 4$000 a 4$500 diarios; cozinheiro, de 20$000 a 30$000 mensaes; lavadeira, de 15$000 a 20$000 mensaes; carpinteiro, de 5$000 a 7$000 diarios; não há administradores nem escrivães de fazenda. Os salarios são pagos e os contratos cumpridos.","Trabalhador rural, de 4$000 a 4$500 diarios",4000,4500,daily,"carpinteiro, de 5$000 a 7$000 diarios",5000,7000,daily,A taxa usual de 12% annuaes.,12,12,annual,"Qualidades - Metade talvez bôas e as restantes são entre regulares e inferiores. Há poucas argilosas e muitas arenosas e misturadas. Mais planas do que montanhosas. A vegetação é representada por grande porção de mattas virgens, hervaes, pinheiraes, capoeiras e cultivados. Preços — Um hectare de terra bôa custa de 5$000 a 40$000, mais ou menos.","Preços — Um hectare de terra bôa custa de 5$000 a 40$000, mais ou menos.",5000,40000,hectare,0
SC,Coritybanos,"Trabalhador rural, 1$500 a 2$000 diarios; cozinheiro ou uma lavadeira, 20$000 a 30$000 mensões; carpinteiro, 5$000 a 6$000 diarios; administrador de fazenda, 150$000 a 2$000 mensões; não ha escrivães de fazenda.","Trabalhador rural, 1$500 a 2$000 diarios",1500,2000,daily,"carpinteiro, 5$000 a 6$000 diarios",5000,6000,daily,Os agricultores geramente pagam aos prestamistas o juro de 12 % ao anno.,12,12,annual,"Qualidades - São regulares, na maior parte; bôas e inferiores, em pequenas partes. O município é uma região de campos nativos e fachinaes; existem, porém, algumas capoeiras nas terras de cultura e algumas mattas virgens; raramente se encontra um cerrado ou carrascal. ” Preços — Um hectare de terra bôa custa 10$000 a 20$000, mais ou menos.","Preços — Um hectare de terra bôa custa 10$000 a 20$000, mais ou menos.",10000,20000,hectare,0
SC,Florianopolis,"Trabalhador rural 1$500 a 2$000 por dia; não há administrador nem escrivão de fazenda; carpinteiro, 4$000 a 6$000 por dia; cozinheira, 15$000 a 20$000 mensais; lavadeira, 12$000 a 15$000 mensais. Os salários são pagos e os contratos cumpridos.",Trabalhador rural 1$500 a 2$000 por dia,1500,2000,daily,"carpinteiro, 4$000 a 6$000 por dia",4000,6000,daily,Não há empréstimos.,,,,"Qualidades - No geral, bôas, havendo regulares e inferiores; ora são arenosas, ora misturadas, ora argillosas. Há planas e montanhosas. A vegetação é representada por mattas virgens, capoeiras, cerrados, carrascaes e campos. Preços — Um hectare de terra, pôde custar, approximadamente, de 30$000 a 60$000.","Preços — Um hectare de terra, pôde custar, approximadamente, de 30$000 a 60$000.",30000,60000,hectare,0
SC,Garopaba,"Trabalhador rural, 1$000 a secco; não há administradores nem escrivães de fazenda; carpinteiro, 4$000 diários; cozinheira, de 10$000 a 20$000 mensais; lavadeira, de 5$000 a 10$000 mensais. Os salários são pagos e os contratos cumpridos.","Trabalhador rural, 1$000 a secco",1000,,,"carpinteiro, 4$000 diários",4000,,daily,A taxa de 12% ao ano.,12,12,annual,"Qualidades - Em sua maioria boas, havendo regulares e inferiores; mais arenosas e misturadas do que argilosas; mais montanhosas do que planas. A vegetação é representada por muitas matas virgens que ocupam mais de metade da área do município, por capoeiras e alguns cerrados e campos. “ Preços — Um hectare de terra pôde custar de 50$000 a 60$000, mais ou menos.","Preços — Um hectare de terra pôde custar de 50$000 a 60$000, mais ou menos.",50000,60000,hectare,0
SC,Imaruhy,"Trabalhador rural, 1$000 diários, com comida; não há administradores nem escrivães de fazenda; carpinteiro, 4$000 diários; cozinheiros, 10$00 a 20$000 mensais; lavadeira, 5$000 a 10$000 mensais. Os salários são pagos e os contratos cumpridos.","Trabalhador rural, 1$000 diários, com comida",1000,,daily,"carpinteiro, 4$000 diários",4000,,daily,A taxa de 12% ao anno.,12,12,annual,"Qualidades - Na maior parte, bôas, algumas regulares; geralmente misturadas e montanhosas. A vegetação é representada por muitas matas e capoeiras, e poucos cerrados, carrascaes e campos.",,,,,
SC,Itajahy,"Trabalhador rural, 1$500 a 2$000 por dia; carpinteiro, 5$000 a 5$500 diário; cozinheira e lavadeira, 15$000 a 20$000 por mês; administrador de fazenda, 150$000 por mês; não há escrivão de fazenda. Os salários são pagos e os contractos cumpridos.","Trabalhador rural, 1$500 a 2$000 por dia",1500,2000,daily,"carpinteiro, 5$000 a 5$500 diário",5000,5500,daily,"A taxa de 12 *|*, annuaes.",12,12,annual,"Qualidades - Há terras boas, regulares e inferiores, estas últimas em menor porção. Há muitas argilosas e arnosas, havendo misturadas em menor parte. Há planas nas margens dos rios Itajahy-assú e Itajahy-mirim, algumas montanhosas e pedregosas, são enxutas as do littoral e algumas pantanosas nas margens dos grandes rios. A vegetação é representada por mattas virgens e capoeiras. Não há cerrados, carrascaes e campos. Preços — Um hectare de terra boa custa 10$000 a 30$000, mais ou menos.","Preços — Um hectare de terra boa custa 10$000 a 30$000, mais ou menos.",10000,30000,hectare,0
SC,Jaguaruna,"Trabalhador rural, 1$500 diarios, a sécco; cozinheira, 10$000 a 15$000 mensões; lavadeira, 5$000 a 6$000 mensões; carpinteiro, 4$000 diarios; não há administrador nem escrivão de fazenda. Os salarios são pagos e os contractos cumpridos.","Trabalhador rural, 1$500 diarios, a sécco",1500,,daily,"carpinteiro, 4$000 diarios",4000,,daily,5 “|” ao anno.,5,5,annual,"Qualidades - Na maior parte regulares, havendo algumas bôas e regulares. A vegetação é representada por muitas capoeiras, algumas mattas, campos e culturas. ” Preços — Um hectare de terra bôa custa 20$000 a 40$000, mais ou menos.","Preços — Um hectare de terra bôa custa 20$000 a 40$000, mais ou menos.",20000,40000,hectare,0
SC,Joinville,"Trabalhador rural, 25000 diarios; cozinheira, de 155000 a 2550000 mensões; carpinteiro, de 55000 a 750000 diarios; lavadeira, de 125000 a 2500000 mensões; não há administradores nem escrivães de fazenda. Os salários são pagos e os contractos cumpridos.","Trabalhador rural, 25000 diarios",2000,,daily,"carpinteiro, de 55000 a 750000 diarios",55000,750000,daily,Não ha taxa fixa.,,,,"Qualidades - No geral boas e regulares e algumas inferiores; mais misturadas e arenosas do que argilosas; as terras montanhosas são geralmente as melhores. A vegetação do município é representada por mattas virgens, principalmente nos distritos de Hansa e Jaraguá e também por capoeiras, cerrados e carrascaes. Preços — O hectare de terra boa em matta virgem custa de 205000 a 305000, mais ou menos. As terras desdobradas e cultivadas valem de 805000 a 1005000 o hectare. Terras desdobradas são terras desbravadas, sem tócos.","Preços — O hectare de terra boa em matta virgem custa de 205000 a 305000, mais ou menos. As terras desdobradas e cultivadas valem de 805000 a 1005000 o hectare. Terras desdobradas são terras desbravadas, sem tócos.",20000,100000,hectare,0
SC,Lages,"Trabalhador rural, de 1$500 a 2$000 diarios; cozinheira ou lavadeira, 25$000 mensões; carpinteiro, de 5$000 a 10$000 diarios; administrador de fazenda, de 150$000 a 200$000 mensões; não ha escrivães de fazenda. Os salarios são pagos e os contractos cumpridos.","Trabalhador rural, de 1$500 a 2$000 diarios",1500,2000,daily,"carpinteiro, de 5$000 a 10$000 diarios",5000,10000,daily,A taxa é de 12% ao anno.,12,12,annual,"Qualidades - Em sua maioria bôas; são misturadas na parte sul de Caveiras e na parte norte. São onduladas nos campos, e montanhosas em alguns lugares. Há muitas terras pedregosas, sobretudo na região sul de Caveiras. A vegetação é representada por muitos campos e algumas mattas virgens e capoeiras. "" Preços — O hectare de terra bôa custa de 10$000 a 40$000, mais ou menos.","Preços — O hectare de terra bôa custa de 10$000 a 40$000, mais ou menos.",10000,40000,hectare,0
SC,Laguna,"Trabalhador rural, 2$000 a 3$000 diários, a secco; não há administradores nem escrivães de fazenda; carpinteiro, 4$000 a 5$000 diários; cozinheira, 20$000 a 30$000 mensais; lavadeira, 8$000 a 10$000 mensais. Os salários são pagos e os contratos cumpridos.","Trabalhador rural, 2$000 a 3$000 diários, a secco",2000,3000,daily,"carpinteiro, 4$000 a 5$000 diários",4000,5000,daily,A taxa de 12 *1* ao ano.,1,12,annual,"Qualidades - Em sua maioria boas, havendo bastante regulares e inferiores; há montanhosas e planas; misturadas e arenosas. A vegetação é representada por algumas matras virgens, muitos cerrados e alguns campos. Preços - Um kectare de terra boa pôde custar de 20$000 a 40$000, conforme o logar.","Preços - Um kectare de terra boa pôde custar de 20$000 a 40$000, conforme o logar.",20000,40000,hectare,0
SC,Nova Trento,"Trabalhador rural, 2$000 diarios, com alimento; não há administrador nem escrivães de fazenda; carpinteiro, 3$000 a 5$000 diarios; cozinheiro, 30$000 mensões; lavadeira, 15$000 mensões; os salários são pagos e os contratos cumpridos.","Trabalhador rural, 2$000 diarios, com alimento",2000,,daily,"carpinteiro, 3$000 a 5$000 diarios",3000,5000,daily,A taxa de 6 *l* ao anno.,6,6,annual,"Qualidades - Em sua maioria bôas, havendo algumas regulares e inferiores; há arenosas, argilosas e misturadas, montanhosas e planas. A vegetação é representada por muitas mattas e capoeiras e alguns campos. Preços — Um hectare de terra bôa custa de 20$000 a 30$000 mais ou menos.",Preços — Um hectare de terra bôa custa de 20$000 a 30$000 mais ou menos.,20000,30000,hectare,0
SC,Palhoça,"Trabalhador rural, de 2$000 a 3$000 diários; um administrador de fazenda; carpinteiro, de 5$000 a 6$000 diários; lavadeira ou cozinheira, de 25$000 a 30$000 mensais. Os salários são pagos e os contratos cumpridos.","Trabalhador rural, de 2$000 a 3$000 diários",2000,3000,daily,"carpinteiro, de 5$000 a 6$000 diários",5000,6000,daily,A taxa é de 12% ao anno.,12,12,annual,"Qualidades - Em sua maioria bós, havendo algumas regulares e inferiores; a maior parte montanhosa e misturada. A vegetação é representada por muitas matas virgens e capoeiras e poucos campos e cerrados. Preços — Um hectare de terra boa custa de 10$000 a 30$000, approximadamente.","Preços — Um hectare de terra boa custa de 10$000 a 30$000, approximadamente.",10000,30000,hectare,0
SC,Paraty,"Um trabalhador agrícola ganha 1$500 a 2$000 diarios; uma cozinheira, de 12$000 a 15$000 mensais; uma lavandeira, de 8$000 a 10$000 mensais; um carpinteiro, 4$000 a 6$000 diarios; não ha administradores nem escrivães de fazenda. Os salarios são pagos e os contratos cumpridos.",-,1500,2000,,"um carpinteiro, 4$000 a 6$000 diarios",4000,6000,daily,Não ha taxa fixa.,,,,"Qualidades - São variadas as terras do município; sendo consideradas bôas, as misturadas e de alluvião, dos valles dos rios Itapocú e Itaperú; regulares, as argillosas e arenosas de Barra Velha; e inferiores, as próximas às praias; há terrenos montanhosos, pedregosos, secos e pantanosos. A vegetação do município é representada por mattas virgens, capoeiras e cerrados. Preços — Um hectare de terra boa custa, em matta, 20$000 a 30$000; cultivado, um pouco mais. Estes preços são mais ou menos.","Preços — Um hectare de terra boa custa, em matta, 20$000 a 30$000; cultivado, um pouco mais. Estes preços são mais ou menos.",20000,30000,hectare,0
SC,Porto Bello,"Trabalhador rural, 2$000 a 3$000 diários; administrador de fazenda, 150$000 a 200$000 mensais; não há escrivães de fazenda; carpinteiro, 5$000 a 7$000 diários; cozinheira ou lavadeira, de 15$000 a 30$000 mensais. Os salários são pagos e os contratos cumpridos.","Trabalhador rural, 2$000 a 3$000 diários",2000,3000,daily,"carpinteiro, 5$000 a 7$000 diários",5000,7000,daily,A taxa de 12% ao anno.,12,12,annual,"Qualidades - Ha grande parte, de terras bôas e regulares, e pequena parte, de inferiores. As terras argillosas ficam localizadas na margem do rio Perequê e na zona humida da planície; as arenosas na faixa do littoral; estas e as misturadas occupam uma pequena parte do território. As terras planas ocupam grandes áreas, e ficam entre o mar e as montanhas; estas quase deshabitadas e ocupam pequena parte do município. As terras do terço superior das montanhas são pedregosas. São secas as terras de areias e os logares situados nas montanhas onde, vegetam taquaras. As mattas virgens ficam nas montanhas, as capoeiras na planície e nos pequenos morros do littoral. Quasi não há cerrados, nem carrascaes, nem campos. Preços — Um hectare de terra bôa custa de 20$000 a 40$000, approximadamente.","Preços — Um hectare de terra bôa custa de 20$000 a 40$000, approximadamente.",20000,40000,hectare,0
SC,São Bento,"Trabalhador rural, 3$500 diarios; cozinheira, de 20$000 a 25$000 mensais; lavadeira, de 15$000 a 20$000 mensais; carpinteiro, 4$000 diarios; não ha administradores nem escrivães de fazenda.","Trabalhador rural, 3$500 diarios",3500,,daily,"carpinteiro, 4$000 diarios",4000,,daily,A taxa é de 8% ao anno.,8,8,annual,"Qualidades - Ha bóas e regulares, sendo porém, a maioria de terras inferiores, terras de hervacs, pinheiraes e taquaraes; são também onduladas e as restantes montanhosas e planas. A vegetação é representada por muitas mattas e capoeiras e alguns campos. "" Preços — E' muito variável.",Preços — E' muito variável.,,,,
SC,São Francisco,"Trabalhador rural, 1$500 a 2$000 diários; cozinheira, 15$000 a 25$000 mensais; lavadeira, 10$000 a 15$000 mensais; carpinteiro, 4$000 a 6$000 diários; administradores de fazendas ou escrivães não há. Os ajustes de salários e os contratos são cumpridos.","Trabalhador rural, 1$500 a 2$000 diários",1500,2000,daily,"carpinteiro, 4$000 a 6$000 diários",4000,6000,daily,"Não há taxas fixas. MADEIRA de lei — Peroba, canela, louro, cedro, pindabuna, etc.",,,,"Qualidades - Há bóas, regulares e inferiores. Há poucas mattas e muitos cerrados e alguns campos. "" Preços — O custo de um hectare de terra boa é, approximadamente, de 40$000.","Preços — O custo de um hectare de terra boa é, approximadamente, de 40$000.",40000,40000,hectare,0
SC,São Joaquim da Costa da Serra,"Trabalhador rural, 500 réis a 25000 diários; administrador de fazenda, 1505000 a 2005000 mensais; não ha escrivães de fazenda; carpinteiro, 55000 a 85000 diários; cozinheira, 155000 mensais; lavadeira, 205000 a 255000. mensais. Os salários são pagos e os contratos cumpridos.","Trabalhador rural, 500 réis a 25000 diários",500,2000,daily,"carpinteiro, 55000 a 85000 diários",55000,85000,daily,A taxa é de 12 % ao anno.,12,12,annual,"Qualidades - São bôas em sua maioria, havendo regulares em pequena parte; as terras de fachinaes são no geral inferiores. As terras da parte sul, do rio Caveiras, são argilo-silicosas e as da parte norte, são arenosas; são misturadas as das margens dos rios. Os campos são ondulados, as terras marginais dos rios Pelotas e Lavatudo, são montanhosas. Metade das terras do município são pedregosas (região sul de Caveiras, onde abunda a pedra de ferro). São secas as terras dos fachinaes, margeando os campos e muito poucas são as terras pantanosas. Quanto a vegetação, as matas virgens occupam a pequena parte das montanhas do distrito do Cerrito e as capoeiras uma pequena área (zona de cultura). Os campos cobrem a maior parte do município.",,,,,
SC,São José,"Trabalhador rural, 2$000 a 3$000 diários; administrador de fazenda, 150$000 a 200$000 mensais; não há escrivães de fazenda; carpinteiro, 5$000 a 6$000 diários; cozinheiro ou lavadeira, 15$000 30$000 mensais; os salários são pagos e os contratos geralmente cumpridos.","Trabalhador rural, 2$000 a 3$000 diários",2000,3000,daily,"carpinteiro, 5$000 a 6$000 diários",5000,6000,daily,A taxa é de 12 por cento ao anno.,12,12,annual,"Qualidades - Em sua maioria bôas; há misturadas, argilhosas e arenosas; planas e montanhosas. A vegetação é representada por mattas virgens, capoeiras e cerrados. Preços - Um hectare de terra boa custa de 10$000 a 30$000, mais ou menos.","Preços - Um hectare de terra boa custa de 10$000 a 30$000, mais ou menos.",10000,30000,hectare,0
SC,Tijucas,"Trabalhador rural, de 1$500 a 2$000 diários, cozinheira, de 12$000 a 15$000 mensais; lavadeira, de 8$000 a 10$000 mensais; carpinteiro, de 3$000 a 5$000 diários; não ha administradores nem escrivães de fazenda. Os salários são pagos e os contratos cumpridos.","Trabalhador rural, de 1$500 a 2$000 diários, cozinheira, de 12$000 a 15$000 mensais",1500,2000,daily,"carpinteiro, de 3$000 a 5$000 diários",3000,5000,daily,Não ha taxa fixa.,,,,"Qualidades - Ha no município diversas qualidades de terras; são geralmente bôas as misturadas e argillosas, principalmente nas proximidades de Nova-Trento, sendo as terras regulares e inferiores, as arenosas. O município é pouco accidentado; a vegetação é representada por poucas mattas virgens, muitas capoeiras, cerrados e alguns campos. Preços — O hectare de terra bôa é vendido de 30$000 a 40$000, mais ou menos.","Preços — O hectare de terra bôa é vendido de 30$000 a 40$000, mais ou menos.",30000,40000,hectare,0
SC,Tubarão,"Trabalhador rural, 2$000 a 3$000 diarios; cozinheira ou lavadeira, 20$000 a 30$000 mensas; carpinteiro, 5$000 a 6$000 diarios; administrador de fazenda, 100$000 a 150$000 mensas; não ha escrivães de fazenda. Os salarios são pagos e os contractos cumpridos.","Trabalhador rural, 2$000 a 3$000 diarios",2000,3000,daily,"carpinteiro, 5$000 a 6$000 diarios",5000,6000,daily,A taxa mais usual é de 12% ao ano.,12,12,annual,"Qualidades - Metade mais ou menos, bóas e outra metade, talvez, de terras regulares e inferiores; ha planas e montanhosas, argillosas, e arenosas. Os terrenos alagadiços que os ha, são utilisados para plantio do arroz. Na zona montanhosa acham-se os nucleos coloniais. A vegetação é representada por mattas virgens, nas zonas montanhosas, principalmente por capoeiras, alguns cerrados, campos, etc. Preços — Nas proximidades da cidade, um hectare de terra boa custa 300$000 e no interior, 15$000 a 30$000 mais ou menos.","Preços — Nas proximidades da cidade, um hectare de terra boa custa 300$000 e no interior, 15$000 a 30$000 mais ou menos.",15000,300000,hectare,0
SC,Urussanga,"Um trabalhador rural ganha de 3$000 a 5$000 diarios; não ha administradores nem escrivães de fazenda; carpinteiro, 5$000 a 6$000 diarios; cozinheiro, 15$000 a 20$000 mensaes; lavadeira, 20$000 mensaes; os salarios são pagos e os contractos cumpridos.",Um trabalhador rural ganha de 3$000 a 5$000 diarios,3000,5000,daily,"carpinteiro, 5$000 a 6$000 diarios",5000,6000,daily,A tara de 8 *j* a oanno.,8,8,annual,"Qualidades - A maior parte bôas, algumas regulares e inferiores; argilhosas e misturadas. Mais montanhosas do que planas. A vegetação é representada por algumas mattas virgens e muitas capoeiras, cerrados, carrascaes nem campos. Preços - Um hectare de terra pôde custar de 20$000 a 40$000, mais ou menos.","Preços - Um hectare de terra pôde custar de 20$000 a 40$000, mais ou menos.",20000,40000,hectare,0
SE,Simão Dias,"Cozinheira, ganha 8$000 a 10$000 mensas; lavadeira, 8$000 a 10$000; carpinteiro, 2$000 a 2$500 diarios; feitor de fazenda, 25$000 a 30$000 mensas; trabalhador rural, 1$000 diarios. Não há escrivães de fazenda. Os salarios são pagos e os contractos cumpridos.","trabalhador rural, 1$000 diarios",1000,,daily,"carpinteiro, 2$000 a 2$500 diarios",2000,2500,daily,A taxa usual é de 1 % a 2 % ao mez.,1,2,monthly,"Qualidades - Há bóas, regulares e inferiores, em partes mais ou menos iguais; em sua maioria arenosas, planas e pedregosas. A vegetação é representada por muitos campos e capoeiras, poucos cerrados, e raras mattas virgens. Preços — Um hectare de terra boa custa 50$000, mais ou menos.","Preços — Um hectare de terra boa custa 50$000, mais ou menos.",50000,50000,hectare,0
SE,Aquidaban,"Um trabalhador rural ganha 1$000 a 1$500 diários; administrador de fazenda, 800$000 anuães; não há escrivão de fazenda; um carpinteiro, 3$000 diários; cozinheiro, 10$000 mensais; lavadeira, 6$000. Os salários são pagos.",Um trabalhador rural ganha 1$000 a 1$500 diários,1000,1500,daily,"um carpinteiro, 3$000 diários",3000,,daily,1°[°] ao mez.,1,1,monthly,"Qualidades - Em sua maioria inferiores; arenosas; seccas e planas, havendo algumas argilosas e regulares, e poucas, boas e misturadas. A vegetação é representada por muitas capoeiras, alguns campos, carrascaes, cerrados e poucas mattas. (Vide nota). Preços — Um hectare de terra boa, custa mais ou menos, 150$000.","Preços — Um hectare de terra boa, custa mais ou menos, 150$000.",150000,150000,hectare,0
SE,Aracajú,"Um trabalhador rural ganha 1$000 a 1$500, diários. Não há administradores nem escrivães de fazenda. Um carpinteiro, 4$000 diários; cozinheiro, 15$000 mensais; lavadeira, 15$000 mensais. Os contratos são cumpridos.","Um trabalhador rural ganha 1$000 a 1$500, diários",1000,1500,daily,"Um carpinteiro, 4$000 diários",4000,,daily,De 1 a 2 *1/2 ao mez.,1,2,monthly,"Qualidades - Em sua maioria arenosas e inferiores, havendo um bom numero de bôas e regulares. Na maior parte planas e séccas. Não ha mattas virgens; ha muitas capoeiras, cerrados e campos e poucos carrascaes. "" Preços — O preço das terras é excessivamente variável e conforme o logar, a qualidade, etc; assim, um hectare de terra, custa de 10$000 a 1:000$000.","Preços — O preço das terras é excessivamente variável e conforme o logar, a qualidade, etc; assim, um hectare de terra, custa de 10$000 a 1:000$000.",10000,1000000,hectare,0
SE,Arauá,"Trabalhador rural, 1$000 a 1$200 por dia; feitor, 30$000 a 40$000 mensais; não há escrivães nem administradores de fazenda; carpinteiro, 2$000 a 2$500 por dia; cozinheiro ou lavadeira, 10$000 mensais. Os salários são pagos e os contratos cumpridos.","Trabalhador rural, 1$000 a 1$200 por dia",1000,1200,daily,"carpinteiro, 2$000 a 2$500 por dia",2000,2500,daily,Taxa de um a dois por cento ao mez.,1,2,monthly,"Qualidades - Em sua maioria bôas, havendo talvez partes iguais de regulares e inferiores. Ora são argilhosas, ora arenosas; mais planas que montanhosas e em alguns lugares pedregosas. Há muitas capoeiras, alguns campos e poucas mattas, cerrados e carrascaes não há. Peços — Um hectare de terra bôa pôde custar de 10$000 a 30$000.",,,,,
SE,Buquim,"Um trabalhador rural ganha 1$000 diários; um feitor de fazenda, 30$000 a 40$000 por mez; não ha escrivães de fazenda; um carpinteiro, 2$000 a 2$500 diários; cozinheira e lavadeira ganham 8$000 a 10$000 mensais. Os salários são pagos e os contratos cumpridos, pontualmente.",Um trabalhador rural ganha 1$000 diários,1000,,daily,"um carpinteiro, 2$000 a 2$500 diários",2000,2500,daily,Pagam 1°| a 2°| ao mez.,1,2,monthly,"Qualidades - O município tem algumas terras boas, regulares e muitas inferiores. Umas são argilosas, outras misturadas; em sua maior parte montanhosas, poucas planas e pedregosas. Sua vegetação é representada por poucas matas, muitas capceiras, poucos cerrados e muitos campos. Preços - Um hectare de terra boa custa 10$000 a 30$000, mais ou menos.","Preços - Um hectare de terra boa custa 10$000 a 30$000, mais ou menos.",10000,30000,hectare,0
SE,Campo do Britto,"O trabalhador rural ganha 1$000 diários; carpinteiro, 2$000 a 2$500 diários; cozinheira e lavadeira ganham de 8$000 a 10$000 mensais. Não há administrador nem escrivão de fazenda; há feitores pagos a 25$000 e 30$000 mensais. Os salários são pagos.",O trabalhador rural ganha 1$000 diários,1000,,daily,"carpinteiro, 2$000 a 2$500 diários",2000,2500,daily,Um e meio a dois por cento ao mez.,1.5,2,monthly,"Qualidades - Há boas, regulares e inferiores, talvez em partes mais ou menos eguais; em sua maioria são arenosas e accidentadas. A vegetação é representada por campos, capoeiras e algumas mattas. "" Preços — Um hectare de terra boa custa de 10$000 a 30$000.",Preços — Um hectare de terra boa custa de 10$000 a 30$000.,10000,30000,hectare,0
SE,Campos,"O trabalhador rural ganha 1$000 por dia; o carpinteiro, 2$000 a 2$500 diarios; o cozinheiro e a lavadeira, 8$000 a 10$000 mensajes; os salários são pagos e os contratos cumpridos.",O trabalhador rural ganha 1$000 por dia,1000,,daily,"o carpinteiro, 2$000 a 2$500 diarios",2000,2500,daily,A taxa é de um a dois por cento ao mez.,1,2,monthly,"Qualidades - Em sua maioria inferiores, arenosas e planas, havendo em menor número bôas, regulares, argillosas e misturadas. A vegetação é representada por muitas capoeiras, alguns cerrados e campos. Preços — Um hectare de terra bôa custa de 10$000 a 20$000, mais ou menos.","Preços — Um hectare de terra bôa custa de 10$000 a 20$000, mais ou menos.",10000,20000,hectare,0
SE,Capella,"O trabalhador rural ganha de 18000 a 28000 diários; um administrador de fazenda ganha 1008000 mensajes, nas uzinas; não há escrivão de fazenda; um carpinteiro, 38000 diários; cozinheira e lavadeira, 68000 a 108000 mensajes. São pagos os salários.",O trabalhador rural ganha de 18000 a 28000 diários,1000,2000,daily,"um carpinteiro, 38000 diários",3000,,daily,"A taxa de 1% ao mez, e, às vezes, mais.",1,1,monthly,"Qualidades - Na maioria regulares, sendo poucas, as boas. São geralmente arenosas, poucas as argilosas; mais planas que montanhosas e um tanto pedregosas. Não há mattas, existem muitas capoeiras e cerrados e poucos carrascaes e campos. “ Preços — De 500800 para mais custa o hectare de terra boa, preço este exigindo terra especial, um conjunto de circunstâncias de muito valor agrícola.","Preços — De 500800 para mais custa o hectare de terra boa, preço este exigindo terra especial, um conjunto de circunstâncias de muito valor agrícola.",500800,500800,hectare,0
SE,Divina Pastora,"Um trabalhador rural ganha 1$000 diários; um administrador de fazenda, 60$000 mensais; não há escrivães de fazenda; um carpinteiro ganha 2$500 a 3$000 diários; uma cozinheira, 10$000 a 15$000 mensais; uma lavadeira, 8$000 mensais. Os salários são pagos e os contratos cumpridos.",Um trabalhador rural ganha 1$000 diários,1000,,daily,um carpinteiro ganha 2$500 a 3$000 diários,2500,3000,daily,A taxa é de 2 % ao mez.,2,2,monthly,"Qualidades - As terras do município são em sua maioria bôas e argilosas, havendo algumas arenosas e misturadas; parte é plana, parte levemente accidentada; pedregosas em poucos lugares e secas em grande parte. A vegetação é representada por muitas capoeiras e alguns campos; não há mattas-virgens, cerrados e carrascaes. Preços - Um hectare de terra boa custa 300$000.",Preços - Um hectare de terra boa custa 300$000.,300000,300000,hectare,0
SE,Nossa Senhora das Dôres,"Trabalhador rural ganha de 18000 a 28000 diários; administrador de fazenda, de 408000 a 508000 mensais; não há escrivães de fazenda; carpinteiro, de 28000 a 48000 diários; cozinheiro, de 68000 a 108000 mensais; lavadeira, 58000 a 88000 mensais. Os salários são pagos.",Trabalhador rural ganha de 18000 a 28000 diários,1000,2000,daily,"carpinteiro, de 28000 a 48000 diários",2000,4000,daily,Taxa de 1 ªª ao mez.,1,1,monthly,"Qualidades - Em sua maioria inferiores e regulares; são misturadas e planas, havendo grande parte de arenosas. Há muitos campos, algumas capoeiras e poucos carrascaes e cerrados. “ Preços — Um hectare de terra boa pôde custar 1508000.",Preços — Um hectare de terra boa pôde custar 1508000.,150000,150000,hectare,0
SE,Espirito Santo,"Um trabalhador rural ganha 18000 diarios; um feitor de fazenda, 408000 mensas; não ha escrivães de fazenda; um carpinteiro, 28000 a 28500 diarios; uma cozinheira ou lavadeira, 880000 mensas. Os salarios são pagos e os contractos cumpridos.",Um trabalhador rural ganha 18000 diarios,1000,,daily,"um carpinteiro, 28000 a 28500 diarios",2000,2500,daily,Taxa 1 a 2 ª ao mez.,1,2,monthly,"Qualidades - Em sua maioria inferiores e arenosas, existindo algumas regulares e misturadas, poucas bôas, e argilosas. Mais ou menos planas, poucas as montanhosas. A vegetação é representada por muitas capoeiras, alguns campos e poucos cerrados, carrascaes e mattas virgens. "" Preços — Um hectare de terra bôa pôde custar de 58000 a 308000.",Preços — Um hectare de terra bôa pôde custar de 58000 a 308000.,5000,30000,hectare,0
SE,Estancia,"Um trabalhador rural ganha 1$000 a 1$500 diários; não ha administradores de fazenda, ha feitores que percebem na média, 50$000 mensais. Não ha escrivães de fazenda; um carpinteiro ganha de 2$000 a 3$000 diários; cozinheira, 10$000 a 12$000 mensais; lavadeira, 12$000 mensais. Os salários são pagos e os contratos cumpridos. Trabalhador rural, 1$000 por dia; não há administradores nem escrivães de fazenda; há vaqueiros que tomam conta do gado e que por isso percebem ¼ da produção; carpinteiro, 2$500 por dia; cozinheiro, de 6$000 a 10$000 mensais; lavadeira, 10$000 mensais. Os salários são pagos.",Um trabalhador rural ganha 1$000 a 1$500 diários,1000,1500,daily,um carpinteiro ganha de 2$000 a 3$000 diários,2000,3000,daily,"A taxa de um a dois por cento ao mez. Taxa de 2 e 3ª7º mensais. MADEIRAS de leite — Cedro, aroeira, baraúna, etc.",1,2,monthly,"Qualidades - Em sua maioria, bôas. Ha argilhosas, arenosas e misturadas. Mais onduladas do que planas e um tanto secas. Possue muitas capoeiras, alguns campos e poucas mattas, cerrados e carrascas. Preços — Um hectare de terra bôa custa de 10$000 a 30$000. Qualidades - No geral inferiores, misturadas, montanhosas, pedregosas e secas, havendo algumas regulares e arenosas. Avegatação é representada por muitas capoeiras e carrascaes, poucos cerrados, mattas e campos. Preços - Com exceção das lagões, onde se cultiva o arroz e que se vende em lotes, a terra nas catingas não teem preço, por ser muito seca.",Preços — Um hectare de terra bôa custa de 10$000 a 30$000.,10000,30000,hectare,0
SE,Gararu,"Trabalhador rural, 1$000 por dia; não há administradores nem escrivães de fazenda; há vaqueiros que tomam conta do gado e que por isso percebem ¼ da produção; carpinteiro, 2$500 por dia; cozinheiro, de 6$000 a 10$000 mensais; lavadeira, 10$000 mensais. Os salários são pagos.",,1000,,,"carpinteiro, 2$500 por dia",2500,,daily,"Taxa de 2 e 3ª7º mensais. MADEIRAS de leite — Cedro, aroeira, baraúna, etc.",2,2,monthly,"Qualidades - No geral inferiores, misturadas, montanhosas, pedregosas e secas, havendo algumas regulares e arenosas. Avegatação é representada por muitas capoeiras e carrascaes, poucos cerrados, mattas e campos. Preços - Com exceção das lagões, onde se cultiva o arroz e que se vende em lotes, a terra nas catingas não teem preço, por ser muito seca.","Preços - Com exceção das lagões, onde se cultiva o arroz e que se vende em lotes, a terra nas catingas não teem preço, por ser muito seca.",,,,
SE,Itabaiana,"Um trabalhador rural ganha 1$000 diarios; um feitor de fazenda, de 2$000 a 2$500 diarios; não ha escrivães de fazenda; uma cozinheira, de 8$000 a 10$000 mensais; uma lavadeira, de 8$000 a 10$000 mensais; um carpinteiro, de 2$000 a 2$500 diarios. Os salarios são pagos e os contractos cumpridos.",Um trabalhador rural ganha 1$000 diarios,1000,,daily,"um carpinteiro, de 2$000 a 2$500 diarios",2000,2500,daily,Pagam 1 a 2 *|* ao mez.,1,2,monthly,"Qualidades - Ha terras bôas, regulares e inferiores, argilosas, arenosas e misturadas. A maior parte é montanhosa, há planas em pequena porção, poucas seccas e pedregosas; não há pantanos. A vegetação é representada por muitas capoeiras, poucos carrascaes e cerrados e alguns campos. (Vide nota). Preços — Varia o preço segundo as circunstâncias.",Preços — Varia o preço segundo as circunstâncias.,,,,
SE,Itabaianinha,"Cozinheira ganha 85000 a 105000 por mez; lavadeira 85000 a 105000 mensais; carpinteiro, 25000 a 25500 diários; trabalhador rural, 15000 diários; feitor de fazenda, 305000 mensais. Não há escrivães da fazenda. Os salários são pagos e os contratos cumpridos.","trabalhador rural, 15000 diários",1500,,daily,"carpinteiro, 25000 a 25500 diários",25000,25500,daily,,,,,"Qualidades - Há boas, regulares e inferiores, talvez em partes mais ou menos iguais. Em sua maioria arenosas, accidentadas e pedregosas. Possue muitas capoeiras, alguns campos, poucos carrascaes e raras mattas virgens. - Preços — Um hectare de terra boa custa de 105000 a 305000.",Preços — Um hectare de terra boa custa de 105000 a 305000.,10000,30000,hectare,0
SE,Itaporanga,"O trabalhador rural ganha por dia na época das safras de 800 réis a 1$200; uma cozinheira, de 6$000 a 10$000 mensais; uma lavadeira, de 6$000 a 8$000 mensais; um carpinteiro, de 2$000 a 3$000 diários; não há administradores nem escrivães de fazenda. Os salários são sempre pagos.",O trabalhador rural ganha por dia na época das safras de 800 réis a 1$200,800,1200,daily,"um carpinteiro, de 2$000 a 3$000 diários",2000,3000,daily,Não ha prestamistas.,,,,"Qualidades - As terras são na sua maioria bôas e regulares; argilhosas e accidenciadas, sem serem montanhosas; há poucas terras séccas, pedregosas e pantanosas. A vegetação é representada por mattas virgens, capoeiras, cerrados, carrascaes e campos. Preços — Os preços são muito variáveis e fixados na ocasião da venda; mas no geral o hectare, custa 10$000, mais ou menos.","Preços — Os preços são muito variáveis e fixados na ocasião da venda; mas no geral o hectare, custa 10$000, mais ou menos.",10000,10000,hectare,0
SE,Japaratuba,"Trabalhador rural, 1$500 por dia; administradores de engenho, 100$000 mensais; não ha escrivães de fazenda; carpinteiro, 3$000 diários; cozinheiro, 8$000 a 10$000 mensais; lavadeira, 10$000 mensais. Os salários são pagos.","Trabalhador rural, 1$500 por dia",1500,,daily,"carpinteiro, 3$000 diários",3000,,daily,Taxa de um a dois por cento ao mez.,1,2,monthly,"Qualidades - Na maior parte bôas, muito ferteis; ha poucas regulares e inferiores; em sua maioria são misturadas e planas. Não ha mattas virgens e cerrados; ha muitos campos e algumas capoeiras e carrascaes. “ Preços — Um hectare de terra bôa custa 500$000 (mais ou menos), porém, ha preços bem inferiores.","Preços — Um hectare de terra bôa custa 500$000 (mais ou menos), porém, ha preços bem inferiores.",500000,500000,hectare,0
SE,Lagarto,"Cosinheira ganha de 8$000 a 10$000 mensais; lavadeira, de 8$000 a 10$000 mensais; carpinteiro, de 2$000 a 2$500 diários; diários; trabalhador rural, 1$000 por dia; não há administradores nem escrivães de fazenda. Os salários são pagos e os contratos cumpridos.","trabalhador rural, 1$000 por dia",1000,,daily,"carpinteiro, de 2$000 a 2$500 diários",2000,2500,daily,Variam de 1 a 2º | ao mez.,1,1,monthly,"Qualidades - São ferreis, havendo boas, regulares e inferiores; argilosas umas, misturadas outras, em grande parte accidentadas, pedregosas e secas. A vegetação é representada por muitas capoeiras e campos e poucas mattas e cerrados. Preços — Um hectare de terra boa custa de 10$000 a 20$000.",Preços — Um hectare de terra boa custa de 10$000 a 20$000.,10000,20000,hectare,0
SE,Laranjeiras,"Um trabalhador rural, ganha 18000, diarios; um administrador de fazenda, 308000 a 608000, mensaes; não ha escrivães de fazenda; um carpinteiro, 38000 diarios; um cozinheiro, 108000 mensaes; uma lavadeira, 88000 mensaes. Os contractos são cumpridos e os salarios pagos.","Um trabalhador rural, ganha 18000, diarios",1000,,daily,"um carpinteiro, 38000 diarios",3000,,daily,A taxa é de 24% ao anno.,24,24,annual,"Qualidades - Em sua maioria bóas e argilosas, havendo arenosas e misturadas, planas e montanhosas, talvez em partes eguaes, assim como algumas regulares e inferiores. A vegetação é representada por mattas virgens, cerrados e carrascaes em pequena parte, e por capoeiras e campos na maior parte. “ Preços — Um hectare de terra bóa, custa 1008000, mais ou menos.","Preços — Um hectare de terra bóa, custa 1008000, mais ou menos.",100000,100000,hectare,0
SE,Maroim,"Um trabalhador rural ganha de 1$000 a 1$200 diários; um administrador de fazenda, 60$000 mensais; não há escrivães de fazenda; um carpinteiro ganha 3$000 diários; um cozinheiro, 10$000 mensais; uma lavadeira 8$000 mensais. Os salários são pagos e os contratos cumpridos.",Um trabalhador rural ganha de 1$000 a 1$200 diários,1000,1200,daily,um carpinteiro ganha 3$000 diários,3000,,daily,A taxa é de 2 *|* ao mez.,2,2,monthly,"Qualidades - As terras do município são no geral bôas; arenosas em grande parte, havendo em menor número argilosas e misturadas; parte é plana, parte montanhosa; há muita terra sécca e pedregosa, a vegetação sendo representada por capoeiras, cerrados, carrascaes e campos. Preços - Uma tarefa ou 3.025 metros quadrados custa 50$000, mais ou menos.","Preços - Uma tarefa ou 3.025 metros quadrados custa 50$000, mais ou menos.",50000,50000,tarefa;metro_quadrado,1
SE,Pacatuba,"Cozinheiro ganha 10$000 mensais; lavadeira, 6$000; carpinteiro, 3$000 a mais diários; administrador de fazenda, 600$000 a 800$000 anuais; trabalhador rural, 1$000 e mais diários. Não há escrivães de fazenda. Os salários são pagos e os contratos cumpridos.","trabalhador rural, 1$000 e mais diários",1000,,daily,"carpinteiro, 3$000 a mais diários",3000,,daily,A taxa usual é de 12 % ao anno.,12,12,annual,"Qualidades - Em sua maioria regulares, havendo em menor quantidade bôas e inferiores. Em parte são arenosas e argilosas e em parte menor, misturadas. Umas planas, outras montanhosas; umas secas, outras pantanosas. A vegetação é representada por muitos campos e capoeiras, alguns carrascaes e poucas muitas virgens e cerrados. "" Preços — Um hectare de terra bôa custa 200$000, aproximadamente.","Preços — Um hectare de terra bôa custa 200$000, aproximadamente.",200000,200000,hectare,0
SE,Porto da Folha,"Um trabalhador rural, ganha de 800 réis a 1$000, diários; um administrador de fazenda, 30$000 a 50$000 mensais; não há escrivães de fazenda; um carpinteiro, ganha 2$000 a 2$500, diários; uma cozinheira ou lavadeira, 8$000 mensais. Os salários são pagos e os contratos cumpridos.","Um trabalhador rural, ganha de 800 réis a 1$000, diários",800,1000,daily,"um carpinteiro, ganha 2$000 a 2$500, diários",2000,2500,daily,A taxa é de 24 *1º ao ano.,24,24,annual,"Qualidades - As terras do município são em sua maioria boas, havendo também regulares e inferiores; são arenosas e misturadas, em partes talvez mais ou menos iguais. O município é quase todo accidentado e em grande parte pedregoso. A vegetação é representada por capoeiras, cerrados, carrascaes e campos; não há mattas virgens. - Preços — Um hectare de terra boa, custa 50$000, mais ou menos.","Preços — Um hectare de terra boa, custa 50$000, mais ou menos.",50000,50000,hectare,0
SE,Propriá,"Um trabalhador rural ganha de 600 réis a 1$000 diários; não há ordenado fixo para os administradores de fazenda; não há escrivães de fazenda; um carpinteiro, de 2$000 a 3$000 diários; um cozi- nheiro, de 10$000 a 12$000 mensaes; uma lavadeira, 10$000 mensaes. Os salarios são pagos e os contractos cumpridos. **TERRAS** — Qualidades — As terras do município são em sua maioria bôas; há misturadas, accidentadas e séccas, havendo algumas regulares, inferiores, argilosas e arenosas. A vegetação é representada por muitos campos e algumas mattas virgens, capoeiras, cerrados e carrascaes. **Preços** — Um hectare de terra l.á custa de 150$000 a 600$000. **TRANSPORTES** — O transporte para o interior é feito por animaes. Por uma canôa, carregada com 12 a 15 toneladas, paga-se 50$000, de Piranhas a Propriá, num percurso de 140 kilometros.",Um trabalhador rural ganha de 600 réis a 1$000 diários,600,1000,daily,"um carpinteiro, de 2$000 a 3$000 diários",2000,3000,daily,A taxa é de 1 a 2% ao mês.,1,2,monthly,,,,,,
SE,Riachão,"Trabalhador rural ganha 1$000 diarios; não ha administradores, nem escrivães de fazenda, ha feitores, que ganham 30$000 mensas; carpinteiro, 2$000 a 2$500 diarios; cozinheira ou lavadeira, 8$000 a 10$000 mensas. Os salarios são pagos e os contractos cumpridos.",Trabalhador rural ganha 1$000 diarios,1000,,daily,"carpinteiro, 2$000 a 2$500 diarios",2000,2500,daily,Taxa de 1 a 2°|° ao mez.,1,2,monthly,"Qualidades - Na maioria inferiores, havendo em partes, talvez iguais, regulares e bôas; ora arenosas, ora misturadas e em geral montanhosas. Ha muitas capoeiras talvez mais da metade da área do município, algumas mattas, carrascaes e campos. Preços — Um hectare de terra bôa pôde custar 10$000 a 20$000 mais ou menos.",Preços — Um hectare de terra bôa pôde custar 10$000 a 20$000 mais ou menos.,10000,20000,hectare,0
SE,Riachuelo,"Um trabalhador rural ganha 1$000 diários; um administrador de fazenda, de 30$000 a 60$000 mensais; não há escrivães de fazenda; um carpinteiro, de 2$500 a 3$000 diários; um cozinheiro, de 10$000 a 15$000 mensais; uma lavadeira, 8$000 mensais. Os salários são pagos e os contratos cumpridos.",Um trabalhador rural ganha 1$000 diários,1000,,daily,"um carpinteiro, de 2$500 a 3$000 diários",2500,3000,daily,A taxa usual é de 2% ao mez.,2,2,monthly,"Qualidades - Em sua maioria boas; são argilhosas e planas, havendo algumas arenosas e misturadas. A vegetação é representada por muitas capoeiras e campos; não há matas virgens, cerrados e carrascaes. Preços — Um hectare de terra boa custa 500$000, porém há preços bem inferiores.","Preços — Um hectare de terra boa custa 500$000, porém há preços bem inferiores.",500000,500000,hectare,0
SE,Rosario,"Trabalhador rural ganha 18000 diários; administrador de fazenda, 308000 a 508000 mensais; não há escrivães de fazenda; carpinteiro, 28500 diários; cozinheira, 108000 mensais; lavadeira, 88000 mensais. Os salários são pagos e os contratos cumpridos.",Trabalhador rural ganha 18000 diários,1000,,daily,"carpinteiro, 28500 diários",2500,,daily,A taxa é de dois por cento ao mez.,2,2,monthly,"Qualidades - Em sua maioria bôas, argilhosas e planas, havendo algumas regulares e inferiores, assim como arenosas e misturadas. A vegetação é representada por algumas matras virgens, cerrados, carrascaes e muitos campos e capoeiras. Preços — Um hectare de terra bôa, custa 1208000.","Preços — Um hectare de terra bôa, custa 1208000.",120000,120000,hectare,0
SE,Santa Luzia,"Trabalhador rural, de 1$000 a 1$500 diários; não há administradores nem escrivães de fazenda; há feitores que percebem de 30$000 a 50$000 mensais; carpinteiro, de 2$000 a 2$500 por dia; cozinheira e lavadeira, de 8$000 a 10$000 por mez. Os salários são pagos e os contratos cumpridos.","Trabalhador rural, de 1$000 a 1$500 diários",1000,1500,daily,"carpinteiro, de 2$000 a 2$500 por dia",2000,2500,daily,Taxa de 1 a 2½ª ao mez.,1,1,monthly,"Qualidades - São de proclamada fertilidade as terras do município de Santa Luzia, que são argilosas umas e silicosas outras. Há ainda algumas mattas virgens, muitas capoeiras e campos. Não há cerrados nem carrascaes. "" Preços — Um hectare de terra bôa custa de 1$ a 30$000, mais ou menos.","Preços — Um hectare de terra bôa custa de 1$ a 30$000, mais ou menos.",30000,30000,hectare,0
SE,S. Christovão,"Um trabalhador rural, ganha 800 réis á 18000, diários; os administradores de fazenda, não têm ordenado fixo; escrivães de fazenda, não ha; um carpinteiro, ganha 28000 á 38000, diários; um cozinheiro, 58000 á 68000, mensais; as lavadeiras, cobram 500 réis por duzia de peças de roupa. Os salários são pagos e os contractos cumpridos.","Um trabalhador rural, ganha 800 réis á 18000, diários",800,1000,daily,"um carpinteiro, ganha 28000 á 38000, diários",2000,3000,daily,Não ha prestamistas.,,,,"Qualidades - Talvez se possa dizer, que três quartos do município são de terras bôas, e uma pequena parte (nos taboleiros) de terra inferior. No geral são argilhosas, algumas são misturadas e uma faixa ao longo da costa, é arenosa. O município é mais ou menos plano; tem algumas terras séccas nos taboleiros e algumas pantanosas nas margens dos rios e na costa. Quanto à vegetação é representada quasi só por capoeiras e campos e uma pequena parte de carrascaesc; não existem mattas virgens, nem cerrados. “ Preços — Não ha um preço médio para as terras, o preço de venda é feito de conformidade com a qualidade, extensão e região onde estiverem situadas.","Preços — Não ha um preço médio para as terras, o preço de venda é feito de conformidade com a qualidade, extensão e região onde estiverem situadas.",,,,
SE,S. Paulo,"O trabalhador rural ganha 1$000 por dia; um feitor, de 25$000 a 30$000 mensais; não ha escrivães de fazenda; uma cozinheira, de 8$000 a 10$000 mensais; uma lavadeira, de 8$000 a 10$000; carpinteiro, de 2$000 a 2$500 diários. Os salários são pagos. Não ha contratos.",O trabalhador rural ganha 1$000 por dia,1000,,daily,"carpinteiro, de 2$000 a 2$500 diários",2000,2500,daily,De 1½ a 2½ ao mês.,1.5,2.5,monthly,"Qualidades - O município possui terras boas, regulares e inferiores em partes mais ou menos eguais; em sua maioria arenosas, mais montanhosas do que planas e em parte pedregosas. A vegetação é representada por muitas capoeiras e campos e por alguns cerrados e carrascaes; não ha mattas. "" Preços — 10$000 a 20$000 por hectare.",Preços — 10$000 a 20$000 por hectare.,10000,20000,hectare,0
SE,Siriry,"Cozinheira, 10$000 mensais; lavadeira, 6$000 mensais; carpinteiro, 3$000 por dia; administrador de fazenda, 1:000$000 anuais; trabalhador rural, 1$000 a 1$500 por dia; não há escrivães de fazenda. Os salários são pagos.","trabalhador rural, 1$000 a 1$500 por dia",1000,1500,daily,"carpinteiro, 3$000 por dia",3000,,daily,Taxa de um por cento ao mez.,1,1,monthly,"Qualidades - O município tem terras bôas, regulares e inferiores; em sua maioria arenosas, misturadas e montanhosas. A vegetação é representada por muitos campos e capoeiras, por alguns cerrados e carrascaes. "" Preços — Um hectare de terra bôa custa 300$000, havendo preços inferiores.","Preços — Um hectare de terra bôa custa 300$000, havendo preços inferiores.",300000,300000,hectare,0
SE,Soccorro,"Um trabalhador rural ganha 1$000 diários; um administrador de fazenda, 30$000 a 50$000 mensais, não há escrivães de fazenda; um carpinteiro ganha 2$500 diários; uma lavadeira ou cozinheira. 8$000 mensais. Os salários são pagos e os contratos cumpridos.",Um trabalhador rural ganha 1$000 diários,1000,,daily,um carpinteiro ganha 2$500 diários,2500,,daily,A taxa é de 2% ao mez em todo o distretto.,2,2,monthly,"Qualidades - As terras do município são em sua maioria inferiores e em parte boas, poucas são as regulares; muitas são as argilosas e misturadas, mas em sua maioria são arenosas e secas. Mais de metade do município é plano. A vegetação é representada por matas, virgens, capoeiras, cerrados, carrascaes e muitos campos. ” Preços — Um hectare de terra boa custa 60$000, aproximadamente.","Preços — Um hectare de terra boa custa 60$000, aproximadamente.",60000,60000,hectare,0
SE,Santo Amaro,"Um trabalhador rural ganha 1$000 diarios; um administrador de fazenda, 50$000 menraes; não ha escrivães de fazenda; um carpinteiro ganha 3$000 diarios; uma cozinheira, 10$000 mensaees; uma lavadeira, 6$000 mensaees. Os salarios são pagos e os contractos cumpridos.",Um trabalhador rural ganha 1$000 diarios,1000,,daily,um carpinteiro ganha 3$000 diarios,3000,,daily,A taxa é de 24% ao anno.,24,24,annual,"Qualidades - Na maioria bóas e argilhosas, havendo em menor numero regulares e inferiores, assim como arenosas e misturadas. Talvez, metade planas e metade montanhosas. A vegetação é representada por muitas capoeiras e alguns carrascaes, cerrados e campos; mattas virgens não ha. Preços — Um hectare de terra boa custa de 10$000 a 50$000, mais ou menos.","Preços — Um hectare de terra boa custa de 10$000 a 50$000, mais ou menos.",10000,50000,hectare,0
SE,Villa Christina,"Trabalhador rural, 1$000 por dia; feitor, 30$000 mensais; não há escrivães de fazendas; carpinteiro, 2$000 a 2$500 por dia; cozinheiro ou lavadeira, 8$000 mensais. Os salários são pagos e os contratos cumpridos.","Trabalhador rural, 1$000 por dia",1000,,daily,"carpinteiro, 2$000 a 2$500 por dia",2000,2500,daily,Taxa de um a dois por cento ao mez.,1,2,monthly,"Qualidades - Em sua maioria são inferiores e arenosas, havendo talvez partes iguais de terras bôas e regulares, assim como existem algumas misturadas. Há muita terra plana, algumas montanhosas e pedregosas. A vegetação é representada por muitas capoeiras e alguns campos. Há poucos cerrados e muitas virgens. Preços — Um hectare de terra bôa pôde custar, mais ou menos, de 3$000 a 10$000.","Preços — Um hectare de terra bôa pôde custar, mais ou menos, de 3$000 a 10$000.",3000,10000,hectare,0
SE,Villa Nova,"Trabalhador rural, 1$000 a 1$500 diários; administrador de fazenda, 700$000 a 800$000, por anno; não há escrivães de fazenda; carpinteiro, 3$000 a 4$000 diários; cozinheira, 10$000 mensais; lavadeiras, 6$000 mensais. Os salários são pagos e os contratos cumpridos.","Trabalhador rural, 1$000 a 1$500 diários",1000,1500,daily,"carpinteiro, 3$000 a 4$000 diários",3000,4000,daily,Taxa de 12 *¹⁸ ao anno.,12,12,annual,"Qualidades - O município possui pequena porção de terras bôas, sendo as regulares e inferiores em maior quantidade. Há terras arenosas, argilosas e misturadas. Uma parte é plana e outra montanhosa. São poucas as pedregosas. A vegetação é representada por pouca matta virgem, algumas capoeiras, cerrados, carrascaes e campos. Preços — Custa 200$000 o hectare de terra bôa, havendo preços bem inferiores.","Preços — Custa 200$000 o hectare de terra bôa, havendo preços bem inferiores.",200000,200000,hectare,0
SP,Amparo,"Trabalhador rural, 608000 menseas; colonos, 28000 diarios ou 158000 por mil pés de café, capinados, e 500 réis por alqueire de café colhido; administrador de fazenda, 1:5008000 a 5:0008000 annuaes; escrivão de fazenda, 1:0008000 a 1:2008000 annuaes; carpinteiro, 48000 a 58000 diarios; cozinheiro, 258000 e lavadeira, 500 réis por duzia de roupa lavada. Os salarios são pagos e os contratos cumpridos.","Trabalhador rural, 608000 menseas",2000,,,"carpinteiro, 48000 a 58000 diarios",4000,5000,daily,"Taxa de 12 por cento, anual.",12,12,annual,"Qualidades - As terras podem ser, mais ou menos, assim divididas: bóas, na quase totalidade; regulares, nas partes arenosas; inferiores, em muito pequena quantidade. Ora são argilosas, ora arenosas e misturadas, sendo os bairros de terra branca quase todos arenosos. O município é montanhoso e geralmente pedregoso. O terreno é seco na parte arenosa e nos altos espigões; pantanoso em certas baixadas e próximo ao curso d'água. A vegetação acha-se em pequena quantidade de mattas virgens e capoeiras, não existindo cerrados, carrascaes e campos. (Vide nota). "" Preços — Um hectare de terra boa custa de 2008000 a 4008000, approximadamente.","Preços — Um hectare de terra boa custa de 2008000 a 4008000, approximadamente.",200000,400000,hectare,0
SP,Annápolis,"Um trabalhador rural ganha 2$000 a 2$500 e mais, diarios; um administrador de fazenda, 1:000$000 a 2:000$000 annuaes; um escrivão de fazenda, 500$000 a 1:000$000 annuaes; um carpinteiro, 5$000 diarios; uma cozinheira, 20$000 mensae; uma lavadeira, 15$000 a 25$000 mensae. Os salarios são pagos e os contractos cumpridos.","Um trabalhador rural ganha 2$000 a 2$500 e mais, diarios",2000,2500,daily,"um carpinteiro, 5$000 diarios",5000,,daily,A taxa é de doze por cento ao ano.,12,12,annual,"Qualidades: As terras do município podem ser mais ou menos assim divididas: entre boas e regulares, quatro partes; inferiores, seis partes. Arenosas na maior parte. Egualmente planas e montanhosas. Mattas, quase não ha. A vegetação acha-se na maior parte em cerrado e capoeiras. Preço: um hectare de terra boa custa 60$000, mais ou menos.",,,,,
SP,Araraquara,"Um trabalhador rural ganha 28500 a 28800 diarios; os colonos ganham 1008000 a 1308000 annuaes, pelo trato de mil pés de café; um administrador de fazenda, até 3:0008000 annuaes; um escrivão de fazenda, até 1:5008000 annuaes; um carpinteiro, 68000 a 78000 diarios; um cosinheiro, 508000 mensões; uma cozinheira, 308000 mensões; uma lavadeira, 308000 mensões. Os salarios são pagos e os contractos cumpridos.",Um trabalhador rural ganha 28500 a 28800 diarios,2500,2800,daily,"um carpinteiro, 68000 a 78000 diarios",6000,7000,daily,A taxa é de 12% ao anno.,12,12,annual,"qualidades - As terras podem ser mais ou menos assim divididas: bóas, 4 partes; regulares, 2 partes; inferiores, 4 partes; achando-se as argilosas, misturadas e arenosas, mais ou menos na mesma proporção. "" Preços — Um hectare de terra boa, custa mais ou menos 2008000.","Preços — Um hectare de terra boa, custa mais ou menos 2008000.",200000,200000,hectare,0
SP,Anhemby,"O trabalhador rural ganha 18500 a 28000 diários; não há administradores, nem escrivães de fazenda; os carpinteiros trabalham por obra de empreitada; um cozinheiro ganha 258000 a 308000 mensões; as lavadeiras cobram por dúzia de peças de roupa lavada. Os salários são pagos e os contratos cumpridos.",O trabalhador rural ganha 18500 a 28000 diários,1500,2000,daily,os carpinteiros trabalham por obra de empreitada,,,,A taxa é de 12% ao anno.,12,12,annual,"Qualidades - As terras do município podem ser mais ou menos assim divididas: bôas e regulares na maior parte; inferiores muito menos. São mais argilosas que arenosas. Mattas, pequena parte; capoeiras, cerrados e carrascaes, a maior parte. Preços - O hectare de terra bôa custa 308000 a 608000, aproximadamente.","Preços - O hectare de terra bôa custa 308000 a 608000, aproximadamente.",30000,60000,hectare,0
SP,Aréas,"Um cozinheiro, 158000 e lavadeira, 58000 mensajes; um carpinteiro, 38500, diários; um administrador de fazenda, 2508000; escrivão, não há. O salário diário do trabalhador rural, seja camarada ou colono, é de 18300 a séc. e 800 réis, com comida. Os salários são pagos e os contratos cumpridos.","O salário diário do trabalhador rural, seja camarada ou colono, é de 18300 a séc",1300,,daily,"um carpinteiro, 38500, diários",3500,,daily,10 *1* ao anno.,1,10,annual,"Qualidades - As terras do município podem ser, mais ou menos, assim divididas: boas, metade; as regulares são menos que as inferiores. Misturadas e montanhosas, na maior parte. Preços — Um hectare de terra boa custa 408000, mais ou menos.","Preços — Um hectare de terra boa custa 408000, mais ou menos.",40000,40000,hectare,0
SP,Angatuba,"Um trabalhador rural, seja colono ou camarada, ganha 28000 a 28500 diarios; um administrador de fazenda, 2008000 mensões; um escrivão de fazenda, 1008000 mensões; um carpinteiro, 68000 a 78000; um cozinheiro, 208000 a 258000 mensões; as lavadeiras cobram 500 réis por duzia de peças de roupa lavada. Os salarios são pagos e os contractos cumpridos.","Um trabalhador rural, seja colono ou camarada, ganha 28000 a 28500 diarios",2000,2500,daily,"um carpinteiro, 68000 a 78000",6000,7000,,A taxa é de 18% ao anno.,18,18,annual,"Qualidades - As terras do município podem ser, mais ou menos, assim divididas: bôas, metade; regulares, mais que as inferiores. São na maior parte arenosas, sendo egualmente planas e montanhosas, com muitos campos. Preços - Um hectare de terra custa 808000, approximadamente.","Preços - Um hectare de terra custa 808000, approximadamente.",80000,80000,hectare,0
SP,Apiahy,"Um trabalhador rural ganha 18500 a 28000 diários; não há administradores e escrivães de fazendas; uma cozinheira ou lavadeira ganha 108000 mensais; um carpinteiro, 48000 diários. Os salários são pagos e os contratos cumpridos.",Um trabalhador rural ganha 18500 a 28000 diários,1500,2000,daily,"um carpinteiro, 48000 diários",4000,,daily,Não há empréstimos.,,,,"Qualidades - A maior parte das terras do município é bôa, prestando-se, devido à variedade de clima, a quase todas as culturas. Existem também terrenos de massapé misturado e massapé preto, que são muito férteis. A maior parte do município é constituída por terrenos montanhosos, de origem granítica. A vegetação acha-se em matas virgens e capoeiras, que ocupam a maior parte do município; há poucos cerrados, carrascaes e campos. Preços - Um hectare de terra bôa custa de 68000 a 78000 mais ou menos.",Preços - Um hectare de terra bôa custa de 68000 a 78000 mais ou menos.,6000,7000,hectare,0
SP,Araçariguama,"Um trabalhador rural ganha 2$000 a secco e 1$500 com comida; administradores e escrivães de fazenda, não há; um carpinteiro, 4$500 diários; cozinheira, 10$000 mensajes; lavadeira, cobra 400 réis por duzia de roupa lavada (sem sabão). Os salários são pagos e os contratos cumpridos.",Um trabalhador rural ganha 2$000 a secco e 1$500 com comida,1500,2000,,"um carpinteiro, 4$500 diários",4500,,daily,Não ha taxa fixa.,,,,"Qualidades - As terras do município podem ser, mais ou menos, assim divididas: bôas, uma parte; regulares, a maior parte; inferiores, menos que as regulares. Geralmente argilhosas e montanhosas. Preços — Um hectare de terra bôa custa 82$000, mais ou menos.","Preços — Um hectare de terra bôa custa 82$000, mais ou menos.",82000,82000,hectare,0
SP,Atibaia,"Um trabalhador rural ganha 2$000 a secco ou 1$200 com comida; um administrador de fazenda 150$000 mensaes; não ha escrivães de fazenda; um carpinteiro, 4$000 diarios; uma cozinheira, 25$000 mensaes; as lavadeiras cobram 500 réis por duzia de roupa lavada (sem sabão). Os salarios são pagos e os contractos cumpridos.",Um trabalhador rural ganha 2$000 a secco ou 1$200 com comida,1200,2000,,"um carpinteiro, 4$000 diarios",4000,,daily,A taxa é de 10% ao anno.,10,10,annual,"Qualidades - Mais ou menos são: bóas e regulares, metade; inferiores, metade. Na maior parte, argilosas e montanhosas. Em mattas, pequena parte; em capoeiras, grande parte. Preços - Um hectare de terra bóa custa 83$000, approxi-madamente.","Preços - Um hectare de terra bóa custa 83$000, approxi-madamente.",83000,83000,hectare,0
SP,Avaré,"Trabalhador rural ganha 18500 a 28000 por dia; administrador de fazenda, 2008000 mensais; escrivão de fazenda, 508000; carpinteiro, 48000 a 68000 por dia; cozinheiro, 308000 a 508000 mensais; lavadeira, por peça ou por duzia de peças de roupa. Os salários são pagos e os contratos cumpridos.",Trabalhador rural ganha 18500 a 28000 por dia,1500,2000,daily,"carpinteiro, 48000 a 68000 por dia",4000,6000,daily,"Taxa, geralmente, de 12 a 18"".",12,18,annual,"As terras podem ser, mais ou menos, assim divididas: bóas, um terço; regulares, um terço e inferiores, um terço. São geralmente misturadas e planas. Não há preço estabelecido, variando de 100$000 a 150$000 para as terras bóas. As terras baixas de 60$000 a 80$000 o hectare; os campos de 30$000 a 40$000 o hectare.",,,,,
SP,Araras,"Um trabalhador rural ganha 60.000 mensaes; colono, 60.000 a 70.000 annuaes, pelo trato de mil pés de cafeiros, e 2.000 diários, quando em serviço exclusivo do patrão; um administrador de fazenda, 1.500.000 a 12.000.000 annuaes; um escrivão de fazenda, 1.000.000 a 2.500.000 annuaes; um carpinteiro, 4.500 diários; um cozinheiro, 20.000 a 30.000 mensaes; as lavadeiras cobram 500 réis por duzia de peças de roupa lavada. Os salários são pagos e os contractos cumpridos.",Um trabalhador rural ganha 60.000 mensaes,2000,,,"um carpinteiro, 4.500 diários",4500,,daily,"A taxa é de 12% ao anno, capitalisados semestralmente.",12,12,annual,"As terras podem ser, mais ou menos, assim divididas: bôas, metade; regulares e inferiores, quase em partes eguais. Geralmente planas. Pouca matta. Preços - Um alqueire de terra bôa custa 300.000 a 500.000, approximadamente.","Preços - Um alqueire de terra bôa custa 300.000 a 500.000, approximadamente.",300000,500000,alqueire,1
SP,Bananal,Um trabalhador rural ganha 1$000 diarios com comida ou 1$500 a secco; administrador de fazenda 1:200$000 a 2:000$000 annuaes; escrivães de fazenda não ha; carpinteiro 5$000 diarios; cozinheira 15$000 mensais; a lavagem de roupa é feita pelas próprias cozinheiras. Os salarios são pagos e os contractos cumpridos., administrador de fazenda 1:200$000 a 2:000$000 annuaes,1000,1500,,carpinteiro 5$000 diarios,5000,,daily,Taxa de 12 “J” annuães.,12,12,annual,"Qualidades - As terras podem ser, mais ou menos, assim divididas; bôas, na maior parte; as regularaes são mais do que as inferiores. Argilosas, quasi todas. Em mattas, a maior parte. ” Preços — Um hectare de terra bôa custa 82$000, mais ou menos, sendo em matta virgem 165$000 approximadamente.","Preços — Um hectare de terra bôa custa 82$000, mais ou menos, sendo em matta virgem 165$000 approximadamente.",82000,165000,hectare,0
SP,Bebedouro,"Um camarada ou trabalhador rural ganha 2$000 a 3$000 diarios; os colonos ganham de 100$000 a 150$000 annuaes, pelo trato de cada mil pés de café e 18$000 por cada capina de mil pés de café; um administrador de fazenda ganha 2.000$000 annuaes; um escrivão de fazenda 1.000$000 annuaes; um carpinteiro 7$000 diarios; um cozinheiro 60$000 mensas; uma lavadeira 30$000 mensas. Os salarios são pagos e os contractos cumpridos.",Um camarada ou trabalhador rural ganha 2$000 a 3$000 diarios,2000,3000,daily,um carpinteiro 7$000 diarios,7000,,daily,A taxa é de 12 % ao anno.,12,12,annual,"Qualidades - As terras podem ser mais ou menos assim divididas: bôas, metade; regulares, mais que as inferiores. Planas, na maior parte, bem como na maior parte arenosas. Mattas, bôa parte. Preços - Um hectare de terra bôa custa 70$000, aproximadamente.","Preços - Um hectare de terra bôa custa 70$000, aproximadamente.",70000,70000,hectare,0
SP,Botucatú,"Um trabalhador rural ganha 28500 diarios; um administrador de fazenda, 2:5008000 annuaes; um escrivão de fazenda, 8008000 annuaes; um carpinteiro de 58000 a 68000 diarios; um cozinheiro, 258000 a 3080000 mensões; uma lavadeira para lavar e engomar, 5080000 mensões. Os salarios são pagos e os contractos cumpridos.",Um trabalhador rural ganha 28500 diarios,2500,,daily,um carpinteiro de 58000 a 68000 diarios,5000,6000,daily,De 12 c° a 20 c° ao anno.,12,20,annual,"Podem ser, mais ou menos, assim divididas; as boas mais que as regulares; as inferiores, na maior parte. Preços — Um hectare de terras boas custa mais ou menos 1208000.",Preços — Um hectare de terras boas custa mais ou menos 1208000.,120000,120000,hectare,0
SP,Brotas,"Trabalhador rural, 2$200 e mais diarios; colonos, 100$000 annuaes para tratar de mil pés de café; administrador de fazenda, 3:000$000 annuaes; escrivão de fazenda, 1:000$000 annuaes, carpinteiros, 4$000 diarios; cozinheiro, 40$000 mensaes; lavadeiras, 500 réis por duzia de roupa lavada. Os salarios são pagos e os contractos cumpridos.","Trabalhador rural, 2$200 e mais diarios",2200,,daily,"escrivão de fazenda, 1:000$000 annuaes, carpinteiros, 4$000 diarios",4000,1000000,daily,,,,,"Qualidades - As terras podem ser, mais ou menos, assim divididas: bôas, pequena parte; regulares, mais do que as bôas; inferiores, na maior parte. Geralmente misturadas. Ponca matta, muita capoeira. "" Preços — Um hectare de terra bôa, custa 70$000, approximadamente.","Preços — Um hectare de terra bôa, custa 70$000, approximadamente.",70000,70000,hectare,0
SP,Bom Successo,"Um trabalhador rural ganha 18000 a 28500 diários; um administrador de fazenda 1508000 mensões; um escrivão de fazenda, 708000 a 1008000 mensões; um carpinteiro, 58000 diários; uma cozinheira, 308000 mensões; uma lavadeira, 158000 mensões. Os salários são pagos e os contractos cumpridos.",Um trabalhador rural ganha 18000 a 28500 diários,1000,2500,daily,"um carpinteiro, 58000 diários",5000,,daily,A taxa é de 12 a 18 *l* annuaes.,12,18,annual,"Qualidades - As terras podem ser, mais ou menos assim divididas: bôas, a maior parte: regulares, menos; inferiores, menos que as regulares. Aarenosas e misturadas, na maior parte. Geralmente planas. Em mattas, boa parte; em capeeiras, a maior parte. Preços - Terras bôas, altas, custam de 808000 a 1008000 o hectare; baixas, de 508000 a 708000 e campos, 308000 a 408000. As terras altas, têm importância para a cultura do café, que, não se desenvolve nas terras baixas, onde cahem as geadas, todos os annos, matando os cafeiros, queimando-os pelo frio.","Preços - Terras bôas, altas, custam de 808000 a 1008000 o hectare; baixas, de 508000 a 708000 e campos, 308000 a 408000. As terras altas, têm importância para a cultura do café, que, não se desenvolve nas terras baixas, onde cahem as geadas, todos os annos, matando os cafeiros, queimando-os pelo frio.",30000,100000,hectare,0
SP,Batataes,"Um trabalhador rural ganha 35000 diários; um administrador de fazenda, de 1005000 a 3005000 mensais; um escrivão de fazenda, de 805000 a 1505000 mensais; um carpinteiro, 65000 diários; um cozinheiro, 305000 mensais; uma lavadeira, 305000 mensais. Os salários são pagos e os contratos cumpridos.",Um trabalhador rural ganha 35000 diários,3500,,daily,"um carpinteiro, 65000 diários",65000,,daily,Taxa de 12 ªºs annuaes.,12,12,annual,"Qualidades - As terras podem ser, mais ou menos assim divididas: bóas e regulares, em partes eguais; inferiores, na maior parte; em mattas, grande parte; montanhosas e planas quase egualmente. Preços — Um hectare de terra boa custa de 2005000 a 2505000.",Preços — Um hectare de terra boa custa de 2005000 a 2505000.,200000,250000,hectare,0
SP,Barretos,O trabalhador rural ganha 28000 diários e mais; os colonos ganham 208000 pela capina de 1.000 cafeeiros; um administrador de fazenda 1.500.000 annuães; um escrivão de fazenda 800.000 annuães; um carpinteiro 68000 diários; uma cozinheira 608000 mensais; uma lavadeira 308000 mensais. Os salários são pagos e contratos cumpridos., os colonos ganham 208000 pela capina de 1.000 cafeeiros,2000,,,um carpinteiro 68000 diários,6000,,daily,A taxa usual é de 12 % ao ano.,12,12,annual,"Qualidades - As terras podem ser mais ou menos assim divididas; boas, na maior parte; regulares, muito mais que as inferiores. Geralmente arenosas e planas. Em matas boa parte: em campos e pastos, a maior parte. Preços - O hectare de terra boa custa 408000 e mais.",Preços - O hectare de terra boa custa 408000 e mais.,40000,40000,hectare,0
SP,Bragança,"Trabalhador rural, 1$500 por dia a secco, e 1$000 com comida; um administrador de fazenda, 100$000 e mais por mez; não há escrivães; carpinteiros, 4$000 e 5$000 por dia; cozinheiro, 20$000 e 30$000 por mez; lavadeira, 15$000 por mez. Os salários são pagos e os contratos cumpridos.","Trabalhador rural, 1$500 por dia a secco, e 1$000 com comida",1000,1500,daily,"carpinteiros, 4$000 e 5$000 por dia",4000,5000,daily,"Taxa de 18 *!"" ao anno.",18,18,annual,"Qualidades - As terras podem ser divididas mais ou menos assim: boas, a maior parte; as regulares são mais que as inferiores. Geralmente argilosas e montanhosas. Pouca matta. - Preços — Um hectare de terra boa custa, na média, 300$000, mais ou menos.","Preços — Um hectare de terra boa custa, na média, 300$000, mais ou menos.",300000,300000,hectare,0
SP,Bôa Esperança,"Um trabalhador rural ganha 2$500 a 2$800 diarios; um administrador de fazenda, 1:500$000 a 4:000$0000 annuaes; um escrivão de fazenda, 1$200 annuaes; um carpinteiro, 5$000 diarios; um cozinheiro, 60$000 e cozinheira, 30$000 mensões; uma lavadeira, 25$000 mensões. Os salários são pagos e os contractos cumpridos.",Um trabalhador rural ganha 2$500 a 2$800 diarios,2500,2800,daily,"um carpinteiro, 5$000 diarios",5000,,daily,De 8 *1* a 12 *1* ao anno.,1,8,annual,"Qualidades - Mais ou menos, são assim: as bóas, mais que as regulares; as regulares, menos que as inferiores; as inferiores, eguães às bóas; são egualmente quase argilhosas e arenosas, e na maior parte, planas. Poucas mattas; cerrados, 15 por cento talvez; campos e cultura, 35 por cento, mais ou menos. Preços - Um hectare de terra boa custa, mais ou menos, 200$000, sendo este preço estabelecido no acto da compra.","Preços - Um hectare de terra boa custa, mais ou menos, 200$000, sendo este preço estabelecido no acto da compra.",200000,200000,hectare,0
SP,Buquira,"Um trabalhador rural ganha 1$000 diarios com alimentação ou 1$500 sem alimentação; um administrador de fazenda, 60$000 mensões; escrivães de fazenda não ha; um carpinteiro 5$000 diarios; um cosinheiro 15$000 mensões; uma lavadeira 10$000 mensões. Os salarios são pagos e os contractos cumpridos. bôas, menos que as regulares; regulares, e guaes às inferiores. No geral, argilosas e montanhosas. Alguma matta. geral argilosas e montanhosas. Alguma matta. "" Preços — O custo de transporte ao mercado local é de oito réis por litro de cereal. Para a estação de embarque o transporte custa 20 réis por kilo de cereais ou outra mercadoria agrícola.",Um trabalhador rural ganha 1$000 diarios com alimentação ou 1$500 sem alimentação,1000,1500,daily,um carpinteiro 5$000 diarios,5000,,daily,A taxa é de 18 % ao anno.,18,18,annual,,,,,,
SP,Bocaina,"Um trabalhador rural ganha 1$000 diarios, com alimentação ou 1$500, sem alimentação; um administrador de fazenda, 100$000 mensais; não ha escrivães de fazenda; um carpinteiro, 4$000 diarios; uma cozinheira, 12$000 mensais; uma lavadeira, 10$000 mensais. Os salarios são pagos e os contratos cumpridos.","Um trabalhador rural ganha 1$000 diarios, com alimentação ou 1$500, sem alimentação",1000,1500,daily,"um carpinteiro, 4$000 diarios",4000,,daily,,,,,"Qualidades - As terras podem ser divididas, mais ou menos assim: bôas, a maior parte; regulares, muito mais que as inferiores. Argilhosas, bôa parte; misturadas, na maior parte. Geralmente planas, ou mais planas do que montanhosas. Muito pouca matta. Preços - Um hectare de terra bôa custa 62$000 approximadamente.",Preços - Um hectare de terra bôa custa 62$000 approximadamente.,62000,62000,hectare,0
SP,Bariry,"Um trabalhador rural ganha 35000 diários; sendo colonos 1005000 a 1505000 annuaes pelo trato de cada mil pés de café e 600 réis por alqueire de café colhido. Um administrador de fazenda, 2:0005000 a 5:0005000 annuaes; um escrivão, de 1:0005000 a 1:2005000 annuaes; um carpinteiro, 85000 diários; um cozinheiro, 605000 mensaes, cozinheira, 405000; uma lavadeira, cobra 800 réis por duzia de peças a lavar. Os salários são pagos e os contractos cumpridos.",Um trabalhador rural ganha 35000 diários,3500,,daily,"um carpinteiro, 85000 diários",85000,,daily,A taxa usual é de 12 *|* ao anno.,12,12,annual,"Qualidades - As terras podem ser, mais ou menos, assim divididas: bóas, muito mais que as inferiores; regulares, na maior parte. Planas, quase todas; arenosas, menos que argilosas; misturadas, na maior parte. Em mattas, boa parte. "" Preços — Um hectare de terra boa custa, approximadamente, 2005000 e muito mais.","Preços — Um hectare de terra boa custa, approximadamente, 2005000 e muito mais.",200000,200000,hectare,0
SP,Baurú,"Um trabalhador rural ganha 25000 diarios; um administrador de fazenda, 20050000 mensajes; um escrivão de fazenda, 100500000 mensões; um carpinteiro, 55000 a 65000 diarios; um cozinheiro ganha 505000 a 60500000 mensões; uma lavadeira, 355000 a 40500000 mensões. Os contratos são cumpridos e os salários são pagos.",Um trabalhador rural ganha 25000 diarios,2500,,daily,"um carpinteiro, 55000 a 65000 diarios",55000,65000,daily,18 *|* ao anno.,18,18,annual,"Qualidades - Em sua maioria as terras são de boa qualidade; planas, arenosas e argilosas. Possue grande quantidade de mattas, capoeiras e alguns campos. Preços — Um hectare de terra boa, alta, custa 1005000 a 1505000, baixa, 605000 a 805000.","Preços — Um hectare de terra boa, alta, custa 1005000 a 1505000, baixa, 605000 a 805000.",60000,150000,hectare,0
SP,Capivary,"Um trabalhador rural ganha 28000 diarios e mais; os colonos ganham 608000 por anno pelo trato de mil cafeeiros; um administrador de fazenda ganha 1:2008000 a 2:5008000 annuaes; um escrivão de fazenda 8080000 mensaes. Um carpinteiro 48500 diarios; cozinheiro 508000 e lavadeira 2080000 mensaes. "" Os salarios são pagos e os contractos cumpridos.",Um trabalhador rural ganha 28000 diarios e mais,2000,,daily,Um carpinteiro 48500 diarios,4500,,daily,A taxa é de 12% ao anno.,12,12,annual,"Qualidades - Podem ser, mais ou menos, assim divididas: bôas, a maior parte; regulares menor parte; inferiores, parte muito menor. A maior parte argillosas; em mattas bôa parte. Geralmente planas. "" Preços — Um hectare de terra bôa custa 2008000 e mais.",Preços — Um hectare de terra bôa custa 2008000 e mais.,200000,200000,hectare,0
SP,Cajurú,"Um trabalhador rural ganha 28000 diarios ou 308000 mensões; um administrador de fazenda, 3008000 mensões; um escrivão de fazenda, 1008000 mensões; um carpinteiro, 48000 diarios; um cozinheiro, 208000 mensões; uma lavadeira, 158000 mensões. Os salários são pagos e os contratos cumpridos.",Um trabalhador rural ganha 28000 diarios ou 308000 mensões,2000,,daily,"um carpinteiro, 48000 diarios",4000,,daily,A taxa é de 12% ao anno.,12,12,annual,"Qualidades - As terras podem ser mais ou menos assim divididas; bôas, pequena parte; regulares, mais do que as bôas; inferiores, a maior parte. No geral montanhosas. Pouca matta. Preços - Um hectare de terra bôa custa 758000, approximadamente.","Preços - Um hectare de terra bôa custa 758000, approximadamente.",75000,75000,hectare,0
SP,Capão Bonito,O trabalhador rural ganha 1$500 a 2$000 diarios; administradores e escrivães de fazenda não ha; um carpinteiro ganha 5$000 diarios; um cozinheiro 15$000 a 20$000 mensajes; as lavadeiras cobram 500 réis por duzia de peças. Os salarios são pagos e os contractos cumpridos., administradores e escrivães de fazenda não ha,1500,2000,,um carpinteiro ganha 5$000 diarios,5000,,daily,A taxa é de 18% annuaes.,18,18,annual,"Qualidades - Pódem ser, mais ou menos, assim divididas: bôas, a maior parte; regulares e inferiores, em partes quasi eguaes. Geralmente misturadas e planas. Pouca matta. Preços - Um hectare de terra boa custa 25$000, approximadamente.","Preços - Um hectare de terra boa custa 25$000, approximadamente.",25000,25000,hectare,0
SP,Campinas,"Camarada ganha 60$000 mensões; colono, 2$000 diarios ou 15$000 por mil cafeiros capinados; administrador de fazenda 3.000$000 a 6.000$000 annuões e muito mais; escrivão de fazenda, 1.200$000 annuões e mais; carpinteiro, 4$000 a 6$000 diarios; cosinheiro, de 30$000 a 60$000 mensões; lavadeira, 2$000 por duzia de roupa lavada. Os salarios são pagos e os contractos cumpridos.",-,2000,,,"carpinteiro, 4$000 a 6$000 diarios",4000,6000,daily,Taxa de 12 ª°ºs annuães.,12,12,annual,"Qualidades - O município, que abrange uma área de 57.730 alqueires, é composto quasi que totalmente de terras boas, existindo poucas regulares e inferiores. As terras são, ora misturadas (grande parte), ora argilosas ou arenosas. Em sua maioria são planas, sendo todavia, certa zona cafeira, mais ou menos accidentada. A parte accidentada da zona cafeira comprehende os bairros de Rocinha, Vallinhos, Cabras, Dr. Lacerda, Joaquim Egydio, Jaguary, Arraial dos Souzas, Tanquinho, Anhúmas e Carlos Gomes. Há terrenos pedregosos na parte accidentada; seccos, no alto dos espigões e pantanosos em alguns lugares baixos, próximo dos rios. O município possui ainda algumas matas virgens (uma 'quinta parte, talvez), capoeiras (uma sétima parte, talvez), e poucos campos e cerrados. Preços - O alqueire paulista (24.200 metros quadrados) de terra boa, custa 200$000 a 300$000, approximadamente, e às vezes muito mais.","Preços - O alqueire paulista (24.200 metros quadrados) de terra boa, custa 200$000 a 300$000, approximadamente, e às vezes muito mais.",200000,300000,alqueire;metro_quadrado,1
SP,Campos Novos de Paranapanema,"Um trabalhador rural ganha 28000 diarios, a secco; há somente um administrador de fazenda, na fazenda ""Indiana"", ganha 4008000 mensões; escrivão de fazenda 1008000 mensões; carpinteiro 58000 a 68000 diarios; cozinheiro 158000 a 208000 mensões; lavadeiras 500 réis a dúzia de roupa lavada. Os salários são pagos e os contratos cumpridos.","Um trabalhador rural ganha 28000 diarios, a secco",2000,,daily,carpinteiro 58000 a 68000 diarios,5000,6000,daily,Taxa de 2% ao mez.,2,2,monthly,"Qualidades - Podem ser, mais ou menos, assim divididas: bôas a maior parte; regulares menos que as inferiores. No geral; arenosas. Em matta e campos bôa parte. "" Preços — Um hectare de terra bôa custa 308000, approximadamente.","Preços — Um hectare de terra bôa custa 308000, approximadamente.",30000,30000,hectare,0
SP,Cunha,"Um trabalhador rural, seja colono ou camarada, ganha 1$000, com alimentação, ou 1$500, sem alimentação; administradores e escrivães de fazenda não ha; um carpinteiro, ganha 4$000 diários; um cozinheiro, 10$000 mensões; uma lavadeira, 8$000 mensões. Os salários são pagos e os contratos cumpridos.","Um trabalhador rural, seja colono ou camarada, ganha 1$000, com alimentação, ou 1$500, sem alimentação",1000,1500,,"um carpinteiro, ganha 4$000 diários",4000,,daily,Não ha emprestimos.,,,,"Qualidades - O município possui terras boas, regulares e inferiores; sendo em parte arenosas e argilosas e em parte misturadas. Os terrenos são, ora planos, ora montanhosos; uns seccos, outros humidos. A vegetação é representada por muitas matas virgens e capoeiras, por alguns cerrados, carrascaes e campos. Preços - Um hectare de terra boa custa 42$000, mais ou menos.","Preços - Um hectare de terra boa custa 42$000, mais ou menos.",42000,42000,hectare,0
SP,Cravinhos,"Um trabalhador rural ganha 38000 diários, sendo colono 808000 a 1008000 anuães, pelo trato de cada 1.000 pés de café, além de 18000 por cada 100 litros de café colhido; um administrador de fazenda ganha de 2008000 a 3008000 por mez e mais; um escrivão de 1208000 a 1508000 mensais; um carpinteiro 68000 a 88000 diários; um cozinheiro 308000 mensais. Os salários são pagos e os contractos cumpridos.","Um trabalhador rural ganha 38000 diários, sendo colono 808000 a 1008000 anuães, pelo trato de cada 1.000 pés de café, além de 18000 por cada 100 litros de café colhido",3000,,daily,um carpinteiro 68000 a 88000 diários,6000,8000,daily,A taxa é de 12%.,12,12,annual,"Qualidades - Podem ser, mais ou menos, assim divididas; bôas, a maior parte; regulares, poucas; inferiores, muito poucas. Em mattas, pouco, muito pouco. Geralmente argilhosas e mais planas que montanhosas. "" Preços — Um hectare de terra boa custa 2508000, approximamente.","Preços — Um hectare de terra boa custa 2508000, approximamente.",250000,250000,hectare,0
SP,Caçapava,"Um trabalhador rural, 18000 a 18500 diários; um administrador de fazenda, 1508000 mensais; escrivão de fazenda, não há. Um carpinteiro, 58000 diários; uma cozinheira, 158000 mensais; uma lavadeira, cobra 500 réis por duzia. Os salários são pagos e os contractos cumpridos.","Um trabalhador rural, 18000 a 18500 diários",1000,1500,daily,"Um carpinteiro, 58000 diários",5000,,daily,12*10 ao anno.,10,12,annual,"Qualidades - Pódem ser, mais ou menos, assim divididas: bôas, a maior parte; regulares, menos que as inferiores. Misturadas e planas na maior parte. Mattas, muito pouco. "" Preços — Um hectare de terra boa custa, approximadamente, 838000.","Preços — Um hectare de terra boa custa, approximadamente, 838000.",83000,83000,hectare,0
SP,Caconde,"Um trabalhador rural ganha 28500 diarios; administradores e escrivães de fazenda não há. Os proprietários mesmo dirigem suas culturas. Um carpinteiro 55000 diarios; um cozinheiro ou lavadeira, 155000 mensajes; os salários são pagos e os contractos cumpridos.",Um trabalhador rural ganha 28500 diarios,2500,,daily,Um carpinteiro 55000 diarios,55000,,daily,10 *|*º annuaes.,10,10,annual,"Qualidades - Pódem ser divididas, mais ou menos, assim: bôas, a maior parte; regulares e inferiores, talvez em partes eguães. Misturadas, a maior parte; em mattas, pouco. "" Preços — Um hectare de terra bôa custa, 80$000, mais ou menos.","Preços — Um hectare de terra bôa custa, 80$000, mais ou menos.",80000,80000,hectare,0
SP,Caraguatatuba,"O trabalhador rural ganha 1$000 diarios; um carpinteiro, 3$000 diarios; não ha administradores e escrivães de fazenda; um cozinheiro, 10$000 mensais; uma lavadeira, 3$000 mensais. Os salarios são pagos e os contratos cumpridos.",O trabalhador rural ganha 1$000 diarios,1000,,daily,"um carpinteiro, 3$000 diarios",3000,,daily,São muitos raros os emprestimos agrícolas.,,,,"Qualidades das terras - Podem ser, mais ou menos, assim divididas: boas a maior parte; regulares e inferiores, quase em partes eguais. Argilosas e montanhosas, na maior parte. Em mattas a maior porção. Preços - O hectare de terra boa custa 628000, approximadamente.","Preços - O hectare de terra boa custa 628000, approximadamente.",62000,62000,hectare,0
SP,Cotia,"Trabalhador rural, 1$500 a 2$500, por dia; administrador de fazenda, 150$000 mensais; não há escrivães de fazenda, sendo a escrita feita pelos administradores ou proprietários, pelos processos mais comuns; carpinteiro, 4$000 diários; cozinheiro, 25$000 por mês; lavadeira, 15$000 por mês. Os salários são pagos e os contratos cumpridos.","Trabalhador rural, 1$500 a 2$500, por dia",1500,2500,daily,"carpinteiro, 4$000 diários",4000,,daily,Taxa de 10 a 18% ao anno.,10,18,annual,"Qualidades - As terras podem ser, mais ou menos, assim divididas: bôas e regulares, em partes talvez eguais; inferiores, mais do que as bôas e regulares, isoladamente. Arenosas, argilosas e misturadas, quase na mesma proporção das bôas, regulares e inferiores. Montanhosas na maior parte. Em mattas, bôa parte, assim como em campos. Preços - Um hectare de terra bôa custa de 90$000 a 125$000, sendo o preço, no geral, feito no acto da compra.","Preços - Um hectare de terra bôa custa de 90$000 a 125$000, sendo o preço, no geral, feito no acto da compra.",90000,125000,hectare,0
SP,Itanhaem,"Um trabalhador rural ganha 1$500 diarios, com alimentação; não ha administradores e escrivães de fazenda; um carpinteiro ganha 5$000 diarios. Não ha cozinheiros e lavadeiras. Os salarios são pagos e os contratos cumpridos.","Um trabalhador rural ganha 1$500 diarios, com alimentação",1500,,daily,um carpinteiro ganha 5$000 diarios,5000,,daily,Não ha empréstimos agrícolas.,,,,"Qualidades - Podem ser mais ou menos assim divididas: boas, menos que as regulares; regulares, quase eguais as inferiores. Misturadas, na maior parte, e geralmente planas. Em mattas a maior porção. Preços - Não há venda. O maior proprietário é o Governo.",Preços - Não há venda. O maior proprietário é o Governo.,,,,
SP,Cruzeiro,"Trabalhador rural 18500 diários, a secco, e 18000 com comida; um administrador de fazenda, 1008000 mensões; não há escrivães de fazenda; carpinteiro, 48000 a 58000 diários; cozinheira, 158000 mensões; lavadeiras, 108000 mensões. Os salários são pagos e os contractos cumpridos.","Trabalhador rural 18500 diários, a secco, e 18000 com comida",1000,1500,daily,"carpinteiro, 48000 a 58000 diários",4000,5000,daily,Taxa de 12 ª ao anno.,12,12,annual,"Qualidades das terras - Podem ser mais ou menos assim divididas: bôas, uma bôa parte; regulares, mas do que as bôas; inferiores, quase eguaes as bôas. Geralmente argilosas e planas. Em mattas a maior parte. Preços — Um hectare de terra bôa custa, approximadamente, 838000.","Preços — Um hectare de terra bôa custa, approximadamente, 838000.",83000,83000,hectare,0
SP,Casa Branca,"O trabalhador rural ganha de 2$000 a 3$000 diários; um administrador de fazenda, 2:500$000 annuaes, e mais e menos; um escrivão de fazenda, 1:200$000 annuaes e mais e menos; um carpinteiro, 5$000 diários, um cozinheiro, 25$000 mensões; uma lavadeira, 20$000 mensões. Os salários são pagos e os contratos cumpridos.",O trabalhador rural ganha de 2$000 a 3$000 diários,2000,3000,daily,"um carpinteiro, 5$000 diários, um cozinheiro, 25$000 mensões",5000,25000,daily,A taxa empregada é de 12% ao anno.,12,12,annual,"Qualidades - As terras podem ser, mais ou menos, assim divididas; bôas e regulares, em partes mais ou menos eguães; inferiores a maior parte. Arenosas mais do que argilosa; mais planas do que montanhosas. Pouca matta; muito campo. Preços - Um hectare de terra, bôa custa 100$000, approximadamente.","Preços - Um hectare de terra, bôa custa 100$000, approximadamente.",100000,100000,hectare,0
SP,Conceição dos Guarulhos,"O trabalhador rural ganha 1$000 diários; administradores e escrivães de fazenda não há; um carpinteiro ganha 5$000 diários; uma cozinheira, 15$000 mensais; as lavadeiras cobram 500 réis por dúzia de peças lavadas. Os salários são pagos e os contratos cumpridos.",O trabalhador rural ganha 1$000 diários,1000,,daily,um carpinteiro ganha 5$000 diários,5000,,daily,A taxa é de 12% ao anno.,12,12,annual,"Qualidades - As terras do município podem ser mais ou menos assim divididas: bôas, a maior parte; regulares e inferiores, em quantidades quase eguaes. Misturadas quase todas. No geral montanhosas. Mattas, bôa parte. Preços - O hectare de terra bôa custa 83$000, approximadamente.","Preços - O hectare de terra bôa custa 83$000, approximadamente.",83000,83000,hectare,0
SP,Campo Largo de Sorocaba,"Um trabalhador rural ganha 28000 diários; administradores e escrivães de fazenda não há; um carpinteiro, 58000 diários; um cozinheiro, 208000 mensajes; as lavadeiras cobram 500 réis por dúzia de peças de roupa lavada. Os salários são pagos e os contratos cumpridos.",Um trabalhador rural ganha 28000 diários,2000,,daily,"um carpinteiro, 58000 diários",5000,,daily,A taxa é de 12 a 18 % ao ano.,12,18,annual,"Qualidades - As terras do município podem ser mais ou menos assim divididas: bôas, pequena parte; regulares, a maior parte; inferiores, mais do que as bôas. Geralmente misturadas; mais planas que montanhosas. Pouca matta. Preços - O hectare de terra bôa varia de 808000 a 1008000.",Preços - O hectare de terra bôa varia de 808000 a 1008000.,80000,100000,hectare,0
SP,Cananéá,"Um trabalhador rural ganha de 1$500 a 2$000 diários; administrador não ha; um carpinteiro, 4$000 por dia; uma cozinheira, 12$000 a 15$000, por mez, e uma lavadeira, 8$000 a 10$000 por mez.",Um trabalhador rural ganha de 1$500 a 2$000 diários,1500,2000,daily,"um carpinteiro, 4$000 por dia",4000,,daily,Não ha empréstimos.,,,,"Qualidades - Bôas, no geral. "" Preços — Um hectare de terra bôa custa de 2$000 a 5$000 mais ou menos.",Preços — Um hectare de terra bôa custa de 2$000 a 5$000 mais ou menos.,2000,5000,hectare,0
SP,Cabreuva,"Um trabalhador rural ganha 1$500 diários, com comida e 2$500 a secco; um administrador de fazenda, 100$000 a 200$000 mensais; um escrivão de fazenda, 40$000 mensais; um carpinteiro, 4$000 a 6$000 diários; uma cozinheira, 15$000 a 20$000 mensais; uma lavadeira, cobra 400 réis para lavar uma dúzia de roupa, sem sabão. Os salários são pagos e os contratos cumpridos.","Um trabalhador rural ganha 1$500 diários, com comida e 2$500 a secco",1500,2500,daily,"um carpinteiro, 4$000 a 6$000 diários",4000,6000,daily,A taxa é de 12% annuaes.,12,12,annual,"Qualidades - As terras podem ser mais ou menos assim divididas; bôas, na maior parte; regulares, poucas. Geralmente montanhosas. Mattas, bôa parte. Preços - Um hectare de terra bôa custa 83$000, approximadamente. **NOTA** Cultivam a uva em grande escala, fabricando vinho, cuja exportação se faz rapidamente e tem grande procura no mercado.","Preços - Um hectare de terra bôa custa 83$000, approximadamente. **NOTA** Cultivam a uva em grande escala, fabricando vinho, cuja exportação se faz rapidamente e tem grande procura no mercado.",83000,83000,hectare,0
SP,Belém de Descalvado,"Um trabalhador rural ganha 35000 diarios, a secco; um administrador de fazenda, 2005000 a 5005000 mensões; um escrivão de fazenda 1005000 mensões; um carpinteiro 55000 diarios; um cozinheiro 255000 mensões; uma lavadeira 205000. Os salarios são pagos e os contractos cumpridos.","Um trabalhador rural ganha 35000 diarios, a secco",3500,,daily,um carpinteiro 55000 diarios,55000,,daily,A taxa é de 12 % ao anno.,12,12,annual,"Qualidades - As terras do município podem ser, mais ou menos, assim divididas: bôas, grande parte; regulares, um pouco menos que as inferiores. Ora muito arenosas, ora argilosas; mais montanhosas do que planas. Alguma matta. ” Preço — Um hectare de terra bôa custa, mais ou menos, 805000, e em muitos casos muito mais ainda.","Preço — Um hectare de terra bôa custa, mais ou menos, 805000, e em muitos casos muito mais ainda.",80000,80000,hectare,0
SP,Dous Corregos,"Trabalhador rural, de 2$000 a 3$000 diários; colonos, 100$000 e 140$000 annuães, pelo trato de cada mil pés de café; administrador de fazenda, 2:000$000 a 4:000$000 annuães; escrivão, 1:500$000 annuães; carpinteiro, 4$000 a 6$000 diários; cozinheiro, 40$000 mensais; lavadeira, 15$000 a 25$000 mensais. Os salários são pagos e os contractos cumpridos.","Trabalhador rural, de 2$000 a 3$000 diários",2000,3000,daily,"carpinteiro, 4$000 a 6$000 diários",4000,6000,daily,"Taxa de 12 ""j"" ao anno.",12,12,annual,"Qualidades - As terras podem ser divididas, mais ou menos, assim: bôas, a quarta parte talvez; regulares, muito mais; inferiores, um pouco mais que as bôas. Geralmente argilosas e planas. Pouca matta. "" Preços — Um hectare de terra boa custa, mais ou menos, 90$000 e às vezes muito mais.","Preços — Um hectare de terra boa custa, mais ou menos, 90$000 e às vezes muito mais.",90000,90000,hectare,0
SP,Dourados,"Um trabalhador rural ganha de 2$500 a 3$000 diarios; um administrador de fazenda, 150$000 a 500$000 mensais; um escrivão, 100$000 a 120$000; carpinteiro, 5$000 a 6$000 diarios; uma cozinheira, 30$000, e um cozinheiro, 60$000 mensais; uma lavadeira, 10$000, mensalmente. Os salarios são pagos e os contratos cumpridos.",Um trabalhador rural ganha de 2$500 a 3$000 diarios,2500,3000,daily,"carpinteiro, 5$000 a 6$000 diarios",5000,6000,daily,12% ao anno.,12,12,annual,"Qualidades - As terras podem ser, mais ou menos assim divididas: bóas, quase eguaes às inferiores; regulares, muito menos. Geralmente arenosas e bem planas. Pouca matta. Preços — Um hectare de terra boa custa 200$000 a 250$000 e mais, sendo este preço feito no acto da compra. Escolas primárias estaduais: Femininas ... 1 — provida Masculina ... 1 não provida Mixta ... 1 "" "" Escolas municipais: Não ha. Grupo escolar ... 1 com oito classes Matrículas: 29 alumnos. Masculinos ... 0 Femininos ... 29 Frequência: Uma média de ... 22 alumnos DADOS CLIMATOLOGICOS | 1911 | Setembro a Março | Abril a Agosto | Janeiro a Dezembro | | --- | --- | --- | --- | | Temperatura média | 21,2 | 18,1 | 19,9 | | Média de chuvas... | 140,2 | 46,5 | 101,3 | | Média dos dias... | 9,8 | 4,2 | 7,5 |","Preços — Um hectare de terra boa custa 200$000 a 250$000 e mais, sendo este preço feito no acto da compra. Escolas primárias estaduais: Femininas ... 1 — provida Masculina ... 1 não provida Mixta ... 1 "" "" Escolas municipais: Não ha. Grupo escolar ... 1 com oito classes Matrículas: 29 alumnos. Masculinos ... 0 Femininos ... 29 Frequência: Uma média de ... 22 alumnos DADOS CLIMATOLOGICOS | 1911 | Setembro a Março | Abril a Agosto | Janeiro a Dezembro | | --- | --- | --- | --- | | Temperatura média | 21,2 | 18,1 | 19,9 | | Média de chuvas... | 140,2 | 46,5 | 101,3 | | Média dos dias... | 9,8 | 4,2 | 7,5 |",200000,250000,hectare,0
SP,Espírito Santo do Turvo,"Um trabalhador rural ganha 25000 diários, um administrador de fazenda 2.000.000 e escrivão 1.200.000 anuães; carpinteiro 5.000 diários, cozinheiro 35.000 mensais, as lavadeiras cobram 500 réis por dúzia de roupa lavada. Os salários são pagos e os contratos cumpridos.","Um trabalhador rural ganha 25000 diários, um administrador de fazenda 2.000.000 e escrivão 1.200.000 anuães",2000,2500,daily,"carpinteiro 5.000 diários, cozinheiro 35.000 mensais, as lavadeiras cobram 500 réis por dúzia de roupa lavada",5000,35000,daily,Dous por cento annuaes.,,,annual,"Qualidade - As terras são, approximadamente, assim divididas: bóas, metade; regulares, menos que as inferiores. Arenosas na maior parte. Mattas, algumas. "" Preços — Um hectare de terra boa custa 25.000, approximadamente; entretanto, há preços muito mais elevados.","Preços — Um hectare de terra boa custa 25.000, approximadamente; entretanto, há preços muito mais elevados.",2000,2000,hectare,0
SP,Espírito Santo do Pinhal,"Um trabalhador rural, 25000 diários; um cozinheiro, 1005000 mensões, para hoteis e 305000 para casas particulares; uma lava-deira, 305000 mensões; um carpinteiro, 65000 diários; um administrador de fazenda, 2005000 mensões, e escrivão, 1005000 mensões. Os salários são pagos e os contratos cumpridos.","Um trabalhador rural, 25000 diários",2500,,daily,"um carpinteiro, 65000 diários",65000,,daily,Taxa de 12% ao ano.,12,12,annual,"Qualidades - As terras podem ser, mais ou menos, assim divididas: bôas, metade; regulares, mais que as inferiores. Geralmente misturadas e egualmente planas e montanhosas. Pouca matta. Preços — Um hectare de terra bôa custa 755000, mais ou menos, e às vezes muito mais.","Preços — Um hectare de terra bôa custa 755000, mais ou menos, e às vezes muito mais.",75000,75000,hectare,0
SP,Faxina,"Cozinheiro 30$000 a 40$000 mensais; lavadeiras 500 réis por duzia de peças de roupa; carpinteiro, 3$000 a 6$000 diários; administradores e escrivães de fazenda não ha; trabalhador rural, colono ou camarada, 2$500 a 3$000. Os salários são pagos e os contratos cumpridos.","trabalhador rural, colono ou camarada, 2$500 a 3$000",2500,3000,,"carpinteiro, 3$000 a 6$000 diários",3000,6000,daily,Taxa de um a dois por cento ao mez.,1,2,monthly,"Qualidade - As terras podem ser, mais ou menos, assim divididas: bôas, metade talvez; regulares, mais que as inferiores. Geralmente misturadas e planas. Pouca matta. "" Preços — Um hectare de terra bôa custa 50$000, approximadamente, havendo, entretanto, preços muito mais elevados.","Preços — Um hectare de terra bôa custa 50$000, approximadamente, havendo, entretanto, preços muito mais elevados.",50000,50000,hectare,0
SP,Fartura,"Um trabalhador rural ganha de 1$500 a 2$000 por dia; um administrador de fazenda, de 150$000 a 200$000, por mez; um escrivão, 80$000 a 100$000, por mez; um carpinteiro, de 5$000 a 6$000 diários; um cozinheiro, 40$000 por mez; uma lavadeira, de 15$000 a 20$000 por mez. Os salários são pagos e os contratos cumpridos.",Um trabalhador rural ganha de 1$500 a 2$000 por dia,1500,2000,daily,"um carpinteiro, de 5$000 a 6$000 diários",5000,6000,daily,Taxa de 18 a 24% ao anno.,18,24,annual,"Qualidades - São no geral de excellente qualidade para as culturas, algum tanto montanhosas e muito argilosas. Ha ainda uma boa parte em mattas virgens. "" Preços — Um hectare de terra boa custa de 80$000 a 100$000; mais ou menos.",Preços — Um hectare de terra boa custa de 80$000 a 100$000; mais ou menos.,80000,100000,hectare,0
SP,Franca,"Um trabalhador rural ganha 2$000 diarios; um administrador de fazenda, 100$000 a 300$000 mensas; um escrivão de fazenda, 80$000 mensas; um carpinteiro, 5$000 diarios; uma cozinheira, 25$000 mensas; uma lavadeira, 20$000 mensas. Os salarios são pagos e os contractos cumpridos.",Um trabalhador rural ganha 2$000 diarios,2000,,daily,"um carpinteiro, 5$000 diarios",5000,,daily,A taxa é de 12% anuaes.,12,12,annual,"Qualidades - As terras podem ser, mais ou menos, assim divididas: bôas, pequena parte; regulares, bem mais; inferiores, a maior parte. Geralmente arenosas e montanhosas. Muito campo. "" Preços — Um hectare de terra bôa custa 165$000, approximadamente e às vezes muito mais.","Preços — Um hectare de terra bôa custa 165$000, approximadamente e às vezes muito mais.",165000,165000,hectare,0
SP,Guaratinguetá,"Um trabalhador rural ganha 1$500 diarios, a secco, ou 1$900 com comida; um administrador de fazenda, 2:000$000 annuaes; não ha escrivães de fazenda; um carpinteiro, 3$000 diarios; um cozinheiro, 25$000 mensaes; as lavadeiras cobram 500 réis por duzia de peças de roupa lavada, sem sabão. Os salarios são pagos e os contractos cumpridos.","Um trabalhador rural ganha 1$500 diarios, a secco, ou 1$900 com comida",1500,1900,daily,"um carpinteiro, 3$000 diarios",3000,,daily,A taxa é de 12 por cento ao ano.,12,12,annual,"Qualidades - As terras do município podem ser, mais ou menos, assim divididas: bôas, a maior parte; regulares, mais que as inferiores. Geralmente planas e argilosas. Mattas, bastante. "" Preços — Um hectare de terra bôa custa 82$000, mais ou menos e as vezes muito mais.","Preços — Um hectare de terra bôa custa 82$000, mais ou menos e as vezes muito mais.",82000,82000,hectare,0
SP,Guarehy,"O trabalhador rural ganha de 2$000 a 2$500 diários; um cozinheiro, 25$000 a 30$000 mensais; as lavadeiras, 500 réis por dúzia de peças de roupa; um carpinteiro, 5$000 a 6$000 diários; um administrador de fazenda, 100$000 a 150$000 mensais; um escrivão de fazenda, 100$000 mensais. Os salários são pagos e os contratos cumpridos.",O trabalhador rural ganha de 2$000 a 2$500 diários,2000,2500,daily,"um carpinteiro, 5$000 a 6$000 diários",5000,6000,daily,A taxa usual é de 18 a 24% ao anno.,18,24,annual,"Qualidades - As terras podem ser divididas mais ou menos assim: bôas e regulares, na maior parte; inferiores, menos. Mais argilosas que arenosas. Mais ou menos planas e montanhosas. Pouca matta. Preços — Um hectare de terra bôa custa de 80$000 a 100$000 e mais ainda.",Preços — Um hectare de terra bôa custa de 80$000 a 100$000 e mais ainda.,80000,100000,hectare,0
SP,Guararema,"Trabalhador rural 28000 a secco, diarios; administradores e escrivães de fazenda não ha; carpinteiro, 48000 diarios; cozinheiros não ha; lavadeiras 58000 mensajes. Os salários são pagos e os contratos cumpridos.","Trabalhador rural 28000 a secco, diarios",2000,,daily,"carpinteiro, 48000 diarios",4000,,daily,Não há taxa fixa.,,,,"Qualidades - As terras podem ser divididas, mais ou menos assim: bôas, uma bôa parte; regulares, a maior parte; inferiores, muito poucas. Geralmente argilhosas e montanhosas. Pouca matta. "" Preços — Um hectare de terra bôa custa 628000, approximadamente.","Preços — Um hectare de terra bôa custa 628000, approximadamente.",62000,62000,hectare,0
SP,Itaporanga,"O trabalhador rural ganha 28000 a 28500 diarios; um cozinheiro, 308000 mensões; as lavadeiras cobram 500 réis por duzia de roupa lavada; um carpinteiro ganha 58000 a 68000 diarios; não há administradores e escrivães de fazenda. Os salários são pagos e os contratos cumpridos.",O trabalhador rural ganha 28000 a 28500 diarios,2000,2500,daily,um carpinteiro ganha 58000 a 68000 diarios,5000,6000,daily,A taxa é de 18 a 24 por cento anuães.,18,24,annual,"Qualidades - As terras podem ser, mais ou menos, assim divididas: bôas, a maior parte; regulares e inferiores, em proporção mais ou menos eguães. Geralmente misturadas. Alguma matta. Preços — O hectare de terra bôa custa, approximadamente, 508000, e mais às vezes.","Preços — O hectare de terra bôa custa, approximadamente, 508000, e mais às vezes.",50000,50000,hectare,0
SP,Ituverava,O trabalhador rural ganha 25000 diarios; um cozinheiro 205000 mensas; uma lavadeira 155000 mensas; um carpinteiro 55000 diarios; um administrador de fazenda 1005000 mensas; um escrivão de fazenda 605000 mensas. Os salarios são pagos e os contratos cumpridos., um cozinheiro 205000 mensas,2000,,,um carpinteiro 55000 diarios,55000,,daily,A taxa é de 10 % ao anno.,10,10,annual,"Qualidades - As terras podem ser, mais ou menos, assim divididas: bôas, grande parte; regulares e inferiores, em partes quase eguaes. Geralmente misturadas e planas. Preços — O hectare de terra bôa custa 1505000, mais ou menos.","Preços — O hectare de terra bôa custa 1505000, mais ou menos.",150000,150000,hectare,0
SP,Ibitinga,"Um trabalhador rural ganha 25000 diários; Um administrador de fazenda, 2.000.000; um escrivão de fazenda, 100.000 mensais; um carpinteiro, 4.000 a 5.000 diários; uma cozinheira, 30.000; um cozinheiro, 50.000; uma lavadeira, 20.000 mensais. Os salários são pagos e os contratos cumpridos.",Um trabalhador rural ganha 25000 diários,2500,,daily,"um carpinteiro, 4.000 a 5.000 diários",4000,5000,daily,A taxa é de 12% ao anno.,12,12,annual,"Qualidades - As terras do município podem ser, mais ou menos, assim divididas: bôas e regulares, em proporção mais ou menos eguais; inferiores, mais do que as bôas, e regulares, isoladamente. Mais arenosas que argilosas e bem planas. Alguma matta. Preços — Um hectare de terra bôa custa 4.000 mais ou menos.",Preços — Um hectare de terra bôa custa 4.000 mais ou menos.,4000,4000,hectare,0
SP,Itú,"O trabalhador rural ganha 2$300 diarios; o colono 15$000, pela capina de 1.000 pés de café; 500 réis por alqueire de café colhido e 2$500 diarios, quando em trabalhos avulsos; um cozinheiro, 30$000 mensas; uma lavadeira ganha 500 réis por duzia; um carpinteiro, 5$000 diarios; um administrador de fazenda, 100$000 a 150$000 mensas e mais; um escrivão de fazenda, 80$000 mensas e mais. Os salarios são pagos e os contractos cumpridos.",O trabalhador rural ganha 2$300 diarios,2300,,daily,"um carpinteiro, 5$000 diarios",5000,,daily,A taxa é de 12% ao anno.,12,12,annual,"Qualidades - As terras podem ser divididas, mais ou menos assim: bôas, metade; regulares e inferiores, em partes talvez eguais. "" Preços — Um alqueire de terra bôa custa 400$000, mais ou menos.","Preços — Um alqueire de terra bôa custa 400$000, mais ou menos.",400000,400000,alqueire,1
SP,Itatiba,"Um trabalhador rural ganha 28000 a secco e 15500 com comida; um escrivão de fazenda é pago a razão de 1008000 mensajes, mais ou menos; um administrador de fazenda, de 1508000 a 2008000; um carpinteiro, 58000 por dia; um cozinheiro, de 208000 a 308000 por mez; uma lavadeira, de 108000 a 158000 por mez. Os salários são pagos e os contratos cumpridos.",Um trabalhador rural ganha 28000 a secco e 15500 com comida,1550,2000,,"um carpinteiro, 58000 por dia",5000,,daily,12 *j* ao anno.,12,12,annual,"Qualidades - Geralmente de boa qualidade, havendo ainda boa quantidade de mattas virgens e capoeirões. Preços — Um hectare de terra boa custa geralmente 1008000, mais ou menos.","Preços — Um hectare de terra boa custa geralmente 1008000, mais ou menos.",100000,100000,hectare,0
SP,Igarapava,"Um trabalhador rural ganha 28000 diarios; um cozinheiro, 208000 mensais; uma lavadeira, 158000 mensais; um carpinteiro, 58000 diarios; um administrador de fazenda, 808000 mensais. Os salarios são pagos e os contractos cumpridos.",Um trabalhador rural ganha 28000 diarios,2000,,daily,"um carpinteiro, 58000 diarios",5000,,daily,A taxa é de 10 por cento anuães.,10,10,annual,"Qualidades - As terras são, mais ou menos, assim divididas: bôas, metade; regulares e inferiores, quase na mesma proporção. Geralmente misturadas e montanhosas. Algumas mattas, principalmente nas margens do Rio Grande. "" Preços — Um hectáre de terra bôa custa 1508000, mais ou menos.","Preços — Um hectáre de terra bôa custa 1508000, mais ou menos.",150000,150000,hectare,0
SP,Igaratá,"Um trabalhador rural ganha 1$500 diários a secco ou 1$000 com comida; um administrador de fazenda ganha de conformidade com o tamanho e importância desta; não ha escrivães de fazenda; um carpinteiro ganha 2$500 diários; um cozinheiro, 15$000 mensajes; uma lavadeira, 5$000 mensajes. Os salários são pagos e os contratos cumpridos.",Um trabalhador rural ganha 1$500 diários a secco ou 1$000 com comida,1000,1500,daily,um carpinteiro ganha 2$500 diários,2500,,daily,Não ha taxa fixa.,,,,"Qualidades - As terras podem ser, mais ou menos, assim divididas: bóas, menos que as regulares, que são mais do que as inferiores. Mais argilosas que arenosas, e muito mais montanhosas do que planas. Matta, muito pouca. Preços — Um hectare de terra boa custa, approximadamente, 42$000.","Preços — Um hectare de terra boa custa, approximadamente, 42$000.",42000,42000,hectare,0
SP,Itapetininga,"Um trabalhador rural ganha 25000 a 35000 diarios; um cozinheiro, 305000 a 505000 mensões; uma lavadeira, 105000 a 155000 mensões; um carpinteiro, 1805000 a 2005000 mensões; um administrador de fazenda, 2005000 a 3005000 mensões; um escrivão de fazenda, 1505000 a 2005000 mensões. O salarios são pagos e os contractos cumpridos.",Um trabalhador rural ganha 25000 a 35000 diarios,2000,3000,daily,"um carpinteiro, 1805000 a 2005000 mensões",1050,2005000,,A taxa é de 18% ao anno.,18,18,annual,"Qualidades - As terras do município podem ser, approximadamente, assim divididas: bôas, menos que as regulares, e mais ou menos eguaes as inferiores. No geral, planas e misturadas. Poucas mattas. "" Preços — Um hectare de terra bôa custa 505000 a 1005000, approximadamente.","Preços — Um hectare de terra bôa custa 505000 a 1005000, approximadamente.",50000,100000,hectare,0
SP,Indaiatuba,"Um trabalhador rural ganha 28000 diários e mais; os colonos, 608000 a 908000 annuães, pelo trato de mil pés de café; um administrador de fazenda, 1:2008000 annuães; um escrivão de fazenda, 8008000 annuães; um cozinheiro, 4080000 mensões; uma lavadeira, 2080000 mensões. Os salários são pagos e os contratos cumpridos.",Um trabalhador rural ganha 28000 diários e mais,2000,,daily,,,,,A taxa é de 12% ao anno.,12,12,annual,"Qualidades - As terras do município podem ser mais ou menos, assim divididas: bôas, metade; regulares, muito menos; inferiores, bastante. Geralmente argilosas e planas. Muito pouca matta. Preços — Um hectare de terra bôa custa 1008000 e mais, approximadamente.","Preços — Um hectare de terra bôa custa 1008000 e mais, approximadamente.",100000,100000,hectare,0
SP,Itapira,"Um trabalhador rural ganha 28000 diários; os colonos, 158000 por cada carpa de mil pés de café e 500 réis por alqueire de café colhido; um administrador de fazenda, 1:2008000 a 5:0008000 annuaes; um escrivão de fazenda, 1:0008000 annuaes; um carpinteiro, 48000 a 58000 diários; um cozinheiro, 258000 a 308000 mensae; as lavadeiras cobram 500 réis por duzia de peças de roupa lavada. Os salários são pagos e os contractos cumpridos.",Um trabalhador rural ganha 28000 diários,2000,,daily,"um carpinteiro, 48000 a 58000 diários",4000,5000,daily,A taxa é de seis a 10 por cento ao anno.,10,10,annual,"Qualidades - As terras do município podem ser, mais ou menos, assim divididas: bôas, metade; regulares e inferiores, talvez em partes eguaes. Geralmente misturadas e planas. Muito pouca matta. "" Preços — Um alqueire de terra bôa custa 5008000, approximadamente.","Preços — Um alqueire de terra bôa custa 5008000, approximadamente.",500000,500000,alqueire,1
SP,Itaberá,"O trabalhador rural ganha 25000 a 25500 diarios; um cozinheiro, 258000 a 305000 mensões; as lavadeiras cobram 500 réis por duzia de peças de roupa lavada; um carpinteiro, 55000 a 65000 diarios; não há administradores nem escrivães de fazenda. Os salarios são pagos e os contractos cumpridos.",O trabalhador rural ganha 25000 a 25500 diarios,2500,2500,daily,"um carpinteiro, 55000 a 65000 diarios",55000,65000,daily,Um e meio a dous por cento ao mez.,,,monthly,"Qualidades - As terras podem ser, mais ou menos, assim divididas: bóas, poucas; regulares, a maior parte; inferiores, menos que as regulares. Geralmente misturadas e planas. Alguma matta. "" Preços — O hectare de terra boa custa 805000 a 1005000, approximadamente.","Preços — O hectare de terra boa custa 805000 a 1005000, approximadamente.",80000,100000,hectare,0
SP,Iguape,"Trabalhador rural, 28000 a 28500 por dia; administrador de fazenda, 808000 a 1008000 mensões; escrivães de fazenda, não ha; carpinteiro, 78000 e 88000 diarios; cozinheiro, 208000 a 408000 mensões; lavadeira, 108000 a 208000 mensões. Os salarios são pagos e os contratos cumpridos.","Trabalhador rural, 28000 a 28500 por dia",2000,2500,daily,"carpinteiro, 78000 e 88000 diarios",7000,8000,daily,Não há prestamistas.,,,,"Qualidades - As terras do valle do Ribeiro, de Jequiá para baixo, marginando o rio, são planas e nas proximidades de Iguape alagadiças, tendo mesmo alguns banhados, mas, para o centro, encontram-se pequenos morros, cobertos de mattas virgens. A margem dos rios é coberta de capoeiras e pastagens. No rio Una predominam também os alagadiços, porém, em menor extensão do rio, isto é, até encontrar os morros, que são mais altos e de terras de melhor qualidade. Os rios Pequeno, Peroupava e Itamirim, bastante povoados, correm entre grandes vargedos, hoje inundados devido ao capim angola e perys, que tomaram conta do leito desses rios, interrompendo os seus cursos. No rio Juquiá até o Escalvado encontram-se alguns alagadiços, porém no geral as margens são mais altas e ainda mais altas são as margens dos rios São Lourenço, Assunguy e São Lourencinho, pouco cultivadas, porém possuidoras das melhores terras da zona. Preços—Um hectare de terra boa custa de 258000 a 308000.",Preços—Um hectare de terra boa custa de 258000 a 308000.,25000,30000,hectare,0
SP,Itararé,"Trabalhador rural 28000 por dia; cozinheiro, 258000 a 308000 mensais; lavadeiras, 500 réis por duzia de roupa; carpinteiro, 58000 diários; administrador de fazenda e escrivão, não há. Os salários são pagos e os contratos cumpridos.",Trabalhador rural 28000 por dia,2000,,daily,"carpinteiro, 58000 diários",5000,,daily,De um a um e meio por cento.,1,1.5,monthly,"Qualidades - As terras podem ser, mais ou menos, assim divididas: bôas, metade; regulares, menos; inferiores, muito menos. Geralmente misturadas e planas. Pouca matta. "" Preços — Um hectare de terra bôa custa 508000, approximadamente.","Preços — Um hectare de terra bôa custa 508000, approximadamente.",50000,50000,hectare,0
SP,Itatinga,"Um trabalhador rural ganha 28500 diários; um administrador de fazenda ganha de 1508000 a 3008000 mensões; um escrivão de fazenda, 1008000 mensões; um carpinteiro, 48000 a 58000 diários; um cozinheiro, 308000 a 408000 mensões; uma lavadeira, 108000 mensões. Os salários são pagos e os contratos cumpridos.",Um trabalhador rural ganha 28500 diários,2500,,daily,"um carpinteiro, 48000 a 58000 diários",4000,5000,daily,Taxa de um a dois por cento mensais.,1,2,monthly,"Qualidades - As terras podem ser, mais ou menos, assim divididas: bôas e regulares, em partes eguães; inferiores, em pequena parte. Geralmente misturadas e planas. Alguma matta.",,,,,
SP,Itapecerica,"Um trabalhador rural ganha 2$500 diarios, sem alimentação; não ha administradores e escrivães de fazenda; um carpinteiro ganha 58000 diários; as lavadeiras cobram 320 réis por dúzia de peças; não há cozinheiros. Os salários são pagos e os contratos cumpridos.","Um trabalhador rural ganha 2$500 diarios, sem alimentação",2500,,daily,um carpinteiro ganha 58000 diários,5000,,daily,Não ha emprestimos agrícolas.,,,,"Qualidades - As terras podem ser divididas, mais ou menos, assim: boas, menos que as regulares, que são em grande parte, e quase equal às inferiores. Montanhosas no geral, muito misturadas pouca matta. Preços — Um hectare de terra boa custa 428000.",Preços — Um hectare de terra boa custa 428000.,42000,42000,hectare,0
SP,Jundiahy,"Trabalhador rural, 2$000 a secco e 1$500 com comida; administrador de fazenda, 200$000 por mez e mais; não ha escrivão de fazenda; carpinteiro, 5$000 por dia; cozinheiro, 25$000 por mez; lavadeira, 20$000. Os salarios são pagos e os contractos cumpridos.","Trabalhador rural, 2$000 a secco e 1$500 com comida",1500,2000,,"carpinteiro, 5$000 por dia",5000,,daily,Taxa de 12 por cento ao anno.,12,12,annual,"Qualidades - Podem ser, mais ou menos, assim divididas: bôas, regulares e inferiores, quase em partes eguães. Geralmente montanhosas e misturadas. Pouca matta. Preços — Um hectare de terra bôa custa 125$000, mais ou menos.","Preços — Um hectare de terra bôa custa 125$000, mais ou menos.",125000,125000,hectare,0
SP,Jambeiro,"Um trabalhador rural, 1$200 diários; administrador de fazenda, 100$000; escrivão de fazenda, não há. Um carpinteiro, 3$000 diários; uma cozinheira, 10$000 mensais; uma lavadeira cobra 500 réis por duzia de roupa lavada. Os salários são pagos e os contratos cumpridos.","Um trabalhador rural, 1$200 diários",1200,,daily,"Um carpinteiro, 3$000 diários",3000,,daily,Doze por cento ao anno.,12,12,annual,"Qualidades - As terras podem ser, mais ou menos, assim divididas: bóas, na maior parte; regulares, mais que as inferiores. Na maior parte argilhosas e mais montanhosas que planas. Alguma matta. Preços — Um hectare de terra boa, custa mais ou menos 83$000.","Preços — Um hectare de terra boa, custa mais ou menos 83$000.",83000,83000,hectare,0
SP,Jardinopolis,"Um trabalhador rural ganha 3$500 diarios; um administrador de fazenda, 3:000$000 annuaes; um escrivão de fazenda, 1:500$000 annuaes; um carpinteiro, 6$000 diarios; um cozinheiro, 30$000 mensões; uma lavadeira, 20$000 mensões. Os salarios são pagos e os contractos cumpridos. TERIAS — Qualidades — Podem ser divididas, mais ou menos, assim: bôas e regulares, quase em partes eguães; inferiores, poucas. Argilhosas, a maior parte. Bôas mattas ainda. Preços — Um hectare de terra bôa custa 150$000, approximadamente.",Um trabalhador rural ganha 3$500 diarios,3500,,daily,"um carpinteiro, 6$000 diarios",6000,,daily,A taxa é de 12 por cento ao ano.,12,12,annual,,,,,,
SP,Juquery,"O trabalhador rural ganha 15600 diarios; um administrador de fazenda, 1:2005000 annuães; não há escrivães de fazenda; um carpinteiro ganha 45000 diarios; um cozinheiro, 155000 mensões; as lavadeiras cobram 300 réis por dúzia de peças de roupa lavada. Os salários são pagos e os contratos cumpridos.",O trabalhador rural ganha 15600 diarios,1600,,daily,um carpinteiro ganha 45000 diarios,45000,,daily,A taxa é de 12% ao anno.,12,12,annual,"Qualidades - Podem ser, mais ou menos, assim divididas: bôas, mais que as regulares; inferiores, a maior parte. Pouca matta. Mais montanhosas do que planas. Preços — O hectare de terra bôa custa 825000, approximadamente.","Preços — O hectare de terra bôa custa 825000, approximadamente.",82000,82000,hectare,0
SP,Jacarehy,"Um trabalhador rural ganha 1$000 a 1$500 diarios; não há administradores e escrivães de fazenda; um carpinteiro ganha 3$000 diarios; um cozinheiro, 15$000 mensajes; as lavadeiras cobram 400 réis por duzia de peças lavadas. Os salários são pagos e os contractos cumpridos.",Um trabalhador rural ganha 1$000 a 1$500 diarios,1000,1500,daily,um carpinteiro ganha 3$000 diarios,3000,,daily,A taxa é de 10 a 12 por cento ao ano.,10,12,annual,"Qualidades - Podem ser divididas, mais ou menos, assim: bôas, mais que as regulares; regulares e inferiores, quase na mesma quantidade. Na maior parte misturadas e montanhosas. Alguma matta. Preços — As terras não têm preço fixo, sendo as de bôas qualidades vendidas, mais ou menos, de 60$000 a 70$000 o hectare. ## 1910 Dados Climatológicos — JACAREHY — (Altitude 565,00) | | Janeiro | Fevereiro | Março | Abril | Maio | Junho | Julho | Agosto | Setembro | Outubro | Novembro | Dezembro | | --- | --- | --- | --- | --- | --- | --- | --- | --- | --- | --- | --- | --- | | Temperatura média | 22,3 | 22,9 | 22,8 | 11,3 | 14,8 | 13,7 | 14,0 | 16,7 | 17,7 | 17,6 | 19,9 | 22,6 | | Quantidade média de chuva em millímetros | 174,0 | 187,0 | 117,0 | 58,0 | 157,7 | 35,0 | 15,0 | 0,0 | 77,0 | 104,1 | 92,0 | 65,1 | | Média dos dias de chuva | 17 | 20 | 12 | 6 | 6 | 5 | 0 | 0 | 8 | 7 | 7 | 10 | ## RESUMO ### TEMPERATURA MÉDIA | | QUANTIDADE MÉDIA DE CHUVA EM MILLIMETROS (PARA CADA MES) | MÉDIA DOS DIAS DE CHUVA (PARA CADA MES) | | --- | --- | --- | | Annual | 92,6 | Annual | | De Setembro a Março | 116,2 | De Setembro a Março | | De Abril a Agosto | 57,1 | De Abril a Agosto | ## 1911 Dados Climatológicos — JACAREHY — (Altitude 565,00) | | Janeiro | Fevereiro | Março | Abril | Maio | Junho | Julho | Agosto | Setembro | Outubro | Novembro | Dezembro | | --- | --- | --- | --- | --- | --- | --- | --- | --- | --- | --- | --- | --- | | Temperatura média | 23,2 | 22,6 | 20,3 | 20,3 | 17,1 | 13,4 | 13,5 | 14,8 | 17,5 | 18,2 | 22,2 | 22,5 | | Quantidade média de chuva em millímetros | 109,0 | 76,0 | 103,0 | 35,0 | 35,0 | 71,0 | 115,1 | 77,0 | 50,0 | 171,0 | 120,0 | 100,0 | | Média dos dias de chuva | 16 | 8 | 10 | 4 | 4 | 0 | 7 | 8 | 5 | 11 | 11 | 15 | ## RESUMO ### TEMPERATURA MÉDIA | | QUANTIDADE MÉDIA DE CHUVA EM MILLIMETRO (PARA CADA MES) | MÉDIA DOS DIAS DE CHUVA (PARA CADA MES) | | --- | --- | --- | | Annual | 96,0 | Annual | | De Setembro a Março | 117,0 | De Setembro a Março | | De Abril a Agosto | 56,6 | De Abril a Agosto |","Preços — As terras não têm preço fixo, sendo as de bôas qualidades vendidas, mais ou menos, de 60$000 a 70$000 o hectare.",60000,70000,hectare,0
SP,Jatahy,"Um trabalhador rural ganha 15500 diarios, a sécco, ou 15000, com comida; administradores e escrivães de fazenda não há; um carpinteiro ganha 35000 diarios; um cozinheiro 85000 mensajes; as lavadeiras ganham 500 réis por duzia de roupa lavada (sem sabão). Os salários são pagos e os contratos cumpridos.","Um trabalhador rural ganha 15500 diarios, a sécco, ou 15000, com comida",1500,1550,daily,um carpinteiro ganha 35000 diarios,35000,,daily,A taxa é de 12 % ao anno.,12,12,annual,"Qualidades - Podem ser, mais ou menos, assim divididas; bôas, pequena parte; regulares a maior parte; inferiores, mais do que as bôas. A maior parte argilosa. Geralmente montanhosas. Pouca matta. Preços — Um hectare de terra bôa custa 428000, approximadamente.","Preços — Um hectare de terra bôa custa 428000, approximadamente.",42000,42000,hectare,0
SP,Jaboticabal,"Um trabalhador rural ganha 2$500 e mais, diários, e 75$000 e mais, mensais. O colono, 100$000 a 150$000 annuais, por cada mil cafeiros; um carpinteiro, 4$000 a 6$000 e mais diários; um administrador de fazenda ganha, em média, de 2.000$000 a 6.000$000 annuais; um escrivão de fazenda, 120$000 mensais; um cozinheiro, 60$000 e cozinheira, 30$000 mensais; uma lavadeira, 30$000 mensais. Os salários são pagos e os contratos cumpridos.","Um trabalhador rural ganha 2$500 e mais, diários, e 75$000 e mais, mensais",2500,,daily,"um carpinteiro, 4$000 a 6$000 e mais diários",4000,6000,daily,A taxa é de 12 por cento ao anno.,12,12,annual,"Qualidades - As terras podem ser, mais ou menos, assim divididas: bôas, um terço; regulares, metade; inferiores, a menor parte. Argilosas, na maior parte e planas no geral. Alguma matta. Preços — Um hectare de terra bôa custa 80$000, approximadamente.","Preços — Um hectare de terra bôa custa 80$000, approximadamente.",80000,80000,hectare,0
SP,Jahú,"Um trabalhador rural ganha 35000 diarios; um colono, 1505000 pelo trato de 1.000 pés de café annuaes e 600 réis por alqueire de café colhido. Administrador de fazenda, 3.0005000 a 6.0005000 annuaes; um escrivão, 1.0005000 a 1.5005000; carpinteiro, 85000 diarios. Um cozinheiro, 605000 mensaes e cozinheira, 405000. As lavadeiras cobram 15000, por duzia de roupa lavada. Os salarios são pagos e os contractos cumpridos.",Um trabalhador rural ganha 35000 diarios,3500,,daily,"carpinteiro, 85000 diarios",85000,,daily,De 12 ejo ao anno.,12,12,annual,"Qualidades - Podem ser, mais ou menos, assim divididas: bôas, a maior parte; regulares, poucas; inferiores muito poucas. Geralmente argilosas. Em mattas, bôa parte. Preços — Um hectare de terra bôa, custa, em média, mais ou menos, 3005000.","Preços — Um hectare de terra bôa, custa, em média, mais ou menos, 3005000.",300000,300000,hectare,0
SP,Limeira,"Um trabalhador rural ganha 60$000 mensais e mais; o colono, 15$000 por capina de 1.000 cafeiros e 500 réis por alqueire de café colhido e 2$000 diários quando em outro serviço; um administrador de fazenda, 1.500$000 annuais e mais; um escrivão de fazenda, 1.000$000 annuais e mais; um carpinteiro, 4$000 a 5$000 diários; uma cozinheira, 20$000 a 30$000 mensais; as lavadeiras cobram 500 réis por duzia de roupa lavada. Os salários são pagos e os contratos cumpridos.",Um trabalhador rural ganha 60$000 mensais e mais,2000,,,"um carpinteiro, 4$000 a 5$000 diários",4000,5000,daily,"A taxa é de 12 por cento ao ano, capitalizados semestralmente.",12,12,annual,"Qualidades - As terras podem ser divididas mais ou menos assim: bôas, a maior parte; regulares, mais que as inferiores, que poucas. Misturadas na maior parte. Mais montanhosas do que planas. Pouca matta. Preços — Um hectare de terra bôa custa 500$000 aproximadamente.",Preços — Um hectare de terra bôa custa 500$000 aproximadamente.,500000,500000,hectare,0
SP,Lenções,"Trabalhador rural ganha de 25500 a 35000 diários; administrador de fazenda, 1205000 a 4505000 mensais; escrivão de fazenda, 705000 a 805000 mensais; carpinteiros, 55000 a 65000 diários; cozinheira, 255000 a 305000 mensais; lavadeiras, 500 réis por duzia de roupa lavada. Os salários são pagos e os contratos cumpridos.",Trabalhador rural ganha de 25500 a 35000 diários,2500,3000,daily,"carpinteiros, 55000 a 65000 diários",55000,65000,daily,Taxa de 18 a 24 *|* annuaes.,18,24,annual,"Qualidades - Podem ser as terras divididas, mais ou menos assim: bôas e inferiores, em partes talvez eguais; regulares, menos do que qualquer das duas outras qualidades. Misturadas na maior parte. Mais planas do que montanhosas. Matta, muito pouco. Preços — Terras bôas, altas, de 1005000 a 1505000 o hectare; baixas, de 605000 a 805000, e campos de 305000 a 405000. Estes preços são mais ou menos.","Preços — Terras bôas, altas, de 1005000 a 1505000 o hectare; baixas, de 605000 a 805000, e campos de 305000 a 405000. Estes preços são mais ou menos.",30000,150000,hectare,0
SP,Lorena,"O trabalhador rural, ganha 1$000 diários com alimentação e 1$500 mensais; não há escrivães de fazenda; um cozinhheiro, ganha de 10$000 a 50$000 mensais; um carpinteiro, 5$000 diários; as lavadeiras cobram 500 réis por dúzia de roupa. Os salários são pagos e os contratos cumpridos.","O trabalhador rural, ganha 1$000 diários com alimentação e 1$500 mensais",1000,1500,daily,"um carpinteiro, 5$000 diários",5000,,daily,A taxa usual é de 12% ao anno.,12,12,annual,"Qualidades - Podem ser mais ou menos, assim divididas: bôas, mais do que as inferiores; regulares, a maior parte. Geralmente planas e misturadas. Pouca matta. - Preços — O hectare de terra bôa, varia de 62$000 a 83$000, approximadamente.","Preços — O hectare de terra bôa, varia de 62$000 a 83$000, approximadamente.",62000,83000,hectare,0
SP,Leme,"Um trabalhador rural ganha 28000 diários; um administrador de fazenda, 2008000 mensões; um escrivão de fazenda, 1008000 mensões; um carpinteiro, 58000 diários; um cozinheiro, 208000 mensões; uma lavadeira, 158000 mensões. Os salários são pagos e os contratos cumpridos.",Um trabalhador rural ganha 28000 diários,2000,,daily,"um carpinteiro, 58000 diários",5000,,daily,A taxa é de 12 *|* ao anno.,12,12,annual,"Qualidades - Podem ser mais ou menos, assim divididas: bôas, a maior parte; regulares, um pouco menos que as inferiores. Mais argilosas que arenosas; tanto planas como montanhosas; pouca matta. Preços — Um hectare de terra bôa custa 1008000 a 2008000, mais ou menos.","Preços — Um hectare de terra bôa custa 1008000 a 2008000, mais ou menos.",100000,200000,hectare,0
SP,Lagoinha,"Cozinheiro, 108000 mensues; lavadeira, de 58000 a 88000; carpinteiro, ganha 38000 a 48000 diarios; administrador de fazenda, não ha; trabalhador rural, coleno ou camarada, 18000 a 18200 a séco e 800 réis com alimentação. Os salarios são pagos e os contratos cumpridos.","trabalhador rural, coleno ou camarada, 18000 a 18200 a séco e 800 réis com alimentação",1000,1200,,"carpinteiro, ganha 38000 a 48000 diarios",3000,4000,daily,A taxa é de 10 a 12% ao ano.,10,12,annual,"Qualidades - As terras são mais ou menos assim divididas: bôas, mais do que as regulares e estas mais do que as inferiores. Quasi todas argilosas; mais montanhosas do que planas. Matta, muito pouca. "" Preços — Um hectare de terra boa custa 828000, approximadamente.","Preços — Um hectare de terra boa custa 828000, approximadamente.",82000,82000,hectare,0
SP,Mineiros,"Um trabalhador rural ganha de 2$200 a 2$800 por dia; um administrador de fazenda, de 1:000$000 a 4:000$000 por anno; um reservivo de 500$000 a 1:000$000; um carpinteiro, de 4$000 a 6$000 diários; um cozinheiro, de 20$000 a 50$000; uma lavadeira, de 15$000 a 20$000 mensais. Os salários são pagos e contratos cumpridos.",Um trabalhador rural ganha de 2$200 a 2$800 por dia,2200,2800,daily,"um carpinteiro, de 4$000 a 6$000 diários",4000,6000,daily,10 por cento ao anno.,10,10,annual,"Qualidades - As terras podem ser, mais ou menos, assim divididas: bôas, pequena parte; regulares, a maior parte; inferiores, talvez iguais às bôas. Geralmente arenosas e planas. Pouca matta. Preços — Muito variável, custando um hectare de terra bôa 200$000 e mais.","Preços — Muito variável, custando um hectare de terra bôa 200$000 e mais.",200000,200000,hectare,0
SP,Mogy das Cruzes,"Um trabalhador rural ganha 1$500 a secco e 1$000 a molhado; administradores e escrivães de fazenda não há; um carpinteiro 48500 diários; um cozinheiro 158000 mensajes; as lavadeiras cobram 400 réis por duzia de roupa lavada, sem sabão. Os salários são pagos e os contratos cumpridos.",Um trabalhador rural ganha 1$500 a secco e 1$000 a molhado,1000,1500,,um carpinteiro 48500 diários,4500,,daily,A taxa é de 8 a 9 % ao anno.,8,9,annual,"Qualidades - As terras podem ser, mais ou menos, assim divididas: boas, menos que as regulares; inferiores, menos do que as boas. Geralmente planas e misturadas. Alguma matta. Preços — Um hectare de terra boa custa 428000, approximadamente.","Preços — Um hectare de terra boa custa 428000, approximadamente.",42000,42000,hectare,0
SP,Mogy-Guassú,"Um trabalhador rural, seja colono ou camarada, ganha 25000 diários; um administrador de fazenda, 1:000$000 a 6:00$000 annuães; um escrivão de fazenda, 1:200$000 annuães; um carpinteiro, 5$000 diários; um cozinheiro, 20$000 a 30$000 mense; as lavadeiras cobram 500 réis por duzia de peças de roupa lavada. Os salários são pagos e os contratos cumpridos.","Um trabalhador rural, seja colono ou camarada, ganha 25000 diários",2500,,daily,"um carpinteiro, 5$000 diários",5000,,daily,A taxa é de 10% ao anno.,10,10,annual,"Qualidades - Podem ser mais ou menos, assim divididas: as boas e regulares são menos que as inferiores. Misturadas na maior parte. As terras são planas e em parte onduladas. Poucas são pedregosas e um terço talvez das terras do município é relativamente secco. As terras baixas são as cortadas pelo Mogy-Guassú. O município possui muito poucas matas virgens, muitas capoeiras, poucos cerrados e, talvez, uns dous terços, da sua área, em campos. Preços — Um hectare de terra boa custa 120$000, approximadamente.","Preços — Um hectare de terra boa custa 120$000, approximadamente.",120000,120000,hectare,0
SP,Monte-Mór,"Um trabalhador rural ganha 28000 diários, e mais; os colonos de 908000 a 1008000 annuães pelo trato de mil cafeiros; um administrador de fazenda, 1008000 a 1508000 mensões; um escrivão de fazenda, 608000 mensões; um carpinteiro, 48000 diários; um cozinheiro, 408000 mensões; uma lavadeira, 108000 mensões. Os salários são pagos e os contratos cumpridos.","Um trabalhador rural ganha 28000 diários, e mais",2000,,daily,"um carpinteiro, 48000 diários",4000,,daily,A taxa é de 12% anuais.,12,12,annual,"Qualidades - As terras podem ser, mais ou menos, assim divididas: bôas, a maior parte; regulares, mais ou menos eguães às inferiores. Mais argilosas do que arenosas. Pouca matta. Preços — Um hectare de terra boa custa, approximadamente, 708000.","Preços — Um hectare de terra boa custa, approximadamente, 708000.",70000,70000,hectare,0
SP,Mattão,"Trabalhador rural, 28500 e mais por dia; colonos, 1008000 e 1408000 por anno; administrador de fazenda de 1:0008000 até 3:0008000 annaes; escrivão de fazenda, 1:2008000 por anno; cozinheiro, 508000 mensajes; lavadeira, 288000 mensajes; carpinteiro, 78000 diários. Os salários são pagos e os contratos cumpridos.","Trabalhador rural, 28500 e mais por dia",2500,,daily,"carpinteiro, 78000 diários",7000,,daily,Taxa de 12 *|* ao anno.,12,12,annual,"Qualidades - As terras podem ser divididas, mais ou menos assim: bóas, a maior parte; regulares e inferiores em partes, talvez, eguaes. Argilhosas, na maior parte, e geralmente planas. Mattas, bastante. ” Preços — Um hectare de terra bóa custa 708000 e mais.",Preços — Um hectare de terra bóa custa 708000 e mais.,70000,70000,hectare,0
SP,Mogy-Mirim,"Um trabalhador rural ganha 28500 diários; os colonos, 1008000 annuaes, pelo trato de mil pés de café; um administrador de fazenda, ganha, em média, 3.0008000 annuaes; um escrivão de fazenda, 1.2008000 annuaes; um carpinteiro, 68000 diários. Um cozinheiro, 658000 mensões; uma lavadeira, 398000 mensões. Os salários são pagos e os contractos cumpridos.",Um trabalhador rural ganha 28500 diários,2500,,daily,"um carpinteiro, 68000 diários",6000,,daily,,,,,"Qualidades - As terras podem ser, mais ou menos, assim divididas: bôas, a maior parte; regulares, mais do que as inferiores. Na maior parte arenosas e planas. Mattas, bôa parte. Preços — Um hectare de terra bôa custa 308000 e mais.",Preços — Um hectare de terra bôa custa 308000 e mais.,30000,30000,hectare,0
SP,Monte Alto,Um trabalhador rural ganha 25000 diários; colonos 155000 por capina de 1.000 cafeeiros e 500 réis por alqueire de café colhido; um administrador de fazenda 1.200.000 a 3.000.000 annuaes; um escrivão de fazenda 1.000.000 annuaes. Um carpinteiro ganha 45000 a 55000 diários; um cozinheiro 255000 a 305000 mensais; as lavadeiras cobram 500 réis por duzia de roupa lavada. Os salários são pagos e os contractos cumpridos., colonos 155000 por capina de 1.000 cafeeiros e 500 réis por alqueire de café colhido,2000,,,Um carpinteiro ganha 45000 a 55000 diários,45000,55000,daily,Taxa de 12 *1/2 ao anno.,0.5,12,annual,"Qualidades - As terras podem ser, mais ou menos, assim divididas; bôas e regulares menos do que as inferiores. Ponca matta, muito campo. "" Preços — Um hectare de terra bôa custa 300.000, approximadamente.","Preços — Um hectare de terra bôa custa 300.000, approximadamente.",300000,300000,hectare,0
SP,Mocóca,"Um trabalhador rural ganha 35000 diários a secco; um cozinheiro 255000 mensões; uma lavadeira, 205000 mensões; um carpinteiro, 65000. Um administrador de fazenda, 2:0005000 a 4:0005000 annuães; um escrivão de fazenda, 1:2005000 annuães.",Um trabalhador rural ganha 35000 diários a secco,3500,,daily,"um carpinteiro, 65000",65000,,,A taxa é de 10% anmaes.,10,10,annual,"Qualidades - As terras podem ser divididas, mais ou menos, assim: bôas, metade; regulares e inferiores, talvez em partes eguães. Geralmente arenosas. Em mattas, bôa parte. "" Preços — Um hectare de terra bôa, custa, approximadamente, 100$000.","Preços — Um hectare de terra bôa, custa, approximadamente, 100$000.",100000,100000,hectare,0
SP,Natividade,Um trabalhador rural ganha 1$000 a 1$500 por dia. Não há escrivães nem administradores de fazenda; um carpinteiro ganha 4$000 diários; um cozinheiro 10$000 mensajes; uma lavadeira 5$000 mensajes. Os salários são pagos e os contratos cumpridos., um carpinteiro ganha 4$000 diários,1000,1500,,um carpinteiro ganha 4$000 diários,4000,,daily,Não há taxa fixa.,,,,"Qualidades - As terras podem ser divididas mais ou menos assim: boas, pequena parte; regulares, a maior parte; inferiores, mais que as boas. Argilosas, a maior parte. Montanhosas, quase todas. Mattas, bastante. "" Preços — Um hectare de terras boas custa mais ou menos 33$000.",Preços — Um hectare de terras boas custa mais ou menos 33$000.,33000,33000,hectare,0
SP,Nuporanga,"Trabalhador rural, 35000 diarios a secco; administrador de fazenda até 2:5005000 annuaes; escrivão de fazenda até 1:2005000 annuaes; carpinteiro 65000 diarios; cozinheiro 605000 mensões, sendo para hotel, e 305000 para casas particulares; lavadeira 255000 mensões. Os salarios são pagos e os contractos cumpridos.","Trabalhador rural, 35000 diarios a secco",3500,,daily,carpinteiro 65000 diarios,65000,,daily,Taxa de 12ª* ao anno.,,,annual,"As terras podem ser divididas mais ou menos assim: boas, mais que as regulares; inferiores, a maior parte. Mais arenosas que argilosas. Mattas, boa parte. Geralmente planas. Preços — O preço de hectare de terra boa varia, conforme a situação, entre 505000 e 2005000. As terras mais afastadas da estrada de ferro são mais baratas.","Preços — O preço de hectare de terra boa varia, conforme a situação, entre 505000 e 2005000. As terras mais afastadas da estrada de ferro são mais baratas.",50000,200000,hectare,0
SP,Nazareth,"Um trabalhador rural ganha 18500 diários, a secco; administradores e escrivães de fazenda não há; um carpinteiro 58000 diários; cozinheiro, não há; as lavadeiras cobram 500 réis por duzia de peças de roupa lavada (sem sabão). Os salários são pagos e os contratos cumpridos.","Um trabalhador rural ganha 18500 diários, a secco",1500,,daily,um carpinteiro 58000 diários,5000,,daily,A taxa é de 12' por cento annuães.,12,12,annual,"Qualidades - As terras podem ser divididas mais ou menos assim: boas, muito mais que as regulares; inferiores, talvez um pouco mais do que as boas. Predominam as argilosas. Geralmente montanhosas. Alguma matta. "" Preços — Um hectare de terra boa custa 358000, approximadamente.","Preços — Um hectare de terra boa custa 358000, approximadamente.",35000,35000,hectare,0
SP,Pindamonhangaba,"O trabalhador rural ganha 1$500 a sécco; um administrador de fazenda, 120$000 mensais; escrivães de fazenda, não há; um carpinteiro ganha 3$500 diários; um cozinheiro, 15$000 mensais; as lavadeiras cobram 500 réis a dúzia, sem sabão. Os salários são pagos e os contratos cumpridos.",O trabalhador rural ganha 1$500 a sécco,1500,,,um carpinteiro ganha 3$500 diários,3500,,daily,12*|* ao anno.,12,12,annual,"Qualidades - As terras podem ser, mais ou menos assim divididas: bóas, menos que as regulares, que são a maior parte: inferiores, eguães às boas. Na maior parte montanhosas e argilosas. Muito pouca matta e muito campo. Preços — Um hectare de terra boa custa 33$000, approximadamente.","Preços — Um hectare de terra boa custa 33$000, approximadamente.",33000,33000,hectare,0
SP,Porto Feliz,"Camaradas, 2500, colonos, 28000 diários; os colonos ganham 128000 por mil pés de café capinados e 500 réis por cada alqueire de café colhido; cozinheiro, 158000 mensais; as lavadeiras cobram 400 réis por duzia de roupa; carpinteiro, 58000 diários; não administradores nem escrivães de fazenda. Os salários são pagos e os contratos cumpridos.",-,2000,,,"carpinteiro, 58000 diários",5000,,daily,Taxa de 10 por cento ao ano.,10,10,annual,"Qualidades - São geralmente um pouco accidentadas, sem serem montanhosas, predominando as de qualidades boas e regulares; são, na maioria, silico-argilhosas. Há poucas terras pedregosas e secas. A vegetação é na maior parte de capoeiras e campos. São poucas as mattas virgens. Não há campos naturaes. Preços - Um alqueire de terra boa custa 2008000, mais ou menos.","Preços - Um alqueire de terra boa custa 2008000, mais ou menos.",200000,200000,alqueire,1
SP,Piracicaba,"O trabalhador rural ganha 28000 a 28500 diários e os colonos 708000 a 1008000 annuães, para tratar de cada 1.000 cafeiros; um cozinheiro, 608000 a 7080000 mensões; uma cozinheira, 208000 a 3080000 mensões; as lavadeiras cobram 48000 por duzia de peças para lavar e engomar ou 108000 a 1580000 mensões, para lavar roupa de uma pessoa só; um carpinteiro, 48000 a 680000 diários; um administrador de fazenda, 1008000 a 20080000 mensões e mais; um escrivão de fazenda, 508000 a 8080000 mensões e mais. Os salários são pagos e os contratos cumpridos.","O trabalhador rural ganha 28000 a 28500 diários e os colonos 708000 a 1008000 annuães, para tratar de cada 1.000 cafeiros",2000,2500,daily,"um carpinteiro, 48000 a 680000 diários",4000,6000,daily,"A taxa é de 10% a 12%, ao ano.",10,12,annual,"Qualidades - As terras podem ser, mais ou menos, assim divididas: bôas, na maior parte; regulares, poucas; inferiores propriamente ditas, quase não há. Geralmente argilosas; mais planas que montanhosas. Mattas, poucas. Preços — Nas imediações da cidade um alqueire de terra bôa custa 4008000, mas há muitas terras de 508000 o hectare.","Preços — Nas imediações da cidade um alqueire de terra bôa custa 4008000, mas há muitas terras de 508000 o hectare.",50000,400000,hectare;alqueire,1
SP,Parnahyba,"Um trabalhador ganha 1$500 a 3$000 diários; administradores e escrivães de fazenda não ha; um carpinteiro, 6$000; uma cozinheira, 20$000 mensais; as lavadeiras cobram 500 a 800 réis, por duzia de roupa lavada. Os salários são pagos e os contratos cumpridos.",-,1500,3000,,"um carpinteiro, 6$000",6000,,,A taxa é de 12 por cento anno.,12,12,annual,"Qualidades - As terras podem ser, mais ou menos, assim divididas; bôas, menos que as regulares, que são na maior parte; inferiores, tanto como as bôas. Argilosas e montanhosas, na maior parte. Pouca matta. "" Preços — Um hectare de terra bôa custa 62$000, approximadamente.","Preços — Um hectare de terra bôa custa 62$000, approximadamente.",62000,62000,hectare,0
SP,Piracaia,"Um trabalhador rural ganha 1$500 diários a secco ou 1$000 com alimentação; um administrador de fazenda, 200$000 mensais; escrivão de fazenda não há; um carpinteiro 5$000 diários; um cosinheiro 15$000 mensais; uma lavadeira 10$000 mensais. Os salários são pagos e os contratos cumpridos.",Um trabalhador rural ganha 1$500 diários a secco ou 1$000 com alimentação,1000,1500,daily,um carpinteiro 5$000 diários,5000,,daily,12 por cento anuães.,12,12,annual,"Qualidades - As terras podem ser, mais ou menos, assim divididas: bôas, a maior parte; regulares, poucas; inferiores, mais que as regulares. Montanhosas e argilosas na maioria. Mattas, bôa parte. Preços — Um hectare de terra bôa custa 82$000.",Preços — Um hectare de terra bôa custa 82$000.,82000,82000,hectare,0
SP,Parahybuna,"Um trabalhador rural ganha 1$000 a 1$500 diarios; administradores e escrivães de fazenda não há; um carpinteiro, ganha 4$000 diarios; uma cosinheira 10$000 mensais; as lavadeiras cobram 500 réis por duzia de peças de roupa lavada. Os salários são pagos e os contratos cumpridos.",Um trabalhador rural ganha 1$000 a 1$500 diarios,1000,1500,daily,"um carpinteiro, ganha 4$000 diarios",4000,,daily,A taxa é de 8 a 12 por cento ao anno.,8,12,annual,"Qualidades - As terras podem ser divididas mais ou menos assim: boas a maior parte; regulares e inferiores em partes iguais. Misturadas a maior parte. Montanhosas, quase todas. Mattas algumas. "" Preços — Um hectare de terra boa custa, mais ou menos, 42$000.","Preços — Um hectare de terra boa custa, mais ou menos, 42$000.",42000,42000,hectare,0
SP,Pilar,"O trabalhador rural ganha 2$000 diários; um cozinheiro, de 20$000 a 30$000 mensais; as lavadeiras ganham 500 réis por duzia de roupa lavada; um carpinteiro, 3$000 diários; não há administradores nem escrivães de fazenda. Os salários são pagos e os contratos cumpridos.",O trabalhador rural ganha 2$000 diários,2000,,daily,"um carpinteiro, 3$000 diários",3000,,daily,A taxa é de um e meio a dois por cento ao mez.,1.5,2,monthly,"Qualidades - As terras podem ser, mais ou menos, divididas assim: bôas e regulares, quase na mesma quantidade; inferiores, bôa parte. Mais misturadas que argilhosas ou arenosas. Mais montanhosas do que planas. Pouca matta. Preços — Um hectare de terra bôa custa 50$000, approximadamente.","Preços — Um hectare de terra bôa custa 50$000, approximadamente.",50000,50000,hectare,0
SP,Pitangueiras,"Um trabalhador rural ganha 25000 diarios e mais; os colonos ganham de 1005000 a 1505000 annuaes, ou 185000 por cada capina de mil pés de café; um administrador de fazenda 1.5005000 annuaes; um escrivão de fazenda, 9005000; um carpinteiro, 55000 diarios; um cozinheiro, 505000 mensões; uma lavadeira, 255000 mensões. Os salarios são pagos e os contractos cumpridos.",Um trabalhador rural ganha 25000 diarios e mais,2500,,daily,"um carpinteiro, 55000 diarios",55000,,daily,A taxa é de 12 por cento ao anno.,12,12,annual,"Qualidades - As terras podem ser, mais ou menos, assim divididas; bôas, metade; regulares, mais que as inferiores. Mais argilosas que arenosas. Mattas, bôa parte. "" Preços — Um hectare de terra bôa custa 405000 e mais.",Preços — Um hectare de terra bôa custa 405000 e mais.,40000,40000,hectare,0
SP,Pereiras,"O trabalhador rural ganha de 2$500 a 3$000 diarios; um cozinheiro, 25$000 mensais; as lavadeiras cobram 500 réis por duzia de peças; um carpinteiro de 5$000 a 6$000 diarios. Não há administradores nem escrivães nas fazendas. Os salarios são pagos e os contractos cumpridos.",O trabalhador rural ganha de 2$500 a 3$000 diarios,2500,3000,daily,um carpinteiro de 5$000 a 6$000 diarios,5000,6000,daily,12 a 18*| ao anno.,12,18,annual,"Qualidades - As terras podem ser, mais ou menos, assim divididas: bóas, metade; regulares, um pouco menos; inferiores, muito poucas. Mais argilosas que arenosas. Mais montanhosas do que planas. Pouca matta. "" Preços — O hectare de terra boa custa 62$000.",Preços — O hectare de terra boa custa 62$000.,62000,62000,hectare,0
SP,Pinheiros,"Um trabalhador rural ganha 1$500 diarios a secco; um administrador de fazenda, 100$000 mensões; escrivão de fazenda não ha; um carpinteiro ganha 4$000 diarios; um cozinheiro, 20$000 mensões; uma lavadeira, 20$000 mensões. Os salarios são pagos e os contractos cumpridos.",Um trabalhador rural ganha 1$500 diarios a secco,1500,,daily,um carpinteiro ganha 4$000 diarios,4000,,daily,A taxa é de 12% ao ano.,12,12,annual,"Qualidades - As terras podem ser divididas, mais ou menos, assim: bôas, pequena parte; regulares, quase o duplo das bôas; inferiores, eguães as regulares. Argilosas e montanhosas, na maior parte. Muito pouca matta. Preços — Um hectare de terra bôa custa 82$000, approximadamente.","Preços — Um hectare de terra bôa custa 82$000, approximadamente.",82000,82000,hectare,0
SP,Porto Ferreira,Um trabalhador rural ganha 3.5000 diários a secco; um administrador de fazenda 200.5000 a 300.5000 mensões; um escrivão de fazenda 100.5000 mensões; um carpinteiro 5.5000 diários; um cozinheiro 20.5000 mensões; uma lavadeira 15.5000 mensões. Os salários são pagos e os contratos cumpridos., um administrador de fazenda 200.5000 a 300.5000 mensões,3000,,,um carpinteiro 5.5000 diários,5500,,daily,A taxa é de 12 *|* annuaes.,12,12,annual,"Qualidades - As terras podem ser, mais ou menos, assim divididas: boas a maior parte; regulares menos que as boas; inferiores, mais que as regulares. Mais ou menos, arenosas, argilosas e misturadas, em proporções eguaes. Geralmente planas. Mattas, pequena parte. Preços — Um hectare de terra boa custa 100.5000, approximadamente.","Preços — Um hectare de terra boa custa 100.5000, approximadamente.",,,hectare,
SP,Piedade,"Trabalhador rural ganha 28000 diarios; cozinheira, 158000 a 208000 mensões; lavadeira, 500 réis por duzia de peças de roupa lavada; carpinteiro, 48000 a 58000 diarios; não há administradores e escrivães de fazenda. Os salários são pagos e os contratos cumpridos.",Trabalhador rural ganha 28000 diarios,2000,,daily,"carpinteiro, 48000 a 58000 diarios",4000,5000,daily,Taxa de 18 a 24 ejs anuaes.,18,24,annual,"Qualidades - As terras podem ser, mais ou menos, assim divididas: bóas, bóa parte; regulares, mais que as bóas; inferiores, eguães as bóas. A maior parte misturadas. Mais montanhosas do que planas. Muito pouca matta. Preços — O hectare de terra bóa custa, mais ou menos 508000.","Preços — O hectare de terra bóa custa, mais ou menos 508000.",50000,50000,hectare,0
SP,Patrocínio de Sapucahy,"Um trabalhador rural ganha 3.5000 diários a secco; um administrador de fazenda, 2.000.000 annuaes; um escrivão de fazenda, 800.000 annuaes; um carpinteiro, 5.000 diários; um cozinheiro, 25.000 a 40.000 mensães; uma lavadeira, 20.000 mensães. Os salários são pagos e os contractos cumpridos.",Um trabalhador rural ganha 3.5000 diários a secco,3500,,daily,"um carpinteiro, 5.000 diários",5000,,daily,A taxa é de 12% annuaes.,12,12,annual,"Qualidades - As terras podem ser divididas mais ou menos assim: bôas e regulares, em partes talvez eguães; inferiores, a maior parte. Mais montanhosas do que planas. Mattas, bastante. Preços—Um hectare de terra bôa custa de 80.000 a 100.000, approximadamente.","Preços—Um hectare de terra bôa custa de 80.000 a 100.000, approximadamente.",80000,100000,hectare,0
SP,Pirassununga,"Um trabalhador rural ganha 38000 diarios; administrador de fazenda, de 508000 a 1008000 mensões; carpinteiro, 48000 diarios; cozinheiro, 308000 mensões; uma lavadeira, 208000 mensões. Os salários são pagos e os contratos cumpridos.",Um trabalhador rural ganha 38000 diarios,3000,,daily,"carpinteiro, 48000 diarios",4000,,daily,Taxa de 12 ªJª ao anno.,12,12,annual,"Qualidades - As terras podem ser divididas, mais ou menos assim: bôas e regulares, talvez em partes eguães; inferiores, metade, mais ou menos. Mattas, algumas. "" Preços — Um hectare de terra bôa custa de 100$000 a 500$000.",Preços — Um hectare de terra bôa custa de 100$000 a 500$000.,100000,500000,hectare,0
SP,Pederneiras,"Um trabalhador rural, seja colono ou camarada, ganha 2$500 a 3$000 diários; um administrador de fazenda, 200$000 mensais; um escrivão de fazenda, 100$000 mensais; um carpinteiro, 5$000 diários; as lavadeiras cobram 800 réis por duzia de roupa; uma cozinheira ganha 15$000 a 20$000 mensais. Os salários são pagos e os contratos cumpridos.","Um trabalhador rural, seja colono ou camarada, ganha 2$500 a 3$000 diários",2500,3000,daily,"um carpinteiro, 5$000 diários",5000,,daily,A taxa é de 1 a 1 ½ a 1/2 a 1/2 a 1/2 a 1/2 a 1/2 a 1/2 a 1/2 a 1/2 a 1/2 a 1/2 a 1/2 a 1/2 a 1/2 a 1/2 a 1/2,1,1,monthly,"Qualidades - As terras podem ser divididas mais ou menos assim: bóas, a maior parte; regulares bem mais que as inferiores. Geralmente argilosas e misturadas. Mais planas que montanhosas. Mattas boa parte. Preços — Um hectare de terra boa custa 150$000 a 200$000.",Preços — Um hectare de terra boa custa 150$000 a 200$000.,150000,200000,hectare,0
SP,Pedreira,"O trabalhador rural ganha 25000 diários; um administrador de fazenda 1505000 a 2005000; um escrivão de fazenda 1005000 mensais; um carpinteiro, 55000 diários; um cozinheiro, 205000 mensais; as lavadeiras cobram 500 réis por dúzia de peças. Os salários são pagos e os contratos cumpridos.",O trabalhador rural ganha 25000 diários,2500,,daily,"um carpinteiro, 55000 diários",55000,,daily,A taxa é de 12 % ao anno.,12,12,annual,"Qualidades - No município predominam as terras boas. Poucas mattas, muitas capoeiras e alguns campos. Argilosas, em parte misturadas e montanhosas. "" Preços — O alqueire de terra boa custa 5005000 mais ou menos.",Preços — O alqueire de terra boa custa 5005000 mais ou menos.,500000,500000,alqueire,1
SP,Pirajú,"Um trabalhador rural ganha 1$500 a 2$000 por dia; um administrador de fazenda, 200$000 mensais mais ou menos; um escrivão, 100$000 mensais; um carpinteiro de 5$000 a 6$000 por dia; um cozinhheiro de 30$000 a 40$000 mensais; uma lavadeira de 20$000 a 30$000 mensais. Os salários são pagos e os contratos cumpridos.",Um trabalhador rural ganha 1$500 a 2$000 por dia,1500,2000,daily,um carpinteiro de 5$000 a 6$000 por dia,5000,6000,daily,De 12 a 18 % ao ano.,12,18,annual,"Qualidades - As terras podem ser divididas, mais ou menos assim: bôas, a maior parte; regulares e inferiores, em partes talvez eguais. Misturadas na maioria. Mais montanhosas do que planas. Alguma matta. "" Preços — Um hectare de terra bôa custa, mais ou menos, de 100$000 a 150$000.","Preços — Um hectare de terra bôa custa, mais ou menos, de 100$000 a 150$000.",100000,150000,hectare,0
SP,Pedras (hoje Itapolis),O trabalhador rural ganha 38000 diarios; um cozinheiro 508000 mensões; uma lavadeira 208000; um carpinteiro 78000 diarios; não ha administradores nem escrivães de fazenda. Os salarios são pagos e os contratos cumpridos., um cozinheiro 508000 mensões,3000,,,um carpinteiro 78000 diarios,7000,,daily,A taxa é de 12 ajs ao anno.,12,12,annual,"Qualidades - As terras podem ser, mais ou menos, assim divididas; boas, a maior parte; inferiores muito menos que as regulares. Mais arenosas que argilosas. Geralmente planas. Mattas, boa parte. "" Preços — Um hectare de terra boa custa 808000 e mais.",Preços — Um hectare de terra boa custa 808000 e mais.,80000,80000,hectare,0
SP,Queluz,"Um trabalhador rural ganha 800 réis diários, a secco; um administrador de fazenda, 80$000 a 100$000 mensões; não há escrivães de fazenda; um carpinteiro ganha 6$000 diários; um cozinheiro, 10$000 a 12$000 mensões; uma lavadeira de 8$000 a 10$000 mensões. Os salários são pagos e os contratos cumpridos.","Um trabalhador rural ganha 800 réis diários, a secco",800,,daily,um carpinteiro ganha 6$000 diários,6000,,daily,A taxa é de 18 por cento ao anno.,18,18,annual,"Qualidades - As terras podem ser, mais ou menos, assim divididas: bóas, a maior parte; regulares, menos que as inferiores. Mais ou menos egualmente argilosas e arenosas. Muito montanhosas. Pouca, muito pouca matta. "" Preços — Um hectare de terra boa custa, approximadamente, 100$000.","Preços — Um hectare de terra boa custa, approximadamente, 100$000.",100000,100000,hectare,0
SP,Rio Claro,"Um camarada ganha 2$000 por dia e mais; os colonos de 100$000 a 120$000 por anno para tratar de mil pés de café. Um carpinteiro ganha 6$000 diarios; um administrador de fazenda, em média, 1:500$000 annuaes; um escrivão de fazenda, 1:000$000 annuaes; cozinheiro, 60$000 mensões; uma cozinheira 25$000 mensões e uma lavadeira 20$000 por mez. Os salarios são pagos e os contractos cumpridos.",-,2000,,,Um carpinteiro ganha 6$000 diarios,6000,,daily,10 a 12 por cento ao anno.,10,12,annual,"Qualidades - As terras podem ser, mais ou menos, assim divididas: boas, um terço; regulares, menos de um terço; inferiores, mais de um terço. Mais arenosas que argilosas. Geralmente planas Mattas, muito poucas; muito campo. ” Preços — Um hectare de terra boa, 90$000, mais ou menos.","Preços — Um hectare de terra boa, 90$000, mais ou menos.",90000,90000,hectare,0
SP,Rio das Pedras,Um trabalhador rural ganha 25000 diários e mais; os colonos 605000 annuaes ou 125000 por capina de mil pés de café. Um administrador de fazenda 1:2005000 a 3:0005000 annuaes; um escrivão de fazenda 8005000 annuaes; um carpinteiro 45000 diários; um cozinheiro 405000 mensões; uma lavadeira 205000 mensões. Os salários são pagos e os contratos cumpridos., os colonos 605000 annuaes ou 125000 por capina de mil pés de café. Um administrador de fazenda 1:2005000 a 3:0005000 annuaes,2000,,,um carpinteiro 45000 diários,45000,,daily,A taxa é de 8 a 12 %'s annuães.,8,12,annual,"Qualidades - As terras podem ser mais ou menos assim divididas: boas e regulares, talvez em partes eguães; inferiores, boa parte. Argilosas, na maior parte. Planas quase todas. Mattas, alguma. "" Preços — Um hectare de terra boa custa 3005000 e mais aproximadamente.",Preços — Um hectare de terra boa custa 3005000 e mais aproximadamente.,300000,300000,hectare,0
SP,Redempção,"Um trabalhador rural ganha 800 réis a 1$200 diários; um administrador de fazenda, 1:500$000 annuães; um escrivão de fazenda, 1:000$000 annual; um carpinteiro, 5$000 diários; uma cozinheira, 10$000 mensais; uma lavadeira, 400 a 500 réis por dúzia de roupa lavada. Os salários são pagos e os contratos cumpridos.",Um trabalhador rural ganha 800 réis a 1$200 diários,800,1200,daily,"um carpinteiro, 5$000 diários",5000,,daily,12 por cento ao anno.,12,12,annual,"Qualidades - As terras podem ser divididas, mais ou menos assim: bôas, a maior parte; regulares, menor parte; inferiores, muito menos que as regulares. Montanhosas e argilosas na maioria, sobretudo montanhosas. Mattas, muito pouco. “ Preços — Um hectare de terra bôa custa, approximadamente, 83$000.","Preços — Um hectare de terra bôa custa, approximadamente, 83$000.",83000,83000,hectare,0
SP,Ribeira,Um trabalhador ganha 1$500 a 2$000 diários; administrador de fazenda não há; um carpinteiro 3$000 a 4$000 diários; um cozinheiro 15$000 a 20$000 e uma lavadeira 6$000 a 10$000 mensais., administrador de fazenda não há,1500,2000,,um carpinteiro 3$000 a 4$000 diários,3000,4000,daily,Não há empréstimos.,,,,"Qualidades - Boas, na maior parte. "" Preços — Um hectare de terra boa, custa mais ou menos, de 10$000 a 12$000.","Preços — Um hectare de terra boa, custa mais ou menos, de 10$000 a 12$000.",10000,12000,hectare,0
SP,Ribeirão Branco,"O trabalhador rural ganha 1$500 a 2$000 diarios; um cozinheiro, 15$000 mensajes; uma lavadeira, 500 réis por duzia; carpinteiro, 5$000 diarios; não há administradores nem escrivães de fazenda. Os salarios são pagos e os contratos cumpridos.",O trabalhador rural ganha 1$500 a 2$000 diarios,1500,2000,daily,"carpinteiro, 5$000 diarios",5000,,daily,Taxa de 1 ½ a 2 a ½ ao anno.,1,2,annual,"Qualidades - As terras podem ser, mais ou menos, assim divididas: bóas, menos que as regulares e estas menos que as inferiores. A maior parte misturadas e montanhosas. Mattas, poucas. "" Preço — O hectare de terra boa custa 50$000, approximadamente.","Preço — O hectare de terra boa custa 50$000, approximadamente.",50000,50000,hectare,0
SP,Rio Bonito,"Um trabalhador rural, seja colono ou camarada, ganha 2$500 diarios; um administrador de fazenda 200$000 mensais; um escrivão de fazenda 100$000 a 150$000 mensais; um carpinteiro 4$000 diarios; um cozinheiro 30$000 mensais; as lavadeiras cobram 500 réis por duzia de peças. Os salarios são pagos e os contractos cumpridos.","Um trabalhador rural, seja colono ou camarada, ganha 2$500 diarios",2500,,daily,um carpinteiro 4$000 diarios,4000,,daily,A taxa é de 1 a 12 % ao mez.,1,12,monthly,"Qualidades - As terras podem ser mais ou menos, assim divididas: boas, a maior parte; regulares, menos que as inferiores. Geralmente planas e arenosas. Pouca matta. A área approximada do município é de 387.200 hectares. "" Preços — Um hectare de terra boa custa 50$000.",Preços — Um hectare de terra boa custa 50$000.,50000,50000,hectare,0
SP,Ribeirão Preto,"Um trabalhador rural ganha 4$000 diarios, a secco; um colono, de 100$000 a 120$000 annuaes, pelo trato de 1.000 pés de café; um administrador de fazenda de 200$000 a 500$000 mensaees e mais; um escrivão de fazenda 150$000 mensaees; um carpinteiro de 6$000 a 8$000 diarios; um cozinheiro 30$000 mensaees; uma lavadeira 30$000 mensaees. Os salarios são pagos e os contractos cumpridos.","Um trabalhador rural ganha 4$000 diarios, a secco",4000,,daily,um carpinteiro de 6$000 a 8$000 diarios,6000,8000,daily,"A taxa, comummente é de 12 *|* ao anno; hoje, porém, é de menos.",12,12,annual,"Qualidades - As terras podem ser, mais ou menos assim divididas: boas, a maior parte; regulares, mais que as inferiores. Geralmente argillosas. Mais planas que montanhosas. Não ha mattas. Preços — Um hectare de terra boa custa approximadamente 600$000.",Preços — Um hectare de terra boa custa approximadamente 600$000.,600000,600000,hectare,0
SP,Ribeirão Bonito,"Um trabalhador rural ganha 2$500 a 2$800 por dia; um administrador de fazenda 1:500$000 a 4:000$000 por anno; um escrivão de fazenda 1:200$000 annuaes. Um carpinteiro 6$000 diarios; um cozinheiro 60$000 mensas, cozinheira 30$000 e uma lavadeira 25$000 por mez. Os salarios são pagos e os contractos cumpridos.",Um trabalhador rural ganha 2$500 a 2$800 por dia,2500,2800,daily,Um carpinteiro 6$000 diarios,6000,,daily,De 8 ª a 12 ª ao anno.,8,12,annual,"Qualidades - As terras podem ser mais ou menos assim divididas: boas, menos que as regulares; inferiores, a maior parte. Mais arenosas que argilosas. Geralmente planas. Mattas muito e muito poucas.",,,,,
SP,S. José do Barreiro,"Um trabalhador rural ganha 1$500 diarios, sem alimentação; um administrador de fazenda, 100$000 mensajes; não há escrivães de fazenda; um carpinteiro, 5$000 diarios; um cozinhheiro 10$000 mensajes. Os salários são pagos e os contratos cumpridos.","Um trabalhador rural ganha 1$500 diarios, sem alimentação",1500,,daily,"um carpinteiro, 5$000 diarios",5000,,daily,A taxa é de 12 ajo. ao anno.,12,12,annual,"Qualidades - Podem ser divididas, mais ou menos, assim: bôas, a maior parte; regulares e inferiores, quase em partes eguaes. Misturadas e montanhosas, no geral. Mattas, bôa parte. "" Preços — Um hectare de terra bôa custa 42$000, approximadamente.","Preços — Um hectare de terra bôa custa 42$000, approximadamente.",42000,42000,hectare,0
SP,S. Pedro,Trabalhador rural 28000 diarios e mais; colonos 708000 a 908000 por anno para tratar de 1.000 pés de café; administrador de fazenda 1:200$ a 2:000$ annuaes; um escrivão de fazenda 800$000 por anno; carpinteiro 48000 a 58000 por dia; cosinheiro 408000 mensaes; cosinheira de 158000 a 208000 mensaes; lavadeira 108000 a 208000 mensaes. Os salarios são pagos e os contractos cumpridos., colonos 708000 a 908000 por anno para tratar de 1.000 pés de café,2000,,,carpinteiro 48000 a 58000 por dia,4000,5000,daily,Taxa de 12 “|” anuães.,12,12,annual,"Qualidades - Podem ser mais ou menos assim divididas: bôas mais do que as regulares; inferiores, a maior parte. Geralmente planas e arenosas. Alguma matta. Preços — Um hectare de terra bôa custa, approximadamente, 100$000.","Preços — Um hectare de terra bôa custa, approximadamente, 100$000.",100000,100000,hectare,0
SP,S. Vicente,"Um trabalhador ganha 40$000 mensais, com comida; administrador e escrivães não há. Um carpinteiro, 7$000 diários. Um cozinheiro, 60$000 mensais; uma lavadeira, 40$000 mensais. Os salários são pagos e os contratos cumpridos.",-,1600,,,"Um carpinteiro, 7$000 diários",7000,,daily,Não há taxa estabelecida.,,,,"Qualidades - As terras podem ser, mais ou menos, assim divididas: boas, menos que as regulares; inferiores, a maior parte. Montanhosas e arenosas, na maior parte. Mattas, boa parte. "" Preços — Um hectare de terra boa não tem preço fixo, este é feito no acto da compra.","Preços — Um hectare de terra boa não tem preço fixo, este é feito no acto da compra.",,,hectare,
SP,Santa Barbara,"Cozinheiro, 20$000 mensais; lavadeira, 15$000 mensais; carpinteiros, 4$000 diários; administradores de fazenda, não ha; escrivão de fazenda, 100$000; trabalhador rural, colono ou camarada, 2$000 a 3$000 diários. Os salarios são pagos e os contractos cumpridos.","trabalhador rural, colono ou camarada, 2$000 a 3$000 diários",2000,3000,daily,"carpinteiros, 4$000 diários",4000,,daily,Taxa de 10 “|” ao anno.,10,10,annual,"Qualidades - As terras podem ser, mais ou menos, assim divididas; bôas, mais que as inferiores; regulares, a maior parte. Argilosas mais que as arenosas. Mattas, muito pouca. Preços — Um hectare de terras bôas custa, approximadamente, 200$000 e muito mais.","Preços — Um hectare de terras bôas custa, approximadamente, 200$000 e muito mais.",200000,200000,hectare,0
SP,S. José do Rio Pardo,"Um trabalhador rural ganha 3$000 diários, a secco; um administrador de fazenda, de 250$000 a 300$000 mensões; um escrivão de fazenda, 80$000 mensões; um capinteiro, 6$000 diários um cozinheiro, 30$000 mensões; uma lavadeira, 30$000 mensões; os salários são pagos e os contractos cumpridos.","Um trabalhador rural ganha 3$000 diários, a secco",3000,,daily,"um capinteiro, 6$000 diários um cozinheiro, 30$000 mensões",6000,30000,daily,12% ao anno.,12,12,annual,"Qualidades - Podem ser divididas, mais ou menos, assim: bôas, mais de metade; regulares, muito mais que as inferiores, que são poucas. Misturadas, na maior parte. Quasi todas montanhosas. Alguma matta. "" Preços — Um hectare de terra bôa, custa 125$000, mais ou menos.","Preços — Um hectare de terra bôa, custa 125$000, mais ou menos.",125000,125000,hectare,0
SP,S. Bernardo,"Um trabalhador rural ganha 2$500 a 3$500 diários. Não há administradores, nem escrivães de fazenda. Um carpinteiro ganha 5$500 diários; uma cozinheira 25$000 a 30$000 mensais; uma lavadeira cobra por dúzia de peças de roupa lavada, 500 réis. Os salários são pagos e os contratos cumpridos.",Um trabalhador rural ganha 2$500 a 3$500 diários,2500,3500,daily,Um carpinteiro ganha 5$500 diários,5500,,daily,12 »|º ao anno.,12,12,annual,"Qualidades - Podem ser divididas, mais ou menos, assim: bôas e regulares, muito poucas; inferiores na maior parte. Argilhosas na maior parte; mais planas que montanhosas. Mattas, muito pouco. "" Preços — As terras comquanto, na maioria inferiores, têm um preço elevado, visto a proximidade de S. Paulo, sendo o preço feito no acto da compra.","Preços — As terras comquanto, na maioria inferiores, têm um preço elevado, visto a proximidade de S. Paulo, sendo o preço feito no acto da compra.",,,,
SP,Santo Amaro,"Um trabalhador rural ganha 1$000 a 1$500 diarios. Administradores e escrivães, não ha; um carpinteiro, 6$000 diarios; uma cozinheira, que tambem lava roupa, 15$000.",Um trabalhador rural ganha 1$000 a 1$500 diarios,1000,1500,daily,"um carpinteiro, 6$000 diarios",6000,,daily,,,,,"Qualidades - Podem ser, mais ou menos, assim divididos: boas, muito pouco; regulares e inferiores, talvez, em partes eguaes. Planas, no geral. Mattas, muito e muito pouco.",,,,,
SP,Sallesopolis,"Um trabalhador rural ganha 1$000 a 1$500 diarios; administradores e escrivães de fazenda, não ha; um carpinteiro 3$000 diarios; uma lavadeira 5$000 mensajes; uma cozinheira 15$000 mensajes. Os salários são pagos e os contratos cumpridos.",Um trabalhador rural ganha 1$000 a 1$500 diarios,1000,1500,daily,um carpinteiro 3$000 diarios,3000,,daily,"Não ha empréstimos. MADEIRA de lei — Peroba, guatambú, saguaragy, jacarandá, vinhático, etc.",,,,"Qualidades - Podem ser divididas, mais ou menos assim: bôas, mais de metade; regulares, muito mais que as inferiores. Muito mais argilosas que arenosas. Mattas, bôa parte. "" Preços — Um hectare da melhor terra custa 42$000, mais ou menos.","Preços — Um hectare da melhor terra custa 42$000, mais ou menos.",42000,42000,hectare,0
SP,Santo Antonio da Bôa Vista,"Um trabalhador rural ganha de 2$500 a 3$000 diários; um administrador de fazenda, 150$000 mensais; escrivão, de 80$000 a 100$000 por mez; um carpinteiro, de 5$000 a 7$000 diários; uma cozinheira, 30$000 e uma lavadeira, 10$000 mensajes. Os salários são pagos e os contratos cumpridos.",Um trabalhador rural ganha de 2$500 a 3$000 diários,2500,3000,daily,"um carpinteiro, de 5$000 a 7$000 diários",5000,7000,daily,De 12 a 24 *|* ao anno.,12,24,annual,"Qualidades - Podem ser mais ou menos assim divididas: bôas, menos que as regulares e mais que as inferiores. Misturadas, a maior parte. Mais planas que montanhosas. Mattas, bôa parte. Preços — Um hectare de terra bôa custa de 25$000 a 30$000, mais ou menos, sendo os preços ajustados na ocasião da venda; terras altas, bôas, de 80$000 a 100$000 o hectare; terras baixas, de 60$000 a 80$000; campos, de 30$000 a 40$000. Como a cultura do café só se desenvolve em terras altas, livres da acção destruidora das geadas, cujo frio queima as plantas, os agricultores paulistas dividiram as terras em duas classes, altas, servindo para café, livres, portanto, de geada e baixas, não servindo para café, e sujeitas, portanto, a geada.","Preços — Um hectare de terra bôa custa de 25$000 a 30$000, mais ou menos, sendo os preços ajustados na ocasião da venda; terras altas, bôas, de 80$000 a 100$000 o hectare; terras baixas, de 60$000 a 80$000; campos, de 30$000 a 40$000. Como a cultura do café só se desenvolve em terras altas, livres da acção destruidora das geadas, cujo frio queima as plantas, os agricultores paulistas dividiram as terras em duas classes, altas, servindo para café, livres, portanto, de geada e baixas, não servindo para café, e sujeitas, portanto, a geada.",25000,100000,hectare,0
SP,Serra Negra,"Trabalhador rural, 28000 diários; colono, 158000 por capina de 1.000 cafeeiros e 500 réis por alqueire de café colhido; administrador de fazenda, 2.0008000 annuaes; escrivão, 1008000 mensões (durante a colheita); carpinteiro, 48000 a 58000 diários; cozinheiro, 258000 a 308000 mensões; lavadeiras, 500 réis por duzia de roupa a lavar. Os salários são pagos e os contratos cumpridos.","Trabalhador rural, 28000 diários",2000,,daily,"carpinteiro, 48000 a 58000 diários",4000,5000,daily,Taxa de 12 a 10 ao anno.,10,12,annual,"Qualidades - São geralmente bôas; regulares são as das proximidades da cidade; inferiores há muito poucas. As terras são geralmente misturadas, massapé e salmourão, havendo poucas terras argilosas e raras arenosas. O município é todo montanhoso. No alto dos espigões as terras são secas. Não existem pantanos. A vegetação acha-se em pequena quantidade de mattas, capoeiras e carrascaes, estes no alto da Serra Negra. Preços — Um hectare de terra bôa, custa 2008000, approximadamente.","Preços — Um hectare de terra bôa, custa 2008000, approximadamente.",200000,200000,hectare,0
SP,Santa Cruz das Palmeiras,"Um trabalhador rural ganha de 18000 a 38000 diários; um administrador de fazenda, de 2008000 a 1:0008000 mensões; um escrivão de fazenda, de 508000 a 1508000 mensões; um carpinteiro, 68000 diários; uma cozinheira, 408000 mensões; uma lavadeira, 308000 mensões. Os salários são pagos e os contratos cumpridos.",Um trabalhador rural ganha de 18000 a 38000 diários,1000,3000,daily,"um carpinteiro, 68000 diários",6000,,daily,12 por cento ao anno.,12,12,annual,"Qualidades - As terras podem ser, mais ou menos divididas: bôas, a maior parte; regulares, mais que as inferiores, que são muito poucas. Geralmente argilosas e montanhosas. Muito pouca matta; algum campo. "" Preços — O hectare de terras bôas custa, mais ou menos, 5008000, não havendo quem as queira vender. Neste município os grandes proprietários estão em maioria.","Preços — O hectare de terras bôas custa, mais ou menos, 5008000, não havendo quem as queira vender. Neste município os grandes proprietários estão em maioria.",500000,500000,hectare,0
SP,S. Bento de Sapucahy,"Um trabalhador rural ganha 1$500 com alimentação e 2$000 sem alimentação, diários; um cozinheiro, 15$000 e uma lavadeira, 6$000 mensais; um carpinteiro, 3$000 diários. Não há administradores nem escrivães de fazenda. Os salários são pagos e os contractos cumpridos.","Um trabalhador rural ganha 1$500 com alimentação e 2$000 sem alimentação, diários",1500,2000,daily,"um carpinteiro, 3$000 diários",3000,,daily,18*| ao anno.,18,18,annual,"Qualidades - As terras podem ser mais ou menos assim divididas: bôas, a maior parte; regulares e inferiores, em partes mais ou menos eguais. Geralmente argilosas e montanhosas. Pouca matta. "" Preços — Um hectare de terra bôa custa 80$000, mais ou menos.","Preços — Um hectare de terra bôa custa 80$000, mais ou menos.",80000,80000,hectare,0
SP,Sorocaba,"Um trabalhador rural ganra 2$500 diarios; administradores e escrivães de fazenda não ha; um carpinteiro, 5$000 diarios; um cozinhheiro, 60$000 mensais na cidade; as lavadeiras cobram 800 réis por duzias de peças de roupa lavada. Os salários são pagos e contratos cumpridos.",Um trabalhador rural ganra 2$500 diarios,2500,,daily,"um carpinteiro, 5$000 diarios",5000,,daily,A taxa é de 12% ao ano.,12,12,annual,"Qualidades - As terras podem ser, mais ou menos, assim divididas: bóas, menos que as regulares, que são a maior parte; inferiores, menos que as regulares. Mais arenosas que argilosas; mais montanhosas do que planas. Pouca matta, muito campo. "" Preços — O preço do hectare de terra, além de variar com a qualidade, depende muito da distância em que fica da estação da estrada de ferro, pelo que tem sido vendido, nas proximidades da estação de Passa-Tres e no bairro de Rio Acima, a 200$000 e mesmo a 800$000 o alqueire, mas o preço de um hectare é de 40$000, mais ou menos.","Preços — O preço do hectare de terra, além de variar com a qualidade, depende muito da distância em que fica da estação da estrada de ferro, pelo que tem sido vendido, nas proximidades da estação de Passa-Tres e no bairro de Rio Acima, a 200$000 e mesmo a 800$000 o alqueire, mas o preço de um hectare é de 40$000, mais ou menos.",40000,800000,hectare;alqueire,1
SP,S. João da Bocaina,"Um trabalhador rural ganha 35000 diarios; colonos, 1205000 a 1505000 annuaes pelo trato de mil pés de café; um administrador de fazenda, 3:0005000 a 6:0005000 annuaes; um escrivão de fazenda, 1:0005000 a 1:5005000 annuaes; um carpinteiro, 55000 diarios; um cozinheiro, 605000 mensaes; uma cozinheira, 405000 mensaes; as lavadeiras cobram 15000 por duzia de peças de roupa lavada. Os salarios são pagos e os contractos cumpridos.",Um trabalhador rural ganha 35000 diarios,3500,,daily,"um carpinteiro, 55000 diarios",55000,,daily,A taxa é de 12°|° ao anno.,12,12,annual,"Qualidades - As terras podem ser, mais ou menos, assim divididas: bóas, a maior parte; regulares e inferiores, muito pouco. Argilosas e planas, na maior parte. Alguma matta. Preços — Um hectare de terra bóa custa 3005000, approximadamente, e mesmo muito mais.","Preços — Um hectare de terra bóa custa 3005000, approximadamente, e mesmo muito mais.",300000,300000,hectare,0
SP,Santa Rita de Passa Quatro,"Um trabalhador rural ganha 18000 a 38000 diários; um administrador de fazenda, 100800 a 5008000 mensões; um escrivão de fazenda, 508000 a 10080000 mensões; um carpinteiro, 58000 diários; um cozinheiro, 2080000 mensões; uma lavadeira, 2080000 mensões. Os salários são pagos e os contratos cumpridos.",Um trabalhador rural ganha 18000 a 38000 diários,1000,3000,daily,"um carpinteiro, 58000 diários",5000,,daily,A taxa é de 12% ao anno.,12,12,annual,"Qualidades - As terras podem ser, mais ou menos, assim divididas: bôas, mais que as regulares; inferiores, talvez eguães às bôas. Mais misturadas que argilosas. A maior parte montanhosas. Mattas, muito pouco. “ Preços — Um hectare de terra bôa custa 1008000 a 5008000. TRASPORTES — O custo de transporte ao mercado local é de 300 réis por sacco de 60 kilos.",Preços — Um hectare de terra bôa custa 1008000 a 5008000.,100000,500000,hectare,0
SP,S. Miguel Archanjo,"O trabalhador rural ganha de 2$000 a 2$500 diários; um cozinheiro de 15$000 a 20$000 mepsaes; as lavadeiras ganham 500 réis por duzia de peças; carpinteiro, 5$000 diários. Não há administradores e escrivães de fazendas. Os salários são pagos e os contratos cumpridos.",O trabalhador rural ganha de 2$000 a 2$500 diários,2000,2500,daily,"carpinteiro, 5$000 diários",5000,,daily,A taxa é geralmente de um a dois por cento ao mez.,1,2,monthly,"Qualidades - As terras podem ser, mais ou menos, assim divididas: bóas, menos que as regulares; inferiores, mais ou menos eguaes às regulares. Misturadas e planas, na maior parte. Mattas, poucas. "" Preços — Um hectare de terra boa custa 50$000, mais ou menos.","Preços — Um hectare de terra boa custa 50$000, mais ou menos.",50000,50000,hectare,0
SP,S. José dos Campos,"Um trabalhador rural ganha 1$200 com alimentação ou 1$500 a secco; um administrador de fazenda, 100$000 mensais; escrivães de fazenda não ha. Um carpinteiro, 5$000 diários; um cozinheiro, 20$000 mensais; as lavadeiras cobram 500 réis por duzia de roupa a lavar, sem sabão. Os salários são pagos e os contractos cumpridos.",Um trabalhador rural ganha 1$200 com alimentação ou 1$500 a secco,1200,1500,,"Um carpinteiro, 5$000 diários",5000,,daily,Taxa de 18 por cento annuaes.,18,18,annual,"Qualidades - As terras podem ser, mais ou menos, assim divididas: bôas, menos que as regulares; inferiores, a maior parte. Misturadas, a maioria. Mais montanhosas do que planas. Alguma matta. "" Um hectare de terra bôa, custa 40$000, approximadamente.",,,,,
SP,S. Roque,"O trabalhador rural ganha 2500 diarios; um cozinheiro, de 15000 a 200000 mensões; as lavadeiras cobram 500 por duzia; um carpinteiro de 5000 a 60000 diarios; um administrador de fazenda, 200000 mensões; escrivão, 1000000 mensões. Os salários são pagos e os contratos cumpridos.",O trabalhador rural ganha 2500 diarios,2500,,daily,um carpinteiro de 5000 a 60000 diarios,5000,60000,daily,Um e meio por cento ao mez.,1.5,1.5,monthly,"Qualidades - As terras podem ser, mais ou menos, assim divididas: boas, mais que as regulares; regulares e inferiores, talvez em partes eguães. Geralmente argilosas e montanhosas. Pouca matta. Preços — O hectare de terra boa custa, mais ou menos, 50000.","Preços — O hectare de terra boa custa, mais ou menos, 50000.",,,hectare,
SP,Santa Izabel,"Um trabalhador rural ganha 1$500 a 2$000 diarios; administradores e escrivães de fazenda não ha, porquanto os serviços desses profissionais são praticados pelos proprietários, pelos sistemas mais comuns e rudimentares; um carpinteiro ganha 4$000 diarios; uma cozinheira, 15$000 mensais; uma lavadeira, 12$000 mensais. Os salários são pagos e os contratos cumpridos.",Um trabalhador rural ganha 1$500 a 2$000 diarios,1500,2000,daily,um carpinteiro ganha 4$000 diarios,4000,,daily,No geral a taxa é de 10 a 12 por cento ao anno.,10,12,annual,"Qualidades - Podem ser, mais ou menos, assim divididas: bôas, metade; regulares, mais do que as inferiores. Misturadas a maior parte, bem como as montanhosas. Alguma matta. Preços — As terras bôas não têm preço certo; são vendidas mais ou menos a 60$000 o hectare.",Preços — As terras bôas não têm preço certo; são vendidas mais ou menos a 60$000 o hectare.,60000,60000,hectare,0
SP,S. Pedro do Turvo,"Um trabalhador rural ganha 1$500 a 2$000 diários; administradores e escrivães de fazenda não há; um carpinteiro ganha 5$000 diários; um cozinheiro, 20$000 mensais; as lavadeiras cobram 500 réis por dúzia de roupa lavada. Os salários são pagos e os contratos cumpridos.",Um trabalhador rural ganha 1$500 a 2$000 diários,1500,2000,daily,um carpinteiro ganha 5$000 diários,5000,,daily,A taxa é de dous por cento mensaes.,,,monthly,"Qualidades - Podem ser, mais ou menos, assim divididas: bôas, metade; regulares, menos que as inferiores. Arenosas, na maior parte, bem como montanhosas. Mattas, bôa parte. "" Preços — Um hectare de terra bôa custa 40$000, approximadamente.","Preços — Um hectare de terra bôa custa 40$000, approximadamente.",40000,40000,hectare,0
SP,S. José do Rio Preto,"Trabalhador rural, 38000 diarios; colonos, 1208000 annuaes pelo tracto de mil pés de café; carpinteiro, 88000 diarios; cozinheira, 3080000 mensães; cozinheiro, 5580000 mensães; lavadeira, 2080000 mensães; não há administradores nem escrivães de fazenda. Os salarios são pagos e os contractos cumpridos.","Trabalhador rural, 38000 diarios",3000,,daily,"carpinteiro, 88000 diarios",8000,,daily,Taxa de 12 por cento ao ano.,12,12,annual,"Qualidades - Podem ser mais ou menos assim divididas: bôas, mais de metade; regulares, mais do que as inferiores. Na maior parte arenosas e montanhosas. Muita matta. "" Preços — Um hectare de terra bôa, perto da cidade, custa, mais ou menos, 408000.","Preços — Um hectare de terra bôa, perto da cidade, custa, mais ou menos, 408000.",40000,40000,hectare,0
SP,Santa Cruz da Conceição,"Um trabalhador rural ganha 2$000 diários; um administrador, de 200$000 a 300$000 mensais; um escrivão, 100$000; um carpinteiro 4$000 diários; um cozinheiro, 30$000 mensais; uma lavadeira, 20$000 mensais. Os salários são pagos e os contratos cumpridos.",Um trabalhador rural ganha 2$000 diários,2000,,daily,um carpinteiro 4$000 diários,4000,,daily,Taxa de 12 por cento anuções.,12,12,annual,"Quidades - Podem ser, mais ou menos, assim divididas: bôas e regulares, talvez em partes em eguães; inferiores, a maior parte. Geralmente arenosas. Egualmente planas e montanhosas. Matta, quase nenhuma. Preços — Um hectare de terra boa custa, aproximadamente, 75$000.","Preços — Um hectare de terra boa custa, aproximadamente, 75$000.",75000,75000,hectare,0
SP,Santa Cruz do Rio Pardo,"Um cozineiro ganha 40$000 a 50$000 mensais; as lavadeiras cobram 500 réis por dúzia de peças de roupa lavada; um carpinteiro, ganha de 5$000 a 6$000 diários; um administrador de fazenda, 150$000 a 200$000 mensais; um escrivão de fazenda, de 100$000 a 150$000 mensais. O salário diário, seja colono ou camarada, é de 2$000 a 3$000. Os salários são pagos e os contratos cumpridos.",-,2000,3000,,"um carpinteiro, ganha de 5$000 a 6$000 diários",5000,6000,daily,A taxa é de um e meio por cento ao mez.,1.5,1.5,monthly,"Qualidades - Podem ser divididas, mais ou menos, assim: bôas, metade; regulares, menos que as inferiores; misturadas, na maior parte. Mattas, bôa parte. "" Preços — Um hectare de terra bôa custa de 40$000 a 50$000.",Preços — Um hectare de terra bôa custa de 40$000 a 50$000.,40000,50000,hectare,0
SP,Salto de Itú,"O trabalhador rural ganha 2$000 diários; cozinheiro, 20$000 mensais; lavadeiras, 600 réis por duzia de peças; carpinteiro, 5$000 diários; não há administradores nem escrivães de fazenda. Os salários são pagos e os contractos cumpridos.",O trabalhador rural ganha 2$000 diários,2000,,daily,"carpinteiro, 5$000 diários",5000,,daily,Taxa: 12 *J* ao anno.,12,12,annual,"Qualidades - Podem ser divididas, mais ou menos, assim: bôas e regulares, em partes, talvez, iguais; inferiores, a maior parte. Matta, muito pouco. ” Preços — Um hectare de terra bôa, custa 200$000 e mais.","Preços — Um hectare de terra bôa, custa 200$000 e mais.",200000,200000,hectare,0
SP,Santo Antonio da Alegria,Um trabalhador rural ganha 1$500 diários. Não há administradores e escrivães de fazenda; um carpinteiro ganha 4$000 diários. As lavadeiras e cozinheiras são geralmente pessoas aggregadas ou da família dos lavradores. Os salários são pagos e os contratos cumpridos., um carpinteiro ganha 4$000 diários. As lavadeiras e cozinheiras são geralmente pessoas aggregadas ou da família dos lavradores. Os salários são pagos e os contratos cumpridos.,1500,,,um carpinteiro ganha 4$000 diários,4000,,daily,A taxa é de 15 à 18 «j» ao ano.,15,18,annual,"Qualidades: Podem ser divididas mais ou menos assim: bôas, mais que as regulares; inferiores, quase iguales as bôas. Misturadas e montanhosas, na maior parte. Mattas, bôa parte. Preços — O hectare de terra bôa custa 50$000, mais ou menos.","Preços — O hectare de terra bôa custa 50$000, mais ou menos.",50000,50000,hectare,0
SP,S. Paulo,"Os camaradas têm um salário diário de 3$000, a secco; os carpinteiros, 8$000 a 10$000 diários; um cozinheiro, 60$000 mensões e uma lavadeira, 50$000. Não há administradores, nem escrivães de fazenda. Os salários são pagos e os contractos cumpridos.",-,3000,,,"os carpinteiros, 8$000 a 10$000 diários",8000,10000,daily,"Adoptam a taxa de 8 a 10%¹,º, annaes.",8,10,annual,"Qualidades - Podem ser divididas approximadamente, mais ou menos, assim: bôas, pequena parte; regulares, talvez o duplo das bôas; inferiores, a maior parte; argilosas, quase todas; misturadas, muito pouco; planas, mais que as montanhosas. Preços — O hectare de terra bôa custa 2:000$000 na Cantareira e 20:000$000 na Lapa. ## NOTAS Climatologia — Ventos — No outomno, inverno e primavera, predominam os ventos do quadrante S. E., que são frescos e humidos e vêm do mar; no verão predominam os ventos seccos e quentes, do quadrante N. O. Precipitação aquosa — A época das chuvas, em S. Paulo, é geralmente nos mezes de Janeiro e Fevereiro, sendo a média da precipitação observada, durante 13 anos, de 329 milímetros. TEMPERATURA — A temperatura média anual, regula ser de 18.2 C.; sendo o mez mais frio do anno, o de Agosto, e o mais quente, o de Janeiro. Superfície do município — A superfície do município abrange uma área de oitocentos e noventa e sete kilometros quadrados. A parte ocupada por matta é muito pequena, sendo a restante ocupada por campos. CERAMICA — As margens do Tieté e Pinheiros são alagadiças, nelas há extensos depósitos de argilla de superior qualidade para fabricação de telhas e tijolos, fonte de renda, de alta importância; haja exemplo as três grandes fábricas de cerâmica, além de numerosas olarias. HORTICULTURA — A horticultura tem tido um desenvolvimento extraordinário neste município, como veremos pelos dados colhidos nos 12 bairros em que foi o mesmo dividido. SANT'ANNA — Em Sant'Anna há quatro agricultores, que cultivam uma superfície de 10.091 metros quadrados, plantando os legumes: | Evento | Menos quadrados | | --- | --- | | Ervilha | 400 | | Couve-flor | 500 | | Repolho | 2.900 | | Abobora | 1.500 | | Feijão cavalo | 300 | A. 56 | | Metros quadrados | | --- | --- | | Couve tronchuda | 250 | | Cebola | 50 | | Broco | 900 | | Couve-manteiga | 900 | | Chicorea da Catalunha | 750 | | Fava | 100 | | Alcachofra | 150 | | Chicorea crespa | 450 | | Alface | 550 | | Cenoura | 43 | | Rabanete | 85 | | Alho | 263 | | **Total** | 10.091 | A adubação empregada nesta cultura foi de 370 carroças de esterco de cocheira. BAIRRO DE TREMEMBE'—Em Tremembé há 18 horticultores, que cultivam em uma superfície de 124 hectares e 8.850 metros quadrados, vegetais assim especificados: | | Metros quadrados | | --- | --- | | Ervilha | 14.400 | | Couve-flor | 10.000 | | Pepino | 466.000 | | Repolho róxo | 22.000 | | Pimentão | 4.000 | | Tomate | 10.000 | | Repolho | 236.500 | | Feijão enxofre | 122.000 | | Mandioca-palma | 12.000 | | Repolho de quintal | 5.000 | | Nabo chato | 2.400 | | Feijão allemão | 4.000 | | Batata ingleza | 53.400 | | Feijão | 36.000 | | Milho | 96.000 | | Abobora | 88.000 | | Feijão italiano | 34.000 | | Feijão manteiga | 26.000 | | Feijão cavallo | 6.000 | | Cará | 150 | | Couve tronchuda | 1.000 | | **Total** | 1.248.850 | A adubação empregada foi de 2.560 carroças de lixo da cidade, que custam à razão de 1.8000 a carroçada. BAIRRO DO CARANDIRU’ — Neste bairro ha seis horticultores, que cultivam 123.160 metros quadrados, com: | Imagem | Metros quadrados | | --- | --- | | Ervilha | 1.900 | | Couve-flor | 5.300 | | Repolho | 33.790 | | Mandioca | 12.300 | | Nabo chato | 220 | | Feijão allemão | 880 | | Abobora | 44.000 | | Feijão italiano | 50 | | Feijão cavallo | 600 | | Cebola | 2.200 | | Broco | 3.750 | | Couve manteiga | 8.050 | | Chicorea da Catalunha | 600 | | Fava | 100 | | Alcachofra | 2.200 | | Chicorea crespa | 1.270 | | Alface | 650 | | Cenoura | 2.000 | | Rabanete | 1.000 | | Salsa | 1.500 | | Pimenta | 800 | | **Total** | 123.160 | Em Carandirú empregam 1.930 carroçadas de lixo para adubação das hortas. BAIRRO DAS PERDIZES—Neste bairro só ha um horticultor, o Sr. Nicola Roque, que cultiva uma área de 19.670 metros quadrados, com os seguintes legumes: | Imagem | Metros quadrados | | --- | --- | | Couve-flor | 1.000 | | Tomate | 10.000 | | Repolho | 2.000 | | Feijão allemão | 2.750 | | Abobora | 2.000 | | Couve tronchuda | 400 | | Cebola | 100 | | Couve manteiga | 300 | | Chicorea da Catalunha | 200 | | Alface | 820 | | Cenoura | 100 | | **Total** | 19.670 | Para adubação elle emprega, por anno, 600 carroçadas de esterco de cocheira. BAIRRO DA AGUA BRANCA — Em Agua Branca só há um horticultor, que é o Sr. M. de Carvalho, que cultiva uma área de 11.400 metros quadrados, com os seguintes legumes: | Toma | Metros quadrados | | --- | --- | | Tomate | 6.000 | | Repolho | 5.000 | | Chicorea da Catalunha | 200 | | Alface | 200 | | **Total** | 11.400 | Adubação empregada, 200 carroças de esterco de cocheira. BAIRRO DE CAMBUCY — Em Cambucy, há três horticultores que cultivam 15.700 metros quadrados. As hortaliças cultivadas, são as seguintes: | Toma | Metros quadrados | | --- | --- | | Couve-flor | 1.300 | | Pepino | 2.200 | | Tomate | 5.000 | | Repolho | 3.800 | | Feijão allemão | 1.400 | | Cebola | 700 | | Couve manteiga | 200 | | Alcachofra | — | | Chicorea crespa | 600 | | Alface | 500 | | **Total** | 15.700 | A adubação empregada foi de 800 carroças de esterco de cocheira. BAIRRO DO YPIRANGA — Neste bairro há três horticultores, que cultivam uma área de 27.700 metros quadrados, com os seguintes legumes: | Toma | Metros quadrados | | --- | --- | | Couve-flor | 800 | | Tomate | 15.000 | | Repolho | 6.200 | | Nabo chato | 100 | | Feijão allemão | 2.700 | | Batata ingleza | 300 | | Couve tronchuda | 400 | | Couve manteiga | 300 | | Abobora | 400 | | Chicorea da Catalunha | 100 | | Alface | 800 | | Rabanete | 600 | | **Total** | 27.700 | A adubação empregada foi de 500 carroças de esterco de cocheira. QUARTA PARADA — Neste bairro ha 21 horticultores que cultivam uma área de 58.750 metros quadrados, assim especificados: | Altura | Metros quadrados | | --- | --- | | Alface. | 11.300 | | Pimentão. | 1.400 | | Chicorea. | 2.400 | | Couve tronchuda. | 2.600 | | Cebola. | 8.500 | | Tomate. | 14.350 | | Chicorea da Catalunha. | 4.500 | | Mostarda. | 1.200 | | Chicorea amarella. | 2.600 | | Feijão italiano. | 1.400 | | Repolho. | 6.400 | | Chicorea crespa. | 800 | | Abobora italiana. | 400 | | Couve. | 200 | | Feijão. | 400 | | Feijão enxofre. | 300 | | **Total.** | **58.750** | A adubação empregada foi de 4.500 carroças de esterco de cocheira. BAIRRO DE MOOCA — Neste bairro ha 14 horticultores, cultivando uma área de 34.030 metros quadrados, assim discriminados: | Altura | Metros quadrados | | --- | --- | | Alface. | 6.860 | | Pimentão. | 350 | | Chicorea. | 90 | | Couve tronchuda. | 850 | | Cebola. | 3.600 | | Tomate. | 6.120 | | Chicorea da Catalunha. | 2.980 | | Mostarda. | 400 | | Chicorea amarella. | 850 | | Feijão italiano. | 450 | | Repolho. | 5.400 | | Chicorea crespa. | 880 | | Abobora italiana. | 1.300 | | Feijão. | 200 | | Feijão enxofre. | 600 | | Couve manteiga. | 1.400 | | Pepino. | 1.500 | | Pimenta. | 100 | | Batata. | 100 | | **Total.** | **34.030** | A adubação empregada foi de 2.450 carroças de esterco de cocheira. BAIRRO DA CANTAREIRA — Na Cantareira ha nove horticultores que cultivam uma área de 394.400 metros quadrados, assim discriminados: | | Metros quadrados | | --- | --- | | Feijão italiano | 25.200 | | Repolho | 75.000 | | Abobora italiana | 24.000 | | Feijão | 83.000 | | Feijão enxofre | 24.000 | | Pepino | 52.000 | | Batata | 39.200 | | Milho | 72.000 | | **Total** | 394.400 | A adubação empregada foi de 340 carroças de lixo. AVENIDA PAULISTA — Ha na Avenida cinco horticultores cultivando uma área de 11.633 metros quadrados, assim especificados: | | Metros quadrados | | --- | --- | | Tomate | 4.350 | | Couve manteiga | 800 | | Bloco, uma espécie de couve | 800 | | Pimentão | 50 | | Chicorea | 500 | | Abobora | 50 | | Alface | 1.400 | | Feijão italiano | 1.050 | | Cebola | 1.400 | | Mostarda | 100 | | Chicorea da Catalunha | 83 | | Espinafre | 250 | | Cenoura | 400 | | Pimenta | 400 | | **Total** | 11.633 | Para adubação gastaram 666 carroças de esterco de cocheira. VILLA AMERICANA — Ha neste bairro 11 horticultores que cultivam uma área de 36.000 metros quadrados de terreno, assim especificados: | | Metros quadrados | | --- | --- | | Tomate | 15.900 | | Couve manteiga | 400 | | Chicorea | 300 | | Abobora | 700 | | Alface | 2.450 | | Feijão italiano | 650 | | Cebola | 3.000 | | Mostarda | 200 | | Chicorea da Catalunha | 700 | | Retros conchados | | | --- | --- | | Cenoura | 200 | | Pimentão | 5.000 | | Repolho | 3.000 | | Alho porró | 600 | | Pepino | 2.700 | | Couve tronchuda | 200 | | **Total** | 36.000 | Para adubação elles gastaram 1.666 carroçadas de esterco de cocheira. **RESUMINDO** — Em S. Paulo há 96 horticultores que cultivam uma área de 1.992.381 metros quadrados. Para maior clareza, veja-se o quadro estatístico que acompanha esta. Produção média dos diversos legumes e preço porque são vendidos: - **Feijão alemão** — A produção é approximadamente de 600 caixões de 40 litros por hectare, a qual é vendida à razão de 2$500 o caixão. - **Alface** — A produção média é de 60.000 pés por hectare. O preço pelo qual é vendida é de 300 réis por maço de 12 pés. - **Repolho** — A produção média é de 15.000 cabeças por hectare. O preço de cada cabeça é de 100 réis. - **Tomate** — A produção média por hectare é de 13.000 litros e é vendida à razão de 8$000 o caixão de 40 litros. - **Abobora italiana** — 400 metros quadrados dão em média 20 caixões de abobrinhas, de 40 litros cada caixão, que são vendidos à razão de 2$500 cada um. - **Chicorea** — Approximadamente de 60.000 pés por hectare. A venda é feita à razão de 300 réis por maço de 12 pés. - **Chicorea da Catalunha** — A produção é approximadamente a mesma e o preço também. - **Pepino** — A produção média é approximadamente de 1.000 caixões de 40 litros por hectare, a qual é vendida ao preço médio de 4$000 por caixão. - **Chicorea crespa** — A produção é a mesma das outras variedades, mas o preço é de 400 réis por maço. - **Cebola de cabeça** — A produção média é de 140 kilos por cada are. O preço porque é vendida é de 4$000 a 5$000 por arroba de 15 kilos. - **Mostarda branca** — O are produz em média 100 maços de 12 pés que é vendido ao preço de 300 réis cada um. - **Broco** — O are de terreno cultivado com esta hortaliça, dá um rendimento médio de cerca de 30$000 por anno. - **Couve tronchuda** — A couve tronchuda dá em cada are de terreno, um rendimento médio de cerca de 35$000 por anno. - **Couve mantelga** — O rendimento anual por are é de 25$000. - **Repolho quarentino** — O are de terreno produz, em média, 150 cabeças, que são vendidas à razão de 100 réis cada uma. Naho chato — O maço de nabos, com 12 pés, é vendido por 400 réis. Um are produz, em média, 400 maços. Pimentão — A produção média, por are, é de 150 litros, que são vendidos ao preço de 4$000 por 40 litros. Alcachofra — Um are de terreno, cultivado com alcachofra, dá, em média, uma renda de 60$000 por anno. Feijão italiano — O hectare produz, na média, 5.000 litros de vagens, que são vendidas à razão de 2$500 o caixão de 40 litros. VENDA DE LEGUMES E FRUCTAS — Os legumes e as fructas, produzidos nos arredores de S. Paulo, são quase todos consumidos por sua população, com exceção, apenas, de alguma uva, ameixa do Japão, alcachofra e repolho, que são exportados para Santos e Rio. A venda na capital é quase toda feita nos mercados municipais. IMPOSTOS — A municipalidade não cobra nenhum imposto sobre a venda de verduras, feita nos mercados. Apenas o horticultor tem que pagar 1$000 por carroça de mercadoria entrada no mercado e 30 réis por um quarto, quando ele próprio quizer encarregar-se da venda. Para vender ao ar livre, ele terá que pagar, por um logar, 2$000. Para permitir a venda de fructas, a municipalidade cobra um imposto de 136$800 por anno, além do aluguel do quarto, que é de 30$000 a 50$000, quando ficar situado num canto ou esquina.",Preços — O hectare de terra bôa custa 2:000$000 na Cantareira e 20:000$000 na Lapa.,2000000,20000000,hectare,0
SP,São Manoel do Paraiso,"Um trabalhador rural de 2$000 a 2$500 diários; um administrador de fazenda, 200$000 mensais e muito mais ainda; um escrivão de fazenda, 100$000 mensais e mais; um carpinteiro, 4$000 a 5$000 diários; uma cozinheira, 25$000 a 30$000 mensais; uma lavadeira, 500 réis por dúzia de roupa lavada. Os salários são pagos e os contratos cumpridos.",Um trabalhador rural de 2$000 a 2$500 diários,2000,2500,daily,"um carpinteiro, 4$000 a 5$000 diários",4000,5000,daily,Taxa de 10 a 12ª/ª ao anno.,10,10,annual,"Qualidades - Podem ser divididas, mais ou menos, assim: bôas, na maior parte; regulares e inferiores, muito pouco. Argilhosas na maior parte e igualmente planas e montanhosas. Mattas, bastante. "" Preços — Um hectare de terras bôas, custa de 150$000 até as vezes 800$000, mais ou menos.","Preços — Um hectare de terras bôas, custa de 150$000 até as vezes 800$000, mais ou menos.",150000,800000,hectare,0
SP,Silveiras,"Um trabalhador rural ganha 800 réis por dia com alimentação, ou 1$500 sem alimentação; administrador de fazenda, 800$000 annuaes, livre de despezas; escrivães de fazenda não ha; carpinteiro, de 3$500 a 4$500 diarios; cozinheira, 15$000 mensões; lavadeira, 15$000 mensões. Os salarios são pagos e os contractos nem sempre cumpridos, pois geralmente fica o trabalhador devendo ao patrão.","Um trabalhador rural ganha 800 réis por dia com alimentação, ou 1$500 sem alimentação",800,1500,daily,"carpinteiro, de 3$500 a 4$500 diarios",3500,4500,daily,"Taxa de 10 ""l"" ao anno.",10,10,annual,"Qualidades - Podem ser divididas, mais ou menos, assim: bôas, metade; regulares, menos que as inferiores. Argilhosas na maior parte e muito montanhosas. Mattas, muito pouco. "" Preços — Um hectare de terra bôa, para cultura, custa mais ou menos, 42$000 e para campo ou pasto 21$000.","Preços — Um hectare de terra bôa, para cultura, custa mais ou menos, 42$000 e para campo ou pasto 21$000.",21000,42000,hectare,0
SP,São João do Curralinho,"Um trabalhador rural, seja colono ou camarada, ganha 2$000 diarios, sem alimentação; um cozinheiro, 15$000 mensais; as lavadeiras cobram 500 réis por duzia de peças lavadas, sem sabão; um carpinteiro, 5$000 diários; um administrador de fazenda, 1:500$000 a 2:000$000 anuães a séco; não há escrivães de fazenda. Os salários são pagos e os contratos cumpridos.","Um trabalhador rural, seja colono ou camarada, ganha 2$000 diarios, sem alimentação",2000,,daily,"um carpinteiro, 5$000 diários",5000,,daily,"Os particulares cobram 12 *|* ao anno e o Banco Custeio Rural, 6 *|*.",6,12,annual,"Qualidades - Podem ser divididas mais ou menos assim: bôas, metade; regulares e inferiores, talvez em partes eguães. Misturadas, a maior parte, bem como montanhosas. Mattas, muito pouco. "" Preços — Um hectare de terra boa custa, mais ou menos, 82$000.","Preços — Um hectare de terra boa custa, mais ou menos, 82$000.",82000,82000,hectare,0
SP,São Sebastião,"O trabalhador rural ganha 28.000 diarios; uma cozinheira, 128.000 mensões; uma lavadeira, 88.000 mensões; um carpinteiro, 58.000 diarios; não há administradores nem escrivães de fazenda. Os salarios são pagos e os contratos cumpridos.",O trabalhador rural ganha 28.000 diarios,2000,,daily,"um carpinteiro, 58.000 diarios",5000,,daily,Não há empréstimos agrícolas.,,,,"Qualidades - Podem ser, mais ou menos, assim divididas: bóas, mais de metade; regulares, muito mais que as inferiores. Egualmente, talvez, argilosas e arenosas. Montanhosas, na maior parte. Mattas, boa parte. Preços — O hectare de terra boa custa 838.000, mais ou menos.","Preços — O hectare de terra boa custa 838.000, mais ou menos.",83000,83000,hectare,0
SP,Soccorro,"Um trabalhador rural ganha 35$000 mensais, com alimentação; se é colono, 2$500 diários; um administrador de fazenda, 1:200$000 annuais; escrivães de fazenda não ha; um carpinteiro, 4$000 a 5$000 diários; um cozinheiro, 25$000 a 30$000 mensais; as lavadeiras cobram 500 réis por duzia de roupa lavada. Os salários são pagos e os contractos cumpridos.","Um trabalhador rural ganha 35$000 mensais, com alimentação",2500,,,"um carpinteiro, 4$000 a 5$000 diários",4000,5000,daily,Taxa de doze por cento annuaes.,12,12,annual,"Qualidades - As terras são, na sua quase totalidade, boas, existindo, todavia, algumas regulares e pequenos trechos de terras inferiores. São argilosas ou misturadas, não havendo arenosas. O município é todo montanhoso, não se encontrando nela terras planas, sinão em pequena quantidade. A vegetação é representada por pequenas quantidades de mattas virgens e grandes extensões de capoeiras. Não ha cerrados, nem carrascaes e campos. Preços - Um hectare de terra boa custa 150$000, aproximadamente.","Preços - Um hectare de terra boa custa 150$000, aproximadamente.",150000,150000,hectare,0
SP,São Simão,"Um trabalhador rural ganha 3$000 diarios; um administrador de fazenda, 200$000, em média, mensaes e mais; um escrivão de fazenda, 100$000 mensais; um carpinteiro, 5$000 diarios; um cozinheiro, 20$000 mensais; uma lavadeira, 15$000 mensais. Os salarios são pagos e os contractos cumpridos.",Um trabalhador rural ganha 3$000 diarios,3000,,daily,"um carpinteiro, 5$000 diarios",5000,,daily,A taxa adoptada é de 12 por cento annuaes.,12,12,annual,"Qualidades - Podem ser, mais ou menos, assim divididas: bôas, talvez metade; regulares, pouco; inferiores. muito mais que as regulares. Argilhosas mais que as arenosas. Egualmente planas e montanhosas. Muito pouca matta. "" Preços — Um hectare de terra bôa custa 300$000, approximadamente.","Preços — Um hectare de terra bôa custa 300$000, approximadamente.",300000,300000,hectare,0
SP,Sertãosinho,"Um trabalhador rural ganha 2$500 diarios; um administrador de fazenda, 2:500$00 a 5:000$000 annuaes; um escrivão de fazenda, 1:200$000 a 3:000$000 annuaes; um carpinteiro, 5$000 diarios; um cozinheiro, 30$000 mensaes; lavadeira, 20$000 mensaes. Os salarios são pagos e os contractos cumpridos.",Um trabalhador rural ganha 2$500 diarios,2500,,daily,"um carpinteiro, 5$000 diarios",5000,,daily,E' de doze por cento a taxa adoptada.,12,12,annual,"Qualidades - Podem ser, mais ou menos, assim divididas: bôas, quasi eguaes às regulares; inferiores, bastante. Argilosas, a maior parte. Mattas, alguma. "" Preços — Um hectare de terra bôa custa 200$000, mais ou menos.","Preços — Um hectare de terra bôa custa 200$000, mais ou menos.",200000,200000,hectare,0
SP,Santa Branca,"Um trabalhador rural ganha 1$000 a 1$500 diários; administradores e escrivães de fazenda, não há; um carpinteiro ganha 4$000 diários; uma cozinheira, 6$000 a 8$000 mensais; uma lavadeira, 2$000 a 3$000 mensais. Os salários são pagos e os contratos cumpridos.",Um trabalhador rural ganha 1$000 a 1$500 diários,1000,1500,daily,um carpinteiro ganha 4$000 diários,4000,,daily,Não há taxas estabelecidas.,,,,"Qualidades - Podem ser divididas, mais ou menos, assim: bôas, muito pouco; regulares e inferiores, em partes talvez eguães. Geralmente misturadas. Muito mais montanhosas do que planas. Muito pouca matta. "" Preços — Um hectare da melhor terra custa, mais ou menos, 63$000.","Preços — Um hectare da melhor terra custa, mais ou menos, 63$000.",63000,63000,hectare,0
SP,Santos,"Trabalhador rural ganha 28000 diarios; não ha administradores nem escrivães; carpinteiro, 88000 diarios; cozinheiro, 708000 a 2508000 mensões na cidade de Santos; lavadeira, 508000 mensões na mesma cidade.",Trabalhador rural ganha 28000 diarios,2000,,daily,"carpinteiro, 88000 diarios",8000,,daily,Não ha tatbella fixa.,,,,"Qualidades - As terras podem ser, mais ou menos, assim divididas: bôas e regulares, em partes talvez iguais; inferiores, na maior parte. Mais arenosas que argilosas e mais montanhosas que planas. Mattas, bastante. "" Preços — As transacções são feitas sempre para grandes quantidades de terras, sendo o preço mínimo, 1458000 por hectare. As terras para a cultura de bananeiras custam 3508000 a 4008000 cada hectare.","Preços — As transacções são feitas sempre para grandes quantidades de terras, sendo o preço mínimo, 1458000 por hectare. As terras para a cultura de bananeiras custam 3508000 a 4008000 cada hectare.",145000,400000,hectare,0
SP,Santa Barbara do Rio Pardo,"Um trabalhador rural ganha 15500 a 25000 diarios; um administrador de fazenda ou escrivão, 705000 a 1005000 mensacs; um carpinteiro, 45000 a 55000 diarios; uma cozinheira, 205000 a 255000 mensacs; uma lavadeira, 105000 a 155000 mensacs. Os salarios são pagos e os contractos cumpridos.",Um trabalhador rural ganha 15500 a 25000 diarios,1500,2000,daily,"um carpinteiro, 45000 a 55000 diarios",45000,55000,daily,A taxa é de 18% ao anno.,18,18,annual,"Qualidades - Podem ser, mais ou menos, assim divididas; bôas, talvez metade; regulares, mais que as inferiores. Geralmente misturadas e planas. Mattas, bôa parte. Preços — Um hectare de terra bôa custa 405000 a 505000. Este preço é, todavia, fixado na occasião da compra do immovel. Devido à alta do café e ao estabelecimento do nucleo Monção, o valor das terras, presentemente, é: altas e bôas, de 1005000 a 1505000, por hectare; baixas, de 505000 a 805000 por hectare; campos, de 405000 a 505000 por hectare.","Preços — Um hectare de terra bôa custa 405000 a 505000. Este preço é, todavia, fixado na occasião da compra do immovel. Devido à alta do café e ao estabelecimento do nucleo Monção, o valor das terras, presentemente, é: altas e bôas, de 1005000 a 1505000, por hectare; baixas, de 505000 a 805000 por hectare; campos, de 405000 a 505000 por hectare.",40000,150000,hectare,0
SP,São Luiz do Parahytinga,"Um trabalhador rural ganha 600 réis diários com alimentação e 18000 sem alimentação; não há administradores nem escrivães; uma cozinheira ganha 108000 mensais; uma lavadeira, 58000; um carpinteiro, 38000 a 48000 diários. Os salários são pagos e os contratos cumpridos.",Um trabalhador rural ganha 600 réis diários com alimentação e 18000 sem alimentação,600,1000,daily,"um carpinteiro, 38000 a 48000 diários",3000,4000,daily,Não ha empréstimos.,,,,"Qualidades - As terras do município podem ser, mais ou menos, assim divididas: bôas, a maior parte; regulares, um pouco mais que as inferiores. Argilhosas e montanhosas na maior parte. Matta, muito pouco. Preços — Um hectare de terra bôa custa 428000, approximadamente.","Preços — Um hectare de terra bôa custa 428000, approximadamente.",42000,42000,hectare,0
SP,S. Paulo dos Agudos,"Um trabalhador rural ganha de 2$000 a 3$000 diarios; um administrador de fazenda, 100$000 a 120$000 mensais; um escrivão, 50$000 a 90$000 mensais; um carpinteiro, 4$000 a 5$000 diarios; um cozinheiro, 30$000 a 40$000 mensais; uma lavadeira, 15$000 a 25$000 mensais. "" Os salarios são pagos e os contractos cumpridos.",Um trabalhador rural ganha de 2$000 a 3$000 diarios,2000,3000,daily,"um carpinteiro, 4$000 a 5$000 diarios",4000,5000,daily,De 18 a 24 por cento ao anno.,18,24,annual,"Qualidades - Ha terras de toda sorte: bôas, regulares e inferiores e são em sua maioria arenosas e planas. A vegetação é representada por mattas, capoeiras, pastos, campos, etc. "" Preços — Um hectare de terras bôas custa de 25$000 a 30$000, approximadamente. a. 63.","Preços — Um hectare de terras bôas custa de 25$000 a 30$000, approximadamente. a. 63.",25000,30000,hectare,0
SP,Sarapuha,"Um trabalhador rural ganha de 2$000 a 2$500 diarios; um cozinheiro, de 15$000 a 20$000 mensais; as lavadeiras ganham por duzia; um carpinteiro, de 5$000 a 6$000 diarios; não há administradores nem escrivães de fazenda. Os salários são pagos e os contratos cumpridos.",Um trabalhador rural ganha de 2$000 a 2$500 diarios,2000,2500,daily,"um carpinteiro, de 5$000 a 6$000 diarios",5000,6000,daily,Um e meio a dois por cento ao mez.,1.5,2,monthly,"Qualidades - As terras podem ser, mais ou menos, assim divididas: bóas, talvez eguães às inferiores; regulares, a maior parte. Montanhosas, no geral. Alguma matta. Preços — O hectare de terra boa custa de 80$000 a 100$000, approximadamente.","Preços — O hectare de terra boa custa de 80$000 a 100$000, approximadamente.",80000,100000,hectare,0
SP,São Carlos,"Trabalhador rural, de 2$000 a 2$800 por dia; administrador de fazenda, de 100$000 a 500$000 por mez; escrivão, 100$000 por mez; carpinteiro, de 5$000 a 7$000 por dia; cozinheiro, 50$000 por mez; cozinheira, 30$000; lavadeira, 20$000. Os salarios são pagos e os contractos cumpridos.","Trabalhador rural, de 2$000 a 2$800 por dia",2000,2800,daily,"carpinteiro, de 5$000 a 7$000 por dia",5000,7000,daily,"Taxa de 12 "" | ao anno.",12,12,annual,"Qualidades - As terras podem ser, mais ou menos, assim divididas: bôas e regulares, em partes talvez eguais; inferiores, mais do que as bôas ou regulares, isoladamente. Mais argilosas que arenosas. Geralmente planas. Alguma matta. "" Preços — Um hectare de terra bôa custa 200$000 e mais.",Preços — Um hectare de terra bôa custa 200$000 e mais.,200000,200000,hectare,0
SP,S. João da Bôa Vista,"Um trabalhador rural, seja colono ou camarada, ganha 2$000 diários; um cozinheiro de hotel, 100$000 mensões; uma cozinheira, nas fazendas, 30$000; um carpinteiro, 6$000 diários (a secco); um administrador de fazenda, 300$000 mensões, mais ou menos; um escrivão de fazenda, 80$000, mais ou menos. Os salários são pagos e os contractos cumpridos.","Um trabalhador rural, seja colono ou camarada, ganha 2$000 diários",2000,,daily,"um carpinteiro, 6$000 diários (a secco)",6000,,daily,A taxa de 12 por cento ao anno.,12,12,annual,"Qualidades - As terras podem ser mais ou menos assim divididas: bôas, menos que as regulares; inferiores, mais do que as regulares. Mais montanhosas do que planas e mais arenosas do que argilosas. Mattas, bôa parte. ” Preços — Um hectare de terra bôa custa mais ou menos 100$000.",Preços — Um hectare de terra bôa custa mais ou menos 100$000.,100000,100000,hectare,0
SP,Tremembé,"Trabalhador rural, 1$400, a secco; administrador de fazenda, 2.000$000 annuães; escrivão não ha; carpinteiro, 3$000 a 4$000 diários; cozinheiro, 15$000 mensões; lavadeiras, 400 réis por duzia de roupa lavada, sem sabão. Os salários são pagos e os contratos cumpridos.","Trabalhador rural, 1$400, a secco",1400,,,"carpinteiro, 3$000 a 4$000 diários",3000,4000,daily,Taxa de doze por cento ao ano.,12,12,annual,"Qualidades - Podem ser divididas mais ou menos assim: bôas, metade; regulares e inferiores, em partes talvez eguães. Mais argilosas que arenosas. Geralmente planas. Pouca matta. Preços — Um hectare de terra boa custa 83$000, approximadamente.","Preços — Um hectare de terra boa custa 83$000, approximadamente.",83000,83000,hectare,0
SP,Taubaté,"Um trabalhador rural ganha 18200 diários a secco; um administrador de fazenda, de 608000 a 1008000 mensões; escrivão de fazenda não há; carpinteiro, de 38000 a 48000 diários; lavadeira, 158000 mensões; cozinheiro, 158000 mensões. Os salários são pagos e os contratos cumpridos.",Um trabalhador rural ganha 18200 diários a secco,1200,,daily,"carpinteiro, de 38000 a 48000 diários",3000,4000,daily,Taxa de 12 a 18 ao ano.,12,18,annual,"Qualidades - Podem ser divididas, mais ou menos, assim: bôas e regulares, em partes talvez eguais; inferiores, quase eguais às bôas e regulares, isoladamente. Misturadas, a maior parte, assim como planas. Pouca matta. "" Preços — Um hectare de terra boa, custa, em média, 40$000; este preço varia segundo o lugar, custando até 400$00 se o terreno é de primeira qualidade e próximo da sede do município.","Preços — Um hectare de terra boa, custa, em média, 40$000; este preço varia segundo o lugar, custando até 400$00 se o terreno é de primeira qualidade e próximo da sede do município.",40000,400000,hectare,0
SP,Tieté,"Um trabalhador rural, seja colono ou camarada, ganha 2$000 a 2$500; um administrador de fazenda, 100$000 mensões, mais ou menos; um escrivão de fazenda, 80$000 mensões, mais ou menos; um carpinteiro, 4$000 a 5$000 diários; um cozinheiro, 30$000 mensões; as lavadeiras cobram 400 réis por duzia de peças lavadas. Os salários são pagos e os contratos cumpridos.","Um trabalhador rural, seja colono ou camarada, ganha 2$000 a 2$500",2000,2500,,"um carpinteiro, 4$000 a 5$000 diários",4000,5000,daily,A taxa é de 12 por cento ao ano.,12,12,annual,"Qualidades - Podem ser divididas mais ou menos assim: bôas, metade; regulares, mais que as inferiores. Argilosas a maior parte, assim como montanhosas. Mattas, bôa parte. "" Preços — Um hectare de terra bôa custa 100$000, approximadamente.","Preços — Um hectare de terra bôa custa 100$000, approximadamente.",100000,100000,hectare,0
SP,Taquaritinga,"O trabalhador rural ganha 2$500 diários e mais; o colono, 100$000 annuaes pelo trato de mil pés de café; um administrador de fazenda, as vezes até 3:000$000 annuaes; escrivão de fazenda, também as vezes 1:200$000 annuaes; um carpinteiro, 6$000 diários; um cozinheiro, 60$000 mensaes; lavadeira, 30$000 mensaes. Os salários são pagos e os contractos cumpridos.",O trabalhador rural ganha 2$500 diários e mais,2500,,daily,"um carpinteiro, 6$000 diários",6000,,daily,A taxa é de 12 *|* ao ano.,12,12,annual,"Qualidades - Podem ser, mais ou menos, assim divididas: bôas, a maior parte; regulares e inferiores, muito pouco. Muito e muito arenosas. Geralmente planas. Mattas, bôa parte. "" Preços — Um hectare de terra bôa custa 100$000, mais ou menos.","Preços — Um hectare de terra bôa custa 100$000, mais ou menos.",100000,100000,hectare,0
SP,Tambahú,"Trabalhador rural, 2$500 diarios a secco; administrador de fazenda, 200$000 (média) mensais; escrivão de fazenda, 100$000; carpinteiro, 6$000 diarios; cozinheiro, 25$000 mensais; lavadeira, 15$000 mensais. Os salários são pagos e os contractos cumpridos.","Trabalhador rural, 2$500 diarios a secco",2500,,daily,"carpinteiro, 6$000 diarios",6000,,daily,Taxa de 12 *|* annuaes.,12,12,annual,"Qualidades - Podem ser divididas, mais ou menos, assim: bôas e regulares em partes eguais; inferiores, a maior parte. Muito arenosas e montanhosas. Matta, muito pouca. Preços — Um hectare de terra bôa custa, approximadamente, 150$000.","Preços — Um hectare de terra bôa custa, approximadamente, 150$000.",150000,150000,hectare,0
SP,Tatuhy,"Um camarada ganha 2$000 diarios; um cozinheiro, 40$000 mensaes; lavadeira, 500 réis por duzia de peças; um carpinteiro, 5$000 a 6$000 diarios; um administrador de fazenda, 200$000 mensaes; um escrivão de fazenda, 100$000 mensae. Os salarios são pagos e os contractos cumpridos.",-,2000,,,"um carpinteiro, 5$000 a 6$000 diarios",5000,6000,daily,Taxa de 12 a 18 por cento ao anno.,12,18,annual,"Qualidades - Podem ser, mais ou menos, assim divididas: bôas, parte não pequena; regulares, mais do que bôas; inferiores, menos talvez que as bôas. Misturadas na maior parte. Muito planas. Alguma matta e muito campo. Preços — Um hectare de terra bôa custa 50$000, approximadamente.","Preços — Um hectare de terra bôa custa 50$000, approximadamente.",50000,50000,hectare,0
SP,Una,"Trabalhador rural, 2$000 diarios; cozinheiro, 10$000 mensais; lavadeiras, 500 réis por duzia de peças de roupa; carpinteiro, de 4$000 a 5$000 diarios; não há administradores nem escrivães de fazenda. Os salários são pagos e os contratos cumpridos.","Trabalhador rural, 2$000 diarios",2000,,daily,"carpinteiro, de 4$000 a 5$000 diarios",4000,5000,daily,Taxa de 18 a 24 por cento ao anno.,18,24,annual,"Qualidades - Podem ser dívidas mais ou menos assim: bôas, parte não pequena; regulares, mais do que as bôas; inferiores, quase eguais às bôas. Misturadas a maior parte, assim como a maior parte montanhosas. Mattas, bôa parte. "" Preços — Um hectare de terra bôa varia de 40$000 a 50$000.",Preços — Um hectare de terra bôa varia de 40$000 a 50$000.,40000,50000,hectare,0
SP,Ubatuba,"O trabalhador rural ganha de 1$500 a 2$000 por dia; cozinheira, 15$000 mensais; lavadeira, 10$000 mensais; carpinteiro, 3$000 diários; não ha administradores de fazenda nem escrivães. Os salários são pagos e os contratos cumpridos.",O trabalhador rural ganha de 1$500 a 2$000 por dia,1500,2000,daily,"carpinteiro, 3$000 diários",3000,,daily,São raros os emprestimos sobre propriedades agrícolas.,,,,"Qualidades - Podem ser divididas mais ou menos assim: bóas, a maior parte; regulares, menor parte; inferiores, um pouco mais que as regulares. Misturadas e planas na maior parte. Muita matta. "" Preços — Custa o hectare de terra 62$000, mais ou menos.","Preços — Custa o hectare de terra 62$000, mais ou menos.",62000,62000,hectare,0
SP,Villa Bella,"Um trabalhador rural ganha 1$000 diários; administradores e escrivães de fazenda não ha; um carpinteiro ganha 5$000 diários; uma lavadeira, 8$000 mensais; um cozinheiro, 10$000 mensais. Os salários são pagos e os contratos cumpridos.",Um trabalhador rural ganha 1$000 diários,1000,,daily,um carpinteiro ganha 5$000 diários,5000,,daily,Não é usual empréstimos sobre propriedades agrícolas.,,,,"Qualidades - Podem ser divididas, mais ou menos, assim: boas, mais de metade; regulares, poucas; inferiores, mais que as regulares. Argilhosas e montanhosas, na maior parte. Muita matta. "" Preços — O hectare de terra boa custa 32$000, mais ou menos. A. 68.","Preços — O hectare de terra boa custa 32$000, mais ou menos. A. 68.",32000,32000,hectare,0
SP,Villa Vieira do Piquete,"Um trabalhador rural ganha 1$500 diários a secco ou 1$000 com alimentação; um administrador de fazenda, de 80$000 a 200$000 mensais; escrivães de fazenda, não há; um carpinteiro, 4$000 a 5$000 diários. Um cozineiro ganha 10$000 a 20$000 mensais; as lavdeiras cobram 500 réis por dúzia de roupa lavada, sem sabão. Os salários são pagos e os contratos cumpridos.",Um trabalhador rural ganha 1$500 diários a secco ou 1$000 com alimentação,1000,1500,daily,"um carpinteiro, 4$000 a 5$000 diários",4000,5000,daily,10 ^{a}l^{s} animaes.,10,10,annual,"Qualidades - Podem ser divididas, mais ou menos, assim: bôas, mais de metade; regulares e inferiores, quase em partes eguais. Geralmente arenosas. Montanhosas quase todas. Mattas, bastante. "" Preços — Um hectare de terra bôa custa 62$000, approximadamente.","Preços — Um hectare de terra bôa custa 62$000, approximadamente.",62000,62000,hectare,0
SP,Xiririca,"Um trabalhador rural ganha 25000 diarios; um administrador de fazenda, 1005000 mensaes; não há escrivães de fazenda; uma cozinheira, 105000 a 1550000 mensaes; uma lavadeira, 1050000 mensaes; um carpinteiro, 45000 diarios. Os salarios são pagos e os contractos cumpridos.",Um trabalhador rural ganha 25000 diarios,2500,,daily,"um carpinteiro, 45000 diarios",45000,,daily,Não ha taxa fixa.,,,,"Qualidades - As terras do município são em sua maioria bôas e argillosas, existindo poucas regulares e inferiores. O município é levemente ondulado e não possue terrenos pantanosos. A vegetação é representada por muitas matas virgens, algumas capoeiras e campos. Não há cerrados nem carrascaes. "" Preços — Um hectare de terra boa custa 105000, approximadamente.","Preços — Um hectare de terra boa custa 105000, approximadamente.",10000,10000,hectare,0
SP,Yporanga,"O trabalhador rural ganha 1$000 diários; não ha administradores nem escrivães de fazenda; um carpinteiro ganha 4$000 diários; uma cozinheira ou lavadeira, 15$000 mensais. Os salários são pagos e os contratos cumpridos.",O trabalhador rural ganha 1$000 diários,1000,,daily,um carpinteiro ganha 4$000 diários,4000,,daily,Não ha emprestimos.,,,,"Qualidades - As terras do valle do rio Pardo são bôas; as das encostas dos morros, margeando o rio, são regulares e as dos morros íngremes, são inferiores. São geralmente argilosas e accidentadas. A vegetação é representada por mattas, capoeiras, cerrados e carrascaes. Campos não há. Preços — Um hectare de terra bôa de 8$000 a 50$000, mais ou menos.","Preços — Um hectare de terra bôa de 8$000 a 50$000, mais ou menos.",8000,50000,hectare,0
