source_image,bank_name,founding_year,balance_date,capital_raw,reserve_raw,raw_entry,municipality,state,parenthetical_raw,branch_location,notes
banespa_1960.jpg,BANCO DO ESTADO DE SÃO PAULO S. A.,1909,31 DE JANEIRO DE 1961,,,Adamantina,Adamantina,SP,,,
banespa_1960.jpg,BANCO DO ESTADO DE SÃO PAULO S. A.,1909,31 DE JANEIRO DE 1961,,,Bragança Paulista,Bragança Paulista,SP,,,
banespa_1960.jpg,BANCO DO ESTADO DE SÃO PAULO S. A.,1909,31 DE JANEIRO DE 1961,,,Itu,Itu,SP,,,
banespa_1960.jpg,BANCO DO ESTADO DE SÃO PAULO S. A.,1909,31 DE JANEIRO DE 1961,,,Palmital,Palmital,SP,,,
banespa_1960.jpg,BANCO DO ESTADO DE SÃO PAULO S. A.,1909,31 DE JANEIRO DE 1961,,,Santa Cruz do Rio Pardo,Santa Cruz do Rio Pardo,SP,,,
banespa_1960.jpg,BANCO DO ESTADO DE SÃO PAULO S. A.,1909,31 DE JANEIRO DE 1961,,,Aerop. de Congonhas (Cap.),São Paulo,SP,Cap.,Aeroporto de Congonhas,Capital branch/location label
banespa_1960.jpg,BANCO DO ESTADO DE SÃO PAULO S. A.,1909,31 DE JANEIRO DE 1961,,,Brás (Capital),São Paulo,SP,Capital,Brás,Capital branch/location label
banespa_1960.jpg,BANCO DO ESTADO DE SÃO PAULO S. A.,1909,31 DE JANEIRO DE 1961,,,Ituverava,Ituverava,SP,,,
banespa_1960.jpg,BANCO DO ESTADO DE SÃO PAULO S. A.,1909,31 DE JANEIRO DE 1961,,,Penápolis,Penápolis,SP,,,
banespa_1960.jpg,BANCO DO ESTADO DE SÃO PAULO S. A.,1909,31 DE JANEIRO DE 1961,,,Santo Anastácio,Santo Anastácio,SP,,,
banespa_1960.jpg,BANCO DO ESTADO DE SÃO PAULO S. A.,1909,31 DE JANEIRO DE 1961,,,Amparo,Amparo,SP,,,
banespa_1960.jpg,BANCO DO ESTADO DE SÃO PAULO S. A.,1909,31 DE JANEIRO DE 1961,,,Brasília (DF.),Brasília,DF,DF.,,
banespa_1960.jpg,BANCO DO ESTADO DE SÃO PAULO S. A.,1909,31 DE JANEIRO DE 1961,,,Jaboticabal,Jaboticabal,SP,,,
banespa_1960.jpg,BANCO DO ESTADO DE SÃO PAULO S. A.,1909,31 DE JANEIRO DE 1961,,,Pinhal,Pinhal,SP,,,
banespa_1960.jpg,BANCO DO ESTADO DE SÃO PAULO S. A.,1909,31 DE JANEIRO DE 1961,,,Santos,Santos,SP,,,
banespa_1960.jpg,BANCO DO ESTADO DE SÃO PAULO S. A.,1909,31 DE JANEIRO DE 1961,,,Anápolis (Goiás),Anápolis,GO,Goiás,,
banespa_1960.jpg,BANCO DO ESTADO DE SÃO PAULO S. A.,1909,31 DE JANEIRO DE 1961,,,Caçapava,Caçapava,SP,,,
banespa_1960.jpg,BANCO DO ESTADO DE SÃO PAULO S. A.,1909,31 DE JANEIRO DE 1961,,,Jau,Jaú,SP,,,
banespa_1960.jpg,BANCO DO ESTADO DE SÃO PAULO S. A.,1909,31 DE JANEIRO DE 1961,,,Piracicaba,Piracicaba,SP,,,
banespa_1960.jpg,BANCO DO ESTADO DE SÃO PAULO S. A.,1909,31 DE JANEIRO DE 1961,,,São Bernardo do Campo,São Bernardo do Campo,SP,,,
banespa_1960.jpg,BANCO DO ESTADO DE SÃO PAULO S. A.,1909,31 DE JANEIRO DE 1961,,,Andradina,Andradina,SP,,,
banespa_1960.jpg,BANCO DO ESTADO DE SÃO PAULO S. A.,1909,31 DE JANEIRO DE 1961,,,Campinas,Campinas,SP,,,
banespa_1960.jpg,BANCO DO ESTADO DE SÃO PAULO S. A.,1909,31 DE JANEIRO DE 1961,,,Jundiaí,Jundiaí,SP,,,
banespa_1960.jpg,BANCO DO ESTADO DE SÃO PAULO S. A.,1909,31 DE JANEIRO DE 1961,,,Pirajuí,Pirajuí,SP,,,
banespa_1960.jpg,BANCO DO ESTADO DE SÃO PAULO S. A.,1909,31 DE JANEIRO DE 1961,,,São Carlos,São Carlos,SP,,,
banespa_1960.jpg,BANCO DO ESTADO DE SÃO PAULO S. A.,1909,31 DE JANEIRO DE 1961,,,Aracatuba,Araçatuba,SP,,,
banespa_1960.jpg,BANCO DO ESTADO DE SÃO PAULO S. A.,1909,31 DE JANEIRO DE 1961,,,C. Grande (Mato Grosso),Campo Grande,MT,Mato Grosso,,
banespa_1960.jpg,BANCO DO ESTADO DE SÃO PAULO S. A.,1909,31 DE JANEIRO DE 1961,,,Lençois Paulista,Lençois Paulista,SP,,,
banespa_1960.jpg,BANCO DO ESTADO DE SÃO PAULO S. A.,1909,31 DE JANEIRO DE 1961,,,Pirassununga,Pirassununga,SP,,,
banespa_1960.jpg,BANCO DO ESTADO DE SÃO PAULO S. A.,1909,31 DE JANEIRO DE 1961,,,São João da Boa Vista,São João da Boa Vista,SP,,,
banespa_1960.jpg,BANCO DO ESTADO DE SÃO PAULO S. A.,1909,31 DE JANEIRO DE 1961,,,Araraquara,Araraquara,SP,,,
banespa_1960.jpg,BANCO DO ESTADO DE SÃO PAULO S. A.,1909,31 DE JANEIRO DE 1961,,,Campos do Jordão,Campos do Jordão,SP,,,
banespa_1960.jpg,BANCO DO ESTADO DE SÃO PAULO S. A.,1909,31 DE JANEIRO DE 1961,,,Limeira,Limeira,SP,,,
banespa_1960.jpg,BANCO DO ESTADO DE SÃO PAULO S. A.,1909,31 DE JANEIRO DE 1961,,,Pompéia,Pompéia,SP,,,
banespa_1960.jpg,BANCO DO ESTADO DE SÃO PAULO S. A.,1909,31 DE JANEIRO DE 1961,,,São Joaquim da Barra,São Joaquim da Barra,SP,,,
banespa_1960.jpg,BANCO DO ESTADO DE SÃO PAULO S. A.,1909,31 DE JANEIRO DE 1961,,,Araras,Araras,SP,,,
banespa_1960.jpg,BANCO DO ESTADO DE SÃO PAULO S. A.,1909,31 DE JANEIRO DE 1961,,,Casa Branca,Casa Branca,SP,,,
banespa_1960.jpg,BANCO DO ESTADO DE SÃO PAULO S. A.,1909,31 DE JANEIRO DE 1961,,,Lins,Lins,SP,,,
banespa_1960.jpg,BANCO DO ESTADO DE SÃO PAULO S. A.,1909,31 DE JANEIRO DE 1961,,,P. Aleare (R. G. do Sul),Porto Alegre,RS,R. G. do Sul,,
banespa_1960.jpg,BANCO DO ESTADO DE SÃO PAULO S. A.,1909,31 DE JANEIRO DE 1961,,,São José do Rio Pardo,São José do Rio Pardo,SP,,,
banespa_1960.jpg,BANCO DO ESTADO DE SÃO PAULO S. A.,1909,31 DE JANEIRO DE 1961,,,Atibaia,Atibaia,SP,,,
banespa_1960.jpg,BANCO DO ESTADO DE SÃO PAULO S. A.,1909,31 DE JANEIRO DE 1961,,,Catanduva,Catanduva,SP,,,
banespa_1960.jpg,BANCO DO ESTADO DE SÃO PAULO S. A.,1909,31 DE JANEIRO DE 1961,,,Lucélia,Lucélia,SP,,,
banespa_1960.jpg,BANCO DO ESTADO DE SÃO PAULO S. A.,1909,31 DE JANEIRO DE 1961,,,Presidente Prudente,Presidente Prudente,SP,,,
banespa_1960.jpg,BANCO DO ESTADO DE SÃO PAULO S. A.,1909,31 DE JANEIRO DE 1961,,,São José do Rio Prémio,São José do Rio Prémio,SP,,,
banespa_1960.jpg,BANCO DO ESTADO DE SÃO PAULO S. A.,1909,31 DE JANEIRO DE 1961,,,Avaré,Avaré,SP,,,
banespa_1960.jpg,BANCO DO ESTADO DE SÃO PAULO S. A.,1909,31 DE JANEIRO DE 1961,,,Dracena,Dracena,SP,,,
banespa_1960.jpg,BANCO DO ESTADO DE SÃO PAULO S. A.,1909,31 DE JANEIRO DE 1961,,,Marília,Marília,SP,,,
banespa_1960.jpg,BANCO DO ESTADO DE SÃO PAULO S. A.,1909,31 DE JANEIRO DE 1961,,,Presidente Venceslau,Presidente Venceslau,SP,,,
banespa_1960.jpg,BANCO DO ESTADO DE SÃO PAULO S. A.,1909,31 DE JANEIRO DE 1961,,,São Luís (Capital),São Luís,MA,Capital,,
banespa_1960.jpg,BANCO DO ESTADO DE SÃO PAULO S. A.,1909,31 DE JANEIRO DE 1961,,,Barretos,Barretos,SP,,,
banespa_1960.jpg,BANCO DO ESTADO DE SÃO PAULO S. A.,1909,31 DE JANEIRO DE 1961,,,Franca,Franca,SP,,,
banespa_1960.jpg,BANCO DO ESTADO DE SÃO PAULO S. A.,1909,31 DE JANEIRO DE 1961,,,Mirassol,Mirassol,SP,,,
banespa_1960.jpg,BANCO DO ESTADO DE SÃO PAULO S. A.,1909,31 DE JANEIRO DE 1961,,,Quatá,Quatá,SP,,,
banespa_1960.jpg,BANCO DO ESTADO DE SÃO PAULO S. A.,1909,31 DE JANEIRO DE 1961,,,São Simão,São Simão,SP,,,
banespa_1960.jpg,BANCO DO ESTADO DE SÃO PAULO S. A.,1909,31 DE JANEIRO DE 1961,,,Batatais,Batatais,SP,,,
banespa_1960.jpg,BANCO DO ESTADO DE SÃO PAULO S. A.,1909,31 DE JANEIRO DE 1961,,,Galia,Gália,SP,,,
banespa_1960.jpg,BANCO DO ESTADO DE SÃO PAULO S. A.,1909,31 DE JANEIRO DE 1961,,,Moqi Mirim,Mogi Mirim,SP,,,
banespa_1960.jpg,BANCO DO ESTADO DE SÃO PAULO S. A.,1909,31 DE JANEIRO DE 1961,,,Rancharia,Rancharia,SP,,,
banespa_1960.jpg,BANCO DO ESTADO DE SÃO PAULO S. A.,1909,31 DE JANEIRO DE 1961,,,Sorocaba,Sorocaba,SP,,,
banespa_1960.jpg,BANCO DO ESTADO DE SÃO PAULO S. A.,1909,31 DE JANEIRO DE 1961,,,Bauru,Bauru,SP,,,
banespa_1960.jpg,BANCO DO ESTADO DE SÃO PAULO S. A.,1909,31 DE JANEIRO DE 1961,,,Goiânia (Goiás),Goiânia,GO,Goiás,,
banespa_1960.jpg,BANCO DO ESTADO DE SÃO PAULO S. A.,1909,31 DE JANEIRO DE 1961,,,Natal (R. G. do Norte),Natal,RN,R. G. do Norte,,
banespa_1960.jpg,BANCO DO ESTADO DE SÃO PAULO S. A.,1909,31 DE JANEIRO DE 1961,,,Registro,Registro,SP,,,
banespa_1960.jpg,BANCO DO ESTADO DE SÃO PAULO S. A.,1909,31 DE JANEIRO DE 1961,,,Tanabi,Tanabi,SP,,,
banespa_1960.jpg,BANCO DO ESTADO DE SÃO PAULO S. A.,1909,31 DE JANEIRO DE 1961,,,Bebedouro,Bebedouro,SP,,,
banespa_1960.jpg,BANCO DO ESTADO DE SÃO PAULO S. A.,1909,31 DE JANEIRO DE 1961,,,Guaratinguetá,Guaratinguetá,SP,,,
banespa_1960.jpg,BANCO DO ESTADO DE SÃO PAULO S. A.,1909,31 DE JANEIRO DE 1961,,,Novo Horizonte,Novo Horizonte,SP,,,
banespa_1960.jpg,BANCO DO ESTADO DE SÃO PAULO S. A.,1909,31 DE JANEIRO DE 1961,,,Ribeirão Prémio,Ribeirão Prémio,SP,,,
banespa_1960.jpg,BANCO DO ESTADO DE SÃO PAULO S. A.,1909,31 DE JANEIRO DE 1961,,,Taubaté,Taubaté,SP,,,
banespa_1960.jpg,BANCO DO ESTADO DE SÃO PAULO S. A.,1909,31 DE JANEIRO DE 1961,,,Biriqui,Birigui,SP,,,
banespa_1960.jpg,BANCO DO ESTADO DE SÃO PAULO S. A.,1909,31 DE JANEIRO DE 1961,,,Ibitinga,Ibitinga,SP,,,
banespa_1960.jpg,BANCO DO ESTADO DE SÃO PAULO S. A.,1909,31 DE JANEIRO DE 1961,,,Olímpia,Olímpia,SP,,,
banespa_1960.jpg,BANCO DO ESTADO DE SÃO PAULO S. A.,1909,31 DE JANEIRO DE 1961,,,Rio Claro,Rio Claro,SP,,,
banespa_1960.jpg,BANCO DO ESTADO DE SÃO PAULO S. A.,1909,31 DE JANEIRO DE 1961,,,Tietê,Tietê,SP,,,
banespa_1960.jpg,BANCO DO ESTADO DE SÃO PAULO S. A.,1909,31 DE JANEIRO DE 1961,,,Botucatu,Botucatu,SP,,,
banespa_1960.jpg,BANCO DO ESTADO DE SÃO PAULO S. A.,1909,31 DE JANEIRO DE 1961,,,Itapetininga,Itapetininga,SP,,,
banespa_1960.jpg,BANCO DO ESTADO DE SÃO PAULO S. A.,1909,31 DE JANEIRO DE 1961,,,Ourinhos,Ourinhos,SP,,,
banespa_1960.jpg,BANCO DO ESTADO DE SÃO PAULO S. A.,1909,31 DE JANEIRO DE 1961,,,Rio de Janeiro (GB.),Rio de Janeiro,GB,GB.,,
banespa_1960.jpg,BANCO DO ESTADO DE SÃO PAULO S. A.,1909,31 DE JANEIRO DE 1961,,,Tupã,Tupã,SP,,,
banespa_1960.jpg,BANCO DO ESTADO DE SÃO PAULO S. A.,1909,31 DE JANEIRO DE 1961,,,Itapeva,Itapeva,SP,,,
banespa_1960.jpg,BANCO DO ESTADO DE SÃO PAULO S. A.,1909,31 DE JANEIRO DE 1961,,,Uberlândia (Minas Gerais),Uberlândia,MG,Minas Gerais,,
bbahia.jpg,BANCO DA BAHIA S. A.,1858,,"Cr$ 500.000.000,00","Cr$ 466.663.964,70",Sucursal: Rio de Janeiro,Rio de Janeiro,RJ,,Sucursal,Metropolitan addresses ignored
bbahia.jpg,BANCO DA BAHIA S. A.,1858,,"Cr$ 500.000.000,00","Cr$ 466.663.964,70",Alagoinhas,Alagoinhas,BA,,,
bbahia.jpg,BANCO DA BAHIA S. A.,1858,,"Cr$ 500.000.000,00","Cr$ 466.663.964,70",Belmonte,Belmonte,BA,,,
bbahia.jpg,BANCO DA BAHIA S. A.,1858,,"Cr$ 500.000.000,00","Cr$ 466.663.964,70",Brumado,Brumado,BA,,,
bbahia.jpg,BANCO DA BAHIA S. A.,1858,,"Cr$ 500.000.000,00","Cr$ 466.663.964,70",Buerarema,Buerarema,BA,,,
bbahia.jpg,BANCO DA BAHIA S. A.,1858,,"Cr$ 500.000.000,00","Cr$ 466.663.964,70",Cachoeira,Cachoeira,BA,,,
bbahia.jpg,BANCO DA BAHIA S. A.,1858,,"Cr$ 500.000.000,00","Cr$ 466.663.964,70",Camacã,Camacã,BA,,,
bbahia.jpg,BANCO DA BAHIA S. A.,1858,,"Cr$ 500.000.000,00","Cr$ 466.663.964,70",Canavieiras,Canavieiras,BA,,,
bbahia.jpg,BANCO DA BAHIA S. A.,1858,,"Cr$ 500.000.000,00","Cr$ 466.663.964,70",Candeias,Candeias,BA,,,
bbahia.jpg,BANCO DA BAHIA S. A.,1858,,"Cr$ 500.000.000,00","Cr$ 466.663.964,70",Caravelas,Caravelas,BA,,,
bbahia.jpg,BANCO DA BAHIA S. A.,1858,,"Cr$ 500.000.000,00","Cr$ 466.663.964,70",Castro Alves,Castro Alves,BA,,,
bbahia.jpg,BANCO DA BAHIA S. A.,1858,,"Cr$ 500.000.000,00","Cr$ 466.663.964,70",Catú,Catú,BA,,,
bbahia.jpg,BANCO DA BAHIA S. A.,1858,,"Cr$ 500.000.000,00","Cr$ 466.663.964,70",Coaraci,Coaraci,BA,,,
bbahia.jpg,BANCO DA BAHIA S. A.,1858,,"Cr$ 500.000.000,00","Cr$ 466.663.964,70",Cruz das Almas,Cruz das Almas,BA,,,
bbahia.jpg,BANCO DA BAHIA S. A.,1858,,"Cr$ 500.000.000,00","Cr$ 466.663.964,70",Feira de Santana,Feira de Santana,BA,,,
bbahia.jpg,BANCO DA BAHIA S. A.,1858,,"Cr$ 500.000.000,00","Cr$ 466.663.964,70",Gandu,Gandu,BA,,,
bbahia.jpg,BANCO DA BAHIA S. A.,1858,,"Cr$ 500.000.000,00","Cr$ 466.663.964,70",Guanambi,Guanambi,BA,,,
bbahia.jpg,BANCO DA BAHIA S. A.,1858,,"Cr$ 500.000.000,00","Cr$ 466.663.964,70",Ibicaraí,Ibicaraí,BA,,,
bbahia.jpg,BANCO DA BAHIA S. A.,1858,,"Cr$ 500.000.000,00","Cr$ 466.663.964,70",Ibirataia,Ibirataia,BA,,,
bbahia.jpg,BANCO DA BAHIA S. A.,1858,,"Cr$ 500.000.000,00","Cr$ 466.663.964,70",Ilhéus,Ilhéus,BA,,,
bbahia.jpg,BANCO DA BAHIA S. A.,1858,,"Cr$ 500.000.000,00","Cr$ 466.663.964,70",Ipiaú,Ipiaú,BA,,,
bbahia.jpg,BANCO DA BAHIA S. A.,1858,,"Cr$ 500.000.000,00","Cr$ 466.663.964,70",Irecê,Irecê,BA,,,
bbahia.jpg,BANCO DA BAHIA S. A.,1858,,"Cr$ 500.000.000,00","Cr$ 466.663.964,70",Itaberaba,Itaberaba,BA,,,
bbahia.jpg,BANCO DA BAHIA S. A.,1858,,"Cr$ 500.000.000,00","Cr$ 466.663.964,70",Itabuna,Itabuna,BA,,,
bbahia.jpg,BANCO DA BAHIA S. A.,1858,,"Cr$ 500.000.000,00","Cr$ 466.663.964,70",Itajuípe,Itajuípe,BA,,,
bbahia.jpg,BANCO DA BAHIA S. A.,1858,,"Cr$ 500.000.000,00","Cr$ 466.663.964,70",Itambé,Itambé,BA,,,
bbahia.jpg,BANCO DA BAHIA S. A.,1858,,"Cr$ 500.000.000,00","Cr$ 466.663.964,70",Itapetinga,Itapetinga,BA,,,
bbahia.jpg,BANCO DA BAHIA S. A.,1858,,"Cr$ 500.000.000,00","Cr$ 466.663.964,70",Itaquara,Itaquara,BA,,,
bbahia.jpg,BANCO DA BAHIA S. A.,1858,,"Cr$ 500.000.000,00","Cr$ 466.663.964,70",Jacobina,Jacobina,BA,,,
bbahia.jpg,BANCO DA BAHIA S. A.,1858,,"Cr$ 500.000.000,00","Cr$ 466.663.964,70",Jequié,Jequié,BA,,,
bbahia.jpg,BANCO DA BAHIA S. A.,1858,,"Cr$ 500.000.000,00","Cr$ 466.663.964,70",Joazeiro,Joazeiro,BA,,,
bbahia.jpg,BANCO DA BAHIA S. A.,1858,,"Cr$ 500.000.000,00","Cr$ 466.663.964,70",Miguel Calmon,Miguel Calmon,BA,,,
bbahia.jpg,BANCO DA BAHIA S. A.,1858,,"Cr$ 500.000.000,00","Cr$ 466.663.964,70",Paulo Afonso,Paulo Afonso,BA,,,
bbahia.jpg,BANCO DA BAHIA S. A.,1858,,"Cr$ 500.000.000,00","Cr$ 466.663.964,70",Piritiba,Piritiba,BA,,,
bbahia.jpg,BANCO DA BAHIA S. A.,1858,,"Cr$ 500.000.000,00","Cr$ 466.663.964,70",Poções,Poções,BA,,,
bbahia.jpg,BANCO DA BAHIA S. A.,1858,,"Cr$ 500.000.000,00","Cr$ 466.663.964,70",Prado,Prado,BA,,,
bbahia.jpg,BANCO DA BAHIA S. A.,1858,,"Cr$ 500.000.000,00","Cr$ 466.663.964,70",Remanso,Remanso,BA,,,
bbahia.jpg,BANCO DA BAHIA S. A.,1858,,"Cr$ 500.000.000,00","Cr$ 466.663.964,70",Santo Antônio de Jesus,Santo Antônio de Jesus,BA,,,
bbahia.jpg,BANCO DA BAHIA S. A.,1858,,"Cr$ 500.000.000,00","Cr$ 466.663.964,70",São Felix,São Felix,BA,,,
bbahia.jpg,BANCO DA BAHIA S. A.,1858,,"Cr$ 500.000.000,00","Cr$ 466.663.964,70",Serrinha,Serrinha,BA,,,
bbahia.jpg,BANCO DA BAHIA S. A.,1858,,"Cr$ 500.000.000,00","Cr$ 466.663.964,70",Ubaitaba,Ubaitaba,BA,,,
bbahia.jpg,BANCO DA BAHIA S. A.,1858,,"Cr$ 500.000.000,00","Cr$ 466.663.964,70",Ubatã,Ubatã,BA,,,
bbahia.jpg,BANCO DA BAHIA S. A.,1858,,"Cr$ 500.000.000,00","Cr$ 466.663.964,70",Valença,Valença,BA,,,
bbahia.jpg,BANCO DA BAHIA S. A.,1858,,"Cr$ 500.000.000,00","Cr$ 466.663.964,70",Vitória da Conquista,Vitória da Conquista,BA,,,
bbahia.jpg,BANCO DA BAHIA S. A.,1858,,"Cr$ 500.000.000,00","Cr$ 466.663.964,70",Gov. Valadares,Governador Valadares,MG,,,
bbahia.jpg,BANCO DA BAHIA S. A.,1858,,"Cr$ 500.000.000,00","Cr$ 466.663.964,70",Montes Claros,Montes Claros,MG,,,
bbahia.jpg,BANCO DA BAHIA S. A.,1858,,"Cr$ 500.000.000,00","Cr$ 466.663.964,70",Nanuque,Nanuque,MG,,,
bbahia.jpg,BANCO DA BAHIA S. A.,1858,,"Cr$ 500.000.000,00","Cr$ 466.663.964,70",Teófilo Otoni,Teófilo Otoni,MG,,,
bbahia.jpg,BANCO DA BAHIA S. A.,1858,,"Cr$ 500.000.000,00","Cr$ 466.663.964,70",Barretos,Barretos,SP,,,
bbahia.jpg,BANCO DA BAHIA S. A.,1858,,"Cr$ 500.000.000,00","Cr$ 466.663.964,70",Campinas,Campinas,SP,,,
bbahia.jpg,BANCO DA BAHIA S. A.,1858,,"Cr$ 500.000.000,00","Cr$ 466.663.964,70",Guapiaçu,Guapiaçu,SP,,,
bbahia.jpg,BANCO DA BAHIA S. A.,1858,,"Cr$ 500.000.000,00","Cr$ 466.663.964,70",Mogi das Cruzes,Mogi das Cruzes,SP,,,
bbahia.jpg,BANCO DA BAHIA S. A.,1858,,"Cr$ 500.000.000,00","Cr$ 466.663.964,70",Olímpia,Olímpia,SP,,,
bbahia.jpg,BANCO DA BAHIA S. A.,1858,,"Cr$ 500.000.000,00","Cr$ 466.663.964,70",Piracicaba,Piracicaba,SP,,,
bbahia.jpg,BANCO DA BAHIA S. A.,1858,,"Cr$ 500.000.000,00","Cr$ 466.663.964,70",Santos,Santos,SP,,,
bbahia.jpg,BANCO DA BAHIA S. A.,1858,,"Cr$ 500.000.000,00","Cr$ 466.663.964,70",São José do Rio Prêto,São José do Rio Prêto,SP,,,
bbahia.jpg,BANCO DA BAHIA S. A.,1858,,"Cr$ 500.000.000,00","Cr$ 466.663.964,70",Curitiba,Curitiba,PR,,,
bcomercindmg.jpg,BANCO COMÉRCIO E INDÚSTRIA DE MINAS GERAIS S. A.,1923,,,,FILIAIS: Belém,Belém,PA,,Filial,
bcomercindmg.jpg,BANCO COMÉRCIO E INDÚSTRIA DE MINAS GERAIS S. A.,1923,,,,FILIAIS: Fortaleza,Fortaleza,CE,,Filial,
bcomercindmg.jpg,BANCO COMÉRCIO E INDÚSTRIA DE MINAS GERAIS S. A.,1923,,,,FILIAIS: Pôrto Alegre,Porto Alegre,RS,,Filial,
bcomercindmg.jpg,BANCO COMÉRCIO E INDÚSTRIA DE MINAS GERAIS S. A.,1923,,,,FILIAIS: Recife,Recife,PE,,Filial,
bcomercindmg.jpg,BANCO COMÉRCIO E INDÚSTRIA DE MINAS GERAIS S. A.,1923,,,,FILIAIS: Rio de Janeiro,Rio de Janeiro,GB,,Filial,
bcomercindmg.jpg,BANCO COMÉRCIO E INDÚSTRIA DE MINAS GERAIS S. A.,1923,,,,FILIAIS: Salvador,Salvador,BA,,Filial,
bcomercindmg.jpg,BANCO COMÉRCIO E INDÚSTRIA DE MINAS GERAIS S. A.,1923,,,,FILIAIS: São Paulo,São Paulo,SP,,Filial,
bcomercindmg.jpg,BANCO COMÉRCIO E INDÚSTRIA DE MINAS GERAIS S. A.,1923,,,,Alto Rio Doce,Alto Rio Doce,MG,,,
bcomercindmg.jpg,BANCO COMÉRCIO E INDÚSTRIA DE MINAS GERAIS S. A.,1923,,,,Araguari,Araguari,MG,,,
bcomercindmg.jpg,BANCO COMÉRCIO E INDÚSTRIA DE MINAS GERAIS S. A.,1923,,,,Araxá,Araxá,MG,,,
bcomercindmg.jpg,BANCO COMÉRCIO E INDÚSTRIA DE MINAS GERAIS S. A.,1923,,,,Areado,Areado,MG,,,
bcomercindmg.jpg,BANCO COMÉRCIO E INDÚSTRIA DE MINAS GERAIS S. A.,1923,,,,Bambuí,Bambuí,MG,,,
bcomercindmg.jpg,BANCO COMÉRCIO E INDÚSTRIA DE MINAS GERAIS S. A.,1923,,,,Bicas,Bicas,MG,,,
bcomercindmg.jpg,BANCO COMÉRCIO E INDÚSTRIA DE MINAS GERAIS S. A.,1923,,,,Bocaiuva,Bocaiuva,MG,,,
bcomercindmg.jpg,BANCO COMÉRCIO E INDÚSTRIA DE MINAS GERAIS S. A.,1923,,,,Campo Belo,Campo Belo,MG,,,
bcomercindmg.jpg,BANCO COMÉRCIO E INDÚSTRIA DE MINAS GERAIS S. A.,1923,,,,Campos Altos,Campos Altos,MG,,,
bcomercindmg.jpg,BANCO COMÉRCIO E INDÚSTRIA DE MINAS GERAIS S. A.,1923,,,,Campos Gerais,Campos Gerais,MG,,,
bcomercindmg.jpg,BANCO COMÉRCIO E INDÚSTRIA DE MINAS GERAIS S. A.,1923,,,,Caratinga,Caratinga,MG,,,
bcomercindmg.jpg,BANCO COMÉRCIO E INDÚSTRIA DE MINAS GERAIS S. A.,1923,,,,Carmo do Rio Claro,Carmo do Rio Claro,MG,,,
bcomercindmg.jpg,BANCO COMÉRCIO E INDÚSTRIA DE MINAS GERAIS S. A.,1923,,,,Cássia,Cássia,MG,,,
bcomercindmg.jpg,BANCO COMÉRCIO E INDÚSTRIA DE MINAS GERAIS S. A.,1923,,,,Cataguases,Cataguases,MG,,,
bcomercindmg.jpg,BANCO COMÉRCIO E INDÚSTRIA DE MINAS GERAIS S. A.,1923,,,,Caxambu,Caxambu,MG,,,OCR read as Cazambu
bcomercindmg.jpg,BANCO COMÉRCIO E INDÚSTRIA DE MINAS GERAIS S. A.,1923,,,,Conceição do Rio Verde,Conceição do Rio Verde,MG,,,
bcomercindmg.jpg,BANCO COMÉRCIO E INDÚSTRIA DE MINAS GERAIS S. A.,1923,,,,Formiga,Formiga,MG,,,
bcomercindmg.jpg,BANCO COMÉRCIO E INDÚSTRIA DE MINAS GERAIS S. A.,1923,,,,Governador Valadares,Governador Valadares,MG,,,
bcomercindmg.jpg,BANCO COMÉRCIO E INDÚSTRIA DE MINAS GERAIS S. A.,1923,,,,Ibiraci,Ibiraci,MG,,,
bcomercindmg.jpg,BANCO COMÉRCIO E INDÚSTRIA DE MINAS GERAIS S. A.,1923,,,,Itabira,Itabira,MG,,,
bcomercindmg.jpg,BANCO COMÉRCIO E INDÚSTRIA DE MINAS GERAIS S. A.,1923,,,,Itapecerica,Itapecerica,MG,,,
bcomercindmg.jpg,BANCO COMÉRCIO E INDÚSTRIA DE MINAS GERAIS S. A.,1923,,,,Itaúna,Itaúna,MG,,,OCR omitted accent
bcomercindmg.jpg,BANCO COMÉRCIO E INDÚSTRIA DE MINAS GERAIS S. A.,1923,,,,Ituiutaba,Ituiutaba,MG,,,OCR read as Itulutaba
bcomercindmg.jpg,BANCO COMÉRCIO E INDÚSTRIA DE MINAS GERAIS S. A.,1923,,,,João Monlevade,João Monlevade,MG,,,OCR read as João Montevade
bcomercindmg.jpg,BANCO COMÉRCIO E INDÚSTRIA DE MINAS GERAIS S. A.,1923,,,,Juiz de Fora,Juiz de Fora,MG,,,
bcomercindmg.jpg,BANCO COMÉRCIO E INDÚSTRIA DE MINAS GERAIS S. A.,1923,,,,Montes Claros,Montes Claros,MG,,,
bcomercindmg.jpg,BANCO COMÉRCIO E INDÚSTRIA DE MINAS GERAIS S. A.,1923,,,,Muriaé,Muriaé,MG,,,
bcomercindmg.jpg,BANCO COMÉRCIO E INDÚSTRIA DE MINAS GERAIS S. A.,1923,,,,Ouro Preto,Ouro Preto,MG,,,
bcomercindmg.jpg,BANCO COMÉRCIO E INDÚSTRIA DE MINAS GERAIS S. A.,1923,,,,Pará de Minas,Pará de Minas,MG,,,
bcomercindmg.jpg,BANCO COMÉRCIO E INDÚSTRIA DE MINAS GERAIS S. A.,1923,,,,Paraguaçu,Paraguaçu,MG,,,OCR omitted cedilla
bcomercindmg.jpg,BANCO COMÉRCIO E INDÚSTRIA DE MINAS GERAIS S. A.,1923,,,,Patos de Minas,Patos de Minas,MG,,,
bcomercindmg.jpg,BANCO COMÉRCIO E INDÚSTRIA DE MINAS GERAIS S. A.,1923,,,,Pirapora,Pirapora,MG,,,
bcomercindmg.jpg,BANCO COMÉRCIO E INDÚSTRIA DE MINAS GERAIS S. A.,1923,,,,Pitangui,Pitangui,MG,,,OCR read as Pitanqui
bcomercindmg.jpg,BANCO COMÉRCIO E INDÚSTRIA DE MINAS GERAIS S. A.,1923,,,,Piuí,Piuí,MG,,,
bcomercindmg.jpg,BANCO COMÉRCIO E INDÚSTRIA DE MINAS GERAIS S. A.,1923,,,,Pompéu,Pompéu,MG,,,
bcomercindmg.jpg,BANCO COMÉRCIO E INDÚSTRIA DE MINAS GERAIS S. A.,1923,,,,Ponte Nova,Ponte Nova,MG,,,
bcomercindmg.jpg,BANCO COMÉRCIO E INDÚSTRIA DE MINAS GERAIS S. A.,1923,,,,Rio Casca,Rio Casca,MG,,,
bcomercindmg.jpg,BANCO COMÉRCIO E INDÚSTRIA DE MINAS GERAIS S. A.,1923,,,,Sacramento,Sacramento,MG,,,
bcomercindmg.jpg,BANCO COMÉRCIO E INDÚSTRIA DE MINAS GERAIS S. A.,1923,,,,Santa Rita do Jacutinga,Santa Rita do Jacutinga,MG,,,
bcomercindmg.jpg,BANCO COMÉRCIO E INDÚSTRIA DE MINAS GERAIS S. A.,1923,,,,Santos Dumont,Santos Dumont,MG,,,
bcomercindmg.jpg,BANCO COMÉRCIO E INDÚSTRIA DE MINAS GERAIS S. A.,1923,,,,São Gotardo,São Gotardo,MG,,,
bcomercindmg.jpg,BANCO COMÉRCIO E INDÚSTRIA DE MINAS GERAIS S. A.,1923,,,,São Sebastião do Paraíso,São Sebastião do Paraíso,MG,,,
bcomercindmg.jpg,BANCO COMÉRCIO E INDÚSTRIA DE MINAS GERAIS S. A.,1923,,,,São Tomás de Aquino,São Tomás de Aquino,MG,,,OCR read as São Tomaz de Aquino
bcomercindmg.jpg,BANCO COMÉRCIO E INDÚSTRIA DE MINAS GERAIS S. A.,1923,,,,Uberaba,Uberaba,MG,,,
bcomercindmg.jpg,BANCO COMÉRCIO E INDÚSTRIA DE MINAS GERAIS S. A.,1923,,,,Uberlândia,Uberlândia,MG,,,
bcomercindmg.jpg,BANCO COMÉRCIO E INDÚSTRIA DE MINAS GERAIS S. A.,1923,,,,Varginha,Varginha,MG,,,
bcomercindmg.jpg,BANCO COMÉRCIO E INDÚSTRIA DE MINAS GERAIS S. A.,1923,,,,Visconde do Rio Branco,Visconde do Rio Branco,MG,,,
bcomercindmg.jpg,BANCO COMÉRCIO E INDÚSTRIA DE MINAS GERAIS S. A.,1923,,,,"Metropolitanos da Avenida, Barroca, Caetés, Carlos Prates, Floresta, Lagoinha e Mercado (Belo Horizonte)",Belo Horizonte,MG,,Avenida; Barroca; Caetés; Carlos Prates; Floresta; Lagoinha; Mercado,Metropolitanos
bcomercindmg.jpg,BANCO COMÉRCIO E INDÚSTRIA DE MINAS GERAIS S. A.,1923,,,,Ilhéus,Ilhéus,BA,,,
bcomercindmg.jpg,BANCO COMÉRCIO E INDÚSTRIA DE MINAS GERAIS S. A.,1923,,,,"Metropolitanos da Baixa do Sapateiro, Calçada, Rua Chile e São Pedro (Salvador)",Salvador,BA,,Baixa do Sapateiro; Calçada; Rua Chile; São Pedro,Metropolitanos
bcomercindmg.jpg,BANCO COMÉRCIO E INDÚSTRIA DE MINAS GERAIS S. A.,1923,,,,Cachoeiro de Itapemirim,Cachoeiro de Itapemirim,ES,,,
bcomercindmg.jpg,BANCO COMÉRCIO E INDÚSTRIA DE MINAS GERAIS S. A.,1923,,,,Colatina,Colatina,ES,,,
bcomercindmg.jpg,BANCO COMÉRCIO E INDÚSTRIA DE MINAS GERAIS S. A.,1923,,,,Guaçuí,Guaçuí,ES,,,OCR read as Guacuí
bcomercindmg.jpg,BANCO COMÉRCIO E INDÚSTRIA DE MINAS GERAIS S. A.,1923,,,,Vila Rubim (Vitória),Vitória,ES,,Vila Rubim,
bcomercindmg.jpg,BANCO COMÉRCIO E INDÚSTRIA DE MINAS GERAIS S. A.,1923,,,,Vitória,Vitória,ES,,,
bcomercindmg.jpg,BANCO COMÉRCIO E INDÚSTRIA DE MINAS GERAIS S. A.,1923,,,,Anápolis,Anápolis,GO,,,
bcomercindmg.jpg,BANCO COMÉRCIO E INDÚSTRIA DE MINAS GERAIS S. A.,1923,,,,Campinas (Goiânia),Goiânia,GO,,Campinas,
bcomercindmg.jpg,BANCO COMÉRCIO E INDÚSTRIA DE MINAS GERAIS S. A.,1923,,,,Goiânia,Goiânia,GO,,,
bcomercindmg.jpg,BANCO COMÉRCIO E INDÚSTRIA DE MINAS GERAIS S. A.,1923,,,,Itaberaí,Itaberaí,GO,,,
bcomercindmg.jpg,BANCO COMÉRCIO E INDÚSTRIA DE MINAS GERAIS S. A.,1923,,,,Jataí,Jataí,GO,,,
bcomercindmg.jpg,BANCO COMÉRCIO E INDÚSTRIA DE MINAS GERAIS S. A.,1923,,,,Morrinhos,Morrinhos,GO,,,
bcomercindmg.jpg,BANCO COMÉRCIO E INDÚSTRIA DE MINAS GERAIS S. A.,1923,,,,Pires do Rio,Pires do Rio,GO,,,
bcomercindmg.jpg,BANCO COMÉRCIO E INDÚSTRIA DE MINAS GERAIS S. A.,1923,,,,Rio Verde,Rio Verde,GO,,,
bcomercindmg.jpg,BANCO COMÉRCIO E INDÚSTRIA DE MINAS GERAIS S. A.,1923,,,,"Metropolitanos da Alfândega-Passos, Avenida Castelo, Bonsucesso, Botafogo, Campo Grande, Carioca, Copacabana, Madureira, Mauá-Acre, Pilares, Praça da Bandeira e Tiradentes (Rio de Janeiro)",Rio de Janeiro,GB,,Alfândega-Passos; Avenida Castelo; Bonsucesso; Botafogo; Campo Grande; Carioca; Copacabana; Madureira; Mauá-Acre; Pilares; Praça da Bandeira; Tiradentes,Metropolitanos
bcomercindmg.jpg,BANCO COMÉRCIO E INDÚSTRIA DE MINAS GERAIS S. A.,1923,,,,Metropolitanos de Santo Antônio e São José (Recife),Recife,PE,,Santo Antônio; São José,Metropolitanos
bcomercindmg.jpg,BANCO COMÉRCIO E INDÚSTRIA DE MINAS GERAIS S. A.,1923,,,,Angra dos Reis,Angra dos Reis,RJ,,,
bcomercindmg.jpg,BANCO COMÉRCIO E INDÚSTRIA DE MINAS GERAIS S. A.,1923,,,,Barra Mansa,Barra Mansa,RJ,,,
bcomercindmg.jpg,BANCO COMÉRCIO E INDÚSTRIA DE MINAS GERAIS S. A.,1923,,,,Barra do Piraí,Barra do Piraí,RJ,,,
bcomercindmg.jpg,BANCO COMÉRCIO E INDÚSTRIA DE MINAS GERAIS S. A.,1923,,,,Bom Jesus do Itabapoana,Bom Jesus do Itabapoana,RJ,,,OCR read as Bom Jesus do Ifabapoana
bcomercindmg.jpg,BANCO COMÉRCIO E INDÚSTRIA DE MINAS GERAIS S. A.,1923,,,,Campos,Campos,RJ,,,
bcomercindmg.jpg,BANCO COMÉRCIO E INDÚSTRIA DE MINAS GERAIS S. A.,1923,,,,Duque de Caxias,Duque de Caxias,RJ,,,
bcomercindmg.jpg,BANCO COMÉRCIO E INDÚSTRIA DE MINAS GERAIS S. A.,1923,,,,Engenheiro Paulo de Frontin,Engenheiro Paulo de Frontin,RJ,,,
bcomercindmg.jpg,BANCO COMÉRCIO E INDÚSTRIA DE MINAS GERAIS S. A.,1923,,,,Itaperuna,Itaperuna,RJ,,,
bcomercindmg.jpg,BANCO COMÉRCIO E INDÚSTRIA DE MINAS GERAIS S. A.,1923,,,,Magé,Magé,RJ,,,
bcomercindmg.jpg,BANCO COMÉRCIO E INDÚSTRIA DE MINAS GERAIS S. A.,1923,,,,Natividade do Carangola,Natividade do Carangola,RJ,,,
bcomercindmg.jpg,BANCO COMÉRCIO E INDÚSTRIA DE MINAS GERAIS S. A.,1923,,,,Nilópolis,Nilópolis,RJ,,,
bcomercindmg.jpg,BANCO COMÉRCIO E INDÚSTRIA DE MINAS GERAIS S. A.,1923,,,,Niterói,Niterói,RJ,,,
bcomercindmg.jpg,BANCO COMÉRCIO E INDÚSTRIA DE MINAS GERAIS S. A.,1923,,,,Nova Friburgo,Nova Friburgo,RJ,,,
bcomercindmg.jpg,BANCO COMÉRCIO E INDÚSTRIA DE MINAS GERAIS S. A.,1923,,,,Nova Iguaçu,Nova Iguaçu,RJ,,,
bcomercindmg.jpg,BANCO COMÉRCIO E INDÚSTRIA DE MINAS GERAIS S. A.,1923,,,,Petrópolis,Petrópolis,RJ,,,
bcomercindmg.jpg,BANCO COMÉRCIO E INDÚSTRIA DE MINAS GERAIS S. A.,1923,,,,Santo Antônio de Pádua,Santo Antônio de Pádua,RJ,,,
bcomercindmg.jpg,BANCO COMÉRCIO E INDÚSTRIA DE MINAS GERAIS S. A.,1923,,,,São Fidelis,São Fidelis,RJ,,,
bcomercindmg.jpg,BANCO COMÉRCIO E INDÚSTRIA DE MINAS GERAIS S. A.,1923,,,,São João de Meriti,São João de Meriti,RJ,,,
bcomercindmg.jpg,BANCO COMÉRCIO E INDÚSTRIA DE MINAS GERAIS S. A.,1923,,,,Três Rios,Três Rios,RJ,,,
bcomercindmg.jpg,BANCO COMÉRCIO E INDÚSTRIA DE MINAS GERAIS S. A.,1923,,,,Valença,Valença,RJ,,,
bcomercindmg.jpg,BANCO COMÉRCIO E INDÚSTRIA DE MINAS GERAIS S. A.,1923,,,,Volta Redonda,Volta Redonda,RJ,,,
bcomercindmg.jpg,BANCO COMÉRCIO E INDÚSTRIA DE MINAS GERAIS S. A.,1923,,,,Cubatão,Cubatão,SP,,,
bcomercindmg.jpg,BANCO COMÉRCIO E INDÚSTRIA DE MINAS GERAIS S. A.,1923,,,,Santos,Santos,SP,,,
bcomercindmg.jpg,BANCO COMÉRCIO E INDÚSTRIA DE MINAS GERAIS S. A.,1923,,,,São Vicente,São Vicente,SP,,,
bcomercindmg.jpg,BANCO COMÉRCIO E INDÚSTRIA DE MINAS GERAIS S. A.,1923,,,,"Metropolitanos do Belém, Bom Retiro, Brás, Cambuci, Consolação, Ipiranga, Lapa, Luz, Mooca, Oriente, Penha, Pinheiros, Santa Cecília, Santa Efigênia e Santa Rosa (São Paulo)",São Paulo,SP,,Belém; Bom Retiro; Brás; Cambuci; Consolação; Ipiranga; Lapa; Luz; Mooca; Oriente; Penha; Pinheiros; Santa Cecília; Santa Efigênia; Santa Rosa,Metropolitanos
bcomercindsp.jpg,BANCO DO COMÉRCIO E INDÚSTRIA DE SÃO PAULO S. A.,1889,,"Cr$ 1.000.000.000,00","Fundo de Reserva ... Cr$ 238.546.072,50; Fundo de Reserva Legal Cr$ 133.179.578,70",Agências Urbanas em São Paulo,São Paulo,SP,,Av. São João; Belém; Bom Retiro; Brás; Cambuci; Cardeal Arcoverde; Celso Garcia; Conselheiro Crispiniano; Consolação; Duque de Caxias; Guaicurus; Ipiranga; Jardim América; Lapa; Liberdade; Marechal Deodoro; Mercado; Mooca; Paraíso; Paula Souza; Pinheiros; Praça da República; Rangel Pestana; Santa Cecília; Santa Ifigênia; Santo Amaro; São Miguel Paulista; Tucuruvi; Vila Formosa,Urban agencies; OCR read Mooca as Moica and Santa Ifigênia as Santa Iligénia
bcomercindsp.jpg,BANCO DO COMÉRCIO E INDÚSTRIA DE SÃO PAULO S. A.,1889,,"Cr$ 1.000.000.000,00","Fundo de Reserva ... Cr$ 238.546.072,50; Fundo de Reserva Legal Cr$ 133.179.578,70",Osasco,Osasco,SP,,,Listed under urban agencies in São Paulo
bcomercindsp.jpg,BANCO DO COMÉRCIO E INDÚSTRIA DE SÃO PAULO S. A.,1889,,"Cr$ 1.000.000.000,00","Fundo de Reserva ... Cr$ 238.546.072,50; Fundo de Reserva Legal Cr$ 133.179.578,70",Adamantina,Adamantina,SP,,,
bcomercindsp.jpg,BANCO DO COMÉRCIO E INDÚSTRIA DE SÃO PAULO S. A.,1889,,"Cr$ 1.000.000.000,00","Fundo de Reserva ... Cr$ 238.546.072,50; Fundo de Reserva Legal Cr$ 133.179.578,70",Americana,Americana,SP,,,
bcomercindsp.jpg,BANCO DO COMÉRCIO E INDÚSTRIA DE SÃO PAULO S. A.,1889,,"Cr$ 1.000.000.000,00","Fundo de Reserva ... Cr$ 238.546.072,50; Fundo de Reserva Legal Cr$ 133.179.578,70",Amparo,Amparo,SP,,,
bcomercindsp.jpg,BANCO DO COMÉRCIO E INDÚSTRIA DE SÃO PAULO S. A.,1889,,"Cr$ 1.000.000.000,00","Fundo de Reserva ... Cr$ 238.546.072,50; Fundo de Reserva Legal Cr$ 133.179.578,70",Araraquara,Araraquara,SP,,,
bcomercindsp.jpg,BANCO DO COMÉRCIO E INDÚSTRIA DE SÃO PAULO S. A.,1889,,"Cr$ 1.000.000.000,00","Fundo de Reserva ... Cr$ 238.546.072,50; Fundo de Reserva Legal Cr$ 133.179.578,70",Araras,Araras,SP,,,
bcomercindsp.jpg,BANCO DO COMÉRCIO E INDÚSTRIA DE SÃO PAULO S. A.,1889,,"Cr$ 1.000.000.000,00","Fundo de Reserva ... Cr$ 238.546.072,50; Fundo de Reserva Legal Cr$ 133.179.578,70",Bariri,Bariri,SP,,,
bcomercindsp.jpg,BANCO DO COMÉRCIO E INDÚSTRIA DE SÃO PAULO S. A.,1889,,"Cr$ 1.000.000.000,00","Fundo de Reserva ... Cr$ 238.546.072,50; Fundo de Reserva Legal Cr$ 133.179.578,70",Bauru,Bauru,SP,,,OCR read as Baurú
bcomercindsp.jpg,BANCO DO COMÉRCIO E INDÚSTRIA DE SÃO PAULO S. A.,1889,,"Cr$ 1.000.000.000,00","Fundo de Reserva ... Cr$ 238.546.072,50; Fundo de Reserva Legal Cr$ 133.179.578,70",Bebedouro,Bebedouro,SP,,,
bcomercindsp.jpg,BANCO DO COMÉRCIO E INDÚSTRIA DE SÃO PAULO S. A.,1889,,"Cr$ 1.000.000.000,00","Fundo de Reserva ... Cr$ 238.546.072,50; Fundo de Reserva Legal Cr$ 133.179.578,70",Birigui,Birigui,SP,,,
bcomercindsp.jpg,BANCO DO COMÉRCIO E INDÚSTRIA DE SÃO PAULO S. A.,1889,,"Cr$ 1.000.000.000,00","Fundo de Reserva ... Cr$ 238.546.072,50; Fundo de Reserva Legal Cr$ 133.179.578,70",Botucatu,Botucatu,SP,,,
bcomercindsp.jpg,BANCO DO COMÉRCIO E INDÚSTRIA DE SÃO PAULO S. A.,1889,,"Cr$ 1.000.000.000,00","Fundo de Reserva ... Cr$ 238.546.072,50; Fundo de Reserva Legal Cr$ 133.179.578,70",Bragança Paulista,Bragança Paulista,SP,,,
bcomercindsp.jpg,BANCO DO COMÉRCIO E INDÚSTRIA DE SÃO PAULO S. A.,1889,,"Cr$ 1.000.000.000,00","Fundo de Reserva ... Cr$ 238.546.072,50; Fundo de Reserva Legal Cr$ 133.179.578,70",Cafelândia,Cafelândia,SP,,,
bcomercindsp.jpg,BANCO DO COMÉRCIO E INDÚSTRIA DE SÃO PAULO S. A.,1889,,"Cr$ 1.000.000.000,00","Fundo de Reserva ... Cr$ 238.546.072,50; Fundo de Reserva Legal Cr$ 133.179.578,70",Campinas,Campinas,SP,,,
bcomercindsp.jpg,BANCO DO COMÉRCIO E INDÚSTRIA DE SÃO PAULO S. A.,1889,,"Cr$ 1.000.000.000,00","Fundo de Reserva ... Cr$ 238.546.072,50; Fundo de Reserva Legal Cr$ 133.179.578,70",Campinas (Conceição),Campinas,SP,,Conceição,
bcomercindsp.jpg,BANCO DO COMÉRCIO E INDÚSTRIA DE SÃO PAULO S. A.,1889,,"Cr$ 1.000.000.000,00","Fundo de Reserva ... Cr$ 238.546.072,50; Fundo de Reserva Legal Cr$ 133.179.578,70",Catanduva,Catanduva,SP,,,
bcomercindsp.jpg,BANCO DO COMÉRCIO E INDÚSTRIA DE SÃO PAULO S. A.,1889,,"Cr$ 1.000.000.000,00","Fundo de Reserva ... Cr$ 238.546.072,50; Fundo de Reserva Legal Cr$ 133.179.578,70",Cordeirópolis,Cordeirópolis,SP,,,
bcomercindsp.jpg,BANCO DO COMÉRCIO E INDÚSTRIA DE SÃO PAULO S. A.,1889,,"Cr$ 1.000.000.000,00","Fundo de Reserva ... Cr$ 238.546.072,50; Fundo de Reserva Legal Cr$ 133.179.578,70",Dracena,Dracena,SP,,,
bcomercindsp.jpg,BANCO DO COMÉRCIO E INDÚSTRIA DE SÃO PAULO S. A.,1889,,"Cr$ 1.000.000.000,00","Fundo de Reserva ... Cr$ 238.546.072,50; Fundo de Reserva Legal Cr$ 133.179.578,70",Duartina,Duartina,SP,,,
bcomercindsp.jpg,BANCO DO COMÉRCIO E INDÚSTRIA DE SÃO PAULO S. A.,1889,,"Cr$ 1.000.000.000,00","Fundo de Reserva ... Cr$ 238.546.072,50; Fundo de Reserva Legal Cr$ 133.179.578,70",Franca,Franca,SP,,,
bcomercindsp.jpg,BANCO DO COMÉRCIO E INDÚSTRIA DE SÃO PAULO S. A.,1889,,"Cr$ 1.000.000.000,00","Fundo de Reserva ... Cr$ 238.546.072,50; Fundo de Reserva Legal Cr$ 133.179.578,70",Garça,Garça,SP,,,
bcomercindsp.jpg,BANCO DO COMÉRCIO E INDÚSTRIA DE SÃO PAULO S. A.,1889,,"Cr$ 1.000.000.000,00","Fundo de Reserva ... Cr$ 238.546.072,50; Fundo de Reserva Legal Cr$ 133.179.578,70",Guaratinguetá,Guaratinguetá,SP,,,
bcomercindsp.jpg,BANCO DO COMÉRCIO E INDÚSTRIA DE SÃO PAULO S. A.,1889,,"Cr$ 1.000.000.000,00","Fundo de Reserva ... Cr$ 238.546.072,50; Fundo de Reserva Legal Cr$ 133.179.578,70",Ibitinga,Ibitinga,SP,,,
bcomercindsp.jpg,BANCO DO COMÉRCIO E INDÚSTRIA DE SÃO PAULO S. A.,1889,,"Cr$ 1.000.000.000,00","Fundo de Reserva ... Cr$ 238.546.072,50; Fundo de Reserva Legal Cr$ 133.179.578,70",Iracemópolis,Iracemópolis,SP,,,
bcomercindsp.jpg,BANCO DO COMÉRCIO E INDÚSTRIA DE SÃO PAULO S. A.,1889,,"Cr$ 1.000.000.000,00","Fundo de Reserva ... Cr$ 238.546.072,50; Fundo de Reserva Legal Cr$ 133.179.578,70",Itajobi,Itajobi,SP,,,
bcomercindsp.jpg,BANCO DO COMÉRCIO E INDÚSTRIA DE SÃO PAULO S. A.,1889,,"Cr$ 1.000.000.000,00","Fundo de Reserva ... Cr$ 238.546.072,50; Fundo de Reserva Legal Cr$ 133.179.578,70",Itápolis,Itápolis,SP,,,
bcomercindsp.jpg,BANCO DO COMÉRCIO E INDÚSTRIA DE SÃO PAULO S. A.,1889,,"Cr$ 1.000.000.000,00","Fundo de Reserva ... Cr$ 238.546.072,50; Fundo de Reserva Legal Cr$ 133.179.578,70",Itu,Itu,SP,,,
bcomercindsp.jpg,BANCO DO COMÉRCIO E INDÚSTRIA DE SÃO PAULO S. A.,1889,,"Cr$ 1.000.000.000,00","Fundo de Reserva ... Cr$ 238.546.072,50; Fundo de Reserva Legal Cr$ 133.179.578,70",Jaboticabal,Jaboticabal,SP,,,
bcomercindsp.jpg,BANCO DO COMÉRCIO E INDÚSTRIA DE SÃO PAULO S. A.,1889,,"Cr$ 1.000.000.000,00","Fundo de Reserva ... Cr$ 238.546.072,50; Fundo de Reserva Legal Cr$ 133.179.578,70",Jacareí,Jacareí,SP,,,
bcomercindsp.jpg,BANCO DO COMÉRCIO E INDÚSTRIA DE SÃO PAULO S. A.,1889,,"Cr$ 1.000.000.000,00","Fundo de Reserva ... Cr$ 238.546.072,50; Fundo de Reserva Legal Cr$ 133.179.578,70",Jales,Jales,SP,,,
bcomercindsp.jpg,BANCO DO COMÉRCIO E INDÚSTRIA DE SÃO PAULO S. A.,1889,,"Cr$ 1.000.000.000,00","Fundo de Reserva ... Cr$ 238.546.072,50; Fundo de Reserva Legal Cr$ 133.179.578,70",Jundiaí,Jundiaí,SP,,,
bcomercindsp.jpg,BANCO DO COMÉRCIO E INDÚSTRIA DE SÃO PAULO S. A.,1889,,"Cr$ 1.000.000.000,00","Fundo de Reserva ... Cr$ 238.546.072,50; Fundo de Reserva Legal Cr$ 133.179.578,70",Leme,Leme,SP,,,
bcomercindsp.jpg,BANCO DO COMÉRCIO E INDÚSTRIA DE SÃO PAULO S. A.,1889,,"Cr$ 1.000.000.000,00","Fundo de Reserva ... Cr$ 238.546.072,50; Fundo de Reserva Legal Cr$ 133.179.578,70",Limeira,Limeira,SP,,,
bcomercindsp.jpg,BANCO DO COMÉRCIO E INDÚSTRIA DE SÃO PAULO S. A.,1889,,"Cr$ 1.000.000.000,00","Fundo de Reserva ... Cr$ 238.546.072,50; Fundo de Reserva Legal Cr$ 133.179.578,70",Lins,Lins,SP,,,
bcomercindsp.jpg,BANCO DO COMÉRCIO E INDÚSTRIA DE SÃO PAULO S. A.,1889,,"Cr$ 1.000.000.000,00","Fundo de Reserva ... Cr$ 238.546.072,50; Fundo de Reserva Legal Cr$ 133.179.578,70",Marília,Marília,SP,,,
bcomercindsp.jpg,BANCO DO COMÉRCIO E INDÚSTRIA DE SÃO PAULO S. A.,1889,,"Cr$ 1.000.000.000,00","Fundo de Reserva ... Cr$ 238.546.072,50; Fundo de Reserva Legal Cr$ 133.179.578,70",Matão,Matão,SP,,,
bcomercindsp.jpg,BANCO DO COMÉRCIO E INDÚSTRIA DE SÃO PAULO S. A.,1889,,"Cr$ 1.000.000.000,00","Fundo de Reserva ... Cr$ 238.546.072,50; Fundo de Reserva Legal Cr$ 133.179.578,70",Mirassol,Mirassol,SP,,,
bcomercindsp.jpg,BANCO DO COMÉRCIO E INDÚSTRIA DE SÃO PAULO S. A.,1889,,"Cr$ 1.000.000.000,00","Fundo de Reserva ... Cr$ 238.546.072,50; Fundo de Reserva Legal Cr$ 133.179.578,70",Novo Horizonte,Novo Horizonte,SP,,,
bcomercindsp.jpg,BANCO DO COMÉRCIO E INDÚSTRIA DE SÃO PAULO S. A.,1889,,"Cr$ 1.000.000.000,00","Fundo de Reserva ... Cr$ 238.546.072,50; Fundo de Reserva Legal Cr$ 133.179.578,70",Olímpia,Olímpia,SP,,,
bcomercindsp.jpg,BANCO DO COMÉRCIO E INDÚSTRIA DE SÃO PAULO S. A.,1889,,"Cr$ 1.000.000.000,00","Fundo de Reserva ... Cr$ 238.546.072,50; Fundo de Reserva Legal Cr$ 133.179.578,70",Osvaldo Cruz,Osvaldo Cruz,SP,,,
bcomercindsp.jpg,BANCO DO COMÉRCIO E INDÚSTRIA DE SÃO PAULO S. A.,1889,,"Cr$ 1.000.000.000,00","Fundo de Reserva ... Cr$ 238.546.072,50; Fundo de Reserva Legal Cr$ 133.179.578,70",Ourinhos,Ourinhos,SP,,,
bcomercindsp.jpg,BANCO DO COMÉRCIO E INDÚSTRIA DE SÃO PAULO S. A.,1889,,"Cr$ 1.000.000.000,00","Fundo de Reserva ... Cr$ 238.546.072,50; Fundo de Reserva Legal Cr$ 133.179.578,70",Piracicaba,Piracicaba,SP,,,
bcomercindsp.jpg,BANCO DO COMÉRCIO E INDÚSTRIA DE SÃO PAULO S. A.,1889,,"Cr$ 1.000.000.000,00","Fundo de Reserva ... Cr$ 238.546.072,50; Fundo de Reserva Legal Cr$ 133.179.578,70",Pirassununga,Pirassununga,SP,,,
bcomercindsp.jpg,BANCO DO COMÉRCIO E INDÚSTRIA DE SÃO PAULO S. A.,1889,,"Cr$ 1.000.000.000,00","Fundo de Reserva ... Cr$ 238.546.072,50; Fundo de Reserva Legal Cr$ 133.179.578,70",Pres. Prudente,Presidente Prudente,SP,,,
bcomercindsp.jpg,BANCO DO COMÉRCIO E INDÚSTRIA DE SÃO PAULO S. A.,1889,,"Cr$ 1.000.000.000,00","Fundo de Reserva ... Cr$ 238.546.072,50; Fundo de Reserva Legal Cr$ 133.179.578,70",Ribeirão Preto,Ribeirão Preto,SP,,,
bcomercindsp.jpg,BANCO DO COMÉRCIO E INDÚSTRIA DE SÃO PAULO S. A.,1889,,"Cr$ 1.000.000.000,00","Fundo de Reserva ... Cr$ 238.546.072,50; Fundo de Reserva Legal Cr$ 133.179.578,70",Rio Claro,Rio Claro,SP,,,
bcomercindsp.jpg,BANCO DO COMÉRCIO E INDÚSTRIA DE SÃO PAULO S. A.,1889,,"Cr$ 1.000.000.000,00","Fundo de Reserva ... Cr$ 238.546.072,50; Fundo de Reserva Legal Cr$ 133.179.578,70",Salto,Salto,SP,,,
bcomercindsp.jpg,BANCO DO COMÉRCIO E INDÚSTRIA DE SÃO PAULO S. A.,1889,,"Cr$ 1.000.000.000,00","Fundo de Reserva ... Cr$ 238.546.072,50; Fundo de Reserva Legal Cr$ 133.179.578,70",Santo André,Santo André,SP,,,
bcomercindsp.jpg,BANCO DO COMÉRCIO E INDÚSTRIA DE SÃO PAULO S. A.,1889,,"Cr$ 1.000.000.000,00","Fundo de Reserva ... Cr$ 238.546.072,50; Fundo de Reserva Legal Cr$ 133.179.578,70",Santos,Santos,SP,,,
bcomercindsp.jpg,BANCO DO COMÉRCIO E INDÚSTRIA DE SÃO PAULO S. A.,1889,,"Cr$ 1.000.000.000,00","Fundo de Reserva ... Cr$ 238.546.072,50; Fundo de Reserva Legal Cr$ 133.179.578,70",São Bernardo do Campo,São Bernardo do Campo,SP,,,
bcomercindsp.jpg,BANCO DO COMÉRCIO E INDÚSTRIA DE SÃO PAULO S. A.,1889,,"Cr$ 1.000.000.000,00","Fundo de Reserva ... Cr$ 238.546.072,50; Fundo de Reserva Legal Cr$ 133.179.578,70",São Caetano do Sul,São Caetano do Sul,SP,,,
bcomercindsp.jpg,BANCO DO COMÉRCIO E INDÚSTRIA DE SÃO PAULO S. A.,1889,,"Cr$ 1.000.000.000,00","Fundo de Reserva ... Cr$ 238.546.072,50; Fundo de Reserva Legal Cr$ 133.179.578,70",São Carlos,São Carlos,SP,,,
bcomercindsp.jpg,BANCO DO COMÉRCIO E INDÚSTRIA DE SÃO PAULO S. A.,1889,,"Cr$ 1.000.000.000,00","Fundo de Reserva ... Cr$ 238.546.072,50; Fundo de Reserva Legal Cr$ 133.179.578,70",São João da Boa Vista,São João da Boa Vista,SP,,,
bcomercindsp.jpg,BANCO DO COMÉRCIO E INDÚSTRIA DE SÃO PAULO S. A.,1889,,"Cr$ 1.000.000.000,00","Fundo de Reserva ... Cr$ 238.546.072,50; Fundo de Reserva Legal Cr$ 133.179.578,70",São José do Rio Preto,São José do Rio Preto,SP,,,
bcomercindsp.jpg,BANCO DO COMÉRCIO E INDÚSTRIA DE SÃO PAULO S. A.,1889,,"Cr$ 1.000.000.000,00","Fundo de Reserva ... Cr$ 238.546.072,50; Fundo de Reserva Legal Cr$ 133.179.578,70",São Manuel,São Manuel,SP,,,
bcomercindsp.jpg,BANCO DO COMÉRCIO E INDÚSTRIA DE SÃO PAULO S. A.,1889,,"Cr$ 1.000.000.000,00","Fundo de Reserva ... Cr$ 238.546.072,50; Fundo de Reserva Legal Cr$ 133.179.578,70",Sorocaba,Sorocaba,SP,,,OCR read as Soraaba
bcomercindsp.jpg,BANCO DO COMÉRCIO E INDÚSTRIA DE SÃO PAULO S. A.,1889,,"Cr$ 1.000.000.000,00","Fundo de Reserva ... Cr$ 238.546.072,50; Fundo de Reserva Legal Cr$ 133.179.578,70",Sumaré,Sumaré,SP,,,
bcomercindsp.jpg,BANCO DO COMÉRCIO E INDÚSTRIA DE SÃO PAULO S. A.,1889,,"Cr$ 1.000.000.000,00","Fundo de Reserva ... Cr$ 238.546.072,50; Fundo de Reserva Legal Cr$ 133.179.578,70",Tanabi,Tanabi,SP,,,
bcomercindsp.jpg,BANCO DO COMÉRCIO E INDÚSTRIA DE SÃO PAULO S. A.,1889,,"Cr$ 1.000.000.000,00","Fundo de Reserva ... Cr$ 238.546.072,50; Fundo de Reserva Legal Cr$ 133.179.578,70",Taquaritinga,Taquaritinga,SP,,,
bcomercindsp.jpg,BANCO DO COMÉRCIO E INDÚSTRIA DE SÃO PAULO S. A.,1889,,"Cr$ 1.000.000.000,00","Fundo de Reserva ... Cr$ 238.546.072,50; Fundo de Reserva Legal Cr$ 133.179.578,70",Taubaté,Taubaté,SP,,,
bcomercindsp.jpg,BANCO DO COMÉRCIO E INDÚSTRIA DE SÃO PAULO S. A.,1889,,"Cr$ 1.000.000.000,00","Fundo de Reserva ... Cr$ 238.546.072,50; Fundo de Reserva Legal Cr$ 133.179.578,70",Tupã,Tupã,SP,,,
bcomercindsp.jpg,BANCO DO COMÉRCIO E INDÚSTRIA DE SÃO PAULO S. A.,1889,,"Cr$ 1.000.000.000,00","Fundo de Reserva ... Cr$ 238.546.072,50; Fundo de Reserva Legal Cr$ 133.179.578,70",Valinhos,Valinhos,SP,,,
bcomercindsp.jpg,BANCO DO COMÉRCIO E INDÚSTRIA DE SÃO PAULO S. A.,1889,,"Cr$ 1.000.000.000,00","Fundo de Reserva ... Cr$ 238.546.072,50; Fundo de Reserva Legal Cr$ 133.179.578,70",Valparaíso,Valparaíso,SP,,,
bcomercindsp.jpg,BANCO DO COMÉRCIO E INDÚSTRIA DE SÃO PAULO S. A.,1889,,"Cr$ 1.000.000.000,00","Fundo de Reserva ... Cr$ 238.546.072,50; Fundo de Reserva Legal Cr$ 133.179.578,70",Viradouro,Viradouro,SP,,,
bcomercindsp.jpg,BANCO DO COMÉRCIO E INDÚSTRIA DE SÃO PAULO S. A.,1889,,"Cr$ 1.000.000.000,00","Fundo de Reserva ... Cr$ 238.546.072,50; Fundo de Reserva Legal Cr$ 133.179.578,70",Votuporanga,Votuporanga,SP,,,
bcomercindsp.jpg,BANCO DO COMÉRCIO E INDÚSTRIA DE SÃO PAULO S. A.,1889,,"Cr$ 1.000.000.000,00","Fundo de Reserva ... Cr$ 238.546.072,50; Fundo de Reserva Legal Cr$ 133.179.578,70",Apucarana,Apucarana,PR,,,
bcomercindsp.jpg,BANCO DO COMÉRCIO E INDÚSTRIA DE SÃO PAULO S. A.,1889,,"Cr$ 1.000.000.000,00","Fundo de Reserva ... Cr$ 238.546.072,50; Fundo de Reserva Legal Cr$ 133.179.578,70",Assaí,Assaí,PR,,,
bcomercindsp.jpg,BANCO DO COMÉRCIO E INDÚSTRIA DE SÃO PAULO S. A.,1889,,"Cr$ 1.000.000.000,00","Fundo de Reserva ... Cr$ 238.546.072,50; Fundo de Reserva Legal Cr$ 133.179.578,70",Blumenau,Blumenau,SC,,,
bcomercindsp.jpg,BANCO DO COMÉRCIO E INDÚSTRIA DE SÃO PAULO S. A.,1889,,"Cr$ 1.000.000.000,00","Fundo de Reserva ... Cr$ 238.546.072,50; Fundo de Reserva Legal Cr$ 133.179.578,70",Brasília,Brasília,DF,,,
bcomercindsp.jpg,BANCO DO COMÉRCIO E INDÚSTRIA DE SÃO PAULO S. A.,1889,,"Cr$ 1.000.000.000,00","Fundo de Reserva ... Cr$ 238.546.072,50; Fundo de Reserva Legal Cr$ 133.179.578,70",Cambé,Cambé,PR,,,
bcomercindsp.jpg,BANCO DO COMÉRCIO E INDÚSTRIA DE SÃO PAULO S. A.,1889,,"Cr$ 1.000.000.000,00","Fundo de Reserva ... Cr$ 238.546.072,50; Fundo de Reserva Legal Cr$ 133.179.578,70",Campo Grande,Campo Grande,MT,,,Historical state assignment in 1960
bcomercindsp.jpg,BANCO DO COMÉRCIO E INDÚSTRIA DE SÃO PAULO S. A.,1889,,"Cr$ 1.000.000.000,00","Fundo de Reserva ... Cr$ 238.546.072,50; Fundo de Reserva Legal Cr$ 133.179.578,70",Colatina,Colatina,ES,,,
bcomercindsp.jpg,BANCO DO COMÉRCIO E INDÚSTRIA DE SÃO PAULO S. A.,1889,,"Cr$ 1.000.000.000,00","Fundo de Reserva ... Cr$ 238.546.072,50; Fundo de Reserva Legal Cr$ 133.179.578,70",Cornélio Procópio,Cornélio Procópio,PR,,,
bcomercindsp.jpg,BANCO DO COMÉRCIO E INDÚSTRIA DE SÃO PAULO S. A.,1889,,"Cr$ 1.000.000.000,00","Fundo de Reserva ... Cr$ 238.546.072,50; Fundo de Reserva Legal Cr$ 133.179.578,70",Corumbá,Corumbá,MT,,,Historical state assignment in 1960
bcomercindsp.jpg,BANCO DO COMÉRCIO E INDÚSTRIA DE SÃO PAULO S. A.,1889,,"Cr$ 1.000.000.000,00","Fundo de Reserva ... Cr$ 238.546.072,50; Fundo de Reserva Legal Cr$ 133.179.578,70",Curitiba,Curitiba,PR,,,
bcomercindsp.jpg,BANCO DO COMÉRCIO E INDÚSTRIA DE SÃO PAULO S. A.,1889,,"Cr$ 1.000.000.000,00","Fundo de Reserva ... Cr$ 238.546.072,50; Fundo de Reserva Legal Cr$ 133.179.578,70",Londrina,Londrina,PR,,,
bcomercindsp.jpg,BANCO DO COMÉRCIO E INDÚSTRIA DE SÃO PAULO S. A.,1889,,"Cr$ 1.000.000.000,00","Fundo de Reserva ... Cr$ 238.546.072,50; Fundo de Reserva Legal Cr$ 133.179.578,70",Mandaguari,Mandaguari,PR,,,OCR read as Manáguari
bcomercindsp.jpg,BANCO DO COMÉRCIO E INDÚSTRIA DE SÃO PAULO S. A.,1889,,"Cr$ 1.000.000.000,00","Fundo de Reserva ... Cr$ 238.546.072,50; Fundo de Reserva Legal Cr$ 133.179.578,70",Maringá,Maringá,PR,,,
bcomercindsp.jpg,BANCO DO COMÉRCIO E INDÚSTRIA DE SÃO PAULO S. A.,1889,,"Cr$ 1.000.000.000,00","Fundo de Reserva ... Cr$ 238.546.072,50; Fundo de Reserva Legal Cr$ 133.179.578,70",Paranaguá,Paranaguá,PR,,,OCR read as Paranaquá
bcomercindsp.jpg,BANCO DO COMÉRCIO E INDÚSTRIA DE SÃO PAULO S. A.,1889,,"Cr$ 1.000.000.000,00","Fundo de Reserva ... Cr$ 238.546.072,50; Fundo de Reserva Legal Cr$ 133.179.578,70",Poços de Caldas,Poços de Caldas,MG,,,OCR omitted cedilla
bcomercindsp.jpg,BANCO DO COMÉRCIO E INDÚSTRIA DE SÃO PAULO S. A.,1889,,"Cr$ 1.000.000.000,00","Fundo de Reserva ... Cr$ 238.546.072,50; Fundo de Reserva Legal Cr$ 133.179.578,70",Porto Alegre,Porto Alegre,RS,,,
bcomercindsp.jpg,BANCO DO COMÉRCIO E INDÚSTRIA DE SÃO PAULO S. A.,1889,,"Cr$ 1.000.000.000,00","Fundo de Reserva ... Cr$ 238.546.072,50; Fundo de Reserva Legal Cr$ 133.179.578,70",Recife,Recife,PE,,,
bcomercindsp.jpg,BANCO DO COMÉRCIO E INDÚSTRIA DE SÃO PAULO S. A.,1889,,"Cr$ 1.000.000.000,00","Fundo de Reserva ... Cr$ 238.546.072,50; Fundo de Reserva Legal Cr$ 133.179.578,70",Recife (Santo Antônio),Recife,PE,,Santo Antônio,
bcomercindsp.jpg,BANCO DO COMÉRCIO E INDÚSTRIA DE SÃO PAULO S. A.,1889,,"Cr$ 1.000.000.000,00","Fundo de Reserva ... Cr$ 238.546.072,50; Fundo de Reserva Legal Cr$ 133.179.578,70",Rio de Janeiro,Rio de Janeiro,GB,,,
bcomercindsp.jpg,BANCO DO COMÉRCIO E INDÚSTRIA DE SÃO PAULO S. A.,1889,,"Cr$ 1.000.000.000,00","Fundo de Reserva ... Cr$ 238.546.072,50; Fundo de Reserva Legal Cr$ 133.179.578,70",Rio de Janeiro (Ana Neri),Rio de Janeiro,GB,,Ana Neri,
bcomercindsp.jpg,BANCO DO COMÉRCIO E INDÚSTRIA DE SÃO PAULO S. A.,1889,,"Cr$ 1.000.000.000,00","Fundo de Reserva ... Cr$ 238.546.072,50; Fundo de Reserva Legal Cr$ 133.179.578,70",Rio de Janeiro (Castelo),Rio de Janeiro,GB,,Castelo,
bcomercindsp.jpg,BANCO DO COMÉRCIO E INDÚSTRIA DE SÃO PAULO S. A.,1889,,"Cr$ 1.000.000.000,00","Fundo de Reserva ... Cr$ 238.546.072,50; Fundo de Reserva Legal Cr$ 133.179.578,70",Rio de Janeiro (Centro),Rio de Janeiro,GB,,Centro,
bcomercindsp.jpg,BANCO DO COMÉRCIO E INDÚSTRIA DE SÃO PAULO S. A.,1889,,"Cr$ 1.000.000.000,00","Fundo de Reserva ... Cr$ 238.546.072,50; Fundo de Reserva Legal Cr$ 133.179.578,70",Rio de Janeiro (Copacabana),Rio de Janeiro,GB,,Copacabana,OCR read as Cocacabana
bcomercindsp.jpg,BANCO DO COMÉRCIO E INDÚSTRIA DE SÃO PAULO S. A.,1889,,"Cr$ 1.000.000.000,00","Fundo de Reserva ... Cr$ 238.546.072,50; Fundo de Reserva Legal Cr$ 133.179.578,70",Salvador,Salvador,BA,,,
bcomercindsp.jpg,BANCO DO COMÉRCIO E INDÚSTRIA DE SÃO PAULO S. A.,1889,,"Cr$ 1.000.000.000,00","Fundo de Reserva ... Cr$ 238.546.072,50; Fundo de Reserva Legal Cr$ 133.179.578,70",Salvador (Cidade Alta),Salvador,BA,,Cidade Alta,
bcomercindsp.jpg,BANCO DO COMÉRCIO E INDÚSTRIA DE SÃO PAULO S. A.,1889,,"Cr$ 1.000.000.000,00","Fundo de Reserva ... Cr$ 238.546.072,50; Fundo de Reserva Legal Cr$ 133.179.578,70",Sertanópolis,Sertanópolis,PR,,,
bcomercindsp.jpg,BANCO DO COMÉRCIO E INDÚSTRIA DE SÃO PAULO S. A.,1889,,"Cr$ 1.000.000.000,00","Fundo de Reserva ... Cr$ 238.546.072,50; Fundo de Reserva Legal Cr$ 133.179.578,70",Vitória,Vitória,ES,,,
bcomercpr.jpg,BANCO COMERCIAL DO PARANÁ S. A.,1942,,,,Matriz: Ponta Grossa,Ponta Grossa,PR,,Matriz,
bcomercpr.jpg,BANCO COMERCIAL DO PARANÁ S. A.,1942,,,,Filial: Curitiba,Curitiba,PR,,Filial,
bcomercpr.jpg,BANCO COMERCIAL DO PARANÁ S. A.,1942,,,,Filial: São Paulo,São Paulo,SP,,Filial,
bcomercpr.jpg,BANCO COMERCIAL DO PARANÁ S. A.,1942,,,,Filial: Rio de Janeiro,Rio de Janeiro,GB,,Filial,
bcomercpr.jpg,BANCO COMERCIAL DO PARANÁ S. A.,1942,,,,Abatiá,Abatiá,PR,,,
bcomercpr.jpg,BANCO COMERCIAL DO PARANÁ S. A.,1942,,,,Alto Paraná,Alto Paraná,PR,,,
bcomercpr.jpg,BANCO COMERCIAL DO PARANÁ S. A.,1942,,,,Alvorada do Sul,Alvorada do Sul,PR,,,
bcomercpr.jpg,BANCO COMERCIAL DO PARANÁ S. A.,1942,,,,Andirá,Andirá,PR,,,
bcomercpr.jpg,BANCO COMERCIAL DO PARANÁ S. A.,1942,,,,Apucarana,Apucarana,PR,,,
bcomercpr.jpg,BANCO COMERCIAL DO PARANÁ S. A.,1942,,,,Arapongas,Arapongas,PR,,,
bcomercpr.jpg,BANCO COMERCIAL DO PARANÁ S. A.,1942,,,,Araruna,Araruna,PR,,,
bcomercpr.jpg,BANCO COMERCIAL DO PARANÁ S. A.,1942,,,,Araruva,Araruna,PR,,,
bcomercpr.jpg,BANCO COMERCIAL DO PARANÁ S. A.,1942,,,,Assaí,Assaí,PR,,,
bcomercpr.jpg,BANCO COMERCIAL DO PARANÁ S. A.,1942,,,,Astorga,Astorga,PR,,,
bcomercpr.jpg,BANCO COMERCIAL DO PARANÁ S. A.,1942,,,,Bandeirópolis,Bandeirópolis,PR,,,
bcomercpr.jpg,BANCO COMERCIAL DO PARANÁ S. A.,1942,,,,Cambará,Cambará,PR,,,
bcomercpr.jpg,BANCO COMERCIAL DO PARANÁ S. A.,1942,,,,Cambé,Cambé,PR,,,
bcomercpr.jpg,BANCO COMERCIAL DO PARANÁ S. A.,1942,,,,Cantareira (Urbana São Paulo),São Paulo,PR,Urbana São Paulo,Cantareira,
bcomercpr.jpg,BANCO COMERCIAL DO PARANÁ S. A.,1942,,,,Campo Surgo,Campo Surgo,PR,,,
bcomercpr.jpg,BANCO COMERCIAL DO PARANÁ S. A.,1942,,,,Campo Mourão,Campo Mourão,PR,,,
bcomercpr.jpg,BANCO COMERCIAL DO PARANÁ S. A.,1942,,,,Carlópolis,Carlópolis,PR,,,
bcomercpr.jpg,BANCO COMERCIAL DO PARANÁ S. A.,1942,,,,Cascavel,Cascavel,PR,,,
bcomercpr.jpg,BANCO COMERCIAL DO PARANÁ S. A.,1942,,,,Castro,Castro,PR,,,
bcomercpr.jpg,BANCO COMERCIAL DO PARANÁ S. A.,1942,,,,Centenário do Sul,Centenário do Sul,PR,,,
bcomercpr.jpg,BANCO COMERCIAL DO PARANÁ S. A.,1942,,,,Cianorte,Cianorte,PR,,,
bcomercpr.jpg,BANCO COMERCIAL DO PARANÁ S. A.,1942,,,,Colorado,Colorado,PR,,,
bcomercpr.jpg,BANCO COMERCIAL DO PARANÁ S. A.,1942,,,,Cornélio Procópio,Cornélio Procópio,PR,,,
bcomercpr.jpg,BANCO COMERCIAL DO PARANÁ S. A.,1942,,,,Cruzeiro do Oeste,Cruzeiro do Oeste,PR,,,
bcomercpr.jpg,BANCO COMERCIAL DO PARANÁ S. A.,1942,,,,Curitiba,Curitiba,PR,,,
bcomercpr.jpg,BANCO COMERCIAL DO PARANÁ S. A.,1942,,,,Florestópolis,Florestópolis,PR,,,
bcomercpr.jpg,BANCO COMERCIAL DO PARANÁ S. A.,1942,,,,Foz do Iguaçu,Foz do Iguaçu,PR,,,
bcomercpr.jpg,BANCO COMERCIAL DO PARANÁ S. A.,1942,,,,Guaracy,Guaracy,PR,,,
bcomercpr.jpg,BANCO COMERCIAL DO PARANÁ S. A.,1942,,,,Guarapuava,Guarapuava,PR,,,
bcomercpr.jpg,BANCO COMERCIAL DO PARANÁ S. A.,1942,,,,Ibaítí,Ibaítí,PR,,,
bcomercpr.jpg,BANCO COMERCIAL DO PARANÁ S. A.,1942,,,,Ibiporã,Ibiporã,PR,,,
bcomercpr.jpg,BANCO COMERCIAL DO PARANÁ S. A.,1942,,,,Iguaraçu,Iguaraçu,PR,,,
bcomercpr.jpg,BANCO COMERCIAL DO PARANÁ S. A.,1942,,,,Iratí,Iratí,PR,,,
bcomercpr.jpg,BANCO COMERCIAL DO PARANÁ S. A.,1942,,,,Itambaracá,Itambaracá,PR,,,
bcomercpr.jpg,BANCO COMERCIAL DO PARANÁ S. A.,1942,,,,Itararé (SP),Itararé,SP,SP,,
bcomercpr.jpg,BANCO COMERCIAL DO PARANÁ S. A.,1942,,,,Jacarezinho,Jacarezinho,PR,,,
bcomercpr.jpg,BANCO COMERCIAL DO PARANÁ S. A.,1942,,,,Jaquapítã,Jaquapítã,PR,,,
bcomercpr.jpg,BANCO COMERCIAL DO PARANÁ S. A.,1942,,,,Jaquariaiva,Jaguariaíva,PR,,,
bcomercpr.jpg,BANCO COMERCIAL DO PARANÁ S. A.,1942,,,,Jandaí,Jandaí,PR,,,
bcomercpr.jpg,BANCO COMERCIAL DO PARANÁ S. A.,1942,,,,do Sul,do Sul,PR,,,
bcomercpr.jpg,BANCO COMERCIAL DO PARANÁ S. A.,1942,,,,Joaquim Távora,Joaquim Távora,PR,,,
bcomercpr.jpg,BANCO COMERCIAL DO PARANÁ S. A.,1942,,,,Joinville (SC),Joinville,SC,SC,,
bcomercpr.jpg,BANCO COMERCIAL DO PARANÁ S. A.,1942,,,,Juvevê,Juvevê,PR,,,
bcomercpr.jpg,BANCO COMERCIAL DO PARANÁ S. A.,1942,,,,Lapa,Lapa,PR,,,
bcomercpr.jpg,BANCO COMERCIAL DO PARANÁ S. A.,1942,,,,Loanda,Loanda,PR,,,
bcomercpr.jpg,BANCO COMERCIAL DO PARANÁ S. A.,1942,,,,Londrina,Londrina,PR,,,
bcomercpr.jpg,BANCO COMERCIAL DO PARANÁ S. A.,1942,,,,Lupionópolis,Lupionópolis,PR,,,
bcomercpr.jpg,BANCO COMERCIAL DO PARANÁ S. A.,1942,,,,Malét,Malét,PR,,,
bcomercpr.jpg,BANCO COMERCIAL DO PARANÁ S. A.,1942,,,,Mandaquáçu,Mandaguaçu,PR,,,
bcomercpr.jpg,BANCO COMERCIAL DO PARANÁ S. A.,1942,,,,Mandaque,Mandaguari,PR,,,
bcomercpr.jpg,BANCO COMERCIAL DO PARANÁ S. A.,1942,,,,Quarí,Quarí,PR,,,
bcomercpr.jpg,BANCO COMERCIAL DO PARANÁ S. A.,1942,,,,Marechal Floriano,Marechal Floriano,PR,,,
bcomercpr.jpg,BANCO COMERCIAL DO PARANÁ S. A.,1942,,,,Marialva,Marialva,PR,,,
bcomercpr.jpg,BANCO COMERCIAL DO PARANÁ S. A.,1942,,,,Maringá,Maringá,PR,,,
bcomercpr.jpg,BANCO COMERCIAL DO PARANÁ S. A.,1942,,,,Monte Alegre,Monte Alegre,PR,,,
bcomercpr.jpg,BANCO COMERCIAL DO PARANÁ S. A.,1942,,,,Morre,Morre,PR,,,
bcomercpr.jpg,BANCO COMERCIAL DO PARANÁ S. A.,1942,,,,Nova Esperança,Nova Esperança,PR,,,
bcomercpr.jpg,BANCO COMERCIAL DO PARANÁ S. A.,1942,,,,Nova Londrina,Nova Londrina,PR,,,
bcomercpr.jpg,BANCO COMERCIAL DO PARANÁ S. A.,1942,,,,Palmeira,Palmeira,PR,,,
bcomercpr.jpg,BANCO COMERCIAL DO PARANÁ S. A.,1942,,,,Paranacity,Paranacity,PR,,,
bcomercpr.jpg,BANCO COMERCIAL DO PARANÁ S. A.,1942,,,,Paranaquá,Paranaguá,PR,,,
bcomercpr.jpg,BANCO COMERCIAL DO PARANÁ S. A.,1942,,,,Paraíso do Norte,Paraíso do Norte,PR,,,
bcomercpr.jpg,BANCO COMERCIAL DO PARANÁ S. A.,1942,,,,Paranavaí,Paranavaí,PR,,,
bcomercpr.jpg,BANCO COMERCIAL DO PARANÁ S. A.,1942,,,,Peabirú,Peabirú,PR,,,
bcomercpr.jpg,BANCO COMERCIAL DO PARANÁ S. A.,1942,,,,Pinhalão,Pinhalão,PR,,,
bcomercpr.jpg,BANCO COMERCIAL DO PARANÁ S. A.,1942,,,,Piraí do Sul,Piraí do Sul,PR,,,
bcomercpr.jpg,BANCO COMERCIAL DO PARANÁ S. A.,1942,,,,Ponta Grossa Portão,Ponta Grossa Portão,PR,,,
bcomercpr.jpg,BANCO COMERCIAL DO PARANÁ S. A.,1942,,,,Primeiro de Maio,Primeiro de Maio,PR,,,
bcomercpr.jpg,BANCO COMERCIAL DO PARANÁ S. A.,1942,,,,Prudentópolis,Prudentópolis,PR,,,
bcomercpr.jpg,BANCO COMERCIAL DO PARANÁ S. A.,1942,,,,Quatiquá,Quatiquá,PR,,,
bcomercpr.jpg,BANCO COMERCIAL DO PARANÁ S. A.,1942,,,,Rebouças,Rebouças,PR,,,
bcomercpr.jpg,BANCO COMERCIAL DO PARANÁ S. A.,1942,,,,Ribeirão Claro,Ribeirão Claro,PR,,,
bcomercpr.jpg,BANCO COMERCIAL DO PARANÁ S. A.,1942,,,,Ribeirão do Pinhal,Ribeirão do Pinhal,PR,,,
bcomercpr.jpg,BANCO COMERCIAL DO PARANÁ S. A.,1942,,,,Rio Azul,Rio Azul,PR,,,
bcomercpr.jpg,BANCO COMERCIAL DO PARANÁ S. A.,1942,,,,Rio de Janeiro (GB),Rio de Janeiro,GB,GB,,
bcomercpr.jpg,BANCO COMERCIAL DO PARANÁ S. A.,1942,,,,Rolândia,Rolândia,PR,,,
bcomercpr.jpg,BANCO COMERCIAL DO PARANÁ S. A.,1942,,,,Santa Fé,Santa Fé,PR,,,
bcomercpr.jpg,BANCO COMERCIAL DO PARANÁ S. A.,1942,,,,Santa Felicidade,Santa Felicidade,PR,,,
bcomercpr.jpg,BANCO COMERCIAL DO PARANÁ S. A.,1942,,,,Santa Izabel do Ivaí,Santa Izabel do Ivaí,PR,,,
bcomercpr.jpg,BANCO COMERCIAL DO PARANÁ S. A.,1942,,,,Santa Mariana,Santa Mariana,PR,,,
bcomercpr.jpg,BANCO COMERCIAL DO PARANÁ S. A.,1942,,,,S. A. da Platina,Santo Antônio da Platina,PR,,,
bcomercpr.jpg,BANCO COMERCIAL DO PARANÁ S. A.,1942,,,,Santo Inácio,Santo Inácio,PR,,,
bcomercpr.jpg,BANCO COMERCIAL DO PARANÁ S. A.,1942,,,,Santos (SP),Santos,SP,SP,,
bcomercpr.jpg,BANCO COMERCIAL DO PARANÁ S. A.,1942,,,,São João do Caiuá,São João do Caiuá,PR,,,
bcomercpr.jpg,BANCO COMERCIAL DO PARANÁ S. A.,1942,,,,São Jorge,São Jorge,PR,,,
bcomercpr.jpg,BANCO COMERCIAL DO PARANÁ S. A.,1942,,,,São Martinho,São Martinho,PR,,,
bcomercpr.jpg,BANCO COMERCIAL DO PARANÁ S. A.,1942,,,,São Mateus do Sul,São Mateus do Sul,PR,,,
bcomercpr.jpg,BANCO COMERCIAL DO PARANÁ S. A.,1942,,,,São Paulo (SP),São Paulo,SP,SP,,
bcomercpr.jpg,BANCO COMERCIAL DO PARANÁ S. A.,1942,,,,Seminário,Seminário,PR,,,
bcomercpr.jpg,BANCO COMERCIAL DO PARANÁ S. A.,1942,,,,Sertanópolis,Sertanópolis,PR,,,
bcomercpr.jpg,BANCO COMERCIAL DO PARANÁ S. A.,1942,,,,Siqueira Campos,Siqueira Campos,PR,,,
bcomercpr.jpg,BANCO COMERCIAL DO PARANÁ S. A.,1942,,,,Terra Boa,Terra Boa,PR,,,
bcomercpr.jpg,BANCO COMERCIAL DO PARANÁ S. A.,1942,,,,Tomazina,Tomazina,PR,,,
bcomercpr.jpg,BANCO COMERCIAL DO PARANÁ S. A.,1942,,,,Umuarama,Umuarama,PR,,,
bcomercpr.jpg,BANCO COMERCIAL DO PARANÁ S. A.,1942,,,,União da Vitória,União da Vitória,PR,,,
bcomercpr.jpg,BANCO COMERCIAL DO PARANÁ S. A.,1942,,,,Uraí,Uraí,PR,,,
bcomercsp.jpg,BANCO COMERCIAL DO ESTADO DE SÃO PAULO S. A.,1912,,"Cr$ 1.300.000.000,00","Cr$ 682.794.462,30",Matriz: São Paulo,São Paulo,SP,,Matriz; Praça da República; Rangel Pestana; Celso Garcia; Lapa,Urban agencies grouped
bcomercsp.jpg,BANCO COMERCIAL DO ESTADO DE SÃO PAULO S. A.,1912,,"Cr$ 1.300.000.000,00","Cr$ 682.794.462,30",Agência de Santo Amaro,São Paulo,SP,,Santo Amaro,
bcomercsp.jpg,BANCO COMERCIAL DO ESTADO DE SÃO PAULO S. A.,1912,,"Cr$ 1.300.000.000,00","Cr$ 682.794.462,30",Filial: Rio de Janeiro,Rio de Janeiro,GB,,Filial,
bcomercsp.jpg,BANCO COMERCIAL DO ESTADO DE SÃO PAULO S. A.,1912,,"Cr$ 1.300.000.000,00","Cr$ 682.794.462,30",Filial: Santos,Santos,SP,,Filial,
bcomercsp.jpg,BANCO COMERCIAL DO ESTADO DE SÃO PAULO S. A.,1912,,"Cr$ 1.300.000.000,00","Cr$ 682.794.462,30",Agudos,Agudos,SP,,,
bcomercsp.jpg,BANCO COMERCIAL DO ESTADO DE SÃO PAULO S. A.,1912,,"Cr$ 1.300.000.000,00","Cr$ 682.794.462,30",Amparo,Amparo,SP,,,
bcomercsp.jpg,BANCO COMERCIAL DO ESTADO DE SÃO PAULO S. A.,1912,,"Cr$ 1.300.000.000,00","Cr$ 682.794.462,30",Araçatuba,Araçatuba,SP,,,
bcomercsp.jpg,BANCO COMERCIAL DO ESTADO DE SÃO PAULO S. A.,1912,,"Cr$ 1.300.000.000,00","Cr$ 682.794.462,30",Arapongas,Arapongas,PR,,,
bcomercsp.jpg,BANCO COMERCIAL DO ESTADO DE SÃO PAULO S. A.,1912,,"Cr$ 1.300.000.000,00","Cr$ 682.794.462,30",Araraquara,Araraquara,SP,,,
bcomercsp.jpg,BANCO COMERCIAL DO ESTADO DE SÃO PAULO S. A.,1912,,"Cr$ 1.300.000.000,00","Cr$ 682.794.462,30",Assis,Assis,SP,,,
bcomercsp.jpg,BANCO COMERCIAL DO ESTADO DE SÃO PAULO S. A.,1912,,"Cr$ 1.300.000.000,00","Cr$ 682.794.462,30",Avaré,Avaré,SP,,,
bcomercsp.jpg,BANCO COMERCIAL DO ESTADO DE SÃO PAULO S. A.,1912,,"Cr$ 1.300.000.000,00","Cr$ 682.794.462,30",Bauru,Bauru,SP,,,
bcomercsp.jpg,BANCO COMERCIAL DO ESTADO DE SÃO PAULO S. A.,1912,,"Cr$ 1.300.000.000,00","Cr$ 682.794.462,30",Bebedouro,Bebedouro,SP,,,
bcomercsp.jpg,BANCO COMERCIAL DO ESTADO DE SÃO PAULO S. A.,1912,,"Cr$ 1.300.000.000,00","Cr$ 682.794.462,30",Biriquí,Birigui,SP,,,
bcomercsp.jpg,BANCO COMERCIAL DO ESTADO DE SÃO PAULO S. A.,1912,,"Cr$ 1.300.000.000,00","Cr$ 682.794.462,30",Botucatu,Botucatu,SP,,,
bcomercsp.jpg,BANCO COMERCIAL DO ESTADO DE SÃO PAULO S. A.,1912,,"Cr$ 1.300.000.000,00","Cr$ 682.794.462,30",Bragança Paulista,Bragança Paulista,SP,,,
bcomercsp.jpg,BANCO COMERCIAL DO ESTADO DE SÃO PAULO S. A.,1912,,"Cr$ 1.300.000.000,00","Cr$ 682.794.462,30",Cambé,Cambé,PR,,,
bcomercsp.jpg,BANCO COMERCIAL DO ESTADO DE SÃO PAULO S. A.,1912,,"Cr$ 1.300.000.000,00","Cr$ 682.794.462,30",Campinas,Campinas,SP,,,
bcomercsp.jpg,BANCO COMERCIAL DO ESTADO DE SÃO PAULO S. A.,1912,,"Cr$ 1.300.000.000,00","Cr$ 682.794.462,30",Catanduva,Catanduva,SP,,,
bcomercsp.jpg,BANCO COMERCIAL DO ESTADO DE SÃO PAULO S. A.,1912,,"Cr$ 1.300.000.000,00","Cr$ 682.794.462,30",Cruzeiro,Cruzeiro,SP,,,
bcomercsp.jpg,BANCO COMERCIAL DO ESTADO DE SÃO PAULO S. A.,1912,,"Cr$ 1.300.000.000,00","Cr$ 682.794.462,30",Descalvado,Descalvado,SP,,,
bcomercsp.jpg,BANCO COMERCIAL DO ESTADO DE SÃO PAULO S. A.,1912,,"Cr$ 1.300.000.000,00","Cr$ 682.794.462,30",Duartina,Duartina,SP,,,
bcomercsp.jpg,BANCO COMERCIAL DO ESTADO DE SÃO PAULO S. A.,1912,,"Cr$ 1.300.000.000,00","Cr$ 682.794.462,30",Fernandópolis,Fernandópolis,SP,,,
bcomercsp.jpg,BANCO COMERCIAL DO ESTADO DE SÃO PAULO S. A.,1912,,"Cr$ 1.300.000.000,00","Cr$ 682.794.462,30",Franca,Franca,SP,,,
bcomercsp.jpg,BANCO COMERCIAL DO ESTADO DE SÃO PAULO S. A.,1912,,"Cr$ 1.300.000.000,00","Cr$ 682.794.462,30",Garça,Garça,SP,,,
bcomercsp.jpg,BANCO COMERCIAL DO ESTADO DE SÃO PAULO S. A.,1912,,"Cr$ 1.300.000.000,00","Cr$ 682.794.462,30",Guaratinguetá,Guaratinguetá,SP,,,
bcomercsp.jpg,BANCO COMERCIAL DO ESTADO DE SÃO PAULO S. A.,1912,,"Cr$ 1.300.000.000,00","Cr$ 682.794.462,30",Igarapava,Igarapava,SP,,,
bcomercsp.jpg,BANCO COMERCIAL DO ESTADO DE SÃO PAULO S. A.,1912,,"Cr$ 1.300.000.000,00","Cr$ 682.794.462,30",Itapetininga,Itapetininga,SP,,,
bcomercsp.jpg,BANCO COMERCIAL DO ESTADO DE SÃO PAULO S. A.,1912,,"Cr$ 1.300.000.000,00","Cr$ 682.794.462,30",Itapira,Itapira,SP,,,
bcomercsp.jpg,BANCO COMERCIAL DO ESTADO DE SÃO PAULO S. A.,1912,,"Cr$ 1.300.000.000,00","Cr$ 682.794.462,30",Itápolis,Itápolis,SP,,,
bcomercsp.jpg,BANCO COMERCIAL DO ESTADO DE SÃO PAULO S. A.,1912,,"Cr$ 1.300.000.000,00","Cr$ 682.794.462,30",Itu,Itu,SP,,,
bcomercsp.jpg,BANCO COMERCIAL DO ESTADO DE SÃO PAULO S. A.,1912,,"Cr$ 1.300.000.000,00","Cr$ 682.794.462,30",Ituverava,Ituverava,SP,,,
bcomercsp.jpg,BANCO COMERCIAL DO ESTADO DE SÃO PAULO S. A.,1912,,"Cr$ 1.300.000.000,00","Cr$ 682.794.462,30",Jabuticabal,Jabuticabal,SP,,,
bcomercsp.jpg,BANCO COMERCIAL DO ESTADO DE SÃO PAULO S. A.,1912,,"Cr$ 1.300.000.000,00","Cr$ 682.794.462,30",Jau,Jaú,SP,,,
bcomercsp.jpg,BANCO COMERCIAL DO ESTADO DE SÃO PAULO S. A.,1912,,"Cr$ 1.300.000.000,00","Cr$ 682.794.462,30",Jundiaí,Jundiaí,SP,,,
bcomercsp.jpg,BANCO COMERCIAL DO ESTADO DE SÃO PAULO S. A.,1912,,"Cr$ 1.300.000.000,00","Cr$ 682.794.462,30",Limeira,Limeira,SP,,,
bcomercsp.jpg,BANCO COMERCIAL DO ESTADO DE SÃO PAULO S. A.,1912,,"Cr$ 1.300.000.000,00","Cr$ 682.794.462,30",Lins,Lins,SP,,,
bcomercsp.jpg,BANCO COMERCIAL DO ESTADO DE SÃO PAULO S. A.,1912,,"Cr$ 1.300.000.000,00","Cr$ 682.794.462,30",Londrina,Londrina,PR,,,
bcomercsp.jpg,BANCO COMERCIAL DO ESTADO DE SÃO PAULO S. A.,1912,,"Cr$ 1.300.000.000,00","Cr$ 682.794.462,30",Marília,Marília,SP,,,
bcomercsp.jpg,BANCO COMERCIAL DO ESTADO DE SÃO PAULO S. A.,1912,,"Cr$ 1.300.000.000,00","Cr$ 682.794.462,30",Maringá,Maringá,PR,,,
bcomercsp.jpg,BANCO COMERCIAL DO ESTADO DE SÃO PAULO S. A.,1912,,"Cr$ 1.300.000.000,00","Cr$ 682.794.462,30",Mirassol,Mirassol,SP,,,
bcomercsp.jpg,BANCO COMERCIAL DO ESTADO DE SÃO PAULO S. A.,1912,,"Cr$ 1.300.000.000,00","Cr$ 682.794.462,30",Mogi-Mirim,Mogi-Mirim,SP,,,
bcomercsp.jpg,BANCO COMERCIAL DO ESTADO DE SÃO PAULO S. A.,1912,,"Cr$ 1.300.000.000,00","Cr$ 682.794.462,30",Monte Alto,Monte Alto,SP,,,
bcomercsp.jpg,BANCO COMERCIAL DO ESTADO DE SÃO PAULO S. A.,1912,,"Cr$ 1.300.000.000,00","Cr$ 682.794.462,30",Nova Esperança,Nova Esperança,PR,,,
bcomercsp.jpg,BANCO COMERCIAL DO ESTADO DE SÃO PAULO S. A.,1912,,"Cr$ 1.300.000.000,00","Cr$ 682.794.462,30",Olímpia,Olímpia,SP,,,
bcomercsp.jpg,BANCO COMERCIAL DO ESTADO DE SÃO PAULO S. A.,1912,,"Cr$ 1.300.000.000,00","Cr$ 682.794.462,30",Orlândia,Orlândia,SP,,,
bcomercsp.jpg,BANCO COMERCIAL DO ESTADO DE SÃO PAULO S. A.,1912,,"Cr$ 1.300.000.000,00","Cr$ 682.794.462,30",Ourinhos,Ourinhos,SP,,,
bcomercsp.jpg,BANCO COMERCIAL DO ESTADO DE SÃO PAULO S. A.,1912,,"Cr$ 1.300.000.000,00","Cr$ 682.794.462,30",Paraguacu Paulista,Paraguacu Paulista,SP,,,
bcomercsp.jpg,BANCO COMERCIAL DO ESTADO DE SÃO PAULO S. A.,1912,,"Cr$ 1.300.000.000,00","Cr$ 682.794.462,30",Paranaguá,Paranaguá,PR,,,
bcomercsp.jpg,BANCO COMERCIAL DO ESTADO DE SÃO PAULO S. A.,1912,,"Cr$ 1.300.000.000,00","Cr$ 682.794.462,30",Penápolis,Penápolis,SP,,,
bcomercsp.jpg,BANCO COMERCIAL DO ESTADO DE SÃO PAULO S. A.,1912,,"Cr$ 1.300.000.000,00","Cr$ 682.794.462,30",Pinhal,Pinhal,SP,,,
bcomercsp.jpg,BANCO COMERCIAL DO ESTADO DE SÃO PAULO S. A.,1912,,"Cr$ 1.300.000.000,00","Cr$ 682.794.462,30",Piracicaba,Piracicaba,SP,,,
bcomercsp.jpg,BANCO COMERCIAL DO ESTADO DE SÃO PAULO S. A.,1912,,"Cr$ 1.300.000.000,00","Cr$ 682.794.462,30",Piraju,Piraju,SP,,,
bcomercsp.jpg,BANCO COMERCIAL DO ESTADO DE SÃO PAULO S. A.,1912,,"Cr$ 1.300.000.000,00","Cr$ 682.794.462,30",Pirajuí,Pirajuí,SP,,,
bcomercsp.jpg,BANCO COMERCIAL DO ESTADO DE SÃO PAULO S. A.,1912,,"Cr$ 1.300.000.000,00","Cr$ 682.794.462,30",Promissão,Promissão,SP,,,
bcomercsp.jpg,BANCO COMERCIAL DO ESTADO DE SÃO PAULO S. A.,1912,,"Cr$ 1.300.000.000,00","Cr$ 682.794.462,30",Ribeirão Preto,Ribeirão Preto,SP,,,
bcomercsp.jpg,BANCO COMERCIAL DO ESTADO DE SÃO PAULO S. A.,1912,,"Cr$ 1.300.000.000,00","Cr$ 682.794.462,30",Rio Claro,Rio Claro,SP,,,
bcomercsp.jpg,BANCO COMERCIAL DO ESTADO DE SÃO PAULO S. A.,1912,,"Cr$ 1.300.000.000,00","Cr$ 682.794.462,30",Santa Adélia,Santa Adélia,SP,,,
bcomercsp.jpg,BANCO COMERCIAL DO ESTADO DE SÃO PAULO S. A.,1912,,"Cr$ 1.300.000.000,00","Cr$ 682.794.462,30",Sta. Cruz do Rio Pardo,Santa Cruz do Rio Pardo,SP,,,
bcomercsp.jpg,BANCO COMERCIAL DO ESTADO DE SÃO PAULO S. A.,1912,,"Cr$ 1.300.000.000,00","Cr$ 682.794.462,30",Sto. André,Santo André,SP,,,
bcomercsp.jpg,BANCO COMERCIAL DO ESTADO DE SÃO PAULO S. A.,1912,,"Cr$ 1.300.000.000,00","Cr$ 682.794.462,30",São Caetano do Sul,São Caetano do Sul,SP,,,
bcomercsp.jpg,BANCO COMERCIAL DO ESTADO DE SÃO PAULO S. A.,1912,,"Cr$ 1.300.000.000,00","Cr$ 682.794.462,30",São Carlos,São Carlos,SP,,,
bcomercsp.jpg,BANCO COMERCIAL DO ESTADO DE SÃO PAULO S. A.,1912,,"Cr$ 1.300.000.000,00","Cr$ 682.794.462,30",São João da Boa Vista,São João da Boa Vista,SP,,,
bcomercsp.jpg,BANCO COMERCIAL DO ESTADO DE SÃO PAULO S. A.,1912,,"Cr$ 1.300.000.000,00","Cr$ 682.794.462,30",São José dos Campos,São José dos Campos,SP,,,
bcomercsp.jpg,BANCO COMERCIAL DO ESTADO DE SÃO PAULO S. A.,1912,,"Cr$ 1.300.000.000,00","Cr$ 682.794.462,30",São José do Rio Preto,São José do Rio Preto,SP,,,
bcomercsp.jpg,BANCO COMERCIAL DO ESTADO DE SÃO PAULO S. A.,1912,,"Cr$ 1.300.000.000,00","Cr$ 682.794.462,30",São Manuel,São Manuel,SP,,,
bcomercsp.jpg,BANCO COMERCIAL DO ESTADO DE SÃO PAULO S. A.,1912,,"Cr$ 1.300.000.000,00","Cr$ 682.794.462,30",São Roque,São Roque,SP,,,
bcomercsp.jpg,BANCO COMERCIAL DO ESTADO DE SÃO PAULO S. A.,1912,,"Cr$ 1.300.000.000,00","Cr$ 682.794.462,30",São Simão,São Simão,SP,,,
bcomercsp.jpg,BANCO COMERCIAL DO ESTADO DE SÃO PAULO S. A.,1912,,"Cr$ 1.300.000.000,00","Cr$ 682.794.462,30",Sorocaba,Sorocaba,SP,,,
bcomercsp.jpg,BANCO COMERCIAL DO ESTADO DE SÃO PAULO S. A.,1912,,"Cr$ 1.300.000.000,00","Cr$ 682.794.462,30",Taquaritinga,Taquaritinga,SP,,,
bcomercsp.jpg,BANCO COMERCIAL DO ESTADO DE SÃO PAULO S. A.,1912,,"Cr$ 1.300.000.000,00","Cr$ 682.794.462,30",Tatuí,Tatuí,SP,,,
bcomercsp.jpg,BANCO COMERCIAL DO ESTADO DE SÃO PAULO S. A.,1912,,"Cr$ 1.300.000.000,00","Cr$ 682.794.462,30",Taubaté,Taubaté,SP,,,
bcomercsp.jpg,BANCO COMERCIAL DO ESTADO DE SÃO PAULO S. A.,1912,,"Cr$ 1.300.000.000,00","Cr$ 682.794.462,30",Tietê,Tietê,SP,,,
bcomercsp.jpg,BANCO COMERCIAL DO ESTADO DE SÃO PAULO S. A.,1912,,"Cr$ 1.300.000.000,00","Cr$ 682.794.462,30",Uchoa,Uchoa,SP,,,
bcreditmg_1960.jpg,BANCO DE CRÉDITO REAL DE MINAS GERAIS S. A.,1889,,"Cr$ 600.000.000,00","Cr$ 957.000.000,00",SUCURSAIS: RIO DE JANEIRO,SUCURSAIS: RIO DE JANEIRO,MG,,,
bcreditmg_1960.jpg,BANCO DE CRÉDITO REAL DE MINAS GERAIS S. A.,1889,,"Cr$ 600.000.000,00","Cr$ 957.000.000,00",BELO HORIZONTE,BELO HORIZONTE,MG,,,
bcreditmg_1960.jpg,BANCO DE CRÉDITO REAL DE MINAS GERAIS S. A.,1889,,"Cr$ 600.000.000,00","Cr$ 957.000.000,00",SÃO PAULO,SÃO PAULO,MG,,,
bcreditmg_1960.jpg,BANCO DE CRÉDITO REAL DE MINAS GERAIS S. A.,1889,,"Cr$ 600.000.000,00","Cr$ 957.000.000,00",500/506,500/506,MG,,,
bcreditmg_1960.jpg,BANCO DE CRÉDITO REAL DE MINAS GERAIS S. A.,1889,,"Cr$ 600.000.000,00","Cr$ 957.000.000,00",Abre Campo,Abre Campo,MG,,,
bcreditmg_1960.jpg,BANCO DE CRÉDITO REAL DE MINAS GERAIS S. A.,1889,,"Cr$ 600.000.000,00","Cr$ 957.000.000,00",Andradas,Andradas,MG,,,
bcreditmg_1960.jpg,BANCO DE CRÉDITO REAL DE MINAS GERAIS S. A.,1889,,"Cr$ 600.000.000,00","Cr$ 957.000.000,00",Aracitaba Araquari,Aracitaba Araquari,MG,,,
bcreditmg_1960.jpg,BANCO DE CRÉDITO REAL DE MINAS GERAIS S. A.,1889,,"Cr$ 600.000.000,00","Cr$ 957.000.000,00",Araxá,Araxá,MG,,,
bcreditmg_1960.jpg,BANCO DE CRÉDITO REAL DE MINAS GERAIS S. A.,1889,,"Cr$ 600.000.000,00","Cr$ 957.000.000,00",Barbacena,Barbacena,MG,,,
bcreditmg_1960.jpg,BANCO DE CRÉDITO REAL DE MINAS GERAIS S. A.,1889,,"Cr$ 600.000.000,00","Cr$ 957.000.000,00",Bias Fortes,Bias Fortes,MG,,,
bcreditmg_1960.jpg,BANCO DE CRÉDITO REAL DE MINAS GERAIS S. A.,1889,,"Cr$ 600.000.000,00","Cr$ 957.000.000,00",Campo Belo,Campo Belo,MG,,,
bcreditmg_1960.jpg,BANCO DE CRÉDITO REAL DE MINAS GERAIS S. A.,1889,,"Cr$ 600.000.000,00","Cr$ 957.000.000,00",Campos Gerais,Campos Gerais,MG,,,
bcreditmg_1960.jpg,BANCO DE CRÉDITO REAL DE MINAS GERAIS S. A.,1889,,"Cr$ 600.000.000,00","Cr$ 957.000.000,00",Candeias,Candeias,MG,,,
bcreditmg_1960.jpg,BANCO DE CRÉDITO REAL DE MINAS GERAIS S. A.,1889,,"Cr$ 600.000.000,00","Cr$ 957.000.000,00",Capinópolis,Capinópolis,MG,,,
bcreditmg_1960.jpg,BANCO DE CRÉDITO REAL DE MINAS GERAIS S. A.,1889,,"Cr$ 600.000.000,00","Cr$ 957.000.000,00",Carangola,Carangola,MG,,,
bcreditmg_1960.jpg,BANCO DE CRÉDITO REAL DE MINAS GERAIS S. A.,1889,,"Cr$ 600.000.000,00","Cr$ 957.000.000,00",Caratinga,Caratinga,MG,,,
bcreditmg_1960.jpg,BANCO DE CRÉDITO REAL DE MINAS GERAIS S. A.,1889,,"Cr$ 600.000.000,00","Cr$ 957.000.000,00",Carmo da Mata,Carmo da Mata,MG,,,
bcreditmg_1960.jpg,BANCO DE CRÉDITO REAL DE MINAS GERAIS S. A.,1889,,"Cr$ 600.000.000,00","Cr$ 957.000.000,00",Cataquazes,Cataguases,MG,,,
bcreditmg_1960.jpg,BANCO DE CRÉDITO REAL DE MINAS GERAIS S. A.,1889,,"Cr$ 600.000.000,00","Cr$ 957.000.000,00",Centralina,Centralina,MG,,,
bcreditmg_1960.jpg,BANCO DE CRÉDITO REAL DE MINAS GERAIS S. A.,1889,,"Cr$ 600.000.000,00","Cr$ 957.000.000,00",Conc. do Rio Verde,Conceição do Rio Verde,MG,,,
bcreditmg_1960.jpg,BANCO DE CRÉDITO REAL DE MINAS GERAIS S. A.,1889,,"Cr$ 600.000.000,00","Cr$ 957.000.000,00",Cons. La-faiete,Conselheiro Lafaiete,MG,,,
bcreditmg_1960.jpg,BANCO DE CRÉDITO REAL DE MINAS GERAIS S. A.,1889,,"Cr$ 600.000.000,00","Cr$ 957.000.000,00",Coromandel,Coromandel,MG,,,
bcreditmg_1960.jpg,BANCO DE CRÉDITO REAL DE MINAS GERAIS S. A.,1889,,"Cr$ 600.000.000,00","Cr$ 957.000.000,00",Curvelo,Curvelo,MG,,,
bcreditmg_1960.jpg,BANCO DE CRÉDITO REAL DE MINAS GERAIS S. A.,1889,,"Cr$ 600.000.000,00","Cr$ 957.000.000,00",Diamantina,Diamantina,MG,,,
bcreditmg_1960.jpg,BANCO DE CRÉDITO REAL DE MINAS GERAIS S. A.,1889,,"Cr$ 600.000.000,00","Cr$ 957.000.000,00",Floresta (Belo Horizonte),Belo Horizonte,MG,Belo Horizonte,Floresta,
bcreditmg_1960.jpg,BANCO DE CRÉDITO REAL DE MINAS GERAIS S. A.,1889,,"Cr$ 600.000.000,00","Cr$ 957.000.000,00",Gov. Valadares,Governador Valadares,MG,,,
bcreditmg_1960.jpg,BANCO DE CRÉDITO REAL DE MINAS GERAIS S. A.,1889,,"Cr$ 600.000.000,00","Cr$ 957.000.000,00",Guarani,Guarani,MG,,,
bcreditmg_1960.jpg,BANCO DE CRÉDITO REAL DE MINAS GERAIS S. A.,1889,,"Cr$ 600.000.000,00","Cr$ 957.000.000,00",Ipatinga,Ipatinga,MG,,,
bcreditmg_1960.jpg,BANCO DE CRÉDITO REAL DE MINAS GERAIS S. A.,1889,,"Cr$ 600.000.000,00","Cr$ 957.000.000,00",Itanhomi,Itanhomi,MG,,,
bcreditmg_1960.jpg,BANCO DE CRÉDITO REAL DE MINAS GERAIS S. A.,1889,,"Cr$ 600.000.000,00","Cr$ 957.000.000,00",Ituiutaba,Ituiutaba,MG,,,
bcreditmg_1960.jpg,BANCO DE CRÉDITO REAL DE MINAS GERAIS S. A.,1889,,"Cr$ 600.000.000,00","Cr$ 957.000.000,00",Laquinha (Belo Horizonte),Belo Horizonte,MG,Belo Horizonte,Lagoinha,
bcreditmg_1960.jpg,BANCO DE CRÉDITO REAL DE MINAS GERAIS S. A.,1889,,"Cr$ 600.000.000,00","Cr$ 957.000.000,00",Lavras,Lavras,MG,,,
bcreditmg_1960.jpg,BANCO DE CRÉDITO REAL DE MINAS GERAIS S. A.,1889,,"Cr$ 600.000.000,00","Cr$ 957.000.000,00",Machado,Machado,MG,,,
bcreditmg_1960.jpg,BANCO DE CRÉDITO REAL DE MINAS GERAIS S. A.,1889,,"Cr$ 600.000.000,00","Cr$ 957.000.000,00",Manhumirim,Manhumirim,MG,,,
bcreditmg_1960.jpg,BANCO DE CRÉDITO REAL DE MINAS GERAIS S. A.,1889,,"Cr$ 600.000.000,00","Cr$ 957.000.000,00",Mercês,Mercês,MG,,,
bcreditmg_1960.jpg,BANCO DE CRÉDITO REAL DE MINAS GERAIS S. A.,1889,,"Cr$ 600.000.000,00","Cr$ 957.000.000,00",Monte Alegre de Minas,Monte Alegre de Minas,MG,,,
bcreditmg_1960.jpg,BANCO DE CRÉDITO REAL DE MINAS GERAIS S. A.,1889,,"Cr$ 600.000.000,00","Cr$ 957.000.000,00",Monte Carmelo,Monte Carmelo,MG,,,
bcreditmg_1960.jpg,BANCO DE CRÉDITO REAL DE MINAS GERAIS S. A.,1889,,"Cr$ 600.000.000,00","Cr$ 957.000.000,00",Monte Santo de Minas,Monte Santo de Minas,MG,,,
bcreditmg_1960.jpg,BANCO DE CRÉDITO REAL DE MINAS GERAIS S. A.,1889,,"Cr$ 600.000.000,00","Cr$ 957.000.000,00",Montes Claros,Montes Claros,MG,,,
bcreditmg_1960.jpg,BANCO DE CRÉDITO REAL DE MINAS GERAIS S. A.,1889,,"Cr$ 600.000.000,00","Cr$ 957.000.000,00",Muriaé,Muriaé,MG,,,
bcreditmg_1960.jpg,BANCO DE CRÉDITO REAL DE MINAS GERAIS S. A.,1889,,"Cr$ 600.000.000,00","Cr$ 957.000.000,00",Muzambinho,Muzambinho,MG,,,
bcreditmg_1960.jpg,BANCO DE CRÉDITO REAL DE MINAS GERAIS S. A.,1889,,"Cr$ 600.000.000,00","Cr$ 957.000.000,00",Oliveira,Oliveira,MG,,,
bcreditmg_1960.jpg,BANCO DE CRÉDITO REAL DE MINAS GERAIS S. A.,1889,,"Cr$ 600.000.000,00","Cr$ 957.000.000,00",Ouro Branco,Ouro Branco,MG,,,
bcreditmg_1960.jpg,BANCO DE CRÉDITO REAL DE MINAS GERAIS S. A.,1889,,"Cr$ 600.000.000,00","Cr$ 957.000.000,00",Ouro Fino,Ouro Fino,MG,,,
bcreditmg_1960.jpg,BANCO DE CRÉDITO REAL DE MINAS GERAIS S. A.,1889,,"Cr$ 600.000.000,00","Cr$ 957.000.000,00",Parque Haldeli,Parque Haldeli,MG,,,
bcreditmg_1960.jpg,BANCO DE CRÉDITO REAL DE MINAS GERAIS S. A.,1889,,"Cr$ 600.000.000,00","Cr$ 957.000.000,00",(Urb. J. de Fora),Juiz de Fora,MG,Urb. J. de Fora,,
bcreditmg_1960.jpg,BANCO DE CRÉDITO REAL DE MINAS GERAIS S. A.,1889,,"Cr$ 600.000.000,00","Cr$ 957.000.000,00",Passos,Passos,MG,,,
bcreditmg_1960.jpg,BANCO DE CRÉDITO REAL DE MINAS GERAIS S. A.,1889,,"Cr$ 600.000.000,00","Cr$ 957.000.000,00",Pedro Leodoido,Pedro Leodoido,MG,,,
bcreditmg_1960.jpg,BANCO DE CRÉDITO REAL DE MINAS GERAIS S. A.,1889,,"Cr$ 600.000.000,00","Cr$ 957.000.000,00",Pocos de Caídas,Poços de Caldas,MG,,,
bcreditmg_1960.jpg,BANCO DE CRÉDITO REAL DE MINAS GERAIS S. A.,1889,,"Cr$ 600.000.000,00","Cr$ 957.000.000,00",Ponte Nova,Ponte Nova,MG,,,
bcreditmg_1960.jpg,BANCO DE CRÉDITO REAL DE MINAS GERAIS S. A.,1889,,"Cr$ 600.000.000,00","Cr$ 957.000.000,00",Raul Soares,Raul Soares,MG,,,
bcreditmg_1960.jpg,BANCO DE CRÉDITO REAL DE MINAS GERAIS S. A.,1889,,"Cr$ 600.000.000,00","Cr$ 957.000.000,00",Rio Pomba,Rio Pomba,MG,,,
bcreditmg_1960.jpg,BANCO DE CRÉDITO REAL DE MINAS GERAIS S. A.,1889,,"Cr$ 600.000.000,00","Cr$ 957.000.000,00",Sacramento,Sacramento,MG,,,
bcreditmg_1960.jpg,BANCO DE CRÉDITO REAL DE MINAS GERAIS S. A.,1889,,"Cr$ 600.000.000,00","Cr$ 957.000.000,00",Santos Dumont,Santos Dumont,MG,,,
bcreditmg_1960.jpg,BANCO DE CRÉDITO REAL DE MINAS GERAIS S. A.,1889,,"Cr$ 600.000.000,00","Cr$ 957.000.000,00",S. J. del Rei,São João del Rei,MG,,,
bcreditmg_1960.jpg,BANCO DE CRÉDITO REAL DE MINAS GERAIS S. A.,1889,,"Cr$ 600.000.000,00","Cr$ 957.000.000,00",S. J. Nepomuceno,São João Nepomuceno,MG,,,
bcreditmg_1960.jpg,BANCO DE CRÉDITO REAL DE MINAS GERAIS S. A.,1889,,"Cr$ 600.000.000,00","Cr$ 957.000.000,00",S. Lourenço,São Lourenço,MG,,,
bcreditmg_1960.jpg,BANCO DE CRÉDITO REAL DE MINAS GERAIS S. A.,1889,,"Cr$ 600.000.000,00","Cr$ 957.000.000,00",S. Seb. do Paraíso,São Sebastião do Paraíso,MG,,,
bcreditmg_1960.jpg,BANCO DE CRÉDITO REAL DE MINAS GERAIS S. A.,1889,,"Cr$ 600.000.000,00","Cr$ 957.000.000,00",Teófilo Otoni,Teófilo Otoni,MG,,,
bcreditmg_1960.jpg,BANCO DE CRÉDITO REAL DE MINAS GERAIS S. A.,1889,,"Cr$ 600.000.000,00","Cr$ 957.000.000,00",Tocantins,Tocantins,MG,,,
bcreditmg_1960.jpg,BANCO DE CRÉDITO REAL DE MINAS GERAIS S. A.,1889,,"Cr$ 600.000.000,00","Cr$ 957.000.000,00",Três Corações,Três Corações,MG,,,
bcreditmg_1960.jpg,BANCO DE CRÉDITO REAL DE MINAS GERAIS S. A.,1889,,"Cr$ 600.000.000,00","Cr$ 957.000.000,00",Três Pontas,Três Pontas,MG,,,
bcreditmg_1960.jpg,BANCO DE CRÉDITO REAL DE MINAS GERAIS S. A.,1889,,"Cr$ 600.000.000,00","Cr$ 957.000.000,00",Tupaciquara,Tupaciguara,MG,,,
bcreditmg_1960.jpg,BANCO DE CRÉDITO REAL DE MINAS GERAIS S. A.,1889,,"Cr$ 600.000.000,00","Cr$ 957.000.000,00",Ubá,Ubá,MG,,,
bcreditmg_1960.jpg,BANCO DE CRÉDITO REAL DE MINAS GERAIS S. A.,1889,,"Cr$ 600.000.000,00","Cr$ 957.000.000,00",Uberaba,Uberaba,MG,,,
bcreditmg_1960.jpg,BANCO DE CRÉDITO REAL DE MINAS GERAIS S. A.,1889,,"Cr$ 600.000.000,00","Cr$ 957.000.000,00",Uberlândia,Uberlândia,MG,,,
bcreditmg_1960.jpg,BANCO DE CRÉDITO REAL DE MINAS GERAIS S. A.,1889,,"Cr$ 600.000.000,00","Cr$ 957.000.000,00",Viçosa,Viçosa,MG,,,
bcreditmg_1960.jpg,BANCO DE CRÉDITO REAL DE MINAS GERAIS S. A.,1889,,"Cr$ 600.000.000,00","Cr$ 957.000.000,00",Visc. do Rio Branco. No Est. Rio: B. do Pirai,Visc. do Rio Branco. No Est. Rio: B. do Pirai,MG,,,
bcreditmg_1960.jpg,BANCO DE CRÉDITO REAL DE MINAS GERAIS S. A.,1889,,"Cr$ 600.000.000,00","Cr$ 957.000.000,00",Campos Miguel Pereira,Campos Miguel Pereira,MG,,,
bcreditmg_1960.jpg,BANCO DE CRÉDITO REAL DE MINAS GERAIS S. A.,1889,,"Cr$ 600.000.000,00","Cr$ 957.000.000,00",Miracema,Miracema,MG,,,
bcreditmg_1960.jpg,BANCO DE CRÉDITO REAL DE MINAS GERAIS S. A.,1889,,"Cr$ 600.000.000,00","Cr$ 957.000.000,00",Niterói,Niterói,RJ,,,
bcreditmg_1960.jpg,BANCO DE CRÉDITO REAL DE MINAS GERAIS S. A.,1889,,"Cr$ 600.000.000,00","Cr$ 957.000.000,00",Nova Iguaçu,Nova Iguaçu,MG,,,
bcreditmg_1960.jpg,BANCO DE CRÉDITO REAL DE MINAS GERAIS S. A.,1889,,"Cr$ 600.000.000,00","Cr$ 957.000.000,00",Paraíba do Sul,Paraíba do Sul,MG,,,
bcreditmg_1960.jpg,BANCO DE CRÉDITO REAL DE MINAS GERAIS S. A.,1889,,"Cr$ 600.000.000,00","Cr$ 957.000.000,00",Petrópolis,Petrópolis,RJ,,,
bcreditmg_1960.jpg,BANCO DE CRÉDITO REAL DE MINAS GERAIS S. A.,1889,,"Cr$ 600.000.000,00","Cr$ 957.000.000,00",S. Gonçalo,São Gonçalo,MG,,,
bcreditmg_1960.jpg,BANCO DE CRÉDITO REAL DE MINAS GERAIS S. A.,1889,,"Cr$ 600.000.000,00","Cr$ 957.000.000,00",Teresópolis,Teresópolis,MG,,,
bcreditmg_1960.jpg,BANCO DE CRÉDITO REAL DE MINAS GERAIS S. A.,1889,,"Cr$ 600.000.000,00","Cr$ 957.000.000,00",Três Rios,Três Rios,MG,,,
bcreditmg_1960.jpg,BANCO DE CRÉDITO REAL DE MINAS GERAIS S. A.,1889,,"Cr$ 600.000.000,00","Cr$ 957.000.000,00",Vassouras,Vassouras,MG,,,
bcreditmg_1960.jpg,BANCO DE CRÉDITO REAL DE MINAS GERAIS S. A.,1889,,"Cr$ 600.000.000,00","Cr$ 957.000.000,00",Barretos,Barretos,SP,,,
bcreditmg_1960.jpg,BANCO DE CRÉDITO REAL DE MINAS GERAIS S. A.,1889,,"Cr$ 600.000.000,00","Cr$ 957.000.000,00",Baurú,Bauru,SP,,,
bcreditmg_1960.jpg,BANCO DE CRÉDITO REAL DE MINAS GERAIS S. A.,1889,,"Cr$ 600.000.000,00","Cr$ 957.000.000,00",Bom Retiro (Urb. S. Paulo),São Paulo,SP,Urb. S. Paulo,Bom Retiro,
bcreditmg_1960.jpg,BANCO DE CRÉDITO REAL DE MINAS GERAIS S. A.,1889,,"Cr$ 600.000.000,00","Cr$ 957.000.000,00",Braz (Urb. S. Paulo),São Paulo,SP,Urb. S. Paulo,Brás,
bcreditmg_1960.jpg,BANCO DE CRÉDITO REAL DE MINAS GERAIS S. A.,1889,,"Cr$ 600.000.000,00","Cr$ 957.000.000,00",Campinas,Campinas,SP,,,
bcreditmg_1960.jpg,BANCO DE CRÉDITO REAL DE MINAS GERAIS S. A.,1889,,"Cr$ 600.000.000,00","Cr$ 957.000.000,00",França,França,SP,,,
bcreditmg_1960.jpg,BANCO DE CRÉDITO REAL DE MINAS GERAIS S. A.,1889,,"Cr$ 600.000.000,00","Cr$ 957.000.000,00",Praça da República (Urb. S. Paulo),São Paulo,SP,Urb. S. Paulo,Praça da República,
bcreditmg_1960.jpg,BANCO DE CRÉDITO REAL DE MINAS GERAIS S. A.,1889,,"Cr$ 600.000.000,00","Cr$ 957.000.000,00",Rib. Prêto,Ribeirão Preto,SP,,,
bcreditmg_1960.jpg,BANCO DE CRÉDITO REAL DE MINAS GERAIS S. A.,1889,,"Cr$ 600.000.000,00","Cr$ 957.000.000,00",Sta. Cecília (Urb. S. Paulo),São Paulo,SP,Urb. S. Paulo,Santa Cecília,
bcreditmg_1960.jpg,BANCO DE CRÉDITO REAL DE MINAS GERAIS S. A.,1889,,"Cr$ 600.000.000,00","Cr$ 957.000.000,00",Sto. André,Santo André,SP,,,
bcreditmg_1960.jpg,BANCO DE CRÉDITO REAL DE MINAS GERAIS S. A.,1889,,"Cr$ 600.000.000,00","Cr$ 957.000.000,00",Santos,Santos,SP,,,
bcreditmg_1960.jpg,BANCO DE CRÉDITO REAL DE MINAS GERAIS S. A.,1889,,"Cr$ 600.000.000,00","Cr$ 957.000.000,00",S. José do Rio Prêto,S. José do Rio Prêto,SP,,,
bcreditmg_1960.jpg,BANCO DE CRÉDITO REAL DE MINAS GERAIS S. A.,1889,,"Cr$ 600.000.000,00","Cr$ 957.000.000,00",S. Paulo,São Paulo,SP,,,
bcreditmg_1960.jpg,BANCO DE CRÉDITO REAL DE MINAS GERAIS S. A.,1889,,"Cr$ 600.000.000,00","Cr$ 957.000.000,00",Saúde (Urb. S. Paulo),São Paulo,SP,Urb. S. Paulo,Saúde,
bcreditmg_1960.jpg,BANCO DE CRÉDITO REAL DE MINAS GERAIS S. A.,1889,,"Cr$ 600.000.000,00","Cr$ 957.000.000,00",Anápolis,Anápolis,GO,,,
bcreditmg_1960.jpg,BANCO DE CRÉDITO REAL DE MINAS GERAIS S. A.,1889,,"Cr$ 600.000.000,00","Cr$ 957.000.000,00",Goiânia,Goiânia,GO,,,
bcreditmg_1960.jpg,BANCO DE CRÉDITO REAL DE MINAS GERAIS S. A.,1889,,"Cr$ 600.000.000,00","Cr$ 957.000.000,00",Ipameri,Ipameri,GO,,,
bcreditmg_1960.jpg,BANCO DE CRÉDITO REAL DE MINAS GERAIS S. A.,1889,,"Cr$ 600.000.000,00","Cr$ 957.000.000,00",Itumbiara,Itumbiara,GO,,,
bcreditmg_1960.jpg,BANCO DE CRÉDITO REAL DE MINAS GERAIS S. A.,1889,,"Cr$ 600.000.000,00","Cr$ 957.000.000,00",Pires do Rio,Pires do Rio,GO,,,
bcreditmg_1960.jpg,BANCO DE CRÉDITO REAL DE MINAS GERAIS S. A.,1889,,"Cr$ 600.000.000,00","Cr$ 957.000.000,00",Alegre,Alegre,ES,,,
bcreditmg_1960.jpg,BANCO DE CRÉDITO REAL DE MINAS GERAIS S. A.,1889,,"Cr$ 600.000.000,00","Cr$ 957.000.000,00",Cach. Itapemirim,Cachoeiro de Itapemirim,ES,,,
bcreditmg_1960.jpg,BANCO DE CRÉDITO REAL DE MINAS GERAIS S. A.,1889,,"Cr$ 600.000.000,00","Cr$ 957.000.000,00",Castelo,Castelo,ES,,,
bcreditmg_1960.jpg,BANCO DE CRÉDITO REAL DE MINAS GERAIS S. A.,1889,,"Cr$ 600.000.000,00","Cr$ 957.000.000,00",Cotatina,Colatina,ES,,,
bcreditmg_1960.jpg,BANCO DE CRÉDITO REAL DE MINAS GERAIS S. A.,1889,,"Cr$ 600.000.000,00","Cr$ 957.000.000,00",Guacui,Guacui,ES,,,
bcreditmg_1960.jpg,BANCO DE CRÉDITO REAL DE MINAS GERAIS S. A.,1889,,"Cr$ 600.000.000,00","Cr$ 957.000.000,00",Iuna,Iuna,ES,,,
bcreditmg_1960.jpg,BANCO DE CRÉDITO REAL DE MINAS GERAIS S. A.,1889,,"Cr$ 600.000.000,00","Cr$ 957.000.000,00",Vitória,Vitória,ES,,,
bcreditmg_1960.jpg,BANCO DE CRÉDITO REAL DE MINAS GERAIS S. A.,1889,,"Cr$ 600.000.000,00","Cr$ 957.000.000,00",Arapongas,Arapongas,PR,,,
bcreditmg_1960.jpg,BANCO DE CRÉDITO REAL DE MINAS GERAIS S. A.,1889,,"Cr$ 600.000.000,00","Cr$ 957.000.000,00",Cambé,Cambé,PR,,,
bcreditmg_1960.jpg,BANCO DE CRÉDITO REAL DE MINAS GERAIS S. A.,1889,,"Cr$ 600.000.000,00","Cr$ 957.000.000,00",Curitiba,Curitiba,PR,,,
bcreditmg_1960.jpg,BANCO DE CRÉDITO REAL DE MINAS GERAIS S. A.,1889,,"Cr$ 600.000.000,00","Cr$ 957.000.000,00",Londrina,Londrina,PR,,,
bcreditmg_1960.jpg,BANCO DE CRÉDITO REAL DE MINAS GERAIS S. A.,1889,,"Cr$ 600.000.000,00","Cr$ 957.000.000,00",Paranaqua,Paranaqua,PR,,,
bcreditmg_1960.jpg,BANCO DE CRÉDITO REAL DE MINAS GERAIS S. A.,1889,,"Cr$ 600.000.000,00","Cr$ 957.000.000,00",Rolândia,Rolândia,PR,,,
bcreditmg_1960.jpg,BANCO DE CRÉDITO REAL DE MINAS GERAIS S. A.,1889,,"Cr$ 600.000.000,00","Cr$ 957.000.000,00",Salvador,Salvador,BA,,,
bcreditmg_1960.jpg,BANCO DE CRÉDITO REAL DE MINAS GERAIS S. A.,1889,,"Cr$ 600.000.000,00","Cr$ 957.000.000,00",Recife,Recife,PE,,,
bcreditmg_1960.jpg,BANCO DE CRÉDITO REAL DE MINAS GERAIS S. A.,1889,,"Cr$ 600.000.000,00","Cr$ 957.000.000,00",Santo Antônio (Metropolitana de Recife),Recife,PE,Metropolitana de Recife,Santo Antônio,
bcreditmg_1960.jpg,BANCO DE CRÉDITO REAL DE MINAS GERAIS S. A.,1889,,"Cr$ 600.000.000,00","Cr$ 957.000.000,00",Porto Alegre,Porto Alegre,RS,,,
bcreditmg_1960.jpg,BANCO DE CRÉDITO REAL DE MINAS GERAIS S. A.,1889,,"Cr$ 600.000.000,00","Cr$ 957.000.000,00",Blumenau,Blumenau,SC,,,
bcreditmg_1960.jpg,BANCO DE CRÉDITO REAL DE MINAS GERAIS S. A.,1889,,"Cr$ 600.000.000,00","Cr$ 957.000.000,00",Florianópolis,Florianópolis,SC,,,
bcreditmg_1960.jpg,BANCO DE CRÉDITO REAL DE MINAS GERAIS S. A.,1889,,"Cr$ 600.000.000,00","Cr$ 957.000.000,00",Joinville,Joinville,SC,,,
bcreditmg_1960.jpg,BANCO DE CRÉDITO REAL DE MINAS GERAIS S. A.,1889,,"Cr$ 600.000.000,00","Cr$ 957.000.000,00",Urbanas do Rio de Janeiro: Aeroporto,Rio de Janeiro,GB,,Urbanas do Rio de Janeiro: Aeroporto,Urban/metropolitan branch location
bcreditmg_1960.jpg,BANCO DE CRÉDITO REAL DE MINAS GERAIS S. A.,1889,,"Cr$ 600.000.000,00","Cr$ 957.000.000,00",Campo Grande,Rio de Janeiro,GB,,Campo Grande,Urban/metropolitan branch location
bcreditmg_1960.jpg,BANCO DE CRÉDITO REAL DE MINAS GERAIS S. A.,1889,,"Cr$ 600.000.000,00","Cr$ 957.000.000,00",Catete,Rio de Janeiro,GB,,Catete,Urban/metropolitan branch location
bcreditmg_1960.jpg,BANCO DE CRÉDITO REAL DE MINAS GERAIS S. A.,1889,,"Cr$ 600.000.000,00","Cr$ 957.000.000,00",Copacabana,Rio de Janeiro,GB,,Copacabana,Urban/metropolitan branch location
bcreditmg_1960.jpg,BANCO DE CRÉDITO REAL DE MINAS GERAIS S. A.,1889,,"Cr$ 600.000.000,00","Cr$ 957.000.000,00",Ilha do Governador,Rio de Janeiro,GB,,Ilha do Governador,Urban/metropolitan branch location
bcreditmg_1960.jpg,BANCO DE CRÉDITO REAL DE MINAS GERAIS S. A.,1889,,"Cr$ 600.000.000,00","Cr$ 957.000.000,00",Ipanema,Rio de Janeiro,GB,,Ipanema,Urban/metropolitan branch location
bcreditmg_1960.jpg,BANCO DE CRÉDITO REAL DE MINAS GERAIS S. A.,1889,,"Cr$ 600.000.000,00","Cr$ 957.000.000,00",Madureira,Rio de Janeiro,GB,,Madureira,Urban/metropolitan branch location
bcreditmg_1960.jpg,BANCO DE CRÉDITO REAL DE MINAS GERAIS S. A.,1889,,"Cr$ 600.000.000,00","Cr$ 957.000.000,00",Mem. de Sá,Rio de Janeiro,GB,,Mem. de Sá,Urban/metropolitan branch location
bcreditmg_1960.jpg,BANCO DE CRÉDITO REAL DE MINAS GERAIS S. A.,1889,,"Cr$ 600.000.000,00","Cr$ 957.000.000,00",Praça da Bandeira,Rio de Janeiro,GB,,Praça da Bandeira,Urban/metropolitan branch location
bcreditmg_1960.jpg,BANCO DE CRÉDITO REAL DE MINAS GERAIS S. A.,1889,,"Cr$ 600.000.000,00","Cr$ 957.000.000,00",Ramos,Rio de Janeiro,GB,,Ramos,Urban/metropolitan branch location
bcreditmg_1960.jpg,BANCO DE CRÉDITO REAL DE MINAS GERAIS S. A.,1889,,"Cr$ 600.000.000,00","Cr$ 957.000.000,00",Visc. de Inhauna,Rio de Janeiro,GB,,Visc. de Inhauna,Urban/metropolitan branch location
bcreditmg_1960.jpg,BANCO DE CRÉDITO REAL DE MINAS GERAIS S. A.,1889,,"Cr$ 600.000.000,00","Cr$ 957.000.000,00",Fortaleza,Fortaleza,CE,,,
bcreditmg_1960.jpg,BANCO DE CRÉDITO REAL DE MINAS GERAIS S. A.,1889,,"Cr$ 600.000.000,00","Cr$ 957.000.000,00",Belém,Belém,PA,,,
bcreditmg_1960.jpg,BANCO DE CRÉDITO REAL DE MINAS GERAIS S. A.,1889,,"Cr$ 600.000.000,00","Cr$ 957.000.000,00",Maceió,Maceió,AL,,,
bcreditmg_1960.jpg,BANCO DE CRÉDITO REAL DE MINAS GERAIS S. A.,1889,,"Cr$ 600.000.000,00","Cr$ 957.000.000,00",Brasília,Brasília,DF,,,
bcreditmg_1960.jpg,BANCO DE CRÉDITO REAL DE MINAS GERAIS S. A.,1889,,"Cr$ 600.000.000,00","Cr$ 957.000.000,00",Setor Sul (Metropolitana de Brasília),Brasília,DF,Metropolitana de Brasília,Setor Sul,
bdescontos.jpg,"BANCO BRASILEIRO DE DESCONTOS, S. A.",1943,,,,Matriz: Cidade de Deus,Osasco,SP,,Cidade de Deus,Matriz
bdescontos.jpg,"BANCO BRASILEIRO DE DESCONTOS, S. A.",1943,,,,São Paulo (Urbana),São Paulo,SP,,Agência Central; Água Rasa; Augusta; Avenida Paulista; Belém; Bom Retiro; Brás; Brooklin Paulista; Butantã; Cambuci; Casa Verde; Consolação; Guaiaúna; Ipiranga; Itaim; Itaquera; Jabaquara; Jardim América; Lapa; Liberdade; Luz; Marechal Deodoro; Mercado; Mooca; Nações Unidas; Nossa Senhora do Ó; Paraíso; Pari; Paula Sousa; Penha; Perdizes; Pinheiros; Praça Júlio Mesquita; Rangel Pestana; Santa Cecília; Santa Ifigênia; Santa Maria; Santana; Santo Amaro; São Miguel Paulista; Senador Queiroz; Tatuapé; Tucuruvi; Vila Anastácio; Vila Formosa; Vila Mariana; Vila Prudente,Urban agencies grouped
bdescontos.jpg,"BANCO BRASILEIRO DE DESCONTOS, S. A.",1943,,,,Carmo,Rio de Janeiro,GB,,Carmo,Urban/metropolitan branch location
bdescontos.jpg,"BANCO BRASILEIRO DE DESCONTOS, S. A.",1943,,,,Centro,Rio de Janeiro,GB,,Centro,Urban/metropolitan branch location
bdescontos.jpg,"BANCO BRASILEIRO DE DESCONTOS, S. A.",1943,,,,Madureira,Rio de Janeiro,GB,,Madureira,Urban/metropolitan branch location
bdescontos.jpg,"BANCO BRASILEIRO DE DESCONTOS, S. A.",1943,,,,Adamantina,Adamantina,SP,,,
bdescontos.jpg,"BANCO BRASILEIRO DE DESCONTOS, S. A.",1943,,,,Alvares Machado,Alvares Machado,SP,,,
bdescontos.jpg,"BANCO BRASILEIRO DE DESCONTOS, S. A.",1943,,,,Andradina,Andradina,SP,,,
bdescontos.jpg,"BANCO BRASILEIRO DE DESCONTOS, S. A.",1943,,,,Araçatuba,Araçatuba,SP,,,
bdescontos.jpg,"BANCO BRASILEIRO DE DESCONTOS, S. A.",1943,,,,Araraquara,Araraquara,SP,,,
bdescontos.jpg,"BANCO BRASILEIRO DE DESCONTOS, S. A.",1943,,,,Assis,Assis,SP,,,
bdescontos.jpg,"BANCO BRASILEIRO DE DESCONTOS, S. A.",1943,,,,Avaré,Avaré,SP,,,
bdescontos.jpg,"BANCO BRASILEIRO DE DESCONTOS, S. A.",1943,,,,Bariri,Bariri,SP,,,
bdescontos.jpg,"BANCO BRASILEIRO DE DESCONTOS, S. A.",1943,,,,Barretos,Barretos,SP,,,
bdescontos.jpg,"BANCO BRASILEIRO DE DESCONTOS, S. A.",1943,,,,Bauru,Bauru,SP,,,
bdescontos.jpg,"BANCO BRASILEIRO DE DESCONTOS, S. A.",1943,,,,Bilac,Bilac,SP,,,
bdescontos.jpg,"BANCO BRASILEIRO DE DESCONTOS, S. A.",1943,,,,Biriquí,Birigui,SP,,,
bdescontos.jpg,"BANCO BRASILEIRO DE DESCONTOS, S. A.",1943,,,,Braúna,Braúna,SP,,,
bdescontos.jpg,"BANCO BRASILEIRO DE DESCONTOS, S. A.",1943,,,,Cabreúva,Cabreúva,SP,,,
bdescontos.jpg,"BANCO BRASILEIRO DE DESCONTOS, S. A.",1943,,,,Cafelândia,Cafelândia,SP,,,
bdescontos.jpg,"BANCO BRASILEIRO DE DESCONTOS, S. A.",1943,,,,Campinas,Campinas,SP,,,
bdescontos.jpg,"BANCO BRASILEIRO DE DESCONTOS, S. A.",1943,,,,Cândido Mota,Cândido Mota,SP,,,
bdescontos.jpg,"BANCO BRASILEIRO DE DESCONTOS, S. A.",1943,,,,Catanduva,Catanduva,SP,,,
bdescontos.jpg,"BANCO BRASILEIRO DE DESCONTOS, S. A.",1943,,,,Cerqueira Cesar,Cerqueira Cesar,SP,,,
bdescontos.jpg,"BANCO BRASILEIRO DE DESCONTOS, S. A.",1943,,,,Clementina,Clementina,SP,,,
bdescontos.jpg,"BANCO BRASILEIRO DE DESCONTOS, S. A.",1943,,,,Cosmorama,Cosmorama,SP,,,
bdescontos.jpg,"BANCO BRASILEIRO DE DESCONTOS, S. A.",1943,,,,Cotia,Cotia,SP,,,
bdescontos.jpg,"BANCO BRASILEIRO DE DESCONTOS, S. A.",1943,,,,Dracena,Dracena,SP,,,
bdescontos.jpg,"BANCO BRASILEIRO DE DESCONTOS, S. A.",1943,,,,Duartina,Duartina,SP,,,
bdescontos.jpg,"BANCO BRASILEIRO DE DESCONTOS, S. A.",1943,,,,Ferriandópolis,Fernandópolis,SP,,,
bdescontos.jpg,"BANCO BRASILEIRO DE DESCONTOS, S. A.",1943,,,,Ficóida Paulista,Ficóida Paulista,SP,,,
bdescontos.jpg,"BANCO BRASILEIRO DE DESCONTOS, S. A.",1943,,,,Galia,Galia,SP,,,
bdescontos.jpg,"BANCO BRASILEIRO DE DESCONTOS, S. A.",1943,,,,Garçá,Garçá,SP,,,
bdescontos.jpg,"BANCO BRASILEIRO DE DESCONTOS, S. A.",1943,,,,Getúlia,Getúlia,SP,,,
bdescontos.jpg,"BANCO BRASILEIRO DE DESCONTOS, S. A.",1943,,,,Gonzaga (Urb. Santos),Gonzaga,SP,Urb. Santos,,
bdescontos.jpg,"BANCO BRASILEIRO DE DESCONTOS, S. A.",1943,,,,Guaimbé,Guaimbé,SP,,,
bdescontos.jpg,"BANCO BRASILEIRO DE DESCONTOS, S. A.",1943,,,,Guarantã,Guarantã,SP,,,
bdescontos.jpg,"BANCO BRASILEIRO DE DESCONTOS, S. A.",1943,,,,Guarulhos,Guarulhos,SP,,,
bdescontos.jpg,"BANCO BRASILEIRO DE DESCONTOS, S. A.",1943,,,,Ibirarema,Ibirarema,SP,,,
bdescontos.jpg,"BANCO BRASILEIRO DE DESCONTOS, S. A.",1943,,,,Indiana,Indiana,SP,,,
bdescontos.jpg,"BANCO BRASILEIRO DE DESCONTOS, S. A.",1943,,,,Irapurú,Irapurú,SP,,,
bdescontos.jpg,"BANCO BRASILEIRO DE DESCONTOS, S. A.",1943,,,,Itaberá,Itaberá,SP,,,
bdescontos.jpg,"BANCO BRASILEIRO DE DESCONTOS, S. A.",1943,,,,Itatinga,Itatinga,SP,,,
bdescontos.jpg,"BANCO BRASILEIRO DE DESCONTOS, S. A.",1943,,,,Jau,Jaú,SP,,,
bdescontos.jpg,"BANCO BRASILEIRO DE DESCONTOS, S. A.",1943,,,,Jundiaí,Jundiaí,SP,,,
bdescontos.jpg,"BANCO BRASILEIRO DE DESCONTOS, S. A.",1943,,,,Junqueirópolis,Junqueirópolis,SP,,,
bdescontos.jpg,"BANCO BRASILEIRO DE DESCONTOS, S. A.",1943,,,,Laviníia,Laviníia,SP,,,
bdescontos.jpg,"BANCO BRASILEIRO DE DESCONTOS, S. A.",1943,,,,Limeira,Limeira,SP,,,
bdescontos.jpg,"BANCO BRASILEIRO DE DESCONTOS, S. A.",1943,,,,Lins,Lins,SP,,,
bdescontos.jpg,"BANCO BRASILEIRO DE DESCONTOS, S. A.",1943,,,,Lucélia,Lucélia,SP,,,
bdescontos.jpg,"BANCO BRASILEIRO DE DESCONTOS, S. A.",1943,,,,Manduri,Manduri,SP,,,
bdescontos.jpg,"BANCO BRASILEIRO DE DESCONTOS, S. A.",1943,,,,Marília,Marília,SP,,,
bdescontos.jpg,"BANCO BRASILEIRO DE DESCONTOS, S. A.",1943,,,,Martinópolis,Martinópolis,SP,,,
bdescontos.jpg,"BANCO BRASILEIRO DE DESCONTOS, S. A.",1943,,,,Mauá,Mauá,SP,,,
bdescontos.jpg,"BANCO BRASILEIRO DE DESCONTOS, S. A.",1943,,,,Mirandópolis,Mirandópolis,SP,,,
bdescontos.jpg,"BANCO BRASILEIRO DE DESCONTOS, S. A.",1943,,,,Moçá das Cruzes,Mogi das Cruzes,SP,,,
bdescontos.jpg,"BANCO BRASILEIRO DE DESCONTOS, S. A.",1943,,,,Murutinga do Sul,Murutinga do Sul,SP,,,
bdescontos.jpg,"BANCO BRASILEIRO DE DESCONTOS, S. A.",1943,,,,Oriente,Oriente,SP,,,
bdescontos.jpg,"BANCO BRASILEIRO DE DESCONTOS, S. A.",1943,,,,Osvaldo Cruz,Osvaldo Cruz,SP,,,
bdescontos.jpg,"BANCO BRASILEIRO DE DESCONTOS, S. A.",1943,,,,Ourinhos,Ourinhos,SP,,,
bdescontos.jpg,"BANCO BRASILEIRO DE DESCONTOS, S. A.",1943,,,,Pacaembu,Pacaembu,SP,,,
bdescontos.jpg,"BANCO BRASILEIRO DE DESCONTOS, S. A.",1943,,,,Parapuã,Parapuã,SP,,,
bdescontos.jpg,"BANCO BRASILEIRO DE DESCONTOS, S. A.",1943,,,,Pederneiras,Pederneiras,SP,,,
bdescontos.jpg,"BANCO BRASILEIRO DE DESCONTOS, S. A.",1943,,,,Pedro de Toledo,Pedro de Toledo,SP,,,
bdescontos.jpg,"BANCO BRASILEIRO DE DESCONTOS, S. A.",1943,,,,Penápolis,Penápolis,SP,,,
bdescontos.jpg,"BANCO BRASILEIRO DE DESCONTOS, S. A.",1943,,,,Piracicaba,Piracicaba,SP,,,
bdescontos.jpg,"BANCO BRASILEIRO DE DESCONTOS, S. A.",1943,,,,Pirajú,Pirajú,SP,,,
bdescontos.jpg,"BANCO BRASILEIRO DE DESCONTOS, S. A.",1943,,,,Pirajú,Pirajú,SP,,,
bdescontos.jpg,"BANCO BRASILEIRO DE DESCONTOS, S. A.",1943,,,,Pompéia,Pompéia,SP,,,
bdescontos.jpg,"BANCO BRASILEIRO DE DESCONTOS, S. A.",1943,,,,Promissão,Promissão,SP,,,
bdescontos.jpg,"BANCO BRASILEIRO DE DESCONTOS, S. A.",1943,,,,Quintana,Quintana,SP,,,
bdescontos.jpg,"BANCO BRASILEIRO DE DESCONTOS, S. A.",1943,,,,Rancharita,Rancharita,SP,,,
bdescontos.jpg,"BANCO BRASILEIRO DE DESCONTOS, S. A.",1943,,,,Regente Feijó,Regente Feijó,SP,,,
bdescontos.jpg,"BANCO BRASILEIRO DE DESCONTOS, S. A.",1943,,,,Reginópolis,Reginópolis,SP,,,
bdescontos.jpg,"BANCO BRASILEIRO DE DESCONTOS, S. A.",1943,,,,Registro,Registro,SP,,,
bdescontos.jpg,"BANCO BRASILEIRO DE DESCONTOS, S. A.",1943,,,,Ribeirão Preto,Ribeirão Preto,SP,,,
bdescontos.jpg,"BANCO BRASILEIRO DE DESCONTOS, S. A.",1943,,,,Santa Cruz do Rio Pardo,Santa Cruz do Rio Pardo,SP,,,
bdescontos.jpg,"BANCO BRASILEIRO DE DESCONTOS, S. A.",1943,,,,Santo Anastácio,Santo Anastácio,SP,,,
bdescontos.jpg,"BANCO BRASILEIRO DE DESCONTOS, S. A.",1943,,,,Santo André,Santo André,SP,,,
bdescontos.jpg,"BANCO BRASILEIRO DE DESCONTOS, S. A.",1943,,,,Santos,Santos,SP,,,
bdescontos.jpg,"BANCO BRASILEIRO DE DESCONTOS, S. A.",1943,,,,São Bernardo do Campo,São Bernardo do Campo,SP,,,
bdescontos.jpg,"BANCO BRASILEIRO DE DESCONTOS, S. A.",1943,,,,São Caetano do Sul,São Caetano do Sul,SP,,,
bdescontos.jpg,"BANCO BRASILEIRO DE DESCONTOS, S. A.",1943,,,,São José do Rio Preto,São José do Rio Preto,SP,,,
bdescontos.jpg,"BANCO BRASILEIRO DE DESCONTOS, S. A.",1943,,,,São Manoel,São Manuel,SP,,,
bdescontos.jpg,"BANCO BRASILEIRO DE DESCONTOS, S. A.",1943,,,,Sorocaba,Sorocaba,SP,,,
bdescontos.jpg,"BANCO BRASILEIRO DE DESCONTOS, S. A.",1943,,,,Suzano,Suzano,SP,,,
bdescontos.jpg,"BANCO BRASILEIRO DE DESCONTOS, S. A.",1943,,,,Taquarituba,Taquarituba,SP,,,
bdescontos.jpg,"BANCO BRASILEIRO DE DESCONTOS, S. A.",1943,,,,Tupã,Tupã,SP,,,
bdescontos.jpg,"BANCO BRASILEIRO DE DESCONTOS, S. A.",1943,,,,Tupí Paulista,Tupí Paulista,SP,,,
bdescontos.jpg,"BANCO BRASILEIRO DE DESCONTOS, S. A.",1943,,,,Valparaíso,Valparaíso,SP,,,
bdescontos.jpg,"BANCO BRASILEIRO DE DESCONTOS, S. A.",1943,,,,Vera Cruz,Vera Cruz,SP,,,
bdescontos.jpg,"BANCO BRASILEIRO DE DESCONTOS, S. A.",1943,,,,Vila Galvão,Guarulhos,SP,,,
bdescontos.jpg,"BANCO BRASILEIRO DE DESCONTOS, S. A.",1943,,,,Votuporanga,Votuporanga,SP,,,
bdescontos.jpg,"BANCO BRASILEIRO DE DESCONTOS, S. A.",1943,,,,Anápolis,Anápolis,GO,,,
bdescontos.jpg,"BANCO BRASILEIRO DE DESCONTOS, S. A.",1943,,,,Goiânia,Goiânia,GO,,,
bdescontos.jpg,"BANCO BRASILEIRO DE DESCONTOS, S. A.",1943,,,,Apucarana,Apucarana,PR,,,
bdescontos.jpg,"BANCO BRASILEIRO DE DESCONTOS, S. A.",1943,,,,Arapongas,Arapongas,PR,,,
bdescontos.jpg,"BANCO BRASILEIRO DE DESCONTOS, S. A.",1943,,,,Assai,Assai,PR,,,
bdescontos.jpg,"BANCO BRASILEIRO DE DESCONTOS, S. A.",1943,,,,Astorga,Astorga,PR,,,
bdescontos.jpg,"BANCO BRASILEIRO DE DESCONTOS, S. A.",1943,,,,Bandeirantes,Bandeirantes,PR,,,
bdescontos.jpg,"BANCO BRASILEIRO DE DESCONTOS, S. A.",1943,,,,Bela Vista do Paraíso,Bela Vista do Paraíso,PR,,,
bdescontos.jpg,"BANCO BRASILEIRO DE DESCONTOS, S. A.",1943,,,,Cambará,Cambará,PR,,,
bdescontos.jpg,"BANCO BRASILEIRO DE DESCONTOS, S. A.",1943,,,,Cambé,Cambé,PR,,,
bdescontos.jpg,"BANCO BRASILEIRO DE DESCONTOS, S. A.",1943,,,,Cianorte,Cianorte,PR,,,
bdescontos.jpg,"BANCO BRASILEIRO DE DESCONTOS, S. A.",1943,,,,Colorado,Colorado,PR,,,
bdescontos.jpg,"BANCO BRASILEIRO DE DESCONTOS, S. A.",1943,,,,Cornélio Procópio,Cornélio Procópio,PR,,,
bdescontos.jpg,"BANCO BRASILEIRO DE DESCONTOS, S. A.",1943,,,,Cruzeiro D'Oeste,Cruzeiro D'Oeste,PR,,,
bdescontos.jpg,"BANCO BRASILEIRO DE DESCONTOS, S. A.",1943,,,,Curitiba,Curitiba,PR,,,
bdescontos.jpg,"BANCO BRASILEIRO DE DESCONTOS, S. A.",1943,,,,Ibiporã,Ibiporã,PR,,,
bdescontos.jpg,"BANCO BRASILEIRO DE DESCONTOS, S. A.",1943,,,,Itambé,Itambé,PR,,,
bdescontos.jpg,"BANCO BRASILEIRO DE DESCONTOS, S. A.",1943,,,,Jandaia do Sul,Jandaia do Sul,PR,,,
bdescontos.jpg,"BANCO BRASILEIRO DE DESCONTOS, S. A.",1943,,,,Londrina,Londrina,PR,,,
bdescontos.jpg,"BANCO BRASILEIRO DE DESCONTOS, S. A.",1943,,,,Mandaquáçu,Mandaguaçu,PR,,,
bdescontos.jpg,"BANCO BRASILEIRO DE DESCONTOS, S. A.",1943,,,,Mandaquari,Mandaguari,PR,,,
bdescontos.jpg,"BANCO BRASILEIRO DE DESCONTOS, S. A.",1943,,,,Marialva,Marialva,PR,,,
bdescontos.jpg,"BANCO BRASILEIRO DE DESCONTOS, S. A.",1943,,,,Maringa,Maringa,PR,,,
bdescontos.jpg,"BANCO BRASILEIRO DE DESCONTOS, S. A.",1943,,,,Nova Esperança,Nova Esperança,PR,,,
bdescontos.jpg,"BANCO BRASILEIRO DE DESCONTOS, S. A.",1943,,,,Paranaquá,Paranaguá,PR,,,
bdescontos.jpg,"BANCO BRASILEIRO DE DESCONTOS, S. A.",1943,,,,Paranavaí,Paranavaí,PR,,,
bdescontos.jpg,"BANCO BRASILEIRO DE DESCONTOS, S. A.",1943,,,,Rolândia,Rolândia,PR,,,
bdescontos.jpg,"BANCO BRASILEIRO DE DESCONTOS, S. A.",1943,,,,Santa Amélia,Santa Amélia,PR,,,
bdescontos.jpg,"BANCO BRASILEIRO DE DESCONTOS, S. A.",1943,,,,Santa Cruz do Monte Castelo,Santa Cruz do Monte Castelo,PR,,,
bdescontos.jpg,"BANCO BRASILEIRO DE DESCONTOS, S. A.",1943,,,,São João do Caiuá,São João do Caiuá,PR,,,
bdescontos.jpg,"BANCO BRASILEIRO DE DESCONTOS, S. A.",1943,,,,Sertanópolis,Sertanópolis,PR,,,
bdescontos.jpg,"BANCO BRASILEIRO DE DESCONTOS, S. A.",1943,,,,Terra Boa,Terra Boa,PR,,,
bdescontos.jpg,"BANCO BRASILEIRO DE DESCONTOS, S. A.",1943,,,,Umuarama,Umuarama,PR,,,
bdescontos.jpg,"BANCO BRASILEIRO DE DESCONTOS, S. A.",1943,,,,Urai,Urai,PR,,,
bdescontos.jpg,"BANCO BRASILEIRO DE DESCONTOS, S. A.",1943,,,,Campo Grande,Campo Grande,MT,,,
bdescontos.jpg,"BANCO BRASILEIRO DE DESCONTOS, S. A.",1943,,,,Belo Horizonte,Belo Horizonte,MG,,,
bdescontos.jpg,"BANCO BRASILEIRO DE DESCONTOS, S. A.",1943,,,,Juiz de Fora,Juiz de Fora,MG,,,
bdescontos.jpg,"BANCO BRASILEIRO DE DESCONTOS, S. A.",1943,,,,Campos,Campos,RJ,,,
bdescontos.jpg,"BANCO BRASILEIRO DE DESCONTOS, S. A.",1943,,,,Duque de Caxias,Duque de Caxias,RJ,,,
bestadopr.jpg,BANCO DO ESTADO DO PARANÁ S. A.,1928,,,,Andirá,Andirá,PR,,,
bestadopr.jpg,BANCO DO ESTADO DO PARANÁ S. A.,1928,,,,Antonina,Antonina,PR,,,
bestadopr.jpg,BANCO DO ESTADO DO PARANÁ S. A.,1928,,,,Apucarana,Apucarana,PR,,,
bestadopr.jpg,BANCO DO ESTADO DO PARANÁ S. A.,1928,,,,Arapongas,Arapongas,PR,,,
bestadopr.jpg,BANCO DO ESTADO DO PARANÁ S. A.,1928,,,,Araucária,Araucária,PR,,,
bestadopr.jpg,BANCO DO ESTADO DO PARANÁ S. A.,1928,,,,Assai,Assai,PR,,,
bestadopr.jpg,BANCO DO ESTADO DO PARANÁ S. A.,1928,,,,Bandeirantes,Bandeirantes,PR,,,
bestadopr.jpg,BANCO DO ESTADO DO PARANÁ S. A.,1928,,,,Barracão (em instalação),Barracão,PR,em instalação,,
bestadopr.jpg,BANCO DO ESTADO DO PARANÁ S. A.,1928,,,,Bela Vista do Paraíso,Bela Vista do Paraíso,PR,,,
bestadopr.jpg,BANCO DO ESTADO DO PARANÁ S. A.,1928,,,,Cambará,Cambará,PR,,,
bestadopr.jpg,BANCO DO ESTADO DO PARANÁ S. A.,1928,,,,Cambé,Cambé,PR,,,
bestadopr.jpg,BANCO DO ESTADO DO PARANÁ S. A.,1928,,,,Campo Largo,Campo Largo,PR,,,
bestadopr.jpg,BANCO DO ESTADO DO PARANÁ S. A.,1928,,,,Campo Mourão,Campo Mourão,PR,,,
bestadopr.jpg,BANCO DO ESTADO DO PARANÁ S. A.,1928,,,,Cascável,Cascável,PR,,,
bestadopr.jpg,BANCO DO ESTADO DO PARANÁ S. A.,1928,,,,Centenário do Sul,Centenário do Sul,PR,,,
bestadopr.jpg,BANCO DO ESTADO DO PARANÁ S. A.,1928,,,,Cleve Jândia,Clevelândia,PR,,,
bestadopr.jpg,BANCO DO ESTADO DO PARANÁ S. A.,1928,,,,Cornélio Procópio,Cornélio Procópio,PR,,,
bestadopr.jpg,BANCO DO ESTADO DO PARANÁ S. A.,1928,,,,Foz do Iquacu,Foz do Iquacu,PR,,,
bestadopr.jpg,BANCO DO ESTADO DO PARANÁ S. A.,1928,,,,Francisco Beltrão,Francisco Beltrão,PR,,,
bestadopr.jpg,BANCO DO ESTADO DO PARANÁ S. A.,1928,,,,Golo-Erê,Golo-Erê,PR,,,
bestadopr.jpg,BANCO DO ESTADO DO PARANÁ S. A.,1928,,,,Guaira,Guaira,PR,,,
bestadopr.jpg,BANCO DO ESTADO DO PARANÁ S. A.,1928,,,,Guarapuava,Guarapuava,PR,,,
bestadopr.jpg,BANCO DO ESTADO DO PARANÁ S. A.,1928,,,,Ibaiti,Ibaiti,PR,,,
bestadopr.jpg,BANCO DO ESTADO DO PARANÁ S. A.,1928,,,,Irati,Irati,PR,,,
bestadopr.jpg,BANCO DO ESTADO DO PARANÁ S. A.,1928,,,,Jacarézinho,Jacarézinho,PR,,,
bestadopr.jpg,BANCO DO ESTADO DO PARANÁ S. A.,1928,,,,Jaquapitã,Jaguapitã,PR,,,
bestadopr.jpg,BANCO DO ESTADO DO PARANÁ S. A.,1928,,,,Jaquariaiva,Jaguariaíva,PR,,,
bestadopr.jpg,BANCO DO ESTADO DO PARANÁ S. A.,1928,,,,Laranjeiras dos Sul,Laranjeiras dos Sul,PR,,,
bestadopr.jpg,BANCO DO ESTADO DO PARANÁ S. A.,1928,,,,Loanda,Loanda,PR,,,
bestadopr.jpg,BANCO DO ESTADO DO PARANÁ S. A.,1928,,,,Londrina,Londrina,PR,,,
bestadopr.jpg,BANCO DO ESTADO DO PARANÁ S. A.,1928,,,,Mandaquari,Mandaguari,PR,,,
bestadopr.jpg,BANCO DO ESTADO DO PARANÁ S. A.,1928,,,,Maringá,Maringá,PR,,,
bestadopr.jpg,BANCO DO ESTADO DO PARANÁ S. A.,1928,,,,Nova Fátima,Nova Fátima,PR,,,
bestadopr.jpg,BANCO DO ESTADO DO PARANÁ S. A.,1928,,,,Palmas,Palmas,PR,,,
bestadopr.jpg,BANCO DO ESTADO DO PARANÁ S. A.,1928,,,,Paranaguá,Paranaguá,PR,,,
bestadopr.jpg,BANCO DO ESTADO DO PARANÁ S. A.,1928,,,,Paranavai,Paranavai,PR,,,
bestadopr.jpg,BANCO DO ESTADO DO PARANÁ S. A.,1928,,,,Pato Branco,Pato Branco,PR,,,
bestadopr.jpg,BANCO DO ESTADO DO PARANÁ S. A.,1928,,,,Pirai do Sul,Pirai do Sul,PR,,,
bestadopr.jpg,BANCO DO ESTADO DO PARANÁ S. A.,1928,,,,Pitanga,Pitanga,PR,,,
bestadopr.jpg,BANCO DO ESTADO DO PARANÁ S. A.,1928,,,,Ponta Grossa,Ponta Grossa,PR,,,
bestadopr.jpg,BANCO DO ESTADO DO PARANÁ S. A.,1928,,,,Primeiro de Maio,Primeiro de Maio,PR,,,
bestadopr.jpg,BANCO DO ESTADO DO PARANÁ S. A.,1928,,,,Ribeirão do Pinhal,Ribeirão do Pinhal,PR,,,
bestadopr.jpg,BANCO DO ESTADO DO PARANÁ S. A.,1928,,,,Rio Negro,Rio Negro,PR,,,
bestadopr.jpg,BANCO DO ESTADO DO PARANÁ S. A.,1928,,,,Rolândia,Rolândia,PR,,,
bestadopr.jpg,BANCO DO ESTADO DO PARANÁ S. A.,1928,,,,Santa Izabel do Ivai,Santa Izabel do Ivai,PR,,,
bestadopr.jpg,BANCO DO ESTADO DO PARANÁ S. A.,1928,,,,Santa Mariana,Santa Mariana,PR,,,
bestadopr.jpg,BANCO DO ESTADO DO PARANÁ S. A.,1928,,,,Santo Antônio da Platina,Santo Antônio da Platina,PR,,,
bestadopr.jpg,BANCO DO ESTADO DO PARANÁ S. A.,1928,,,,São Jerônimo da Serra,São Jerônimo da Serra,PR,,,
bestadopr.jpg,BANCO DO ESTADO DO PARANÁ S. A.,1928,,,,São José dos Pinhais,São José dos Pinhais,PR,,,
bestadopr.jpg,BANCO DO ESTADO DO PARANÁ S. A.,1928,,,,São Mateus do Sul,São Mateus do Sul,PR,,,
bestadopr.jpg,BANCO DO ESTADO DO PARANÁ S. A.,1928,,,,São Paulo (Estado de São Paulo),São Paulo,PR,Estado de São Paulo,São Paulo,
bestadopr.jpg,BANCO DO ESTADO DO PARANÁ S. A.,1928,,,,Sertanópolis,Sertanópolis,PR,,,
bestadopr.jpg,BANCO DO ESTADO DO PARANÁ S. A.,1928,,,,Terra Rica,Terra Rica,PR,,,
bestadopr.jpg,BANCO DO ESTADO DO PARANÁ S. A.,1928,,,,Toledo,Toledo,PR,,,
bestadopr.jpg,BANCO DO ESTADO DO PARANÁ S. A.,1928,,,,União da Vitória,União da Vitória,PR,,,
bestadopr.jpg,BANCO DO ESTADO DO PARANÁ S. A.,1928,,,,Urai,Urai,PR,,,
bestadors.jpg,BANCO DO ESTADO DO RIO GRANDE DO SUL S. A.,1928,,"Cr$ 500.000.000,00","Cr$ 265.000.000,00",Matriz: Porto Alegre,Porto Alegre,RS,,Matriz; Azenha; Bonfim; Caminho do Meio; Cidade Baixa; Cristo Redentor; Floresta; Glória; Menino Deus; Moinhos de Vento; Navegantes; Partenon; Petrópolis; Passo d'Areia; São João; Teresópolis; Tristeza,
bestadors.jpg,BANCO DO ESTADO DO RIO GRANDE DO SUL S. A.,1928,,"Cr$ 500.000.000,00","Cr$ 265.000.000,00",Agência: Rio de Janeiro,Rio de Janeiro,GB,,Rua da Alfândega,
bestadors.jpg,BANCO DO ESTADO DO RIO GRANDE DO SUL S. A.,1928,,"Cr$ 500.000.000,00","Cr$ 265.000.000,00",Agência: Copacabana,Rio de Janeiro,GB,,Copacabana,
bestadors.jpg,BANCO DO ESTADO DO RIO GRANDE DO SUL S. A.,1928,,"Cr$ 500.000.000,00","Cr$ 265.000.000,00",Agências em São Paulo,São Paulo,SP,,Centro; Mercado,
bestadors.jpg,BANCO DO ESTADO DO RIO GRANDE DO SUL S. A.,1928,,"Cr$ 500.000.000,00","Cr$ 265.000.000,00",Est. do Rio Grande do Sul: Alegrete,Est. do Rio Grande do Sul: Alegrete,RS,,,
bestadors.jpg,BANCO DO ESTADO DO RIO GRANDE DO SUL S. A.,1928,,"Cr$ 500.000.000,00","Cr$ 265.000.000,00",Antônio Prado,Antônio Prado,RS,,,
bestadors.jpg,BANCO DO ESTADO DO RIO GRANDE DO SUL S. A.,1928,,"Cr$ 500.000.000,00","Cr$ 265.000.000,00",Arroio Grande,Arroio Grande,RS,,,
bestadors.jpg,BANCO DO ESTADO DO RIO GRANDE DO SUL S. A.,1928,,"Cr$ 500.000.000,00","Cr$ 265.000.000,00",Arroio do Meio,Arroio do Meio,RS,,,
bestadors.jpg,BANCO DO ESTADO DO RIO GRANDE DO SUL S. A.,1928,,"Cr$ 500.000.000,00","Cr$ 265.000.000,00",Bagé,Bagé,RS,,,
bestadors.jpg,BANCO DO ESTADO DO RIO GRANDE DO SUL S. A.,1928,,"Cr$ 500.000.000,00","Cr$ 265.000.000,00",Barra do Ribeiro,Barra do Ribeiro,RS,,,
bestadors.jpg,BANCO DO ESTADO DO RIO GRANDE DO SUL S. A.,1928,,"Cr$ 500.000.000,00","Cr$ 265.000.000,00",Bento Gonçalves,Bento Gonçalves,RS,,,
bestadors.jpg,BANCO DO ESTADO DO RIO GRANDE DO SUL S. A.,1928,,"Cr$ 500.000.000,00","Cr$ 265.000.000,00",Bom Jesus,Bom Jesus,RS,,,
bestadors.jpg,BANCO DO ESTADO DO RIO GRANDE DO SUL S. A.,1928,,"Cr$ 500.000.000,00","Cr$ 265.000.000,00",Caçapava do Sul,Caçapava do Sul,RS,,,
bestadors.jpg,BANCO DO ESTADO DO RIO GRANDE DO SUL S. A.,1928,,"Cr$ 500.000.000,00","Cr$ 265.000.000,00",Cacequi,Cacequi,RS,,,
bestadors.jpg,BANCO DO ESTADO DO RIO GRANDE DO SUL S. A.,1928,,"Cr$ 500.000.000,00","Cr$ 265.000.000,00",Cachoeira do Sul,Cachoeira do Sul,RS,,,
bestadors.jpg,BANCO DO ESTADO DO RIO GRANDE DO SUL S. A.,1928,,"Cr$ 500.000.000,00","Cr$ 265.000.000,00",Camaquã,Camaquã,RS,,,
bestadors.jpg,BANCO DO ESTADO DO RIO GRANDE DO SUL S. A.,1928,,"Cr$ 500.000.000,00","Cr$ 265.000.000,00",Canôas,Canoas,RS,,,
bestadors.jpg,BANCO DO ESTADO DO RIO GRANDE DO SUL S. A.,1928,,"Cr$ 500.000.000,00","Cr$ 265.000.000,00",Campo Bom,Campo Bom,RS,,,
bestadors.jpg,BANCO DO ESTADO DO RIO GRANDE DO SUL S. A.,1928,,"Cr$ 500.000.000,00","Cr$ 265.000.000,00",Carazinho,Carazinho,RS,,,
bestadors.jpg,BANCO DO ESTADO DO RIO GRANDE DO SUL S. A.,1928,,"Cr$ 500.000.000,00","Cr$ 265.000.000,00",Carlos Barbosa,Carlos Barbosa,RS,,,
bestadors.jpg,BANCO DO ESTADO DO RIO GRANDE DO SUL S. A.,1928,,"Cr$ 500.000.000,00","Cr$ 265.000.000,00",Caxias do Sul,Caxias do Sul,RS,,,
bestadors.jpg,BANCO DO ESTADO DO RIO GRANDE DO SUL S. A.,1928,,"Cr$ 500.000.000,00","Cr$ 265.000.000,00",Cruz Alta,Cruz Alta,RS,,,
bestadors.jpg,BANCO DO ESTADO DO RIO GRANDE DO SUL S. A.,1928,,"Cr$ 500.000.000,00","Cr$ 265.000.000,00",Dom Pedrito,Dom Pedrito,RS,,,
bestadors.jpg,BANCO DO ESTADO DO RIO GRANDE DO SUL S. A.,1928,,"Cr$ 500.000.000,00","Cr$ 265.000.000,00",Encantado Encruzilhada do Sul,Encantado Encruzilhada do Sul,RS,,,
bestadors.jpg,BANCO DO ESTADO DO RIO GRANDE DO SUL S. A.,1928,,"Cr$ 500.000.000,00","Cr$ 265.000.000,00",Erechim,Erechim,RS,,,
bestadors.jpg,BANCO DO ESTADO DO RIO GRANDE DO SUL S. A.,1928,,"Cr$ 500.000.000,00","Cr$ 265.000.000,00",Esteio,Esteio,RS,,,
bestadors.jpg,BANCO DO ESTADO DO RIO GRANDE DO SUL S. A.,1928,,"Cr$ 500.000.000,00","Cr$ 265.000.000,00",Estréia,Estréia,RS,,,
bestadors.jpg,BANCO DO ESTADO DO RIO GRANDE DO SUL S. A.,1928,,"Cr$ 500.000.000,00","Cr$ 265.000.000,00",Farroupilha,Farroupilha,RS,,,
bestadors.jpg,BANCO DO ESTADO DO RIO GRANDE DO SUL S. A.,1928,,"Cr$ 500.000.000,00","Cr$ 265.000.000,00",Flóres da Cunha,Flóres da Cunha,RS,,,
bestadors.jpg,BANCO DO ESTADO DO RIO GRANDE DO SUL S. A.,1928,,"Cr$ 500.000.000,00","Cr$ 265.000.000,00",Fragata (Pelotas),Pelotas,RS,Pelotas,Fragata,
bestadors.jpg,BANCO DO ESTADO DO RIO GRANDE DO SUL S. A.,1928,,"Cr$ 500.000.000,00","Cr$ 265.000.000,00",Garibaldi,Garibaldi,RS,,,
bestadors.jpg,BANCO DO ESTADO DO RIO GRANDE DO SUL S. A.,1928,,"Cr$ 500.000.000,00","Cr$ 265.000.000,00",General Câmara,General Câmara,RS,,,
bestadors.jpg,BANCO DO ESTADO DO RIO GRANDE DO SUL S. A.,1928,,"Cr$ 500.000.000,00","Cr$ 265.000.000,00",Getúlio Vargas,Getúlio Vargas,RS,,,
bestadors.jpg,BANCO DO ESTADO DO RIO GRANDE DO SUL S. A.,1928,,"Cr$ 500.000.000,00","Cr$ 265.000.000,00",Giruá,Giruá,RS,,,
bestadors.jpg,BANCO DO ESTADO DO RIO GRANDE DO SUL S. A.,1928,,"Cr$ 500.000.000,00","Cr$ 265.000.000,00",Gramado,Gramado,RS,,,
bestadors.jpg,BANCO DO ESTADO DO RIO GRANDE DO SUL S. A.,1928,,"Cr$ 500.000.000,00","Cr$ 265.000.000,00",Gravataí,Gravataí,RS,,,
bestadors.jpg,BANCO DO ESTADO DO RIO GRANDE DO SUL S. A.,1928,,"Cr$ 500.000.000,00","Cr$ 265.000.000,00",Guaporé,Guaporé,RS,,,
bestadors.jpg,BANCO DO ESTADO DO RIO GRANDE DO SUL S. A.,1928,,"Cr$ 500.000.000,00","Cr$ 265.000.000,00",Herval-Sul,Herval-Sul,RS,,,
bestadors.jpg,BANCO DO ESTADO DO RIO GRANDE DO SUL S. A.,1928,,"Cr$ 500.000.000,00","Cr$ 265.000.000,00",Ijuí,Ijuí,RS,,,
bestadors.jpg,BANCO DO ESTADO DO RIO GRANDE DO SUL S. A.,1928,,"Cr$ 500.000.000,00","Cr$ 265.000.000,00",Iraí,Iraí,RS,,,
bestadors.jpg,BANCO DO ESTADO DO RIO GRANDE DO SUL S. A.,1928,,"Cr$ 500.000.000,00","Cr$ 265.000.000,00",Itaqui,Itaqui,RS,,,
bestadors.jpg,BANCO DO ESTADO DO RIO GRANDE DO SUL S. A.,1928,,"Cr$ 500.000.000,00","Cr$ 265.000.000,00",Jaguarão,Jaguarão,RS,,,
bestadors.jpg,BANCO DO ESTADO DO RIO GRANDE DO SUL S. A.,1928,,"Cr$ 500.000.000,00","Cr$ 265.000.000,00",Jaguari,Jaguari,RS,,,
bestadors.jpg,BANCO DO ESTADO DO RIO GRANDE DO SUL S. A.,1928,,"Cr$ 500.000.000,00","Cr$ 265.000.000,00",Júlio de Castilhos,Júlio de Castilhos,RS,,,
bestadors.jpg,BANCO DO ESTADO DO RIO GRANDE DO SUL S. A.,1928,,"Cr$ 500.000.000,00","Cr$ 265.000.000,00",Lagoa Vermelha,Lagoa Vermelha,RS,,,
bestadors.jpg,BANCO DO ESTADO DO RIO GRANDE DO SUL S. A.,1928,,"Cr$ 500.000.000,00","Cr$ 265.000.000,00",Lajeado,Lajeado,RS,,,
bestadors.jpg,BANCO DO ESTADO DO RIO GRANDE DO SUL S. A.,1928,,"Cr$ 500.000.000,00","Cr$ 265.000.000,00",Lavras do Sul,Lavras do Sul,RS,,,
bestadors.jpg,BANCO DO ESTADO DO RIO GRANDE DO SUL S. A.,1928,,"Cr$ 500.000.000,00","Cr$ 265.000.000,00",Livramento,Livramento,RS,,,
bestadors.jpg,BANCO DO ESTADO DO RIO GRANDE DO SUL S. A.,1928,,"Cr$ 500.000.000,00","Cr$ 265.000.000,00",Marcelino Ramos,Marcelino Ramos,RS,,,
bestadors.jpg,BANCO DO ESTADO DO RIO GRANDE DO SUL S. A.,1928,,"Cr$ 500.000.000,00","Cr$ 265.000.000,00",Montenegro,Montenegro,RS,,,
bestadors.jpg,BANCO DO ESTADO DO RIO GRANDE DO SUL S. A.,1928,,"Cr$ 500.000.000,00","Cr$ 265.000.000,00",Mussum,Mussum,RS,,,
bestadors.jpg,BANCO DO ESTADO DO RIO GRANDE DO SUL S. A.,1928,,"Cr$ 500.000.000,00","Cr$ 265.000.000,00",Nova Palma,Nova Palma,RS,,,
bestadors.jpg,BANCO DO ESTADO DO RIO GRANDE DO SUL S. A.,1928,,"Cr$ 500.000.000,00","Cr$ 265.000.000,00",Nova Prata,Nova Prata,RS,,,
bestadors.jpg,BANCO DO ESTADO DO RIO GRANDE DO SUL S. A.,1928,,"Cr$ 500.000.000,00","Cr$ 265.000.000,00",Novo Humburgo,Novo Hamburgo,RS,,,
bestadors.jpg,BANCO DO ESTADO DO RIO GRANDE DO SUL S. A.,1928,,"Cr$ 500.000.000,00","Cr$ 265.000.000,00",Osório,Osório,RS,,,
bestadors.jpg,BANCO DO ESTADO DO RIO GRANDE DO SUL S. A.,1928,,"Cr$ 500.000.000,00","Cr$ 265.000.000,00",Passo Fundo,Passo Fundo,RS,,,
bestadors.jpg,BANCO DO ESTADO DO RIO GRANDE DO SUL S. A.,1928,,"Cr$ 500.000.000,00","Cr$ 265.000.000,00",Pelotas,Pelotas,RS,,,
bestadors.jpg,BANCO DO ESTADO DO RIO GRANDE DO SUL S. A.,1928,,"Cr$ 500.000.000,00","Cr$ 265.000.000,00",Pinheiro Machado,Pinheiro Machado,RS,,,
bestadors.jpg,BANCO DO ESTADO DO RIO GRANDE DO SUL S. A.,1928,,"Cr$ 500.000.000,00","Cr$ 265.000.000,00",Piratini,Piratini,RS,,,
bestadors.jpg,BANCO DO ESTADO DO RIO GRANDE DO SUL S. A.,1928,,"Cr$ 500.000.000,00","Cr$ 265.000.000,00",Quaraí,Quaraí,RS,,,
bestadors.jpg,BANCO DO ESTADO DO RIO GRANDE DO SUL S. A.,1928,,"Cr$ 500.000.000,00","Cr$ 265.000.000,00",Restinga Séca,Restinga Séca,RS,,,
bestadors.jpg,BANCO DO ESTADO DO RIO GRANDE DO SUL S. A.,1928,,"Cr$ 500.000.000,00","Cr$ 265.000.000,00",Rio Grande,Rio Grande,RS,,,
bestadors.jpg,BANCO DO ESTADO DO RIO GRANDE DO SUL S. A.,1928,,"Cr$ 500.000.000,00","Cr$ 265.000.000,00",Rio Pardo,Rio Pardo,RS,,,
bestadors.jpg,BANCO DO ESTADO DO RIO GRANDE DO SUL S. A.,1928,,"Cr$ 500.000.000,00","Cr$ 265.000.000,00",Rosário do Sul,Rosário do Sul,RS,,,
bestadors.jpg,BANCO DO ESTADO DO RIO GRANDE DO SUL S. A.,1928,,"Cr$ 500.000.000,00","Cr$ 265.000.000,00",Sananduva,Sananduva,RS,,,
bestadors.jpg,BANCO DO ESTADO DO RIO GRANDE DO SUL S. A.,1928,,"Cr$ 500.000.000,00","Cr$ 265.000.000,00",Santa Cruz do Sul,Santa Cruz do Sul,RS,,,
bestadors.jpg,BANCO DO ESTADO DO RIO GRANDE DO SUL S. A.,1928,,"Cr$ 500.000.000,00","Cr$ 265.000.000,00",Santa Maria,Santa Maria,RS,,,
bestadors.jpg,BANCO DO ESTADO DO RIO GRANDE DO SUL S. A.,1928,,"Cr$ 500.000.000,00","Cr$ 265.000.000,00",Santa Rosa,Santa Rosa,RS,,,
bestadors.jpg,BANCO DO ESTADO DO RIO GRANDE DO SUL S. A.,1928,,"Cr$ 500.000.000,00","Cr$ 265.000.000,00",Santa Vitória do Palmar,Santa Vitória do Palmar,RS,,,
bestadors.jpg,BANCO DO ESTADO DO RIO GRANDE DO SUL S. A.,1928,,"Cr$ 500.000.000,00","Cr$ 265.000.000,00",Santiago,Santiago,RS,,,
bestadors.jpg,BANCO DO ESTADO DO RIO GRANDE DO SUL S. A.,1928,,"Cr$ 500.000.000,00","Cr$ 265.000.000,00",Santo Ângelo,Santo Ângelo,RS,,,
bestadors.jpg,BANCO DO ESTADO DO RIO GRANDE DO SUL S. A.,1928,,"Cr$ 500.000.000,00","Cr$ 265.000.000,00",Santo Antônio da Patrulha,Santo Antônio da Patrulha,RS,,,
bestadors.jpg,BANCO DO ESTADO DO RIO GRANDE DO SUL S. A.,1928,,"Cr$ 500.000.000,00","Cr$ 265.000.000,00",São Borja,São Borja,RS,,,
bestadors.jpg,BANCO DO ESTADO DO RIO GRANDE DO SUL S. A.,1928,,"Cr$ 500.000.000,00","Cr$ 265.000.000,00",São Francisco de Assis,São Francisco de Assis,RS,,,
bestadors.jpg,BANCO DO ESTADO DO RIO GRANDE DO SUL S. A.,1928,,"Cr$ 500.000.000,00","Cr$ 265.000.000,00",São Gabriel,São Gabriel,RS,,,
bestadors.jpg,BANCO DO ESTADO DO RIO GRANDE DO SUL S. A.,1928,,"Cr$ 500.000.000,00","Cr$ 265.000.000,00",São Jerônimo,São Jerônimo,RS,,,
bestadors.jpg,BANCO DO ESTADO DO RIO GRANDE DO SUL S. A.,1928,,"Cr$ 500.000.000,00","Cr$ 265.000.000,00",São Leopoldo,São Leopoldo,RS,,,
bestadors.jpg,BANCO DO ESTADO DO RIO GRANDE DO SUL S. A.,1928,,"Cr$ 500.000.000,00","Cr$ 265.000.000,00",São Lourenço do Sul,São Lourenço do Sul,RS,,,
bestadors.jpg,BANCO DO ESTADO DO RIO GRANDE DO SUL S. A.,1928,,"Cr$ 500.000.000,00","Cr$ 265.000.000,00",São Luiz Gonzaga,São Luiz Gonzaga,RS,,,
bestadors.jpg,BANCO DO ESTADO DO RIO GRANDE DO SUL S. A.,1928,,"Cr$ 500.000.000,00","Cr$ 265.000.000,00",São Pelegrino (Caxias do Sul),Caxias do Sul,RS,Caxias do Sul,São Pelegrino,
bestadors.jpg,BANCO DO ESTADO DO RIO GRANDE DO SUL S. A.,1928,,"Cr$ 500.000.000,00","Cr$ 265.000.000,00",São Sepé,São Sepé,RS,,,
bestadors.jpg,BANCO DO ESTADO DO RIO GRANDE DO SUL S. A.,1928,,"Cr$ 500.000.000,00","Cr$ 265.000.000,00",Sapiranga,Sapiranga,RS,,,
bestadors.jpg,BANCO DO ESTADO DO RIO GRANDE DO SUL S. A.,1928,,"Cr$ 500.000.000,00","Cr$ 265.000.000,00",Sarandi,Sarandi,RS,,,
bestadors.jpg,BANCO DO ESTADO DO RIO GRANDE DO SUL S. A.,1928,,"Cr$ 500.000.000,00","Cr$ 265.000.000,00",Sobradinho,Sobradinho,RS,,,
bestadors.jpg,BANCO DO ESTADO DO RIO GRANDE DO SUL S. A.,1928,,"Cr$ 500.000.000,00","Cr$ 265.000.000,00",Soledade,Soledade,RS,,,
bestadors.jpg,BANCO DO ESTADO DO RIO GRANDE DO SUL S. A.,1928,,"Cr$ 500.000.000,00","Cr$ 265.000.000,00",Tapes,Tapes,RS,,,
bestadors.jpg,BANCO DO ESTADO DO RIO GRANDE DO SUL S. A.,1928,,"Cr$ 500.000.000,00","Cr$ 265.000.000,00",Taquara,Taquara,RS,,,
bestadors.jpg,BANCO DO ESTADO DO RIO GRANDE DO SUL S. A.,1928,,"Cr$ 500.000.000,00","Cr$ 265.000.000,00",Taquari,Taquari,RS,,,
bestadors.jpg,BANCO DO ESTADO DO RIO GRANDE DO SUL S. A.,1928,,"Cr$ 500.000.000,00","Cr$ 265.000.000,00",Tôrres,Tôrres,RS,,,
bestadors.jpg,BANCO DO ESTADO DO RIO GRANDE DO SUL S. A.,1928,,"Cr$ 500.000.000,00","Cr$ 265.000.000,00",Três Passos,Três Passos,RS,,,
bestadors.jpg,BANCO DO ESTADO DO RIO GRANDE DO SUL S. A.,1928,,"Cr$ 500.000.000,00","Cr$ 265.000.000,00",Três Vendas (Pelotas),Pelotas,RS,Pelotas,Três Vendas,
bestadors.jpg,BANCO DO ESTADO DO RIO GRANDE DO SUL S. A.,1928,,"Cr$ 500.000.000,00","Cr$ 265.000.000,00",Tupanciretã,Tupanciretã,RS,,,
bestadors.jpg,BANCO DO ESTADO DO RIO GRANDE DO SUL S. A.,1928,,"Cr$ 500.000.000,00","Cr$ 265.000.000,00",Uruguaiana,Uruguaiana,RS,,,
bestadors.jpg,BANCO DO ESTADO DO RIO GRANDE DO SUL S. A.,1928,,"Cr$ 500.000.000,00","Cr$ 265.000.000,00",Vacaria,Vacaria,RS,,,
bestadors.jpg,BANCO DO ESTADO DO RIO GRANDE DO SUL S. A.,1928,,"Cr$ 500.000.000,00","Cr$ 265.000.000,00",Veranópolis,Veranópolis,RS,,,
bhipotecario.jpg,BANCO HIPOTECÁRIO LAR BRASILEIRO S. A.,1925,,,,Matriz: Rio de Janeiro,Rio de Janeiro,GB,,Matriz,
bhipotecario.jpg,BANCO HIPOTECÁRIO LAR BRASILEIRO S. A.,1925,,,,Fortaleza,Fortaleza,CE,,,
bhipotecario.jpg,BANCO HIPOTECÁRIO LAR BRASILEIRO S. A.,1925,,,,Recife,Recife,PE,,,
bhipotecario.jpg,BANCO HIPOTECÁRIO LAR BRASILEIRO S. A.,1925,,,,Salvador,Salvador,BA,,,
bhipotecario.jpg,BANCO HIPOTECÁRIO LAR BRASILEIRO S. A.,1925,,,,Niterói,Niterói,RJ,,,
bhipotecario.jpg,BANCO HIPOTECÁRIO LAR BRASILEIRO S. A.,1925,,,,São Paulo,São Paulo,SP,,,
bhipotecario.jpg,BANCO HIPOTECÁRIO LAR BRASILEIRO S. A.,1925,,,,Santos,Santos,SP,,,
bhipotecario.jpg,BANCO HIPOTECÁRIO LAR BRASILEIRO S. A.,1925,,,,Bauru,Bauru,SP,,,
bhipotecario.jpg,BANCO HIPOTECÁRIO LAR BRASILEIRO S. A.,1925,,,,Campinas,Campinas,SP,,,
bhipotecario.jpg,BANCO HIPOTECÁRIO LAR BRASILEIRO S. A.,1925,,,,Curitiba,Curitiba,PR,,,
bhipotecario.jpg,BANCO HIPOTECÁRIO LAR BRASILEIRO S. A.,1925,,,,Porto Alegre,Porto Alegre,RS,,,
bhipotecario.jpg,BANCO HIPOTECÁRIO LAR BRASILEIRO S. A.,1925,,,,Belo Horizonte,Belo Horizonte,MG,,,
bhipotecario.jpg,BANCO HIPOTECÁRIO LAR BRASILEIRO S. A.,1925,,,,Goiânia,Goiânia,GO,,,
bhipotecario.jpg,BANCO HIPOTECÁRIO LAR BRASILEIRO S. A.,1925,,,,Brasília,Brasília,DF,,,
bhipotecario.jpg,BANCO HIPOTECÁRIO LAR BRASILEIRO S. A.,1925,,,,Metropolitanas Rio de Janeiro,Rio de Janeiro,GB,,Bonsucesso; Cascadura; Catete; Copacabana; Ipanema; Madureira; Méier; Tijuca,Metropolitanas
bhipotecario.jpg,BANCO HIPOTECÁRIO LAR BRASILEIRO S. A.,1925,,,,Metropolitanas São Paulo,São Paulo,SP,,Brás; Jardim América; Lapa; Luz; Mooca; Nove de Julho; Perdizes; Pinheiros; Vila Mariana,Metropolitanas
bhipotecario.jpg,BANCO HIPOTECÁRIO LAR BRASILEIRO S. A.,1925,,,,José Menino,Santos,SP,,José Menino,Metropolitana
bhipotecariomg.jpg,BANCO HIPOTECÁRIO E AGRÍCOLA DO ESTADO DE MINAS GERAIS S. A.,1911,,,,Sede: Belo Horizonte,Belo Horizonte,MG,,Matriz,
bhipotecariomg.jpg,BANCO HIPOTECÁRIO E AGRÍCOLA DO ESTADO DE MINAS GERAIS S. A.,1911,,,,Sucursal: Rio de Janeiro,Rio de Janeiro,GB,,Sucursal,
bhipotecariomg.jpg,BANCO HIPOTECÁRIO E AGRÍCOLA DO ESTADO DE MINAS GERAIS S. A.,1911,,,,Sucursal: São Paulo,São Paulo,SP,,Sucursal,
bhipotecariomg.jpg,BANCO HIPOTECÁRIO E AGRÍCOLA DO ESTADO DE MINAS GERAIS S. A.,1911,,,,S. A. FUNDADO EM 1911,S. A. FUNDADO EM 1911,MG,,,
bhipotecariomg.jpg,BANCO HIPOTECÁRIO E AGRÍCOLA DO ESTADO DE MINAS GERAIS S. A.,1911,,,,Sede: BELO HORIZONTE,Sede: BELO HORIZONTE,MG,,,
bhipotecariomg.jpg,BANCO HIPOTECÁRIO E AGRÍCOLA DO ESTADO DE MINAS GERAIS S. A.,1911,,,,Praça Sete de Setembro Sucursais,Praça Sete de Setembro Sucursais,MG,,,
bhipotecariomg.jpg,BANCO HIPOTECÁRIO E AGRÍCOLA DO ESTADO DE MINAS GERAIS S. A.,1911,,,,RIO DE JANEIRO,RIO DE JANEIRO,MG,,,
bhipotecariomg.jpg,BANCO HIPOTECÁRIO E AGRÍCOLA DO ESTADO DE MINAS GERAIS S. A.,1911,,,,40,40,MG,,,
bhipotecariomg.jpg,BANCO HIPOTECÁRIO E AGRÍCOLA DO ESTADO DE MINAS GERAIS S. A.,1911,,,,SÃO PAULO,SÃO PAULO,MG,,,
bhipotecariomg.jpg,BANCO HIPOTECÁRIO E AGRÍCOLA DO ESTADO DE MINAS GERAIS S. A.,1911,,,,126,126,MG,,,
bhipotecariomg.jpg,BANCO HIPOTECÁRIO E AGRÍCOLA DO ESTADO DE MINAS GERAIS S. A.,1911,,,,Aimorés,Aimorés,MG,,,
bhipotecariomg.jpg,BANCO HIPOTECÁRIO E AGRÍCOLA DO ESTADO DE MINAS GERAIS S. A.,1911,,,,Alfenas,Alfenas,MG,,,
bhipotecariomg.jpg,BANCO HIPOTECÁRIO E AGRÍCOLA DO ESTADO DE MINAS GERAIS S. A.,1911,,,,Anápolis,Anápolis,GO,,,
bhipotecariomg.jpg,BANCO HIPOTECÁRIO E AGRÍCOLA DO ESTADO DE MINAS GERAIS S. A.,1911,,,,Araquari,Araquari,MG,,,
bhipotecariomg.jpg,BANCO HIPOTECÁRIO E AGRÍCOLA DO ESTADO DE MINAS GERAIS S. A.,1911,,,,Barbacena,Barbacena,MG,,,
bhipotecariomg.jpg,BANCO HIPOTECÁRIO E AGRÍCOLA DO ESTADO DE MINAS GERAIS S. A.,1911,,,,Barra Mansa,Barra Mansa,MG,,,
bhipotecariomg.jpg,BANCO HIPOTECÁRIO E AGRÍCOLA DO ESTADO DE MINAS GERAIS S. A.,1911,,,,Barretos,Barretos,MG,,,
bhipotecariomg.jpg,BANCO HIPOTECÁRIO E AGRÍCOLA DO ESTADO DE MINAS GERAIS S. A.,1911,,,,Bicas,Bicas,MG,,,
bhipotecariomg.jpg,BANCO HIPOTECÁRIO E AGRÍCOLA DO ESTADO DE MINAS GERAIS S. A.,1911,,,,Buriti Alegre,Buriti Alegre,MG,,,
bhipotecariomg.jpg,BANCO HIPOTECÁRIO E AGRÍCOLA DO ESTADO DE MINAS GERAIS S. A.,1911,,,,Cachoeiro do Ita-pemirim,Cachoeiro de Itapemirim,MG,,,
bhipotecariomg.jpg,BANCO HIPOTECÁRIO E AGRÍCOLA DO ESTADO DE MINAS GERAIS S. A.,1911,,,,Campina Verde,Campina Verde,MG,,,
bhipotecariomg.jpg,BANCO HIPOTECÁRIO E AGRÍCOLA DO ESTADO DE MINAS GERAIS S. A.,1911,,,,Campinas (Gq.),Campinas,MG,Gq.,,
bhipotecariomg.jpg,BANCO HIPOTECÁRIO E AGRÍCOLA DO ESTADO DE MINAS GERAIS S. A.,1911,,,,Campo Belo,Campo Belo,MG,,,
bhipotecariomg.jpg,BANCO HIPOTECÁRIO E AGRÍCOLA DO ESTADO DE MINAS GERAIS S. A.,1911,,,,Campo Grande (GB),Campo Grande,GB,GB,,
bhipotecariomg.jpg,BANCO HIPOTECÁRIO E AGRÍCOLA DO ESTADO DE MINAS GERAIS S. A.,1911,,,,Campos,Campos,RJ,,,
bhipotecariomg.jpg,BANCO HIPOTECÁRIO E AGRÍCOLA DO ESTADO DE MINAS GERAIS S. A.,1911,,,,Capelinha,Capelinha,MG,,,
bhipotecariomg.jpg,BANCO HIPOTECÁRIO E AGRÍCOLA DO ESTADO DE MINAS GERAIS S. A.,1911,,,,Carangola,Carangola,MG,,,
bhipotecariomg.jpg,BANCO HIPOTECÁRIO E AGRÍCOLA DO ESTADO DE MINAS GERAIS S. A.,1911,,,,Caratinga,Caratinga,MG,,,
bhipotecariomg.jpg,BANCO HIPOTECÁRIO E AGRÍCOLA DO ESTADO DE MINAS GERAIS S. A.,1911,,,,Cataguazes,Cataguazes,MG,,,
bhipotecariomg.jpg,BANCO HIPOTECÁRIO E AGRÍCOLA DO ESTADO DE MINAS GERAIS S. A.,1911,,,,Catalão,Catalão,MG,,,
bhipotecariomg.jpg,BANCO HIPOTECÁRIO E AGRÍCOLA DO ESTADO DE MINAS GERAIS S. A.,1911,,,,Cláudio,Cláudio,MG,,,
bhipotecariomg.jpg,BANCO HIPOTECÁRIO E AGRÍCOLA DO ESTADO DE MINAS GERAIS S. A.,1911,,,,Colatina,Colatina,MG,,,
bhipotecariomg.jpg,BANCO HIPOTECÁRIO E AGRÍCOLA DO ESTADO DE MINAS GERAIS S. A.,1911,,,,Conquista,Conquista,MG,,,
bhipotecariomg.jpg,BANCO HIPOTECÁRIO E AGRÍCOLA DO ESTADO DE MINAS GERAIS S. A.,1911,,,,Curvêlo,Curvelo,MG,,,
bhipotecariomg.jpg,BANCO HIPOTECÁRIO E AGRÍCOLA DO ESTADO DE MINAS GERAIS S. A.,1911,,,,Diamantina,Diamantina,MG,,,
bhipotecariomg.jpg,BANCO HIPOTECÁRIO E AGRÍCOLA DO ESTADO DE MINAS GERAIS S. A.,1911,,,,Dores do Indaíá,Dores do Indaíá,MG,,,
bhipotecariomg.jpg,BANCO HIPOTECÁRIO E AGRÍCOLA DO ESTADO DE MINAS GERAIS S. A.,1911,,,,Duque de Caxias,Duque de Caxias,RJ,,,
bhipotecariomg.jpg,BANCO HIPOTECÁRIO E AGRÍCOLA DO ESTADO DE MINAS GERAIS S. A.,1911,,,,Formiga,Formiga,MG,,,
bhipotecariomg.jpg,BANCO HIPOTECÁRIO E AGRÍCOLA DO ESTADO DE MINAS GERAIS S. A.,1911,,,,Franca,Franca,MG,,,
bhipotecariomg.jpg,BANCO HIPOTECÁRIO E AGRÍCOLA DO ESTADO DE MINAS GERAIS S. A.,1911,,,,Goiânia,Goiânia,GO,,,
bhipotecariomg.jpg,BANCO HIPOTECÁRIO E AGRÍCOLA DO ESTADO DE MINAS GERAIS S. A.,1911,,,,Goiás,Goiás,MG,,,
bhipotecariomg.jpg,BANCO HIPOTECÁRIO E AGRÍCOLA DO ESTADO DE MINAS GERAIS S. A.,1911,,,,Governador Valadares,Governador Valadares,MG,,,
bhipotecariomg.jpg,BANCO HIPOTECÁRIO E AGRÍCOLA DO ESTADO DE MINAS GERAIS S. A.,1911,,,,Guanhães,Guanhães,MG,,,
bhipotecariomg.jpg,BANCO HIPOTECÁRIO E AGRÍCOLA DO ESTADO DE MINAS GERAIS S. A.,1911,,,,Guaxupé,Guaxupé,MG,,,
bhipotecariomg.jpg,BANCO HIPOTECÁRIO E AGRÍCOLA DO ESTADO DE MINAS GERAIS S. A.,1911,,,,Igarapava,Igarapava,MG,,,
bhipotecariomg.jpg,BANCO HIPOTECÁRIO E AGRÍCOLA DO ESTADO DE MINAS GERAIS S. A.,1911,,,,Inhumas,Inhumas,MG,,,
bhipotecariomg.jpg,BANCO HIPOTECÁRIO E AGRÍCOLA DO ESTADO DE MINAS GERAIS S. A.,1911,,,,Ipameri,Ipameri,MG,,,
bhipotecariomg.jpg,BANCO HIPOTECÁRIO E AGRÍCOLA DO ESTADO DE MINAS GERAIS S. A.,1911,,,,Ipanema (M.G.),Ipanema,MG,M.G.,,
bhipotecariomg.jpg,BANCO HIPOTECÁRIO E AGRÍCOLA DO ESTADO DE MINAS GERAIS S. A.,1911,,,,Itaiubá,Itajubá,MG,,,
bhipotecariomg.jpg,BANCO HIPOTECÁRIO E AGRÍCOLA DO ESTADO DE MINAS GERAIS S. A.,1911,,,,Itaperuna,Itaperuna,MG,,,
bhipotecariomg.jpg,BANCO HIPOTECÁRIO E AGRÍCOLA DO ESTADO DE MINAS GERAIS S. A.,1911,,,,Ituiutaba,Ituiutaba,MG,,,
bhipotecariomg.jpg,BANCO HIPOTECÁRIO E AGRÍCOLA DO ESTADO DE MINAS GERAIS S. A.,1911,,,,Itumbiara,Itumbiara,MG,,,
bhipotecariomg.jpg,BANCO HIPOTECÁRIO E AGRÍCOLA DO ESTADO DE MINAS GERAIS S. A.,1911,,,,Jacutina,Jacutina,MG,,,
bhipotecariomg.jpg,BANCO HIPOTECÁRIO E AGRÍCOLA DO ESTADO DE MINAS GERAIS S. A.,1911,,,,Januária,Januária,MG,,,
bhipotecariomg.jpg,BANCO HIPOTECÁRIO E AGRÍCOLA DO ESTADO DE MINAS GERAIS S. A.,1911,,,,Jequitinhonha,Jequitinhonha,MG,,,
bhipotecariomg.jpg,BANCO HIPOTECÁRIO E AGRÍCOLA DO ESTADO DE MINAS GERAIS S. A.,1911,,,,Juiz de Fora,Juiz de Fora,MG,,,
bhipotecariomg.jpg,BANCO HIPOTECÁRIO E AGRÍCOLA DO ESTADO DE MINAS GERAIS S. A.,1911,,,,Lavras,Lavras,MG,,,
bhipotecariomg.jpg,BANCO HIPOTECÁRIO E AGRÍCOLA DO ESTADO DE MINAS GERAIS S. A.,1911,,,,Leopoldina,Leopoldina,MG,,,
bhipotecariomg.jpg,BANCO HIPOTECÁRIO E AGRÍCOLA DO ESTADO DE MINAS GERAIS S. A.,1911,,,,Macaé,Macaé,MG,,,
bhipotecariomg.jpg,BANCO HIPOTECÁRIO E AGRÍCOLA DO ESTADO DE MINAS GERAIS S. A.,1911,,,,Machado,Machado,MG,,,
bhipotecariomg.jpg,BANCO HIPOTECÁRIO E AGRÍCOLA DO ESTADO DE MINAS GERAIS S. A.,1911,,,,Madureira (GB),Madureira,GB,GB,,
bhipotecariomg.jpg,BANCO HIPOTECÁRIO E AGRÍCOLA DO ESTADO DE MINAS GERAIS S. A.,1911,,,,Manhuacu,Manhuaçu,MG,,,
bhipotecariomg.jpg,BANCO HIPOTECÁRIO E AGRÍCOLA DO ESTADO DE MINAS GERAIS S. A.,1911,,,,Manhumirim,Manhumirim,MG,,,
bhipotecariomg.jpg,BANCO HIPOTECÁRIO E AGRÍCOLA DO ESTADO DE MINAS GERAIS S. A.,1911,,,,Mar de Espanha,Mar de Espanha,MG,,,
bhipotecariomg.jpg,BANCO HIPOTECÁRIO E AGRÍCOLA DO ESTADO DE MINAS GERAIS S. A.,1911,,,,Matczinhos,Matozinhos,MG,,,
bhipotecariomg.jpg,BANCO HIPOTECÁRIO E AGRÍCOLA DO ESTADO DE MINAS GERAIS S. A.,1911,,,,Monte Santo de Minas,Monte Santo de Minas,MG,,,
bhipotecariomg.jpg,BANCO HIPOTECÁRIO E AGRÍCOLA DO ESTADO DE MINAS GERAIS S. A.,1911,,,,Montes Claros,Montes Claros,MG,,,
bhipotecariomg.jpg,BANCO HIPOTECÁRIO E AGRÍCOLA DO ESTADO DE MINAS GERAIS S. A.,1911,,,,Muriaé,Muriaé,MG,,,
bhipotecariomg.jpg,BANCO HIPOTECÁRIO E AGRÍCOLA DO ESTADO DE MINAS GERAIS S. A.,1911,,,,Niterói,Niterói,RJ,,,
bhipotecariomg.jpg,BANCO HIPOTECÁRIO E AGRÍCOLA DO ESTADO DE MINAS GERAIS S. A.,1911,,,,Nova Friburgo,Nova Friburgo,MG,,,
bhipotecariomg.jpg,BANCO HIPOTECÁRIO E AGRÍCOLA DO ESTADO DE MINAS GERAIS S. A.,1911,,,,Nova Iguaçu,Nova Iguaçu,MG,,,
bhipotecariomg.jpg,BANCO HIPOTECÁRIO E AGRÍCOLA DO ESTADO DE MINAS GERAIS S. A.,1911,,,,Nova Rezende,Nova Rezende,MG,,,
bhipotecariomg.jpg,BANCO HIPOTECÁRIO E AGRÍCOLA DO ESTADO DE MINAS GERAIS S. A.,1911,,,,Oliveira,Oliveira,MG,,,
bhipotecariomg.jpg,BANCO HIPOTECÁRIO E AGRÍCOLA DO ESTADO DE MINAS GERAIS S. A.,1911,,,,Paracatu,Paracatu,MG,,,
bhipotecariomg.jpg,BANCO HIPOTECÁRIO E AGRÍCOLA DO ESTADO DE MINAS GERAIS S. A.,1911,,,,Passa Quatro,Passa Quatro,MG,,,
bhipotecariomg.jpg,BANCO HIPOTECÁRIO E AGRÍCOLA DO ESTADO DE MINAS GERAIS S. A.,1911,,,,Passor Patos de Minas,Passor Patos de Minas,MG,,,
bhipotecariomg.jpg,BANCO HIPOTECÁRIO E AGRÍCOLA DO ESTADO DE MINAS GERAIS S. A.,1911,,,,Pedra Azul,Pedra Azul,MG,,,
bhipotecariomg.jpg,BANCO HIPOTECÁRIO E AGRÍCOLA DO ESTADO DE MINAS GERAIS S. A.,1911,,,,Pedregulho Perdões,Pedregulho Perdões,MG,,,
bhipotecariomg.jpg,BANCO HIPOTECÁRIO E AGRÍCOLA DO ESTADO DE MINAS GERAIS S. A.,1911,,,,Petrópolis,Petrópolis,RJ,,,
bhipotecariomg.jpg,BANCO HIPOTECÁRIO E AGRÍCOLA DO ESTADO DE MINAS GERAIS S. A.,1911,,,,Pirapetinga,Pirapetinga,MG,,,
bhipotecariomg.jpg,BANCO HIPOTECÁRIO E AGRÍCOLA DO ESTADO DE MINAS GERAIS S. A.,1911,,,,Pirapora,Pirapora,MG,,,
bhipotecariomg.jpg,BANCO HIPOTECÁRIO E AGRÍCOLA DO ESTADO DE MINAS GERAIS S. A.,1911,,,,Pires do Rio,Pires do Rio,MG,,,
bhipotecariomg.jpg,BANCO HIPOTECÁRIO E AGRÍCOLA DO ESTADO DE MINAS GERAIS S. A.,1911,,,,Pitanqui,Pitangui,MG,,,
bhipotecariomg.jpg,BANCO HIPOTECÁRIO E AGRÍCOLA DO ESTADO DE MINAS GERAIS S. A.,1911,,,,Ponte Nova,Ponte Nova,MG,,,
bhipotecariomg.jpg,BANCO HIPOTECÁRIO E AGRÍCOLA DO ESTADO DE MINAS GERAIS S. A.,1911,,,,Porto Novo do Cunha,Porto Novo do Cunha,MG,,,
bhipotecariomg.jpg,BANCO HIPOTECÁRIO E AGRÍCOLA DO ESTADO DE MINAS GERAIS S. A.,1911,,,,Pouso Alegre,Pouso Alegre,MG,,,
bhipotecariomg.jpg,BANCO HIPOTECÁRIO E AGRÍCOLA DO ESTADO DE MINAS GERAIS S. A.,1911,,,,Praça da Bandeira (GB),Praça da Bandeira,GB,GB,,
bhipotecariomg.jpg,BANCO HIPOTECÁRIO E AGRÍCOLA DO ESTADO DE MINAS GERAIS S. A.,1911,,,,Prata,Prata,MG,,,
bhipotecariomg.jpg,BANCO HIPOTECÁRIO E AGRÍCOLA DO ESTADO DE MINAS GERAIS S. A.,1911,,,,Raul Soares,Raul Soares,MG,,,
bhipotecariomg.jpg,BANCO HIPOTECÁRIO E AGRÍCOLA DO ESTADO DE MINAS GERAIS S. A.,1911,,,,Recreio,Recreio,MG,,,
bhipotecariomg.jpg,BANCO HIPOTECÁRIO E AGRÍCOLA DO ESTADO DE MINAS GERAIS S. A.,1911,,,,Resplendor,Resplendor,MG,,,
bhipotecariomg.jpg,BANCO HIPOTECÁRIO E AGRÍCOLA DO ESTADO DE MINAS GERAIS S. A.,1911,,,,Rio Pomba,Rio Pomba,MG,,,
bhipotecariomg.jpg,BANCO HIPOTECÁRIO E AGRÍCOLA DO ESTADO DE MINAS GERAIS S. A.,1911,,,,Santos,Santos,MG,,,
bhipotecariomg.jpg,BANCO HIPOTECÁRIO E AGRÍCOLA DO ESTADO DE MINAS GERAIS S. A.,1911,,,,São Gonçalo,São Gonçalo,MG,,,
bhipotecariomg.jpg,BANCO HIPOTECÁRIO E AGRÍCOLA DO ESTADO DE MINAS GERAIS S. A.,1911,,,,São Sebastião do Paraíso,São Sebastião do Paraíso,MG,,,
bhipotecariomg.jpg,BANCO HIPOTECÁRIO E AGRÍCOLA DO ESTADO DE MINAS GERAIS S. A.,1911,,,,Sete Lagoas,Sete Lagoas,MG,,,
bhipotecariomg.jpg,BANCO HIPOTECÁRIO E AGRÍCOLA DO ESTADO DE MINAS GERAIS S. A.,1911,,,,Teófilo Otoni,Teófilo Otoni,MG,,,
bhipotecariomg.jpg,BANCO HIPOTECÁRIO E AGRÍCOLA DO ESTADO DE MINAS GERAIS S. A.,1911,,,,Teresópolis,Teresópolis,MG,,,
bhipotecariomg.jpg,BANCO HIPOTECÁRIO E AGRÍCOLA DO ESTADO DE MINAS GERAIS S. A.,1911,,,,Tupaciguara,Tupaciguara,MG,,,
bhipotecariomg.jpg,BANCO HIPOTECÁRIO E AGRÍCOLA DO ESTADO DE MINAS GERAIS S. A.,1911,,,,Ubá,Ubá,MG,,,
bhipotecariomg.jpg,BANCO HIPOTECÁRIO E AGRÍCOLA DO ESTADO DE MINAS GERAIS S. A.,1911,,,,Uberaba,Uberaba,MG,,,
bhipotecariomg.jpg,BANCO HIPOTECÁRIO E AGRÍCOLA DO ESTADO DE MINAS GERAIS S. A.,1911,,,,Uberlândia,Uberlândia,MG,,,
bhipotecariomg.jpg,BANCO HIPOTECÁRIO E AGRÍCOLA DO ESTADO DE MINAS GERAIS S. A.,1911,,,,Varginha,Varginha,MG,,,
bhipotecariomg.jpg,BANCO HIPOTECÁRIO E AGRÍCOLA DO ESTADO DE MINAS GERAIS S. A.,1911,,,,Vitória,Vitória,ES,,,
bhipotecariomg.jpg,BANCO HIPOTECÁRIO E AGRÍCOLA DO ESTADO DE MINAS GERAIS S. A.,1911,,,,Curitiba,Curitiba,PR,,,
bhipotecariomg.jpg,BANCO HIPOTECÁRIO E AGRÍCOLA DO ESTADO DE MINAS GERAIS S. A.,1911,,,,Porto Alegre,Porto Alegre,RS,,,
bhipotecariomg.jpg,BANCO HIPOTECÁRIO E AGRÍCOLA DO ESTADO DE MINAS GERAIS S. A.,1911,,,,Recife,Recife,PE,,,
bhipotecariomg.jpg,BANCO HIPOTECÁRIO E AGRÍCOLA DO ESTADO DE MINAS GERAIS S. A.,1911,,,,Salvador,Salvador,BA,,,
bhipotecariomg.jpg,BANCO HIPOTECÁRIO E AGRÍCOLA DO ESTADO DE MINAS GERAIS S. A.,1911,,,,Brasília (D. F.),Brasília,DF,D. F.,,
bindsul.jpg,BANCO INDUSTRIAL E COMERCIAL DO SUL S. A.,1919,,"Cr$ 300.000.000,00","Cr$ 206.000.000,00; Cr$ 104.000.000,00",Sede: Porto Alegre,Porto Alegre,RS,,Matriz,
bindsul.jpg,BANCO INDUSTRIAL E COMERCIAL DO SUL S. A.,1919,,"Cr$ 300.000.000,00","Cr$ 206.000.000,00; Cr$ 104.000.000,00",Agências no Rio de Janeiro,Rio de Janeiro,GB,,Rua do Acre; Rua da Quitanda; São Cristóvão,
bindsul.jpg,BANCO INDUSTRIAL E COMERCIAL DO SUL S. A.,1919,,"Cr$ 300.000.000,00","Cr$ 206.000.000,00; Cr$ 104.000.000,00",Agência em São Paulo,São Paulo,SP,,São Bento,
bindsul.jpg,BANCO INDUSTRIAL E COMERCIAL DO SUL S. A.,1919,,"Cr$ 300.000.000,00","Cr$ 206.000.000,00; Cr$ 104.000.000,00",Agências Metropolitanas em Porto Alegre,Porto Alegre,RS,,São João; Barros Cassal; Vila Floresta; Benjamin Constant; Cristóvão Colombo,Metropolitanas
bindsul.jpg,BANCO INDUSTRIAL E COMERCIAL DO SUL S. A.,1919,,"Cr$ 300.000.000,00","Cr$ 206.000.000,00; Cr$ 104.000.000,00",Agudo,Agudo,RS,,,
bindsul.jpg,BANCO INDUSTRIAL E COMERCIAL DO SUL S. A.,1919,,"Cr$ 300.000.000,00","Cr$ 206.000.000,00; Cr$ 104.000.000,00",Bagé,Bagé,RS,,,
bindsul.jpg,BANCO INDUSTRIAL E COMERCIAL DO SUL S. A.,1919,,"Cr$ 300.000.000,00","Cr$ 206.000.000,00; Cr$ 104.000.000,00",Cachoeira do Sul,Cachoeira do Sul,RS,,,
bindsul.jpg,BANCO INDUSTRIAL E COMERCIAL DO SUL S. A.,1919,,"Cr$ 300.000.000,00","Cr$ 206.000.000,00; Cr$ 104.000.000,00",Cai,Caí,RS,,,
bindsul.jpg,BANCO INDUSTRIAL E COMERCIAL DO SUL S. A.,1919,,"Cr$ 300.000.000,00","Cr$ 206.000.000,00; Cr$ 104.000.000,00",Canela,Canela,RS,,,
bindsul.jpg,BANCO INDUSTRIAL E COMERCIAL DO SUL S. A.,1919,,"Cr$ 300.000.000,00","Cr$ 206.000.000,00; Cr$ 104.000.000,00",Canoas,Canoas,RS,,,
bindsul.jpg,BANCO INDUSTRIAL E COMERCIAL DO SUL S. A.,1919,,"Cr$ 300.000.000,00","Cr$ 206.000.000,00; Cr$ 104.000.000,00",Carazinho,Carazinho,RS,,,
bindsul.jpg,BANCO INDUSTRIAL E COMERCIAL DO SUL S. A.,1919,,"Cr$ 300.000.000,00","Cr$ 206.000.000,00; Cr$ 104.000.000,00",Caxias do Sul,Caxias do Sul,RS,,,
bindsul.jpg,BANCO INDUSTRIAL E COMERCIAL DO SUL S. A.,1919,,"Cr$ 300.000.000,00","Cr$ 206.000.000,00; Cr$ 104.000.000,00",Encantado,Encantado,RS,,,
bindsul.jpg,BANCO INDUSTRIAL E COMERCIAL DO SUL S. A.,1919,,"Cr$ 300.000.000,00","Cr$ 206.000.000,00; Cr$ 104.000.000,00",Erechim,Erechim,RS,,,
bindsul.jpg,BANCO INDUSTRIAL E COMERCIAL DO SUL S. A.,1919,,"Cr$ 300.000.000,00","Cr$ 206.000.000,00; Cr$ 104.000.000,00",Estréia,Estréia,RS,,,
bindsul.jpg,BANCO INDUSTRIAL E COMERCIAL DO SUL S. A.,1919,,"Cr$ 300.000.000,00","Cr$ 206.000.000,00; Cr$ 104.000.000,00",Getúlio Vargas,Getúlio Vargas,RS,,,
bindsul.jpg,BANCO INDUSTRIAL E COMERCIAL DO SUL S. A.,1919,,"Cr$ 300.000.000,00","Cr$ 206.000.000,00; Cr$ 104.000.000,00",Guaporé,Guaporé,RS,,,
bindsul.jpg,BANCO INDUSTRIAL E COMERCIAL DO SUL S. A.,1919,,"Cr$ 300.000.000,00","Cr$ 206.000.000,00; Cr$ 104.000.000,00",Jiuj,Jiuj,RS,,,
bindsul.jpg,BANCO INDUSTRIAL E COMERCIAL DO SUL S. A.,1919,,"Cr$ 300.000.000,00","Cr$ 206.000.000,00; Cr$ 104.000.000,00",Lajeado,Lajeado,RS,,,
bindsul.jpg,BANCO INDUSTRIAL E COMERCIAL DO SUL S. A.,1919,,"Cr$ 300.000.000,00","Cr$ 206.000.000,00; Cr$ 104.000.000,00",Marcelino Ramos,Marcelino Ramos,RS,,,
bindsul.jpg,BANCO INDUSTRIAL E COMERCIAL DO SUL S. A.,1919,,"Cr$ 300.000.000,00","Cr$ 206.000.000,00; Cr$ 104.000.000,00",Montenegro,Montenegro,RS,,,
bindsul.jpg,BANCO INDUSTRIAL E COMERCIAL DO SUL S. A.,1919,,"Cr$ 300.000.000,00","Cr$ 206.000.000,00; Cr$ 104.000.000,00",Nova Prata,Nova Prata,RS,,,
bindsul.jpg,BANCO INDUSTRIAL E COMERCIAL DO SUL S. A.,1919,,"Cr$ 300.000.000,00","Cr$ 206.000.000,00; Cr$ 104.000.000,00",Novo Hamburgo,Novo Hamburgo,RS,,,
bindsul.jpg,BANCO INDUSTRIAL E COMERCIAL DO SUL S. A.,1919,,"Cr$ 300.000.000,00","Cr$ 206.000.000,00; Cr$ 104.000.000,00",Osório,Osório,RS,,,
bindsul.jpg,BANCO INDUSTRIAL E COMERCIAL DO SUL S. A.,1919,,"Cr$ 300.000.000,00","Cr$ 206.000.000,00; Cr$ 104.000.000,00",Panambi,Panambi,RS,,,
bindsul.jpg,BANCO INDUSTRIAL E COMERCIAL DO SUL S. A.,1919,,"Cr$ 300.000.000,00","Cr$ 206.000.000,00; Cr$ 104.000.000,00",Passo Fundo,Passo Fundo,RS,,,
bindsul.jpg,BANCO INDUSTRIAL E COMERCIAL DO SUL S. A.,1919,,"Cr$ 300.000.000,00","Cr$ 206.000.000,00; Cr$ 104.000.000,00",Pelotas,Pelotas,RS,,,
bindsul.jpg,BANCO INDUSTRIAL E COMERCIAL DO SUL S. A.,1919,,"Cr$ 300.000.000,00","Cr$ 206.000.000,00; Cr$ 104.000.000,00",Rio Grande,Rio Grande,RS,,,
bindsul.jpg,BANCO INDUSTRIAL E COMERCIAL DO SUL S. A.,1919,,"Cr$ 300.000.000,00","Cr$ 206.000.000,00; Cr$ 104.000.000,00",Sta. Cruz do Sul,Sta. Cruz do Sul,RS,,,
bindsul.jpg,BANCO INDUSTRIAL E COMERCIAL DO SUL S. A.,1919,,"Cr$ 300.000.000,00","Cr$ 206.000.000,00; Cr$ 104.000.000,00",Sta. Maria,Sta. Maria,RS,,,
bindsul.jpg,BANCO INDUSTRIAL E COMERCIAL DO SUL S. A.,1919,,"Cr$ 300.000.000,00","Cr$ 206.000.000,00; Cr$ 104.000.000,00",Sta. Rosa,Santa Rosa,RS,,,
bindsul.jpg,BANCO INDUSTRIAL E COMERCIAL DO SUL S. A.,1919,,"Cr$ 300.000.000,00","Cr$ 206.000.000,00; Cr$ 104.000.000,00",Sant'Ana do Livramento,Sant'Ana do Livramento,RS,,,
bindsul.jpg,BANCO INDUSTRIAL E COMERCIAL DO SUL S. A.,1919,,"Cr$ 300.000.000,00","Cr$ 206.000.000,00; Cr$ 104.000.000,00",Santo Ângelo,Santo Ângelo,RS,,,
bindsul.jpg,BANCO INDUSTRIAL E COMERCIAL DO SUL S. A.,1919,,"Cr$ 300.000.000,00","Cr$ 206.000.000,00; Cr$ 104.000.000,00",S. Leopoldo,S. Leopoldo,RS,,,
bindsul.jpg,BANCO INDUSTRIAL E COMERCIAL DO SUL S. A.,1919,,"Cr$ 300.000.000,00","Cr$ 206.000.000,00; Cr$ 104.000.000,00",S. Lourenço do Sul,S. Lourenço do Sul,RS,,,
bindsul.jpg,BANCO INDUSTRIAL E COMERCIAL DO SUL S. A.,1919,,"Cr$ 300.000.000,00","Cr$ 206.000.000,00; Cr$ 104.000.000,00",Taquara,Taquara,RS,,,
bindsul.jpg,BANCO INDUSTRIAL E COMERCIAL DO SUL S. A.,1919,,"Cr$ 300.000.000,00","Cr$ 206.000.000,00; Cr$ 104.000.000,00",Uruguaiana,Uruguaiana,RS,,,
bindsul.jpg,BANCO INDUSTRIAL E COMERCIAL DO SUL S. A.,1919,,"Cr$ 300.000.000,00","Cr$ 206.000.000,00; Cr$ 104.000.000,00",Tenâncio Aires Anta Gorda,Tenâncio Aires Anta Gorda,RS,,,
bindsul.jpg,BANCO INDUSTRIAL E COMERCIAL DO SUL S. A.,1919,,"Cr$ 300.000.000,00","Cr$ 206.000.000,00; Cr$ 104.000.000,00",Arroio do Meio,Arroio do Meio,RS,,,
bindsul.jpg,BANCO INDUSTRIAL E COMERCIAL DO SUL S. A.,1919,,"Cr$ 300.000.000,00","Cr$ 206.000.000,00; Cr$ 104.000.000,00",Bom Retiro do Sul,Bom Retiro do Sul,RS,,,
bindsul.jpg,BANCO INDUSTRIAL E COMERCIAL DO SUL S. A.,1919,,"Cr$ 300.000.000,00","Cr$ 206.000.000,00; Cr$ 104.000.000,00",Campo Bom,Campo Bom,RS,,,
bindsul.jpg,BANCO INDUSTRIAL E COMERCIAL DO SUL S. A.,1919,,"Cr$ 300.000.000,00","Cr$ 206.000.000,00; Cr$ 104.000.000,00",Condelária,Condelária,RS,,,
bindsul.jpg,BANCO INDUSTRIAL E COMERCIAL DO SUL S. A.,1919,,"Cr$ 300.000.000,00","Cr$ 206.000.000,00; Cr$ 104.000.000,00",Canguçu,Canguçu,RS,,,
bindsul.jpg,BANCO INDUSTRIAL E COMERCIAL DO SUL S. A.,1919,,"Cr$ 300.000.000,00","Cr$ 206.000.000,00; Cr$ 104.000.000,00",Catuipe,Catuipe,RS,,,
bindsul.jpg,BANCO INDUSTRIAL E COMERCIAL DO SUL S. A.,1919,,"Cr$ 300.000.000,00","Cr$ 206.000.000,00; Cr$ 104.000.000,00",Cerro Largo,Cerro Largo,RS,,,
bindsul.jpg,BANCO INDUSTRIAL E COMERCIAL DO SUL S. A.,1919,,"Cr$ 300.000.000,00","Cr$ 206.000.000,00; Cr$ 104.000.000,00",Corvo,Corvo,RS,,,
bindsul.jpg,BANCO INDUSTRIAL E COMERCIAL DO SUL S. A.,1919,,"Cr$ 300.000.000,00","Cr$ 206.000.000,00; Cr$ 104.000.000,00",Crisciumal,Crisciumal,RS,,,
bindsul.jpg,BANCO INDUSTRIAL E COMERCIAL DO SUL S. A.,1919,,"Cr$ 300.000.000,00","Cr$ 206.000.000,00; Cr$ 104.000.000,00",Dois Irmãos,Dois Irmãos,RS,,,
bindsul.jpg,BANCO INDUSTRIAL E COMERCIAL DO SUL S. A.,1919,,"Cr$ 300.000.000,00","Cr$ 206.000.000,00; Cr$ 104.000.000,00",Dona Francisca,Dona Francisca,RS,,,
bindsul.jpg,BANCO INDUSTRIAL E COMERCIAL DO SUL S. A.,1919,,"Cr$ 300.000.000,00","Cr$ 206.000.000,00; Cr$ 104.000.000,00",Estação Getúlio Vargas,Estação Getúlio Vargas,RS,,,
bindsul.jpg,BANCO INDUSTRIAL E COMERCIAL DO SUL S. A.,1919,,"Cr$ 300.000.000,00","Cr$ 206.000.000,00; Cr$ 104.000.000,00",Estância Velha,Estância Velha,RS,,,
bindsul.jpg,BANCO INDUSTRIAL E COMERCIAL DO SUL S. A.,1919,,"Cr$ 300.000.000,00","Cr$ 206.000.000,00; Cr$ 104.000.000,00",Esteio,Esteio,RS,,,
bindsul.jpg,BANCO INDUSTRIAL E COMERCIAL DO SUL S. A.,1919,,"Cr$ 300.000.000,00","Cr$ 206.000.000,00; Cr$ 104.000.000,00",Farroupilha,Farroupilha,RS,,,
bindsul.jpg,BANCO INDUSTRIAL E COMERCIAL DO SUL S. A.,1919,,"Cr$ 300.000.000,00","Cr$ 206.000.000,00; Cr$ 104.000.000,00",Faxinal do Soturno,Faxinal do Soturno,RS,,,
bindsul.jpg,BANCO INDUSTRIAL E COMERCIAL DO SUL S. A.,1919,,"Cr$ 300.000.000,00","Cr$ 206.000.000,00; Cr$ 104.000.000,00",Forquetinha,Forquetinha,RS,,,
bindsul.jpg,BANCO INDUSTRIAL E COMERCIAL DO SUL S. A.,1919,,"Cr$ 300.000.000,00","Cr$ 206.000.000,00; Cr$ 104.000.000,00",Giruá,Giruá,RS,,,
bindsul.jpg,BANCO INDUSTRIAL E COMERCIAL DO SUL S. A.,1919,,"Cr$ 300.000.000,00","Cr$ 206.000.000,00; Cr$ 104.000.000,00",Gramacho,Gramacho,RS,,,
bindsul.jpg,BANCO INDUSTRIAL E COMERCIAL DO SUL S. A.,1919,,"Cr$ 300.000.000,00","Cr$ 206.000.000,00; Cr$ 104.000.000,00",Hamburgo Velho,Hamburgo Velho,RS,,,
bindsul.jpg,BANCO INDUSTRIAL E COMERCIAL DO SUL S. A.,1919,,"Cr$ 300.000.000,00","Cr$ 206.000.000,00; Cr$ 104.000.000,00",Horizontina,Horizontina,RS,,,
bindsul.jpg,BANCO INDUSTRIAL E COMERCIAL DO SUL S. A.,1919,,"Cr$ 300.000.000,00","Cr$ 206.000.000,00; Cr$ 104.000.000,00",Igrejinha,Igrejinha,RS,,,
bindsul.jpg,BANCO INDUSTRIAL E COMERCIAL DO SUL S. A.,1919,,"Cr$ 300.000.000,00","Cr$ 206.000.000,00; Cr$ 104.000.000,00",Ivoti,Ivoti,RS,,,
bindsul.jpg,BANCO INDUSTRIAL E COMERCIAL DO SUL S. A.,1919,,"Cr$ 300.000.000,00","Cr$ 206.000.000,00; Cr$ 104.000.000,00",Marques de Souza,Marques de Souza,RS,,,
bindsul.jpg,BANCO INDUSTRIAL E COMERCIAL DO SUL S. A.,1919,,"Cr$ 300.000.000,00","Cr$ 206.000.000,00; Cr$ 104.000.000,00",Marupiara,Marupiara,RS,,,
bindsul.jpg,BANCO INDUSTRIAL E COMERCIAL DO SUL S. A.,1919,,"Cr$ 300.000.000,00","Cr$ 206.000.000,00; Cr$ 104.000.000,00",Monte Alverne,Monte Alverne,RS,,,
bindsul.jpg,BANCO INDUSTRIAL E COMERCIAL DO SUL S. A.,1919,,"Cr$ 300.000.000,00","Cr$ 206.000.000,00; Cr$ 104.000.000,00",Mussum,Mussum,RS,,,
bindsul.jpg,BANCO INDUSTRIAL E COMERCIAL DO SUL S. A.,1919,,"Cr$ 300.000.000,00","Cr$ 206.000.000,00; Cr$ 104.000.000,00",Não-Me-Toque,Não-Me-Toque,RS,,,
bindsul.jpg,BANCO INDUSTRIAL E COMERCIAL DO SUL S. A.,1919,,"Cr$ 300.000.000,00","Cr$ 206.000.000,00; Cr$ 104.000.000,00",Nova Petrópolis,Nova Petrópolis,RS,,,
bindsul.jpg,BANCO INDUSTRIAL E COMERCIAL DO SUL S. A.,1919,,"Cr$ 300.000.000,00","Cr$ 206.000.000,00; Cr$ 104.000.000,00",Paim Filho,Paim Filho,RS,,,
bindsul.jpg,BANCO INDUSTRIAL E COMERCIAL DO SUL S. A.,1919,,"Cr$ 300.000.000,00","Cr$ 206.000.000,00; Cr$ 104.000.000,00",Picada do Rio,Picada do Rio,RS,,,
bindsul.jpg,BANCO INDUSTRIAL E COMERCIAL DO SUL S. A.,1919,,"Cr$ 300.000.000,00","Cr$ 206.000.000,00; Cr$ 104.000.000,00",Restinga Seca,Restinga Seca,RS,,,
bindsul.jpg,BANCO INDUSTRIAL E COMERCIAL DO SUL S. A.,1919,,"Cr$ 300.000.000,00","Cr$ 206.000.000,00; Cr$ 104.000.000,00",Roca-Sales,Roca-Sales,RS,,,
bindsul.jpg,BANCO INDUSTRIAL E COMERCIAL DO SUL S. A.,1919,,"Cr$ 300.000.000,00","Cr$ 206.000.000,00; Cr$ 104.000.000,00",Rolante,Rolante,RS,,,
bindsul.jpg,BANCO INDUSTRIAL E COMERCIAL DO SUL S. A.,1919,,"Cr$ 300.000.000,00","Cr$ 206.000.000,00; Cr$ 104.000.000,00",Sander,Sander,RS,,,
bindsul.jpg,BANCO INDUSTRIAL E COMERCIAL DO SUL S. A.,1919,,"Cr$ 300.000.000,00","Cr$ 206.000.000,00; Cr$ 104.000.000,00",Sapiranga,Sapiranga,RS,,,
bindsul.jpg,BANCO INDUSTRIAL E COMERCIAL DO SUL S. A.,1919,,"Cr$ 300.000.000,00","Cr$ 206.000.000,00; Cr$ 104.000.000,00",Sarandi,Sarandi,RS,,,
bindsul.jpg,BANCO INDUSTRIAL E COMERCIAL DO SUL S. A.,1919,,"Cr$ 300.000.000,00","Cr$ 206.000.000,00; Cr$ 104.000.000,00",Serafina Corrêa,Serafina Corrêa,RS,,,
bindsul.jpg,BANCO INDUSTRIAL E COMERCIAL DO SUL S. A.,1919,,"Cr$ 300.000.000,00","Cr$ 206.000.000,00; Cr$ 104.000.000,00",Sobradinho,Sobradinho,RS,,,
bindsul.jpg,BANCO INDUSTRIAL E COMERCIAL DO SUL S. A.,1919,,"Cr$ 300.000.000,00","Cr$ 206.000.000,00; Cr$ 104.000.000,00",Tapejara,Tapejara,RS,,,
bindsul.jpg,BANCO INDUSTRIAL E COMERCIAL DO SUL S. A.,1919,,"Cr$ 300.000.000,00","Cr$ 206.000.000,00; Cr$ 104.000.000,00",Tapéra,Tapéra,RS,,,
bindsul.jpg,BANCO INDUSTRIAL E COMERCIAL DO SUL S. A.,1919,,"Cr$ 300.000.000,00","Cr$ 206.000.000,00; Cr$ 104.000.000,00",Teutônia,Teutônia,RS,,,
bindsul.jpg,BANCO INDUSTRIAL E COMERCIAL DO SUL S. A.,1919,,"Cr$ 300.000.000,00","Cr$ 206.000.000,00; Cr$ 104.000.000,00",Tramandaí,Tramandaí,RS,,,
bindsul.jpg,BANCO INDUSTRIAL E COMERCIAL DO SUL S. A.,1919,,"Cr$ 300.000.000,00","Cr$ 206.000.000,00; Cr$ 104.000.000,00",Três de Maio,Três de Maio,RS,,,
bitau.jpg,BANCO ITAÚ S. A.,1945,,"Cr$ 500.000.000,00","Cr$ 500.000.000,00",Sede: São Paulo,São Paulo,SP,,Matriz,
bitau.jpg,BANCO ITAÚ S. A.,1945,,"Cr$ 500.000.000,00","Cr$ 500.000.000,00",Sucursal: Rio de Janeiro,Rio de Janeiro,GB,,Sucursal; Copacabana; Rosário,
bitau.jpg,BANCO ITAÚ S. A.,1945,,"Cr$ 500.000.000,00","Cr$ 500.000.000,00",Sucursal: Belo Horizonte,Belo Horizonte,MG,,Sucursal; Calafate; Parque Industrial,
bitau.jpg,BANCO ITAÚ S. A.,1945,,"Cr$ 500.000.000,00","Cr$ 500.000.000,00",Sucursal: Santos,Santos,SP,,Sucursal,
bitau.jpg,BANCO ITAÚ S. A.,1945,,"Cr$ 500.000.000,00","Cr$ 500.000.000,00",Sucursal: Curitiba,Curitiba,PR,,Sucursal,
bitau.jpg,BANCO ITAÚ S. A.,1945,,"Cr$ 500.000.000,00","Cr$ 500.000.000,00",Agências urbanas São Paulo,São Paulo,SP,,Jardim América; Paula Souza; Pinheiros; Piratininga; Vila Maria; Alto Vila Maria; Santa Ifigênia; Itaim,Urbanas
bitau.jpg,BANCO ITAÚ S. A.,1945,,"Cr$ 500.000.000,00","Cr$ 500.000.000,00",Águas de Lindoia (SP),Águas de Lindoia,SP,SP,,
bitau.jpg,BANCO ITAÚ S. A.,1945,,"Cr$ 500.000.000,00","Cr$ 500.000.000,00",Altinópolis (SP),Altinópolis,SP,SP,,
bitau.jpg,BANCO ITAÚ S. A.,1945,,"Cr$ 500.000.000,00","Cr$ 500.000.000,00",Apucarana (PR),Apucarana,PR,PR,,
bitau.jpg,BANCO ITAÚ S. A.,1945,,"Cr$ 500.000.000,00","Cr$ 500.000.000,00",Arapongas (PR),Arapongas,PR,PR,,
bitau.jpg,BANCO ITAÚ S. A.,1945,,"Cr$ 500.000.000,00","Cr$ 500.000.000,00",Cambé (PR),Cambé,PR,PR,,
bitau.jpg,BANCO ITAÚ S. A.,1945,,"Cr$ 500.000.000,00","Cr$ 500.000.000,00",Cambira (PR),Cambira,PR,PR,,
bitau.jpg,BANCO ITAÚ S. A.,1945,,"Cr$ 500.000.000,00","Cr$ 500.000.000,00",Campo Grande (MT),Campo Grande,MT,MT,,
bitau.jpg,BANCO ITAÚ S. A.,1945,,"Cr$ 500.000.000,00","Cr$ 500.000.000,00",Claraval (MG),Claraval,MG,MG,,
bitau.jpg,BANCO ITAÚ S. A.,1945,,"Cr$ 500.000.000,00","Cr$ 500.000.000,00",Cornélio Procópio (PR),Cornélio Procópio,PR,PR,,
bitau.jpg,BANCO ITAÚ S. A.,1945,,"Cr$ 500.000.000,00","Cr$ 500.000.000,00",Corumbá (MT),Corumbá,MT,MT,,
bitau.jpg,BANCO ITAÚ S. A.,1945,,"Cr$ 500.000.000,00","Cr$ 500.000.000,00",Cubatão (SP),Cubatão,SP,SP,,
bitau.jpg,BANCO ITAÚ S. A.,1945,,"Cr$ 500.000.000,00","Cr$ 500.000.000,00",Delfinópolis (MG),Delfinópolis,MG,MG,,
bitau.jpg,BANCO ITAÚ S. A.,1945,,"Cr$ 500.000.000,00","Cr$ 500.000.000,00",Furnas (MG),Furnas,MG,MG,,
bitau.jpg,BANCO ITAÚ S. A.,1945,,"Cr$ 500.000.000,00","Cr$ 500.000.000,00",Ibiraci (MG),Ibiraci,MG,MG,,
bitau.jpg,BANCO ITAÚ S. A.,1945,,"Cr$ 500.000.000,00","Cr$ 500.000.000,00",Itamoqui (MG),Itamogi,MG,MG,,
bitau.jpg,BANCO ITAÚ S. A.,1945,,"Cr$ 500.000.000,00","Cr$ 500.000.000,00",Itaú de Minas (MG),Itaú de Minas,MG,MG,,
bitau.jpg,BANCO ITAÚ S. A.,1945,,"Cr$ 500.000.000,00","Cr$ 500.000.000,00",Jandaia do Sul (PR),Jandaia do Sul,PR,PR,,
bitau.jpg,BANCO ITAÚ S. A.,1945,,"Cr$ 500.000.000,00","Cr$ 500.000.000,00",Londrina (PR),Londrina,PR,PR,,
bitau.jpg,BANCO ITAÚ S. A.,1945,,"Cr$ 500.000.000,00","Cr$ 500.000.000,00",Louveira (SP),Louveira,SP,SP,,
bitau.jpg,BANCO ITAÚ S. A.,1945,,"Cr$ 500.000.000,00","Cr$ 500.000.000,00",Mandaquari (PR),Mandaguari,PR,PR,,
bitau.jpg,BANCO ITAÚ S. A.,1945,,"Cr$ 500.000.000,00","Cr$ 500.000.000,00",Marialva (PR),Marialva,PR,PR,,
bitau.jpg,BANCO ITAÚ S. A.,1945,,"Cr$ 500.000.000,00","Cr$ 500.000.000,00",Maringá (PR),Maringá,PR,PR,,
bitau.jpg,BANCO ITAÚ S. A.,1945,,"Cr$ 500.000.000,00","Cr$ 500.000.000,00",Monte Santo de Minas (MG),Monte Santo de Minas,MG,MG,,
bitau.jpg,BANCO ITAÚ S. A.,1945,,"Cr$ 500.000.000,00","Cr$ 500.000.000,00",Nova Era (MG),Nova Era,MG,MG,,
bitau.jpg,BANCO ITAÚ S. A.,1945,,"Cr$ 500.000.000,00","Cr$ 500.000.000,00",Nova Fátima (PR),Nova Fátima,PR,PR,,
bitau.jpg,BANCO ITAÚ S. A.,1945,,"Cr$ 500.000.000,00","Cr$ 500.000.000,00",Paranaguá (PR),Paranaguá,PR,PR,,
bitau.jpg,BANCO ITAÚ S. A.,1945,,"Cr$ 500.000.000,00","Cr$ 500.000.000,00",Passos (MG),Passos,MG,MG,,
bitau.jpg,BANCO ITAÚ S. A.,1945,,"Cr$ 500.000.000,00","Cr$ 500.000.000,00",Porto Ferreira (SP),Porto Ferreira,SP,SP,,
bitau.jpg,BANCO ITAÚ S. A.,1945,,"Cr$ 500.000.000,00","Cr$ 500.000.000,00",Pratápolis (MG),Pratápolis,MG,MG,,
bitau.jpg,BANCO ITAÚ S. A.,1945,,"Cr$ 500.000.000,00","Cr$ 500.000.000,00",Rancho Alegre (PR),Rancho Alegre,PR,PR,,
bitau.jpg,BANCO ITAÚ S. A.,1945,,"Cr$ 500.000.000,00","Cr$ 500.000.000,00",Ribeirão do Pinhal (PR),Ribeirão do Pinhal,PR,PR,,
bitau.jpg,BANCO ITAÚ S. A.,1945,,"Cr$ 500.000.000,00","Cr$ 500.000.000,00",Ribeirão Preto (SP),Ribeirão Preto,SP,SP,,
bitau.jpg,BANCO ITAÚ S. A.,1945,,"Cr$ 500.000.000,00","Cr$ 500.000.000,00",Rolândia (PR),Rolândia,PR,PR,,
bitau.jpg,BANCO ITAÚ S. A.,1945,,"Cr$ 500.000.000,00","Cr$ 500.000.000,00",Santa Mariana (PR),Santa Mariana,PR,PR,,
bitau.jpg,BANCO ITAÚ S. A.,1945,,"Cr$ 500.000.000,00","Cr$ 500.000.000,00",São João Batista do Glória (MG),São João Batista do Glória,MG,MG,,
bitau.jpg,BANCO ITAÚ S. A.,1945,,"Cr$ 500.000.000,00","Cr$ 500.000.000,00",São Pedro do Ivaí (PR),São Pedro do Ivaí,PR,PR,,
bitau.jpg,BANCO ITAÚ S. A.,1945,,"Cr$ 500.000.000,00","Cr$ 500.000.000,00",São Sebastião do Paraíso (MG),São Sebastião do Paraíso,MG,MG,,
bitau.jpg,BANCO ITAÚ S. A.,1945,,"Cr$ 500.000.000,00","Cr$ 500.000.000,00",Sertaneja (PR),Sertaneja,PR,PR,,
bitau.jpg,BANCO ITAÚ S. A.,1945,,"Cr$ 500.000.000,00","Cr$ 500.000.000,00",Uraí (PR),Uraí,PR,PR,,
bitau.jpg,BANCO ITAÚ S. A.,1945,,"Cr$ 500.000.000,00","Cr$ 500.000.000,00",Vinhedo (SP),Vinhedo,SP,SP,,
blavoura_1960.jpg,"Banco da Lavoura de Minas Gerais, S.A.",1925,,,,Sede: Belo Horizonte,Belo Horizonte,MG,,Matriz,
blavoura_1960.jpg,"Banco da Lavoura de Minas Gerais, S.A.",1925,,,,Filial: Rio de Janeiro,Rio de Janeiro,GB,,Filial,
blavoura_1960.jpg,"Banco da Lavoura de Minas Gerais, S.A.",1925,,,,Filial: São Paulo,São Paulo,SP,,Filial,
blavoura_1960.jpg,"Banco da Lavoura de Minas Gerais, S.A.",1925,,,,Filial: Porto Alegre,Porto Alegre,RS,,Filial,
blavoura_1960.jpg,"Banco da Lavoura de Minas Gerais, S.A.",1925,,,,Acesita,Acesita,MG,,,
blavoura_1960.jpg,"Banco da Lavoura de Minas Gerais, S.A.",1925,,,,Aluruoca,Aiuruoca,MG,,,
blavoura_1960.jpg,"Banco da Lavoura de Minas Gerais, S.A.",1925,,,,Alfenas,Alfenas,MG,,,
blavoura_1960.jpg,"Banco da Lavoura de Minas Gerais, S.A.",1925,,,,Alpinópolis,Alpinópolis,MG,,,
blavoura_1960.jpg,"Banco da Lavoura de Minas Gerais, S.A.",1925,,,,Amazonas (Urb. Belo Horizonte),Belo Horizonte,MG,Urb. Belo Horizonte,Amazonas,
blavoura_1960.jpg,"Banco da Lavoura de Minas Gerais, S.A.",1925,,,,Andrelândia,Andrelândia,MG,,,
blavoura_1960.jpg,"Banco da Lavoura de Minas Gerais, S.A.",1925,,,,Antônio Carlos,Antônio Carlos,MG,,,
blavoura_1960.jpg,"Banco da Lavoura de Minas Gerais, S.A.",1925,,,,Araguari,Araguari,MG,,,
blavoura_1960.jpg,"Banco da Lavoura de Minas Gerais, S.A.",1925,,,,Arceburgo,Arceburgo,MG,,,
blavoura_1960.jpg,"Banco da Lavoura de Minas Gerais, S.A.",1925,,,,Areado,Areado,MG,,,
blavoura_1960.jpg,"Banco da Lavoura de Minas Gerais, S.A.",1925,,,,Astolfo Dutra,Astolfo Dutra,MG,,,
blavoura_1960.jpg,"Banco da Lavoura de Minas Gerais, S.A.",1925,,,,Baependi,Baependi,MG,,,
blavoura_1960.jpg,"Banco da Lavoura de Minas Gerais, S.A.",1925,,,,Barão de Cocais,Barão de Cocais,MG,,,
blavoura_1960.jpg,"Banco da Lavoura de Minas Gerais, S.A.",1925,,,,Barbacena,Barbacena,MG,,,
blavoura_1960.jpg,"Banco da Lavoura de Minas Gerais, S.A.",1925,,,,Barroca (Urb. Belo Horizonte),Belo Horizonte,MG,Urb. Belo Horizonte,Barroca,
blavoura_1960.jpg,"Banco da Lavoura de Minas Gerais, S.A.",1925,,,,Barro Prêto (Urb. Belo Horizonte),Belo Horizonte,MG,Urb. Belo Horizonte,Barro Prêto,
blavoura_1960.jpg,"Banco da Lavoura de Minas Gerais, S.A.",1925,,,,Betim,Betim,MG,,,
blavoura_1960.jpg,"Banco da Lavoura de Minas Gerais, S.A.",1925,,,,Bom Jardim de Minas,Bom Jardim de Minas,MG,,,
blavoura_1960.jpg,"Banco da Lavoura de Minas Gerais, S.A.",1925,,,,Bom Sucesso,Bom Sucesso,MG,,,
blavoura_1960.jpg,"Banco da Lavoura de Minas Gerais, S.A.",1925,,,,Borda da Mata,Borda da Mata,MG,,,
blavoura_1960.jpg,"Banco da Lavoura de Minas Gerais, S.A.",1925,,,,Brazópolis,Brazópolis,MG,,,
blavoura_1960.jpg,"Banco da Lavoura de Minas Gerais, S.A.",1925,,,,Brumadinho,Brumadinho,MG,,,
blavoura_1960.jpg,"Banco da Lavoura de Minas Gerais, S.A.",1925,,,,Bueno Brandão,Bueno Brandão,MG,,,
blavoura_1960.jpg,"Banco da Lavoura de Minas Gerais, S.A.",1925,,,,Cabo Verde,Cabo Verde,MG,,,
blavoura_1960.jpg,"Banco da Lavoura de Minas Gerais, S.A.",1925,,,,Cach. de Minas,Cachoeira de Minas,MG,,,
blavoura_1960.jpg,"Banco da Lavoura de Minas Gerais, S.A.",1925,,,,Caeté (Urb. B. Horiz.),Belo Horizonte,MG,Urb. B. Horiz.,Caeté,
blavoura_1960.jpg,"Banco da Lavoura de Minas Gerais, S.A.",1925,,,,Caetés,Caetés,MG,,,
blavoura_1960.jpg,"Banco da Lavoura de Minas Gerais, S.A.",1925,,,,Camanducáia,Camanducáia,MG,,,
blavoura_1960.jpg,"Banco da Lavoura de Minas Gerais, S.A.",1925,,,,Cambuí,Cambuí,MG,,,
blavoura_1960.jpg,"Banco da Lavoura de Minas Gerais, S.A.",1925,,,,Campanha,Campanha,MG,,,
blavoura_1960.jpg,"Banco da Lavoura de Minas Gerais, S.A.",1925,,,,Campo do Meio,Campo do Meio,MG,,,
blavoura_1960.jpg,"Banco da Lavoura de Minas Gerais, S.A.",1925,,,,Canápolis,Canápolis,MG,,,
blavoura_1960.jpg,"Banco da Lavoura de Minas Gerais, S.A.",1925,,,,Carandaí,Carandaí,MG,,,
blavoura_1960.jpg,"Banco da Lavoura de Minas Gerais, S.A.",1925,,,,Carcaçu,Carcaçu,MG,,,
blavoura_1960.jpg,"Banco da Lavoura de Minas Gerais, S.A.",1925,,,,Carmo da Mata,Carmo da Mata,MG,,,
blavoura_1960.jpg,"Banco da Lavoura de Minas Gerais, S.A.",1925,,,,Carmo de Minas,Carmo de Minas,MG,,,
blavoura_1960.jpg,"Banco da Lavoura de Minas Gerais, S.A.",1925,,,,Cascalho Rico,Cascalho Rico,MG,,,
blavoura_1960.jpg,"Banco da Lavoura de Minas Gerais, S.A.",1925,,,,Cláudio,Cláudio,MG,,,
blavoura_1960.jpg,"Banco da Lavoura de Minas Gerais, S.A.",1925,,,,Conc. do Mato Dentro,Conc. do Mato Dentro,MG,,,
blavoura_1960.jpg,"Banco da Lavoura de Minas Gerais, S.A.",1925,,,,Congonhas,Congonhas,MG,,,
blavoura_1960.jpg,"Banco da Lavoura de Minas Gerais, S.A.",1925,,,,Conquista,Conquista,MG,,,
blavoura_1960.jpg,"Banco da Lavoura de Minas Gerais, S.A.",1925,,,,Cons. Lafalete,Conselheiro Lafaiete,MG,,,
blavoura_1960.jpg,"Banco da Lavoura de Minas Gerais, S.A.",1925,,,,Corinto,Corinto,MG,,,
blavoura_1960.jpg,"Banco da Lavoura de Minas Gerais, S.A.",1925,,,,Coronel Fabriciano,Coronel Fabriciano,MG,,,
blavoura_1960.jpg,"Banco da Lavoura de Minas Gerais, S.A.",1925,,,,Cristina,Cristina,MG,,,
blavoura_1960.jpg,"Banco da Lavoura de Minas Gerais, S.A.",1925,,,,Cruzília,Cruzília,MG,,,
blavoura_1960.jpg,"Banco da Lavoura de Minas Gerais, S.A.",1925,,,,Curvêlo,Curvelo,MG,,,
blavoura_1960.jpg,"Banco da Lavoura de Minas Gerais, S.A.",1925,,,,Delfim Moreira,Delfim Moreira,MG,,,
blavoura_1960.jpg,"Banco da Lavoura de Minas Gerais, S.A.",1925,,,,Diamantina,Diamantina,MG,,,
blavoura_1960.jpg,"Banco da Lavoura de Minas Gerais, S.A.",1925,,,,Divinópolis,Divinópolis,MG,,,
blavoura_1960.jpg,"Banco da Lavoura de Minas Gerais, S.A.",1925,,,,Divisa Nova,Divisa Nova,MG,,,
blavoura_1960.jpg,"Banco da Lavoura de Minas Gerais, S.A.",1925,,,,Dóres de Campos,Dores de Campos,MG,,,
blavoura_1960.jpg,"Banco da Lavoura de Minas Gerais, S.A.",1925,,,,Elói Mendes,Elói Mendes,MG,,,
blavoura_1960.jpg,"Banco da Lavoura de Minas Gerais, S.A.",1925,,,,Entre Rios de Minas,Entre Rios de Minas,MG,,,
blavoura_1960.jpg,"Banco da Lavoura de Minas Gerais, S.A.",1925,,,,Extrema,Extrema,MG,,,
blavoura_1960.jpg,"Banco da Lavoura de Minas Gerais, S.A.",1925,,,,Frutal,Frutal,MG,,,
blavoura_1960.jpg,"Banco da Lavoura de Minas Gerais, S.A.",1925,,,,Furnas,Furnas,MG,,,
blavoura_1960.jpg,"Banco da Lavoura de Minas Gerais, S.A.",1925,,,,Gouvêa,Gouvêa,MG,,,
blavoura_1960.jpg,"Banco da Lavoura de Minas Gerais, S.A.",1925,,,,Governador Valmares,Governador Valadares,MG,,,
blavoura_1960.jpg,"Banco da Lavoura de Minas Gerais, S.A.",1925,,,,Guanhães,Guanhães,MG,,,
blavoura_1960.jpg,"Banco da Lavoura de Minas Gerais, S.A.",1925,,,,Guaranésia,Guaranésia,MG,,,
blavoura_1960.jpg,"Banco da Lavoura de Minas Gerais, S.A.",1925,,,,"Hôrto (Urbana, Belo Horizonte)",Belo Horizonte,MG,"Urbana, Belo Horizonte",Hôrto,
blavoura_1960.jpg,"Banco da Lavoura de Minas Gerais, S.A.",1925,,,,Ibertioga,Ibertioga,MG,,,
blavoura_1960.jpg,"Banco da Lavoura de Minas Gerais, S.A.",1925,,,,Ipatinga,Ipatinga,MG,,,
blavoura_1960.jpg,"Banco da Lavoura de Minas Gerais, S.A.",1925,,,,Itabira,Itabira,MG,,,
blavoura_1960.jpg,"Banco da Lavoura de Minas Gerais, S.A.",1925,,,,Itabirito,Itabirito,MG,,,
blavoura_1960.jpg,"Banco da Lavoura de Minas Gerais, S.A.",1925,,,,Itajubá,Itajubá,MG,,,
blavoura_1960.jpg,"Banco da Lavoura de Minas Gerais, S.A.",1925,,,,Itambacuri,Itambacuri,MG,,,
blavoura_1960.jpg,"Banco da Lavoura de Minas Gerais, S.A.",1925,,,,Itanhandu,Itanhandu,MG,,,
blavoura_1960.jpg,"Banco da Lavoura de Minas Gerais, S.A.",1925,,,,Itapecerica,Itapecerica,MG,,,
blavoura_1960.jpg,"Banco da Lavoura de Minas Gerais, S.A.",1925,,,,Itaúna,Itaúna,MG,,,
blavoura_1960.jpg,"Banco da Lavoura de Minas Gerais, S.A.",1925,,,,Ituiutaba,Ituiutaba,MG,,,
blavoura_1960.jpg,"Banco da Lavoura de Minas Gerais, S.A.",1925,,,,Itutinga,Itutinga,MG,,,
blavoura_1960.jpg,"Banco da Lavoura de Minas Gerais, S.A.",1925,,,,João Monlevade,João Monlevade,MG,,,
blavoura_1960.jpg,"Banco da Lavoura de Minas Gerais, S.A.",1925,,,,Juiz de Fora,Juiz de Fora,MG,,,
blavoura_1960.jpg,"Banco da Lavoura de Minas Gerais, S.A.",1925,,,,Lagoa Santa,Lagoa Santa,MG,,,
blavoura_1960.jpg,"Banco da Lavoura de Minas Gerais, S.A.",1925,,,,"Lagoinha (Urbana, Belo Horizonte)",Belo Horizonte,MG,"Urbana, Belo Horizonte",Lagoinha,
blavoura_1960.jpg,"Banco da Lavoura de Minas Gerais, S.A.",1925,,,,Lavras,Lavras,MG,,,
blavoura_1960.jpg,"Banco da Lavoura de Minas Gerais, S.A.",1925,,,,Leopoldina,Leopoldina,MG,,,
blavoura_1960.jpg,"Banco da Lavoura de Minas Gerais, S.A.",1925,,,,Liberdade,Liberdade,MG,,,
blavoura_1960.jpg,"Banco da Lavoura de Minas Gerais, S.A.",1925,,,,Lima Duarte,Lima Duarte,MG,,,
blavoura_1960.jpg,"Banco da Lavoura de Minas Gerais, S.A.",1925,,,,Machado,Machado,MG,,,
blavoura_1960.jpg,"Banco da Lavoura de Minas Gerais, S.A.",1925,,,,Manhumirim,Manhumirim,MG,,,
blavoura_1960.jpg,"Banco da Lavoura de Minas Gerais, S.A.",1925,,,,Maria da Fé,Maria da Fé,MG,,,
blavoura_1960.jpg,"Banco da Lavoura de Minas Gerais, S.A.",1925,,,,Mariana,Mariana,MG,,,
blavoura_1960.jpg,"Banco da Lavoura de Minas Gerais, S.A.",1925,,,,Matias Barbosa,Matias Barbosa,MG,,,
blavoura_1960.jpg,"Banco da Lavoura de Minas Gerais, S.A.",1925,,,,Mirai,Mirai,MG,,,
blavoura_1960.jpg,"Banco da Lavoura de Minas Gerais, S.A.",1925,,,,Moeda,Moeda,MG,,,
blavoura_1960.jpg,"Banco da Lavoura de Minas Gerais, S.A.",1925,,,,Monsenhor Paulo,Monsenhor Paulo,MG,,,
blavoura_1960.jpg,"Banco da Lavoura de Minas Gerais, S.A.",1925,,,,Monte Carmelo,Monte Carmelo,MG,,,
blavoura_1960.jpg,"Banco da Lavoura de Minas Gerais, S.A.",1925,,,,Monte Santo de Minas,Monte Santo de Minas,MG,,,
blavoura_1960.jpg,"Banco da Lavoura de Minas Gerais, S.A.",1925,,,,Montes Claros,Montes Claros,MG,,,
blavoura_1960.jpg,"Banco da Lavoura de Minas Gerais, S.A.",1925,,,,Muriaé,Muriaé,MG,,,
blavoura_1960.jpg,"Banco da Lavoura de Minas Gerais, S.A.",1925,,,,Natércla,Natércla,MG,,,
blavoura_1960.jpg,"Banco da Lavoura de Minas Gerais, S.A.",1925,,,,Nova Era,Nova Era,MG,,,
blavoura_1960.jpg,"Banco da Lavoura de Minas Gerais, S.A.",1925,,,,Nova Lima,Nova Lima,MG,,,
blavoura_1960.jpg,"Banco da Lavoura de Minas Gerais, S.A.",1925,,,,Nova Ponte,Nova Ponte,MG,,,
blavoura_1960.jpg,"Banco da Lavoura de Minas Gerais, S.A.",1925,,,,Oliveira,Oliveira,MG,,,
blavoura_1960.jpg,"Banco da Lavoura de Minas Gerais, S.A.",1925,,,,Ouro Fino,Ouro Fino,MG,,,
blavoura_1960.jpg,"Banco da Lavoura de Minas Gerais, S.A.",1925,,,,Ouro Prêto,Ouro Prêto,MG,,,
blavoura_1960.jpg,"Banco da Lavoura de Minas Gerais, S.A.",1925,,,,Pará de Minas,Pará de Minas,MG,,,
blavoura_1960.jpg,"Banco da Lavoura de Minas Gerais, S.A.",1925,,,,Paraisópolis,Paraisópolis,MG,,,
blavoura_1960.jpg,"Banco da Lavoura de Minas Gerais, S.A.",1925,,,,"Paraná (Urbana, Belo Horizonte)",Belo Horizonte,MG,"Urbana, Belo Horizonte",Paraná,
blavoura_1960.jpg,"Banco da Lavoura de Minas Gerais, S.A.",1925,,,,Passa Quatro,Passa Quatro,MG,,,
blavoura_1960.jpg,"Banco da Lavoura de Minas Gerais, S.A.",1925,,,,Passa Tempo,Passa Tempo,MG,,,
blavoura_1960.jpg,"Banco da Lavoura de Minas Gerais, S.A.",1925,,,,Passos,Passos,MG,,,
blavoura_1960.jpg,"Banco da Lavoura de Minas Gerais, S.A.",1925,,,,Patos de Minas,Patos de Minas,MG,,,
blavoura_1960.jpg,"Banco da Lavoura de Minas Gerais, S.A.",1925,,,,Peçanha,Peçanha,MG,,,
blavoura_1960.jpg,"Banco da Lavoura de Minas Gerais, S.A.",1925,,,,Pedralva,Pedralva,MG,,,
blavoura_1960.jpg,"Banco da Lavoura de Minas Gerais, S.A.",1925,,,,Pedra Azul,Pedra Azul,MG,,,
blavoura_1960.jpg,"Banco da Lavoura de Minas Gerais, S.A.",1925,,,,Perdões,Perdões,MG,,,
blavoura_1960.jpg,"Banco da Lavoura de Minas Gerais, S.A.",1925,,,,Piedade do Rio Grande,Piedade do Rio Grande,MG,,,
blavoura_1960.jpg,"Banco da Lavoura de Minas Gerais, S.A.",1925,,,,Piranga,Piranga,MG,,,
blavoura_1960.jpg,"Banco da Lavoura de Minas Gerais, S.A.",1925,,,,Poços de Caldas,Poços de Caldas,MG,,,
blavoura_1960.jpg,"Banco da Lavoura de Minas Gerais, S.A.",1925,,,,Ponte Nova,Ponte Nova,MG,,,
blavoura_1960.jpg,"Banco da Lavoura de Minas Gerais, S.A.",1925,,,,Pouso Alegre,Pouso Alegre,MG,,,
blavoura_1960.jpg,"Banco da Lavoura de Minas Gerais, S.A.",1925,,,,Pouso Alto,Pouso Alto,MG,,,
blavoura_1960.jpg,"Banco da Lavoura de Minas Gerais, S.A.",1925,,,,Recreio,Recreio,MG,,,
blavoura_1960.jpg,"Banco da Lavoura de Minas Gerais, S.A.",1925,,,,Ressaquinha,Ressaquinha,MG,,,
blavoura_1960.jpg,"Banco da Lavoura de Minas Gerais, S.A.",1925,,,,Rio Piracicaba,Rio Piracicaba,MG,,,
blavoura_1960.jpg,"Banco da Lavoura de Minas Gerais, S.A.",1925,,,,Sabará,Sabará,MG,,,
blavoura_1960.jpg,"Banco da Lavoura de Minas Gerais, S.A.",1925,,,,Sabinópolis,Sabinópolis,MG,,,
blavoura_1960.jpg,"Banco da Lavoura de Minas Gerais, S.A.",1925,,,,Sacramento,Sacramento,MG,,,
blavoura_1960.jpg,"Banco da Lavoura de Minas Gerais, S.A.",1925,,,,Santa Bárbara,Santa Bárbara,MG,,,
blavoura_1960.jpg,"Banco da Lavoura de Minas Gerais, S.A.",1925,,,,Santa Luzia,Santa Luzia,MG,,,
blavoura_1960.jpg,"Banco da Lavoura de Minas Gerais, S.A.",1925,,,,Santa Maria de Itabira,Santa Maria de Itabira,MG,,,
blavoura_1960.jpg,"Banco da Lavoura de Minas Gerais, S.A.",1925,,,,Santa Maria do Suáçuí,Santa Maria do Suáçuí,MG,,,
blavoura_1960.jpg,"Banco da Lavoura de Minas Gerais, S.A.",1925,,,,Santa Rita do Sapucaí,Santa Rita do Sapucaí,MG,,,
blavoura_1960.jpg,"Banco da Lavoura de Minas Gerais, S.A.",1925,,,,Santo Antônio do Amparo,Santo Antônio do Amparo,MG,,,
blavoura_1960.jpg,"Banco da Lavoura de Minas Gerais, S.A.",1925,,,,Santos Dumont,Santos Dumont,MG,,,
blavoura_1960.jpg,"Banco da Lavoura de Minas Gerais, S.A.",1925,,,,"São Benedito (Urbana, Uberaba)",Uberaba,MG,"Urbana, Uberaba",São Benedito,
blavoura_1960.jpg,"Banco da Lavoura de Minas Gerais, S.A.",1925,,,,São Gonçalo do Sapucaí,São Gonçalo do Sapucaí,MG,,,
blavoura_1960.jpg,"Banco da Lavoura de Minas Gerais, S.A.",1925,,,,São João Del Rei,São João Del Rei,MG,,,
blavoura_1960.jpg,"Banco da Lavoura de Minas Gerais, S.A.",1925,,,,São João Evangelista,São João Evangelista,MG,,,
blavoura_1960.jpg,"Banco da Lavoura de Minas Gerais, S.A.",1925,,,,São José do Alegre,São José do Alegre,MG,,,
blavoura_1960.jpg,"Banco da Lavoura de Minas Gerais, S.A.",1925,,,,São Lourenço,São Lourenço,MG,,,
blavoura_1960.jpg,"Banco da Lavoura de Minas Gerais, S.A.",1925,,,,"São Paulo (Urbana, Belo Horizonte)",Belo Horizonte,MG,"Urbana, Belo Horizonte",São Paulo,
blavoura_1960.jpg,"Banco da Lavoura de Minas Gerais, S.A.",1925,,,,São Pedro dos Ferros,São Pedro dos Ferros,MG,,,
blavoura_1960.jpg,"Banco da Lavoura de Minas Gerais, S.A.",1925,,,,São Sebastião do Paraíso,São Sebastião do Paraíso,MG,,,
blavoura_1960.jpg,"Banco da Lavoura de Minas Gerais, S.A.",1925,,,,São Sebastião do Rio Verde,São Sebastião do Rio Verde,MG,,,
blavoura_1960.jpg,"Banco da Lavoura de Minas Gerais, S.A.",1925,,,,Sapucaí Mirim,Sapucaí Mirim,MG,,,
blavoura_1960.jpg,"Banco da Lavoura de Minas Gerais, S.A.",1925,,,,Sêrro,Sêrro,MG,,,
blavoura_1960.jpg,"Banco da Lavoura de Minas Gerais, S.A.",1925,,,,Sete Lagoas,Sete Lagoas,MG,,,
blavoura_1960.jpg,"Banco da Lavoura de Minas Gerais, S.A.",1925,,,,Silvianópolis,Silvianópolis,MG,,,
blavoura_1960.jpg,"Banco da Lavoura de Minas Gerais, S.A.",1925,,,,Teixeiras,Teixeiras,MG,,,
blavoura_1960.jpg,"Banco da Lavoura de Minas Gerais, S.A.",1925,,,,Teófilo Otoni,Teófilo Otoni,MG,,,
blavoura_1960.jpg,"Banco da Lavoura de Minas Gerais, S.A.",1925,,,,Três Corações,Três Corações,MG,,,
blavoura_1960.jpg,"Banco da Lavoura de Minas Gerais, S.A.",1925,,,,Três Marias,Três Marias,MG,,,
blavoura_1960.jpg,"Banco da Lavoura de Minas Gerais, S.A.",1925,,,,Três Pontas,Três Pontas,MG,,,
blavoura_1960.jpg,"Banco da Lavoura de Minas Gerais, S.A.",1925,,,,Ubá,Ubá,MG,,,
blavoura_1960.jpg,"Banco da Lavoura de Minas Gerais, S.A.",1925,,,,Uberaba,Uberaba,MG,,,
blavoura_1960.jpg,"Banco da Lavoura de Minas Gerais, S.A.",1925,,,,Uberlândia,Uberlândia,MG,,,
blavoura_1960.jpg,"Banco da Lavoura de Minas Gerais, S.A.",1925,,,,Varginha,Varginha,MG,,,
blavoura_1960.jpg,"Banco da Lavoura de Minas Gerais, S.A.",1925,,,,Volta Grande,Volta Grande,MG,,,
blavoura_1960.jpg,"Banco da Lavoura de Minas Gerais, S.A.",1925,,,,Arapiraca,Arapiraca,AL,,,
blavoura_1960.jpg,"Banco da Lavoura de Minas Gerais, S.A.",1925,,,,Macéio,Maceió,AL,,,
blavoura_1960.jpg,"Banco da Lavoura de Minas Gerais, S.A.",1925,,,,Manaus,Manaus,AM,,,
blavoura_1960.jpg,"Banco da Lavoura de Minas Gerais, S.A.",1925,,,,"Baixa do Sapateiro (Urbana, Salvador)",Salvador,BA,"Urbana, Salvador",Baixa do Sapateiro,
blavoura_1960.jpg,"Banco da Lavoura de Minas Gerais, S.A.",1925,,,,Ilhéus,Ilhéus,BA,,,
blavoura_1960.jpg,"Banco da Lavoura de Minas Gerais, S.A.",1925,,,,Itabuna,Itabuna,BA,,,
blavoura_1960.jpg,"Banco da Lavoura de Minas Gerais, S.A.",1925,,,,Jequié,Jequié,BA,,,
blavoura_1960.jpg,"Banco da Lavoura de Minas Gerais, S.A.",1925,,,,"Padre Vieira (Urbana, Salvador)",Salvador,BA,"Urbana, Salvador",Padre Vieira,
blavoura_1960.jpg,"Banco da Lavoura de Minas Gerais, S.A.",1925,,,,Salvador,Salvador,BA,,,
blavoura_1960.jpg,"Banco da Lavoura de Minas Gerais, S.A.",1925,,,,"Sete de Setembro (Urbana, Salvador)",Salvador,BA,"Urbana, Salvador",Sete de Setembro,
blavoura_1960.jpg,"Banco da Lavoura de Minas Gerais, S.A.",1925,,,,Fortaleza,Fortaleza,CE,,,
blavoura_1960.jpg,"Banco da Lavoura de Minas Gerais, S.A.",1925,,,,Sobral,Sobral,CE,,,
blavoura_1960.jpg,"Banco da Lavoura de Minas Gerais, S.A.",1925,,,,Apiacá,Apiacá,ES,,,
blavoura_1960.jpg,"Banco da Lavoura de Minas Gerais, S.A.",1925,,,,Itaguaçu,Itaguaçu,ES,,,
blavoura_1960.jpg,"Banco da Lavoura de Minas Gerais, S.A.",1925,,,,Muniz Freire,Muniz Freire,ES,,,
blavoura_1960.jpg,"Banco da Lavoura de Minas Gerais, S.A.",1925,,,,Nova Venécia,Nova Venécia,ES,,,
blavoura_1960.jpg,"Banco da Lavoura de Minas Gerais, S.A.",1925,,,,Santa Teresa,Santa Teresa,ES,,,
blavoura_1960.jpg,"Banco da Lavoura de Minas Gerais, S.A.",1925,,,,São José do Calçado,São José do Calçado,ES,,,
blavoura_1960.jpg,"Banco da Lavoura de Minas Gerais, S.A.",1925,,,,"Vila Rubim (Urbana, Vitória)",Vitória,ES,"Urbana, Vitória",Vila Rubim,
blavoura_1960.jpg,"Banco da Lavoura de Minas Gerais, S.A.",1925,,,,Vila Velha,Vila Velha,ES,,,
blavoura_1960.jpg,"Banco da Lavoura de Minas Gerais, S.A.",1925,,,,Vitória,Vitória,ES,,,
blavoura_1960.jpg,"Banco da Lavoura de Minas Gerais, S.A.",1925,,,,Anápolis,Anápolis,GO,,,
blavoura_1960.jpg,"Banco da Lavoura de Minas Gerais, S.A.",1925,,,,Céres,Céres,GO,,,
blavoura_1960.jpg,"Banco da Lavoura de Minas Gerais, S.A.",1925,,,,Goiânia,Goiânia,GO,,,
blavoura_1960.jpg,"Banco da Lavoura de Minas Gerais, S.A.",1925,,,,Goiatuba,Goiatuba,GO,,,
blavoura_1960.jpg,"Banco da Lavoura de Minas Gerais, S.A.",1925,,,,Itumbiara,Itumbiara,GO,,,
blavoura_1960.jpg,"Banco da Lavoura de Minas Gerais, S.A.",1925,,,,Jataí,Jataí,GO,,,
blavoura_1960.jpg,"Banco da Lavoura de Minas Gerais, S.A.",1925,,,,Piracanjuba,Piracanjuba,GO,,,
blavoura_1960.jpg,"Banco da Lavoura de Minas Gerais, S.A.",1925,,,,Acre,Rio de Janeiro,GB,,Acre,Urban/metropolitan branch location
blavoura_1960.jpg,"Banco da Lavoura de Minas Gerais, S.A.",1925,,,,Andaraí,Rio de Janeiro,GB,,Andaraí,Urban/metropolitan branch location
blavoura_1960.jpg,"Banco da Lavoura de Minas Gerais, S.A.",1925,,,,Andradas,Rio de Janeiro,GB,,Andradas,Urban/metropolitan branch location
blavoura_1960.jpg,"Banco da Lavoura de Minas Gerais, S.A.",1925,,,,Botafogo,Rio de Janeiro,GB,,Botafogo,Urban/metropolitan branch location
blavoura_1960.jpg,"Banco da Lavoura de Minas Gerais, S.A.",1925,,,,Braz de Pina,Rio de Janeiro,GB,,Braz de Pina,Urban/metropolitan branch location
blavoura_1960.jpg,"Banco da Lavoura de Minas Gerais, S.A.",1925,,,,Campo Grande,Rio de Janeiro,GB,,Campo Grande,Urban/metropolitan branch location
blavoura_1960.jpg,"Banco da Lavoura de Minas Gerais, S.A.",1925,,,,Castelo,Rio de Janeiro,GB,,Castelo,Urban/metropolitan branch location
blavoura_1960.jpg,"Banco da Lavoura de Minas Gerais, S.A.",1925,,,,Cinelândia,Rio de Janeiro,GB,,Cinelândia,Urban/metropolitan branch location
blavoura_1960.jpg,"Banco da Lavoura de Minas Gerais, S.A.",1925,,,,Copacabana,Rio de Janeiro,GB,,Copacabana,Urban/metropolitan branch location
blavoura_1960.jpg,"Banco da Lavoura de Minas Gerais, S.A.",1925,,,,Ipanema,Rio de Janeiro,GB,,Ipanema,Urban/metropolitan branch location
blavoura_1960.jpg,"Banco da Lavoura de Minas Gerais, S.A.",1925,,,,Mem-de Sá,Rio de Janeiro,GB,,Mem-de Sá,Urban/metropolitan branch location
blavoura_1960.jpg,"Banco da Lavoura de Minas Gerais, S.A.",1925,,,,Méier,Rio de Janeiro,GB,,Méier,Urban/metropolitan branch location
blavoura_1960.jpg,"Banco da Lavoura de Minas Gerais, S.A.",1925,,,,Ouvidor,Rio de Janeiro,GB,,Ouvidor,Urban/metropolitan branch location
blavoura_1960.jpg,"Banco da Lavoura de Minas Gerais, S.A.",1925,,,,Realengo,Rio de Janeiro,GB,,Realengo,Urban/metropolitan branch location
blavoura_1960.jpg,"Banco da Lavoura de Minas Gerais, S.A.",1925,,,,Rio Comprido,Rio de Janeiro,GB,,Rio Comprido,Urban/metropolitan branch location
blavoura_1960.jpg,"Banco da Lavoura de Minas Gerais, S.A.",1925,,,,São Cristóvão,Rio de Janeiro,GB,,São Cristóvão,Urban/metropolitan branch location
blavoura_1960.jpg,"Banco da Lavoura de Minas Gerais, S.A.",1925,,,,Serzedelo Correia (Urbanas),Rio de Janeiro,GB,Urbanas,Serzedelo Correia,Urban/metropolitan branch location
blavoura_1960.jpg,"Banco da Lavoura de Minas Gerais, S.A.",1925,,,,São Luís,São Luís,MA,,,
blavoura_1960.jpg,"Banco da Lavoura de Minas Gerais, S.A.",1925,,,,Aquidauana,Aquidauana,MT,,,
blavoura_1960.jpg,"Banco da Lavoura de Minas Gerais, S.A.",1925,,,,Bela Vista,Bela Vista,MT,,,
blavoura_1960.jpg,"Banco da Lavoura de Minas Gerais, S.A.",1925,,,,Cáceres,Cáceres,MT,,,
blavoura_1960.jpg,"Banco da Lavoura de Minas Gerais, S.A.",1925,,,,Campo Grande,Campo Grande,MT,,,
blavoura_1960.jpg,"Banco da Lavoura de Minas Gerais, S.A.",1925,,,,Corumbá,Corumbá,MT,,,
blavoura_1960.jpg,"Banco da Lavoura de Minas Gerais, S.A.",1925,,,,Cuiabá,Cuiabá,MT,,,
blavoura_1960.jpg,"Banco da Lavoura de Minas Gerais, S.A.",1925,,,,Dourados,Dourados,MT,,,
blavoura_1960.jpg,"Banco da Lavoura de Minas Gerais, S.A.",1925,,,,Paranaíba,Paranaíba,MT,,,
blavoura_1960.jpg,"Banco da Lavoura de Minas Gerais, S.A.",1925,,,,Poconé,Poconé,MT,,,
blavoura_1960.jpg,"Banco da Lavoura de Minas Gerais, S.A.",1925,,,,Ponta Porã,Ponta Porã,MT,,,
blavoura_1960.jpg,"Banco da Lavoura de Minas Gerais, S.A.",1925,,,,Pório Murtinho,Pório Murtinho,MT,,,
blavoura_1960.jpg,"Banco da Lavoura de Minas Gerais, S.A.",1925,,,,Poxoréu,Poxoréu,MT,,,
blavoura_1960.jpg,"Banco da Lavoura de Minas Gerais, S.A.",1925,,,,"Praça Alencastro (Urbana, Cuiabá)",Praça Alencastro,MT,"Urbana, Cuiabá",,
blavoura_1960.jpg,"Banco da Lavoura de Minas Gerais, S.A.",1925,,,,Três Lagoas,Três Lagoas,MT,,,
blavoura_1960.jpg,"Banco da Lavoura de Minas Gerais, S.A.",1925,,,,Belém,Belém,PA,,,
blavoura_1960.jpg,"Banco da Lavoura de Minas Gerais, S.A.",1925,,,,"Icoaraci (Urbana, Belém)",Icoaraci,PA,"Urbana, Belém",,
blavoura_1960.jpg,"Banco da Lavoura de Minas Gerais, S.A.",1925,,,,"Nossa Senhora de Nazaré (Urbana, Belém)",Nossa Senhora de Nazaré,PA,"Urbana, Belém",,
blavoura_1960.jpg,"Banco da Lavoura de Minas Gerais, S.A.",1925,,,,Campina Grande,Campina Grande,PB,,,
blavoura_1960.jpg,"Banco da Lavoura de Minas Gerais, S.A.",1925,,,,João Pessoa,João Pessoa,PB,,,
blavoura_1960.jpg,"Banco da Lavoura de Minas Gerais, S.A.",1925,,,,Arapongas,Arapongas,PR,,,
blavoura_1960.jpg,"Banco da Lavoura de Minas Gerais, S.A.",1925,,,,Bela Vista do Paraíso,Bela Vista do Paraíso,PR,,,
blavoura_1960.jpg,"Banco da Lavoura de Minas Gerais, S.A.",1925,,,,Cambé,Cambé,PR,,,
blavoura_1960.jpg,"Banco da Lavoura de Minas Gerais, S.A.",1925,,,,Curitiba,Curitiba,PR,,,
blavoura_1960.jpg,"Banco da Lavoura de Minas Gerais, S.A.",1925,,,,Londrina,Londrina,PR,,,
blavoura_1960.jpg,"Banco da Lavoura de Minas Gerais, S.A.",1925,,,,Maringá,Maringá,PR,,,
blavoura_1960.jpg,"Banco da Lavoura de Minas Gerais, S.A.",1925,,,,Ponta Grossa,Ponta Grossa,PR,,,
blavoura_1960.jpg,"Banco da Lavoura de Minas Gerais, S.A.",1925,,,,Rolândia,Rolândia,PR,,,
blavoura_1960.jpg,"Banco da Lavoura de Minas Gerais, S.A.",1925,,,,"Tiradentes (Urbana, Curitiba)",Curitiba,PR,"Urbana, Curitiba",Tiradentes,
blavoura_1960.jpg,"Banco da Lavoura de Minas Gerais, S.A.",1925,,,,Caruaru,Caruaru,PE,,,
blavoura_1960.jpg,"Banco da Lavoura de Minas Gerais, S.A.",1925,,,,"Casa Amarela (Urbana, Recife)",Recife,PE,"Urbana, Recife",Casa Amarela,
blavoura_1960.jpg,"Banco da Lavoura de Minas Gerais, S.A.",1925,,,,"Encruzilhada (Urbana, Recife)",Recife,PE,"Urbana, Recife",Encruzilhada,
blavoura_1960.jpg,"Banco da Lavoura de Minas Gerais, S.A.",1925,,,,Garanhuns,Garanhuns,PE,,,
blavoura_1960.jpg,"Banco da Lavoura de Minas Gerais, S.A.",1925,,,,Recife,Recife,PE,,,
blavoura_1960.jpg,"Banco da Lavoura de Minas Gerais, S.A.",1925,,,,"Santo Antônio (Urbana, Recife)",Recife,PE,"Urbana, Recife",Santo Antônio,
blavoura_1960.jpg,"Banco da Lavoura de Minas Gerais, S.A.",1925,,,,Parnaíba,Parnaíba,PI,,,
blavoura_1960.jpg,"Banco da Lavoura de Minas Gerais, S.A.",1925,,,,Teresina,Teresina,PI,,,
blavoura_1960.jpg,"Banco da Lavoura de Minas Gerais, S.A.",1925,,,,Natal,Natal,RN,,,
blavoura_1960.jpg,"Banco da Lavoura de Minas Gerais, S.A.",1925,,,,Alegrete,Alegrete,RS,,,
blavoura_1960.jpg,"Banco da Lavoura de Minas Gerais, S.A.",1925,,,,Baró,Baró,RS,,,
blavoura_1960.jpg,"Banco da Lavoura de Minas Gerais, S.A.",1925,,,,Cachoeira do Sul,Cachoeira do Sul,RS,,,
blavoura_1960.jpg,"Banco da Lavoura de Minas Gerais, S.A.",1925,,,,Caxias do Sul,Caxias do Sul,RS,,,
blavoura_1960.jpg,"Banco da Lavoura de Minas Gerais, S.A.",1925,,,,Pelotas,Pelotas,RS,,,
blavoura_1960.jpg,"Banco da Lavoura de Minas Gerais, S.A.",1925,,,,Rio Grande,Rio Grande,RS,,,
blavoura_1960.jpg,"Banco da Lavoura de Minas Gerais, S.A.",1925,,,,"Rosário (Urbana, P. Alegre)",Porto Alegre,RS,"Urbana, P. Alegre",Rosário,
blavoura_1960.jpg,"Banco da Lavoura de Minas Gerais, S.A.",1925,,,,Sant’Ana do Livramento,Sant’Ana do Livramento,RS,,,
blavoura_1960.jpg,"Banco da Lavoura de Minas Gerais, S.A.",1925,,,,Santa Cruz do Sul,Santa Cruz do Sul,RS,,,
blavoura_1960.jpg,"Banco da Lavoura de Minas Gerais, S.A.",1925,,,,Santa Maria,Santa Maria,RS,,,
blavoura_1960.jpg,"Banco da Lavoura de Minas Gerais, S.A.",1925,,,,São João (Urb. P. Alegre),Porto Alegre,RS,Urb. P. Alegre,São João,
blavoura_1960.jpg,"Banco da Lavoura de Minas Gerais, S.A.",1925,,,,Uruguaiana,Uruguaiana,RS,,,
blavoura_1960.jpg,"Banco da Lavoura de Minas Gerais, S.A.",1925,,,,Barra Mansa,Barra Mansa,RJ,,,
blavoura_1960.jpg,"Banco da Lavoura de Minas Gerais, S.A.",1925,,,,Barra do Piraí,Barra do Piraí,RJ,,,
blavoura_1960.jpg,"Banco da Lavoura de Minas Gerais, S.A.",1925,,,,Barreto (Urb. Niterói),Niterói,RJ,Urb. Niterói,Barreto,
blavoura_1960.jpg,"Banco da Lavoura de Minas Gerais, S.A.",1925,,,,Campos,Campos,RJ,,,
blavoura_1960.jpg,"Banco da Lavoura de Minas Gerais, S.A.",1925,,,,Duque de Caxias,Duque de Caxias,RJ,,,
blavoura_1960.jpg,"Banco da Lavoura de Minas Gerais, S.A.",1925,,,,Itaocara,Itaocara,RJ,,,
blavoura_1960.jpg,"Banco da Lavoura de Minas Gerais, S.A.",1925,,,,Mesquita,Mesquita,RJ,,,
blavoura_1960.jpg,"Banco da Lavoura de Minas Gerais, S.A.",1925,,,,Nilópolis,Nilópolis,RJ,,,
blavoura_1960.jpg,"Banco da Lavoura de Minas Gerais, S.A.",1925,,,,Niterói,Niterói,RJ,,,
blavoura_1960.jpg,"Banco da Lavoura de Minas Gerais, S.A.",1925,,,,Nova Friburgo,Nova Friburgo,RJ,,,
blavoura_1960.jpg,"Banco da Lavoura de Minas Gerais, S.A.",1925,,,,Nova Iguaçu,Nova Iguaçu,RJ,,,
blavoura_1960.jpg,"Banco da Lavoura de Minas Gerais, S.A.",1925,,,,Paraíba do Sul,Paraíba do Sul,RJ,,,
blavoura_1960.jpg,"Banco da Lavoura de Minas Gerais, S.A.",1925,,,,Petrópolis,Petrópolis,RJ,,,
blavoura_1960.jpg,"Banco da Lavoura de Minas Gerais, S.A.",1925,,,,Resende,Resende,RJ,,,
blavoura_1960.jpg,"Banco da Lavoura de Minas Gerais, S.A.",1925,,,,São João de Meriti,São João de Meriti,RJ,,,
blavoura_1960.jpg,"Banco da Lavoura de Minas Gerais, S.A.",1925,,,,Teresópolis,Teresópolis,RJ,,,
blavoura_1960.jpg,"Banco da Lavoura de Minas Gerais, S.A.",1925,,,,Volta Redonda,Volta Redonda,RJ,,,
blavoura_1960.jpg,"Banco da Lavoura de Minas Gerais, S.A.",1925,,,,Blumenau,Blumenau,SC,,,
blavoura_1960.jpg,"Banco da Lavoura de Minas Gerais, S.A.",1925,,,,Florianópolis,Florianópolis,SC,,,
blavoura_1960.jpg,"Banco da Lavoura de Minas Gerais, S.A.",1925,,,,Joinville,Joinville,SC,,,
blavoura_1960.jpg,"Banco da Lavoura de Minas Gerais, S.A.",1925,,,,Lajes,Lajes,SC,,,
blavoura_1960.jpg,"Banco da Lavoura de Minas Gerais, S.A.",1925,,,,Andradina,Andradina,SP,,,
blavoura_1960.jpg,"Banco da Lavoura de Minas Gerais, S.A.",1925,,,,Aparecida,Aparecida,SP,,,
blavoura_1960.jpg,"Banco da Lavoura de Minas Gerais, S.A.",1925,,,,Araçatuba,Araçatuba,SP,,,
blavoura_1960.jpg,"Banco da Lavoura de Minas Gerais, S.A.",1925,,,,"Arouche (Urbana, São Paulo)",São Paulo,SP,"Urbana, São Paulo",Arouche,
blavoura_1960.jpg,"Banco da Lavoura de Minas Gerais, S.A.",1925,,,,Barretos,Barretos,SP,,,
blavoura_1960.jpg,"Banco da Lavoura de Minas Gerais, S.A.",1925,,,,Bauru,Bauru,SP,,,
blavoura_1960.jpg,"Banco da Lavoura de Minas Gerais, S.A.",1925,,,,Bragança Paulista,Bragança Paulista,SP,,,
blavoura_1960.jpg,"Banco da Lavoura de Minas Gerais, S.A.",1925,,,,"Braz (Urbana, São Paulo)",São Paulo,SP,"Urbana, São Paulo",Brás,
blavoura_1960.jpg,"Banco da Lavoura de Minas Gerais, S.A.",1925,,,,Caçapava,Caçapava,SP,,,
blavoura_1960.jpg,"Banco da Lavoura de Minas Gerais, S.A.",1925,,,,Camoinas,Camoinas,SP,,,
blavoura_1960.jpg,"Banco da Lavoura de Minas Gerais, S.A.",1925,,,,Campos do Jordão,Campos do Jordão,SP,,,
blavoura_1960.jpg,"Banco da Lavoura de Minas Gerais, S.A.",1925,,,,Catanduva,Catanduva,SP,,,
blavoura_1960.jpg,"Banco da Lavoura de Minas Gerais, S.A.",1925,,,,"Esplanada (Urb., São Paulo)",São Paulo,SP,"Urb., São Paulo",Esplanada,
blavoura_1960.jpg,"Banco da Lavoura de Minas Gerais, S.A.",1925,,,,Fartura,Fartura,SP,,,
blavoura_1960.jpg,"Banco da Lavoura de Minas Gerais, S.A.",1925,,,,General Salgado,General Salgado,SP,,,
blavoura_1960.jpg,"Banco da Lavoura de Minas Gerais, S.A.",1925,,,,Guaira,Guaira,SP,,,
blavoura_1960.jpg,"Banco da Lavoura de Minas Gerais, S.A.",1925,,,,Guará,Guará,SP,,,
blavoura_1960.jpg,"Banco da Lavoura de Minas Gerais, S.A.",1925,,,,Guararapes,Guararapes,SP,,,
blavoura_1960.jpg,"Banco da Lavoura de Minas Gerais, S.A.",1925,,,,Guara lingueta,Guaratinguetá,SP,,,
blavoura_1960.jpg,"Banco da Lavoura de Minas Gerais, S.A.",1925,,,,Igarapava,Igarapava,SP,,,
blavoura_1960.jpg,"Banco da Lavoura de Minas Gerais, S.A.",1925,,,,Ituverava,Ituverava,SP,,,
blavoura_1960.jpg,"Banco da Lavoura de Minas Gerais, S.A.",1925,,,,Jales,Jales,SP,,,
blavoura_1960.jpg,"Banco da Lavoura de Minas Gerais, S.A.",1925,,,,Jardinópolis,Jardinópolis,SP,,,
blavoura_1960.jpg,"Banco da Lavoura de Minas Gerais, S.A.",1925,,,,Joanópolis,Joanópolis,SP,,,
blavoura_1960.jpg,"Banco da Lavoura de Minas Gerais, S.A.",1925,,,,Jundiaí,Jundiaí,SP,,,
blavoura_1960.jpg,"Banco da Lavoura de Minas Gerais, S.A.",1925,,,,"Liberdade (Urbana, São Paulo)",São Paulo,SP,"Urbana, São Paulo",Liberdade,
blavoura_1960.jpg,"Banco da Lavoura de Minas Gerais, S.A.",1925,,,,Limeira,Limeira,SP,,,
blavoura_1960.jpg,"Banco da Lavoura de Minas Gerais, S.A.",1925,,,,"Mal. Deodoro (Urbana, São Paulo)",São Paulo,SP,"Urbana, São Paulo",Mal. Deodoro,
blavoura_1960.jpg,"Banco da Lavoura de Minas Gerais, S.A.",1925,,,,Miguelópolis,Miguelópolis,SP,,,
blavoura_1960.jpg,"Banco da Lavoura de Minas Gerais, S.A.",1925,,,,Osasco,Osasco,SP,,,
blavoura_1960.jpg,"Banco da Lavoura de Minas Gerais, S.A.",1925,,,,Pindamonhagaba,Pindamonhagaba,SP,,,
blavoura_1960.jpg,"Banco da Lavoura de Minas Gerais, S.A.",1925,,,,Piracáia,Piracáia,SP,,,
blavoura_1960.jpg,"Banco da Lavoura de Minas Gerais, S.A.",1925,,,,Piracicaba,Piracicaba,SP,,,
blavoura_1960.jpg,"Banco da Lavoura de Minas Gerais, S.A.",1925,,,,Piraju,Piraju,SP,,,
blavoura_1960.jpg,"Banco da Lavoura de Minas Gerais, S.A.",1925,,,,Ribeirão Prêto,Ribeirão Preto,SP,,,
blavoura_1960.jpg,"Banco da Lavoura de Minas Gerais, S.A.",1925,,,,Santa Fé do Sul,Santa Fé do Sul,SP,,,
blavoura_1960.jpg,"Banco da Lavoura de Minas Gerais, S.A.",1925,,,,"Santana (Urbana, São Paulo)",São Paulo,SP,"Urbana, São Paulo",Santana,
blavoura_1960.jpg,"Banco da Lavoura de Minas Gerais, S.A.",1925,,,,"Santo Amaro (Urbana, São Paulo, Santo André, Santos, São Bento (Urbana, São Paulo), São Bento do Sapucaí, São Carlos, São Joaquim da Barra, São José dos Campos, São José do Rio Prêto, São Manuel, Sertãozinho, Sorocaba, Taubaté, 24 de Maio (Urbana, São Paulo)",São Paulo,SP,"Urbana, São Paulo","Santo Amaro (Urbana, São Paulo, Santo André, Santos, São Bento (Urbana, São Paulo), São Bento do Sapucaí, São Carlos, São Joaquim da Barra, São José dos Campos, São José do Rio Prêto, São Manuel, Sertãozinho, Sorocaba, Taubaté, 24 de Maio",
blavoura_1960.jpg,"Banco da Lavoura de Minas Gerais, S.A.",1925,,,,Aracaju,Aracaju,SE,,,
blavoura_1960.jpg,"Banco da Lavoura de Minas Gerais, S.A.",1925,,,,Brasília,Brasília,DF,,,
blavoura_1960.jpg,"Banco da Lavoura de Minas Gerais, S.A.",1925,,,,"Quadra 306 (Urbana, Brasília)",Brasília,DF,"Urbana, Brasília",Quadra 306,
blavoura_1960.jpg,"Banco da Lavoura de Minas Gerais, S.A.",1925,,,,Macapá,Macapá,AP,,,
bmercantilmg_1960.jpg,"BANCO MERCANTIL DE MINAS GERAIS, S. A.",1941,,,,Matriz: Belo Horizonte,Belo Horizonte,MG,,Matriz; Avenida; Barreiro; Mercado; São José,
bmercantilmg_1960.jpg,"BANCO MERCANTIL DE MINAS GERAIS, S. A.",1941,,,,Filial: Rio de Janeiro,Rio de Janeiro,GB,,Filial; Copacabana,
bmercantilmg_1960.jpg,"BANCO MERCANTIL DE MINAS GERAIS, S. A.",1941,,,,Filial: São Paulo,São Paulo,SP,,Filial,
bmercantilmg_1960.jpg,"BANCO MERCANTIL DE MINAS GERAIS, S. A.",1941,,,,Barbacena,Barbacena,MG,,,
bmercantilmg_1960.jpg,"BANCO MERCANTIL DE MINAS GERAIS, S. A.",1941,,,,Brasília (DF),Brasília,DF,DF,,
bmercantilmg_1960.jpg,"BANCO MERCANTIL DE MINAS GERAIS, S. A.",1941,,,,Canápolis,Canápolis,MG,,,
bmercantilmg_1960.jpg,"BANCO MERCANTIL DE MINAS GERAIS, S. A.",1941,,,,Caratinga,Caratinga,MG,,,
bmercantilmg_1960.jpg,"BANCO MERCANTIL DE MINAS GERAIS, S. A.",1941,,,,Carmo do Cajurú,Carmo do Cajurú,MG,,,
bmercantilmg_1960.jpg,"BANCO MERCANTIL DE MINAS GERAIS, S. A.",1941,,,,Catalão (Goiás),Catalão,MG,Goiás,,
bmercantilmg_1960.jpg,"BANCO MERCANTIL DE MINAS GERAIS, S. A.",1941,,,,Congonhas,Congonhas,MG,,,
bmercantilmg_1960.jpg,"BANCO MERCANTIL DE MINAS GERAIS, S. A.",1941,,,,Conselheiro Latafete,Conselheiro Latafete,MG,,,
bmercantilmg_1960.jpg,"BANCO MERCANTIL DE MINAS GERAIS, S. A.",1941,,,,Codisburgo,Codisburgo,MG,,,
bmercantilmg_1960.jpg,"BANCO MERCANTIL DE MINAS GERAIS, S. A.",1941,,,,Corinto,Corinto,MG,,,
bmercantilmg_1960.jpg,"BANCO MERCANTIL DE MINAS GERAIS, S. A.",1941,,,,Coronel Fabriciano,Coronel Fabriciano,MG,,,
bmercantilmg_1960.jpg,"BANCO MERCANTIL DE MINAS GERAIS, S. A.",1941,,,,Crucilândia,Crucilândia,MG,,,
bmercantilmg_1960.jpg,"BANCO MERCANTIL DE MINAS GERAIS, S. A.",1941,,,,Curvêlo,Curvelo,MG,,,
bmercantilmg_1960.jpg,"BANCO MERCANTIL DE MINAS GERAIS, S. A.",1941,,,,Diamantina,Diamantina,MG,,,
bmercantilmg_1960.jpg,"BANCO MERCANTIL DE MINAS GERAIS, S. A.",1941,,,,Divinópolis,Divinópolis,MG,,,
bmercantilmg_1960.jpg,"BANCO MERCANTIL DE MINAS GERAIS, S. A.",1941,,,,Ervália,Ervália,MG,,,
bmercantilmg_1960.jpg,"BANCO MERCANTIL DE MINAS GERAIS, S. A.",1941,,,,Formiga,Formiga,MG,,,
bmercantilmg_1960.jpg,"BANCO MERCANTIL DE MINAS GERAIS, S. A.",1941,,,,Formosa (Goiás),Formosa,MG,Goiás,,
bmercantilmg_1960.jpg,"BANCO MERCANTIL DE MINAS GERAIS, S. A.",1941,,,,Goiânia,Goiânia,GO,,,
bmercantilmg_1960.jpg,"BANCO MERCANTIL DE MINAS GERAIS, S. A.",1941,,,,(Goiás),,MG,Goiás,,
bmercantilmg_1960.jpg,"BANCO MERCANTIL DE MINAS GERAIS, S. A.",1941,,,,Governador Valadares,Governador Valadares,MG,,,
bmercantilmg_1960.jpg,"BANCO MERCANTIL DE MINAS GERAIS, S. A.",1941,,,,Guapé,Guapé,MG,,,
bmercantilmg_1960.jpg,"BANCO MERCANTIL DE MINAS GERAIS, S. A.",1941,,,,Guaraciaba,Guaraciaba,MG,,,
bmercantilmg_1960.jpg,"BANCO MERCANTIL DE MINAS GERAIS, S. A.",1941,,,,Ipoema,Ipoema,MG,,,
bmercantilmg_1960.jpg,"BANCO MERCANTIL DE MINAS GERAIS, S. A.",1941,,,,Itabira,Itabira,MG,,,
bmercantilmg_1960.jpg,"BANCO MERCANTIL DE MINAS GERAIS, S. A.",1941,,,,Itabirito,Itabirito,MG,,,
bmercantilmg_1960.jpg,"BANCO MERCANTIL DE MINAS GERAIS, S. A.",1941,,,,Itatina,Itatina,MG,,,
bmercantilmg_1960.jpg,"BANCO MERCANTIL DE MINAS GERAIS, S. A.",1941,,,,Jequeri,Jequeri,MG,,,
bmercantilmg_1960.jpg,"BANCO MERCANTIL DE MINAS GERAIS, S. A.",1941,,,,Juiz de Fora,Juiz de Fora,MG,,,
bmercantilmg_1960.jpg,"BANCO MERCANTIL DE MINAS GERAIS, S. A.",1941,,,,Lagoa Formosa,Lagoa Formosa,MG,,,
bmercantilmg_1960.jpg,"BANCO MERCANTIL DE MINAS GERAIS, S. A.",1941,,,,Lavras,Lavras,MG,,,
bmercantilmg_1960.jpg,"BANCO MERCANTIL DE MINAS GERAIS, S. A.",1941,,,,Mateus Leme,Mateus Leme,MG,,,
bmercantilmg_1960.jpg,"BANCO MERCANTIL DE MINAS GERAIS, S. A.",1941,,,,Matosinhos,Matosinhos,MG,,,
bmercantilmg_1960.jpg,"BANCO MERCANTIL DE MINAS GERAIS, S. A.",1941,,,,Nova Era,Nova Era,MG,,,
bmercantilmg_1960.jpg,"BANCO MERCANTIL DE MINAS GERAIS, S. A.",1941,,,,Nova Lima,Nova Lima,MG,,,
bmercantilmg_1960.jpg,"BANCO MERCANTIL DE MINAS GERAIS, S. A.",1941,,,,Pará de Minas,Pará de Minas,MG,,,
bmercantilmg_1960.jpg,"BANCO MERCANTIL DE MINAS GERAIS, S. A.",1941,,,,Paracatu,Paracatu,MG,,,
bmercantilmg_1960.jpg,"BANCO MERCANTIL DE MINAS GERAIS, S. A.",1941,,,,Paraopeba,Paraopeba,MG,,,
bmercantilmg_1960.jpg,"BANCO MERCANTIL DE MINAS GERAIS, S. A.",1941,,,,Patos de Minas,Patos de Minas,MG,,,
bmercantilmg_1960.jpg,"BANCO MERCANTIL DE MINAS GERAIS, S. A.",1941,,,,Pedro Leopoldo,Pedro Leopoldo,MG,,,
bmercantilmg_1960.jpg,"BANCO MERCANTIL DE MINAS GERAIS, S. A.",1941,,,,Piumhi,Piumhi,MG,,,
bmercantilmg_1960.jpg,"BANCO MERCANTIL DE MINAS GERAIS, S. A.",1941,,,,Ponte Nova,Ponte Nova,MG,,,
bmercantilmg_1960.jpg,"BANCO MERCANTIL DE MINAS GERAIS, S. A.",1941,,,,Ribeirão Vermelho,Ribeirão Vermelho,MG,,,
bmercantilmg_1960.jpg,"BANCO MERCANTIL DE MINAS GERAIS, S. A.",1941,,,,Rio Pomba,Rio Pomba,MG,,,
bmercantilmg_1960.jpg,"BANCO MERCANTIL DE MINAS GERAIS, S. A.",1941,,,,Sabará,Sabará,MG,,,
bmercantilmg_1960.jpg,"BANCO MERCANTIL DE MINAS GERAIS, S. A.",1941,,,,Sta. Barbara,Sta. Barbara,MG,,,
bmercantilmg_1960.jpg,"BANCO MERCANTIL DE MINAS GERAIS, S. A.",1941,,,,Santana do Pirapama,Santana do Pirapama,MG,,,
bmercantilmg_1960.jpg,"BANCO MERCANTIL DE MINAS GERAIS, S. A.",1941,,,,Sete Lagoas,Sete Lagoas,MG,,,
bmercantilmg_1960.jpg,"BANCO MERCANTIL DE MINAS GERAIS, S. A.",1941,,,,Teixeiras,Teixeiras,MG,,,
bmercantilmg_1960.jpg,"BANCO MERCANTIL DE MINAS GERAIS, S. A.",1941,,,,Uberlândia,Uberlândia,MG,,,
bmercantilmg_1960.jpg,"BANCO MERCANTIL DE MINAS GERAIS, S. A.",1941,,,,Várzea da Palma,Várzea da Palma,MG,,,
bmercantilmg_1960.jpg,"BANCO MERCANTIL DE MINAS GERAIS, S. A.",1941,,,,510-A | |,510-A | |,MG,,,
bmercantilsp.jpg,BANCO MERCANTIL DE SÃO PAULO S. A.,1938,,"Cr$ 1.000.000.000,00","Cr$ 590.777.228,10",Água Rasa,São Paulo,SP,,Água Rasa,Urban/metropolitan branch location
bmercantilsp.jpg,BANCO MERCANTIL DE SÃO PAULO S. A.,1938,,"Cr$ 1.000.000.000,00","Cr$ 590.777.228,10",Arouche,São Paulo,SP,,Arouche,Urban/metropolitan branch location
bmercantilsp.jpg,BANCO MERCANTIL DE SÃO PAULO S. A.,1938,,"Cr$ 1.000.000.000,00","Cr$ 590.777.228,10",Barra Funda,São Paulo,SP,,Barra Funda,Urban/metropolitan branch location
bmercantilsp.jpg,BANCO MERCANTIL DE SÃO PAULO S. A.,1938,,"Cr$ 1.000.000.000,00","Cr$ 590.777.228,10",Bela Vista,São Paulo,SP,,Bela Vista,Urban/metropolitan branch location
bmercantilsp.jpg,BANCO MERCANTIL DE SÃO PAULO S. A.,1938,,"Cr$ 1.000.000.000,00","Cr$ 590.777.228,10",Belém,São Paulo,PA,,Belém,Urban/metropolitan branch location
bmercantilsp.jpg,BANCO MERCANTIL DE SÃO PAULO S. A.,1938,,"Cr$ 1.000.000.000,00","Cr$ 590.777.228,10",Bom Retiro,São Paulo,SP,,Bom Retiro,Urban/metropolitan branch location
bmercantilsp.jpg,BANCO MERCANTIL DE SÃO PAULO S. A.,1938,,"Cr$ 1.000.000.000,00","Cr$ 590.777.228,10",Brás,São Paulo,SP,,Brás,Urban/metropolitan branch location
bmercantilsp.jpg,BANCO MERCANTIL DE SÃO PAULO S. A.,1938,,"Cr$ 1.000.000.000,00","Cr$ 590.777.228,10",Brooklin Paulista,São Paulo,SP,,Brooklin Paulista,Urban/metropolitan branch location
bmercantilsp.jpg,BANCO MERCANTIL DE SÃO PAULO S. A.,1938,,"Cr$ 1.000.000.000,00","Cr$ 590.777.228,10",Cambuci,São Paulo,SP,,Cambuci,Urban/metropolitan branch location
bmercantilsp.jpg,BANCO MERCANTIL DE SÃO PAULO S. A.,1938,,"Cr$ 1.000.000.000,00","Cr$ 590.777.228,10",Casa Verde,São Paulo,SP,,Casa Verde,Urban/metropolitan branch location
bmercantilsp.jpg,BANCO MERCANTIL DE SÃO PAULO S. A.,1938,,"Cr$ 1.000.000.000,00","Cr$ 590.777.228,10",Indianópolis,São Paulo,SP,,Indianópolis,Urban/metropolitan branch location
bmercantilsp.jpg,BANCO MERCANTIL DE SÃO PAULO S. A.,1938,,"Cr$ 1.000.000.000,00","Cr$ 590.777.228,10",Ipiranga,São Paulo,SP,,Ipiranga,Urban/metropolitan branch location
bmercantilsp.jpg,BANCO MERCANTIL DE SÃO PAULO S. A.,1938,,"Cr$ 1.000.000.000,00","Cr$ 590.777.228,10",Itaim,São Paulo,SP,,Itaim,Urban/metropolitan branch location
bmercantilsp.jpg,BANCO MERCANTIL DE SÃO PAULO S. A.,1938,,"Cr$ 1.000.000.000,00","Cr$ 590.777.228,10",Jabaquara,São Paulo,SP,,Jabaquara,Urban/metropolitan branch location
bmercantilsp.jpg,BANCO MERCANTIL DE SÃO PAULO S. A.,1938,,"Cr$ 1.000.000.000,00","Cr$ 590.777.228,10",Jardim América,São Paulo,SP,,Jardim América,Urban/metropolitan branch location
bmercantilsp.jpg,BANCO MERCANTIL DE SÃO PAULO S. A.,1938,,"Cr$ 1.000.000.000,00","Cr$ 590.777.228,10",Lapa,São Paulo,SP,,Lapa,Urban/metropolitan branch location
bmercantilsp.jpg,BANCO MERCANTIL DE SÃO PAULO S. A.,1938,,"Cr$ 1.000.000.000,00","Cr$ 590.777.228,10",Mercado,São Paulo,SP,,Mercado,Urban/metropolitan branch location
bmercantilsp.jpg,BANCO MERCANTIL DE SÃO PAULO S. A.,1938,,"Cr$ 1.000.000.000,00","Cr$ 590.777.228,10",Mooca,São Paulo,SP,,Mooca,Urban/metropolitan branch location
bmercantilsp.jpg,BANCO MERCANTIL DE SÃO PAULO S. A.,1938,,"Cr$ 1.000.000.000,00","Cr$ 590.777.228,10",Osasco,São Paulo,SP,,Osasco,Urban/metropolitan branch location
bmercantilsp.jpg,BANCO MERCANTIL DE SÃO PAULO S. A.,1938,,"Cr$ 1.000.000.000,00","Cr$ 590.777.228,10",Paraíso,São Paulo,SP,,Paraíso,Urban/metropolitan branch location
bmercantilsp.jpg,BANCO MERCANTIL DE SÃO PAULO S. A.,1938,,"Cr$ 1.000.000.000,00","Cr$ 590.777.228,10",Pari,São Paulo,SP,,Pari,Urban/metropolitan branch location
bmercantilsp.jpg,BANCO MERCANTIL DE SÃO PAULO S. A.,1938,,"Cr$ 1.000.000.000,00","Cr$ 590.777.228,10",Penha,São Paulo,SP,,Penha,Urban/metropolitan branch location
bmercantilsp.jpg,BANCO MERCANTIL DE SÃO PAULO S. A.,1938,,"Cr$ 1.000.000.000,00","Cr$ 590.777.228,10",Pinheiros,São Paulo,SP,,Pinheiros,Urban/metropolitan branch location
bmercantilsp.jpg,BANCO MERCANTIL DE SÃO PAULO S. A.,1938,,"Cr$ 1.000.000.000,00","Cr$ 590.777.228,10",Santa Efigênia,São Paulo,SP,,Santa Efigênia,Urban/metropolitan branch location
bmercantilsp.jpg,BANCO MERCANTIL DE SÃO PAULO S. A.,1938,,"Cr$ 1.000.000.000,00","Cr$ 590.777.228,10",Santana,São Paulo,SP,,Santana,Urban/metropolitan branch location
bmercantilsp.jpg,BANCO MERCANTIL DE SÃO PAULO S. A.,1938,,"Cr$ 1.000.000.000,00","Cr$ 590.777.228,10",Santo Amaro,São Paulo,SP,,Santo Amaro,Urban/metropolitan branch location
bmercantilsp.jpg,BANCO MERCANTIL DE SÃO PAULO S. A.,1938,,"Cr$ 1.000.000.000,00","Cr$ 590.777.228,10",São João,São Paulo,SP,,São João,Urban/metropolitan branch location
bmercantilsp.jpg,BANCO MERCANTIL DE SÃO PAULO S. A.,1938,,"Cr$ 1.000.000.000,00","Cr$ 590.777.228,10",São Miguel Paulista,São Paulo,SP,,São Miguel Paulista,Urban/metropolitan branch location
bmercantilsp.jpg,BANCO MERCANTIL DE SÃO PAULO S. A.,1938,,"Cr$ 1.000.000.000,00","Cr$ 590.777.228,10",Sé,São Paulo,SP,,Sé,Urban/metropolitan branch location
bmercantilsp.jpg,BANCO MERCANTIL DE SÃO PAULO S. A.,1938,,"Cr$ 1.000.000.000,00","Cr$ 590.777.228,10",Tatuapé,São Paulo,SP,,Tatuapé,Urban/metropolitan branch location
bmercantilsp.jpg,BANCO MERCANTIL DE SÃO PAULO S. A.,1938,,"Cr$ 1.000.000.000,00","Cr$ 590.777.228,10",Tucuruvi,São Paulo,SP,,Tucuruvi,Urban/metropolitan branch location
bmercantilsp.jpg,BANCO MERCANTIL DE SÃO PAULO S. A.,1938,,"Cr$ 1.000.000.000,00","Cr$ 590.777.228,10",Vila Carrão,São Paulo,SP,,Vila Carrão,Urban/metropolitan branch location
bmercantilsp.jpg,BANCO MERCANTIL DE SÃO PAULO S. A.,1938,,"Cr$ 1.000.000.000,00","Cr$ 590.777.228,10",Vila Guilherme,São Paulo,SP,,Vila Guilherme,Urban/metropolitan branch location
bmercantilsp.jpg,BANCO MERCANTIL DE SÃO PAULO S. A.,1938,,"Cr$ 1.000.000.000,00","Cr$ 590.777.228,10",Vila Maria,São Paulo,SP,,Vila Maria,Urban/metropolitan branch location
bmercantilsp.jpg,BANCO MERCANTIL DE SÃO PAULO S. A.,1938,,"Cr$ 1.000.000.000,00","Cr$ 590.777.228,10",Vila Mariana,São Paulo,SP,,Vila Mariana,Urban/metropolitan branch location
bmercantilsp.jpg,BANCO MERCANTIL DE SÃO PAULO S. A.,1938,,"Cr$ 1.000.000.000,00","Cr$ 590.777.228,10",Vila Pompéia,São Paulo,SP,,Vila Pompéia,Urban/metropolitan branch location
bmercantilsp.jpg,BANCO MERCANTIL DE SÃO PAULO S. A.,1938,,"Cr$ 1.000.000.000,00","Cr$ 590.777.228,10",Vila Prudente,São Paulo,SP,,Vila Prudente,Urban/metropolitan branch location
bmercantilsp.jpg,BANCO MERCANTIL DE SÃO PAULO S. A.,1938,,"Cr$ 1.000.000.000,00","Cr$ 590.777.228,10",24 de Maio,São Paulo,SP,,24 de Maio,Urban/metropolitan branch location
bmercantilsp.jpg,BANCO MERCANTIL DE SÃO PAULO S. A.,1938,,"Cr$ 1.000.000.000,00","Cr$ 590.777.228,10",25 de Março,São Paulo,SP,,25 de Março,Urban/metropolitan branch location
bmercantilsp.jpg,BANCO MERCANTIL DE SÃO PAULO S. A.,1938,,"Cr$ 1.000.000.000,00","Cr$ 590.777.228,10",**No Interior,São Paulo,SP,,**No Interior,Urban/metropolitan branch location
bmercantilsp.jpg,BANCO MERCANTIL DE SÃO PAULO S. A.,1938,,"Cr$ 1.000.000.000,00","Cr$ 590.777.228,10",** Adamantina,** Adamantina,SP,,,
bmercantilsp.jpg,BANCO MERCANTIL DE SÃO PAULO S. A.,1938,,"Cr$ 1.000.000.000,00","Cr$ 590.777.228,10",Águas da Praia,Águas da Praia,SP,,,
bmercantilsp.jpg,BANCO MERCANTIL DE SÃO PAULO S. A.,1938,,"Cr$ 1.000.000.000,00","Cr$ 590.777.228,10",Americana,Americana,SP,,,
bmercantilsp.jpg,BANCO MERCANTIL DE SÃO PAULO S. A.,1938,,"Cr$ 1.000.000.000,00","Cr$ 590.777.228,10",Angatuba,Angatuba,SP,,,
bmercantilsp.jpg,BANCO MERCANTIL DE SÃO PAULO S. A.,1938,,"Cr$ 1.000.000.000,00","Cr$ 590.777.228,10",Araraquara,Araraquara,SP,,,
bmercantilsp.jpg,BANCO MERCANTIL DE SÃO PAULO S. A.,1938,,"Cr$ 1.000.000.000,00","Cr$ 590.777.228,10",Araras,Araras,SP,,,
bmercantilsp.jpg,BANCO MERCANTIL DE SÃO PAULO S. A.,1938,,"Cr$ 1.000.000.000,00","Cr$ 590.777.228,10",Atibaia,Atibaia,SP,,,
bmercantilsp.jpg,BANCO MERCANTIL DE SÃO PAULO S. A.,1938,,"Cr$ 1.000.000.000,00","Cr$ 590.777.228,10",Avaré,Avaré,SP,,,
bmercantilsp.jpg,BANCO MERCANTIL DE SÃO PAULO S. A.,1938,,"Cr$ 1.000.000.000,00","Cr$ 590.777.228,10",Bariri,Bariri,SP,,,
bmercantilsp.jpg,BANCO MERCANTIL DE SÃO PAULO S. A.,1938,,"Cr$ 1.000.000.000,00","Cr$ 590.777.228,10",Barretos,Barretos,SP,,,
bmercantilsp.jpg,BANCO MERCANTIL DE SÃO PAULO S. A.,1938,,"Cr$ 1.000.000.000,00","Cr$ 590.777.228,10",Bauru,Bauru,SP,,,
bmercantilsp.jpg,BANCO MERCANTIL DE SÃO PAULO S. A.,1938,,"Cr$ 1.000.000.000,00","Cr$ 590.777.228,10",Bebedouro,Bebedouro,SP,,,
bmercantilsp.jpg,BANCO MERCANTIL DE SÃO PAULO S. A.,1938,,"Cr$ 1.000.000.000,00","Cr$ 590.777.228,10",Bernardino de Campos,Bernardino de Campos,SP,,,
bmercantilsp.jpg,BANCO MERCANTIL DE SÃO PAULO S. A.,1938,,"Cr$ 1.000.000.000,00","Cr$ 590.777.228,10",Borborema,Borborema,SP,,,
bmercantilsp.jpg,BANCO MERCANTIL DE SÃO PAULO S. A.,1938,,"Cr$ 1.000.000.000,00","Cr$ 590.777.228,10",Campinas,Campinas,SP,,,
bmercantilsp.jpg,BANCO MERCANTIL DE SÃO PAULO S. A.,1938,,"Cr$ 1.000.000.000,00","Cr$ 590.777.228,10",Campos do Jordão,Campos do Jordão,SP,,,
bmercantilsp.jpg,BANCO MERCANTIL DE SÃO PAULO S. A.,1938,,"Cr$ 1.000.000.000,00","Cr$ 590.777.228,10",Capivari,Capivari,SP,,,
bmercantilsp.jpg,BANCO MERCANTIL DE SÃO PAULO S. A.,1938,,"Cr$ 1.000.000.000,00","Cr$ 590.777.228,10",Catanduva,Catanduva,SP,,,
bmercantilsp.jpg,BANCO MERCANTIL DE SÃO PAULO S. A.,1938,,"Cr$ 1.000.000.000,00","Cr$ 590.777.228,10",Cerqueira César,Cerqueira César,SP,,,
bmercantilsp.jpg,BANCO MERCANTIL DE SÃO PAULO S. A.,1938,,"Cr$ 1.000.000.000,00","Cr$ 590.777.228,10",Chavantes,Chavantes,SP,,,
bmercantilsp.jpg,BANCO MERCANTIL DE SÃO PAULO S. A.,1938,,"Cr$ 1.000.000.000,00","Cr$ 590.777.228,10",Conchas,Conchas,SP,,,
bmercantilsp.jpg,BANCO MERCANTIL DE SÃO PAULO S. A.,1938,,"Cr$ 1.000.000.000,00","Cr$ 590.777.228,10",Dracena,Dracena,SP,,,
bmercantilsp.jpg,BANCO MERCANTIL DE SÃO PAULO S. A.,1938,,"Cr$ 1.000.000.000,00","Cr$ 590.777.228,10",Fartura,Fartura,SP,,,
bmercantilsp.jpg,BANCO MERCANTIL DE SÃO PAULO S. A.,1938,,"Cr$ 1.000.000.000,00","Cr$ 590.777.228,10",Fernandópolis,Fernandópolis,SP,,,
bmercantilsp.jpg,BANCO MERCANTIL DE SÃO PAULO S. A.,1938,,"Cr$ 1.000.000.000,00","Cr$ 590.777.228,10",Garça,Garça,SP,,,
bmercantilsp.jpg,BANCO MERCANTIL DE SÃO PAULO S. A.,1938,,"Cr$ 1.000.000.000,00","Cr$ 590.777.228,10",Guararapes,Guararapes,SP,,,
bmercantilsp.jpg,BANCO MERCANTIL DE SÃO PAULO S. A.,1938,,"Cr$ 1.000.000.000,00","Cr$ 590.777.228,10",Guaratinguetá,Guaratinguetá,SP,,,
bmercantilsp.jpg,BANCO MERCANTIL DE SÃO PAULO S. A.,1938,,"Cr$ 1.000.000.000,00","Cr$ 590.777.228,10",Guarulhos,Guarulhos,SP,,,
bmercantilsp.jpg,BANCO MERCANTIL DE SÃO PAULO S. A.,1938,,"Cr$ 1.000.000.000,00","Cr$ 590.777.228,10",Herculândia,Herculândia,SP,,,
bmercantilsp.jpg,BANCO MERCANTIL DE SÃO PAULO S. A.,1938,,"Cr$ 1.000.000.000,00","Cr$ 590.777.228,10",Ibitinga,Ibitinga,SP,,,
bmercantilsp.jpg,BANCO MERCANTIL DE SÃO PAULO S. A.,1938,,"Cr$ 1.000.000.000,00","Cr$ 590.777.228,10",Indaiatuba,Indaiatuba,SP,,,
bmercantilsp.jpg,BANCO MERCANTIL DE SÃO PAULO S. A.,1938,,"Cr$ 1.000.000.000,00","Cr$ 590.777.228,10",Ipauçu,Ipauçu,SP,,,
bmercantilsp.jpg,BANCO MERCANTIL DE SÃO PAULO S. A.,1938,,"Cr$ 1.000.000.000,00","Cr$ 590.777.228,10",Itajobi,Itajobi,SP,,,
bmercantilsp.jpg,BANCO MERCANTIL DE SÃO PAULO S. A.,1938,,"Cr$ 1.000.000.000,00","Cr$ 590.777.228,10",Itapecerica da Serra,Itapecerica da Serra,SP,,,
bmercantilsp.jpg,BANCO MERCANTIL DE SÃO PAULO S. A.,1938,,"Cr$ 1.000.000.000,00","Cr$ 590.777.228,10",Itapeva,Itapeva,SP,,,
bmercantilsp.jpg,BANCO MERCANTIL DE SÃO PAULO S. A.,1938,,"Cr$ 1.000.000.000,00","Cr$ 590.777.228,10",Itararé,Itararé,SP,,,
bmercantilsp.jpg,BANCO MERCANTIL DE SÃO PAULO S. A.,1938,,"Cr$ 1.000.000.000,00","Cr$ 590.777.228,10",Itú,Itú,SP,,,
bmercantilsp.jpg,BANCO MERCANTIL DE SÃO PAULO S. A.,1938,,"Cr$ 1.000.000.000,00","Cr$ 590.777.228,10",Jacareí,Jacareí,SP,,,
bmercantilsp.jpg,BANCO MERCANTIL DE SÃO PAULO S. A.,1938,,"Cr$ 1.000.000.000,00","Cr$ 590.777.228,10",Jales,Jales,SP,,,
bmercantilsp.jpg,BANCO MERCANTIL DE SÃO PAULO S. A.,1938,,"Cr$ 1.000.000.000,00","Cr$ 590.777.228,10",Jendiaí,Jendiaí,SP,,,
bmercantilsp.jpg,BANCO MERCANTIL DE SÃO PAULO S. A.,1938,,"Cr$ 1.000.000.000,00","Cr$ 590.777.228,10",Leme,Leme,SP,,,
bmercantilsp.jpg,BANCO MERCANTIL DE SÃO PAULO S. A.,1938,,"Cr$ 1.000.000.000,00","Cr$ 590.777.228,10",Limeira,Limeira,SP,,,
bmercantilsp.jpg,BANCO MERCANTIL DE SÃO PAULO S. A.,1938,,"Cr$ 1.000.000.000,00","Cr$ 590.777.228,10",Lins,Lins,SP,,,
bmercantilsp.jpg,BANCO MERCANTIL DE SÃO PAULO S. A.,1938,,"Cr$ 1.000.000.000,00","Cr$ 590.777.228,10",Lorena,Lorena,SP,,,
bmercantilsp.jpg,BANCO MERCANTIL DE SÃO PAULO S. A.,1938,,"Cr$ 1.000.000.000,00","Cr$ 590.777.228,10",Louveira,Louveira,SP,,,
bmercantilsp.jpg,BANCO MERCANTIL DE SÃO PAULO S. A.,1938,,"Cr$ 1.000.000.000,00","Cr$ 590.777.228,10",Manduri,Manduri,SP,,,
bmercantilsp.jpg,BANCO MERCANTIL DE SÃO PAULO S. A.,1938,,"Cr$ 1.000.000.000,00","Cr$ 590.777.228,10",Marília,Marília,SP,,,
bmercantilsp.jpg,BANCO MERCANTIL DE SÃO PAULO S. A.,1938,,"Cr$ 1.000.000.000,00","Cr$ 590.777.228,10",Mirante do Paranapanema,Mirante do Paranapanema,SP,,,
bmercantilsp.jpg,BANCO MERCANTIL DE SÃO PAULO S. A.,1938,,"Cr$ 1.000.000.000,00","Cr$ 590.777.228,10",Mirassol,Mirassol,SP,,,
bmercantilsp.jpg,BANCO MERCANTIL DE SÃO PAULO S. A.,1938,,"Cr$ 1.000.000.000,00","Cr$ 590.777.228,10",Moqi das Cruzes,Mogi das Cruzes,SP,,,
bmercantilsp.jpg,BANCO MERCANTIL DE SÃO PAULO S. A.,1938,,"Cr$ 1.000.000.000,00","Cr$ 590.777.228,10",Moqi-Guaçu,Moqi-Guaçu,SP,,,
bmercantilsp.jpg,BANCO MERCANTIL DE SÃO PAULO S. A.,1938,,"Cr$ 1.000.000.000,00","Cr$ 590.777.228,10",Nhandeara,Nhandeara,SP,,,
bmercantilsp.jpg,BANCO MERCANTIL DE SÃO PAULO S. A.,1938,,"Cr$ 1.000.000.000,00","Cr$ 590.777.228,10",Novo Horizonte,Novo Horizonte,SP,,,
bmercantilsp.jpg,BANCO MERCANTIL DE SÃO PAULO S. A.,1938,,"Cr$ 1.000.000.000,00","Cr$ 590.777.228,10",Olímpia,Olímpia,SP,,,
bmercantilsp.jpg,BANCO MERCANTIL DE SÃO PAULO S. A.,1938,,"Cr$ 1.000.000.000,00","Cr$ 590.777.228,10",Oswaldo Cruz,Oswaldo Cruz,SP,,,
bmercantilsp.jpg,BANCO MERCANTIL DE SÃO PAULO S. A.,1938,,"Cr$ 1.000.000.000,00","Cr$ 590.777.228,10",Ourinhos,Ourinhos,SP,,,
bmercantilsp.jpg,BANCO MERCANTIL DE SÃO PAULO S. A.,1938,,"Cr$ 1.000.000.000,00","Cr$ 590.777.228,10",Palmital,Palmital,SP,,,
bmercantilsp.jpg,BANCO MERCANTIL DE SÃO PAULO S. A.,1938,,"Cr$ 1.000.000.000,00","Cr$ 590.777.228,10",Pedregulho,Pedregulho,SP,,,
bmercantilsp.jpg,BANCO MERCANTIL DE SÃO PAULO S. A.,1938,,"Cr$ 1.000.000.000,00","Cr$ 590.777.228,10",Pindamonhagaba,Pindamonhagaba,SP,,,
bmercantilsp.jpg,BANCO MERCANTIL DE SÃO PAULO S. A.,1938,,"Cr$ 1.000.000.000,00","Cr$ 590.777.228,10",Piracicaba,Piracicaba,SP,,,
bmercantilsp.jpg,BANCO MERCANTIL DE SÃO PAULO S. A.,1938,,"Cr$ 1.000.000.000,00","Cr$ 590.777.228,10",Pirajuí,Pirajuí,SP,,,
bmercantilsp.jpg,BANCO MERCANTIL DE SÃO PAULO S. A.,1938,,"Cr$ 1.000.000.000,00","Cr$ 590.777.228,10",Piratininga,Piratininga,SP,,,
bmercantilsp.jpg,BANCO MERCANTIL DE SÃO PAULO S. A.,1938,,"Cr$ 1.000.000.000,00","Cr$ 590.777.228,10",Pompéia,Pompéia,SP,,,
bmercantilsp.jpg,BANCO MERCANTIL DE SÃO PAULO S. A.,1938,,"Cr$ 1.000.000.000,00","Cr$ 590.777.228,10",Ponqai,Ponqai,SP,,,
bmercantilsp.jpg,BANCO MERCANTIL DE SÃO PAULO S. A.,1938,,"Cr$ 1.000.000.000,00","Cr$ 590.777.228,10",Porto Feliz,Porto Feliz,SP,,,
bmercantilsp.jpg,BANCO MERCANTIL DE SÃO PAULO S. A.,1938,,"Cr$ 1.000.000.000,00","Cr$ 590.777.228,10",Pres,Pres,SP,,,
bmercantilsp.jpg,BANCO MERCANTIL DE SÃO PAULO S. A.,1938,,"Cr$ 1.000.000.000,00","Cr$ 590.777.228,10",Bernardes,Bernardes,SP,,,
bmercantilsp.jpg,BANCO MERCANTIL DE SÃO PAULO S. A.,1938,,"Cr$ 1.000.000.000,00","Cr$ 590.777.228,10",Pres,Pres,SP,,,
bmercantilsp.jpg,BANCO MERCANTIL DE SÃO PAULO S. A.,1938,,"Cr$ 1.000.000.000,00","Cr$ 590.777.228,10",Prudente,Prudente,SP,,,
bmercantilsp.jpg,BANCO MERCANTIL DE SÃO PAULO S. A.,1938,,"Cr$ 1.000.000.000,00","Cr$ 590.777.228,10",Quatá,Quatá,SP,,,
bmercantilsp.jpg,BANCO MERCANTIL DE SÃO PAULO S. A.,1938,,"Cr$ 1.000.000.000,00","Cr$ 590.777.228,10",Quintana,Quintana,SP,,,
bmercantilsp.jpg,BANCO MERCANTIL DE SÃO PAULO S. A.,1938,,"Cr$ 1.000.000.000,00","Cr$ 590.777.228,10",Rancharia,Rancharia,SP,,,
bmercantilsp.jpg,BANCO MERCANTIL DE SÃO PAULO S. A.,1938,,"Cr$ 1.000.000.000,00","Cr$ 590.777.228,10",Ribeirão Preto,Ribeirão Preto,SP,,,
bmercantilsp.jpg,BANCO MERCANTIL DE SÃO PAULO S. A.,1938,,"Cr$ 1.000.000.000,00","Cr$ 590.777.228,10",Rinópolis,Rinópolis,SP,,,
bmercantilsp.jpg,BANCO MERCANTIL DE SÃO PAULO S. A.,1938,,"Cr$ 1.000.000.000,00","Cr$ 590.777.228,10",Rio Claro,Rio Claro,SP,,,
bmercantilsp.jpg,BANCO MERCANTIL DE SÃO PAULO S. A.,1938,,"Cr$ 1.000.000.000,00","Cr$ 590.777.228,10",Salto,Salto,SP,,,
bmercantilsp.jpg,BANCO MERCANTIL DE SÃO PAULO S. A.,1938,,"Cr$ 1.000.000.000,00","Cr$ 590.777.228,10",Santa Bárbara,Santa Bárbara,SP,,,
bmercantilsp.jpg,BANCO MERCANTIL DE SÃO PAULO S. A.,1938,,"Cr$ 1.000.000.000,00","Cr$ 590.777.228,10",d'Oeste,d'Oeste,SP,,,
bmercantilsp.jpg,BANCO MERCANTIL DE SÃO PAULO S. A.,1938,,"Cr$ 1.000.000.000,00","Cr$ 590.777.228,10",Santa Cruz do Rio Pardo,Santa Cruz do Rio Pardo,SP,,,
bmercantilsp.jpg,BANCO MERCANTIL DE SÃO PAULO S. A.,1938,,"Cr$ 1.000.000.000,00","Cr$ 590.777.228,10",Santo Anastácio,Santo Anastácio,SP,,,
bmercantilsp.jpg,BANCO MERCANTIL DE SÃO PAULO S. A.,1938,,"Cr$ 1.000.000.000,00","Cr$ 590.777.228,10",Santo André,Santo André,SP,,,
bmercantilsp.jpg,BANCO MERCANTIL DE SÃO PAULO S. A.,1938,,"Cr$ 1.000.000.000,00","Cr$ 590.777.228,10",Santos,Santos,SP,,,
bmercantilsp.jpg,BANCO MERCANTIL DE SÃO PAULO S. A.,1938,,"Cr$ 1.000.000.000,00","Cr$ 590.777.228,10",São Bernardo do Campo,São Bernardo do Campo,SP,,,
bmercantilsp.jpg,BANCO MERCANTIL DE SÃO PAULO S. A.,1938,,"Cr$ 1.000.000.000,00","Cr$ 590.777.228,10",São Caetano do Sul,São Caetano do Sul,SP,,,
bmercantilsp.jpg,BANCO MERCANTIL DE SÃO PAULO S. A.,1938,,"Cr$ 1.000.000.000,00","Cr$ 590.777.228,10",São Carlos,São Carlos,SP,,,
bmercantilsp.jpg,BANCO MERCANTIL DE SÃO PAULO S. A.,1938,,"Cr$ 1.000.000.000,00","Cr$ 590.777.228,10",São João da Boa Vista,São João da Boa Vista,SP,,,
bmercantilsp.jpg,BANCO MERCANTIL DE SÃO PAULO S. A.,1938,,"Cr$ 1.000.000.000,00","Cr$ 590.777.228,10",São José dos Campos,São José dos Campos,SP,,,
bmercantilsp.jpg,BANCO MERCANTIL DE SÃO PAULO S. A.,1938,,"Cr$ 1.000.000.000,00","Cr$ 590.777.228,10",São José do Rio Preto,São José do Rio Preto,SP,,,
bmercantilsp.jpg,BANCO MERCANTIL DE SÃO PAULO S. A.,1938,,"Cr$ 1.000.000.000,00","Cr$ 590.777.228,10",Sertãozinho,Sertãozinho,SP,,,
bmercantilsp.jpg,BANCO MERCANTIL DE SÃO PAULO S. A.,1938,,"Cr$ 1.000.000.000,00","Cr$ 590.777.228,10",Sorocaba,Sorocaba,SP,,,
bmercantilsp.jpg,BANCO MERCANTIL DE SÃO PAULO S. A.,1938,,"Cr$ 1.000.000.000,00","Cr$ 590.777.228,10",Suzano,Suzano,SP,,,
bmercantilsp.jpg,BANCO MERCANTIL DE SÃO PAULO S. A.,1938,,"Cr$ 1.000.000.000,00","Cr$ 590.777.228,10",Taquarituba,Taquarituba,SP,,,
bmercantilsp.jpg,BANCO MERCANTIL DE SÃO PAULO S. A.,1938,,"Cr$ 1.000.000.000,00","Cr$ 590.777.228,10",Tupã,Tupã,SP,,,
bmercantilsp.jpg,BANCO MERCANTIL DE SÃO PAULO S. A.,1938,,"Cr$ 1.000.000.000,00","Cr$ 590.777.228,10",Tupi Paulista,Tupi Paulista,SP,,,
bmercantilsp.jpg,BANCO MERCANTIL DE SÃO PAULO S. A.,1938,,"Cr$ 1.000.000.000,00","Cr$ 590.777.228,10",Vera Cruz,Vera Cruz,SP,,,
bmercantilsp.jpg,BANCO MERCANTIL DE SÃO PAULO S. A.,1938,,"Cr$ 1.000.000.000,00","Cr$ 590.777.228,10",**,**,SP,,,
bmercantilsp.jpg,BANCO MERCANTIL DE SÃO PAULO S. A.,1938,,"Cr$ 1.000.000.000,00","Cr$ 590.777.228,10",):** Central,Rio de Janeiro,GB,,):** Central,Urban/metropolitan branch location
bmercantilsp.jpg,BANCO MERCANTIL DE SÃO PAULO S. A.,1938,,"Cr$ 1.000.000.000,00","Cr$ 590.777.228,10",Castelo,Rio de Janeiro,GB,,Castelo,Urban/metropolitan branch location
bmercantilsp.jpg,BANCO MERCANTIL DE SÃO PAULO S. A.,1938,,"Cr$ 1.000.000.000,00","Cr$ 590.777.228,10",Leme,Rio de Janeiro,GB,,Leme,Urban/metropolitan branch location
bmercantilsp.jpg,BANCO MERCANTIL DE SÃO PAULO S. A.,1938,,"Cr$ 1.000.000.000,00","Cr$ 590.777.228,10",Regente Feijó,Rio de Janeiro,GB,,Regente Feijó,Urban/metropolitan branch location
bmercantilsp.jpg,BANCO MERCANTIL DE SÃO PAULO S. A.,1938,,"Cr$ 1.000.000.000,00","Cr$ 590.777.228,10",São Cristóvão,Rio de Janeiro,GB,,São Cristóvão,Urban/metropolitan branch location
bmercantilsp.jpg,BANCO MERCANTIL DE SÃO PAULO S. A.,1938,,"Cr$ 1.000.000.000,00","Cr$ 590.777.228,10",**,Rio de Janeiro,GB,,**,Urban/metropolitan branch location
bmercantilsp.jpg,BANCO MERCANTIL DE SÃO PAULO S. A.,1938,,"Cr$ 1.000.000.000,00","Cr$ 590.777.228,10",** Alvorada do Sul,** Alvorada do Sul,PR,,,
bmercantilsp.jpg,BANCO MERCANTIL DE SÃO PAULO S. A.,1938,,"Cr$ 1.000.000.000,00","Cr$ 590.777.228,10",Apucarana,Apucarana,PR,,,
bmercantilsp.jpg,BANCO MERCANTIL DE SÃO PAULO S. A.,1938,,"Cr$ 1.000.000.000,00","Cr$ 590.777.228,10",Arapongas,Arapongas,PR,,,
bmercantilsp.jpg,BANCO MERCANTIL DE SÃO PAULO S. A.,1938,,"Cr$ 1.000.000.000,00","Cr$ 590.777.228,10",Astorga,Astorga,PR,,,
bmercantilsp.jpg,BANCO MERCANTIL DE SÃO PAULO S. A.,1938,,"Cr$ 1.000.000.000,00","Cr$ 590.777.228,10",Cambará,Cambará,PR,,,
bmercantilsp.jpg,BANCO MERCANTIL DE SÃO PAULO S. A.,1938,,"Cr$ 1.000.000.000,00","Cr$ 590.777.228,10",Cambé,Cambé,PR,,,
bmercantilsp.jpg,BANCO MERCANTIL DE SÃO PAULO S. A.,1938,,"Cr$ 1.000.000.000,00","Cr$ 590.777.228,10",Cianorte,Cianorte,PR,,,
bmercantilsp.jpg,BANCO MERCANTIL DE SÃO PAULO S. A.,1938,,"Cr$ 1.000.000.000,00","Cr$ 590.777.228,10",Colorado,Colorado,PR,,,
bmercantilsp.jpg,BANCO MERCANTIL DE SÃO PAULO S. A.,1938,,"Cr$ 1.000.000.000,00","Cr$ 590.777.228,10",Cornélio Procópio,Cornélio Procópio,PR,,,
bmercantilsp.jpg,BANCO MERCANTIL DE SÃO PAULO S. A.,1938,,"Cr$ 1.000.000.000,00","Cr$ 590.777.228,10",Cruzeiro do Oeste,Cruzeiro do Oeste,PR,,,
bmercantilsp.jpg,BANCO MERCANTIL DE SÃO PAULO S. A.,1938,,"Cr$ 1.000.000.000,00","Cr$ 590.777.228,10",Curitiba,Curitiba,PR,,,
bmercantilsp.jpg,BANCO MERCANTIL DE SÃO PAULO S. A.,1938,,"Cr$ 1.000.000.000,00","Cr$ 590.777.228,10",Ivaiporã,Ivaiporã,PR,,,
bmercantilsp.jpg,BANCO MERCANTIL DE SÃO PAULO S. A.,1938,,"Cr$ 1.000.000.000,00","Cr$ 590.777.228,10",Jandaia do Sul,Jandaia do Sul,PR,,,
bmercantilsp.jpg,BANCO MERCANTIL DE SÃO PAULO S. A.,1938,,"Cr$ 1.000.000.000,00","Cr$ 590.777.228,10",Londrina,Londrina,PR,,,
bmercantilsp.jpg,BANCO MERCANTIL DE SÃO PAULO S. A.,1938,,"Cr$ 1.000.000.000,00","Cr$ 590.777.228,10",Mandaguaçu,Mandaguaçu,PR,,,
bmercantilsp.jpg,BANCO MERCANTIL DE SÃO PAULO S. A.,1938,,"Cr$ 1.000.000.000,00","Cr$ 590.777.228,10",Mandaquarií Marialva,Mandaguari,PR,,,
bmercantilsp.jpg,BANCO MERCANTIL DE SÃO PAULO S. A.,1938,,"Cr$ 1.000.000.000,00","Cr$ 590.777.228,10",Maringá,Maringá,PR,,,
bmercantilsp.jpg,BANCO MERCANTIL DE SÃO PAULO S. A.,1938,,"Cr$ 1.000.000.000,00","Cr$ 590.777.228,10",Nova Esperança,Nova Esperança,PR,,,
bmercantilsp.jpg,BANCO MERCANTIL DE SÃO PAULO S. A.,1938,,"Cr$ 1.000.000.000,00","Cr$ 590.777.228,10",Paranaguá,Paranaguá,PR,,,
bmercantilsp.jpg,BANCO MERCANTIL DE SÃO PAULO S. A.,1938,,"Cr$ 1.000.000.000,00","Cr$ 590.777.228,10",Ponta Grossa,Ponta Grossa,PR,,,
bmercantilsp.jpg,BANCO MERCANTIL DE SÃO PAULO S. A.,1938,,"Cr$ 1.000.000.000,00","Cr$ 590.777.228,10",Primeiro de Maio,Primeiro de Maio,PR,,,
bmercantilsp.jpg,BANCO MERCANTIL DE SÃO PAULO S. A.,1938,,"Cr$ 1.000.000.000,00","Cr$ 590.777.228,10",Rolândia,Rolândia,PR,,,
bmercantilsp.jpg,BANCO MERCANTIL DE SÃO PAULO S. A.,1938,,"Cr$ 1.000.000.000,00","Cr$ 590.777.228,10",Santa Fé,Santa Fé,PR,,,
bmercantilsp.jpg,BANCO MERCANTIL DE SÃO PAULO S. A.,1938,,"Cr$ 1.000.000.000,00","Cr$ 590.777.228,10",São Jorge,São Jorge,PR,,,
bmercantilsp.jpg,BANCO MERCANTIL DE SÃO PAULO S. A.,1938,,"Cr$ 1.000.000.000,00","Cr$ 590.777.228,10",Umuarama,Umuarama,PR,,,
bmercantilsp.jpg,BANCO MERCANTIL DE SÃO PAULO S. A.,1938,,"Cr$ 1.000.000.000,00","Cr$ 590.777.228,10",**,**,PR,,,
bmercantilsp.jpg,BANCO MERCANTIL DE SÃO PAULO S. A.,1938,,"Cr$ 1.000.000.000,00","Cr$ 590.777.228,10",** Niterói,** Niterói,RJ,,,
bmercantilsp.jpg,BANCO MERCANTIL DE SÃO PAULO S. A.,1938,,"Cr$ 1.000.000.000,00","Cr$ 590.777.228,10",**,**,RJ,,,
bmercantilsp.jpg,BANCO MERCANTIL DE SÃO PAULO S. A.,1938,,"Cr$ 1.000.000.000,00","Cr$ 590.777.228,10",** Porto Alegre,** Porto Alegre,RS,,,
bmercantilsp.jpg,BANCO MERCANTIL DE SÃO PAULO S. A.,1938,,"Cr$ 1.000.000.000,00","Cr$ 590.777.228,10",**,**,RS,,,
bmercantilsp.jpg,BANCO MERCANTIL DE SÃO PAULO S. A.,1938,,"Cr$ 1.000.000.000,00","Cr$ 590.777.228,10",** Joinville,** Joinville,SC,,,
bmg.jpg,BANCO DE MINAS GERAIS S. A.,1930,,,,Abaeté,Abaeté,MG,,,
bmg.jpg,BANCO DE MINAS GERAIS S. A.,1930,,,,Araxá,Araxá,MG,,,
bmg.jpg,BANCO DE MINAS GERAIS S. A.,1930,,,,Arcos,Arcos,MG,,,
bmg.jpg,BANCO DE MINAS GERAIS S. A.,1930,,,,Astolfo Dutra,Astolfo Dutra,MG,,,
bmg.jpg,BANCO DE MINAS GERAIS S. A.,1930,,,,Bambuí,Bambuí,MG,,,
bmg.jpg,BANCO DE MINAS GERAIS S. A.,1930,,,,Barbacena,Barbacena,MG,,,
bmg.jpg,BANCO DE MINAS GERAIS S. A.,1930,,,,Belo Vale,Belo Vale,MG,,,
bmg.jpg,BANCO DE MINAS GERAIS S. A.,1930,,,,Benfica (Juiz de Fora),Juiz de Fora,MG,Juiz de Fora,Benfica,
bmg.jpg,BANCO DE MINAS GERAIS S. A.,1930,,,,Boa Esperança,Boa Esperança,MG,,,
bmg.jpg,BANCO DE MINAS GERAIS S. A.,1930,,,,Bom Despacho,Bom Despacho,MG,,,
bmg.jpg,BANCO DE MINAS GERAIS S. A.,1930,,,,Bom Sucesso,Bom Sucesso,MG,,,
bmg.jpg,BANCO DE MINAS GERAIS S. A.,1930,,,,Bonfim,Bonfim,MG,,,
bmg.jpg,BANCO DE MINAS GERAIS S. A.,1930,,,,Campos Altos,Campos Altos,MG,,,
bmg.jpg,BANCO DE MINAS GERAIS S. A.,1930,,,,Carmo do Paranaíba,Carmo do Paranaíba,MG,,,
bmg.jpg,BANCO DE MINAS GERAIS S. A.,1930,,,,Carmópolis de Minas,Carmópolis de Minas,MG,,,
bmg.jpg,BANCO DE MINAS GERAIS S. A.,1930,,,,Conselheiro Lafaiete,Conselheiro Lafaiete,MG,,,
bmg.jpg,BANCO DE MINAS GERAIS S. A.,1930,,,,Conselheiro Pena,Conselheiro Pena,MG,,,
bmg.jpg,BANCO DE MINAS GERAIS S. A.,1930,,,,Coração de Jesus,Coração de Jesus,MG,,,
bmg.jpg,BANCO DE MINAS GERAIS S. A.,1930,,,,Cordisburgo,Cordisburgo,MG,,,
bmg.jpg,BANCO DE MINAS GERAIS S. A.,1930,,,,Cristiano Otoni,Cristiano Otoni,MG,,,
bmg.jpg,BANCO DE MINAS GERAIS S. A.,1930,,,,Divinópolis,Divinópolis,MG,,,
bmg.jpg,BANCO DE MINAS GERAIS S. A.,1930,,,,Dom Silvério,Dom Silvério,MG,,,
bmg.jpg,BANCO DE MINAS GERAIS S. A.,1930,,,,Dores do Indaiá,Dores do Indaiá,MG,,,
bmg.jpg,BANCO DE MINAS GERAIS S. A.,1930,,,,Dores do Turvo Ervália,Dores do Turvo Ervália,MG,,,
bmg.jpg,BANCO DE MINAS GERAIS S. A.,1930,,,,Formiga,Formiga,MG,,,
bmg.jpg,BANCO DE MINAS GERAIS S. A.,1930,,,,Governador Valadares,Governador Valadares,MG,,,
bmg.jpg,BANCO DE MINAS GERAIS S. A.,1930,,,,Ibiá,Ibiá,MG,,,
bmg.jpg,BANCO DE MINAS GERAIS S. A.,1930,,,,Iquatama,Iquatama,MG,,,
bmg.jpg,BANCO DE MINAS GERAIS S. A.,1930,,,,Itabira,Itabira,MG,,,
bmg.jpg,BANCO DE MINAS GERAIS S. A.,1930,,,,Itabirito,Itabirito,MG,,,
bmg.jpg,BANCO DE MINAS GERAIS S. A.,1930,,,,Itaguara,Itaguara,MG,,,
bmg.jpg,BANCO DE MINAS GERAIS S. A.,1930,,,,Itaúna,Itaúna,MG,,,
bmg.jpg,BANCO DE MINAS GERAIS S. A.,1930,,,,Ituiutaba,Ituiutaba,MG,,,
bmg.jpg,BANCO DE MINAS GERAIS S. A.,1930,,,,Itumirim,Itumirim,MG,,,
bmg.jpg,BANCO DE MINAS GERAIS S. A.,1930,,,,Jequeri,Jequeri,MG,,,
bmg.jpg,BANCO DE MINAS GERAIS S. A.,1930,,,,Juiz de Fora (Filial),Juiz de Fora,MG,Filial,,
bmg.jpg,BANCO DE MINAS GERAIS S. A.,1930,,,,Lagoa da Prata,Lagoa da Prata,MG,,,
bmg.jpg,BANCO DE MINAS GERAIS S. A.,1930,,,,Lavras,Lavras,MG,,,
bmg.jpg,BANCO DE MINAS GERAIS S. A.,1930,,,,Luz,Luz,MG,,,
bmg.jpg,BANCO DE MINAS GERAIS S. A.,1930,,,,Mantena,Mantena,MG,,,
bmg.jpg,BANCO DE MINAS GERAIS S. A.,1930,,,,Mariana,Mariana,MG,,,
bmg.jpg,BANCO DE MINAS GERAIS S. A.,1930,,,,Montes Claros,Montes Claros,MG,,,
bmg.jpg,BANCO DE MINAS GERAIS S. A.,1930,,,,Nepomuceno,Nepomuceno,MG,,,
bmg.jpg,BANCO DE MINAS GERAIS S. A.,1930,,,,Nova Ponte,Nova Ponte,MG,,,
bmg.jpg,BANCO DE MINAS GERAIS S. A.,1930,,,,Oliveira,Oliveira,MG,,,
bmg.jpg,BANCO DE MINAS GERAIS S. A.,1930,,,,Pains,Pains,MG,,,
bmg.jpg,BANCO DE MINAS GERAIS S. A.,1930,,,,Pará de Minas,Pará de Minas,MG,,,
bmg.jpg,BANCO DE MINAS GERAIS S. A.,1930,,,,Patos de Minas,Patos de Minas,MG,,,
bmg.jpg,BANCO DE MINAS GERAIS S. A.,1930,,,,Patrocínio,Patrocínio,MG,,,
bmg.jpg,BANCO DE MINAS GERAIS S. A.,1930,,,,Perdões,Perdões,MG,,,
bmg.jpg,BANCO DE MINAS GERAIS S. A.,1930,,,,Piracema,Piracema,MG,,,
bmg.jpg,BANCO DE MINAS GERAIS S. A.,1930,,,,Piranga,Piranga,MG,,,
bmg.jpg,BANCO DE MINAS GERAIS S. A.,1930,,,,Pirapora,Pirapora,MG,,,
bmg.jpg,BANCO DE MINAS GERAIS S. A.,1930,,,,Pium-I,Pium-I,MG,,,
bmg.jpg,BANCO DE MINAS GERAIS S. A.,1930,,,,Pompeu,Pompeu,MG,,,
bmg.jpg,BANCO DE MINAS GERAIS S. A.,1930,,,,Ponte Nova,Ponte Nova,MG,,,
bmg.jpg,BANCO DE MINAS GERAIS S. A.,1930,,,,Rezende Costa,Rezende Costa,MG,,,
bmg.jpg,BANCO DE MINAS GERAIS S. A.,1930,,,,Rio Casca,Rio Casca,MG,,,
bmg.jpg,BANCO DE MINAS GERAIS S. A.,1930,,,,Rio Espera,Rio Espera,MG,,,
bmg.jpg,BANCO DE MINAS GERAIS S. A.,1930,,,,Rio Novo,Rio Novo,MG,,,
bmg.jpg,BANCO DE MINAS GERAIS S. A.,1930,,,,Rio Piracicaba,Rio Piracicaba,MG,,,
bmg.jpg,BANCO DE MINAS GERAIS S. A.,1930,,,,Salinas,Salinas,MG,,,
bmg.jpg,BANCO DE MINAS GERAIS S. A.,1930,,,,Santa Juliana,Santa Juliana,MG,,,
bmg.jpg,BANCO DE MINAS GERAIS S. A.,1930,,,,Santo António do Monte,Santo Antônio do Monte,MG,,,
bmg.jpg,BANCO DE MINAS GERAIS S. A.,1930,,,,Santos Dumont,Santos Dumont,MG,,,
bmg.jpg,BANCO DE MINAS GERAIS S. A.,1930,,,,São Gonçalo do Pará,São Gonçalo do Pará,MG,,,
bmg.jpg,BANCO DE MINAS GERAIS S. A.,1930,,,,São Gotardo,São Gotardo,MG,,,
bmg.jpg,BANCO DE MINAS GERAIS S. A.,1930,,,,São João Del Rei,São João Del Rei,MG,,,
bmg.jpg,BANCO DE MINAS GERAIS S. A.,1930,,,,São Tiago,São Tiago,MG,,,
bmg.jpg,BANCO DE MINAS GERAIS S. A.,1930,,,,São Vicente de Minas,São Vicente de Minas,MG,,,
bmg.jpg,BANCO DE MINAS GERAIS S. A.,1930,,,,Sete Lagoas,Sete Lagoas,MG,,,
bmg.jpg,BANCO DE MINAS GERAIS S. A.,1930,,,,Teófilo Otoni,Teófilo Otoni,MG,,,
bmg.jpg,BANCO DE MINAS GERAIS S. A.,1930,,,,Três Corações,Três Corações,MG,,,
bmg.jpg,BANCO DE MINAS GERAIS S. A.,1930,,,,Ubá,Ubá,MG,,,
bmg.jpg,BANCO DE MINAS GERAIS S. A.,1930,,,,Uberaba,Uberaba,MG,,,
bmg.jpg,BANCO DE MINAS GERAIS S. A.,1930,,,,Uberlândia,Uberlândia,MG,,,
bmg.jpg,BANCO DE MINAS GERAIS S. A.,1930,,,,Varginha,Varginha,MG,,,
bmg.jpg,BANCO DE MINAS GERAIS S. A.,1930,,,,Rio de Janeiro (Filial),Rio de Janeiro,GB,Filial,Rio de Janeiro,Urban/metropolitan branch location
bmg.jpg,BANCO DE MINAS GERAIS S. A.,1930,,,,Bandeira,Rio de Janeiro,GB,,Bandeira,Urban/metropolitan branch location
bmg.jpg,BANCO DE MINAS GERAIS S. A.,1930,,,,Bangu,Rio de Janeiro,GB,,Bangu,Urban/metropolitan branch location
bmg.jpg,BANCO DE MINAS GERAIS S. A.,1930,,,,Castelo,Rio de Janeiro,GB,,Castelo,Urban/metropolitan branch location
bmg.jpg,BANCO DE MINAS GERAIS S. A.,1930,,,,Copacabana,Rio de Janeiro,GB,,Copacabana,Urban/metropolitan branch location
bmg.jpg,BANCO DE MINAS GERAIS S. A.,1930,,,,Ipanema,Rio de Janeiro,GB,,Ipanema,Urban/metropolitan branch location
bmg.jpg,BANCO DE MINAS GERAIS S. A.,1930,,,,São Cristóvão,Rio de Janeiro,GB,,São Cristóvão,Urban/metropolitan branch location
bmg.jpg,BANCO DE MINAS GERAIS S. A.,1930,,,,São Paulo (Filial),São Paulo,SP,Filial,,
bmg.jpg,BANCO DE MINAS GERAIS S. A.,1930,,,,Santos,Santos,SP,,,
bmg.jpg,BANCO DE MINAS GERAIS S. A.,1930,,,,Niterói,Niterói,RJ,,,
bmg.jpg,BANCO DE MINAS GERAIS S. A.,1930,,,,Nova Iguaçu,Nova Iguaçu,RJ,,,
bmg.jpg,BANCO DE MINAS GERAIS S. A.,1930,,,,Petrópolis,Petrópolis,RJ,,,
bmg.jpg,BANCO DE MINAS GERAIS S. A.,1930,,,,Valença,Valença,RJ,,,
bmg.jpg,BANCO DE MINAS GERAIS S. A.,1930,,,,Morrinhos,Morrinhos,GO,,,
bmg.jpg,BANCO DE MINAS GERAIS S. A.,1930,,,,Brasília,Brasília,DF,,,
bmoreirasalles.jpg,BANCO MOREIRA SALLES S. A.,1924,,,"Cr$ 471.423.564,30",Matriz: Poços de Caldas,Poços de Caldas,MG,,Matriz,
bmoreirasalles.jpg,BANCO MOREIRA SALLES S. A.,1924,,,"Cr$ 471.423.564,30",Sucursal: São Paulo,São Paulo,SP,,Sucursal,
bmoreirasalles.jpg,BANCO MOREIRA SALLES S. A.,1924,,,"Cr$ 471.423.564,30",Sucursal: Belo Horizonte,Belo Horizonte,MG,,Sucursal,
bmoreirasalles.jpg,BANCO MOREIRA SALLES S. A.,1924,,,"Cr$ 471.423.564,30",Sucursal: Santos,Santos,SP,,Sucursal,
bmoreirasalles.jpg,BANCO MOREIRA SALLES S. A.,1924,,,"Cr$ 471.423.564,30",Adamantina,Adamantina,SP,,,
bmoreirasalles.jpg,BANCO MOREIRA SALLES S. A.,1924,,,"Cr$ 471.423.564,30",Amparo,Amparo,SP,,,
bmoreirasalles.jpg,BANCO MOREIRA SALLES S. A.,1924,,,"Cr$ 471.423.564,30",Aparecida,Aparecida,SP,,,
bmoreirasalles.jpg,BANCO MOREIRA SALLES S. A.,1924,,,"Cr$ 471.423.564,30",Araraquara,Araraquara,SP,,,
bmoreirasalles.jpg,BANCO MOREIRA SALLES S. A.,1924,,,"Cr$ 471.423.564,30",Araras,Araras,SP,,,
bmoreirasalles.jpg,BANCO MOREIRA SALLES S. A.,1924,,,"Cr$ 471.423.564,30",Avaré,Avaré,SP,,,
bmoreirasalles.jpg,BANCO MOREIRA SALLES S. A.,1924,,,"Cr$ 471.423.564,30",Bariri,Bariri,SP,,,
bmoreirasalles.jpg,BANCO MOREIRA SALLES S. A.,1924,,,"Cr$ 471.423.564,30",Barretos,Barretos,SP,,,
bmoreirasalles.jpg,BANCO MOREIRA SALLES S. A.,1924,,,"Cr$ 471.423.564,30",Bauru,Bauru,SP,,,
bmoreirasalles.jpg,BANCO MOREIRA SALLES S. A.,1924,,,"Cr$ 471.423.564,30",Bebedouro,Bebedouro,SP,,,
bmoreirasalles.jpg,BANCO MOREIRA SALLES S. A.,1924,,,"Cr$ 471.423.564,30",Botucatu,Botucatu,SP,,,
bmoreirasalles.jpg,BANCO MOREIRA SALLES S. A.,1924,,,"Cr$ 471.423.564,30",Botucatu,Botucatu,SP,,,
bmoreirasalles.jpg,BANCO MOREIRA SALLES S. A.,1924,,,"Cr$ 471.423.564,30",Vila dos Lavradores,Botucatu,SP,,,
bmoreirasalles.jpg,BANCO MOREIRA SALLES S. A.,1924,,,"Cr$ 471.423.564,30",Bragança Paulista,Bragança Paulista,SP,,,
bmoreirasalles.jpg,BANCO MOREIRA SALLES S. A.,1924,,,"Cr$ 471.423.564,30",Caçapava,Caçapava,SP,,,
bmoreirasalles.jpg,BANCO MOREIRA SALLES S. A.,1924,,,"Cr$ 471.423.564,30",Campinas,Campinas,SP,,,
bmoreirasalles.jpg,BANCO MOREIRA SALLES S. A.,1924,,,"Cr$ 471.423.564,30",Campinas,Campinas,SP,,,
bmoreirasalles.jpg,BANCO MOREIRA SALLES S. A.,1924,,,"Cr$ 471.423.564,30",Treze de Maio,Treze de Maio,SP,,,
bmoreirasalles.jpg,BANCO MOREIRA SALLES S. A.,1924,,,"Cr$ 471.423.564,30",Casa Branca,Casa Branca,SP,,,
bmoreirasalles.jpg,BANCO MOREIRA SALLES S. A.,1924,,,"Cr$ 471.423.564,30",Catanduva,Catanduva,SP,,,
bmoreirasalles.jpg,BANCO MOREIRA SALLES S. A.,1924,,,"Cr$ 471.423.564,30",Cedral,Cedral,SP,,,
bmoreirasalles.jpg,BANCO MOREIRA SALLES S. A.,1924,,,"Cr$ 471.423.564,30",Colina,Colina,SP,,,
bmoreirasalles.jpg,BANCO MOREIRA SALLES S. A.,1924,,,"Cr$ 471.423.564,30",Cruzeiro,Cruzeiro,SP,,,
bmoreirasalles.jpg,BANCO MOREIRA SALLES S. A.,1924,,,"Cr$ 471.423.564,30",Descalvado,Descalvado,SP,,,
bmoreirasalles.jpg,BANCO MOREIRA SALLES S. A.,1924,,,"Cr$ 471.423.564,30",Duartina,Duartina,SP,,,
bmoreirasalles.jpg,BANCO MOREIRA SALLES S. A.,1924,,,"Cr$ 471.423.564,30",Fernandópolis,Fernandópolis,SP,,,
bmoreirasalles.jpg,BANCO MOREIRA SALLES S. A.,1924,,,"Cr$ 471.423.564,30",Franca,Franca,SP,,,
bmoreirasalles.jpg,BANCO MOREIRA SALLES S. A.,1924,,,"Cr$ 471.423.564,30",Guaratingueia,Guaratinguetá,SP,,,
bmoreirasalles.jpg,BANCO MOREIRA SALLES S. A.,1924,,,"Cr$ 471.423.564,30",Guarujá,Guarujá,SP,,,
bmoreirasalles.jpg,BANCO MOREIRA SALLES S. A.,1924,,,"Cr$ 471.423.564,30",Guarulhos,Guarulhos,SP,,,
bmoreirasalles.jpg,BANCO MOREIRA SALLES S. A.,1924,,,"Cr$ 471.423.564,30",Ibirá,Ibirá,SP,,,
bmoreirasalles.jpg,BANCO MOREIRA SALLES S. A.,1924,,,"Cr$ 471.423.564,30",Ibitinga,Ibitinga,SP,,,
bmoreirasalles.jpg,BANCO MOREIRA SALLES S. A.,1924,,,"Cr$ 471.423.564,30",Itapetininga,Itapetininga,SP,,,
bmoreirasalles.jpg,BANCO MOREIRA SALLES S. A.,1924,,,"Cr$ 471.423.564,30",Itapira,Itapira,SP,,,
bmoreirasalles.jpg,BANCO MOREIRA SALLES S. A.,1924,,,"Cr$ 471.423.564,30",Itápolis,Itápolis,SP,,,
bmoreirasalles.jpg,BANCO MOREIRA SALLES S. A.,1924,,,"Cr$ 471.423.564,30",Itatiba,Itatiba,SP,,,
bmoreirasalles.jpg,BANCO MOREIRA SALLES S. A.,1924,,,"Cr$ 471.423.564,30",Itu,Itu,SP,,,
bmoreirasalles.jpg,BANCO MOREIRA SALLES S. A.,1924,,,"Cr$ 471.423.564,30",Jacareí,Jacareí,SP,,,
bmoreirasalles.jpg,BANCO MOREIRA SALLES S. A.,1924,,,"Cr$ 471.423.564,30",Jau,Jaú,SP,,,
bmoreirasalles.jpg,BANCO MOREIRA SALLES S. A.,1924,,,"Cr$ 471.423.564,30",Jundiaí,Jundiaí,SP,,,
bmoreirasalles.jpg,BANCO MOREIRA SALLES S. A.,1924,,,"Cr$ 471.423.564,30",Laranjal Paulista,Laranjal Paulista,SP,,,
bmoreirasalles.jpg,BANCO MOREIRA SALLES S. A.,1924,,,"Cr$ 471.423.564,30",Limeira,Limeira,SP,,,
bmoreirasalles.jpg,BANCO MOREIRA SALLES S. A.,1924,,,"Cr$ 471.423.564,30",Lins,Lins,SP,,,
bmoreirasalles.jpg,BANCO MOREIRA SALLES S. A.,1924,,,"Cr$ 471.423.564,30",Lorena,Lorena,SP,,,
bmoreirasalles.jpg,BANCO MOREIRA SALLES S. A.,1924,,,"Cr$ 471.423.564,30",Marília,Marília,SP,,,
bmoreirasalles.jpg,BANCO MOREIRA SALLES S. A.,1924,,,"Cr$ 471.423.564,30",Mirassol,Mirassol,SP,,,
bmoreirasalles.jpg,BANCO MOREIRA SALLES S. A.,1924,,,"Cr$ 471.423.564,30",Mococa,Mococa,SP,,,
bmoreirasalles.jpg,BANCO MOREIRA SALLES S. A.,1924,,,"Cr$ 471.423.564,30",Mogi das Cruzes,Mogi das Cruzes,SP,,,
bmoreirasalles.jpg,BANCO MOREIRA SALLES S. A.,1924,,,"Cr$ 471.423.564,30",Mogi Mirim,Mogi Mirim,SP,,,
bmoreirasalles.jpg,BANCO MOREIRA SALLES S. A.,1924,,,"Cr$ 471.423.564,30",Monte Alto,Monte Alto,SP,,,
bmoreirasalles.jpg,BANCO MOREIRA SALLES S. A.,1924,,,"Cr$ 471.423.564,30",Neves Paulista,Neves Paulista,SP,,,
bmoreirasalles.jpg,BANCO MOREIRA SALLES S. A.,1924,,,"Cr$ 471.423.564,30",Novo Horizonte,Novo Horizonte,SP,,,
bmoreirasalles.jpg,BANCO MOREIRA SALLES S. A.,1924,,,"Cr$ 471.423.564,30",Olimpia,Olimpia,SP,,,
bmoreirasalles.jpg,BANCO MOREIRA SALLES S. A.,1924,,,"Cr$ 471.423.564,30",Pindamonhagaba,Pindamonhagaba,SP,,,
bmoreirasalles.jpg,BANCO MOREIRA SALLES S. A.,1924,,,"Cr$ 471.423.564,30",Pinhal,Pinhal,SP,,,
bmoreirasalles.jpg,BANCO MOREIRA SALLES S. A.,1924,,,"Cr$ 471.423.564,30",Piracicaba,Piracicaba,SP,,,
bmoreirasalles.jpg,BANCO MOREIRA SALLES S. A.,1924,,,"Cr$ 471.423.564,30",Piracicaba,Piracicaba,SP,,,
bmoreirasalles.jpg,BANCO MOREIRA SALLES S. A.,1924,,,"Cr$ 471.423.564,30",Vila Resende,Vila Resende,SP,,,
bmoreirasalles.jpg,BANCO MOREIRA SALLES S. A.,1924,,,"Cr$ 471.423.564,30",Pitangueiras,Pitangueiras,SP,,,
bmoreirasalles.jpg,BANCO MOREIRA SALLES S. A.,1924,,,"Cr$ 471.423.564,30",Pompéia,Pompéia,SP,,,
bmoreirasalles.jpg,BANCO MOREIRA SALLES S. A.,1924,,,"Cr$ 471.423.564,30",Porto Feliz,Porto Feliz,SP,,,
bmoreirasalles.jpg,BANCO MOREIRA SALLES S. A.,1924,,,"Cr$ 471.423.564,30",Rotirendaba,Potirendaba,SP,,,
bmoreirasalles.jpg,BANCO MOREIRA SALLES S. A.,1924,,,"Cr$ 471.423.564,30",Quatá,Quatá,SP,,,
bmoreirasalles.jpg,BANCO MOREIRA SALLES S. A.,1924,,,"Cr$ 471.423.564,30",Ribeirão Preto,Ribeirão Preto,SP,,,
bmoreirasalles.jpg,BANCO MOREIRA SALLES S. A.,1924,,,"Cr$ 471.423.564,30",Rio Claro,Rio Claro,SP,,,
bmoreirasalles.jpg,BANCO MOREIRA SALLES S. A.,1924,,,"Cr$ 471.423.564,30",Sabino,Sabino,SP,,,
bmoreirasalles.jpg,BANCO MOREIRA SALLES S. A.,1924,,,"Cr$ 471.423.564,30",Santa Bárbara d'Oeste,Santa Bárbara d'Oeste,SP,,,
bmoreirasalles.jpg,BANCO MOREIRA SALLES S. A.,1924,,,"Cr$ 471.423.564,30",Santa Cruz das Palmeiras,Santa Cruz das Palmeiras,SP,,,
bmoreirasalles.jpg,BANCO MOREIRA SALLES S. A.,1924,,,"Cr$ 471.423.564,30",Santo André,Santo André,SP,,,
bmoreirasalles.jpg,BANCO MOREIRA SALLES S. A.,1924,,,"Cr$ 471.423.564,30",Santos,Santos,SP,,,
bmoreirasalles.jpg,BANCO MOREIRA SALLES S. A.,1924,,,"Cr$ 471.423.564,30",Maceço,Maceço,SP,,,
bmoreirasalles.jpg,BANCO MOREIRA SALLES S. A.,1924,,,"Cr$ 471.423.564,30",São Caetano do Sul,São Caetano do Sul,SP,,,
bmoreirasalles.jpg,BANCO MOREIRA SALLES S. A.,1924,,,"Cr$ 471.423.564,30",São Carlos,São Carlos,SP,,,
bmoreirasalles.jpg,BANCO MOREIRA SALLES S. A.,1924,,,"Cr$ 471.423.564,30",São José dos Campos,São José dos Campos,SP,,,
bmoreirasalles.jpg,BANCO MOREIRA SALLES S. A.,1924,,,"Cr$ 471.423.564,30",São José do Rio Pardo,São José do Rio Pardo,SP,,,
bmoreirasalles.jpg,BANCO MOREIRA SALLES S. A.,1924,,,"Cr$ 471.423.564,30",São José do Rio Preto,São José do Rio Preto,SP,,,
bmoreirasalles.jpg,BANCO MOREIRA SALLES S. A.,1924,,,"Cr$ 471.423.564,30",São Manoel,São Manuel,SP,,,
bmoreirasalles.jpg,BANCO MOREIRA SALLES S. A.,1924,,,"Cr$ 471.423.564,30",São Pedro,São Pedro,SP,,,
bmoreirasalles.jpg,BANCO MOREIRA SALLES S. A.,1924,,,"Cr$ 471.423.564,30",São Vicente,São Vicente,SP,,,
bmoreirasalles.jpg,BANCO MOREIRA SALLES S. A.,1924,,,"Cr$ 471.423.564,30",Socorro,Socorro,SP,,,
bmoreirasalles.jpg,BANCO MOREIRA SALLES S. A.,1924,,,"Cr$ 471.423.564,30",Sorocaba,Sorocaba,SP,,,
bmoreirasalles.jpg,BANCO MOREIRA SALLES S. A.,1924,,,"Cr$ 471.423.564,30",Sorocaba,Sorocaba,SP,,,
bmoreirasalles.jpg,BANCO MOREIRA SALLES S. A.,1924,,,"Cr$ 471.423.564,30",Além Ponte,Além Ponte,SP,,,
bmoreirasalles.jpg,BANCO MOREIRA SALLES S. A.,1924,,,"Cr$ 471.423.564,30",Susano,Suzano,SP,,,
bmoreirasalles.jpg,BANCO MOREIRA SALLES S. A.,1924,,,"Cr$ 471.423.564,30",Tabapuã,Tabapuã,SP,,,
bmoreirasalles.jpg,BANCO MOREIRA SALLES S. A.,1924,,,"Cr$ 471.423.564,30",Tambau,Tambau,SP,,,
bmoreirasalles.jpg,BANCO MOREIRA SALLES S. A.,1924,,,"Cr$ 471.423.564,30",Tatuí,Tatuí,SP,,,
bmoreirasalles.jpg,BANCO MOREIRA SALLES S. A.,1924,,,"Cr$ 471.423.564,30",Taubaté,Taubaté,SP,,,
bmoreirasalles.jpg,BANCO MOREIRA SALLES S. A.,1924,,,"Cr$ 471.423.564,30",Tietê,Tietê,SP,,,
bmoreirasalles.jpg,BANCO MOREIRA SALLES S. A.,1924,,,"Cr$ 471.423.564,30",Tupã,Tupã,SP,,,
bmoreirasalles.jpg,BANCO MOREIRA SALLES S. A.,1924,,,"Cr$ 471.423.564,30",Valinhos,Valinhos,SP,,,
bmoreirasalles.jpg,BANCO MOREIRA SALLES S. A.,1924,,,"Cr$ 471.423.564,30",Vera Cruz,Vera Cruz,SP,,,
bmoreirasalles.jpg,BANCO MOREIRA SALLES S. A.,1924,,,"Cr$ 471.423.564,30",Vinhedo,Vinhedo,SP,,,
bmoreirasalles.jpg,BANCO MOREIRA SALLES S. A.,1924,,,"Cr$ 471.423.564,30",Barra Mansa,Barra Mansa,RJ,,,
bmoreirasalles.jpg,BANCO MOREIRA SALLES S. A.,1924,,,"Cr$ 471.423.564,30",Petrópolis,Petrópolis,RJ,,,
bmoreirasalles.jpg,BANCO MOREIRA SALLES S. A.,1924,,,"Cr$ 471.423.564,30",Resende,Resende,RJ,,,
bmoreirasalles.jpg,BANCO MOREIRA SALLES S. A.,1924,,,"Cr$ 471.423.564,30",Volta Redonda,Volta Redonda,RJ,,,
bmoreirasalles.jpg,BANCO MOREIRA SALLES S. A.,1924,,,"Cr$ 471.423.564,30",Arapongas,Arapongas,PR,,,
bmoreirasalles.jpg,BANCO MOREIRA SALLES S. A.,1924,,,"Cr$ 471.423.564,30",Cambé,Cambé,PR,,,
bmoreirasalles.jpg,BANCO MOREIRA SALLES S. A.,1924,,,"Cr$ 471.423.564,30",Londrina,Londrina,PR,,,
bmoreirasalles.jpg,BANCO MOREIRA SALLES S. A.,1924,,,"Cr$ 471.423.564,30",Mandaguaçu,Mandaguaçu,PR,,,
bmoreirasalles.jpg,BANCO MOREIRA SALLES S. A.,1924,,,"Cr$ 471.423.564,30",Mandaquari,Mandaguari,PR,,,
bmoreirasalles.jpg,BANCO MOREIRA SALLES S. A.,1924,,,"Cr$ 471.423.564,30",Maringá,Maringá,PR,,,
bmoreirasalles.jpg,BANCO MOREIRA SALLES S. A.,1924,,,"Cr$ 471.423.564,30",Nova Esperança,Nova Esperança,PR,,,
bmoreirasalles.jpg,BANCO MOREIRA SALLES S. A.,1924,,,"Cr$ 471.423.564,30",Altenas,Altenas,MG,,,
bmoreirasalles.jpg,BANCO MOREIRA SALLES S. A.,1924,,,"Cr$ 471.423.564,30",Andradas,Andradas,MG,,,
bmoreirasalles.jpg,BANCO MOREIRA SALLES S. A.,1924,,,"Cr$ 471.423.564,30",Botelhos,Botelhos,MG,,,
bmoreirasalles.jpg,BANCO MOREIRA SALLES S. A.,1924,,,"Cr$ 471.423.564,30",Cabo Verde,Cabo Verde,MG,,,
bmoreirasalles.jpg,BANCO MOREIRA SALLES S. A.,1924,,,"Cr$ 471.423.564,30",Caldas,Caldas,MG,,,
bmoreirasalles.jpg,BANCO MOREIRA SALLES S. A.,1924,,,"Cr$ 471.423.564,30",Cambuí,Cambuí,MG,,,
bmoreirasalles.jpg,BANCO MOREIRA SALLES S. A.,1924,,,"Cr$ 471.423.564,30",Campestre,Campestre,MG,,,
bmoreirasalles.jpg,BANCO MOREIRA SALLES S. A.,1924,,,"Cr$ 471.423.564,30",Cássia,Cássia,MG,,,
bmoreirasalles.jpg,BANCO MOREIRA SALLES S. A.,1924,,,"Cr$ 471.423.564,30",Guaxupé,Guaxupé,MG,,,
bmoreirasalles.jpg,BANCO MOREIRA SALLES S. A.,1924,,,"Cr$ 471.423.564,30",Ipuíuna,Ipuíuna,MG,,,
bmoreirasalles.jpg,BANCO MOREIRA SALLES S. A.,1924,,,"Cr$ 471.423.564,30",Machado,Machado,MG,,,
bmoreirasalles.jpg,BANCO MOREIRA SALLES S. A.,1924,,,"Cr$ 471.423.564,30",Monte Sião,Monte Sião,MG,,,
bmoreirasalles.jpg,BANCO MOREIRA SALLES S. A.,1924,,,"Cr$ 471.423.564,30",Muzambinho,Muzambinho,MG,,,
bmoreirasalles.jpg,BANCO MOREIRA SALLES S. A.,1924,,,"Cr$ 471.423.564,30",Ouro Fino,Ouro Fino,MG,,,
bmoreirasalles.jpg,BANCO MOREIRA SALLES S. A.,1924,,,"Cr$ 471.423.564,30",Paraguacu,Paraguaçu,MG,,,
bmoreirasalles.jpg,BANCO MOREIRA SALLES S. A.,1924,,,"Cr$ 471.423.564,30",Paraisópolis,Paraisópolis,MG,,,
bmoreirasalles.jpg,BANCO MOREIRA SALLES S. A.,1924,,,"Cr$ 471.423.564,30",Povo Fundo,Povo Fundo,MG,,,
bmoreirasalles.jpg,BANCO MOREIRA SALLES S. A.,1924,,,"Cr$ 471.423.564,30",Santa Rita de Caldas,Santa Rita de Caldas,MG,,,
bmoreirasalles.jpg,BANCO MOREIRA SALLES S. A.,1924,,,"Cr$ 471.423.564,30",Três Pontas,Três Pontas,MG,,,
bmoreirasalles.jpg,BANCO MOREIRA SALLES S. A.,1924,,,"Cr$ 471.423.564,30",Varginha,Varginha,MG,,,
bmoreirasalles.jpg,BANCO MOREIRA SALLES S. A.,1924,,,"Cr$ 471.423.564,30",URBANAS,URBANAS,MG,,,
bmoreirasalles.jpg,BANCO MOREIRA SALLES S. A.,1924,,,"Cr$ 471.423.564,30",Avenida,Rio de Janeiro,GB,,Avenida,Urban/metropolitan branch location
bmoreirasalles.jpg,BANCO MOREIRA SALLES S. A.,1924,,,"Cr$ 471.423.564,30",Botafogo,Rio de Janeiro,GB,,Botafogo,Urban/metropolitan branch location
bmoreirasalles.jpg,BANCO MOREIRA SALLES S. A.,1924,,,"Cr$ 471.423.564,30",Carioca,Rio de Janeiro,GB,,Carioca,Urban/metropolitan branch location
bmoreirasalles.jpg,BANCO MOREIRA SALLES S. A.,1924,,,"Cr$ 471.423.564,30",Castelo,Rio de Janeiro,GB,,Castelo,Urban/metropolitan branch location
bmoreirasalles.jpg,BANCO MOREIRA SALLES S. A.,1924,,,"Cr$ 471.423.564,30",Catete,Rio de Janeiro,GB,,Catete,Urban/metropolitan branch location
bmoreirasalles.jpg,BANCO MOREIRA SALLES S. A.,1924,,,"Cr$ 471.423.564,30",Copacabana,Rio de Janeiro,GB,,Copacabana,Urban/metropolitan branch location
bmoreirasalles.jpg,BANCO MOREIRA SALLES S. A.,1924,,,"Cr$ 471.423.564,30",Lapa,Rio de Janeiro,GB,,Lapa,Urban/metropolitan branch location
bmoreirasalles.jpg,BANCO MOREIRA SALLES S. A.,1924,,,"Cr$ 471.423.564,30",Leblon,Rio de Janeiro,GB,,Leblon,Urban/metropolitan branch location
bmoreirasalles.jpg,BANCO MOREIRA SALLES S. A.,1924,,,"Cr$ 471.423.564,30",Marechal Floriano,Rio de Janeiro,GB,,Marechal Floriano,Urban/metropolitan branch location
bmoreirasalles.jpg,BANCO MOREIRA SALLES S. A.,1924,,,"Cr$ 471.423.564,30",Pilares,Rio de Janeiro,GB,,Pilares,Urban/metropolitan branch location
bmoreirasalles.jpg,BANCO MOREIRA SALLES S. A.,1924,,,"Cr$ 471.423.564,30",Ramos,Rio de Janeiro,GB,,Ramos,Urban/metropolitan branch location
bmoreirasalles.jpg,BANCO MOREIRA SALLES S. A.,1924,,,"Cr$ 471.423.564,30",São Cristóvão,Rio de Janeiro,GB,,São Cristóvão,Urban/metropolitan branch location
bmoreirasalles.jpg,BANCO MOREIRA SALLES S. A.,1924,,,"Cr$ 471.423.564,30",Tijuca,Rio de Janeiro,GB,,Tijuca,Urban/metropolitan branch location
bmoreirasalles.jpg,BANCO MOREIRA SALLES S. A.,1924,,,"Cr$ 471.423.564,30",Vila Isabel,Rio de Janeiro,GB,,Vila Isabel,Urban/metropolitan branch location
bmoreirasalles.jpg,BANCO MOREIRA SALLES S. A.,1924,,,"Cr$ 471.423.564,30",São Paulo,Rio de Janeiro,GB,,São Paulo,Urban/metropolitan branch location
bmoreirasalles.jpg,BANCO MOREIRA SALLES S. A.,1924,,,"Cr$ 471.423.564,30",Anhanguera,Rio de Janeiro,GB,,Anhanguera,Urban/metropolitan branch location
bmoreirasalles.jpg,BANCO MOREIRA SALLES S. A.,1924,,,"Cr$ 471.423.564,30",Barra Funda,Rio de Janeiro,GB,,Barra Funda,Urban/metropolitan branch location
bmoreirasalles.jpg,BANCO MOREIRA SALLES S. A.,1924,,,"Cr$ 471.423.564,30",Bela Vista,Rio de Janeiro,GB,,Bela Vista,Urban/metropolitan branch location
bmoreirasalles.jpg,BANCO MOREIRA SALLES S. A.,1924,,,"Cr$ 471.423.564,30",Belém,Rio de Janeiro,GB,,Belém,Urban/metropolitan branch location
bmoreirasalles.jpg,BANCO MOREIRA SALLES S. A.,1924,,,"Cr$ 471.423.564,30",Brás,Rio de Janeiro,GB,,Brás,Urban/metropolitan branch location
bmoreirasalles.jpg,BANCO MOREIRA SALLES S. A.,1924,,,"Cr$ 471.423.564,30",Cambucí,Rio de Janeiro,GB,,Cambucí,Urban/metropolitan branch location
bmoreirasalles.jpg,BANCO MOREIRA SALLES S. A.,1924,,,"Cr$ 471.423.564,30",Casa Verde,Rio de Janeiro,GB,,Casa Verde,Urban/metropolitan branch location
bmoreirasalles.jpg,BANCO MOREIRA SALLES S. A.,1924,,,"Cr$ 471.423.564,30",Consolação,Rio de Janeiro,GB,,Consolação,Urban/metropolitan branch location
bmoreirasalles.jpg,BANCO MOREIRA SALLES S. A.,1924,,,"Cr$ 471.423.564,30",Dom José,Rio de Janeiro,GB,,Dom José,Urban/metropolitan branch location
bmoreirasalles.jpg,BANCO MOREIRA SALLES S. A.,1924,,,"Cr$ 471.423.564,30",Freguesia do O,Rio de Janeiro,GB,,Freguesia do O,Urban/metropolitan branch location
bmoreirasalles.jpg,BANCO MOREIRA SALLES S. A.,1924,,,"Cr$ 471.423.564,30",Ipiranga Itaim,Rio de Janeiro,GB,,Ipiranga Itaim,Urban/metropolitan branch location
bmoreirasalles.jpg,BANCO MOREIRA SALLES S. A.,1924,,,"Cr$ 471.423.564,30",Jabaquara,Rio de Janeiro,GB,,Jabaquara,Urban/metropolitan branch location
bmoreirasalles.jpg,BANCO MOREIRA SALLES S. A.,1924,,,"Cr$ 471.423.564,30",Jacanã,Rio de Janeiro,GB,,Jacanã,Urban/metropolitan branch location
bmoreirasalles.jpg,BANCO MOREIRA SALLES S. A.,1924,,,"Cr$ 471.423.564,30",Jardim Paulista,Rio de Janeiro,GB,,Jardim Paulista,Urban/metropolitan branch location
bmoreirasalles.jpg,BANCO MOREIRA SALLES S. A.,1924,,,"Cr$ 471.423.564,30",Liberdade,Rio de Janeiro,GB,,Liberdade,Urban/metropolitan branch location
bmoreirasalles.jpg,BANCO MOREIRA SALLES S. A.,1924,,,"Cr$ 471.423.564,30",Luz,Rio de Janeiro,GB,,Luz,Urban/metropolitan branch location
bmoreirasalles.jpg,BANCO MOREIRA SALLES S. A.,1924,,,"Cr$ 471.423.564,30",Mercado,Rio de Janeiro,GB,,Mercado,Urban/metropolitan branch location
bmoreirasalles.jpg,BANCO MOREIRA SALLES S. A.,1924,,,"Cr$ 471.423.564,30",Mooca,Rio de Janeiro,GB,,Mooca,Urban/metropolitan branch location
bmoreirasalles.jpg,BANCO MOREIRA SALLES S. A.,1924,,,"Cr$ 471.423.564,30",Paraíso,Rio de Janeiro,GB,,Paraíso,Urban/metropolitan branch location
bmoreirasalles.jpg,BANCO MOREIRA SALLES S. A.,1924,,,"Cr$ 471.423.564,30",Paula Sousa,Rio de Janeiro,GB,,Paula Sousa,Urban/metropolitan branch location
bmoreirasalles.jpg,BANCO MOREIRA SALLES S. A.,1924,,,"Cr$ 471.423.564,30",Penha,Rio de Janeiro,GB,,Penha,Urban/metropolitan branch location
bmoreirasalles.jpg,BANCO MOREIRA SALLES S. A.,1924,,,"Cr$ 471.423.564,30",Pinheiros,Rio de Janeiro,GB,,Pinheiros,Urban/metropolitan branch location
bmoreirasalles.jpg,BANCO MOREIRA SALLES S. A.,1924,,,"Cr$ 471.423.564,30",Santa Cecília,Rio de Janeiro,GB,,Santa Cecília,Urban/metropolitan branch location
bmoreirasalles.jpg,BANCO MOREIRA SALLES S. A.,1924,,,"Cr$ 471.423.564,30",Santa Igiçênia,Rio de Janeiro,GB,,Santa Igiçênia,Urban/metropolitan branch location
bmoreirasalles.jpg,BANCO MOREIRA SALLES S. A.,1924,,,"Cr$ 471.423.564,30",Santana,Rio de Janeiro,GB,,Santana,Urban/metropolitan branch location
bmoreirasalles.jpg,BANCO MOREIRA SALLES S. A.,1924,,,"Cr$ 471.423.564,30",Santo Amaro,Rio de Janeiro,GB,,Santo Amaro,Urban/metropolitan branch location
bmoreirasalles.jpg,BANCO MOREIRA SALLES S. A.,1924,,,"Cr$ 471.423.564,30",São Miguel Paulista,Rio de Janeiro,GB,,São Miguel Paulista,Urban/metropolitan branch location
bmoreirasalles.jpg,BANCO MOREIRA SALLES S. A.,1924,,,"Cr$ 471.423.564,30",Sumaré,Rio de Janeiro,GB,,Sumaré,Urban/metropolitan branch location
bmoreirasalles.jpg,BANCO MOREIRA SALLES S. A.,1924,,,"Cr$ 471.423.564,30",Tatuapé,Rio de Janeiro,GB,,Tatuapé,Urban/metropolitan branch location
bmoreirasalles.jpg,BANCO MOREIRA SALLES S. A.,1924,,,"Cr$ 471.423.564,30",Tucuruvi,Rio de Janeiro,GB,,Tucuruvi,Urban/metropolitan branch location
bmoreirasalles.jpg,BANCO MOREIRA SALLES S. A.,1924,,,"Cr$ 471.423.564,30",Vila Buarque,Rio de Janeiro,GB,,Vila Buarque,Urban/metropolitan branch location
bmoreirasalles.jpg,BANCO MOREIRA SALLES S. A.,1924,,,"Cr$ 471.423.564,30",Vila Carrão,Rio de Janeiro,GB,,Vila Carrão,Urban/metropolitan branch location
bmoreirasalles.jpg,BANCO MOREIRA SALLES S. A.,1924,,,"Cr$ 471.423.564,30",Vila Maria,Rio de Janeiro,GB,,Vila Maria,Urban/metropolitan branch location
bmoreirasalles.jpg,BANCO MOREIRA SALLES S. A.,1924,,,"Cr$ 471.423.564,30",Vila Mariana,Rio de Janeiro,GB,,Vila Mariana,Urban/metropolitan branch location
bmoreirasalles.jpg,BANCO MOREIRA SALLES S. A.,1924,,,"Cr$ 471.423.564,30",Vila Prudente,Rio de Janeiro,GB,,Vila Prudente,Urban/metropolitan branch location
bmoreirasalles.jpg,BANCO MOREIRA SALLES S. A.,1924,,,"Cr$ 471.423.564,30",Vila Zelina,Rio de Janeiro,GB,,Vila Zelina,Urban/metropolitan branch location
bnacionalcomerc.jpg,Banco Nacional do Comércio S.A.,1835,,"Cr$ 350.000.000,00","Cr$ 368.463.250,00",Alegrete,Alegrete,RS,,,
bnacionalcomerc.jpg,Banco Nacional do Comércio S.A.,1835,,"Cr$ 350.000.000,00","Cr$ 368.463.250,00",Bagé,Bagé,RS,,,
bnacionalcomerc.jpg,Banco Nacional do Comércio S.A.,1835,,"Cr$ 350.000.000,00","Cr$ 368.463.250,00",Bento Gonçalves,Bento Gonçalves,RS,,,
bnacionalcomerc.jpg,Banco Nacional do Comércio S.A.,1835,,"Cr$ 350.000.000,00","Cr$ 368.463.250,00",Cachoeira do Sul,Cachoeira do Sul,RS,,,
bnacionalcomerc.jpg,Banco Nacional do Comércio S.A.,1835,,"Cr$ 350.000.000,00","Cr$ 368.463.250,00",Caí,Caí,RS,,,
bnacionalcomerc.jpg,Banco Nacional do Comércio S.A.,1835,,"Cr$ 350.000.000,00","Cr$ 368.463.250,00",Campo Bom,Campo Bom,RS,,,
bnacionalcomerc.jpg,Banco Nacional do Comércio S.A.,1835,,"Cr$ 350.000.000,00","Cr$ 368.463.250,00",Candelária,Candelária,RS,,,
bnacionalcomerc.jpg,Banco Nacional do Comércio S.A.,1835,,"Cr$ 350.000.000,00","Cr$ 368.463.250,00",Canela,Canela,RS,,,
bnacionalcomerc.jpg,Banco Nacional do Comércio S.A.,1835,,"Cr$ 350.000.000,00","Cr$ 368.463.250,00",Canoas,Canoas,RS,,,
bnacionalcomerc.jpg,Banco Nacional do Comércio S.A.,1835,,"Cr$ 350.000.000,00","Cr$ 368.463.250,00",Carozinho,Carazinho,RS,,,
bnacionalcomerc.jpg,Banco Nacional do Comércio S.A.,1835,,"Cr$ 350.000.000,00","Cr$ 368.463.250,00",Caxias do Sul,Caxias do Sul,RS,,,
bnacionalcomerc.jpg,Banco Nacional do Comércio S.A.,1835,,"Cr$ 350.000.000,00","Cr$ 368.463.250,00",Cerro Largo,Cerro Largo,RS,,,
bnacionalcomerc.jpg,Banco Nacional do Comércio S.A.,1835,,"Cr$ 350.000.000,00","Cr$ 368.463.250,00",Cotiporã,Cotiporã,RS,,,
bnacionalcomerc.jpg,Banco Nacional do Comércio S.A.,1835,,"Cr$ 350.000.000,00","Cr$ 368.463.250,00",Cruz Alta,Cruz Alta,RS,,,
bnacionalcomerc.jpg,Banco Nacional do Comércio S.A.,1835,,"Cr$ 350.000.000,00","Cr$ 368.463.250,00",Dois Lateados,Dois Lateados,RS,,,
bnacionalcomerc.jpg,Banco Nacional do Comércio S.A.,1835,,"Cr$ 350.000.000,00","Cr$ 368.463.250,00",Dom,Dom,RS,,,
bnacionalcomerc.jpg,Banco Nacional do Comércio S.A.,1835,,"Cr$ 350.000.000,00","Cr$ 368.463.250,00",Pedrito,Pedrito,RS,,,
bnacionalcomerc.jpg,Banco Nacional do Comércio S.A.,1835,,"Cr$ 350.000.000,00","Cr$ 368.463.250,00",Encruzilhada do Sul,Encruzilhada do Sul,RS,,,
bnacionalcomerc.jpg,Banco Nacional do Comércio S.A.,1835,,"Cr$ 350.000.000,00","Cr$ 368.463.250,00",Erechim,Erechim,RS,,,
bnacionalcomerc.jpg,Banco Nacional do Comércio S.A.,1835,,"Cr$ 350.000.000,00","Cr$ 368.463.250,00",Estréia,Estréia,RS,,,
bnacionalcomerc.jpg,Banco Nacional do Comércio S.A.,1835,,"Cr$ 350.000.000,00","Cr$ 368.463.250,00",Getúlio Vargas,Getúlio Vargas,RS,,,
bnacionalcomerc.jpg,Banco Nacional do Comércio S.A.,1835,,"Cr$ 350.000.000,00","Cr$ 368.463.250,00",Gramado,Gramado,RS,,,
bnacionalcomerc.jpg,Banco Nacional do Comércio S.A.,1835,,"Cr$ 350.000.000,00","Cr$ 368.463.250,00",Gravataí,Gravataí,RS,,,
bnacionalcomerc.jpg,Banco Nacional do Comércio S.A.,1835,,"Cr$ 350.000.000,00","Cr$ 368.463.250,00",Guaíba,Guaíba,RS,,,
bnacionalcomerc.jpg,Banco Nacional do Comércio S.A.,1835,,"Cr$ 350.000.000,00","Cr$ 368.463.250,00",Guaporé,Guaporé,RS,,,
bnacionalcomerc.jpg,Banco Nacional do Comércio S.A.,1835,,"Cr$ 350.000.000,00","Cr$ 368.463.250,00",Guarani das Missões,Guarani das Missões,RS,,,
bnacionalcomerc.jpg,Banco Nacional do Comércio S.A.,1835,,"Cr$ 350.000.000,00","Cr$ 368.463.250,00",Iiuí,Ijuí,RS,,,
bnacionalcomerc.jpg,Banco Nacional do Comércio S.A.,1835,,"Cr$ 350.000.000,00","Cr$ 368.463.250,00",Ivoti,Ivoti,RS,,,
bnacionalcomerc.jpg,Banco Nacional do Comércio S.A.,1835,,"Cr$ 350.000.000,00","Cr$ 368.463.250,00",Jaguari,Jaguari,RS,,,
bnacionalcomerc.jpg,Banco Nacional do Comércio S.A.,1835,,"Cr$ 350.000.000,00","Cr$ 368.463.250,00",Júlio de Castilhos,Júlio de Castilhos,RS,,,
bnacionalcomerc.jpg,Banco Nacional do Comércio S.A.,1835,,"Cr$ 350.000.000,00","Cr$ 368.463.250,00",Livramento,Livramento,RS,,,
bnacionalcomerc.jpg,Banco Nacional do Comércio S.A.,1835,,"Cr$ 350.000.000,00","Cr$ 368.463.250,00",Montenegro,Montenegro,RS,,,
bnacionalcomerc.jpg,Banco Nacional do Comércio S.A.,1835,,"Cr$ 350.000.000,00","Cr$ 368.463.250,00",Mostardas,Mostardas,RS,,,
bnacionalcomerc.jpg,Banco Nacional do Comércio S.A.,1835,,"Cr$ 350.000.000,00","Cr$ 368.463.250,00",Nova Prata,Nova Prata,RS,,,
bnacionalcomerc.jpg,Banco Nacional do Comércio S.A.,1835,,"Cr$ 350.000.000,00","Cr$ 368.463.250,00",Nova Petrópolis,Nova Petrópolis,RS,,,
bnacionalcomerc.jpg,Banco Nacional do Comércio S.A.,1835,,"Cr$ 350.000.000,00","Cr$ 368.463.250,00",Novo Hamburgo,Novo Hamburgo,RS,,,
bnacionalcomerc.jpg,Banco Nacional do Comércio S.A.,1835,,"Cr$ 350.000.000,00","Cr$ 368.463.250,00",Palmeira das Missões,Palmeira das Missões,RS,,,
bnacionalcomerc.jpg,Banco Nacional do Comércio S.A.,1835,,"Cr$ 350.000.000,00","Cr$ 368.463.250,00",Passo Fundo,Passo Fundo,RS,,,
bnacionalcomerc.jpg,Banco Nacional do Comércio S.A.,1835,,"Cr$ 350.000.000,00","Cr$ 368.463.250,00",Pelotas,Pelotas,RS,,,
bnacionalcomerc.jpg,Banco Nacional do Comércio S.A.,1835,,"Cr$ 350.000.000,00","Cr$ 368.463.250,00",Quaraí,Quaraí,RS,,,
bnacionalcomerc.jpg,Banco Nacional do Comércio S.A.,1835,,"Cr$ 350.000.000,00","Cr$ 368.463.250,00",Rio Grande,Rio Grande,RS,,,
bnacionalcomerc.jpg,Banco Nacional do Comércio S.A.,1835,,"Cr$ 350.000.000,00","Cr$ 368.463.250,00",Rio Grande (URB. — Cid. Nova),Rio Grande,RS,URB. — Cid. Nova,,
bnacionalcomerc.jpg,Banco Nacional do Comércio S.A.,1835,,"Cr$ 350.000.000,00","Cr$ 368.463.250,00",Rio Pardo,Rio Pardo,RS,,,
bnacionalcomerc.jpg,Banco Nacional do Comércio S.A.,1835,,"Cr$ 350.000.000,00","Cr$ 368.463.250,00",Rosário do Sul,Rosário do Sul,RS,,,
bnacionalcomerc.jpg,Banco Nacional do Comércio S.A.,1835,,"Cr$ 350.000.000,00","Cr$ 368.463.250,00",Santa Cruz do Sul,Santa Cruz do Sul,RS,,,
bnacionalcomerc.jpg,Banco Nacional do Comércio S.A.,1835,,"Cr$ 350.000.000,00","Cr$ 368.463.250,00",Santa Maria,Santa Maria,RS,,,
bnacionalcomerc.jpg,Banco Nacional do Comércio S.A.,1835,,"Cr$ 350.000.000,00","Cr$ 368.463.250,00",Santa Rosa,Santa Rosa,RS,,,
bnacionalcomerc.jpg,Banco Nacional do Comércio S.A.,1835,,"Cr$ 350.000.000,00","Cr$ 368.463.250,00",Santa Tereza,Santa Tereza,RS,,,
bnacionalcomerc.jpg,Banco Nacional do Comércio S.A.,1835,,"Cr$ 350.000.000,00","Cr$ 368.463.250,00",Vitória do Palmar,Vitória do Palmar,RS,,,
bnacionalcomerc.jpg,Banco Nacional do Comércio S.A.,1835,,"Cr$ 350.000.000,00","Cr$ 368.463.250,00",Santiago,Santiago,RS,,,
bnacionalcomerc.jpg,Banco Nacional do Comércio S.A.,1835,,"Cr$ 350.000.000,00","Cr$ 368.463.250,00",Santo Ângelo,Santo Ângelo,RS,,,
bnacionalcomerc.jpg,Banco Nacional do Comércio S.A.,1835,,"Cr$ 350.000.000,00","Cr$ 368.463.250,00",São Boria,São Boria,RS,,,
bnacionalcomerc.jpg,Banco Nacional do Comércio S.A.,1835,,"Cr$ 350.000.000,00","Cr$ 368.463.250,00",Francisco de Assis,Francisco de Assis,RS,,,
bnacionalcomerc.jpg,Banco Nacional do Comércio S.A.,1835,,"Cr$ 350.000.000,00","Cr$ 368.463.250,00",Francisco de Paula,Francisco de Paula,RS,,,
bnacionalcomerc.jpg,Banco Nacional do Comércio S.A.,1835,,"Cr$ 350.000.000,00","Cr$ 368.463.250,00",São Gabriel,São Gabriel,RS,,,
bnacionalcomerc.jpg,Banco Nacional do Comércio S.A.,1835,,"Cr$ 350.000.000,00","Cr$ 368.463.250,00",São José do Norte,São José do Norte,RS,,,
bnacionalcomerc.jpg,Banco Nacional do Comércio S.A.,1835,,"Cr$ 350.000.000,00","Cr$ 368.463.250,00",São Leopoldo,São Leopoldo,RS,,,
bnacionalcomerc.jpg,Banco Nacional do Comércio S.A.,1835,,"Cr$ 350.000.000,00","Cr$ 368.463.250,00",São Luís Gonçaga,São Luís Gonçaga,RS,,,
bnacionalcomerc.jpg,Banco Nacional do Comércio S.A.,1835,,"Cr$ 350.000.000,00","Cr$ 368.463.250,00",São Pedro do Sul,São Pedro do Sul,RS,,,
bnacionalcomerc.jpg,Banco Nacional do Comércio S.A.,1835,,"Cr$ 350.000.000,00","Cr$ 368.463.250,00",São Sebastião do Caí,São Sebastião do Caí,RS,,,
bnacionalcomerc.jpg,Banco Nacional do Comércio S.A.,1835,,"Cr$ 350.000.000,00","Cr$ 368.463.250,00",Sapiranga,Sapiranga,RS,,,
bnacionalcomerc.jpg,Banco Nacional do Comércio S.A.,1835,,"Cr$ 350.000.000,00","Cr$ 368.463.250,00",Taguara,Taguara,RS,,,
bnacionalcomerc.jpg,Banco Nacional do Comércio S.A.,1835,,"Cr$ 350.000.000,00","Cr$ 368.463.250,00",Taquari,Taquari,RS,,,
bnacionalcomerc.jpg,Banco Nacional do Comércio S.A.,1835,,"Cr$ 350.000.000,00","Cr$ 368.463.250,00",Três Coroas,Três Coroas,RS,,,
bnacionalcomerc.jpg,Banco Nacional do Comércio S.A.,1835,,"Cr$ 350.000.000,00","Cr$ 368.463.250,00",Três de Maio,Três de Maio,RS,,,
bnacionalcomerc.jpg,Banco Nacional do Comércio S.A.,1835,,"Cr$ 350.000.000,00","Cr$ 368.463.250,00",Três Passos,Três Passos,RS,,,
bnacionalcomerc.jpg,Banco Nacional do Comércio S.A.,1835,,"Cr$ 350.000.000,00","Cr$ 368.463.250,00",Tupanciretã,Tupanciretã,RS,,,
bnacionalcomerc.jpg,Banco Nacional do Comércio S.A.,1835,,"Cr$ 350.000.000,00","Cr$ 368.463.250,00",Uruguaiana,Uruguaiana,RS,,,
bnacionalcomerc.jpg,Banco Nacional do Comércio S.A.,1835,,"Cr$ 350.000.000,00","Cr$ 368.463.250,00",Venâncio Aires,Venâncio Aires,RS,,,
bnacionalcomerc.jpg,Banco Nacional do Comércio S.A.,1835,,"Cr$ 350.000.000,00","Cr$ 368.463.250,00",Veranópolis,Veranópolis,RS,,,
bnacionalcomerc.jpg,Banco Nacional do Comércio S.A.,1835,,"Cr$ 350.000.000,00","Cr$ 368.463.250,00",Araranquã,Araranquã,SC,,,
bnacionalcomerc.jpg,Banco Nacional do Comércio S.A.,1835,,"Cr$ 350.000.000,00","Cr$ 368.463.250,00",Blumenau,Blumenau,SC,,,
bnacionalcomerc.jpg,Banco Nacional do Comércio S.A.,1835,,"Cr$ 350.000.000,00","Cr$ 368.463.250,00",Brusque,Brusque,SC,,,
bnacionalcomerc.jpg,Banco Nacional do Comércio S.A.,1835,,"Cr$ 350.000.000,00","Cr$ 368.463.250,00",Cacador,Cacador,SC,,,
bnacionalcomerc.jpg,Banco Nacional do Comércio S.A.,1835,,"Cr$ 350.000.000,00","Cr$ 368.463.250,00",Canoinhas,Canoinhas,SC,,,
bnacionalcomerc.jpg,Banco Nacional do Comércio S.A.,1835,,"Cr$ 350.000.000,00","Cr$ 368.463.250,00",Chapecó,Chapecó,SC,,,
bnacionalcomerc.jpg,Banco Nacional do Comércio S.A.,1835,,"Cr$ 350.000.000,00","Cr$ 368.463.250,00",Concórdia,Concórdia,SC,,,
bnacionalcomerc.jpg,Banco Nacional do Comércio S.A.,1835,,"Cr$ 350.000.000,00","Cr$ 368.463.250,00",Criciúma,Criciúma,SC,,,
bnacionalcomerc.jpg,Banco Nacional do Comércio S.A.,1835,,"Cr$ 350.000.000,00","Cr$ 368.463.250,00",Curitibanos,Curitibanos,SC,,,
bnacionalcomerc.jpg,Banco Nacional do Comércio S.A.,1835,,"Cr$ 350.000.000,00","Cr$ 368.463.250,00",Florinan,Florinan,SC,,,
bnacionalcomerc.jpg,Banco Nacional do Comércio S.A.,1835,,"Cr$ 350.000.000,00","Cr$ 368.463.250,00",Florian,Florian,SC,,,
bnacionalcomerc.jpg,Banco Nacional do Comércio S.A.,1835,,"Cr$ 350.000.000,00","Cr$ 368.463.250,00",(URB. — Estreito),,SC,URB. — Estreito,,
bnacionalcomerc.jpg,Banco Nacional do Comércio S.A.,1835,,"Cr$ 350.000.000,00","Cr$ 368.463.250,00",Itajaí,Itajaí,SC,,,
bnacionalcomerc.jpg,Banco Nacional do Comércio S.A.,1835,,"Cr$ 350.000.000,00","Cr$ 368.463.250,00",Iaraquã do Sul,Iaraquã do Sul,SC,,,
bnacionalcomerc.jpg,Banco Nacional do Comércio S.A.,1835,,"Cr$ 350.000.000,00","Cr$ 368.463.250,00",Icaçaba,Icaçaba,SC,,,
bnacionalcomerc.jpg,Banco Nacional do Comércio S.A.,1835,,"Cr$ 350.000.000,00","Cr$ 368.463.250,00",Joinville,Joinville,SC,,,
bnacionalcomerc.jpg,Banco Nacional do Comércio S.A.,1835,,"Cr$ 350.000.000,00","Cr$ 368.463.250,00",Laguna,Laguna,SC,,,
bnacionalcomerc.jpg,Banco Nacional do Comércio S.A.,1835,,"Cr$ 350.000.000,00","Cr$ 368.463.250,00",Lajes,Lajes,SC,,,
bnacionalcomerc.jpg,Banco Nacional do Comércio S.A.,1835,,"Cr$ 350.000.000,00","Cr$ 368.463.250,00",Órbães,Órbães,SC,,,
bnacionalcomerc.jpg,Banco Nacional do Comércio S.A.,1835,,"Cr$ 350.000.000,00","Cr$ 368.463.250,00",Rio do Sul,Rio do Sul,SC,,,
bnacionalcomerc.jpg,Banco Nacional do Comércio S.A.,1835,,"Cr$ 350.000.000,00","Cr$ 368.463.250,00",São Bento do Sul,São Bento do Sul,SC,,,
bnacionalcomerc.jpg,Banco Nacional do Comércio S.A.,1835,,"Cr$ 350.000.000,00","Cr$ 368.463.250,00",São Francisco do Sul,São Francisco do Sul,SC,,,
bnacionalcomerc.jpg,Banco Nacional do Comércio S.A.,1835,,"Cr$ 350.000.000,00","Cr$ 368.463.250,00",Tubarão,Tubarão,SC,,,
bnacionalcomerc.jpg,Banco Nacional do Comércio S.A.,1835,,"Cr$ 350.000.000,00","Cr$ 368.463.250,00",Videira,Videira,SC,,,
bnacionalcomerc.jpg,Banco Nacional do Comércio S.A.,1835,,"Cr$ 350.000.000,00","Cr$ 368.463.250,00",Curitiba,Curitiba,PR,,,
bnacionalcomerc.jpg,Banco Nacional do Comércio S.A.,1835,,"Cr$ 350.000.000,00","Cr$ 368.463.250,00",Curitiba (URB. Juvevê. Portão e Super-Mercado),Curitiba,PR,URB. Juvevê. Portão e Super-Mercado,,
bnacionalcomerc.jpg,Banco Nacional do Comércio S.A.,1835,,"Cr$ 350.000.000,00","Cr$ 368.463.250,00",Guarapuava,Guarapuava,PR,,,
bnacionalcomerc.jpg,Banco Nacional do Comércio S.A.,1835,,"Cr$ 350.000.000,00","Cr$ 368.463.250,00",Jacarezinho,Jacarezinho,PR,,,
bnacionalcomerc.jpg,Banco Nacional do Comércio S.A.,1835,,"Cr$ 350.000.000,00","Cr$ 368.463.250,00",Paranaquã,Paranaquã,PR,,,
bnacionalcomerc.jpg,Banco Nacional do Comércio S.A.,1835,,"Cr$ 350.000.000,00","Cr$ 368.463.250,00",Ponta Grossa,Ponta Grossa,PR,,,
bnacionalcomerc.jpg,Banco Nacional do Comércio S.A.,1835,,"Cr$ 350.000.000,00","Cr$ 368.463.250,00",Rio Negro,Rio Negro,PR,,,
bnacionalcomerc.jpg,Banco Nacional do Comércio S.A.,1835,,"Cr$ 350.000.000,00","Cr$ 368.463.250,00",São José dos Pinhais,São José dos Pinhais,PR,,,
bnacionalcomerc.jpg,Banco Nacional do Comércio S.A.,1835,,"Cr$ 350.000.000,00","Cr$ 368.463.250,00",União da Vitória,União da Vitória,PR,,,
bnacionalmg_1960.jpg,BANCO NACIONAL DE MINAS GERAIS S. A.,1944,,,,Sede: Belo Horizonte,Belo Horizonte,MG,,Matriz,
bnacionalmg_1960.jpg,BANCO NACIONAL DE MINAS GERAIS S. A.,1944,,,,Filial: São Paulo,São Paulo,SP,,Filial,
bnacionalmg_1960.jpg,BANCO NACIONAL DE MINAS GERAIS S. A.,1944,,,,Filial: Rio de Janeiro,Rio de Janeiro,GB,,Filial,
bnacionalmg_1960.jpg,BANCO NACIONAL DE MINAS GERAIS S. A.,1944,,,,Abolição,Rio de Janeiro,GB,,Abolição,Urban/metropolitan branch location
bnacionalmg_1960.jpg,BANCO NACIONAL DE MINAS GERAIS S. A.,1944,,,,Acre,Rio de Janeiro,GB,,Acre,Urban/metropolitan branch location
bnacionalmg_1960.jpg,BANCO NACIONAL DE MINAS GERAIS S. A.,1944,,,,Aeroporto,Rio de Janeiro,GB,,Aeroporto,Urban/metropolitan branch location
bnacionalmg_1960.jpg,BANCO NACIONAL DE MINAS GERAIS S. A.,1944,,,,Bandeira,Rio de Janeiro,GB,,Bandeira,Urban/metropolitan branch location
bnacionalmg_1960.jpg,BANCO NACIONAL DE MINAS GERAIS S. A.,1944,,,,Barata Ribeiro,Rio de Janeiro,GB,,Barata Ribeiro,Urban/metropolitan branch location
bnacionalmg_1960.jpg,BANCO NACIONAL DE MINAS GERAIS S. A.,1944,,,,Botafogo,Rio de Janeiro,GB,,Botafogo,Urban/metropolitan branch location
bnacionalmg_1960.jpg,BANCO NACIONAL DE MINAS GERAIS S. A.,1944,,,,Castelo,Rio de Janeiro,GB,,Castelo,Urban/metropolitan branch location
bnacionalmg_1960.jpg,BANCO NACIONAL DE MINAS GERAIS S. A.,1944,,,,Catete,Rio de Janeiro,GB,,Catete,Urban/metropolitan branch location
bnacionalmg_1960.jpg,BANCO NACIONAL DE MINAS GERAIS S. A.,1944,,,,Engenho de Dentro,Rio de Janeiro,GB,,Engenho de Dentro,Urban/metropolitan branch location
bnacionalmg_1960.jpg,BANCO NACIONAL DE MINAS GERAIS S. A.,1944,,,,Gonçalves Dias,Rio de Janeiro,GB,,Gonçalves Dias,Urban/metropolitan branch location
bnacionalmg_1960.jpg,BANCO NACIONAL DE MINAS GERAIS S. A.,1944,,,,Ipanema,Rio de Janeiro,GB,,Ipanema,Urban/metropolitan branch location
bnacionalmg_1960.jpg,BANCO NACIONAL DE MINAS GERAIS S. A.,1944,,,,Irajá,Rio de Janeiro,GB,,Irajá,Urban/metropolitan branch location
bnacionalmg_1960.jpg,BANCO NACIONAL DE MINAS GERAIS S. A.,1944,,,,Leblon,Rio de Janeiro,GB,,Leblon,Urban/metropolitan branch location
bnacionalmg_1960.jpg,BANCO NACIONAL DE MINAS GERAIS S. A.,1944,,,,Lido,Rio de Janeiro,GB,,Lido,Urban/metropolitan branch location
bnacionalmg_1960.jpg,BANCO NACIONAL DE MINAS GERAIS S. A.,1944,,,,Madureira,Rio de Janeiro,GB,,Madureira,Urban/metropolitan branch location
bnacionalmg_1960.jpg,BANCO NACIONAL DE MINAS GERAIS S. A.,1944,,,,Mal,Rio de Janeiro,GB,,Mal,Urban/metropolitan branch location
bnacionalmg_1960.jpg,BANCO NACIONAL DE MINAS GERAIS S. A.,1944,,,,Hermes,Rio de Janeiro,GB,,Hermes,Urban/metropolitan branch location
bnacionalmg_1960.jpg,BANCO NACIONAL DE MINAS GERAIS S. A.,1944,,,,Méier,Rio de Janeiro,GB,,Méier,Urban/metropolitan branch location
bnacionalmg_1960.jpg,BANCO NACIONAL DE MINAS GERAIS S. A.,1944,,,,Penha,Rio de Janeiro,GB,,Penha,Urban/metropolitan branch location
bnacionalmg_1960.jpg,BANCO NACIONAL DE MINAS GERAIS S. A.,1944,,,,Posto 5,Rio de Janeiro,GB,,Posto 5,Urban/metropolitan branch location
bnacionalmg_1960.jpg,BANCO NACIONAL DE MINAS GERAIS S. A.,1944,,,,Ramos,Rio de Janeiro,GB,,Ramos,Urban/metropolitan branch location
bnacionalmg_1960.jpg,BANCO NACIONAL DE MINAS GERAIS S. A.,1944,,,,Realengo,Rio de Janeiro,GB,,Realengo,Urban/metropolitan branch location
bnacionalmg_1960.jpg,BANCO NACIONAL DE MINAS GERAIS S. A.,1944,,,,Rocha Miranda,Rio de Janeiro,GB,,Rocha Miranda,Urban/metropolitan branch location
bnacionalmg_1960.jpg,BANCO NACIONAL DE MINAS GERAIS S. A.,1944,,,,Santa Cruz,Rio de Janeiro,GB,,Santa Cruz,Urban/metropolitan branch location
bnacionalmg_1960.jpg,BANCO NACIONAL DE MINAS GERAIS S. A.,1944,,,,Santana,Rio de Janeiro,GB,,Santana,Urban/metropolitan branch location
bnacionalmg_1960.jpg,BANCO NACIONAL DE MINAS GERAIS S. A.,1944,,,,Tijuca,Rio de Janeiro,GB,,Tijuca,Urban/metropolitan branch location
bnacionalmg_1960.jpg,BANCO NACIONAL DE MINAS GERAIS S. A.,1944,,,,Tiradentes,Rio de Janeiro,GB,,Tiradentes,Urban/metropolitan branch location
bnacionalmg_1960.jpg,BANCO NACIONAL DE MINAS GERAIS S. A.,1944,,,,Brasília,Brasília,DF,,,
bnacionalmg_1960.jpg,BANCO NACIONAL DE MINAS GERAIS S. A.,1944,,,,Maceió,Maceió,AL,,,
bnacionalmg_1960.jpg,BANCO NACIONAL DE MINAS GERAIS S. A.,1944,,,,Salvador,Salvador,BA,,,
bnacionalmg_1960.jpg,BANCO NACIONAL DE MINAS GERAIS S. A.,1944,,,,Fostaleza,Fortaleza,CE,,,
bnacionalmg_1960.jpg,BANCO NACIONAL DE MINAS GERAIS S. A.,1944,,,,Vitória,Vitória,ES,,,
bnacionalmg_1960.jpg,BANCO NACIONAL DE MINAS GERAIS S. A.,1944,,,,Goiânia,Goiânia,GO,,,
bnacionalmg_1960.jpg,BANCO NACIONAL DE MINAS GERAIS S. A.,1944,,,,Além Paraíba (Porto Novo),Além Paraíba,MG,Porto Novo,,
bnacionalmg_1960.jpg,BANCO NACIONAL DE MINAS GERAIS S. A.,1944,,,,Alfenas,Alfenas,MG,,,
bnacionalmg_1960.jpg,BANCO NACIONAL DE MINAS GERAIS S. A.,1944,,,,Araquari,Araquari,MG,,,
bnacionalmg_1960.jpg,BANCO NACIONAL DE MINAS GERAIS S. A.,1944,,,,Barbacena,Barbacena,MG,,,
bnacionalmg_1960.jpg,BANCO NACIONAL DE MINAS GERAIS S. A.,1944,,,,Betim,Betim,MG,,,
bnacionalmg_1960.jpg,BANCO NACIONAL DE MINAS GERAIS S. A.,1944,,,,Bom Sucesso,Bom Sucesso,MG,,,
bnacionalmg_1960.jpg,BANCO NACIONAL DE MINAS GERAIS S. A.,1944,,,,Botelhos,Botelhos,MG,,,
bnacionalmg_1960.jpg,BANCO NACIONAL DE MINAS GERAIS S. A.,1944,,,,Brazópolis,Brazópolis,MG,,,
bnacionalmg_1960.jpg,BANCO NACIONAL DE MINAS GERAIS S. A.,1944,,,,Bueno Brandão,Bueno Brandão,MG,,,
bnacionalmg_1960.jpg,BANCO NACIONAL DE MINAS GERAIS S. A.,1944,,,,Cachoeira de Minas,Cachoeira de Minas,MG,,,
bnacionalmg_1960.jpg,BANCO NACIONAL DE MINAS GERAIS S. A.,1944,,,,Caldas,Caldas,MG,,,
bnacionalmg_1960.jpg,BANCO NACIONAL DE MINAS GERAIS S. A.,1944,,,,Campestre,Campestre,MG,,,
bnacionalmg_1960.jpg,BANCO NACIONAL DE MINAS GERAIS S. A.,1944,,,,Campos Gerais,Campos Gerais,MG,,,
bnacionalmg_1960.jpg,BANCO NACIONAL DE MINAS GERAIS S. A.,1944,,,,Caratinga,Caratinga,MG,,,
bnacionalmg_1960.jpg,BANCO NACIONAL DE MINAS GERAIS S. A.,1944,,,,Carmo da Cachoeira,Carmo da Cachoeira,MG,,,
bnacionalmg_1960.jpg,BANCO NACIONAL DE MINAS GERAIS S. A.,1944,,,,Coqueiral,Coqueiral,MG,,,
bnacionalmg_1960.jpg,BANCO NACIONAL DE MINAS GERAIS S. A.,1944,,,,Diamantina,Diamantina,MG,,,
bnacionalmg_1960.jpg,BANCO NACIONAL DE MINAS GERAIS S. A.,1944,,,,Divinópolis,Divinópolis,MG,,,
bnacionalmg_1960.jpg,BANCO NACIONAL DE MINAS GERAIS S. A.,1944,,,,Guarani,Guarani,MG,,,
bnacionalmg_1960.jpg,BANCO NACIONAL DE MINAS GERAIS S. A.,1944,,,,Guaxupé,Guaxupé,MG,,,
bnacionalmg_1960.jpg,BANCO NACIONAL DE MINAS GERAIS S. A.,1944,,,,Ibitiura,Ibitiura,MG,,,
bnacionalmg_1960.jpg,BANCO NACIONAL DE MINAS GERAIS S. A.,1944,,,,Itajubá,Itajubá,MG,,,
bnacionalmg_1960.jpg,BANCO NACIONAL DE MINAS GERAIS S. A.,1944,,,,Juiz de Fora,Juiz de Fora,MG,,,
bnacionalmg_1960.jpg,BANCO NACIONAL DE MINAS GERAIS S. A.,1944,,,,Lajinha,Lajinha,MG,,,
bnacionalmg_1960.jpg,BANCO NACIONAL DE MINAS GERAIS S. A.,1944,,,,Lavras,Lavras,MG,,,
bnacionalmg_1960.jpg,BANCO NACIONAL DE MINAS GERAIS S. A.,1944,,,,Lima Duarte,Lima Duarte,MG,,,
bnacionalmg_1960.jpg,BANCO NACIONAL DE MINAS GERAIS S. A.,1944,,,,Luminárias,Luminárias,MG,,,
bnacionalmg_1960.jpg,BANCO NACIONAL DE MINAS GERAIS S. A.,1944,,,,Manhuacu,Manhuaçu,MG,,,
bnacionalmg_1960.jpg,BANCO NACIONAL DE MINAS GERAIS S. A.,1944,,,,Manhumirim,Manhumirim,MG,,,
bnacionalmg_1960.jpg,BANCO NACIONAL DE MINAS GERAIS S. A.,1944,,,,Muriaé,Muriaé,MG,,,
bnacionalmg_1960.jpg,BANCO NACIONAL DE MINAS GERAIS S. A.,1944,,,,Mutum,Mutum,MG,,,
bnacionalmg_1960.jpg,BANCO NACIONAL DE MINAS GERAIS S. A.,1944,,,,Muzambinho,Muzambinho,MG,,,
bnacionalmg_1960.jpg,BANCO NACIONAL DE MINAS GERAIS S. A.,1944,,,,Natércia,Natércia,MG,,,
bnacionalmg_1960.jpg,BANCO NACIONAL DE MINAS GERAIS S. A.,1944,,,,Nepomuceno,Nepomuceno,MG,,,
bnacionalmg_1960.jpg,BANCO NACIONAL DE MINAS GERAIS S. A.,1944,,,,Ouro Fino,Ouro Fino,MG,,,
bnacionalmg_1960.jpg,BANCO NACIONAL DE MINAS GERAIS S. A.,1944,,,,Pouso Alegre,Pouso Alegre,MG,,,
bnacionalmg_1960.jpg,BANCO NACIONAL DE MINAS GERAIS S. A.,1944,,,,Santa Rita do Sapucaí,Santa Rita do Sapucaí,MG,,,
bnacionalmg_1960.jpg,BANCO NACIONAL DE MINAS GERAIS S. A.,1944,,,,Santo Antônio do Amparo,Santo Antônio do Amparo,MG,,,
bnacionalmg_1960.jpg,BANCO NACIONAL DE MINAS GERAIS S. A.,1944,,,,Santo Antônio do Monte,Santo Antônio do Monte,MG,,,
bnacionalmg_1960.jpg,BANCO NACIONAL DE MINAS GERAIS S. A.,1944,,,,São Gonçalo do Sapucaí,São Gonçalo do Sapucaí,MG,,,
bnacionalmg_1960.jpg,BANCO NACIONAL DE MINAS GERAIS S. A.,1944,,,,São Lourenço,São Lourenço,MG,,,
bnacionalmg_1960.jpg,BANCO NACIONAL DE MINAS GERAIS S. A.,1944,,,,São Tiago,São Tiago,MG,,,
bnacionalmg_1960.jpg,BANCO NACIONAL DE MINAS GERAIS S. A.,1944,,,,Serro,Serro,MG,,,
bnacionalmg_1960.jpg,BANCO NACIONAL DE MINAS GERAIS S. A.,1944,,,,Três Pontas,Três Pontas,MG,,,
bnacionalmg_1960.jpg,BANCO NACIONAL DE MINAS GERAIS S. A.,1944,,,,Ubá,Ubá,MG,,,
bnacionalmg_1960.jpg,BANCO NACIONAL DE MINAS GERAIS S. A.,1944,,,,Varginha,Varginha,MG,,,
bnacionalmg_1960.jpg,BANCO NACIONAL DE MINAS GERAIS S. A.,1944,,,,Cornélio Procópio,Cornélio Procópio,PR,,,
bnacionalmg_1960.jpg,BANCO NACIONAL DE MINAS GERAIS S. A.,1944,,,,Curitiba,Curitiba,PR,,,
bnacionalmg_1960.jpg,BANCO NACIONAL DE MINAS GERAIS S. A.,1944,,,,Jussara,Jussara,PR,,,
bnacionalmg_1960.jpg,BANCO NACIONAL DE MINAS GERAIS S. A.,1944,,,,Londrina,Londrina,PR,,,
bnacionalmg_1960.jpg,BANCO NACIONAL DE MINAS GERAIS S. A.,1944,,,,Mandaquacu,Mandaguaçu,PR,,,
bnacionalmg_1960.jpg,BANCO NACIONAL DE MINAS GERAIS S. A.,1944,,,,Maringá,Maringá,PR,,,
bnacionalmg_1960.jpg,BANCO NACIONAL DE MINAS GERAIS S. A.,1944,,,,Marumbi,Marumbi,PR,,,
bnacionalmg_1960.jpg,BANCO NACIONAL DE MINAS GERAIS S. A.,1944,,,,São Jorão,São Jorão,PR,,,
bnacionalmg_1960.jpg,BANCO NACIONAL DE MINAS GERAIS S. A.,1944,,,,Recife,Recife,PE,,,
bnacionalmg_1960.jpg,BANCO NACIONAL DE MINAS GERAIS S. A.,1944,,,,Porto Alegre,Porto Alegre,RS,,,
bnacionalmg_1960.jpg,BANCO NACIONAL DE MINAS GERAIS S. A.,1944,,,,Barra do Piraí,Barra do Piraí,RJ,,,
bnacionalmg_1960.jpg,BANCO NACIONAL DE MINAS GERAIS S. A.,1944,,,,Duque de Caxias,Duque de Caxias,RJ,,,
bnacionalmg_1960.jpg,BANCO NACIONAL DE MINAS GERAIS S. A.,1944,,,,Niterói,Niterói,RJ,,,
bnacionalmg_1960.jpg,BANCO NACIONAL DE MINAS GERAIS S. A.,1944,,,,Petrópolis,Petrópolis,RJ,,,
bnacionalmg_1960.jpg,BANCO NACIONAL DE MINAS GERAIS S. A.,1944,,,,São João de Meriti,São João de Meriti,RJ,,,
bnacionalmg_1960.jpg,BANCO NACIONAL DE MINAS GERAIS S. A.,1944,,,,Campinas,Campinas,SP,,,
bnacionalmg_1960.jpg,BANCO NACIONAL DE MINAS GERAIS S. A.,1944,,,,Santos,Santos,SP,,,
bnacionalmg_1960.jpg,BANCO NACIONAL DE MINAS GERAIS S. A.,1944,,,,São Roque,São Roque,SP,,,
bnacionalmg_1960.jpg,BANCO NACIONAL DE MINAS GERAIS S. A.,1944,,,,Socorro,Socorro,SP,,,
bnacionalmg_1960.jpg,BANCO NACIONAL DE MINAS GERAIS S. A.,1944,,,,Sorocaba,Sorocaba,SP,,,
bnordeste.jpg,BANCO DO NORDESTE DO BRASIL S/A.,1952,,,,Teresina (PI),Teresina,PI,PI,,
bnordeste.jpg,BANCO DO NORDESTE DO BRASIL S/A.,1952,,,,Natal (RN),Natal,RN,RN,,
bnordeste.jpg,BANCO DO NORDESTE DO BRASIL S/A.,1952,,,,João Pessoa (PB),João Pessoa,PB,PB,,
bnordeste.jpg,BANCO DO NORDESTE DO BRASIL S/A.,1952,,,,Recife (PE),Recife,PE,PE,,
bnordeste.jpg,BANCO DO NORDESTE DO BRASIL S/A.,1952,,,,Maceió (AL),Maceió,AL,AL,,
bnordeste.jpg,BANCO DO NORDESTE DO BRASIL S/A.,1952,,,,Aracujú (SE),Aracujú,SE,SE,,
bnordeste.jpg,BANCO DO NORDESTE DO BRASIL S/A.,1952,,,,Salvador (BA),Salvador,BA,BA,,
bnordeste.jpg,BANCO DO NORDESTE DO BRASIL S/A.,1952,,,,Montes Claros (MG),Montes Claros,MG,MG,,
bnordeste.jpg,BANCO DO NORDESTE DO BRASIL S/A.,1952,,,,Cicero Dantas (BA),Cicero Dantas,BA,BA,,
bnordeste.jpg,BANCO DO NORDESTE DO BRASIL S/A.,1952,,,,Itaporanga (PB),Itaporanga,PB,PB,,
bnordeste.jpg,BANCO DO NORDESTE DO BRASIL S/A.,1952,,,,Campina Grande (PB),Campina Grande,PB,PB,,
bnordeste.jpg,BANCO DO NORDESTE DO BRASIL S/A.,1952,,,,Juazeiro do Norte (CE),Juazeiro do Norte,CE,CE,,
bnordeste.jpg,BANCO DO NORDESTE DO BRASIL S/A.,1952,,,,Mossoró (RN),Mossoró,RN,RN,,
bnordeste.jpg,BANCO DO NORDESTE DO BRASIL S/A.,1952,,,,Parnaíba (PI),Parnaíba,PI,PI,,
bnordeste.jpg,BANCO DO NORDESTE DO BRASIL S/A.,1952,,,,Pau dos Ferros (RN),Pau dos Ferros,RN,RN,,
bnordeste.jpg,BANCO DO NORDESTE DO BRASIL S/A.,1952,,,,Surubim (PE),Surubim,PE,PE,,
bnordeste.jpg,BANCO DO NORDESTE DO BRASIL S/A.,1952,,,,Iguatú (CE),Iguatú,CE,CE,,
bnordeste.jpg,BANCO DO NORDESTE DO BRASIL S/A.,1952,,,,Arapiraca (AL),Arapiraca,AL,AL,,
bnordeste.jpg,BANCO DO NORDESTE DO BRASIL S/A.,1952,,,,Oeiras (PI),Oeiras,PI,PI,,
bnordeste.jpg,BANCO DO NORDESTE DO BRASIL S/A.,1952,,,,Garará (SE),Garará,SE,SE,,
bnordeste.jpg,BANCO DO NORDESTE DO BRASIL S/A.,1952,,,,São Benedito (CE),São Benedito,CE,CE,,
bnordeste.jpg,BANCO DO NORDESTE DO BRASIL S/A.,1952,,,,Limoeiro do Norte (CE),Limoeiro do Norte,CE,CE,,
bnordeste.jpg,BANCO DO NORDESTE DO BRASIL S/A.,1952,,,,Novas Russas (CE),Novas Russas,CE,CE,,
bnordeste.jpg,BANCO DO NORDESTE DO BRASIL S/A.,1952,,,,Anqicos (RN),Anqicos,RN,RN,,
bnordeste.jpg,BANCO DO NORDESTE DO BRASIL S/A.,1952,,,,Petrolina (PE),Petrolina,PE,PE,,
bnordeste.jpg,BANCO DO NORDESTE DO BRASIL S/A.,1952,,,,Simão Dias (BE),Simão Dias,SE,BE,,
bnordeste.jpg,BANCO DO NORDESTE DO BRASIL S/A.,1952,,,,Audarai (BA),Audarai,BA,BA,,
bnordeste.jpg,BANCO DO NORDESTE DO BRASIL S/A.,1952,,,,Garanhuns (PE),Garanhuns,PE,PE,,
bnordeste.jpg,BANCO DO NORDESTE DO BRASIL S/A.,1952,,,,Feira de Santana (BA),Feira de Santana,BA,BA,,
bnordeste.jpg,BANCO DO NORDESTE DO BRASIL S/A.,1952,,,,Sobral (CE) Sousa (PB),Sobral (CE) Sousa,PB,PB,,
bnordeste.jpg,BANCO DO NORDESTE DO BRASIL S/A.,1952,,,,Mata Grande (AL),Mata Grande,AL,AL,,
bnoroeste.jpg,BANCO NOROESTE DO ESTADO DE SÃO PAULO S. A.,1923,,"Cr$ 725.000.000,00","Cr$ 725.000.000,00",Agudos,Agudos,SP,,,
bnoroeste.jpg,BANCO NOROESTE DO ESTADO DE SÃO PAULO S. A.,1923,,"Cr$ 725.000.000,00","Cr$ 725.000.000,00",Andradina,Andradina,SP,,,
bnoroeste.jpg,BANCO NOROESTE DO ESTADO DE SÃO PAULO S. A.,1923,,"Cr$ 725.000.000,00","Cr$ 725.000.000,00",Araçatuba,Araçatuba,SP,,,
bnoroeste.jpg,BANCO NOROESTE DO ESTADO DE SÃO PAULO S. A.,1923,,"Cr$ 725.000.000,00","Cr$ 725.000.000,00",Bauru,Bauru,SP,,,
bnoroeste.jpg,BANCO NOROESTE DO ESTADO DE SÃO PAULO S. A.,1923,,"Cr$ 725.000.000,00","Cr$ 725.000.000,00",Biriquí,Birigui,SP,,,
bnoroeste.jpg,BANCO NOROESTE DO ESTADO DE SÃO PAULO S. A.,1923,,"Cr$ 725.000.000,00","Cr$ 725.000.000,00",Bonfim (Campinas),Bonfim,SP,Campinas,,
bnoroeste.jpg,BANCO NOROESTE DO ESTADO DE SÃO PAULO S. A.,1923,,"Cr$ 725.000.000,00","Cr$ 725.000.000,00",Campinas,Campinas,SP,,,
bnoroeste.jpg,BANCO NOROESTE DO ESTADO DE SÃO PAULO S. A.,1923,,"Cr$ 725.000.000,00","Cr$ 725.000.000,00",Catanduva,Catanduva,SP,,,
bnoroeste.jpg,BANCO NOROESTE DO ESTADO DE SÃO PAULO S. A.,1923,,"Cr$ 725.000.000,00","Cr$ 725.000.000,00",Cedral,Cedral,SP,,,
bnoroeste.jpg,BANCO NOROESTE DO ESTADO DE SÃO PAULO S. A.,1923,,"Cr$ 725.000.000,00","Cr$ 725.000.000,00",Garça,Garça,SP,,,
bnoroeste.jpg,BANCO NOROESTE DO ESTADO DE SÃO PAULO S. A.,1923,,"Cr$ 725.000.000,00","Cr$ 725.000.000,00",Getulina,Getulina,SP,,,
bnoroeste.jpg,BANCO NOROESTE DO ESTADO DE SÃO PAULO S. A.,1923,,"Cr$ 725.000.000,00","Cr$ 725.000.000,00",Guararapes,Guararapes,SP,,,
bnoroeste.jpg,BANCO NOROESTE DO ESTADO DE SÃO PAULO S. A.,1923,,"Cr$ 725.000.000,00","Cr$ 725.000.000,00",Guarulhos,Guarulhos,SP,,,
bnoroeste.jpg,BANCO NOROESTE DO ESTADO DE SÃO PAULO S. A.,1923,,"Cr$ 725.000.000,00","Cr$ 725.000.000,00",Jundiaí,Jundiaí,SP,,,
bnoroeste.jpg,BANCO NOROESTE DO ESTADO DE SÃO PAULO S. A.,1923,,"Cr$ 725.000.000,00","Cr$ 725.000.000,00",Lins,Lins,SP,,,
bnoroeste.jpg,BANCO NOROESTE DO ESTADO DE SÃO PAULO S. A.,1923,,"Cr$ 725.000.000,00","Cr$ 725.000.000,00",Marília,Marília,SP,,,
bnoroeste.jpg,BANCO NOROESTE DO ESTADO DE SÃO PAULO S. A.,1923,,"Cr$ 725.000.000,00","Cr$ 725.000.000,00",Mirandópolis,Mirandópolis,SP,,,
bnoroeste.jpg,BANCO NOROESTE DO ESTADO DE SÃO PAULO S. A.,1923,,"Cr$ 725.000.000,00","Cr$ 725.000.000,00",Mirassol,Mirassol,SP,,,
bnoroeste.jpg,BANCO NOROESTE DO ESTADO DE SÃO PAULO S. A.,1923,,"Cr$ 725.000.000,00","Cr$ 725.000.000,00",Monte Aprazível,Monte Aprazível,SP,,,
bnoroeste.jpg,BANCO NOROESTE DO ESTADO DE SÃO PAULO S. A.,1923,,"Cr$ 725.000.000,00","Cr$ 725.000.000,00",Neves Paulista,Neves Paulista,SP,,,
bnoroeste.jpg,BANCO NOROESTE DO ESTADO DE SÃO PAULO S. A.,1923,,"Cr$ 725.000.000,00","Cr$ 725.000.000,00",Osvaldo Cruz,Osvaldo Cruz,SP,,,
bnoroeste.jpg,BANCO NOROESTE DO ESTADO DE SÃO PAULO S. A.,1923,,"Cr$ 725.000.000,00","Cr$ 725.000.000,00",Penápolis,Penápolis,SP,,,
bnoroeste.jpg,BANCO NOROESTE DO ESTADO DE SÃO PAULO S. A.,1923,,"Cr$ 725.000.000,00","Cr$ 725.000.000,00",Pirajuí,Pirajuí,SP,,,
bnoroeste.jpg,BANCO NOROESTE DO ESTADO DE SÃO PAULO S. A.,1923,,"Cr$ 725.000.000,00","Cr$ 725.000.000,00",Promissão,Promissão,SP,,,
bnoroeste.jpg,BANCO NOROESTE DO ESTADO DE SÃO PAULO S. A.,1923,,"Cr$ 725.000.000,00","Cr$ 725.000.000,00",Rudge-Ramos,Rudge-Ramos,SP,,,
bnoroeste.jpg,BANCO NOROESTE DO ESTADO DE SÃO PAULO S. A.,1923,,"Cr$ 725.000.000,00","Cr$ 725.000.000,00",Santo André,Santo André,SP,,,
bnoroeste.jpg,BANCO NOROESTE DO ESTADO DE SÃO PAULO S. A.,1923,,"Cr$ 725.000.000,00","Cr$ 725.000.000,00",Santos,Santos,SP,,,
bnoroeste.jpg,BANCO NOROESTE DO ESTADO DE SÃO PAULO S. A.,1923,,"Cr$ 725.000.000,00","Cr$ 725.000.000,00",São Bernardo do Campo,São Bernardo do Campo,SP,,,
bnoroeste.jpg,BANCO NOROESTE DO ESTADO DE SÃO PAULO S. A.,1923,,"Cr$ 725.000.000,00","Cr$ 725.000.000,00",São Caetano do Sul,São Caetano do Sul,SP,,,
bnoroeste.jpg,BANCO NOROESTE DO ESTADO DE SÃO PAULO S. A.,1923,,"Cr$ 725.000.000,00","Cr$ 725.000.000,00",São José do Rio Prêto,São José do Rio Prêto,SP,,,
bnoroeste.jpg,BANCO NOROESTE DO ESTADO DE SÃO PAULO S. A.,1923,,"Cr$ 725.000.000,00","Cr$ 725.000.000,00",Sorocaba,Sorocaba,SP,,,
bnoroeste.jpg,BANCO NOROESTE DO ESTADO DE SÃO PAULO S. A.,1923,,"Cr$ 725.000.000,00","Cr$ 725.000.000,00",Tupã,Tupã,SP,,,
bnoroeste.jpg,BANCO NOROESTE DO ESTADO DE SÃO PAULO S. A.,1923,,"Cr$ 725.000.000,00","Cr$ 725.000.000,00",Urupês,Urupês,SP,,,
bnoroeste.jpg,BANCO NOROESTE DO ESTADO DE SÃO PAULO S. A.,1923,,"Cr$ 725.000.000,00","Cr$ 725.000.000,00",Valparaíso,Valparaíso,SP,,,
bnoroeste.jpg,BANCO NOROESTE DO ESTADO DE SÃO PAULO S. A.,1923,,"Cr$ 725.000.000,00","Cr$ 725.000.000,00",Andirá,Andirá,PR,,,
bnoroeste.jpg,BANCO NOROESTE DO ESTADO DE SÃO PAULO S. A.,1923,,"Cr$ 725.000.000,00","Cr$ 725.000.000,00",Apucarana,Apucarana,PR,,,
bnoroeste.jpg,BANCO NOROESTE DO ESTADO DE SÃO PAULO S. A.,1923,,"Cr$ 725.000.000,00","Cr$ 725.000.000,00",Arapongas,Arapongas,PR,,,
bnoroeste.jpg,BANCO NOROESTE DO ESTADO DE SÃO PAULO S. A.,1923,,"Cr$ 725.000.000,00","Cr$ 725.000.000,00",Assaí,Assaí,PR,,,
bnoroeste.jpg,BANCO NOROESTE DO ESTADO DE SÃO PAULO S. A.,1923,,"Cr$ 725.000.000,00","Cr$ 725.000.000,00",Astorga,Astorga,PR,,,
bnoroeste.jpg,BANCO NOROESTE DO ESTADO DE SÃO PAULO S. A.,1923,,"Cr$ 725.000.000,00","Cr$ 725.000.000,00",Bandeirantes,Bandeirantes,PR,,,
bnoroeste.jpg,BANCO NOROESTE DO ESTADO DE SÃO PAULO S. A.,1923,,"Cr$ 725.000.000,00","Cr$ 725.000.000,00",Bela Vista do Paraíso,Bela Vista do Paraíso,PR,,,
bnoroeste.jpg,BANCO NOROESTE DO ESTADO DE SÃO PAULO S. A.,1923,,"Cr$ 725.000.000,00","Cr$ 725.000.000,00",Cambé,Cambé,PR,,,
bnoroeste.jpg,BANCO NOROESTE DO ESTADO DE SÃO PAULO S. A.,1923,,"Cr$ 725.000.000,00","Cr$ 725.000.000,00",Cornélio Procópio,Cornélio Procópio,PR,,,
bnoroeste.jpg,BANCO NOROESTE DO ESTADO DE SÃO PAULO S. A.,1923,,"Cr$ 725.000.000,00","Cr$ 725.000.000,00",Curitiba,Curitiba,PR,,,
bnoroeste.jpg,BANCO NOROESTE DO ESTADO DE SÃO PAULO S. A.,1923,,"Cr$ 725.000.000,00","Cr$ 725.000.000,00",Ibiporã,Ibiporã,PR,,,
bnoroeste.jpg,BANCO NOROESTE DO ESTADO DE SÃO PAULO S. A.,1923,,"Cr$ 725.000.000,00","Cr$ 725.000.000,00",Jaquapitã,Jaguapitã,PR,,,
bnoroeste.jpg,BANCO NOROESTE DO ESTADO DE SÃO PAULO S. A.,1923,,"Cr$ 725.000.000,00","Cr$ 725.000.000,00",Jandáia do Sul,Jandáia do Sul,PR,,,
bnoroeste.jpg,BANCO NOROESTE DO ESTADO DE SÃO PAULO S. A.,1923,,"Cr$ 725.000.000,00","Cr$ 725.000.000,00",Londrina,Londrina,PR,,,
bnoroeste.jpg,BANCO NOROESTE DO ESTADO DE SÃO PAULO S. A.,1923,,"Cr$ 725.000.000,00","Cr$ 725.000.000,00",Mandaquacu,Mandaguaçu,PR,,,
bnoroeste.jpg,BANCO NOROESTE DO ESTADO DE SÃO PAULO S. A.,1923,,"Cr$ 725.000.000,00","Cr$ 725.000.000,00",Mandaquari,Mandaguari,PR,,,
bnoroeste.jpg,BANCO NOROESTE DO ESTADO DE SÃO PAULO S. A.,1923,,"Cr$ 725.000.000,00","Cr$ 725.000.000,00",Marialva,Marialva,PR,,,
bnoroeste.jpg,BANCO NOROESTE DO ESTADO DE SÃO PAULO S. A.,1923,,"Cr$ 725.000.000,00","Cr$ 725.000.000,00",Maringá,Maringá,PR,,,
bnoroeste.jpg,BANCO NOROESTE DO ESTADO DE SÃO PAULO S. A.,1923,,"Cr$ 725.000.000,00","Cr$ 725.000.000,00",Nova Esperança,Nova Esperança,PR,,,
bnoroeste.jpg,BANCO NOROESTE DO ESTADO DE SÃO PAULO S. A.,1923,,"Cr$ 725.000.000,00","Cr$ 725.000.000,00",Paranaquá,Paranaguá,PR,,,
bnoroeste.jpg,BANCO NOROESTE DO ESTADO DE SÃO PAULO S. A.,1923,,"Cr$ 725.000.000,00","Cr$ 725.000.000,00",Paranavaí,Paranavaí,PR,,,
bnoroeste.jpg,BANCO NOROESTE DO ESTADO DE SÃO PAULO S. A.,1923,,"Cr$ 725.000.000,00","Cr$ 725.000.000,00",Rolândia,Rolândia,PR,,,
bnoroeste.jpg,BANCO NOROESTE DO ESTADO DE SÃO PAULO S. A.,1923,,"Cr$ 725.000.000,00","Cr$ 725.000.000,00",Santo Antônio da Platina,Santo Antônio da Platina,PR,,,
bnoroeste.jpg,BANCO NOROESTE DO ESTADO DE SÃO PAULO S. A.,1923,,"Cr$ 725.000.000,00","Cr$ 725.000.000,00",Sertanópolis,Sertanópolis,PR,,,
bnoroeste.jpg,BANCO NOROESTE DO ESTADO DE SÃO PAULO S. A.,1923,,"Cr$ 725.000.000,00","Cr$ 725.000.000,00",Central,Rio de Janeiro,GB,,Central,Urban/metropolitan branch location
bnoroeste.jpg,BANCO NOROESTE DO ESTADO DE SÃO PAULO S. A.,1923,,"Cr$ 725.000.000,00","Cr$ 725.000.000,00",43,Rio de Janeiro,GB,,43,Urban/metropolitan branch location
bnoroeste.jpg,BANCO NOROESTE DO ESTADO DE SÃO PAULO S. A.,1923,,"Cr$ 725.000.000,00","Cr$ 725.000.000,00",Copacabana,Rio de Janeiro,GB,,Copacabana,Urban/metropolitan branch location
bnoroeste.jpg,BANCO NOROESTE DO ESTADO DE SÃO PAULO S. A.,1923,,"Cr$ 725.000.000,00","Cr$ 725.000.000,00",836,Rio de Janeiro,GB,,836,Urban/metropolitan branch location
bpredrj.jpg,BANCO PREDIAL DO ESTADO DO RIO DE JANEIROS. A.,1917,,,,S. A. FUNDADO EM 1917,S. A. FUNDADO EM 1917,RJ,,,
bpredrj.jpg,BANCO PREDIAL DO ESTADO DO RIO DE JANEIROS. A.,1917,,,,1 a 15,1 a 15,RJ,,,
bpredrj.jpg,BANCO PREDIAL DO ESTADO DO RIO DE JANEIROS. A.,1917,,,,(Edifício Próprio),,RJ,Edifício Próprio,,
bpredrj.jpg,BANCO PREDIAL DO ESTADO DO RIO DE JANEIROS. A.,1917,,,,NITERÓI,NITERÓI,RJ,,,
bpredrj.jpg,BANCO PREDIAL DO ESTADO DO RIO DE JANEIROS. A.,1917,,,,Inspetoria: 3353,Inspetoria: 3353,RJ,,,
bpredrj.jpg,BANCO PREDIAL DO ESTADO DO RIO DE JANEIROS. A.,1917,,,,Expediente: 5273,Expediente: 5273,RJ,,,
bpredrj.jpg,BANCO PREDIAL DO ESTADO DO RIO DE JANEIROS. A.,1917,,,,105-107,105-107,RJ,,,
bpredrj.jpg,BANCO PREDIAL DO ESTADO DO RIO DE JANEIROS. A.,1917,,,,Rio de Janeiro,Rio de Janeiro,GB,,,
bpredrj.jpg,BANCO PREDIAL DO ESTADO DO RIO DE JANEIROS. A.,1917,,,,43-0481,43-0481,RJ,,,
bpredrj.jpg,BANCO PREDIAL DO ESTADO DO RIO DE JANEIROS. A.,1917,,,,BANGU,Rio de Janeiro,GB,,BANGU,Urban/metropolitan branch location
bpredrj.jpg,BANCO PREDIAL DO ESTADO DO RIO DE JANEIROS. A.,1917,,,,144,Rio de Janeiro,GB,,144,Urban/metropolitan branch location
bpredrj.jpg,BANCO PREDIAL DO ESTADO DO RIO DE JANEIROS. A.,1917,,,,CAMPO GRANDE,Rio de Janeiro,GB,,CAMPO GRANDE,Urban/metropolitan branch location
bpredrj.jpg,BANCO PREDIAL DO ESTADO DO RIO DE JANEIROS. A.,1917,,,,136,Rio de Janeiro,GB,,136,Urban/metropolitan branch location
bpredrj.jpg,BANCO PREDIAL DO ESTADO DO RIO DE JANEIROS. A.,1917,,,,CASCA-DURA,Rio de Janeiro,GB,,CASCA-DURA,Urban/metropolitan branch location
bpredrj.jpg,BANCO PREDIAL DO ESTADO DO RIO DE JANEIROS. A.,1917,,,,CATETE,Rio de Janeiro,GB,,CATETE,Urban/metropolitan branch location
bpredrj.jpg,BANCO PREDIAL DO ESTADO DO RIO DE JANEIROS. A.,1917,,,,302,Rio de Janeiro,GB,,302,Urban/metropolitan branch location
bpredrj.jpg,BANCO PREDIAL DO ESTADO DO RIO DE JANEIROS. A.,1917,,,,FREI CANECA,Rio de Janeiro,GB,,FREI CANECA,Urban/metropolitan branch location
bpredrj.jpg,BANCO PREDIAL DO ESTADO DO RIO DE JANEIROS. A.,1917,,,,135,Rio de Janeiro,GB,,135,Urban/metropolitan branch location
bpredrj.jpg,BANCO PREDIAL DO ESTADO DO RIO DE JANEIROS. A.,1917,,,,IPANEMA,Rio de Janeiro,GB,,IPANEMA,Urban/metropolitan branch location
bpredrj.jpg,BANCO PREDIAL DO ESTADO DO RIO DE JANEIROS. A.,1917,,,,261,Rio de Janeiro,GB,,261,Urban/metropolitan branch location
bpredrj.jpg,BANCO PREDIAL DO ESTADO DO RIO DE JANEIROS. A.,1917,,,,JACAREPAGUÁ,Rio de Janeiro,GB,,JACAREPAGUÁ,Urban/metropolitan branch location
bpredrj.jpg,BANCO PREDIAL DO ESTADO DO RIO DE JANEIROS. A.,1917,,,,125,Rio de Janeiro,GB,,125,Urban/metropolitan branch location
bpredrj.jpg,BANCO PREDIAL DO ESTADO DO RIO DE JANEIROS. A.,1917,,,,MADUREIRA,Rio de Janeiro,GB,,MADUREIRA,Urban/metropolitan branch location
bpredrj.jpg,BANCO PREDIAL DO ESTADO DO RIO DE JANEIROS. A.,1917,,,,33,Rio de Janeiro,GB,,33,Urban/metropolitan branch location
bpredrj.jpg,BANCO PREDIAL DO ESTADO DO RIO DE JANEIROS. A.,1917,,,,MEIER,Rio de Janeiro,GB,,MEIER,Urban/metropolitan branch location
bpredrj.jpg,BANCO PREDIAL DO ESTADO DO RIO DE JANEIROS. A.,1917,,,,18,Rio de Janeiro,GB,,18,Urban/metropolitan branch location
bpredrj.jpg,BANCO PREDIAL DO ESTADO DO RIO DE JANEIROS. A.,1917,,,,PENHA,Rio de Janeiro,GB,,PENHA,Urban/metropolitan branch location
bpredrj.jpg,BANCO PREDIAL DO ESTADO DO RIO DE JANEIROS. A.,1917,,,,173,Rio de Janeiro,GB,,173,Urban/metropolitan branch location
bpredrj.jpg,BANCO PREDIAL DO ESTADO DO RIO DE JANEIROS. A.,1917,,,,PRAÇA DA BANDEIRA,Rio de Janeiro,GB,,PRAÇA DA BANDEIRA,Urban/metropolitan branch location
bpredrj.jpg,BANCO PREDIAL DO ESTADO DO RIO DE JANEIROS. A.,1917,,,,Praça da Bandeira,Rio de Janeiro,GB,,Praça da Bandeira,Urban/metropolitan branch location
bpredrj.jpg,BANCO PREDIAL DO ESTADO DO RIO DE JANEIROS. A.,1917,,,,305,Rio de Janeiro,GB,,305,Urban/metropolitan branch location
bpredrj.jpg,BANCO PREDIAL DO ESTADO DO RIO DE JANEIROS. A.,1917,,,,RAMOS,Rio de Janeiro,GB,,RAMOS,Urban/metropolitan branch location
bpredrj.jpg,BANCO PREDIAL DO ESTADO DO RIO DE JANEIROS. A.,1917,,,,1.087,Rio de Janeiro,GB,,1.087,Urban/metropolitan branch location
bpredrj.jpg,BANCO PREDIAL DO ESTADO DO RIO DE JANEIROS. A.,1917,,,,SANTA CRUZ,Rio de Janeiro,GB,,SANTA CRUZ,Urban/metropolitan branch location
bpredrj.jpg,BANCO PREDIAL DO ESTADO DO RIO DE JANEIROS. A.,1917,,,,17,Rio de Janeiro,GB,,17,Urban/metropolitan branch location
bpredrj.jpg,BANCO PREDIAL DO ESTADO DO RIO DE JANEIROS. A.,1917,,,,URUGUAIANA,Rio de Janeiro,GB,,URUGUAIANA,Urban/metropolitan branch location
bpredrj.jpg,BANCO PREDIAL DO ESTADO DO RIO DE JANEIROS. A.,1917,,,,94/96,Rio de Janeiro,GB,,94/96,Urban/metropolitan branch location
bpredrj.jpg,BANCO PREDIAL DO ESTADO DO RIO DE JANEIROS. A.,1917,,,,VILA ISABEL,Rio de Janeiro,GB,,VILA ISABEL,Urban/metropolitan branch location
bpredrj.jpg,BANCO PREDIAL DO ESTADO DO RIO DE JANEIROS. A.,1917,,,,339. DO,Rio de Janeiro,GB,,339. DO,Urban/metropolitan branch location
bpredrj.jpg,BANCO PREDIAL DO ESTADO DO RIO DE JANEIROS. A.,1917,,,,Alcântara,Alcântara,RJ,,,
bpredrj.jpg,BANCO PREDIAL DO ESTADO DO RIO DE JANEIROS. A.,1917,,,,Angra dos Reis,Angra dos Reis,RJ,,,
bpredrj.jpg,BANCO PREDIAL DO ESTADO DO RIO DE JANEIROS. A.,1917,,,,Araruama,Araruama,RJ,,,
bpredrj.jpg,BANCO PREDIAL DO ESTADO DO RIO DE JANEIROS. A.,1917,,,,Barra Mansa,Barra Mansa,RJ,,,
bpredrj.jpg,BANCO PREDIAL DO ESTADO DO RIO DE JANEIROS. A.,1917,,,,Barra do Pirá,Barra do Pirá,RJ,,,
bpredrj.jpg,BANCO PREDIAL DO ESTADO DO RIO DE JANEIROS. A.,1917,,,,Belford Roxo,Belford Roxo,RJ,,,
bpredrj.jpg,BANCO PREDIAL DO ESTADO DO RIO DE JANEIROS. A.,1917,,,,Bom Jardim,Bom Jardim,RJ,,,
bpredrj.jpg,BANCO PREDIAL DO ESTADO DO RIO DE JANEIROS. A.,1917,,,,Cabo Frio,Cabo Frio,RJ,,,
bpredrj.jpg,BANCO PREDIAL DO ESTADO DO RIO DE JANEIROS. A.,1917,,,,Cach. Macacú,Cachoeiras de Macacu,RJ,,,
bpredrj.jpg,BANCO PREDIAL DO ESTADO DO RIO DE JANEIROS. A.,1917,,,,Campos,Campos,RJ,,,
bpredrj.jpg,BANCO PREDIAL DO ESTADO DO RIO DE JANEIROS. A.,1917,,,,Conceição do Macabú,Conceição do Macabú,RJ,,,
bpredrj.jpg,BANCO PREDIAL DO ESTADO DO RIO DE JANEIROS. A.,1917,,,,Duque de Caxias,Duque de Caxias,RJ,,,
bpredrj.jpg,BANCO PREDIAL DO ESTADO DO RIO DE JANEIROS. A.,1917,,,,Itaboraí,Itaboraí,RJ,,,
bpredrj.jpg,BANCO PREDIAL DO ESTADO DO RIO DE JANEIROS. A.,1917,,,,Itaquai,Itaquai,RJ,,,
bpredrj.jpg,BANCO PREDIAL DO ESTADO DO RIO DE JANEIROS. A.,1917,,,,Itacocara,Itacocara,RJ,,,
bpredrj.jpg,BANCO PREDIAL DO ESTADO DO RIO DE JANEIROS. A.,1917,,,,Itaperuna,Itaperuna,RJ,,,
bpredrj.jpg,BANCO PREDIAL DO ESTADO DO RIO DE JANEIROS. A.,1917,,,,Macaé,Macaé,RJ,,,
bpredrj.jpg,BANCO PREDIAL DO ESTADO DO RIO DE JANEIROS. A.,1917,,,,Magé,Magé,RJ,,,
bpredrj.jpg,BANCO PREDIAL DO ESTADO DO RIO DE JANEIROS. A.,1917,,,,Mangaratiba,Mangaratiba,RJ,,,
bpredrj.jpg,BANCO PREDIAL DO ESTADO DO RIO DE JANEIROS. A.,1917,,,,Maricá,Maricá,RJ,,,
bpredrj.jpg,BANCO PREDIAL DO ESTADO DO RIO DE JANEIROS. A.,1917,,,,Mesquita,Mesquita,RJ,,,
bpredrj.jpg,BANCO PREDIAL DO ESTADO DO RIO DE JANEIROS. A.,1917,,,,Neves,Neves,RJ,,,
bpredrj.jpg,BANCO PREDIAL DO ESTADO DO RIO DE JANEIROS. A.,1917,,,,Nilópolis,Nilópolis,RJ,,,
bpredrj.jpg,BANCO PREDIAL DO ESTADO DO RIO DE JANEIROS. A.,1917,,,,Nova Friburgo,Nova Friburgo,RJ,,,
bpredrj.jpg,BANCO PREDIAL DO ESTADO DO RIO DE JANEIROS. A.,1917,,,,Nova Iguaçu,Nova Iguaçu,RJ,,,
bpredrj.jpg,BANCO PREDIAL DO ESTADO DO RIO DE JANEIROS. A.,1917,,,,Parati,Parati,RJ,,,
bpredrj.jpg,BANCO PREDIAL DO ESTADO DO RIO DE JANEIROS. A.,1917,,,,Pati do Alfares,Pati do Alfares,RJ,,,
bpredrj.jpg,BANCO PREDIAL DO ESTADO DO RIO DE JANEIROS. A.,1917,,,,Petrópolis,Petrópolis,RJ,,,
bpredrj.jpg,BANCO PREDIAL DO ESTADO DO RIO DE JANEIROS. A.,1917,,,,Pirá,Pirá,RJ,,,
bpredrj.jpg,BANCO PREDIAL DO ESTADO DO RIO DE JANEIROS. A.,1917,,,,Resende,Resende,RJ,,,
bpredrj.jpg,BANCO PREDIAL DO ESTADO DO RIO DE JANEIROS. A.,1917,,,,Rio Bonito,Rio Bonito,RJ,,,
bpredrj.jpg,BANCO PREDIAL DO ESTADO DO RIO DE JANEIROS. A.,1917,,,,Sto. Antônio de Pádua,Sto. Antônio de Pádua,RJ,,,
bpredrj.jpg,BANCO PREDIAL DO ESTADO DO RIO DE JANEIROS. A.,1917,,,,São Fidelis,São Fidelis,RJ,,,
bpredrj.jpg,BANCO PREDIAL DO ESTADO DO RIO DE JANEIROS. A.,1917,,,,São Gonçalo,São Gonçalo,RJ,,,
bpredrj.jpg,BANCO PREDIAL DO ESTADO DO RIO DE JANEIROS. A.,1917,,,,São João de Meriti,São João de Meriti,RJ,,,
bpredrj.jpg,BANCO PREDIAL DO ESTADO DO RIO DE JANEIROS. A.,1917,,,,São José do Rio Preto,São José do Rio Preto,RJ,,,
bpredrj.jpg,BANCO PREDIAL DO ESTADO DO RIO DE JANEIROS. A.,1917,,,,Sapucaia,Sapucaia,RJ,,,
bpredrj.jpg,BANCO PREDIAL DO ESTADO DO RIO DE JANEIROS. A.,1917,,,,Tairetá,Tairetá,RJ,,,
bpredrj.jpg,BANCO PREDIAL DO ESTADO DO RIO DE JANEIROS. A.,1917,,,,Terezópolis,Teresópolis,RJ,,,
bpredrj.jpg,BANCO PREDIAL DO ESTADO DO RIO DE JANEIROS. A.,1917,,,,Três Rios,Três Rios,RJ,,,
bpredrj.jpg,BANCO PREDIAL DO ESTADO DO RIO DE JANEIROS. A.,1917,,,,20 - loja 1,20 - loja 1,RJ,,,
bpredrj.jpg,BANCO PREDIAL DO ESTADO DO RIO DE JANEIROS. A.,1917,,,,Niterói,Niterói,RJ,,,
bpredrj.jpg,BANCO PREDIAL DO ESTADO DO RIO DE JANEIROS. A.,1917,,,,(São Lourenço),,RJ,São Lourenço,,
bpredrj.jpg,BANCO PREDIAL DO ESTADO DO RIO DE JANEIROS. A.,1917,,,,Niterói,Niterói,RJ,,,
bpredrj.jpg,BANCO PREDIAL DO ESTADO DO RIO DE JANEIROS. A.,1917,,,,Valença,Valença,RJ,,,
bpredrj.jpg,BANCO PREDIAL DO ESTADO DO RIO DE JANEIROS. A.,1917,,,,Vassouras,Vassouras,RJ,,,
bpredrj.jpg,BANCO PREDIAL DO ESTADO DO RIO DE JANEIROS. A.,1917,,,,Volta Redonda,Volta Redonda,RJ,,,
bpredrj.jpg,BANCO PREDIAL DO ESTADO DO RIO DE JANEIROS. A.,1917,,,,Vitória,Vitória,ES,,,
bpredrj.jpg,BANCO PREDIAL DO ESTADO DO RIO DE JANEIROS. A.,1917,,,,Cachoeiro de Itapemirim,Cachoeiro de Itapemirim,ES,,,
bproducaomg.jpg,BANCO MINEIRO DA PRODUÇÃO S. A.,1934,,"Cr$ 500.000.000,00","Cr$ 340.000.000,00",Matriz: Belo Horizonte,Belo Horizonte,MG,,Matriz,
bproducaomg.jpg,BANCO MINEIRO DA PRODUÇÃO S. A.,1934,,"Cr$ 500.000.000,00","Cr$ 340.000.000,00",Filial: São Paulo,São Paulo,SP,,Filial,
bproducaomg.jpg,BANCO MINEIRO DA PRODUÇÃO S. A.,1934,,"Cr$ 500.000.000,00","Cr$ 340.000.000,00",Filial: Rio de Janeiro,Rio de Janeiro,GB,,Filial,
bproducaomg.jpg,BANCO MINEIRO DA PRODUÇÃO S. A.,1934,,"Cr$ 500.000.000,00","Cr$ 340.000.000,00",Filial: Juiz de Fora,Juiz de Fora,MG,,Filial,
bproducaomg.jpg,BANCO MINEIRO DA PRODUÇÃO S. A.,1934,,"Cr$ 500.000.000,00","Cr$ 340.000.000,00",Abaeté,Abaeté,MG,,,
bproducaomg.jpg,BANCO MINEIRO DA PRODUÇÃO S. A.,1934,,"Cr$ 500.000.000,00","Cr$ 340.000.000,00",Águas Formosas,Águas Formosas,MG,,,
bproducaomg.jpg,BANCO MINEIRO DA PRODUÇÃO S. A.,1934,,"Cr$ 500.000.000,00","Cr$ 340.000.000,00",Aimorés,Aimorés,MG,,,
bproducaomg.jpg,BANCO MINEIRO DA PRODUÇÃO S. A.,1934,,"Cr$ 500.000.000,00","Cr$ 340.000.000,00",Almenara,Almenara,MG,,,
bproducaomg.jpg,BANCO MINEIRO DA PRODUÇÃO S. A.,1934,,"Cr$ 500.000.000,00","Cr$ 340.000.000,00",Alto Rio Doce,Alto Rio Doce,MG,,,
bproducaomg.jpg,BANCO MINEIRO DA PRODUÇÃO S. A.,1934,,"Cr$ 500.000.000,00","Cr$ 340.000.000,00",Araçuaí,Araçuaí,MG,,,
bproducaomg.jpg,BANCO MINEIRO DA PRODUÇÃO S. A.,1934,,"Cr$ 500.000.000,00","Cr$ 340.000.000,00",Araguari,Araguari,MG,,,
bproducaomg.jpg,BANCO MINEIRO DA PRODUÇÃO S. A.,1934,,"Cr$ 500.000.000,00","Cr$ 340.000.000,00",Bambuí,Bambuí,MG,,,
bproducaomg.jpg,BANCO MINEIRO DA PRODUÇÃO S. A.,1934,,"Cr$ 500.000.000,00","Cr$ 340.000.000,00",Bicas,Bicas,MG,,,
bproducaomg.jpg,BANCO MINEIRO DA PRODUÇÃO S. A.,1934,,"Cr$ 500.000.000,00","Cr$ 340.000.000,00",Bôa Esperança,Bôa Esperança,MG,,,
bproducaomg.jpg,BANCO MINEIRO DA PRODUÇÃO S. A.,1934,,"Cr$ 500.000.000,00","Cr$ 340.000.000,00",Bocaiúva,Bocaiúva,MG,,,
bproducaomg.jpg,BANCO MINEIRO DA PRODUÇÃO S. A.,1934,,"Cr$ 500.000.000,00","Cr$ 340.000.000,00",Bom Despacho,Bom Despacho,MG,,,
bproducaomg.jpg,BANCO MINEIRO DA PRODUÇÃO S. A.,1934,,"Cr$ 500.000.000,00","Cr$ 340.000.000,00",Caetés (Urbana BH),Caetés,MG,Urbana BH,,
bproducaomg.jpg,BANCO MINEIRO DA PRODUÇÃO S. A.,1934,,"Cr$ 500.000.000,00","Cr$ 340.000.000,00",Cambuquirá,Cambuquirá,MG,,,
bproducaomg.jpg,BANCO MINEIRO DA PRODUÇÃO S. A.,1934,,"Cr$ 500.000.000,00","Cr$ 340.000.000,00",Campesire,Campesire,MG,,,
bproducaomg.jpg,BANCO MINEIRO DA PRODUÇÃO S. A.,1934,,"Cr$ 500.000.000,00","Cr$ 340.000.000,00",Campina Verde,Campina Verde,MG,,,
bproducaomg.jpg,BANCO MINEIRO DA PRODUÇÃO S. A.,1934,,"Cr$ 500.000.000,00","Cr$ 340.000.000,00",Campo Belo,Campo Belo,MG,,,
bproducaomg.jpg,BANCO MINEIRO DA PRODUÇÃO S. A.,1934,,"Cr$ 500.000.000,00","Cr$ 340.000.000,00",Candeias,Candeias,MG,,,
bproducaomg.jpg,BANCO MINEIRO DA PRODUÇÃO S. A.,1934,,"Cr$ 500.000.000,00","Cr$ 340.000.000,00",Carangola,Carangola,MG,,,
bproducaomg.jpg,BANCO MINEIRO DA PRODUÇÃO S. A.,1934,,"Cr$ 500.000.000,00","Cr$ 340.000.000,00",Caratinga,Caratinga,MG,,,
bproducaomg.jpg,BANCO MINEIRO DA PRODUÇÃO S. A.,1934,,"Cr$ 500.000.000,00","Cr$ 340.000.000,00",C. do Rio Claro,Carmo do Rio Claro,MG,,,
bproducaomg.jpg,BANCO MINEIRO DA PRODUÇÃO S. A.,1934,,"Cr$ 500.000.000,00","Cr$ 340.000.000,00",Cássia,Cássia,MG,,,
bproducaomg.jpg,BANCO MINEIRO DA PRODUÇÃO S. A.,1934,,"Cr$ 500.000.000,00","Cr$ 340.000.000,00",C. das Alagôas,Conceição das Alagoas,MG,,,
bproducaomg.jpg,BANCO MINEIRO DA PRODUÇÃO S. A.,1934,,"Cr$ 500.000.000,00","Cr$ 340.000.000,00",Curvêlo,Curvelo,MG,,,
bproducaomg.jpg,BANCO MINEIRO DA PRODUÇÃO S. A.,1934,,"Cr$ 500.000.000,00","Cr$ 340.000.000,00",Divino,Divino,MG,,,
bproducaomg.jpg,BANCO MINEIRO DA PRODUÇÃO S. A.,1934,,"Cr$ 500.000.000,00","Cr$ 340.000.000,00",Divinópolis,Divinópolis,MG,,,
bproducaomg.jpg,BANCO MINEIRO DA PRODUÇÃO S. A.,1934,,"Cr$ 500.000.000,00","Cr$ 340.000.000,00",Dom Silvério,Dom Silvério,MG,,,
bproducaomg.jpg,BANCO MINEIRO DA PRODUÇÃO S. A.,1934,,"Cr$ 500.000.000,00","Cr$ 340.000.000,00",Dôres do Indaiá,Dores do Indaiá,MG,,,
bproducaomg.jpg,BANCO MINEIRO DA PRODUÇÃO S. A.,1934,,"Cr$ 500.000.000,00","Cr$ 340.000.000,00",Entre R. de Minas,Entre R. de Minas,MG,,,
bproducaomg.jpg,BANCO MINEIRO DA PRODUÇÃO S. A.,1934,,"Cr$ 500.000.000,00","Cr$ 340.000.000,00",Espinosa,Espinosa,MG,,,
bproducaomg.jpg,BANCO MINEIRO DA PRODUÇÃO S. A.,1934,,"Cr$ 500.000.000,00","Cr$ 340.000.000,00",Francisco Sá,Francisco Sá,MG,,,
bproducaomg.jpg,BANCO MINEIRO DA PRODUÇÃO S. A.,1934,,"Cr$ 500.000.000,00","Cr$ 340.000.000,00",Frutal,Frutal,MG,,,
bproducaomg.jpg,BANCO MINEIRO DA PRODUÇÃO S. A.,1934,,"Cr$ 500.000.000,00","Cr$ 340.000.000,00",Gov. Valadares,Governador Valadares,MG,,,
bproducaomg.jpg,BANCO MINEIRO DA PRODUÇÃO S. A.,1934,,"Cr$ 500.000.000,00","Cr$ 340.000.000,00",Guarani,Guarani,MG,,,
bproducaomg.jpg,BANCO MINEIRO DA PRODUÇÃO S. A.,1934,,"Cr$ 500.000.000,00","Cr$ 340.000.000,00",Ipanema,Ipanema,MG,,,
bproducaomg.jpg,BANCO MINEIRO DA PRODUÇÃO S. A.,1934,,"Cr$ 500.000.000,00","Cr$ 340.000.000,00",Itamoqi,Itamogi,MG,,,
bproducaomg.jpg,BANCO MINEIRO DA PRODUÇÃO S. A.,1934,,"Cr$ 500.000.000,00","Cr$ 340.000.000,00",Ituiutaba,Ituiutaba,MG,,,
bproducaomg.jpg,BANCO MINEIRO DA PRODUÇÃO S. A.,1934,,"Cr$ 500.000.000,00","Cr$ 340.000.000,00",Jacutinga,Jacutinga,MG,,,
bproducaomg.jpg,BANCO MINEIRO DA PRODUÇÃO S. A.,1934,,"Cr$ 500.000.000,00","Cr$ 340.000.000,00",Joaima,Joaima,MG,,,
bproducaomg.jpg,BANCO MINEIRO DA PRODUÇÃO S. A.,1934,,"Cr$ 500.000.000,00","Cr$ 340.000.000,00",Lajinha,Lajinha,MG,,,
bproducaomg.jpg,BANCO MINEIRO DA PRODUÇÃO S. A.,1934,,"Cr$ 500.000.000,00","Cr$ 340.000.000,00",Lambari,Lambari,MG,,,
bproducaomg.jpg,BANCO MINEIRO DA PRODUÇÃO S. A.,1934,,"Cr$ 500.000.000,00","Cr$ 340.000.000,00",Lavras,Lavras,MG,,,
bproducaomg.jpg,BANCO MINEIRO DA PRODUÇÃO S. A.,1934,,"Cr$ 500.000.000,00","Cr$ 340.000.000,00",Leopoldina,Leopoldina,MG,,,
bproducaomg.jpg,BANCO MINEIRO DA PRODUÇÃO S. A.,1934,,"Cr$ 500.000.000,00","Cr$ 340.000.000,00",Luz,Luz,MG,,,
bproducaomg.jpg,BANCO MINEIRO DA PRODUÇÃO S. A.,1934,,"Cr$ 500.000.000,00","Cr$ 340.000.000,00",Machado,Machado,MG,,,
bproducaomg.jpg,BANCO MINEIRO DA PRODUÇÃO S. A.,1934,,"Cr$ 500.000.000,00","Cr$ 340.000.000,00",Malacacheta,Malacacheta,MG,,,
bproducaomg.jpg,BANCO MINEIRO DA PRODUÇÃO S. A.,1934,,"Cr$ 500.000.000,00","Cr$ 340.000.000,00",Manhuaçu,Manhuaçu,MG,,,
bproducaomg.jpg,BANCO MINEIRO DA PRODUÇÃO S. A.,1934,,"Cr$ 500.000.000,00","Cr$ 340.000.000,00",Manhumirim,Manhumirim,MG,,,
bproducaomg.jpg,BANCO MINEIRO DA PRODUÇÃO S. A.,1934,,"Cr$ 500.000.000,00","Cr$ 340.000.000,00",Mantena,Mantena,MG,,,
bproducaomg.jpg,BANCO MINEIRO DA PRODUÇÃO S. A.,1934,,"Cr$ 500.000.000,00","Cr$ 340.000.000,00",Monte s Claros,Monte s Claros,MG,,,
bproducaomg.jpg,BANCO MINEIRO DA PRODUÇÃO S. A.,1934,,"Cr$ 500.000.000,00","Cr$ 340.000.000,00",Muriaé,Muriaé,MG,,,
bproducaomg.jpg,BANCO MINEIRO DA PRODUÇÃO S. A.,1934,,"Cr$ 500.000.000,00","Cr$ 340.000.000,00",Nepomuceno,Nepomuceno,MG,,,
bproducaomg.jpg,BANCO MINEIRO DA PRODUÇÃO S. A.,1934,,"Cr$ 500.000.000,00","Cr$ 340.000.000,00",Oliveira,Oliveira,MG,,,
bproducaomg.jpg,BANCO MINEIRO DA PRODUÇÃO S. A.,1934,,"Cr$ 500.000.000,00","Cr$ 340.000.000,00",Pará de Minas,Pará de Minas,MG,,,
bproducaomg.jpg,BANCO MINEIRO DA PRODUÇÃO S. A.,1934,,"Cr$ 500.000.000,00","Cr$ 340.000.000,00",Paraguassú,Paraguaçu,MG,,,
bproducaomg.jpg,BANCO MINEIRO DA PRODUÇÃO S. A.,1934,,"Cr$ 500.000.000,00","Cr$ 340.000.000,00",Passos,Passos,MG,,,
bproducaomg.jpg,BANCO MINEIRO DA PRODUÇÃO S. A.,1934,,"Cr$ 500.000.000,00","Cr$ 340.000.000,00",Patos de Minas,Patos de Minas,MG,,,
bproducaomg.jpg,BANCO MINEIRO DA PRODUÇÃO S. A.,1934,,"Cr$ 500.000.000,00","Cr$ 340.000.000,00",Patrocínio,Patrocínio,MG,,,
bproducaomg.jpg,BANCO MINEIRO DA PRODUÇÃO S. A.,1934,,"Cr$ 500.000.000,00","Cr$ 340.000.000,00",Pedra Azul,Pedra Azul,MG,,,
bproducaomg.jpg,BANCO MINEIRO DA PRODUÇÃO S. A.,1934,,"Cr$ 500.000.000,00","Cr$ 340.000.000,00",Pitanguí,Pitanguí,MG,,,
bproducaomg.jpg,BANCO MINEIRO DA PRODUÇÃO S. A.,1934,,"Cr$ 500.000.000,00","Cr$ 340.000.000,00",Poco Fundo,Poço Fundo,MG,,,
bproducaomg.jpg,BANCO MINEIRO DA PRODUÇÃO S. A.,1934,,"Cr$ 500.000.000,00","Cr$ 340.000.000,00",Pocos de Caldas,Poços de Caldas,MG,,,
bproducaomg.jpg,BANCO MINEIRO DA PRODUÇÃO S. A.,1934,,"Cr$ 500.000.000,00","Cr$ 340.000.000,00",Ponte Nova,Ponte Nova,MG,,,
bproducaomg.jpg,BANCO MINEIRO DA PRODUÇÃO S. A.,1934,,"Cr$ 500.000.000,00","Cr$ 340.000.000,00",Pouso Alegre,Pouso Alegre,MG,,,
bproducaomg.jpg,BANCO MINEIRO DA PRODUÇÃO S. A.,1934,,"Cr$ 500.000.000,00","Cr$ 340.000.000,00",Pratápolis,Pratápolis,MG,,,
bproducaomg.jpg,BANCO MINEIRO DA PRODUÇÃO S. A.,1934,,"Cr$ 500.000.000,00","Cr$ 340.000.000,00",Raul Soares,Raul Soares,MG,,,
bproducaomg.jpg,BANCO MINEIRO DA PRODUÇÃO S. A.,1934,,"Cr$ 500.000.000,00","Cr$ 340.000.000,00",Redentor (Urb. J. de Fora),Juiz de Fora,MG,Urb. J. de Fora,Redentor,
bproducaomg.jpg,BANCO MINEIRO DA PRODUÇÃO S. A.,1934,,"Cr$ 500.000.000,00","Cr$ 340.000.000,00",Rio Casca,Rio Casca,MG,,,
bproducaomg.jpg,BANCO MINEIRO DA PRODUÇÃO S. A.,1934,,"Cr$ 500.000.000,00","Cr$ 340.000.000,00",Rio Novo,Rio Novo,MG,,,
bproducaomg.jpg,BANCO MINEIRO DA PRODUÇÃO S. A.,1934,,"Cr$ 500.000.000,00","Cr$ 340.000.000,00",Santa Rita do Sapucaí,Santa Rita do Sapucaí,MG,,,
bproducaomg.jpg,BANCO MINEIRO DA PRODUÇÃO S. A.,1934,,"Cr$ 500.000.000,00","Cr$ 340.000.000,00",São Domingos do Prata,São Domingos do Prata,MG,,,
bproducaomg.jpg,BANCO MINEIRO DA PRODUÇÃO S. A.,1934,,"Cr$ 500.000.000,00","Cr$ 340.000.000,00",São Matheus (Urb. J. de Fora),Juiz de Fora,MG,Urb. J. de Fora,São Matheus,
bproducaomg.jpg,BANCO MINEIRO DA PRODUÇÃO S. A.,1934,,"Cr$ 500.000.000,00","Cr$ 340.000.000,00",São Sebastião do Paraíso,São Sebastião do Paraíso,MG,,,
bproducaomg.jpg,BANCO MINEIRO DA PRODUÇÃO S. A.,1934,,"Cr$ 500.000.000,00","Cr$ 340.000.000,00",Teófilo Oioni,Teófilo Oioni,MG,,,
bproducaomg.jpg,BANCO MINEIRO DA PRODUÇÃO S. A.,1934,,"Cr$ 500.000.000,00","Cr$ 340.000.000,00",Tombos,Tombos,MG,,,
bproducaomg.jpg,BANCO MINEIRO DA PRODUÇÃO S. A.,1934,,"Cr$ 500.000.000,00","Cr$ 340.000.000,00",Tupaciquara,Tupaciguara,MG,,,
bproducaomg.jpg,BANCO MINEIRO DA PRODUÇÃO S. A.,1934,,"Cr$ 500.000.000,00","Cr$ 340.000.000,00",Tupinambas (Urb. BH),Tupinambas,MG,Urb. BH,,
bproducaomg.jpg,BANCO MINEIRO DA PRODUÇÃO S. A.,1934,,"Cr$ 500.000.000,00","Cr$ 340.000.000,00",Tupis (Urb. BH),Tupis,MG,Urb. BH,,
bproducaomg.jpg,BANCO MINEIRO DA PRODUÇÃO S. A.,1934,,"Cr$ 500.000.000,00","Cr$ 340.000.000,00",Ubá,Ubá,MG,,,
bproducaomg.jpg,BANCO MINEIRO DA PRODUÇÃO S. A.,1934,,"Cr$ 500.000.000,00","Cr$ 340.000.000,00",Uberaba,Uberaba,MG,,,
bproducaomg.jpg,BANCO MINEIRO DA PRODUÇÃO S. A.,1934,,"Cr$ 500.000.000,00","Cr$ 340.000.000,00",Uberlândia,Uberlândia,MG,,,
bproducaomg.jpg,BANCO MINEIRO DA PRODUÇÃO S. A.,1934,,"Cr$ 500.000.000,00","Cr$ 340.000.000,00",Varqinha,Varqinha,MG,,,
bproducaomg.jpg,BANCO MINEIRO DA PRODUÇÃO S. A.,1934,,"Cr$ 500.000.000,00","Cr$ 340.000.000,00",Vicosa,Viçosa,MG,,,
bproducaomg.jpg,BANCO MINEIRO DA PRODUÇÃO S. A.,1934,,"Cr$ 500.000.000,00","Cr$ 340.000.000,00",N. S. de Fátima (Brasília),Brasília,DF,Brasília,N. S. de Fátima,
bproducaomg.jpg,BANCO MINEIRO DA PRODUÇÃO S. A.,1934,,"Cr$ 500.000.000,00","Cr$ 340.000.000,00",Castro Alves (Urb. Salvador),Salvador,BA,Urb. Salvador,Castro Alves,
bproducaomg.jpg,BANCO MINEIRO DA PRODUÇÃO S. A.,1934,,"Cr$ 500.000.000,00","Cr$ 340.000.000,00",Feira de Santana,Feira de Santana,BA,,,
bproducaomg.jpg,BANCO MINEIRO DA PRODUÇÃO S. A.,1934,,"Cr$ 500.000.000,00","Cr$ 340.000.000,00",Ruy Barbosa (Urb. Salvador),Salvador,BA,Urb. Salvador,Ruy Barbosa,
bproducaomg.jpg,BANCO MINEIRO DA PRODUÇÃO S. A.,1934,,"Cr$ 500.000.000,00","Cr$ 340.000.000,00",Vitória da Conquista,Vitória da Conquista,BA,,,
bproducaomg.jpg,BANCO MINEIRO DA PRODUÇÃO S. A.,1934,,"Cr$ 500.000.000,00","Cr$ 340.000.000,00",Colatina,Colatina,ES,,,
bproducaomg.jpg,BANCO MINEIRO DA PRODUÇÃO S. A.,1934,,"Cr$ 500.000.000,00","Cr$ 340.000.000,00",Vitória,Vitória,ES,,,
bproducaomg.jpg,BANCO MINEIRO DA PRODUÇÃO S. A.,1934,,"Cr$ 500.000.000,00","Cr$ 340.000.000,00",Candelária (Urb. Rio de Janeiro),Rio de Janeiro,GB,Urb. Rio de Janeiro,Candelária,Urban/metropolitan branch location
bproducaomg.jpg,BANCO MINEIRO DA PRODUÇÃO S. A.,1934,,"Cr$ 500.000.000,00","Cr$ 340.000.000,00",Caiete (Urb. Rio de Janeiro),Rio de Janeiro,GB,Urb. Rio de Janeiro,Caiete,Urban/metropolitan branch location
bproducaomg.jpg,BANCO MINEIRO DA PRODUÇÃO S. A.,1934,,"Cr$ 500.000.000,00","Cr$ 340.000.000,00",Cinelândia (Urb. Rio de Janeiro),Rio de Janeiro,GB,Urb. Rio de Janeiro,Cinelândia,Urban/metropolitan branch location
bproducaomg.jpg,BANCO MINEIRO DA PRODUÇÃO S. A.,1934,,"Cr$ 500.000.000,00","Cr$ 340.000.000,00",Copacabana (Urb. Rio de Janeiro),Rio de Janeiro,GB,Urb. Rio de Janeiro,Copacabana,Urban/metropolitan branch location
bproducaomg.jpg,BANCO MINEIRO DA PRODUÇÃO S. A.,1934,,"Cr$ 500.000.000,00","Cr$ 340.000.000,00",Méter (Urb. Rio de Janeiro),Rio de Janeiro,GB,Urb. Rio de Janeiro,Méter,Urban/metropolitan branch location
bproducaomg.jpg,BANCO MINEIRO DA PRODUÇÃO S. A.,1934,,"Cr$ 500.000.000,00","Cr$ 340.000.000,00",Olaria (Urb. Rio de Janeiro),Rio de Janeiro,GB,Urb. Rio de Janeiro,Olaria,Urban/metropolitan branch location
bproducaomg.jpg,BANCO MINEIRO DA PRODUÇÃO S. A.,1934,,"Cr$ 500.000.000,00","Cr$ 340.000.000,00",P. da Bandeira (Urb. Rio de Janeiro),Rio de Janeiro,GB,Urb. Rio de Janeiro,P. da Bandeira,Urban/metropolitan branch location
bproducaomg.jpg,BANCO MINEIRO DA PRODUÇÃO S. A.,1934,,"Cr$ 500.000.000,00","Cr$ 340.000.000,00",P. Independência (Urb. Rio de Janeiro),Rio de Janeiro,GB,Urb. Rio de Janeiro,P. Independência,Urban/metropolitan branch location
bproducaomg.jpg,BANCO MINEIRO DA PRODUÇÃO S. A.,1934,,"Cr$ 500.000.000,00","Cr$ 340.000.000,00",Saenz Peña (Urb. Rio de Janeiro),Rio de Janeiro,GB,Urb. Rio de Janeiro,Saenz Peña,Urban/metropolitan branch location
bproducaomg.jpg,BANCO MINEIRO DA PRODUÇÃO S. A.,1934,,"Cr$ 500.000.000,00","Cr$ 340.000.000,00",Saúde (Urb. Rio de Janeiro),Rio de Janeiro,GB,Urb. Rio de Janeiro,Saúde,Urban/metropolitan branch location
bproducaomg.jpg,BANCO MINEIRO DA PRODUÇÃO S. A.,1934,,"Cr$ 500.000.000,00","Cr$ 340.000.000,00",Apucarana,Apucarana,PR,,,
bproducaomg.jpg,BANCO MINEIRO DA PRODUÇÃO S. A.,1934,,"Cr$ 500.000.000,00","Cr$ 340.000.000,00",Curitiba,Curitiba,PR,,,
bproducaomg.jpg,BANCO MINEIRO DA PRODUÇÃO S. A.,1934,,"Cr$ 500.000.000,00","Cr$ 340.000.000,00",Londrina,Londrina,PR,,,
bproducaomg.jpg,BANCO MINEIRO DA PRODUÇÃO S. A.,1934,,"Cr$ 500.000.000,00","Cr$ 340.000.000,00",Maringá,Maringá,PR,,,
bproducaomg.jpg,BANCO MINEIRO DA PRODUÇÃO S. A.,1934,,"Cr$ 500.000.000,00","Cr$ 340.000.000,00",Guararapes (Urb. Recife),Recife,PE,Urb. Recife,Guararapes,
bproducaomg.jpg,BANCO MINEIRO DA PRODUÇÃO S. A.,1934,,"Cr$ 500.000.000,00","Cr$ 340.000.000,00",Marq. de Olinda (Urb. Recife),Recife,PE,Urb. Recife,Marq. de Olinda,
bproducaomg.jpg,BANCO MINEIRO DA PRODUÇÃO S. A.,1934,,"Cr$ 500.000.000,00","Cr$ 340.000.000,00",Porto Alegre,Porto Alegre,RS,,,
bproducaomg.jpg,BANCO MINEIRO DA PRODUÇÃO S. A.,1934,,"Cr$ 500.000.000,00","Cr$ 340.000.000,00",Brás (Urb. S. Paulo),São Paulo,SP,Urb. S. Paulo,Brás,
bproducaomg.jpg,BANCO MINEIRO DA PRODUÇÃO S. A.,1934,,"Cr$ 500.000.000,00","Cr$ 340.000.000,00",Franca,Franca,SP,,,
bproducaomg.jpg,BANCO MINEIRO DA PRODUÇÃO S. A.,1934,,"Cr$ 500.000.000,00","Cr$ 340.000.000,00",Paula Souza (Urb. S. Paulo),São Paulo,SP,Urb. S. Paulo,Paula Souza,
bproducaomg.jpg,BANCO MINEIRO DA PRODUÇÃO S. A.,1934,,"Cr$ 500.000.000,00","Cr$ 340.000.000,00",P. da República (Urb. S. Paulo),São Paulo,SP,Urb. S. Paulo,P. da República,
bproducaomg.jpg,BANCO MINEIRO DA PRODUÇÃO S. A.,1934,,"Cr$ 500.000.000,00","Cr$ 340.000.000,00",Ribeirão Preto,Ribeirão Preto,SP,,,
bproducaomg.jpg,BANCO MINEIRO DA PRODUÇÃO S. A.,1934,,"Cr$ 500.000.000,00","Cr$ 340.000.000,00",R. Augusta (Urb. S. Paulo),São Paulo,SP,Urb. S. Paulo,R. Augusta,
bproducaomg.jpg,BANCO MINEIRO DA PRODUÇÃO S. A.,1934,,"Cr$ 500.000.000,00","Cr$ 340.000.000,00",Santos,Santos,SP,,,
bproducaomg.jpg,BANCO MINEIRO DA PRODUÇÃO S. A.,1934,,"Cr$ 500.000.000,00","Cr$ 340.000.000,00","(Lei n.º 187, de 10/9/1937)",,MG,"Lei n.º 187, de 10/9/1937",,
bsc.jpg,BANCO INDÚSTRIA E COMERCIO DE SANTA CATARINA S. A.,1925,,,"Cr$ 520.000.000,00",134-C loja,Rio de Janeiro,GB,,134-C loja,Urban/metropolitan branch location
bsc.jpg,BANCO INDÚSTRIA E COMERCIO DE SANTA CATARINA S. A.,1925,,,"Cr$ 520.000.000,00",66,Rio de Janeiro,GB,,66,Urban/metropolitan branch location
bsc.jpg,BANCO INDÚSTRIA E COMERCIO DE SANTA CATARINA S. A.,1925,,,"Cr$ 520.000.000,00",341,Rio de Janeiro,GB,,341,Urban/metropolitan branch location
bsc.jpg,BANCO INDÚSTRIA E COMERCIO DE SANTA CATARINA S. A.,1925,,,"Cr$ 520.000.000,00",45,Rio de Janeiro,GB,,45,Urban/metropolitan branch location
bsc.jpg,BANCO INDÚSTRIA E COMERCIO DE SANTA CATARINA S. A.,1925,,,"Cr$ 520.000.000,00",Bairro de Brás,Rio de Janeiro,GB,,Bairro de Brás,Urban/metropolitan branch location
bsc.jpg,BANCO INDÚSTRIA E COMERCIO DE SANTA CATARINA S. A.,1925,,,"Cr$ 520.000.000,00",Bairro da Lapa,Rio de Janeiro,GB,,Bairro da Lapa,Urban/metropolitan branch location
bsc.jpg,BANCO INDÚSTRIA E COMERCIO DE SANTA CATARINA S. A.,1925,,,"Cr$ 520.000.000,00",Bairro do Luz,Rio de Janeiro,GB,,Bairro do Luz,Urban/metropolitan branch location
bsc.jpg,BANCO INDÚSTRIA E COMERCIO DE SANTA CATARINA S. A.,1925,,,"Cr$ 520.000.000,00",Florianópolis (SC): Praça 15 de Novembro,Rio de Janeiro,GB,,Florianópolis (SC): Praça 15 de Novembro,Urban/metropolitan branch location
bsc.jpg,BANCO INDÚSTRIA E COMERCIO DE SANTA CATARINA S. A.,1925,,,"Cr$ 520.000.000,00",50,Rio de Janeiro,GB,,50,Urban/metropolitan branch location
bsc.jpg,BANCO INDÚSTRIA E COMERCIO DE SANTA CATARINA S. A.,1925,,,"Cr$ 520.000.000,00",Araranquá,Araranquá,SC,,,
bsc.jpg,BANCO INDÚSTRIA E COMERCIO DE SANTA CATARINA S. A.,1925,,,"Cr$ 520.000.000,00",Blumenau,Blumenau,SC,,,
bsc.jpg,BANCO INDÚSTRIA E COMERCIO DE SANTA CATARINA S. A.,1925,,,"Cr$ 520.000.000,00",Bom Retiro,Bom Retiro,SC,,,
bsc.jpg,BANCO INDÚSTRIA E COMERCIO DE SANTA CATARINA S. A.,1925,,,"Cr$ 520.000.000,00",Braça do Norte,Braça do Norte,SC,,,
bsc.jpg,BANCO INDÚSTRIA E COMERCIO DE SANTA CATARINA S. A.,1925,,,"Cr$ 520.000.000,00",Brusque,Brusque,SC,,,
bsc.jpg,BANCO INDÚSTRIA E COMERCIO DE SANTA CATARINA S. A.,1925,,,"Cr$ 520.000.000,00",Caçador,Caçador,SC,,,
bsc.jpg,BANCO INDÚSTRIA E COMERCIO DE SANTA CATARINA S. A.,1925,,,"Cr$ 520.000.000,00",Camboriú,Camboriú,SC,,,
bsc.jpg,BANCO INDÚSTRIA E COMERCIO DE SANTA CATARINA S. A.,1925,,,"Cr$ 520.000.000,00",Campos Novos,Campos Novos,SC,,,
bsc.jpg,BANCO INDÚSTRIA E COMERCIO DE SANTA CATARINA S. A.,1925,,,"Cr$ 520.000.000,00",Capinzal,Capinzal,SC,,,
bsc.jpg,BANCO INDÚSTRIA E COMERCIO DE SANTA CATARINA S. A.,1925,,,"Cr$ 520.000.000,00",Canoinhas,Canoinhas,SC,,,
bsc.jpg,BANCO INDÚSTRIA E COMERCIO DE SANTA CATARINA S. A.,1925,,,"Cr$ 520.000.000,00",Chapecó,Chapecó,SC,,,
bsc.jpg,BANCO INDÚSTRIA E COMERCIO DE SANTA CATARINA S. A.,1925,,,"Cr$ 520.000.000,00",Concórdia,Concórdia,SC,,,
bsc.jpg,BANCO INDÚSTRIA E COMERCIO DE SANTA CATARINA S. A.,1925,,,"Cr$ 520.000.000,00",Criciúma,Criciúma,SC,,,
bsc.jpg,BANCO INDÚSTRIA E COMERCIO DE SANTA CATARINA S. A.,1925,,,"Cr$ 520.000.000,00",Curitibanos,Curitibanos,SC,,,
bsc.jpg,BANCO INDÚSTRIA E COMERCIO DE SANTA CATARINA S. A.,1925,,,"Cr$ 520.000.000,00",Estreito,Estreito,SC,,,
bsc.jpg,BANCO INDÚSTRIA E COMERCIO DE SANTA CATARINA S. A.,1925,,,"Cr$ 520.000.000,00",Gaspar,Gaspar,SC,,,
bsc.jpg,BANCO INDÚSTRIA E COMERCIO DE SANTA CATARINA S. A.,1925,,,"Cr$ 520.000.000,00",Guaramirim,Guaramirim,SC,,,
bsc.jpg,BANCO INDÚSTRIA E COMERCIO DE SANTA CATARINA S. A.,1925,,,"Cr$ 520.000.000,00",Ibirama,Ibirama,SC,,,
bsc.jpg,BANCO INDÚSTRIA E COMERCIO DE SANTA CATARINA S. A.,1925,,,"Cr$ 520.000.000,00",Imbituba,Imbituba,SC,,,
bsc.jpg,BANCO INDÚSTRIA E COMERCIO DE SANTA CATARINA S. A.,1925,,,"Cr$ 520.000.000,00",Indaial,Indaial,SC,,,
bsc.jpg,BANCO INDÚSTRIA E COMERCIO DE SANTA CATARINA S. A.,1925,,,"Cr$ 520.000.000,00",Itaiópolis,Itaiópolis,SC,,,
bsc.jpg,BANCO INDÚSTRIA E COMERCIO DE SANTA CATARINA S. A.,1925,,,"Cr$ 520.000.000,00",Ituporanga,Ituporanga,SC,,,
bsc.jpg,BANCO INDÚSTRIA E COMERCIO DE SANTA CATARINA S. A.,1925,,,"Cr$ 520.000.000,00",Jaraquá de Sul,Jaraguá do Sul,SC,,,
bsc.jpg,BANCO INDÚSTRIA E COMERCIO DE SANTA CATARINA S. A.,1925,,,"Cr$ 520.000.000,00",Joaçaba,Joaçaba,SC,,,
bsc.jpg,BANCO INDÚSTRIA E COMERCIO DE SANTA CATARINA S. A.,1925,,,"Cr$ 520.000.000,00",Joinville,Joinville,SC,,,
bsc.jpg,BANCO INDÚSTRIA E COMERCIO DE SANTA CATARINA S. A.,1925,,,"Cr$ 520.000.000,00",Laguna,Laguna,SC,,,
bsc.jpg,BANCO INDÚSTRIA E COMERCIO DE SANTA CATARINA S. A.,1925,,,"Cr$ 520.000.000,00",Lajes,Lajes,SC,,,
bsc.jpg,BANCO INDÚSTRIA E COMERCIO DE SANTA CATARINA S. A.,1925,,,"Cr$ 520.000.000,00",Lauro Müller,Lauro Müller,SC,,,
bsc.jpg,BANCO INDÚSTRIA E COMERCIO DE SANTA CATARINA S. A.,1925,,,"Cr$ 520.000.000,00",Luiz Alves,Luiz Alves,SC,,,
bsc.jpg,BANCO INDÚSTRIA E COMERCIO DE SANTA CATARINA S. A.,1925,,,"Cr$ 520.000.000,00",Mafra,Mafra,SC,,,
bsc.jpg,BANCO INDÚSTRIA E COMERCIO DE SANTA CATARINA S. A.,1925,,,"Cr$ 520.000.000,00",Orleães,Orleães,SC,,,
bsc.jpg,BANCO INDÚSTRIA E COMERCIO DE SANTA CATARINA S. A.,1925,,,"Cr$ 520.000.000,00",Piratuba,Piratuba,SC,,,
bsc.jpg,BANCO INDÚSTRIA E COMERCIO DE SANTA CATARINA S. A.,1925,,,"Cr$ 520.000.000,00",Porto União,Porto União,SC,,,
bsc.jpg,BANCO INDÚSTRIA E COMERCIO DE SANTA CATARINA S. A.,1925,,,"Cr$ 520.000.000,00",Rio do Sul,Rio do Sul,SC,,,
bsc.jpg,BANCO INDÚSTRIA E COMERCIO DE SANTA CATARINA S. A.,1925,,,"Cr$ 520.000.000,00",Rio Negrinho,Rio Negrinho,SC,,,
bsc.jpg,BANCO INDÚSTRIA E COMERCIO DE SANTA CATARINA S. A.,1925,,,"Cr$ 520.000.000,00",Rodeio,Rodeio,SC,,,
bsc.jpg,BANCO INDÚSTRIA E COMERCIO DE SANTA CATARINA S. A.,1925,,,"Cr$ 520.000.000,00",Santo Amaro da Imperatriz,Santo Amaro da Imperatriz,SC,,,
bsc.jpg,BANCO INDÚSTRIA E COMERCIO DE SANTA CATARINA S. A.,1925,,,"Cr$ 520.000.000,00",São Bento do Sul,São Bento do Sul,SC,,,
bsc.jpg,BANCO INDÚSTRIA E COMERCIO DE SANTA CATARINA S. A.,1925,,,"Cr$ 520.000.000,00",São Carlos,São Carlos,SC,,,
bsc.jpg,BANCO INDÚSTRIA E COMERCIO DE SANTA CATARINA S. A.,1925,,,"Cr$ 520.000.000,00",São Francisco do Sul,São Francisco do Sul,SC,,,
bsc.jpg,BANCO INDÚSTRIA E COMERCIO DE SANTA CATARINA S. A.,1925,,,"Cr$ 520.000.000,00",São Miguel d'Oeste,São Miguel d'Oeste,SC,,,
bsc.jpg,BANCO INDÚSTRIA E COMERCIO DE SANTA CATARINA S. A.,1925,,,"Cr$ 520.000.000,00",São Joaquim,São Joaquim,SC,,,
bsc.jpg,BANCO INDÚSTRIA E COMERCIO DE SANTA CATARINA S. A.,1925,,,"Cr$ 520.000.000,00",Taió,Taió,SC,,,
bsc.jpg,BANCO INDÚSTRIA E COMERCIO DE SANTA CATARINA S. A.,1925,,,"Cr$ 520.000.000,00",Tangará,Tangará,SC,,,
bsc.jpg,BANCO INDÚSTRIA E COMERCIO DE SANTA CATARINA S. A.,1925,,,"Cr$ 520.000.000,00",Tijucas,Tijucas,SC,,,
bsc.jpg,BANCO INDÚSTRIA E COMERCIO DE SANTA CATARINA S. A.,1925,,,"Cr$ 520.000.000,00",Timbó,Timbó,SC,,,
bsc.jpg,BANCO INDÚSTRIA E COMERCIO DE SANTA CATARINA S. A.,1925,,,"Cr$ 520.000.000,00",Tubarão,Tubarão,SC,,,
bsc.jpg,BANCO INDÚSTRIA E COMERCIO DE SANTA CATARINA S. A.,1925,,,"Cr$ 520.000.000,00",Urussanga,Urussanga,SC,,,
bsc.jpg,BANCO INDÚSTRIA E COMERCIO DE SANTA CATARINA S. A.,1925,,,"Cr$ 520.000.000,00",Videira,Videira,SC,,,
bsc.jpg,BANCO INDÚSTRIA E COMERCIO DE SANTA CATARINA S. A.,1925,,,"Cr$ 520.000.000,00",Xanxerê,Xanxerê,SC,,,
bsc.jpg,BANCO INDÚSTRIA E COMERCIO DE SANTA CATARINA S. A.,1925,,,"Cr$ 520.000.000,00",Cambará,Cambará,PR,,,
bsc.jpg,BANCO INDÚSTRIA E COMERCIO DE SANTA CATARINA S. A.,1925,,,"Cr$ 520.000.000,00",Clevejândia,Clevejândia,PR,,,
bsc.jpg,BANCO INDÚSTRIA E COMERCIO DE SANTA CATARINA S. A.,1925,,,"Cr$ 520.000.000,00",Lapa,Lapa,PR,,,
bsc.jpg,BANCO INDÚSTRIA E COMERCIO DE SANTA CATARINA S. A.,1925,,,"Cr$ 520.000.000,00",Maringá,Maringá,PR,,,
bsc.jpg,BANCO INDÚSTRIA E COMERCIO DE SANTA CATARINA S. A.,1925,,,"Cr$ 520.000.000,00",Palmas,Palmas,PR,,,
bsc.jpg,BANCO INDÚSTRIA E COMERCIO DE SANTA CATARINA S. A.,1925,,,"Cr$ 520.000.000,00",Palmeira,Palmeira,PR,,,
bsc.jpg,BANCO INDÚSTRIA E COMERCIO DE SANTA CATARINA S. A.,1925,,,"Cr$ 520.000.000,00",Ponte Grossa,Ponte Grossa,PR,,,
bsc.jpg,BANCO INDÚSTRIA E COMERCIO DE SANTA CATARINA S. A.,1925,,,"Cr$ 520.000.000,00",Mateus do Sul,Mateus do Sul,PR,,,
bsc.jpg,BANCO INDÚSTRIA E COMERCIO DE SANTA CATARINA S. A.,1925,,,"Cr$ 520.000.000,00",Botucatu,Botucatu,SP,,,
bsc.jpg,BANCO INDÚSTRIA E COMERCIO DE SANTA CATARINA S. A.,1925,,,"Cr$ 520.000.000,00",Campinas,Campinas,SP,,,
bsc.jpg,BANCO INDÚSTRIA E COMERCIO DE SANTA CATARINA S. A.,1925,,,"Cr$ 520.000.000,00",Cruzeiro,Cruzeiro,SP,,,
bsc.jpg,BANCO INDÚSTRIA E COMERCIO DE SANTA CATARINA S. A.,1925,,,"Cr$ 520.000.000,00",Jabotica,Jaboticabal,SP,,,
bsc.jpg,BANCO INDÚSTRIA E COMERCIO DE SANTA CATARINA S. A.,1925,,,"Cr$ 520.000.000,00",Gal,Gal,SP,,,
bsc.jpg,BANCO INDÚSTRIA E COMERCIO DE SANTA CATARINA S. A.,1925,,,"Cr$ 520.000.000,00",Jacareí,Jacareí,SP,,,
bsc.jpg,BANCO INDÚSTRIA E COMERCIO DE SANTA CATARINA S. A.,1925,,,"Cr$ 520.000.000,00",Jau,Jaú,SP,,,
bsc.jpg,BANCO INDÚSTRIA E COMERCIO DE SANTA CATARINA S. A.,1925,,,"Cr$ 520.000.000,00",Lençóis Paulista,Lençóis Paulista,SP,,,
bsc.jpg,BANCO INDÚSTRIA E COMERCIO DE SANTA CATARINA S. A.,1925,,,"Cr$ 520.000.000,00",Lorena,Lorena,SP,,,
bsc.jpg,BANCO INDÚSTRIA E COMERCIO DE SANTA CATARINA S. A.,1925,,,"Cr$ 520.000.000,00",Moqi das Cruzes,Mogi das Cruzes,SP,,,
bsc.jpg,BANCO INDÚSTRIA E COMERCIO DE SANTA CATARINA S. A.,1925,,,"Cr$ 520.000.000,00",Moqi Mirim,Mogi Mirim,SP,,,
bsc.jpg,BANCO INDÚSTRIA E COMERCIO DE SANTA CATARINA S. A.,1925,,,"Cr$ 520.000.000,00",Paraguacu Paulista,Paraguacu Paulista,SP,,,
bsc.jpg,BANCO INDÚSTRIA E COMERCIO DE SANTA CATARINA S. A.,1925,,,"Cr$ 520.000.000,00",Pinhal,Pinhal,SP,,,
bsc.jpg,BANCO INDÚSTRIA E COMERCIO DE SANTA CATARINA S. A.,1925,,,"Cr$ 520.000.000,00",Piracicaba,Piracicaba,SP,,,
bsc.jpg,BANCO INDÚSTRIA E COMERCIO DE SANTA CATARINA S. A.,1925,,,"Cr$ 520.000.000,00",Santa Cruz do Rio Pardo,Santa Cruz do Rio Pardo,SP,,,
bsc.jpg,BANCO INDÚSTRIA E COMERCIO DE SANTA CATARINA S. A.,1925,,,"Cr$ 520.000.000,00",Santo André,Santo André,SP,,,
bsc.jpg,BANCO INDÚSTRIA E COMERCIO DE SANTA CATARINA S. A.,1925,,,"Cr$ 520.000.000,00",Santos,Santos,SP,,,
bsc.jpg,BANCO INDÚSTRIA E COMERCIO DE SANTA CATARINA S. A.,1925,,,"Cr$ 520.000.000,00",Sertãozinho,Sertãozinho,SP,,,
bsc.jpg,BANCO INDÚSTRIA E COMERCIO DE SANTA CATARINA S. A.,1925,,,"Cr$ 520.000.000,00",Taubaté,Taubaté,SP,,,
bsc.jpg,BANCO INDÚSTRIA E COMERCIO DE SANTA CATARINA S. A.,1925,,,"Cr$ 520.000.000,00",Estado do Rio: Barra Mansa,Estado do Rio: Barra Mansa,SP,,,
bsc.jpg,BANCO INDÚSTRIA E COMERCIO DE SANTA CATARINA S. A.,1925,,,"Cr$ 520.000.000,00",Biquacu,Biquacu,SC,,,
bsc.jpg,BANCO INDÚSTRIA E COMERCIO DE SANTA CATARINA S. A.,1925,,,"Cr$ 520.000.000,00",São José,São José,SC,,,
bsc.jpg,BANCO INDÚSTRIA E COMERCIO DE SANTA CATARINA S. A.,1925,,,"Cr$ 520.000.000,00",Urubici,Urubici,SC,,,
bsc.jpg,BANCO INDÚSTRIA E COMERCIO DE SANTA CATARINA S. A.,1925,,,"Cr$ 520.000.000,00",Alfredo Guedes,Alfredo Guedes,SP,,,
bsc.jpg,BANCO INDÚSTRIA E COMERCIO DE SANTA CATARINA S. A.,1925,,,"Cr$ 520.000.000,00",Barrinha Guararema,Barrinha Guararema,SP,,,
bsc.jpg,BANCO INDÚSTRIA E COMERCIO DE SANTA CATARINA S. A.,1925,,,"Cr$ 520.000.000,00",Guariba,Guariba,SP,,,
bsc.jpg,BANCO INDÚSTRIA E COMERCIO DE SANTA CATARINA S. A.,1925,,,"Cr$ 520.000.000,00",Lutécia,Lutécia,SP,,,
bsc.jpg,BANCO INDÚSTRIA E COMERCIO DE SANTA CATARINA S. A.,1925,,,"Cr$ 520.000.000,00",Monte Mór,Monte Mór,SP,,,
bsc.jpg,BANCO INDÚSTRIA E COMERCIO DE SANTA CATARINA S. A.,1925,,,"Cr$ 520.000.000,00",Poá,Poá,SP,,,
bsc.jpg,BANCO INDÚSTRIA E COMERCIO DE SANTA CATARINA S. A.,1925,,,"Cr$ 520.000.000,00",Queluz,Queluz,SP,,,
bsc.jpg,BANCO INDÚSTRIA E COMERCIO DE SANTA CATARINA S. A.,1925,,,"Cr$ 520.000.000,00",Rio das Pedras,Rio das Pedras,SP,,,
bsc.jpg,BANCO INDÚSTRIA E COMERCIO DE SANTA CATARINA S. A.,1925,,,"Cr$ 520.000.000,00",Salesópolis,Salesópolis,SP,,,
bsc.jpg,BANCO INDÚSTRIA E COMERCIO DE SANTA CATARINA S. A.,1925,,,"Cr$ 520.000.000,00",Sousas,Sousas,SP,,,
bsc.jpg,BANCO INDÚSTRIA E COMERCIO DE SANTA CATARINA S. A.,1925,,,"Cr$ 520.000.000,00",Tremembé,Tremembé,SP,,,
bsc.jpg,BANCO INDÚSTRIA E COMERCIO DE SANTA CATARINA S. A.,1925,,,"Cr$ 520.000.000,00",Vila dos Lavradores,Botucatu,SP,,,
bsp.jpg,BANCO DE SÃO PAULO S. A.,1889,,"Cr$ 400.000.000,00","Cr$ 80.000.000,00; Cr$ 330.000.000,00",São João,São Paulo,SP,,São João,Urban/metropolitan branch location
bsp.jpg,BANCO DE SÃO PAULO S. A.,1889,,"Cr$ 400.000.000,00","Cr$ 80.000.000,00; Cr$ 330.000.000,00",Ibitinga,São Paulo,SP,,Ibitinga,Urban/metropolitan branch location
bsp.jpg,BANCO DE SÃO PAULO S. A.,1889,,"Cr$ 400.000.000,00","Cr$ 80.000.000,00; Cr$ 330.000.000,00",São Carlos,São Paulo,SP,,São Carlos,Urban/metropolitan branch location
bsp.jpg,BANCO DE SÃO PAULO S. A.,1889,,"Cr$ 400.000.000,00","Cr$ 80.000.000,00; Cr$ 330.000.000,00",Aurora,São Paulo,SP,,Aurora,Urban/metropolitan branch location
bsp.jpg,BANCO DE SÃO PAULO S. A.,1889,,"Cr$ 400.000.000,00","Cr$ 80.000.000,00; Cr$ 330.000.000,00",Sete De Abril,São Paulo,SP,,Sete De Abril,Urban/metropolitan branch location
bsp.jpg,BANCO DE SÃO PAULO S. A.,1889,,"Cr$ 400.000.000,00","Cr$ 80.000.000,00; Cr$ 330.000.000,00",Itapeva,São Paulo,SP,,Itapeva,Urban/metropolitan branch location
bsp.jpg,BANCO DE SÃO PAULO S. A.,1889,,"Cr$ 400.000.000,00","Cr$ 80.000.000,00; Cr$ 330.000.000,00",São João Da Boa Vista,São Paulo,SP,,São João Da Boa Vista,Urban/metropolitan branch location
bsp.jpg,BANCO DE SÃO PAULO S. A.,1889,,"Cr$ 400.000.000,00","Cr$ 80.000.000,00; Cr$ 330.000.000,00",Barra Funda,São Paulo,SP,,Barra Funda,Urban/metropolitan branch location
bsp.jpg,BANCO DE SÃO PAULO S. A.,1889,,"Cr$ 400.000.000,00","Cr$ 80.000.000,00; Cr$ 330.000.000,00",Tatuapé,São Paulo,SP,,Tatuapé,Urban/metropolitan branch location
bsp.jpg,BANCO DE SÃO PAULO S. A.,1889,,"Cr$ 400.000.000,00","Cr$ 80.000.000,00; Cr$ 330.000.000,00",Itapuí,São Paulo,SP,,Itapuí,Urban/metropolitan branch location
bsp.jpg,BANCO DE SÃO PAULO S. A.,1889,,"Cr$ 400.000.000,00","Cr$ 80.000.000,00; Cr$ 330.000.000,00",São Joaquim Da Barra,São Paulo,SP,,São Joaquim Da Barra,Urban/metropolitan branch location
bsp.jpg,BANCO DE SÃO PAULO S. A.,1889,,"Cr$ 400.000.000,00","Cr$ 80.000.000,00; Cr$ 330.000.000,00",Belenzinho,São Paulo,SP,,Belenzinho,Urban/metropolitan branch location
bsp.jpg,BANCO DE SÃO PAULO S. A.,1889,,"Cr$ 400.000.000,00","Cr$ 80.000.000,00; Cr$ 330.000.000,00",Vila Mariana,São Paulo,SP,,Vila Mariana,Urban/metropolitan branch location
bsp.jpg,BANCO DE SÃO PAULO S. A.,1889,,"Cr$ 400.000.000,00","Cr$ 80.000.000,00; Cr$ 330.000.000,00",Itararé,São Paulo,SP,,Itararé,Urban/metropolitan branch location
bsp.jpg,BANCO DE SÃO PAULO S. A.,1889,,"Cr$ 400.000.000,00","Cr$ 80.000.000,00; Cr$ 330.000.000,00",São José Dos Campos,São Paulo,SP,,São José Dos Campos,Urban/metropolitan branch location
bsp.jpg,BANCO DE SÃO PAULO S. A.,1889,,"Cr$ 400.000.000,00","Cr$ 80.000.000,00; Cr$ 330.000.000,00",Brás,São Paulo,SP,,Brás,Urban/metropolitan branch location
bsp.jpg,BANCO DE SÃO PAULO S. A.,1889,,"Cr$ 400.000.000,00","Cr$ 80.000.000,00; Cr$ 330.000.000,00",Jundiaí,São Paulo,SP,,Jundiaí,Urban/metropolitan branch location
bsp.jpg,BANCO DE SÃO PAULO S. A.,1889,,"Cr$ 400.000.000,00","Cr$ 80.000.000,00; Cr$ 330.000.000,00",São José Do Rio Prêto,São Paulo,SP,,São José Do Rio Prêto,Urban/metropolitan branch location
bsp.jpg,BANCO DE SÃO PAULO S. A.,1889,,"Cr$ 400.000.000,00","Cr$ 80.000.000,00; Cr$ 330.000.000,00",Cambuci,São Paulo,SP,,Cambuci,Urban/metropolitan branch location
bsp.jpg,BANCO DE SÃO PAULO S. A.,1889,,"Cr$ 400.000.000,00","Cr$ 80.000.000,00; Cr$ 330.000.000,00",Lins,Lins,SP,,,
bsp.jpg,BANCO DE SÃO PAULO S. A.,1889,,"Cr$ 400.000.000,00","Cr$ 80.000.000,00; Cr$ 330.000.000,00",Sorocaba,Sorocaba,SP,,,
bsp.jpg,BANCO DE SÃO PAULO S. A.,1889,,"Cr$ 400.000.000,00","Cr$ 80.000.000,00; Cr$ 330.000.000,00",Consolação,Consolação,SP,,,
bsp.jpg,BANCO DE SÃO PAULO S. A.,1889,,"Cr$ 400.000.000,00","Cr$ 80.000.000,00; Cr$ 330.000.000,00",Amparo,Amparo,SP,,,
bsp.jpg,BANCO DE SÃO PAULO S. A.,1889,,"Cr$ 400.000.000,00","Cr$ 80.000.000,00; Cr$ 330.000.000,00",Marília,Marília,SP,,,
bsp.jpg,BANCO DE SÃO PAULO S. A.,1889,,"Cr$ 400.000.000,00","Cr$ 80.000.000,00; Cr$ 330.000.000,00",Taubaté,Taubaté,SP,,,
bsp.jpg,BANCO DE SÃO PAULO S. A.,1889,,"Cr$ 400.000.000,00","Cr$ 80.000.000,00; Cr$ 330.000.000,00",Ipiranga,Ipiranga,SP,,,
bsp.jpg,BANCO DE SÃO PAULO S. A.,1889,,"Cr$ 400.000.000,00","Cr$ 80.000.000,00; Cr$ 330.000.000,00",Aracatuba,Aracatuba,SP,,,
bsp.jpg,BANCO DE SÃO PAULO S. A.,1889,,"Cr$ 400.000.000,00","Cr$ 80.000.000,00; Cr$ 330.000.000,00",Mirassol,Mirassol,SP,,,
bsp.jpg,BANCO DE SÃO PAULO S. A.,1889,,"Cr$ 400.000.000,00","Cr$ 80.000.000,00; Cr$ 330.000.000,00",Valparaiso,Valparaiso,SP,,,
bsp.jpg,BANCO DE SÃO PAULO S. A.,1889,,"Cr$ 400.000.000,00","Cr$ 80.000.000,00; Cr$ 330.000.000,00",Jardim América,Jardim América,SP,,,
bsp.jpg,BANCO DE SÃO PAULO S. A.,1889,,"Cr$ 400.000.000,00","Cr$ 80.000.000,00; Cr$ 330.000.000,00",Araraquara,Araraquara,SP,,,
bsp.jpg,BANCO DE SÃO PAULO S. A.,1889,,"Cr$ 400.000.000,00","Cr$ 80.000.000,00; Cr$ 330.000.000,00",Mogí Das Cruzes,Mogí Das Cruzes,SP,,,
bsp.jpg,BANCO DE SÃO PAULO S. A.,1889,,"Cr$ 400.000.000,00","Cr$ 80.000.000,00; Cr$ 330.000.000,00",Vargem Grande Do Sul,Vargem Grande Do Sul,SP,,,
bsp.jpg,BANCO DE SÃO PAULO S. A.,1889,,"Cr$ 400.000.000,00","Cr$ 80.000.000,00; Cr$ 330.000.000,00",Lapa,Lapa,SP,,,
bsp.jpg,BANCO DE SÃO PAULO S. A.,1889,,"Cr$ 400.000.000,00","Cr$ 80.000.000,00; Cr$ 330.000.000,00",Bariri,Bariri,SP,,,
bsp.jpg,BANCO DE SÃO PAULO S. A.,1889,,"Cr$ 400.000.000,00","Cr$ 80.000.000,00; Cr$ 330.000.000,00",Nova Granada,Nova Granada,SP,,,
bsp.jpg,BANCO DE SÃO PAULO S. A.,1889,,"Cr$ 400.000.000,00","Cr$ 80.000.000,00; Cr$ 330.000.000,00",VILA TIBÉRIO (Ribeirão Preto),Ribeirão Preto,SP,Ribeirão Preto,VILA TIBÉRIO,
bsp.jpg,BANCO DE SÃO PAULO S. A.,1889,,"Cr$ 400.000.000,00","Cr$ 80.000.000,00; Cr$ 330.000.000,00",Liberdade,Liberdade,SP,,,
bsp.jpg,BANCO DE SÃO PAULO S. A.,1889,,"Cr$ 400.000.000,00","Cr$ 80.000.000,00; Cr$ 330.000.000,00",Batatais,Batatais,SP,,,
bsp.jpg,BANCO DE SÃO PAULO S. A.,1889,,"Cr$ 400.000.000,00","Cr$ 80.000.000,00; Cr$ 330.000.000,00",Osvaldo Cruz,Osvaldo Cruz,SP,,,
bsp.jpg,BANCO DE SÃO PAULO S. A.,1889,,"Cr$ 400.000.000,00","Cr$ 80.000.000,00; Cr$ 330.000.000,00",Mercado,Mercado,SP,,,
bsp.jpg,BANCO DE SÃO PAULO S. A.,1889,,"Cr$ 400.000.000,00","Cr$ 80.000.000,00; Cr$ 330.000.000,00",Bocaina,Bocaina,SP,,,
bsp.jpg,BANCO DE SÃO PAULO S. A.,1889,,"Cr$ 400.000.000,00","Cr$ 80.000.000,00; Cr$ 330.000.000,00",Ourinhos,Ourinhos,SP,,,
bsp.jpg,BANCO DE SÃO PAULO S. A.,1889,,"Cr$ 400.000.000,00","Cr$ 80.000.000,00; Cr$ 330.000.000,00",Moóca,Moóca,PR,,,
bsp.jpg,BANCO DE SÃO PAULO S. A.,1889,,"Cr$ 400.000.000,00","Cr$ 80.000.000,00; Cr$ 330.000.000,00",Campinas,Campinas,PR,,,
bsp.jpg,BANCO DE SÃO PAULO S. A.,1889,,"Cr$ 400.000.000,00","Cr$ 80.000.000,00; Cr$ 330.000.000,00",Pederneiras,Pederneiras,PR,,,
bsp.jpg,BANCO DE SÃO PAULO S. A.,1889,,"Cr$ 400.000.000,00","Cr$ 80.000.000,00; Cr$ 330.000.000,00",Osasco,Osasco,PR,,,
bsp.jpg,BANCO DE SÃO PAULO S. A.,1889,,"Cr$ 400.000.000,00","Cr$ 80.000.000,00; Cr$ 330.000.000,00",Catanduva,Catanduva,PR,,,
bsp.jpg,BANCO DE SÃO PAULO S. A.,1889,,"Cr$ 400.000.000,00","Cr$ 80.000.000,00; Cr$ 330.000.000,00",Pindorama,Pindorama,PR,,,
bsp.jpg,BANCO DE SÃO PAULO S. A.,1889,,"Cr$ 400.000.000,00","Cr$ 80.000.000,00; Cr$ 330.000.000,00",Apucarana,Apucarana,PR,,,
bsp.jpg,BANCO DE SÃO PAULO S. A.,1889,,"Cr$ 400.000.000,00","Cr$ 80.000.000,00; Cr$ 330.000.000,00",Paraíso,Paraíso,PR,,,
bsp.jpg,BANCO DE SÃO PAULO S. A.,1889,,"Cr$ 400.000.000,00","Cr$ 80.000.000,00; Cr$ 330.000.000,00",Cedral,Cedral,PR,,,
bsp.jpg,BANCO DE SÃO PAULO S. A.,1889,,"Cr$ 400.000.000,00","Cr$ 80.000.000,00; Cr$ 330.000.000,00",Pirassununga,Pirassununga,PR,,,
bsp.jpg,BANCO DE SÃO PAULO S. A.,1889,,"Cr$ 400.000.000,00","Cr$ 80.000.000,00; Cr$ 330.000.000,00",Arapongas,Arapongas,PR,,,
bsp.jpg,BANCO DE SÃO PAULO S. A.,1889,,"Cr$ 400.000.000,00","Cr$ 80.000.000,00; Cr$ 330.000.000,00",Pari,Pari,PR,,,
bsp.jpg,BANCO DE SÃO PAULO S. A.,1889,,"Cr$ 400.000.000,00","Cr$ 80.000.000,00; Cr$ 330.000.000,00",Colina,Colina,PR,,,
bsp.jpg,BANCO DE SÃO PAULO S. A.,1889,,"Cr$ 400.000.000,00","Cr$ 80.000.000,00; Cr$ 330.000.000,00",Pompeia,Pompeia,PR,,,
bsp.jpg,BANCO DE SÃO PAULO S. A.,1889,,"Cr$ 400.000.000,00","Cr$ 80.000.000,00; Cr$ 330.000.000,00",Jacarézinho,Jacarézinho,PR,,,
bsp.jpg,BANCO DE SÃO PAULO S. A.,1889,,"Cr$ 400.000.000,00","Cr$ 80.000.000,00; Cr$ 330.000.000,00",Penha,Penha,PR,,,
bsp.jpg,BANCO DE SÃO PAULO S. A.,1889,,"Cr$ 400.000.000,00","Cr$ 80.000.000,00; Cr$ 330.000.000,00",Dois Corregos,Dois Corregos,PR,,,
bsp.jpg,BANCO DE SÃO PAULO S. A.,1889,,"Cr$ 400.000.000,00","Cr$ 80.000.000,00; Cr$ 330.000.000,00",Ribeirão Preto,Ribeirão Preto,PR,,,
bsp.jpg,BANCO DE SÃO PAULO S. A.,1889,,"Cr$ 400.000.000,00","Cr$ 80.000.000,00; Cr$ 330.000.000,00",Londrina,Londrina,PR,,,
bsp.jpg,BANCO DE SÃO PAULO S. A.,1889,,"Cr$ 400.000.000,00","Cr$ 80.000.000,00; Cr$ 330.000.000,00",Pinheiros,Pinheiros,PR,,,
bsp.jpg,BANCO DE SÃO PAULO S. A.,1889,,"Cr$ 400.000.000,00","Cr$ 80.000.000,00; Cr$ 330.000.000,00",Franca,Franca,PR,,,
bsp.jpg,BANCO DE SÃO PAULO S. A.,1889,,"Cr$ 400.000.000,00","Cr$ 80.000.000,00; Cr$ 330.000.000,00",Santo André,Santo André,PR,,,
bsp.jpg,BANCO DE SÃO PAULO S. A.,1889,,"Cr$ 400.000.000,00","Cr$ 80.000.000,00; Cr$ 330.000.000,00",Maringá,Maringá,PR,,,
bsp.jpg,BANCO DE SÃO PAULO S. A.,1889,,"Cr$ 400.000.000,00","Cr$ 80.000.000,00; Cr$ 330.000.000,00",Santana,Santana,PR,,,
bsp.jpg,BANCO DE SÃO PAULO S. A.,1889,,"Cr$ 400.000.000,00","Cr$ 80.000.000,00; Cr$ 330.000.000,00",Garca,Garca,PR,,,
bsp.jpg,BANCO DE SÃO PAULO S. A.,1889,,"Cr$ 400.000.000,00","Cr$ 80.000.000,00; Cr$ 330.000.000,00",Santos,Santos,PR,,,
bsp.jpg,BANCO DE SÃO PAULO S. A.,1889,,"Cr$ 400.000.000,00","Cr$ 80.000.000,00; Cr$ 330.000.000,00",Paranaguiá,Paranaguiá,PR,,,
bsp.jpg,BANCO DE SÃO PAULO S. A.,1889,,"Cr$ 400.000.000,00","Cr$ 80.000.000,00; Cr$ 330.000.000,00",Santo Amaro,Santo Amaro,PR,,,
bsp.jpg,BANCO DE SÃO PAULO S. A.,1889,,"Cr$ 400.000.000,00","Cr$ 80.000.000,00; Cr$ 330.000.000,00",Getulina,Getulina,PR,,,
bsp.jpg,BANCO DE SÃO PAULO S. A.,1889,,"Cr$ 400.000.000,00","Cr$ 80.000.000,00; Cr$ 330.000.000,00",São Caetano Do Sul,São Caetano Do Sul,PR,,,
bsp.jpg,BANCO DE SÃO PAULO S. A.,1889,,"Cr$ 400.000.000,00","Cr$ 80.000.000,00; Cr$ 330.000.000,00",Paranavai,Paranavai,PR,,,
